retr_frac,sl_atr_buffer,tp_r,tp1_frac,breakeven_after_tp1,entry_expiry,min_score,n,wr,pf,exp,total_r
0.35,0.5,2.0,0.5,True,6,0,245,48.57142857142857,0.77367065296174,-0.1206185957654327,-29.551555962531012
0.35,0.5,2.0,0.5,True,6,55,242,49.17355371900827,0.7934829759322105,-0.10864218316742379,-26.291408326516557
0.35,0.5,2.0,0.5,True,6,60,234,49.572649572649574,0.8076724796665142,-0.10013289282366182,-23.431096920736866
0.35,0.5,2.0,0.5,True,6,65,200,49.0,0.7994104071901761,-0.10467638918991491,-20.935277837982984
0.35,0.5,2.0,0.5,True,6,70,141,53.191489361702125,0.9903193530610389,-0.004574059134412444,-0.6449423379521546
0.35,0.5,2.0,0.5,True,6,75,77,42.857142857142854,0.6486630923036737,-0.20088550897003918,-15.468184190693018
0.35,0.5,2.0,0.5,True,10,0,262,48.091603053435115,0.7505828007795341,-0.13461503404077804,-35.26913891868384
0.35,0.5,2.0,0.5,True,10,55,258,48.44961240310077,0.7654804478992587,-0.12557345292084368,-32.39795085357767
0.35,0.5,2.0,0.5,True,10,60,250,48.8,0.7773542373086372,-0.11815055779119192,-29.53763944779798
0.35,0.5,2.0,0.5,True,10,65,216,48.148148148148145,0.7624395879333544,-0.12670559025324674,-27.368407494701295
0.35,0.5,2.0,0.5,True,10,70,155,51.61290322580645,0.9154040341883618,-0.04169071072494072,-6.462060162365811
0.35,0.5,2.0,0.5,True,10,75,88,42.04545454545455,0.6005692723455698,-0.23435978895730375,-20.62366142824273
0.35,0.5,2.0,0.5,False,6,0,241,41.078838174273855,0.8263199367533194,-0.09345027820366845,-22.521517047084096
0.35,0.5,2.0,0.5,False,6,55,238,41.596638655462186,0.8476305625119115,-0.08093012357592284,-19.261369411069637
0.35,0.5,2.0,0.5,False,6,60,230,42.173913043478265,0.8684623015360552,-0.06913503480560848,-15.90105800528995
0.35,0.5,2.0,0.5,False,6,65,197,41.11675126903553,0.8618174150230679,-0.07248993233042303,-14.280516669093338
0.35,0.5,2.0,0.5,False,6,70,139,46.043165467625904,1.1004442455673222,0.047142744676890544,6.552841510087785
0.35,0.5,2.0,0.5,False,6,75,75,37.333333333333336,0.7303456458968611,-0.15195639027945926,-11.396729270959444
0.35,0.5,2.0,0.5,False,10,0,258,39.922480620155035,0.796091866509701,-0.11129939654328938,-28.71524430816866
0.35,0.5,2.0,0.5,False,10,55,254,40.55118110236221,0.8159719722857471,-0.09954424723227641,-25.284238796998206
0.35,0.5,2.0,0.5,False,10,60,246,41.05691056910569,0.8337422007094791,-0.0891216560618639,-21.92392739121852
0.35,0.5,2.0,0.5,False,10,65,213,39.906103286384976,0.8188864672114655,-0.09721153609629926,-20.706057188511743
0.35,0.5,2.0,0.5,False,10,70,153,43.790849673202615,0.996483248408023,-0.0017272961720645327,-0.2642763143258735
0.35,0.5,2.0,0.5,False,10,75,86,34.883720930232556,0.6490537860184902,-0.20409542451754828,-17.55220650850915
0.35,0.5,2.0,0.0,False,6,0,241,38.17427385892116,0.8478771540759427,-0.09499595086397752,-22.894024158218585
0.35,0.5,2.0,0.0,False,6,55,238,38.655462184873954,0.866651024991098,-0.08249527950505932,-19.63387652220412
0.35,0.5,2.0,0.0,False,6,60,230,39.130434782608695,0.889735753040484,-0.06745154344072743,-15.513854991367309
0.35,0.5,2.0,0.0,False,6,65,197,38.07106598984771,0.878398898694266,-0.07534242006354004,-14.84245675251739
0.35,0.5,2.0,0.0,False,6,70,139,43.16546762589928,1.1173013432348653,0.06538451328177859,9.088447346167225
0.35,0.5,2.0,0.0,False,6,75,75,36.0,0.7954310321827995,-0.12992737636669538,-9.744553227502154
0.35,0.5,2.0,0.0,False,10,0,258,37.2093023255814,0.8058995980471929,-0.12397026297863767,-31.98432784848852
0.35,0.5,2.0,0.0,False,10,55,254,37.79527559055118,0.8286690594574275,-0.10809676364496458,-27.456577965821005
0.35,0.5,2.0,0.0,False,10,60,246,38.21138211382114,0.8481828544752392,-0.09486405054871622,-23.33655643498419
0.35,0.5,2.0,0.0,False,10,65,213,37.08920187793427,0.8325290844484098,-0.10620361467095664,-22.621369924913765
0.35,0.5,2.0,0.0,False,10,70,153,41.17647058823529,1.004673802311845,0.0027317442403633706,0.4179568687755957
0.35,0.5,2.0,0.0,False,10,75,86,33.72093023255814,0.6821128313353676,-0.21224887346546314,-18.25340311802983
0.35,0.5,2.5,0.0,False,6,0,270,33.7037037037037,0.7391398204682605,-0.17563357442021574,-47.421065093458246
0.35,0.5,2.5,0.0,False,6,55,267,34.08239700374532,0.7527713369787592,-0.16527782920102208,-44.12918039667289
0.35,0.5,2.5,0.0,False,6,60,261,34.099616858237546,0.7551965011532525,-0.1633083943469848,-42.62349092456303
0.35,0.5,2.5,0.0,False,6,65,242,35.12396694214876,0.8084328746414073,-0.12461212955742972,-30.15613535289799
0.35,0.5,2.5,0.0,False,6,70,190,37.89473684210527,0.9469451118377091,-0.032234200492345745,-6.124498093545691
0.35,0.5,2.5,0.0,False,6,75,111,36.93693693693694,0.8941502103892958,-0.06602288399877562,-7.3285401238640935
0.35,0.5,2.5,0.0,False,10,0,289,32.8719723183391,0.708908872987295,-0.1997131519025618,-57.71710089984036
0.35,0.5,2.5,0.0,False,10,55,286,33.21678321678322,0.7208771135984955,-0.19029795875194055,-54.425216203055
0.35,0.5,2.5,0.0,False,10,60,279,33.33333333333333,0.7271953164697267,-0.1851323458218354,-51.65192448429208
0.35,0.5,2.5,0.0,False,10,65,260,34.23076923076923,0.7732831370856633,-0.1505414640054098,-39.14078064140655
0.35,0.5,2.5,0.0,False,10,70,206,36.89320388349515,0.8990271070571278,-0.06299994511131099,-12.977988692930063
0.35,0.5,2.5,0.0,False,10,75,121,36.36363636363637,0.8545080734793059,-0.09242408677265396,-11.183314499491129
0.35,0.5,2.5,0.5,True,6,0,274,48.175182481751825,0.7227258590700065,-0.14965057665556789,-41.0042580036256
0.35,0.5,2.5,0.5,True,6,55,271,48.33948339483395,0.7307605795867199,-0.1447833284730507,-39.23628201619674
0.35,0.5,2.5,0.5,True,6,60,265,47.924528301886795,0.728310367881805,-0.14712634955441709,-38.988482631920526
0.35,0.5,2.5,0.5,True,6,65,246,49.59349593495935,0.7911799029921939,-0.1085894866207331,-26.713013708700345
0.35,0.5,2.5,0.5,True,6,70,193,53.8860103626943,0.9820884195306631,-0.008291051297122879,-1.6001729003447158
0.35,0.5,2.5,0.5,True,6,75,113,50.442477876106196,0.8768579080005017,-0.061744816083501415,-6.97716421743566
0.35,0.5,2.5,0.5,True,10,0,293,47.781569965870304,0.704954834812646,-0.16091772861430545,-47.1488944839915
0.35,0.5,2.5,0.5,True,10,55,290,47.93103448275862,0.7121393608153912,-0.15648592585021595,-45.38091849656263
0.35,0.5,2.5,0.5,True,10,60,283,47.349823321554766,0.7071077178807817,-0.16085540170740176,-45.5220786831947
0.35,0.5,2.5,0.5,True,10,65,264,48.86363636363637,0.7599212187988015,-0.12717120033951404,-33.57319688963171
0.35,0.5,2.5,0.5,True,10,70,209,53.110047846889955,0.9361493065174455,-0.03028326024953064,-6.329201392151903
0.35,0.5,2.5,0.5,True,10,75,123,50.40650406504065,0.8675146518047252,-0.06689891008198957,-8.228565940084717
0.35,0.5,2.5,0.5,False,6,0,270,37.407407407407405,0.746786309863813,-0.1387316296527048,-37.457540006230296
0.35,0.5,2.5,0.5,False,6,55,267,37.82771535580524,0.7584139802557146,-0.1317961199206046,-35.189564018801434
0.35,0.5,2.5,0.5,False,6,60,261,37.93103448275862,0.7542839286481364,-0.13491995255533698,-35.214107616942954
0.35,0.5,2.5,0.5,False,6,65,242,39.25619834710744,0.8198799184022758,-0.09499864639900699,-22.98967242855969
0.35,0.5,2.5,0.5,False,6,70,190,42.63157894736842,1.004112281869549,0.0019218666896068876,0.36515467102530863
0.35,0.5,2.5,0.5,False,6,75,111,40.54054054054054,0.9045478222661856,-0.047566874014272974,-5.2799230155843
0.35,0.5,2.5,0.5,False,10,0,289,36.332179930795846,0.7233933467024137,-0.15338519305026965,-44.32832079152793
0.35,0.5,2.5,0.5,False,10,55,286,36.71328671328671,0.7337778175834199,-0.14706414267167506,-42.06034480409907
0.35,0.5,2.5,0.5,False,10,60,279,36.91756272401434,0.7304050150929371,-0.1502295000970774,-41.91403052708459
0.35,0.5,2.5,0.5,False,10,65,260,38.07692307692307,0.7847376221273306,-0.11573948643150445,-30.092266472191156
0.35,0.5,2.5,0.5,False,10,70,206,41.262135922330096,0.9533886030394367,-0.022360605259621285,-4.606284683481984
0.35,0.5,2.5,0.5,False,10,75,121,39.66942148760331,0.8763499573531077,-0.06224235320854018,-7.531324738233361
0.35,0.5,3.0,0.0,False,6,0,270,32.96296296296296,0.7424377378256836,-0.17549183878979488,-47.38279647324462
0.35,0.5,3.0,0.0,False,6,55,268,33.2089552238806,0.7515185418858278,-0.16850701648804162,-45.159880418795154
0.35,0.5,3.0,0.0,False,6,60,265,33.20754716981132,0.7444623648855935,-0.17315589047675267,-45.88631097633946
0.35,0.5,3.0,0.0,False,6,65,248,33.46774193548387,0.7763426709352869,-0.14991047448539555,-37.1777976723781
0.35,0.5,3.0,0.0,False,6,70,204,35.78431372549019,0.8838355470346575,-0.0739398298818037,-15.083725295887955
0.35,0.5,3.0,0.0,False,6,75,124,36.29032258064516,0.8971706472914751,-0.06383440612453492,-7.91546635944233
0.35,0.5,3.0,0.0,False,10,0,289,32.17993079584775,0.717252693452985,-0.19612052691912366,-56.67883227962674
0.35,0.5,3.0,0.0,False,10,55,287,32.40418118466899,0.7252956499099038,-0.18974186838040863,-54.455916225177276
0.35,0.5,3.0,0.0,False,10,60,283,32.50883392226148,0.7232178905401954,-0.19051146479176154,-53.91474453606852
0.35,0.5,3.0,0.0,False,10,65,266,32.70676691729324,0.7511027807995045,-0.1697836201537092,-45.16244296088665
0.35,0.5,3.0,0.0,False,10,70,219,34.70319634703196,0.8327928501719841,-0.10913545329945983,-23.9006642725817
0.35,0.5,3.0,0.0,False,10,75,136,35.294117647058826,0.8447702190214482,-0.09908754851699894,-13.475906598311855
0.35,0.5,3.0,0.5,True,6,0,274,48.175182481751825,0.7239134604612826,-0.14900960367321436,-40.82863140646074
0.35,0.5,3.0,0.5,True,6,55,272,48.161764705882355,0.7266356649019938,-0.14753538257855794,-40.129624061367764
0.35,0.5,3.0,0.5,True,6,60,269,48.3271375464684,0.7349409837381787,-0.14250450422488603,-38.33371163649434
0.35,0.5,3.0,0.5,True,6,65,252,48.41269841269841,0.7537620236788752,-0.1314764001027216,-33.13205282588584
0.35,0.5,3.0,0.5,True,6,70,207,51.690821256038646,0.8922898550016894,-0.05285043346169442,-10.940039726570745
0.35,0.5,3.0,0.5,True,6,75,126,52.38095238095239,0.9550869727765294,-0.02147796704706254,-2.7062238479298797
0.35,0.5,3.0,0.5,True,10,0,293,47.781569965870304,0.7076182921649976,-0.15946507811203628,-46.723267886826626
0.35,0.5,3.0,0.5,True,10,55,291,47.766323024054984,0.7100247406286397,-0.15815897093379264,-46.02426054173365
0.35,0.5,3.0,0.5,True,10,60,287,47.73519163763066,0.7149821407252448,-0.15546100239640595,-44.61730768776851
0.35,0.5,3.0,0.5,True,10,65,270,47.77777777777778,0.7286697410408165,-0.14719346669191555,-39.7422360068172
0.35,0.5,3.0,0.5,True,10,70,222,50.9009009009009,0.8574410652221806,-0.0715086822449883,-15.874927458387402
0.35,0.5,3.0,0.5,True,10,75,138,51.449275362318836,0.9129248721143578,-0.04284993792624231,-5.913291433821438
0.35,0.5,3.0,0.5,False,6,0,270,36.666666666666664,0.7471680534007169,-0.1386607618374944,-37.43840569612349
0.35,0.5,3.0,0.5,False,6,55,268,36.940298507462686,0.7532674326376421,-0.13522163563817355,-36.23939835103051
0.35,0.5,3.0,0.5,False,6,60,265,36.9811320754717,0.751448125316637,-0.1357201090889616,-35.96582890857482
0.35,0.5,3.0,0.5,False,6,65,248,37.5,0.7781810322099757,-0.12022259610001305,-29.81520383280324
0.35,0.5,3.0,0.5,False,6,70,204,40.19607843137255,0.9123638641718576,-0.04346396435703948,-8.866648728836054
0.35,0.5,3.0,0.5,False,6,75,124,41.12903225806452,0.9472751786433947,-0.02516665052091441,-3.120664664593387
0.35,0.5,3.0,0.5,False,10,0,289,35.6401384083045,0.7268843892330984,-0.1515888805585506,-43.80918648142112
0.35,0.5,3.0,0.5,False,10,55,287,35.88850174216028,0.7323586692215069,-0.14846752312309458,-42.61017913632814
0.35,0.5,3.0,0.5,False,10,60,283,36.042402826855124,0.7311880733743409,-0.14899558946542918,-42.16575181871646
0.35,0.5,3.0,0.5,False,10,65,266,36.46616541353384,0.7515339264971111,-0.13690901457306281,-36.41779787643471
0.35,0.5,3.0,0.5,False,10,70,219,38.81278538812785,0.8623996425741032,-0.06987002950069734,-15.301536460652718
0.35,0.5,3.0,0.5,False,10,75,136,39.705882352941174,0.8906095937067385,-0.05388038419474225,-7.327732250484946
0.35,0.8,2.0,0.0,False,6,0,252,36.11111111111111,0.7395306116353751,-0.16143230228039587,-40.68094017465976
0.35,0.8,2.0,0.0,False,6,55,248,36.693548387096776,0.7607618013551016,-0.14646052665746745,-36.32221061105193
0.35,0.8,2.0,0.0,False,6,60,237,37.9746835443038,0.8167546553132142,-0.10893179384504421,-25.81683514127548
0.35,0.8,2.0,0.0,False,6,65,201,37.81094527363184,0.8407682391986829,-0.09354639302424371,-18.802824997872985
0.35,0.8,2.0,0.0,False,6,70,142,40.140845070422536,0.9935731922080654,-0.003494649835412484,-0.49624027662857273
0.35,0.8,2.0,0.0,False,6,75,74,33.78378378378378,0.7608629629067726,-0.14522118545033896,-10.746367723325083
0.35,0.8,2.0,0.0,False,10,0,270,35.18518518518518,0.7066946614294854,-0.1853441112639473,-50.04291004126577
0.35,0.8,2.0,0.0,False,10,55,265,35.84905660377358,0.7300938435031088,-0.1682064440303202,-44.574707668034854
0.35,0.8,2.0,0.0,False,10,60,254,37.00787401574803,0.7790735075630806,-0.13413122912700157,-34.0693321982584
0.35,0.8,2.0,0.0,False,10,65,218,36.69724770642202,0.7944232115728622,-0.1239204510870162,-27.014658336969532
0.35,0.8,2.0,0.0,False,10,70,157,38.21656050955414,0.8925638736782331,-0.06122880403496264,-9.612922233489135
0.35,0.8,2.0,0.0,False,10,75,85,31.76470588235294,0.6467263110223442,-0.22710192313750147,-19.303663466687624
0.35,0.8,2.0,0.5,True,6,0,254,48.818897637795274,0.7732006687904469,-0.1166179340214721,-29.620955241453913
0.35,0.8,2.0,0.5,True,6,55,250,49.2,0.7897170667038838,-0.10713442538955206,-26.783606347388016
0.35,0.8,2.0,0.5,True,6,60,239,49.7907949790795,0.8237406626788385,-0.08825823326575993,-21.093717750516625
0.35,0.8,2.0,0.5,True,6,65,203,50.24630541871922,0.8547055615133969,-0.0709698897349914,-14.406887616203253
0.35,0.8,2.0,0.5,True,6,70,143,54.54545454545454,1.0741384727533443,0.03197414797165059,4.572303159946034
0.35,0.8,2.0,0.5,True,6,75,75,42.66666666666667,0.6902679341337717,-0.16651046064286348,-12.48828454821476
0.35,0.8,2.0,0.5,True,10,0,272,47.794117647058826,0.7396124870076032,-0.1367228450954029,-37.188613865949584
0.35,0.8,2.0,0.5,True,10,55,267,47.940074906367045,0.7510192568065903,-0.130165080490255,-34.754076490898086
0.35,0.8,2.0,0.5,True,10,60,256,48.4375,0.7796337037513122,-0.1135319839610418,-29.064187894026702
0.35,0.8,2.0,0.5,True,10,65,220,48.63636363636364,0.796013951292756,-0.10326563693878774,-22.718440126533302
0.35,0.8,2.0,0.5,True,10,70,158,51.89873417721519,0.9569190817109826,-0.019856930383205074,-3.1373950005464017
0.35,0.8,2.0,0.5,True,10,75,86,40.69767441860465,0.6087403036202941,-0.22254181971173462,-19.13859649520918
0.35,0.8,2.0,0.5,False,6,0,252,40.476190476190474,0.7724493708096323,-0.11817320083060885,-29.77964660931343
0.35,0.8,2.0,0.5,False,6,55,248,41.12903225806452,0.7926632103544304,-0.1066221682066433,-26.442297715247538
0.35,0.8,2.0,0.5,False,6,60,237,42.616033755274266,0.8390831747306182,-0.08123379374842256,-19.252409118376146
0.35,0.8,2.0,0.5,False,6,65,201,42.78606965174129,0.8694215539025103,-0.06428316718155369,-12.920916603492293
0.35,0.8,2.0,0.5,False,6,70,142,45.774647887323944,1.0821155491245256,0.035480619659381804,5.0382479916322165
0.35,0.8,2.0,0.5,False,6,75,74,36.486486486486484,0.7205638868508395,-0.14918470752390006,-11.039668356768605
0.35,0.8,2.0,0.5,False,10,0,270,39.25925925925926,0.7399079485737612,-0.13800434933535194,-37.261174320545024
0.35,0.8,2.0,0.5,False,10,55,265,40.0,0.7580278284594055,-0.1276854905069932,-33.8366549843532
0.35,0.8,2.0,0.5,False,10,60,254,41.338582677165356,0.7980477668231963,-0.10490852908457406,-26.64676638748181
0.35,0.8,2.0,0.5,False,10,65,218,41.284403669724774,0.8137098037706739,-0.09507232177165463,-20.72576614622071
0.35,0.8,2.0,0.5,False,10,70,157,43.31210191082803,0.9563140790697846,-0.02020031954688039,-3.171450168860221
0.35,0.8,2.0,0.5,False,10,75,85,34.11764705882353,0.622540240808375,-0.21399976827956502,-18.189980303763026
0.35,0.8,2.5,0.5,False,6,0,267,39.325842696629216,0.748669759278811,-0.13489426981758262,-36.01677004129456
0.35,0.8,2.5,0.5,False,6,55,264,39.77272727272727,0.7605723324773329,-0.12793229531304232,-33.77412596264317
0.35,0.8,2.5,0.5,False,6,60,259,39.768339768339764,0.755821173555964,-0.13087489835202043,-33.896598673173294
0.35,0.8,2.5,0.5,False,6,65,241,41.078838174273855,0.8109181845546966,-0.09844396438669159,-23.724995417192673
0.35,0.8,2.5,0.5,False,6,70,187,45.45454545454545,1.0204317792867836,0.009277080429766774,1.7348140403663868
0.35,0.8,2.5,0.5,False,6,75,109,43.11926605504588,0.9695071235756706,-0.014039290816276013,-1.5302826989740854
0.35,0.8,2.5,0.5,False,10,0,285,38.24561403508772,0.7238310542313896,-0.1508712201843023,-42.998297752526156
0.35,0.8,2.5,0.5,False,10,55,282,38.652482269503544,0.7344095087812811,-0.14452359458820838,-40.75565367387476
0.35,0.8,2.5,0.5,False,10,60,276,38.768115942028984,0.730080449948853,-0.14779331863144546,-40.79095594227895
0.35,0.8,2.5,0.5,False,10,65,258,39.922480620155035,0.7747848201950227,-0.12027071689891898,-31.029844959921096
0.35,0.8,2.5,0.5,False,10,70,201,43.78109452736319,0.9456263589401548,-0.025724523463858846,-5.170629216235628
0.35,0.8,2.5,0.5,False,10,75,119,42.016806722689076,0.9155841251826539,-0.04023899990237296,-4.788440988382382
0.35,0.8,3.0,0.0,False,6,0,267,34.831460674157306,0.7595751812447065,-0.1537709067106507,-41.056832091743736
0.35,0.8,3.0,0.0,False,6,55,265,35.094339622641506,0.7694909510824861,-0.14662752129756068,-38.85629314385358
0.35,0.8,3.0,0.0,False,6,60,262,35.11450381679389,0.7619568588088597,-0.1511929482098764,-39.61255243098761
0.35,0.8,3.0,0.0,False,6,65,243,35.80246913580247,0.8116633541833475,-0.11708933793800738,-28.452709118935793
0.35,0.8,3.0,0.0,False,6,70,198,38.38383838383838,0.9369369868568349,-0.03667057781607427,-7.260774407582704
0.35,0.8,3.0,0.0,False,6,75,121,38.01652892561984,1.009389803413998,0.00530762465536218,0.6422225832988238
0.35,0.8,3.0,0.0,False,10,0,285,34.03508771929825,0.7385619020710654,-0.16989053318719208,-48.41880195834974
0.35,0.8,3.0,0.0,False,10,55,283,34.275618374558306,0.747442903053934,-0.16331541699809038,-46.21826301045958
0.35,0.8,3.0,0.0,False,10,60,279,34.40860215053764,0.7448164708447483,-0.16439085837982273,-45.86504948797054
0.35,0.8,3.0,0.0,False,10,65,260,35.0,0.7891427123395959,-0.1333251633001244,-34.664542458032344
0.35,0.8,3.0,0.0,False,10,70,212,37.264150943396224,0.8866320101151444,-0.06756227104034362,-14.323201460552848
0.35,0.8,3.0,0.0,False,10,75,133,36.84210526315789,0.9444870290064826,-0.03234120825995806,-4.301380698574421
0.35,0.8,2.5,0.0,False,6,0,267,35.2059925093633,0.7391369674270521,-0.16572051358042095,-44.24737712597239
0.35,0.8,2.5,0.0,False,6,55,264,35.60606060606061,0.7536394405160916,-0.15523997112795102,-40.98335237777907
0.35,0.8,2.5,0.0,False,6,60,259,35.521235521235525,0.7512262599820925,-0.15666021381848705,-40.57499537898815
0.35,0.8,2.5,0.0,False,6,65,241,36.51452282157676,0.8040933324845227,-0.12008131667614327,-28.93959731895053
0.35,0.8,2.5,0.0,False,6,70,187,40.106951871657756,0.977571417899821,-0.012476882292088305,-2.333176988620513
0.35,0.8,2.5,0.0,False,6,75,109,38.53211009174312,0.9266439938992617,-0.04173066574439199,-4.548642566138727
0.35,0.8,2.5,0.0,False,10,0,285,34.385964912280706,0.7141621486936182,-0.18459419997395923,-52.60934699257838
0.35,0.8,2.5,0.0,False,10,55,282,34.751773049645394,0.7270558632476387,-0.17498341221413144,-49.345322244385066
0.35,0.8,2.5,0.0,False,10,60,276,34.78260869565217,0.7289066543365367,-0.17328801607235897,-47.827492435971074
0.35,0.8,2.5,0.0,False,10,65,258,35.65891472868217,0.7755208088464443,-0.14012182425599642,-36.151430658047076
0.35,0.8,2.5,0.0,False,10,70,201,38.80597014925373,0.914126210166816,-0.04923186090343613,-9.895604041590662
0.35,0.8,2.5,0.0,False,10,75,119,37.81512605042017,0.8783376375650449,-0.07112424077239621,-8.463784651915148
0.35,0.8,2.5,0.5,True,6,0,269,47.58364312267658,0.7215156743872255,-0.14807516862868994,-39.83222036111759
0.35,0.8,2.5,0.5,True,6,55,266,47.744360902255636,0.7296541238876637,-0.1431938957987451,-38.0895762824662
0.35,0.8,2.5,0.5,True,6,60,261,47.509578544061306,0.7300289068200385,-0.14345789438988124,-37.442510435759004
0.35,0.8,2.5,0.5,True,6,65,243,48.559670781893004,0.7785645631932444,-0.11436356073974825,-27.790345259758826
0.35,0.8,2.5,0.5,True,6,70,189,53.43915343915344,0.9909547739153682,-0.004075596686851524,-0.7702877738149381
0.35,0.8,2.5,0.5,True,6,75,110,51.81818181818182,0.959847961205061,-0.01849736202173174,-2.0347098223904916
0.35,0.8,2.5,0.5,True,10,0,287,46.68989547038328,0.6962935592259085,-0.16428529263279884,-47.14987898561327
0.35,0.8,2.5,0.5,True,10,55,284,46.83098591549296,0.7034301091433817,-0.15988462995409117,-45.40723490696189
0.35,0.8,2.5,0.5,True,10,60,278,46.402877697841724,0.7007227631064855,-0.16245676467362977,-45.162980579269075
0.35,0.8,2.5,0.5,True,10,65,260,47.30769230769231,0.7396696143272069,-0.13789191450034183,-35.851897770088875
0.35,0.8,2.5,0.5,True,10,70,203,51.724137931034484,0.9246709572968747,-0.035348428721265715,-7.175731030416941
0.35,0.8,2.5,0.5,True,10,75,120,50.83333333333333,0.9161011516998362,-0.03994056759832323,-4.7928681117987875
0.35,0.8,3.0,0.5,True,6,0,269,47.58364312267658,0.7256774826916961,-0.14586225964313482,-39.23694784400327
0.35,0.8,3.0,0.5,True,6,55,267,47.565543071161045,0.7283811596361219,-0.14441119687511253,-38.55778956565504
0.35,0.8,3.0,0.5,True,6,60,264,47.72727272727273,0.7368010212451888,-0.1393731450589082,-36.79451029555176
0.35,0.8,3.0,0.5,True,6,65,245,48.16326530612245,0.7697910574957073,-0.1199948145994221,-29.398729576858415
0.35,0.8,3.0,0.5,True,6,70,200,51.5,0.9105768258994902,-0.04252930540594512,-8.505861081189025
0.35,0.8,3.0,0.5,True,6,75,122,52.459016393442624,1.0191269089116395,0.008664311061316057,1.057045949480559
0.35,0.8,3.0,0.5,True,10,0,287,46.68989547038328,0.7017382117505795,-0.161340092224735,-46.304606468498946
0.35,0.8,3.0,0.5,True,10,55,285,46.666666666666664,0.704060475766634,-0.1600892918952657,-45.62544819015072
0.35,0.8,3.0,0.5,True,10,60,281,46.619217081850536,0.7088085713404324,-0.1575266207795795,-44.26498043906184
0.35,0.8,3.0,0.5,True,10,65,262,46.94656488549619,0.7340613933950528,-0.14202397743201703,-37.21028208718846
0.35,0.8,3.0,0.5,True,10,70,214,50.0,0.860657966597676,-0.068510767933603,-14.661304337791043
0.35,0.8,3.0,0.5,True,10,75,134,50.74626865671642,0.9528883457969829,-0.022235623403168335,-2.979573536024557
0.35,0.8,3.0,0.5,False,6,0,267,38.951310861423224,0.7600078460077957,-0.12891946638269752,-34.42149752418024
0.35,0.8,3.0,0.5,False,6,55,265,39.24528301886793,0.7663078768717922,-0.12544278960691327,-33.242339245832014
0.35,0.8,3.0,0.5,False,6,60,262,39.31297709923664,0.7644475658149598,-0.12594884936246584,-32.99859853296605
0.35,0.8,3.0,0.5,False,6,65,243,40.32921810699588,0.8076439688412962,-0.10116617174605866,-24.583379734292254
0.35,0.8,3.0,0.5,False,6,70,198,43.43434343434344,0.9493565757973291,-0.024296125878748822,-4.810632923992267
0.35,0.8,3.0,0.5,False,6,75,121,43.80165289256198,1.038267641954527,0.017349146791767644,2.099246761803885
0.35,0.8,3.0,0.5,False,10,0,285,37.89473684210527,0.7374959803028148,-0.14351938679091872,-40.90302523541183
0.35,0.8,3.0,0.5,False,10,55,283,38.16254416961131,0.7431195400465823,-0.14036702104969473,-39.723866957063606
0.35,0.8,3.0,0.5,False,10,60,279,38.35125448028674,0.7415061038521586,-0.14119338997158318,-39.392955802071704
0.35,0.8,3.0,0.5,False,10,65,260,39.23076923076923,0.7759669422964153,-0.12072395875777185,-31.38822927702068
0.35,0.8,3.0,0.5,False,10,70,212,41.9811320754717,0.8909830994296437,-0.05408526500280321,-11.46607618059428
0.35,0.8,3.0,0.5,False,10,75,133,42.10526315789473,0.9612653803918777,-0.018326110704520556,-2.437372723701234
0.35,1.1,2.0,0.5,True,6,0,258,47.286821705426355,0.7202868213601894,-0.1427898475274177,-36.839780662073764
0.35,1.1,2.0,0.5,True,6,55,253,47.43083003952569,0.7319697417786889,-0.13612485393008683,-34.43958804431197
0.35,1.1,2.0,0.5,True,6,60,240,47.91666666666667,0.7610246709281748,-0.11985671327241783,-28.76561118538028
0.35,1.1,2.0,0.5,True,6,65,204,48.529411764705884,0.8134670881924526,-0.09029812666467167,-18.42081783959302
0.35,1.1,2.0,0.5,True,6,70,141,51.06382978723404,0.9546139689003098,-0.019807445636195263,-2.792849834703532
0.35,1.1,2.0,0.5,True,6,75,71,38.028169014084504,0.5882752670986313,-0.22760528813430875,-16.15997545753592
0.35,1.1,2.0,0.5,True,10,0,276,46.73913043478261,0.7097720112490251,-0.14944441054065963,-41.24665730922206
0.35,1.1,2.0,0.5,True,10,55,270,46.666666666666664,0.7173583173547249,-0.14540761292446472,-39.26005548960547
0.35,1.1,2.0,0.5,True,10,60,257,47.081712062256805,0.7431927058612499,-0.13068513085865285,-33.58607863067378
0.35,1.1,2.0,0.5,True,10,65,220,47.72727272727273,0.791441796855429,-0.10249803719337469,-22.549568182542433
0.35,1.1,2.0,0.5,True,10,70,156,49.358974358974365,0.8959554355743684,-0.04728173148623437,-7.375950111852562
0.35,1.1,2.0,0.5,True,10,75,83,37.34939759036144,0.5589669984360108,-0.25063009480593,-20.802297868892193
0.35,1.1,2.0,0.5,False,6,0,256,40.625,0.7311274445569689,-0.1382224440564058,-35.384945678439884
0.35,1.1,2.0,0.5,False,6,55,251,41.03585657370518,0.7388728368708632,-0.1334745525444952,-33.50211268866829
0.35,1.1,2.0,0.5,False,6,60,238,42.016806722689076,0.774022081529468,-0.11397424882916347,-27.12587122134091
0.35,1.1,2.0,0.5,False,6,65,202,42.07920792079208,0.817189223671501,-0.0889881141989216,-17.975599068182163
0.35,1.1,2.0,0.5,False,6,70,140,43.57142857142857,0.9629594931851316,-0.01614648902574064,-2.2605084636036894
0.35,1.1,2.0,0.5,False,6,75,70,34.285714285714285,0.6240817305510921,-0.20581364385543513,-14.406955069880459
0.35,1.1,2.0,0.5,False,10,0,274,40.51094890510949,0.7259086513430796,-0.1420648114117288,-38.92575832681369
0.35,1.1,2.0,0.5,False,10,55,268,40.67164179104478,0.7291408236796819,-0.140190484876609,-37.57104994693122
0.35,1.1,2.0,0.5,False,10,60,255,41.568627450980394,0.7608681988664376,-0.12233258227295622,-31.194808479603836
0.35,1.1,2.0,0.5,False,10,65,218,41.74311926605505,0.8011390206211623,-0.09824142894620186,-21.416631510272005
0.35,1.1,2.0,0.5,False,10,70,155,42.58064516129032,0.8982465691772287,-0.046205760979657444,-7.161892951846903
0.35,1.1,2.0,0.5,False,10,75,82,34.146341463414636,0.5811735325768788,-0.23618977673574296,-19.367561692330924
0.35,1.1,2.0,0.0,False,6,0,256,36.328125,0.6968461651239695,-0.18135595918606923,-46.42712555163372
0.35,1.1,2.0,0.0,False,6,55,251,36.65338645418327,0.7041749549086339,-0.17539823282713074,-44.02495643960982
0.35,1.1,2.0,0.0,False,6,60,238,37.81512605042017,0.7497069828464343,-0.14536292097577463,-34.59637519223436
0.35,1.1,2.0,0.0,False,6,65,202,38.11881188118812,0.791180928622343,-0.11862328460545735,-23.961903490302383
0.35,1.1,2.0,0.0,False,6,70,140,39.285714285714285,0.8965847713962106,-0.05488038299540751,-7.6832536193570515
0.35,1.1,2.0,0.0,False,6,75,70,32.857142857142854,0.6795865772265571,-0.1897329642038756,-13.28130749427129
0.35,1.1,2.0,0.0,False,10,0,274,36.13138686131387,0.6924918918960167,-0.18438744929133882,-50.52216110582684
0.35,1.1,2.0,0.0,False,10,55,268,36.19402985074627,0.6984800268765775,-0.17997729365734372,-48.233914700168114
0.35,1.1,2.0,0.0,False,10,60,255,37.254901960784316,0.7402097564263311,-0.15217777824624576,-38.80533345279267
0.35,1.1,2.0,0.0,False,10,65,218,37.61467889908257,0.7830416739310808,-0.12425624714132087,-27.08786187680795
0.35,1.1,2.0,0.0,False,10,70,155,38.064516129032256,0.8486797712337344,-0.08238428420655483,-12.769564052016
0.35,1.1,2.0,0.0,False,10,75,82,31.70731707317073,0.6222490261000486,-0.23081512269679857,-18.926840061137483
0.35,1.1,2.5,0.0,False,6,0,264,35.22727272727273,0.6784365423757155,-0.19747847758518422,-52.13431808248863
0.35,1.1,2.5,0.0,False,6,55,261,35.63218390804598,0.6922757309878431,-0.18733044904839835,-48.89324720163197
0.35,1.1,2.5,0.0,False,6,60,256,35.546875,0.6820511163451768,-0.1951562568155265,-49.960001744774786
0.35,1.1,2.5,0.0,False,6,65,238,36.554621848739494,0.7319407057732722,-0.1596738919733648,-38.00238628966082
0.35,1.1,2.5,0.0,False,6,70,184,39.67391304347826,0.8808956974969249,-0.06459442021011275,-11.885373318660745
0.35,1.1,2.5,0.0,False,6,75,106,38.67924528301887,0.8661251960212221,-0.0735513378913917,-7.796441816487521
0.35,1.1,2.5,0.0,False,10,0,282,35.1063829787234,0.6841491017006243,-0.19407572211589275,-54.72935363668175
0.35,1.1,2.5,0.0,False,10,55,279,35.483870967741936,0.6971898154064838,-0.18454581632912215,-51.48828275582508
0.35,1.1,2.5,0.0,False,10,60,273,35.16483516483517,0.6870168135891006,-0.19292659342612853,-52.66896000533309
0.35,1.1,2.5,0.0,False,10,65,255,36.07843137254902,0.7340162847499928,-0.1595035274526647,-40.6733995004295
0.35,1.1,2.5,0.0,False,10,70,198,38.88888888888889,0.8628927496565664,-0.0753619768867738,-14.921671423581213
0.35,1.1,2.5,0.0,False,10,75,116,38.793103448275865,0.886256126976114,-0.062452274342719036,-7.244463823755408
0.35,1.1,2.5,0.5,True,6,0,266,46.2406015037594,0.6883930393433282,-0.1634811410293234,-43.48598351380002
0.35,1.1,2.5,0.5,True,6,55,263,46.38783269961977,0.696094025120646,-0.1587994249246984,-41.76424875519568
0.35,1.1,2.5,0.5,True,6,60,258,46.12403100775194,0.692086652141232,-0.16228239369828779,-41.86885757415825
0.35,1.1,2.5,0.5,True,6,65,240,47.083333333333336,0.73869321715433,-0.1336840913018614,-32.08418191244674
0.35,1.1,2.5,0.5,True,6,70,186,50.0,0.8891374516975661,-0.051200128068557504,-9.523223820751696
0.35,1.1,2.5,0.5,True,6,75,107,48.598130841121495,0.8464010325714757,-0.07255158942360737,-7.763020068325989
0.35,1.1,2.5,0.5,True,10,0,284,45.774647887323944,0.6839770601949522,-0.16687626817235324,-47.39286016094832
0.35,1.1,2.5,0.5,True,10,55,281,45.90747330960854,0.6910720503104847,-0.16253069538200704,-45.671125402343975
0.35,1.1,2.5,0.5,True,10,60,275,45.45454545454545,0.6844747255719057,-0.16796118188891546,-46.18932501945175
0.35,1.1,2.5,0.5,True,10,65,257,46.30350194552529,0.7240311455185084,-0.14302718708038623,-36.75798707965926
0.35,1.1,2.5,0.5,True,10,70,200,49.0,0.8667170519967934,-0.06278155885081123,-12.556311770162246
0.35,1.1,2.5,0.5,True,10,75,117,48.717948717948715,0.8695634984287359,-0.06160540102635866,-7.207831920083963
0.35,1.1,3.0,0.5,True,6,0,266,46.2406015037594,0.7020638661140519,-0.156308893161104,-41.578165580853664
0.35,1.1,3.0,0.5,True,6,55,264,46.21212121212121,0.7045483497960277,-0.1549819747275225,-40.91524132806594
0.35,1.1,3.0,0.5,True,6,60,260,46.15384615384615,0.7076219385390581,-0.15331834720882867,-39.86277027429546
0.35,1.1,3.0,0.5,True,6,65,243,46.50205761316872,0.7345033085703997,-0.13775390069530766,-33.47419786895976
0.35,1.1,3.0,0.5,True,6,70,196,48.46938775510204,0.8363860495615708,-0.07902314796773463,-15.488537001675986
0.35,1.1,3.0,0.5,True,6,75,113,49.557522123893804,0.9102610153420244,-0.041220232444718806,-4.657886266253225
0.35,1.1,3.0,0.5,True,10,0,284,45.774647887323944,0.7000327635034439,-0.15839803601409141,-44.98504222800196
0.35,1.1,3.0,0.5,True,10,55,282,45.744680851063826,0.7023289038725735,-0.15717063111778098,-44.32211797521424
0.35,1.1,3.0,0.5,True,10,60,277,45.48736462093863,0.7023336973119821,-0.15770121920429228,-43.68323771958896
0.35,1.1,3.0,0.5,True,10,65,260,45.76923076923077,0.7241782837633541,-0.14480001167758572,-37.648003036172284
0.35,1.1,3.0,0.5,True,10,70,210,47.61904761904761,0.8249850111118542,-0.08581726167184067,-18.02162495108654
0.35,1.1,3.0,0.5,True,10,75,126,48.41269841269841,0.8962655880469055,-0.04870351277490339,-6.136642609637827
0.35,1.1,3.0,0.5,False,6,0,264,39.39393939393939,0.7234784234617725,-0.14618213787018908,-38.59208439772992
0.35,1.1,3.0,0.5,False,6,55,262,39.69465648854962,0.7295575583141776,-0.14285938986619162,-37.4291601449422
0.35,1.1,3.0,0.5,False,6,60,258,39.53488372093023,0.7218904375204128,-0.14687615782620891,-37.8940487191619
0.35,1.1,3.0,0.5,False,6,65,241,40.24896265560166,0.7552539409598557,-0.12781415645406852,-30.803211705430513
0.35,1.1,3.0,0.5,False,6,70,194,42.2680412371134,0.8566617786208677,-0.06964985582873846,-13.512072030775261
0.35,1.1,3.0,0.5,False,6,75,112,42.857142857142854,0.9402334796999603,-0.027358948232798882,-3.0642022020734747
0.35,1.1,3.0,0.5,False,10,0,282,39.361702127659576,0.7283710792334119,-0.14445959605408348,-40.73760608725154
0.35,1.1,3.0,0.5,False,10,55,280,39.64285714285714,0.7340630847971558,-0.14133814940879935,-39.57468183446382
0.35,1.1,3.0,0.5,False,10,60,275,39.27272727272727,0.7234053344856997,-0.1475188909766278,-40.56769501857264
0.35,1.1,3.0,0.5,False,10,65,258,39.922480620155035,0.7512738975958172,-0.13137212408112903,-33.89400801293129
0.35,1.1,3.0,0.5,False,10,70,208,41.82692307692308,0.8404715224649503,-0.07867040476576921,-16.363444191279996
0.35,1.1,3.0,0.5,False,10,75,125,42.4,0.9169330284865975,-0.03888994205241815,-4.861242756552269
0.35,1.1,2.5,0.5,False,6,0,264,39.39393939393939,0.7028523713241764,-0.15708602622148,-41.470710922470715
0.35,1.1,2.5,0.5,False,6,55,261,39.84674329501915,0.7142222644445076,-0.15037921901864507,-39.24897616386636
0.35,1.1,2.5,0.5,False,6,60,256,39.453125,0.7020238654079551,-0.15817425178780647,-40.49260845767846
0.35,1.1,2.5,0.5,False,6,65,238,40.7563025210084,0.7541285781176763,-0.12661346361643666,-30.134004340711925
0.35,1.1,2.5,0.5,False,6,70,184,44.02173913043478,0.9046010869356099,-0.04427429459823432,-8.146470206075115
0.35,1.1,2.5,0.5,False,6,75,106,42.45283018867924,0.8765648372102087,-0.058061196400718884,-6.154486818476202
0.35,1.1,2.5,0.5,False,10,0,282,39.361702127659576,0.7048744137472576,-0.15695575734342032,-44.26152357084453
0.35,1.1,2.5,0.5,False,10,55,279,39.784946236559136,0.7154734464834144,-0.15068024663885368,-42.039788812240175
0.35,1.1,2.5,0.5,False,10,60,273,39.1941391941392,0.7005458437675256,-0.16048185243934573,-43.811545715941385
0.35,1.1,2.5,0.5,False,10,65,255,40.3921568627451,0.7452851367124159,-0.13282388865515637,-33.87009160706488
0.35,1.1,2.5,0.5,False,10,70,198,43.43434343434344,0.8772915579818125,-0.05806991094232248,-11.497842366579851
0.35,1.1,2.5,0.5,False,10,75,116,43.103448275862064,0.8915767847138674,-0.05101364552869283,-5.917582881328368
0.35,1.1,3.0,0.0,False,6,0,264,34.84848484848485,0.7142620113218722,-0.17567070088260248,-46.37706503300706
0.35,1.1,3.0,0.0,False,6,55,262,35.11450381679389,0.7239963775803917,-0.16868246052659164,-44.19480465796701
0.35,1.1,3.0,0.0,False,6,60,258,34.883720930232556,0.7127991013679531,-0.17586057201488178,-45.3720275798395
0.35,1.1,3.0,0.0,False,6,65,241,35.684647302904565,0.7518472072233754,-0.14955588020596938,-36.04296712963862
0.35,1.1,3.0,0.0,False,6,70,194,37.628865979381445,0.8572436327658363,-0.08084452206249,-15.683837280123061
0.35,1.1,3.0,0.0,False,6,75,112,37.5,0.9339122395114436,-0.036237321148506765,-4.058579968632758
0.35,1.1,3.0,0.0,False,10,0,282,34.751773049645394,0.725106568905166,-0.16908339953721915,-47.6815186694958
0.35,1.1,3.0,0.0,False,10,55,280,35.0,0.7343454905065883,-0.16249735105162771,-45.49925829445576
0.35,1.1,3.0,0.0,False,10,60,275,34.54545454545455,0.7233438957651159,-0.17014692335524884,-46.79040392269343
0.35,1.1,3.0,0.0,False,10,65,258,35.27131782945737,0.760709792283447,-0.14505193187094154,-37.42339842270292
0.35,1.1,3.0,0.0,False,10,70,208,37.019230769230774,0.8509746476146842,-0.08519295858194004,-17.720135385043527
0.35,1.1,3.0,0.0,False,10,75,125,36.8,0.927369786730316,-0.04032437174021828,-5.040546467527285
0.5,0.5,2.0,0.0,False,6,0,158,37.9746835443038,1.0315715745027696,0.020078608202079695,3.172420095928592
0.5,0.5,2.0,0.0,False,6,55,155,38.70967741935484,1.0667675803702008,0.041856021802461764,6.487683379381574
0.5,0.5,2.0,0.0,False,6,60,152,38.15789473684211,1.0521289147980024,0.03295656343395522,5.009397641961193
0.5,0.5,2.0,0.0,False,6,65,140,39.285714285714285,1.1234023064477758,0.07600818050595584,10.641145270833817
0.5,0.5,2.0,0.0,False,6,70,105,43.80952380952381,1.339517824225511,0.19479629084981218,20.45361053923028
0.5,0.5,2.0,0.0,False,6,75,56,33.92857142857143,0.8814355247796465,-0.0794090531201281,-4.446906974727173
0.5,0.5,2.0,0.0,False,10,0,179,37.43016759776536,0.9657723423497151,-0.022122530811842973,-3.9599330153198924
0.5,0.5,2.0,0.0,False,10,55,176,38.06818181818182,0.9942634165470178,-0.003662896203789204,-0.6446697318668999
0.5,0.5,2.0,0.0,False,10,60,173,37.57225433526011,0.980927002040845,-0.012271418897614367,-2.1229554692872856
0.5,0.5,2.0,0.0,False,10,65,158,38.607594936708864,1.0552053317509573,0.034674176733707866,5.478519923925843
0.5,0.5,2.0,0.0,False,10,70,118,41.52542372881356,1.1839241524448456,0.11078943156435377,13.073152924593744
0.5,0.5,2.0,0.0,False,10,75,68,30.88235294117647,0.7153586176486665,-0.20223357094150304,-13.751882824022207
0.5,0.5,2.0,0.5,True,6,0,161,54.037267080745345,0.9475107145156922,-0.025728384154344267,-4.142269848849427
0.5,0.5,2.0,0.5,True,6,55,158,54.43037974683544,0.9694576604665887,-0.014827295895568814,-2.3427127514998727
0.5,0.5,2.0,0.5,True,6,60,155,54.19354838709678,0.9588079429555393,-0.02009958274248761,-3.1154353250855795
0.5,0.5,2.0,0.5,True,6,65,142,54.22535211267606,0.9748761313435127,-0.012214555898043409,-1.7344669375221642
0.5,0.5,2.0,0.5,True,6,70,107,57.009345794392516,1.077945116980018,0.035892623245669546,3.8405106872866415
0.5,0.5,2.0,0.5,True,6,75,58,48.275862068965516,0.7244051288749331,-0.15565619118067917,-9.028059088479392
0.5,0.5,2.0,0.5,True,10,0,182,52.197802197802204,0.873914075690266,-0.064440690837849,-11.728205732488517
0.5,0.5,2.0,0.5,True,10,55,179,52.513966480446925,0.8906594983171654,-0.055467310810832206,-9.928648635138964
0.5,0.5,2.0,0.5,True,10,60,176,52.27272727272727,0.8807421103203076,-0.06080324550411742,-10.701371208724666
0.5,0.5,2.0,0.5,True,10,65,160,52.5,0.9068917327632678,-0.047098123954668746,-7.5356998327469995
0.5,0.5,2.0,0.5,True,10,70,120,53.333333333333336,0.921790226781482,-0.03916964967365212,-4.700357960838255
0.5,0.5,2.0,0.5,True,10,75,70,42.857142857142854,0.5639161728263326,-0.27135320740333696,-18.99472451823359
0.5,0.5,2.0,0.5,False,6,0,158,43.037974683544306,1.036227994060649,0.01815483626735073,2.8684641302414153
0.5,0.5,2.0,0.5,False,6,55,155,43.87096774193549,1.0672231848044618,0.0333420724360708,5.168021227590973
0.5,0.5,2.0,0.5,False,6,60,152,43.42105263157895,1.0531453180267067,0.026505081152171883,4.028772335130126
0.5,0.5,2.0,0.5,False,6,65,140,45.0,1.1056690171468113,0.05208132379519345,7.291385331327083
0.5,0.5,2.0,0.5,False,6,70,105,48.57142857142857,1.2987430817852252,0.13899219814388847,14.594180805108289
0.5,0.5,2.0,0.5,False,6,75,56,41.07142857142857,0.8380550052471414,-0.09253126324447465,-5.18175074169058
0.5,0.5,2.0,0.5,False,10,0,179,41.899441340782126,0.9550565493000485,-0.023440836616880067,-4.195909754421532
0.5,0.5,2.0,0.5,False,10,55,176,42.61363636363637,0.9791747371050357,-0.010774731006090771,-1.8963526570719758
0.5,0.5,2.0,0.5,False,10,60,173,42.19653179190752,0.9662667349939039,-0.01754682976608568,-3.0356015495328226
0.5,0.5,2.0,0.5,False,10,65,158,43.67088607594937,1.0227455580217124,0.011657943424459657,1.8419550610646258
0.5,0.5,2.0,0.5,False,10,70,118,45.76271186440678,1.1157007623692783,0.058517921880896356,6.90511478194577
0.5,0.5,2.0,0.5,False,10,75,68,36.76470588235294,0.6659511023845566,-0.21024431686003525,-14.296613546482398
0.5,0.5,2.5,0.0,False,6,0,215,33.95348837209302,0.9000565319399425,-0.06970206268083487,-14.985943476379498
0.5,0.5,2.5,0.0,False,6,55,212,34.43396226415094,0.920638315176129,-0.054876377575004416,-11.633792045900936
0.5,0.5,2.5,0.0,False,6,60,208,34.61538461538461,0.9251319192713258,-0.051561560090542954,-10.724804498832935
0.5,0.5,2.5,0.0,False,6,65,191,36.64921465968586,1.0390324171874985,0.025789783312444445,4.925848612676889
0.5,0.5,2.5,0.0,False,6,70,153,39.21568627450981,1.170534326400956,0.10565095815682668,16.164596597994482
0.5,0.5,2.5,0.0,False,6,75,89,37.07865168539326,1.1320265222353332,0.08394166179360632,7.470807899630962
0.5,0.5,2.5,0.0,False,10,0,240,33.33333333333333,0.8565461947656041,-0.10157236259727682,-24.377367023346437
0.5,0.5,2.5,0.0,False,10,55,237,33.755274261603375,0.8737828268162768,-0.08871398984332436,-21.025215592867873
0.5,0.5,2.5,0.0,False,10,60,232,34.05172413793103,0.883897083094711,-0.08103190748812077,-18.799402537244017
0.5,0.5,2.5,0.0,False,10,65,213,35.2112676056338,0.9598515363932182,-0.027305675746023345,-5.816108933902973
0.5,0.5,2.5,0.0,False,10,70,173,37.57225433526011,1.068882049983984,0.04428197008212757,7.66078082420807
0.5,0.5,2.5,0.0,False,10,75,103,33.00970873786408,0.9258793132149787,-0.05084480871464526,-5.237015297608462
0.5,0.5,2.5,0.5,True,6,0,219,50.68493150684932,0.8043044230562257,-0.10534316825277391,-23.07015384735749
0.5,0.5,2.5,0.5,True,6,55,216,50.46296296296296,0.8051238681451542,-0.10538064036192625,-22.76221831817607
0.5,0.5,2.5,0.5,True,6,60,212,50.47169811320755,0.8025085610446575,-0.1066950120465864,-22.619342553876315
0.5,0.5,2.5,0.5,True,6,65,195,53.333333333333336,0.9202229655691635,-0.04034618369904386,-7.867505821313553
0.5,0.5,2.5,0.5,True,6,70,156,56.41025641025641,1.055139649784048,0.02569259766147879,4.008045235190691
0.5,0.5,2.5,0.5,True,6,75,91,52.74725274725275,0.9928186299195788,-0.0036551574659176695,-0.3326193293985079
0.5,0.5,2.5,0.5,True,10,0,244,49.59016393442623,0.7705533763644452,-0.12629275399952195,-30.815431975883357
0.5,0.5,2.5,0.5,True,10,55,241,49.37759336099585,0.7709971038541802,-0.12658712218548518,-30.50749644670193
0.5,0.5,2.5,0.5,True,10,60,236,49.152542372881356,0.7651124215263139,-0.1303313384496446,-30.758195874116126
0.5,0.5,2.5,0.5,True,10,65,217,51.1520737327189,0.8425727956265353,-0.08345043053294196,-18.108743425648406
0.5,0.5,2.5,0.5,True,10,70,176,53.97727272727273,0.9540066478268195,-0.022699151115629004,-3.995050596350705
0.5,0.5,2.5,0.5,True,10,75,105,46.666666666666664,0.7683655518759677,-0.13319644817162002,-13.985627058020102
0.5,0.5,2.5,0.5,False,6,0,215,38.139534883720934,0.8723371545152334,-0.07068660588003034,-15.197620264206522
0.5,0.5,2.5,0.5,False,6,55,212,38.67924528301887,0.8820279091138009,-0.0655173808255901,-13.889684735025101
0.5,0.5,2.5,0.5,False,6,60,208,38.94230769230769,0.8852200311072295,-0.0636865815900257,-13.246808970725347
0.5,0.5,2.5,0.5,False,6,65,191,41.361256544502616,1.0116962139525623,0.006085788606274569,1.1623856237984427
0.5,0.5,2.5,0.5,False,6,70,153,45.09803921568628,1.1747798131301952,0.08347274165056989,12.771329472537193
0.5,0.5,2.5,0.5,False,6,75,89,43.82022471910113,1.0733444888223411,0.03778291868455972,3.3626797629258154
0.5,0.5,2.5,0.5,False,10,0,240,37.083333333333336,0.8260511116089981,-0.09846629443484936,-23.631910664363847
0.5,0.5,2.5,0.5,False,10,55,237,37.552742616033754,0.8340811470794263,-0.09419398791216213,-22.323975135182426
0.5,0.5,2.5,0.5,False,10,60,232,37.93103448275862,0.8373047737960035,-0.09258107294065705,-21.478808922232435
0.5,0.5,2.5,0.5,False,10,65,213,39.436619718309856,0.9194571256871146,-0.04385801871275792,-9.341757985817438
0.5,0.5,2.5,0.5,False,10,70,173,42.77456647398844,1.0515269266496547,0.026042356275807883,4.505327635714764
0.5,0.5,2.5,0.5,False,10,75,103,38.83495145631068,0.8405409470443491,-0.09274984437841553,-9.5532339709768
0.5,0.5,3.0,0.0,False,6,0,215,30.697674418604652,0.7806768726698362,-0.16083923703117894,-34.58043596170347
0.5,0.5,3.0,0.0,False,6,55,213,30.985915492957744,0.7920689633551254,-0.15170296436848665,-32.31273141048766
0.5,0.5,3.0,0.0,False,6,60,211,31.27962085308057,0.8035098863804758,-0.14265413733670998,-30.100022978045804
0.5,0.5,3.0,0.0,False,6,65,199,32.663316582914575,0.8702549355230578,-0.09177421642686255,-18.263069068945647
0.5,0.5,3.0,0.0,False,6,70,169,34.319526627218934,0.9744913506291629,-0.017355658000528143,-2.933106202089256
0.5,0.5,3.0,0.0,False,6,75,103,34.95145631067961,0.9750708415193897,-0.016617229905395006,-1.7115746802556857
0.5,0.5,3.0,0.0,False,10,0,240,30.416666666666664,0.7582056322476468,-0.17898477805299462,-42.95634673271871
0.5,0.5,3.0,0.0,False,10,55,238,30.672268907563026,0.7680089160321921,-0.17096068143488607,-40.688642181502885
0.5,0.5,3.0,0.0,False,10,60,235,31.06382978723404,0.7837817824145632,-0.15812386485321353,-37.15910824050518
0.5,0.5,3.0,0.0,False,10,65,221,32.126696832579185,0.8318264980308461,-0.12044017985780546,-26.617279748575008
0.5,0.5,3.0,0.0,False,10,70,190,33.1578947368421,0.9127920060225647,-0.06083163743256688,-11.558011112187707
0.5,0.5,3.0,0.0,False,10,75,118,31.35593220338983,0.8140644963230269,-0.13221822876267164,-15.601750993995253
0.5,0.5,3.0,0.5,True,6,0,219,50.68493150684932,0.7398980672329818,-0.14001318831145596,-30.662888240208854
0.5,0.5,3.0,0.5,True,6,55,217,50.23041474654379,0.7333112088330341,-0.14488202576170586,-31.439399590290172
0.5,0.5,3.0,0.5,True,6,60,215,50.697674418604656,0.747338442539909,-0.13593809840859686,-29.22669115784832
0.5,0.5,3.0,0.5,True,6,65,203,51.724137931034484,0.7959460859223182,-0.10712556051652736,-21.746488784855053
0.5,0.5,3.0,0.5,True,6,70,172,54.65116279069767,0.9176304583638737,-0.040243457231678444,-6.921874643848692
0.5,0.5,3.0,0.5,True,6,75,105,55.23809523809524,0.948791184035723,-0.024721265343789052,-2.5957328610978503
0.5,0.5,3.0,0.5,True,10,0,244,49.59016393442623,0.7177997987730911,-0.15532954910147076,-37.900409980758866
0.5,0.5,3.0,0.5,True,10,55,242,49.17355371900827,0.7120180233421874,-0.15982198897041403,-38.676921330840194
0.5,0.5,3.0,0.5,True,10,60,239,49.37238493723849,0.7209657715646537,-0.1542166865695075,-36.85778809011229
0.5,0.5,3.0,0.5,True,10,65,225,50.22222222222222,0.7544499139398656,-0.13295535442805845,-29.91495474631315
0.5,0.5,3.0,0.5,True,10,70,193,52.331606217616574,0.8434876056520942,-0.08054953166685037,-15.546059611702123
0.5,0.5,3.0,0.5,True,10,75,120,49.166666666666664,0.7356224096595612,-0.14525911421849652,-17.43109370621958
0.5,0.5,3.0,0.5,False,6,0,215,34.883720930232556,0.7910484198140805,-0.11625519305520239,-24.994866506868515
0.5,0.5,3.0,0.5,False,6,55,213,35.2112676056338,0.7925291145613274,-0.11629754862417765,-24.77137785694984
0.5,0.5,3.0,0.5,False,6,60,211,35.54502369668246,0.8074938980050234,-0.106913125234635,-22.558669424507986
0.5,0.5,3.0,0.5,False,6,65,199,37.185929648241206,0.870663162934894,-0.07007534356979825,-13.944993370389852
0.5,0.5,3.0,0.5,False,6,70,169,39.64497041420118,1.0033596036134222,0.0016915959434969634,0.2858797144509868
0.5,0.5,3.0,0.5,False,6,75,103,40.77669902912621,1.0241644846621127,0.011912318436147087,1.22696879892315
0.5,0.5,3.0,0.5,False,10,0,240,34.166666666666664,0.758695398722993,-0.1371725021627083,-32.92140051904999
0.5,0.5,3.0,0.5,False,10,55,238,34.45378151260504,0.7599402636408225,-0.13738618432408115,-32.69791186913131
0.5,0.5,3.0,0.5,False,10,60,235,34.8936170212766,0.7736574471956574,-0.12886345952357112,-30.28291298803921
0.5,0.5,3.0,0.5,False,10,65,221,36.199095022624434,0.8198512432493384,-0.10048237992359826,-22.206605963115216
0.5,0.5,3.0,0.5,False,10,70,190,37.89473684210527,0.9144836989712957,-0.04526953294043934,-8.601211258683474
0.5,0.5,3.0,0.5,False,10,75,118,36.440677966101696,0.8050411088174217,-0.10907879704643737,-12.87129805147961
0.5,0.8,2.0,0.5,True,6,0,189,49.735449735449734,0.8585243621301418,-0.07251869374974114,-13.706033118701075
0.5,0.8,2.0,0.5,True,6,55,186,50.0,0.8738951326191898,-0.06419924148176992,-11.941058915609204
0.5,0.8,2.0,0.5,True,6,60,181,49.72375690607735,0.8702201874583012,-0.06629618981846172,-11.99961035714157
0.5,0.8,2.0,0.5,True,6,65,163,49.693251533742334,0.8657246508730795,-0.06805926134858835,-11.093659599819901
0.5,0.8,2.0,0.5,True,6,70,121,54.54545454545454,1.06062421792279,0.027421107177154264,3.317953968435666
0.5,0.8,2.0,0.5,True,6,75,62,41.935483870967744,0.6741013051855556,-0.18422134794153183,-11.421723572374974
0.5,0.8,2.0,0.5,True,10,0,210,49.523809523809526,0.8268937221536725,-0.09026207747147466,-18.95503626900968
0.5,0.8,2.0,0.5,True,10,55,206,49.51456310679612,0.8360012532727417,-0.08543205023052049,-17.59900234748722
0.5,0.8,2.0,0.5,True,10,60,201,49.25373134328358,0.8319634293338649,-0.08784852631353025,-17.65755378901958
0.5,0.8,2.0,0.5,True,10,65,181,49.171270718232044,0.8291570854132786,-0.08886234043359367,-16.084083618480456
0.5,0.8,2.0,0.5,True,10,70,134,52.23880597014925,0.9330723253873574,-0.03255365688323763,-4.362190022353842
0.5,0.8,2.0,0.5,True,10,75,73,39.726027397260275,0.5593589733085608,-0.2690685015805257,-19.642000615378375
0.5,0.8,2.0,0.5,False,6,0,187,40.64171122994652,0.9194508882973015,-0.041779365950268155,-7.812741432700145
0.5,0.8,2.0,0.5,False,6,55,184,41.30434782608695,0.9414351027357684,-0.030150908856566728,-5.547767229608278
0.5,0.8,2.0,0.5,False,6,60,179,41.340782122905026,0.9412487307129722,-0.030343516378198265,-5.431489431697489
0.5,0.8,2.0,0.5,False,6,65,161,41.61490683229814,0.9522740985646623,-0.024456752397222715,-3.937537135952857
0.5,0.8,2.0,0.5,False,6,70,119,47.05882352941176,1.2239728934614718,0.1021658264465201,12.157733347135892
0.5,0.8,2.0,0.5,False,6,75,60,36.666666666666664,0.7527143839142681,-0.1409725173652433,-8.458351041914598
0.5,0.8,2.0,0.5,False,10,0,208,39.90384615384615,0.8744731624906615,-0.06628418716021131,-13.787110929323953
0.5,0.8,2.0,0.5,False,10,55,204,40.68627450980392,0.8937243736063698,-0.05598646821052708,-11.421239514947525
0.5,0.8,2.0,0.5,False,10,60,199,40.7035175879397,0.892526582105551,-0.056808852849430796,-11.30496171703673
0.5,0.8,2.0,0.5,False,10,65,179,40.78212290502793,0.9012536016107656,-0.05193790980076435,-9.296885854336818
0.5,0.8,2.0,0.5,False,10,70,132,44.696969696969695,1.0711427576916068,0.03491412618653772,4.608664656622979
0.5,0.8,2.0,0.5,False,10,75,71,33.80281690140845,0.6220675995059585,-0.23306412372734378,-16.547552784641407
0.5,0.8,2.0,0.0,False,6,0,187,37.967914438502675,0.941375786296768,-0.03652109590203614,-6.829444933680758
0.5,0.8,2.0,0.0,False,6,55,184,38.58695652173913,0.9686398677354435,-0.019296081417224102,-3.5504789807692347
0.5,0.8,2.0,0.0,False,6,60,179,38.547486033519554,0.9752476484512345,-0.01520022964267295,-2.720841106038458
0.5,0.8,2.0,0.0,False,6,65,161,38.50931677018634,0.9890632753523334,-0.006653773039171203,-1.0712574593065636
0.5,0.8,2.0,0.0,False,6,70,119,44.537815126050425,1.268824960420915,0.1460360760343044,17.378293048082224
0.5,0.8,2.0,0.0,False,6,75,60,33.33333333333333,0.8370658178692989,-0.10256195218149562,-6.153717130889738
0.5,0.8,2.0,0.0,False,10,0,208,37.019230769230774,0.8857128956427498,-0.07280589624473421,-15.143626418904717
0.5,0.8,2.0,0.0,False,10,55,204,37.745098039215684,0.9161748768153277,-0.052637018339170796,-10.737951741190843
0.5,0.8,2.0,0.0,False,10,60,199,37.68844221105528,0.9206100523678651,-0.049790521942010384,-9.908313866460066
0.5,0.8,2.0,0.0,False,10,65,179,37.43016759776536,0.9339911910354693,-0.04120572506325397,-7.375824786322461
0.5,0.8,2.0,0.0,False,10,70,132,41.66666666666667,1.1167319216093148,0.06744660096644338,8.902951327570525
0.5,0.8,2.0,0.0,False,10,75,71,29.577464788732392,0.6767397283283965,-0.22069284371289202,-15.669191903615333
0.5,0.8,2.5,0.0,False,6,0,213,33.33333333333333,0.7749328073893136,-0.15397565837540364,-32.79681523396098
0.5,0.8,2.5,0.0,False,6,55,210,33.80952380952381,0.7929581274271021,-0.14040163470030967,-29.48434328706503
0.5,0.8,2.5,0.0,False,6,60,207,34.29951690821256,0.8117620516871941,-0.12650031793599228,-26.185565812750404
0.5,0.8,2.5,0.0,False,6,65,192,35.9375,0.8965022818539484,-0.06716265826741459,-12.895230387343602
0.5,0.8,2.5,0.0,False,6,70,150,39.33333333333333,1.061771421200765,0.03675655630435417,5.513483445653126
0.5,0.8,2.5,0.0,False,6,75,88,35.22727272727273,0.9818419368961002,-0.011338238674207479,-0.9977650033302581
0.5,0.8,2.5,0.0,False,10,0,236,33.05084745762712,0.754079706793851,-0.169687974020623,-40.046361868867024
0.5,0.8,2.5,0.0,False,10,55,233,33.47639484978541,0.7697373381258196,-0.15765617992262268,-36.733889921971084
0.5,0.8,2.5,0.0,False,10,60,229,34.06113537117904,0.7916996494745104,-0.14108473241421007,-32.30840372285411
0.5,0.8,2.5,0.0,False,10,65,212,34.90566037735849,0.8483420099175585,-0.10057247121957003,-21.321363898548846
0.5,0.8,2.5,0.0,False,10,70,168,38.095238095238095,0.9931601380830754,-0.004195216429135081,-0.7047963600946936
0.5,0.8,2.5,0.0,False,10,75,101,31.683168316831683,0.8162229969020139,-0.12292120321154691,-12.415041524366238
0.5,0.8,2.5,0.5,True,6,0,216,47.68518518518518,0.7340483533611373,-0.14446590169307616,-31.204634765704448
0.5,0.8,2.5,0.5,True,6,55,213,47.417840375586856,0.7339385192967642,-0.1452166258832294,-30.93114131312786
0.5,0.8,2.5,0.5,True,6,60,210,47.61904761904761,0.7443747148604329,-0.13879288985308727,-29.146506869148325
0.5,0.8,2.5,0.5,True,6,65,195,49.23076923076923,0.8183626068637202,-0.09475627730514063,-18.477474074502425
0.5,0.8,2.5,0.5,True,6,70,153,53.59477124183007,0.9903225465856019,-0.004474020575391124,-0.684525148034842
0.5,0.8,2.5,0.5,True,6,75,90,48.888888888888886,0.8814500160115115,-0.059385762665056706,-5.344718639855103
0.5,0.8,2.5,0.5,True,10,0,239,47.69874476987448,0.7252980822887237,-0.15064379079031293,-36.00386599888479
0.5,0.8,2.5,0.5,True,10,55,236,47.45762711864407,0.7251273956975065,-0.15139988367079746,-35.7303725463082
0.5,0.8,2.5,0.5,True,10,60,232,47.41379310344828,0.7310865582519286,-0.1480805102754228,-34.35467838389809
0.5,0.8,2.5,0.5,True,10,65,215,48.372093023255815,0.7780071377171466,-0.11921385408919519,-25.630978629176965
0.5,0.8,2.5,0.5,True,10,70,171,52.63157894736842,0.9315542325433595,-0.03292500583188286,-5.630175997251969
0.5,0.8,2.5,0.5,True,10,75,103,45.63106796116505,0.7263240875839968,-0.15016308185600857,-15.466797431168883
0.5,0.8,2.5,0.5,False,6,0,213,35.68075117370892,0.7682371476831584,-0.12847174907397316,-27.364482552756282
0.5,0.8,2.5,0.5,False,6,55,210,36.19047619047619,0.776613564402796,-0.12424280523895094,-26.090989100179698
0.5,0.8,2.5,0.5,False,6,60,207,36.71497584541063,0.7921076948281535,-0.11500654423285099,-23.806354656200156
0.5,0.8,2.5,0.5,False,6,65,192,38.54166666666667,0.8738279166218529,-0.06705464106087576,-12.874491083688145
0.5,0.8,2.5,0.5,False,6,70,150,42.66666666666667,1.0743730974470698,0.035090076321236445,5.263511448185467
0.5,0.8,2.5,0.5,False,6,75,88,38.63636363636363,0.9464111444648635,-0.02716374694778406,-2.390409731404997
0.5,0.8,2.5,0.5,False,10,0,236,35.59322033898305,0.7508863901134523,-0.1393605090349654,-32.889080132251834
0.5,0.8,2.5,0.5,False,10,55,233,36.05150214592275,0.7581999053494642,-0.13568921321749033,-31.615586679675246
0.5,0.8,2.5,0.5,False,10,60,229,36.681222707423586,0.7722902282228106,-0.12764216167865133,-29.230055024411154
0.5,0.8,2.5,0.5,False,10,65,212,37.735849056603776,0.8239971273525722,-0.09621188838719857,-20.396920338086098
0.5,0.8,2.5,0.5,False,10,70,168,41.66666666666667,0.9993803984559443,-0.00030395298068491047,-0.051064100755064956
0.5,0.8,2.5,0.5,False,10,75,101,35.64356435643564,0.779249888476987,-0.12258824972715039,-12.38141322244219
0.5,0.8,3.0,0.0,False,6,0,213,32.3943661971831,0.7815500875988628,-0.14953130706227127,-31.85016840426378
0.5,0.8,3.0,0.0,False,6,55,211,32.70142180094787,0.7937231787413963,-0.14035102418005616,-29.61406610199185
0.5,0.8,3.0,0.0,False,6,60,209,33.014354066985646,0.8060048963231773,-0.131227083471325,-27.426460445506926
0.5,0.8,3.0,0.0,False,6,65,196,34.183673469387756,0.87286511141901,-0.08376977072531655,-16.418875062162044
0.5,0.8,3.0,0.0,False,6,70,169,36.09467455621302,0.9805307910234036,-0.012207965178196832,-2.0631461151152646
0.5,0.8,3.0,0.0,False,6,75,99,36.36363636363637,0.9689643197045266,-0.018615151405302784,-1.8428999891249758
0.5,0.8,3.0,0.0,False,10,0,236,32.20338983050847,0.7661497068854721,-0.1614394705049569,-38.09971503916983
0.5,0.8,3.0,0.0,False,10,55,234,32.47863247863248,0.7768113321128842,-0.1532633022944355,-35.863612736897906
0.5,0.8,3.0,0.0,False,10,60,231,32.900432900432904,0.7931711595939865,-0.1409060534874919,-32.54929835561063
0.5,0.8,3.0,0.0,False,10,65,215,33.48837209302326,0.842310039321145,-0.10561715035965089,-22.70768732732494
0.5,0.8,3.0,0.0,False,10,70,188,35.1063829787234,0.9306109759560113,-0.04460863764873927,-8.386423877962983
0.5,0.8,3.0,0.0,False,10,75,113,32.743362831858406,0.8029218495471458,-0.1275606141214372,-14.414349395722404
0.5,0.8,3.0,0.5,True,6,0,216,47.68518518518518,0.725982510711037,-0.14884729675525252,-32.151016099134544
0.5,0.8,3.0,0.5,True,6,55,214,47.19626168224299,0.7191397372921079,-0.1539901508933737,-32.95389229118197
0.5,0.8,3.0,0.5,True,6,60,212,47.64150943396226,0.7328025331514212,-0.14512399355989178,-30.766286634697057
0.5,0.8,3.0,0.5,True,6,65,199,48.24120603015075,0.7750028425826264,-0.12007109001230237,-23.89414691244817
0.5,0.8,3.0,0.5,True,6,70,172,51.162790697674424,0.8914830042019474,-0.05372311296114003,-9.240375429316085
0.5,0.8,3.0,0.5,True,6,75,101,51.48514851485149,0.8957942559160612,-0.04984142154218111,-5.033983575760292
0.5,0.8,3.0,0.5,True,10,0,239,47.69874476987448,0.7218922866908963,-0.15251149511428824,-36.45024733231489
0.5,0.8,3.0,0.5,True,10,55,237,47.257383966244724,0.7157665103743477,-0.15718617520827988,-37.25312352436233
0.5,0.8,3.0,0.5,True,10,60,234,47.43589743589743,0.7247430470132351,-0.15160024850190945,-35.47445814944681
0.5,0.8,3.0,0.5,True,10,65,218,47.706422018348626,0.7524206695673082,-0.13490977165633194,-29.410330221080365
0.5,0.8,3.0,0.5,True,10,70,191,50.26178010471204,0.8487313958506096,-0.07743991746404763,-14.791024235633097
0.5,0.8,3.0,0.5,True,10,75,115,47.82608695652174,0.7321501833340633,-0.14182813263161323,-16.310235252635522
0.5,0.8,3.0,0.5,False,6,0,213,35.68075117370892,0.772245949402035,-0.12624957341740692,-26.891159137907675
0.5,0.8,3.0,0.5,False,6,55,211,36.018957345971565,0.7735373975741429,-0.1265120157817778,-26.694035329955113
0.5,0.8,3.0,0.5,False,6,60,209,36.36363636363637,0.7881648386344244,-0.11725564437067079,-24.506429673470194
0.5,0.8,3.0,0.5,False,6,65,196,37.755102040816325,0.841596573381287,-0.08607887333344486,-16.87145917335519
0.5,0.8,3.0,0.5,False,6,70,169,40.23668639053255,0.9652690686528498,-0.017542228136666536,-2.9646365550966447
0.5,0.8,3.0,0.5,False,6,75,99,41.41414141414141,0.9862384845448785,-0.006661905912848594,-0.6595286853720108
0.5,0.8,3.0,0.5,False,10,0,236,35.59322033898305,0.758258688410791,-0.13523625727713234,-31.915756717403234
0.5,0.8,3.0,0.5,False,10,55,234,35.8974358974359,0.759392526721583,-0.13554971328825072,-31.71863290945067
0.5,0.8,3.0,0.5,False,10,60,231,36.36363636363637,0.7728083685390926,-0.12740316035359822,-29.43013004168119
0.5,0.8,3.0,0.5,False,10,65,215,37.2093023255814,0.809125505364996,-0.10584449851958512,-22.7565671817108
0.5,0.8,3.0,0.5,False,10,70,188,39.361702127659576,0.9094444308642223,-0.04725643649540993,-8.884210061137066
0.5,0.8,3.0,0.5,False,10,75,113,38.05309734513274,0.8050780889278626,-0.1044664164776164,-11.804705061970653
0.5,1.1,2.0,0.0,False,6,0,194,38.144329896907216,0.8783012246087333,-0.07374004610008755,-14.305568943416986
0.5,1.1,2.0,0.0,False,6,55,190,38.94736842105263,0.9122869855622782,-0.05224459552430628,-9.926473149618193
0.5,1.1,2.0,0.0,False,6,60,181,39.77900552486188,0.9479331471145689,-0.0305971808453924,-5.538089733016024
0.5,1.1,2.0,0.0,False,6,65,162,40.74074074074074,0.9997539934803816,-0.00014001352826629204,-0.02268219157913931
0.5,1.1,2.0,0.0,False,6,70,115,46.08695652173913,1.2641276879994034,0.13379542256254587,15.386473594692774
0.5,1.1,2.0,0.0,False,6,75,58,31.03448275862069,0.7252047441661069,-0.17061564692083422,-9.895707521408385
0.5,1.1,2.0,0.0,False,10,0,216,37.96296296296296,0.8550710616833882,-0.08824391044662923,-19.060684656471913
0.5,1.1,2.0,0.0,False,10,55,211,38.388625592417064,0.8784696157062011,-0.07322830929570079,-15.451173261392867
0.5,1.1,2.0,0.0,False,10,60,202,39.10891089108911,0.908065535627498,-0.05476628636034996,-11.062789844790693
0.5,1.1,2.0,0.0,False,10,65,181,39.77900552486188,0.9557700690748666,-0.025677330059885005,-4.647596740839186
0.5,1.1,2.0,0.0,False,10,70,130,43.07692307692308,1.1077869371435158,0.05807614221840058,7.549898488392075
0.5,1.1,2.0,0.0,False,10,75,70,28.57142857142857,0.624845002875966,-0.24987193975213898,-17.49103578264973
0.5,1.1,2.0,0.5,True,6,0,197,48.223350253807105,0.8238819079585148,-0.09151975761916532,-18.02939225097557
0.5,1.1,2.0,0.5,True,6,55,193,48.18652849740933,0.8334867502431436,-0.08645155393955913,-16.68514991033491
0.5,1.1,2.0,0.5,True,6,60,184,48.369565217391305,0.854372364659406,-0.07484481028750808,-13.771445092901487
0.5,1.1,2.0,0.5,True,6,65,165,49.696969696969695,0.898323361069427,-0.050187235577773964,-8.280893870332704
0.5,1.1,2.0,0.5,True,6,70,117,52.991452991452995,1.067160262726505,0.0302645031871702,3.5409468728989135
0.5,1.1,2.0,0.5,True,6,75,60,41.66666666666667,0.6267818673352713,-0.20314368017776635,-12.18862081066598
0.5,1.1,2.0,0.5,True,10,0,219,47.48858447488584,0.7962581034012547,-0.1072488129348906,-23.48749003274104
0.5,1.1,2.0,0.5,True,10,55,214,47.19626168224299,0.8005204110268749,-0.10543773890093143,-22.563676124799326
0.5,1.1,2.0,0.5,True,10,60,205,47.3170731707317,0.8171682773002943,-0.09585351857251662,-19.649971307365906
0.5,1.1,2.0,0.5,True,10,65,184,48.369565217391305,0.8552445650999834,-0.07336979997453517,-13.500043195314472
0.5,1.1,2.0,0.5,True,10,70,132,50.0,0.9386995335841702,-0.02946865916002657,-3.8898630091235074
0.5,1.1,2.0,0.5,True,10,75,72,38.88888888888889,0.5406217847857171,-0.2693205117053757,-19.39107684278705
0.5,1.1,2.0,0.5,False,6,0,194,41.23711340206185,0.8538727045127316,-0.0769885927999127,-14.935787003183064
0.5,1.1,2.0,0.5,False,6,55,190,42.10526315789473,0.8739162976836993,-0.06627128769759164,-12.591544662542411
0.5,1.1,2.0,0.5,False,6,60,181,42.5414364640884,0.8994523918740585,-0.05229745968689907,-9.465840203328732
0.5,1.1,2.0,0.5,False,6,65,162,43.82716049382716,0.9570878170010768,-0.021452401115802162,-3.4752889807599505
0.5,1.1,2.0,0.5,False,6,70,115,48.69565217391305,1.1839225599204968,0.08316858026204633,9.564386730135329
0.5,1.1,2.0,0.5,False,6,75,58,36.206896551724135,0.6878434753210702,-0.17113073457574898,-9.92558260539344
0.5,1.1,2.0,0.5,False,10,0,216,40.74074074074074,0.8284890597849538,-0.09144523506363417,-19.75217077374498
0.5,1.1,2.0,0.5,False,10,55,211,41.23222748815166,0.8381520596589725,-0.08653987778634097,-18.259914212917945
0.5,1.1,2.0,0.5,False,10,60,202,41.584158415841586,0.8586878623373815,-0.0749218304638825,-15.134209753704265
0.5,1.1,2.0,0.5,False,10,65,181,42.5414364640884,0.9071159327745763,-0.04764746548586072,-8.62419125294079
0.5,1.1,2.0,0.5,False,10,70,130,45.38461538461539,1.0351042578052818,0.016952491545491048,2.2038239009138363
0.5,1.1,2.0,0.5,False,10,75,70,32.857142857142854,0.5879313890429817,-0.24368273692447973,-17.05779158471358
0.5,1.1,2.5,0.0,False,6,0,211,33.649289099526065,0.7306483825493757,-0.17436291002860052,-36.79057401603471
0.5,1.1,2.5,0.0,False,6,55,208,34.13461538461539,0.7486305868185372,-0.1611042258944302,-33.50967898604148
0.5,1.1,2.5,0.0,False,6,60,206,34.46601941747573,0.756401343565225,-0.1560201819081898,-32.1401574730871
0.5,1.1,2.5,0.0,False,6,65,190,36.31578947368421,0.8409799006254169,-0.09823761511530958,-18.66514687190882
0.5,1.1,2.5,0.0,False,6,70,148,39.189189189189186,0.9823508452971292,-0.009971417351694753,-1.4757697680508235
0.5,1.1,2.5,0.0,False,6,75,87,34.48275862068966,0.9032907685057092,-0.05650527849214098,-4.9159592288162655
0.5,1.1,2.5,0.0,False,10,0,234,34.18803418803419,0.7461508008398043,-0.1633290138862584,-38.218989249384464
0.5,1.1,2.5,0.0,False,10,55,231,34.63203463203463,0.762772834346793,-0.15124716112290582,-34.938094219391246
0.5,1.1,2.5,0.0,False,10,60,228,34.64912280701755,0.7646579296011735,-0.15060595221559916,-34.33815710515661
0.5,1.1,2.5,0.0,False,10,65,210,35.714285714285715,0.8257873178066136,-0.10896116530252017,-22.881844713529237
0.5,1.1,2.5,0.0,False,10,70,166,38.55421686746988,0.9632289728029748,-0.021132448734746342,-3.5079864899678928
0.5,1.1,2.5,0.0,False,10,75,99,32.323232323232325,0.8183723991408535,-0.11081942502257044,-10.971123077234473
0.5,1.1,2.5,0.5,True,6,0,214,46.728971962616825,0.7238650243033748,-0.14848631600636136,-31.776071625361332
0.5,1.1,2.5,0.5,True,6,55,211,46.44549763033176,0.7234322286516262,-0.14943142203093004,-31.53003004852624
0.5,1.1,2.5,0.5,True,6,60,209,46.889952153110045,0.7322283781189537,-0.14430865328024808,-30.16050853557185
0.5,1.1,2.5,0.5,True,6,65,193,48.18652849740933,0.797236367784482,-0.10541066039878041,-20.34425745696462
0.5,1.1,2.5,0.5,True,6,70,151,50.993377483443716,0.9292538663934968,-0.03362005592721575,-5.076628445009579
0.5,1.1,2.5,0.5,True,6,75,89,48.31460674157304,0.8687952234644526,-0.06358418360472742,-5.658992340820741
0.5,1.1,2.5,0.5,True,10,0,237,46.41350210970464,0.7257971846072099,-0.14807413380793538,-35.09356971248069
0.5,1.1,2.5,0.5,True,10,55,234,46.15384615384615,0.7254246977111543,-0.14892106040874184,-34.84752813564559
0.5,1.1,2.5,0.5,True,10,60,231,46.320346320346324,0.7299892552560229,-0.14674647210125605,-33.898435055390145
0.5,1.1,2.5,0.5,True,10,65,213,46.948356807511736,0.7712449782085886,-0.12162061067749654,-25.905190074306763
0.5,1.1,2.5,0.5,True,10,70,169,49.70414201183432,0.8975176903223291,-0.05001822451271222,-8.453079942648365
0.5,1.1,2.5,0.5,True,10,75,101,45.54455445544555,0.7759423774364193,-0.11456716792196714,-11.57128396011868
0.5,1.1,2.5,0.5,False,6,0,211,37.91469194312796,0.7340108636143724,-0.14523231337429854,-30.64401812197699
0.5,1.1,2.5,0.5,False,6,55,208,38.46153846153847,0.7420364348287459,-0.14133642569779756,-29.397976545141894
0.5,1.1,2.5,0.5,False,6,60,206,38.83495145631068,0.7510622350260467,-0.1360604613212986,-28.02845503218751
0.5,1.1,2.5,0.5,False,6,65,190,40.526315789473685,0.8252265369211156,-0.09210633848315804,-17.500204311800026
0.5,1.1,2.5,0.5,False,6,70,148,43.91891891891892,0.9693518851601505,-0.014770066299451866,-2.185969812318876
0.5,1.1,2.5,0.5,False,6,75,87,40.229885057471265,0.9029293989169179,-0.0474071208621372,-4.124419515005936
0.5,1.1,2.5,0.5,False,10,0,234,38.034188034188034,0.7400193972681443,-0.14239231708501185,-33.31980219789277
0.5,1.1,2.5,0.5,False,10,55,231,38.52813852813853,0.7472847581250452,-0.13884744857600734,-32.073760621057694
0.5,1.1,2.5,0.5,False,10,60,228,38.59649122807017,0.7486502758853208,-0.13840449512244266,-31.556224887916926
0.5,1.1,2.5,0.5,False,10,65,210,39.523809523809526,0.7966945995592964,-0.10948042798257732,-22.990889876341235
0.5,1.1,2.5,0.5,False,10,70,166,42.77108433734939,0.9330997633919705,-0.03308538709130564,-5.492174257156735
0.5,1.1,2.5,0.5,False,10,75,99,37.37373737373738,0.8047605906449555,-0.10067135435861559,-9.966464081502943
0.5,1.1,3.0,0.0,False,6,0,211,33.175355450236964,0.7463202954042771,-0.16559936568677938,-34.94146615991045
0.5,1.1,3.0,0.0,False,6,55,209,33.49282296650718,0.7584968638083698,-0.1566041808805292,-32.7302738040306
0.5,1.1,3.0,0.0,False,6,60,207,33.81642512077295,0.7708270610365249,-0.14764430128556358,-30.562370366111658
0.5,1.1,3.0,0.0,False,6,65,195,34.87179487179487,0.8196804445427085,-0.1147422825805176,-22.37474510320093
0.5,1.1,3.0,0.0,False,6,70,158,37.9746835443038,0.9657723530907545,-0.02005180647829187,-3.1681854235701152
0.5,1.1,3.0,0.0,False,6,75,93,36.55913978494624,0.9483817200447707,-0.029420256850482877,-2.7360838870949076
0.5,1.1,3.0,0.0,False,10,0,234,33.76068376068376,0.770149775983231,-0.1490165871506846,-34.8698813932602
0.5,1.1,3.0,0.0,False,10,55,232,34.05172413793103,0.7815410627930409,-0.14077021136801884,-32.65868903738037
0.5,1.1,3.0,0.0,False,10,60,229,34.06113537117904,0.7878176832459162,-0.13650816593092213,-31.26036999818117
0.5,1.1,3.0,0.0,False,10,65,214,34.57943925233645,0.8249605010813572,-0.11199960666063795,-23.967915825376522
0.5,1.1,3.0,0.0,False,10,70,176,36.93181818181818,0.9264054464093688,-0.04408927562389245,-7.759712509805071
0.5,1.1,3.0,0.0,False,10,75,108,33.33333333333333,0.8244729016653191,-0.1070137833632976,-11.557488603236141
0.5,1.1,3.0,0.5,True,6,0,214,46.728971962616825,0.7323685277331791,-0.14391371923822763,-30.79753591698071
0.5,1.1,3.0,0.5,True,6,55,212,46.22641509433962,0.7252108891250865,-0.14915658968990098,-31.621197014259007
0.5,1.1,3.0,0.5,True,6,60,210,46.666666666666664,0.7391355699591708,-0.14025377893495264,-29.45329357634005
0.5,1.1,3.0,0.5,True,6,65,198,46.96969696969697,0.7646275173730858,-0.12588094866666857,-24.92442783600038
0.5,1.1,3.0,0.5,True,6,70,161,50.31055900621118,0.9021330670767622,-0.04767682640890024,-7.675969051832938
0.5,1.1,3.0,0.5,True,6,75,95,50.526315789473685,0.9050429309303072,-0.04417416261116982,-4.196545448061133
0.5,1.1,3.0,0.5,True,10,0,237,46.41350210970464,0.7393030593765234,-0.14078073419451506,-33.36503400410007
0.5,1.1,3.0,0.5,True,10,55,235,45.95744680851064,0.7328674019710899,-0.14548380894203555,-34.18869510137836
0.5,1.1,3.0,0.5,True,10,60,232,46.12068965517241,0.7421536338211903,-0.1398328452420618,-32.44122009615834
0.5,1.1,3.0,0.5,True,10,65,217,46.08294930875576,0.756866306733158,-0.13185176651565755,-28.61183333389769
0.5,1.1,3.0,0.5,True,10,70,179,48.60335195530726,0.8519481242905845,-0.07464654141781911,-13.36173091378962
0.5,1.1,3.0,0.5,True,10,75,110,46.36363636363636,0.7655131240145928,-0.1193188903189281,-13.125077935082091
0.5,1.1,3.0,0.5,False,6,0,211,37.44075829383886,0.7423119938321207,-0.14085054120338797,-29.71946419391486
0.5,1.1,3.0,0.5,False,6,55,209,37.79904306220095,0.7434487108886024,-0.14135466646503902,-29.543125291193157
0.5,1.1,3.0,0.5,False,6,60,207,38.164251207729464,0.7577134119098471,-0.13224744856654205,-27.375221853274205
0.5,1.1,3.0,0.5,False,6,65,195,38.97435897435898,0.7908160888420509,-0.11350952036489372,-22.134356471154273
0.5,1.1,3.0,0.5,False,6,70,158,42.405063291139236,0.9420805799212828,-0.028674094591703173,-4.530506945489101
0.5,1.1,3.0,0.5,False,6,75,93,41.935483870967744,0.9626492204103092,-0.017524807538972623,-1.629807101124454
0.5,1.1,3.0,0.5,False,10,0,234,37.60683760683761,0.7533227739436985,-0.13523610371722494,-31.64524826983064
0.5,1.1,3.0,0.5,False,10,55,232,37.93103448275862,0.7543596985038333,-0.13564185072029716,-31.468909367108942
0.5,1.1,3.0,0.5,False,10,60,229,37.99126637554585,0.7605799774201266,-0.13167245287774504,-30.152991709003615
0.5,1.1,3.0,0.5,False,10,65,214,38.31775700934579,0.7811065672046997,-0.12033418185163859,-25.75151491625066
0.5,1.1,3.0,0.5,False,10,70,176,40.909090909090914,0.887371266303589,-0.057647850878663934,-10.146021754644853
0.5,1.1,3.0,0.5,False,10,75,108,37.96296296296296,0.8108888346277315,-0.09711196791985637,-10.488092535344487
0.62,0.5,2.0,0.5,True,6,0,98,54.08163265306123,0.8413550738597128,-0.07963199999614468,-7.803935999622179
0.62,0.5,2.0,0.5,True,6,55,95,54.736842105263165,0.8733742132222145,-0.06256033569429408,-5.943231890957938
0.62,0.5,2.0,0.5,True,6,60,94,54.25531914893617,0.8641800030119764,-0.0678166576635566,-6.3747658203743205
0.62,0.5,2.0,0.5,True,6,65,89,53.93258426966292,0.8490782786162117,-0.0759296604083882,-6.75773977634655
0.62,0.5,2.0,0.5,True,6,70,73,53.42465753424658,0.806367052746721,-0.09832463489098424,-7.17769834704185
0.62,0.5,2.0,0.5,True,6,75,43,48.837209302325576,0.6768635663387215,-0.1804427365217628,-7.7590376704357995
0.62,0.5,2.0,0.5,True,10,0,121,55.371900826446286,0.8304755963778767,-0.08275139914590586,-10.012919296654609
0.62,0.5,2.0,0.5,True,10,55,118,55.932203389830505,0.8564977093867117,-0.06908656938974882,-8.152215187990361
0.62,0.5,2.0,0.5,True,10,60,117,55.55555555555556,0.8489014786787893,-0.07336537707185245,-8.583749117406736
0.62,0.5,2.0,0.5,True,10,65,109,55.04587155963303,0.8233882163739893,-0.08672568848078101,-9.45310004440513
0.62,0.5,2.0,0.5,True,10,70,92,54.347826086956516,0.7760612323036007,-0.11152361280636082,-10.260172378185196
0.62,0.5,2.0,0.5,True,10,75,56,50.0,0.6285230699618163,-0.20235117288019364,-11.331665681290843
0.62,0.5,2.0,0.5,False,6,0,98,41.83673469387755,1.0578766680495888,0.029608483369089427,2.901631370170764
0.62,0.5,2.0,0.5,False,6,55,95,43.15789473684211,1.1101505455293819,0.055393005040368544,5.262335478835012
0.62,0.5,2.0,0.5,False,6,60,94,43.61702127659575,1.1117438113703364,0.056710654781049245,5.330801549418629
0.62,0.5,2.0,0.5,False,6,65,89,42.69662921348314,1.0862638593546594,0.044146373528965936,3.929027244077968
0.62,0.5,2.0,0.5,False,6,70,73,41.0958904109589,1.0418188265262212,0.021632955452803623,1.5792057480546646
0.62,0.5,2.0,0.5,False,6,75,43,39.53488372093023,0.8943598486037553,-0.05961460377151941,-2.563427962175335
0.62,0.5,2.0,0.5,False,10,0,121,38.84297520661157,0.9978526982327922,-0.0010764552655955916,-0.13025108713706657
0.62,0.5,2.0,0.5,False,10,55,118,39.83050847457627,1.0382599566580395,0.01890214425023031,2.2304530215271767
0.62,0.5,2.0,0.5,False,10,60,117,40.17094017094017,1.0394807530839694,0.019648881129152133,2.2989190921107996
0.62,0.5,2.0,0.5,False,10,65,109,39.44954128440367,0.9982049932922351,-0.0009033419842171939,-0.09846427627967413
0.62,0.5,2.0,0.5,False,10,70,92,38.04347826086957,0.9502662815354086,-0.02538477755856249,-2.335399535387749
0.62,0.5,2.0,0.5,False,10,75,56,35.714285714285715,0.7752111072496262,-0.12474238683218244,-6.985573662602217
0.62,0.5,2.0,0.0,False,6,0,98,38.775510204081634,1.081712685578073,0.05260076248847228,5.154874723870283
0.62,0.5,2.0,0.0,False,6,55,95,40.0,1.1429436758232767,0.08983737746917847,8.534550859571954
0.62,0.5,2.0,0.0,False,6,60,94,40.42553191489361,1.164177773357734,0.10237826331202815,9.623556751330646
0.62,0.5,2.0,0.0,False,6,65,89,39.325842696629216,1.1328700306270316,0.08428698590217555,7.501541745293625
0.62,0.5,2.0,0.0,False,6,70,73,36.986301369863014,1.072185473459398,0.04712022350031344,3.439776315522881
0.62,0.5,2.0,0.0,False,6,75,43,34.883720930232556,0.9645873363085039,-0.023761071444872744,-1.021726072129528
0.62,0.5,2.0,0.0,False,10,0,121,36.36363636363637,0.9493455212092958,-0.03435780677925839,-4.157294620290266
0.62,0.5,2.0,0.0,False,10,55,118,37.28813559322034,0.9901181932134737,-0.006589987157530486,-0.7776184845885974
0.62,0.5,2.0,0.0,False,10,60,117,37.60683760683761,1.0040125729263216,0.0026614308305136745,0.31138740717009994
0.62,0.5,2.0,0.0,False,10,65,109,36.69724770642202,0.9580800482769961,-0.028156227657749555,-3.0690288146947013
0.62,0.5,2.0,0.0,False,10,70,92,34.78260869565217,0.9052825066412125,-0.06513637580696716,-5.992546574240978
0.62,0.5,2.0,0.0,False,10,75,56,32.142857142857146,0.7520348021651567,-0.17735428212855592,-9.931839799199132
0.62,0.5,2.5,0.0,False,6,0,163,30.67484662576687,0.8472959660000521,-0.11377003914813373,-18.544516381145797
0.62,0.5,2.5,0.0,False,6,55,160,31.25,0.8718635189032461,-0.09451580663783124,-15.122529062052998
0.62,0.5,2.5,0.0,False,6,60,156,31.41025641025641,0.8764020369591651,-0.09080488417963235,-14.165561932022648
0.62,0.5,2.5,0.0,False,6,65,145,32.41379310344827,0.9302261634379,-0.05012203658971034,-7.267695305507999
0.62,0.5,2.5,0.0,False,6,70,111,35.13513513513514,1.1165687024437572,0.0782421340505041,8.684876879605955
0.62,0.5,2.5,0.0,False,6,75,73,32.87671232876712,1.0667872637646052,0.04636677337034813,3.384774456035413
0.62,0.5,2.5,0.0,False,10,0,196,30.102040816326532,0.7757544467288482,-0.16988967017885132,-33.29837535505486
0.62,0.5,2.5,0.0,False,10,55,193,30.569948186528496,0.7940535144069795,-0.1547999380101661,-29.876388035962055
0.62,0.5,2.5,0.0,False,10,60,188,30.319148936170215,0.7789314765465813,-0.16657721501879283,-31.316516423533052
0.62,0.5,2.5,0.0,False,10,65,173,30.63583815028902,0.8054491929635967,-0.1448804667644799,-25.064320750255025
0.62,0.5,2.5,0.0,False,10,70,134,32.83582089552239,0.9257069916759804,-0.052548946906285865,-7.041558885442306
0.62,0.5,2.5,0.0,False,10,75,89,31.46067415730337,0.9067187606663641,-0.06727164302179903,-5.987176228940114
0.62,0.5,2.5,0.5,True,6,0,163,49.079754601226995,0.6250831418227255,-0.2123685112739775,-34.61606733765833
0.62,0.5,2.5,0.5,True,6,55,160,48.75,0.6245987384230325,-0.2140421848689571,-34.246749579033136
0.62,0.5,2.5,0.5,True,6,60,156,48.717948717948715,0.6168999961581331,-0.21833539916780678,-34.060322270177856
0.62,0.5,2.5,0.5,True,6,65,145,50.3448275862069,0.6586025513243678,-0.1876761081937451,-27.21303568809304
0.62,0.5,2.5,0.5,True,6,70,111,53.153153153153156,0.7491906417598966,-0.12842566278950868,-14.255248569635462
0.62,0.5,2.5,0.5,True,6,75,73,52.054794520547944,0.7129846864524546,-0.15284003815613748,-11.157322785398035
0.62,0.5,2.5,0.5,True,10,0,196,50.0,0.6352774559295935,-0.20295380733784152,-39.77894623821694
0.62,0.5,2.5,0.5,True,10,55,193,49.740932642487046,0.6349722872905589,-0.2041949662155012,-39.40962847959173
0.62,0.5,2.5,0.5,True,10,60,188,49.46808510638298,0.613129926031434,-0.217395195150733,-40.8702966883378
0.62,0.5,2.5,0.5,True,10,65,173,50.28901734104046,0.6259483765727366,-0.20592081626614506,-35.62430121404309
0.62,0.5,2.5,0.5,True,10,70,134,52.98507462686567,0.6925097435096287,-0.15851324970082412,-21.24077545991043
0.62,0.5,2.5,0.5,True,10,75,89,51.68539325842697,0.6513173094888195,-0.18682267476808864,-16.62721805435989
0.62,0.5,2.5,0.5,False,6,0,163,33.74233128834356,0.8067563320271282,-0.11234618865930576,-18.31242875146684
0.62,0.5,2.5,0.5,False,6,55,160,34.375,0.8185847652527729,-0.10589444370526024,-16.94311099284164
0.62,0.5,2.5,0.5,False,6,60,156,34.61538461538461,0.8213663263162074,-0.10420951079478435,-16.25668368398636
0.62,0.5,2.5,0.5,False,6,65,145,35.86206896551724,0.882876052340886,-0.06592447324038925,-9.55904861985644
0.62,0.5,2.5,0.5,False,6,70,111,39.63963963963964,1.059053197990227,0.030922572609736014,3.4324055596806975
0.62,0.5,2.5,0.5,False,6,75,73,38.35616438356164,1.0031362724556743,0.0017044158588970237,0.12442235769948273
0.62,0.5,2.5,0.5,False,10,0,196,32.6530612244898,0.771391558848727,-0.13098997602350013,-25.674035300606025
0.62,0.5,2.5,0.5,False,10,55,193,33.160621761658035,0.7809130518009595,-0.12593117897399392,-24.30471754198083
0.62,0.5,2.5,0.5,False,10,60,188,32.97872340425532,0.7672423078807158,-0.13439034973790892,-25.265385750726878
0.62,0.5,2.5,0.5,False,10,65,173,33.52601156069364,0.79891869128028,-0.11369388320454954,-19.66904179438707
0.62,0.5,2.5,0.5,False,10,70,134,36.56716417910448,0.9305429099154745,-0.036774950946162996,-4.9278434267858415
0.62,0.5,2.5,0.5,False,10,75,89,35.95505617977528,0.8930038059977037,-0.05865387648824666,-5.2201950074539525
0.62,0.5,3.0,0.0,False,6,0,166,28.313253012048197,0.7818946814540472,-0.1687471521115852,-28.012027250523143
0.62,0.5,3.0,0.0,False,6,55,164,28.65853658536585,0.7962725410609152,-0.156664473591747,-25.69297366904651
0.62,0.5,3.0,0.0,False,6,60,162,29.01234567901235,0.8107748864672837,-0.14467384203425185,-23.437162409548797
0.62,0.5,3.0,0.0,False,6,65,152,30.263157894736842,0.8595616570130369,-0.10480335225438396,-15.930109542666361
0.62,0.5,3.0,0.0,False,6,70,130,31.538461538461537,0.976784306640715,-0.016777906113145245,-2.181127794708882
0.62,0.5,3.0,0.0,False,6,75,89,32.58426966292135,1.0102783349514182,0.007278768507952507,0.6478103972077731
0.62,0.5,3.0,0.0,False,10,0,199,27.63819095477387,0.712890633043318,-0.22630386376924463,-45.03446889007968
0.62,0.5,3.0,0.0,False,10,55,197,27.918781725888326,0.7235886890914642,-0.21682951933301028,-42.71541530860303
0.62,0.5,3.0,0.0,False,10,60,194,28.350515463917525,0.7409811740619393,-0.20148513866525358,-39.088116901059195
0.62,0.5,3.0,0.0,False,10,65,182,29.120879120879124,0.7607760414678622,-0.18308939498451288,-33.32226988718134
0.62,0.5,3.0,0.0,False,10,70,154,29.87012987012987,0.8398651352600857,-0.11987227016263202,-18.46032960504533
0.62,0.5,3.0,0.0,False,10,75,105,32.38095238095238,0.911030284673421,-0.06391944188929817,-6.7115413983763075
0.62,0.5,3.0,0.5,True,6,0,166,48.19277108433735,0.5754344385822748,-0.24538316019669,-40.733604592650536
0.62,0.5,3.0,0.5,True,6,55,164,47.5609756097561,0.5677879736278448,-0.25284890592464326,-41.4672205716415
0.62,0.5,3.0,0.5,True,6,60,162,48.148148148148145,0.5814594079996466,-0.24204573649471472,-39.211409312143786
0.62,0.5,3.0,0.5,True,6,65,152,48.68421052631579,0.5927597470254409,-0.23225314035656122,-35.302477334197306
0.62,0.5,3.0,0.5,True,6,70,130,51.53846153846153,0.6738582393168634,-0.17428629765741652,-22.65721869546415
0.62,0.5,3.0,0.5,True,6,75,89,52.80898876404494,0.647125499720164,-0.18492525912028906,-16.458348061705728
0.62,0.5,3.0,0.5,True,10,0,199,49.246231155778894,0.5858260159541219,-0.23451443829426324,-46.66837322055839
0.62,0.5,3.0,0.5,True,10,55,197,48.73096446700508,0.5793152971994224,-0.24061923451547892,-47.40198919954935
0.62,0.5,3.0,0.5,True,10,60,194,48.96907216494845,0.5877521758841798,-0.23464630788816365,-45.52138373030375
0.62,0.5,3.0,0.5,True,10,65,182,49.45054945054945,0.5857246314332684,-0.23271240442506502,-42.35365760536183
0.62,0.5,3.0,0.5,True,10,70,154,51.298701298701296,0.6291205495535264,-0.19932150409757998,-30.695511631027316
0.62,0.5,3.0,0.5,True,10,75,105,53.333333333333336,0.6294652810144096,-0.19182496794525303,-20.141621634251567
0.62,0.5,3.0,0.5,False,6,0,166,31.32530120481928,0.7481480979240166,-0.14971154496426545,-24.852116464068065
0.62,0.5,3.0,0.5,False,6,55,164,31.70731707317073,0.7501732217472832,-0.14991300270157937,-24.585732443059015
0.62,0.5,3.0,0.5,False,6,60,162,32.098765432098766,0.7677723461782063,-0.13783901965161305,-22.329921183561314
0.62,0.5,3.0,0.5,False,6,65,152,33.55263157894737,0.8095044018348012,-0.11132229740536073,-16.92098920561483
0.62,0.5,3.0,0.5,False,6,70,130,35.38461538461539,0.9343635183252204,-0.03605230747558103,-4.686799971825534
0.62,0.5,3.0,0.5,False,6,75,89,37.07865168539326,0.9799966921108703,-0.010763426860388817,-0.9579449905746047
0.62,0.5,3.0,0.5,False,10,0,199,30.15075376884422,0.713645274178734,-0.16757796153784413,-33.34801434603098
0.62,0.5,3.0,0.5,False,10,55,197,30.456852791878177,0.7152814104918616,-0.167927057487421,-33.08163032502194
0.62,0.5,3.0,0.5,False,10,60,194,30.927835051546392,0.7309651308635343,-0.1576733157232054,-30.588623250301847
0.62,0.5,3.0,0.5,False,10,65,182,31.868131868131865,0.7535580344424205,-0.14242251167780184,-25.920897125359936
0.62,0.5,3.0,0.5,False,10,70,154,33.116883116883116,0.8376002549127177,-0.0899338636596122,-13.849815003580279
0.62,0.5,3.0,0.5,False,10,75,105,36.19047619047619,0.9237014244151083,-0.040628006279162056,-4.265940659312016
0.62,0.8,2.0,0.0,False,6,0,119,36.134453781512605,0.9581433067452843,-0.027241714592051693,-3.2417640364541516
0.62,0.8,2.0,0.0,False,6,55,116,37.06896551724138,1.0011683554732635,0.0007465464741667798,0.08659939100334646
0.62,0.8,2.0,0.0,False,6,60,114,36.84210526315789,0.9891556446785233,-0.006948057409626833,-0.792078544697459
0.62,0.8,2.0,0.0,False,6,65,104,36.53846153846153,0.9946951711324172,-0.00338807019616487,-0.3523593004011465
0.62,0.8,2.0,0.0,False,6,70,80,38.75,1.1312583643833976,0.08013532414858053,6.410825931886443
0.62,0.8,2.0,0.0,False,6,75,49,34.69387755102041,0.894403695328428,-0.0675185492176796,-3.3084089116663
0.62,0.8,2.0,0.0,False,10,0,145,35.86206896551724,0.870439457954229,-0.0857008637377571,-12.426625241974778
0.62,0.8,2.0,0.0,False,10,55,142,36.61971830985916,0.9017310247004713,-0.06407226629941741,-9.098261814517272
0.62,0.8,2.0,0.0,False,10,60,140,36.42857142857142,0.8909685633755479,-0.07126385535870056,-9.976939750218078
0.62,0.8,2.0,0.0,False,10,65,126,35.714285714285715,0.8618457026157935,-0.09065939945013818,-11.42308433071741
0.62,0.8,2.0,0.0,False,10,70,98,38.775510204081634,0.9957321648856707,-0.002643514359217466,-0.2590644072033117
0.62,0.8,2.0,0.0,False,10,75,63,33.33333333333333,0.7151260130836029,-0.19015716736575755,-11.979901544042725
0.62,0.8,2.0,0.5,True,6,0,119,47.89915966386555,0.7208180527046032,-0.1541522300434677,-18.344115375172656
0.62,0.8,2.0,0.5,True,6,55,116,48.275862068965516,0.7395925707273235,-0.14251963753066454,-16.532277953557088
0.62,0.8,2.0,0.5,True,6,60,114,48.24561403508772,0.7290174656909594,-0.14834171832682364,-16.910955889257895
0.62,0.8,2.0,0.5,True,6,65,104,48.07692307692308,0.7224355147314774,-0.15190005140001236,-15.797605345601287
0.62,0.8,2.0,0.5,True,6,70,80,50.0,0.7873446290450097,-0.11349160275102214,-9.079328220081772
0.62,0.8,2.0,0.5,True,6,75,49,44.89795918367347,0.694817161080441,-0.1782598959972365,-8.734734903864588
0.62,0.8,2.0,0.5,True,10,0,145,48.275862068965516,0.694440535218984,-0.16830607686503232,-24.40438114542969
0.62,0.8,2.0,0.5,True,10,55,142,48.59154929577465,0.7090366768274646,-0.15910242059024032,-22.592543723814124
0.62,0.8,2.0,0.5,True,10,60,140,48.57142857142857,0.6999863996427402,-0.16408015471082088,-22.971221659514924
0.62,0.8,2.0,0.5,True,10,65,126,48.41269841269841,0.6712975536599769,-0.17967213803619062,-22.638689392560018
0.62,0.8,2.0,0.5,True,10,70,98,50.0,0.7224452005545078,-0.14859258416079735,-14.56207324775814
0.62,0.8,2.0,0.5,True,10,75,63,44.44444444444444,0.6075771451794323,-0.23195073187126783,-14.612896107889874
0.62,0.8,2.0,0.5,False,6,0,119,39.49579831932773,0.8800060803078841,-0.06711113750928627,-7.986225363605066
0.62,0.8,2.0,0.5,False,6,55,116,40.51724137931034,0.9116736224805861,-0.04891713743094391,-5.674387941989494
0.62,0.8,2.0,0.5,False,6,60,114,40.35087719298245,0.9041679719826038,-0.05309706910254652,-6.053065877690303
0.62,0.8,2.0,0.5,False,6,65,104,40.38461538461539,0.905245178801208,-0.052458279247315456,-5.455661041720807
0.62,0.8,2.0,0.5,False,6,70,80,43.75,1.008781983717393,0.004726734800722954,0.3781387840578363
0.62,0.8,2.0,0.5,False,6,75,49,40.816326530612244,0.7927385402189912,-0.12171443843878862,-5.964007483500643
0.62,0.8,2.0,0.5,False,10,0,145,39.310344827586206,0.8310283946121696,-0.09433873284448331,-13.67911626245008
0.62,0.8,2.0,0.5,False,10,55,142,40.140845070422536,0.8554577231646903,-0.08005125944249651,-11.367278840834505
0.62,0.8,2.0,0.5,False,10,60,140,40.0,0.8485626733853369,-0.08389969126096648,-11.745956776535309
0.62,0.8,2.0,0.5,False,10,65,126,39.682539682539684,0.8290262113464072,-0.09467754140688509,-11.92937021726752
0.62,0.8,2.0,0.5,False,10,70,98,43.87755102040816,0.9293483882076531,-0.03813501400210725,-3.7372313722065105
0.62,0.8,2.0,0.5,False,10,75,63,39.682539682539684,0.6812080202043668,-0.18961780830121597,-11.945921922976606
0.62,0.8,2.5,0.0,False,6,0,164,29.878048780487802,0.7304358722172669,-0.19862595282009934,-32.57465626249629
0.62,0.8,2.5,0.0,False,6,55,161,30.434782608695656,0.7513672406810231,-0.18141786631352272,-29.20827647647716
0.62,0.8,2.5,0.0,False,6,60,159,30.81761006289308,0.7661848523785271,-0.16941107352639498,-26.9363606906968
0.62,0.8,2.5,0.0,False,6,65,144,32.63888888888889,0.8445110091229677,-0.10852890744473141,-15.628162672041324
0.62,0.8,2.5,0.0,False,6,70,111,35.13513513513514,1.0112854111092107,0.007365847159072908,0.8176090346570928
0.62,0.8,2.5,0.0,False,6,75,75,34.66666666666667,1.052950708861492,0.03462384976273149,2.5967887322048617
0.62,0.8,2.5,0.0,False,10,0,197,29.949238578680205,0.6793364013108929,-0.2378534912131428,-46.85713776898913
0.62,0.8,2.5,0.0,False,10,55,194,30.412371134020617,0.6953557202329163,-0.22417916486067008,-43.490757982969996
0.62,0.8,2.5,0.0,False,10,60,191,30.89005235602094,0.7124068826413295,-0.20981087509975585,-40.07387714405337
0.62,0.8,2.5,0.0,False,10,65,174,31.60919540229885,0.7454107075454423,-0.18238103128966054,-31.734299444400936
0.62,0.8,2.5,0.0,False,10,70,135,34.074074074074076,0.867536020928329,-0.08930249896311435,-12.055837360020437
0.62,0.8,2.5,0.0,False,10,75,91,34.065934065934066,0.9211595456015887,-0.05278920772390016,-4.803817902874915
0.62,0.8,2.5,0.5,True,6,0,164,43.90243902439025,0.5588559028462405,-0.2688242115463062,-44.08717069359422
0.62,0.8,2.5,0.5,True,6,55,161,43.47826086956522,0.5572332271161575,-0.27183975734819177,-43.766200933058876
0.62,0.8,2.5,0.5,True,6,60,159,44.0251572327044,0.5703420530271388,-0.26097034683822967,-41.49428514727852
0.62,0.8,2.5,0.5,True,6,65,144,45.83333333333333,0.620529246483782,-0.22179000825640877,-31.937761188922863
0.62,0.8,2.5,0.5,True,6,70,111,48.64864864864865,0.7105282980969476,-0.15780286071890717,-17.516117539798696
0.62,0.8,2.5,0.5,True,6,75,75,48.0,0.7178401109547086,-0.1571029465750504,-11.782720993128779
0.62,0.8,2.5,0.5,True,10,0,197,44.16243654822335,0.5462725442388247,-0.27586058071231945,-54.34453440032693
0.62,0.8,2.5,0.5,True,10,55,194,43.81443298969072,0.5448053720721764,-0.278471982679338,-54.02356463979157
0.62,0.8,2.5,0.5,True,10,60,191,43.97905759162304,0.5520378381505925,-0.2730233838646193,-52.147466318142286
0.62,0.8,2.5,0.5,True,10,65,174,44.827586206896555,0.5671603944335276,-0.25870833918027,-45.01525101736697
0.62,0.8,2.5,0.5,True,10,70,135,48.148148148148145,0.6434465125278055,-0.1974809107490274,-26.6599229511187
0.62,0.8,2.5,0.5,True,10,75,91,47.25274725274725,0.6429693289985197,-0.2022853292402943,-18.40796496086678
0.62,0.8,3.0,0.5,True,6,0,164,43.90243902439025,0.5424910812504242,-0.2787965999132256,-45.72264238576899
0.62,0.8,3.0,0.5,True,6,55,162,43.20987654320987,0.534784245191636,-0.2869929019934036,-46.49285012293139
0.62,0.8,3.0,0.5,True,6,60,160,43.75,0.5469362949963068,-0.27670238718146406,-44.27238194903425
0.62,0.8,3.0,0.5,True,6,65,150,44.666666666666664,0.5816619306547084,-0.2505736567265118,-37.586048508976766
0.62,0.8,3.0,0.5,True,6,70,128,46.875,0.6494475670364716,-0.20006824928350964,-25.608735908289233
0.62,0.8,3.0,0.5,True,6,75,85,49.411764705882355,0.7152593615429271,-0.15479878751962775,-13.157896939168358
0.62,0.8,3.0,0.5,True,10,0,197,44.16243654822335,0.5259724806951694,-0.28820276377077053,-56.7759444628418
0.62,0.8,3.0,0.5,True,10,55,195,43.58974358974359,0.5195419463121542,-0.2951084728205343,-57.546152200004194
0.62,0.8,3.0,0.5,True,10,60,192,43.75,0.5259884730697622,-0.29021615359499014,-55.72150149023811
0.62,0.8,3.0,0.5,True,10,65,180,44.44444444444444,0.5429674195145882,-0.2755416635651814,-49.59749944173265
0.62,0.8,3.0,0.5,True,10,70,152,46.71052631578947,0.6022383480709761,-0.22838651583653485,-34.714750407153296
0.62,0.8,3.0,0.5,True,10,75,101,49.504950495049506,0.6715697887633117,-0.1786114631818209,-18.03975778136391
0.62,0.8,3.0,0.5,False,6,0,164,32.31707317073171,0.6655284258309062,-0.20729909765680685,-33.99705201571632
0.62,0.8,3.0,0.5,False,6,55,162,32.71604938271605,0.6670364312788286,-0.20843987501776984,-33.767259752878715
0.62,0.8,3.0,0.5,False,6,60,160,33.125,0.6819681409961245,-0.1971674473686348,-31.54679157898157
0.62,0.8,3.0,0.5,False,6,65,150,35.333333333333336,0.7433127563021995,-0.15573638759282724,-23.360458138924084
0.62,0.8,3.0,0.5,False,6,70,128,36.71875,0.837031707903186,-0.09443092197212469,-12.08715801243196
0.62,0.8,3.0,0.5,False,6,75,85,41.17647058823529,0.9931482170916339,-0.003772049578715127,-0.3206242141907858
0.62,0.8,3.0,0.5,False,10,0,197,32.48730964467005,0.6331530061445659,-0.22687428085328687,-44.69423332809751
0.62,0.8,3.0,0.5,False,10,55,195,32.82051282051282,0.6343494641276957,-0.22802277469364055,-44.464441065259905
0.62,0.8,3.0,0.5,False,10,60,192,33.33333333333333,0.6467734428225484,-0.21941945962902823,-42.12853624877342
0.62,0.8,3.0,0.5,False,10,65,180,35.0,0.6860962541084727,-0.19169185666815533,-34.50453420026796
0.62,0.8,3.0,0.5,False,10,70,152,36.18421052631579,0.7706673340410428,-0.13372235289397366,-20.325797639883998
0.62,0.8,3.0,0.5,False,10,75,101,41.584158415841586,0.9317813338850791,-0.037539842907357276,-3.791524133643085
0.62,0.8,2.5,0.5,False,6,0,164,32.926829268292686,0.6757280701229424,-0.20078658755762988,-32.9290003594513
0.62,0.8,2.5,0.5,False,6,55,161,33.54037267080746,0.6846340597777335,-0.19632317142183817,-31.608030598915946
0.62,0.8,2.5,0.5,False,6,60,159,33.9622641509434,0.700513159552723,-0.18450386674928046,-29.336114813135595
0.62,0.8,2.5,0.5,False,6,65,144,36.11111111111111,0.7734715795797393,-0.13422646558952328,-19.328611044891353
0.62,0.8,2.5,0.5,False,6,70,111,39.63963963963964,0.9209397899236638,-0.04369009650735035,-4.849600712315889
0.62,0.8,2.5,0.5,False,6,75,75,40.0,0.9296707807366502,-0.039604363469299034,-2.9703272601974273
0.62,0.8,2.5,0.5,False,10,0,197,32.99492385786802,0.6461199887096113,-0.2186814380786415,-43.080243301492374
0.62,0.8,2.5,0.5,False,10,55,194,33.50515463917525,0.653207964613828,-0.21525398732452075,-41.759273540957025
0.62,0.8,2.5,0.5,False,10,60,191,34.031413612565444,0.666420341706282,-0.20613571263134728,-39.37192111258733
0.62,0.8,2.5,0.5,False,10,65,174,35.05747126436782,0.6983988446067081,-0.18269382759726116,-31.78872600192344
0.62,0.8,2.5,0.5,False,10,70,135,38.51851851851852,0.8236278352783122,-0.09908171297943606,-13.376031252223868
0.62,0.8,2.5,0.5,False,10,75,91,39.56043956043956,0.8381125403941763,-0.09268802533178214,-8.434610305192175
0.62,0.8,3.0,0.0,False,6,0,164,28.65853658536585,0.7155763678120985,-0.21165097301845323,-34.71075957502633
0.62,0.8,3.0,0.0,False,6,55,162,29.01234567901235,0.7291704737845407,-0.20021948942410459,-32.43555728670494
0.62,0.8,3.0,0.0,False,6,60,160,29.375,0.7429449739215145,-0.18884430695504878,-30.215089112807807
0.62,0.8,3.0,0.0,False,6,65,150,31.333333333333336,0.8217886736435723,-0.12625201573456907,-18.93780236018536
0.62,0.8,3.0,0.0,False,6,70,128,32.03125,0.9255627635452491,-0.05141900552280138,-6.581632706918577
0.62,0.8,3.0,0.0,False,6,75,85,35.294117647058826,1.1239564502861454,0.07978593769140796,6.7818047037696765
0.62,0.8,3.0,0.0,False,10,0,197,28.934010152284262,0.6600308018751515,-0.2542391767624334,-50.085117822199386
0.62,0.8,3.0,0.0,False,10,55,195,29.230769230769234,0.6703840000593568,-0.2451790540198872,-47.809915533878005
0.62,0.8,3.0,0.0,False,10,60,192,29.6875,0.686307931700886,-0.23148167868148217,-44.44448230684458
0.62,0.8,3.0,0.0,False,10,65,180,31.11111111111111,0.7329729010628306,-0.19173128111596047,-34.511630600872884
0.62,0.8,3.0,0.0,False,10,70,152,31.57894736842105,0.8231113937512123,-0.1244558433496064,-18.917288189140173
0.62,0.8,3.0,0.0,False,10,75,101,35.64356435643564,1.020058648485103,0.01301192015886852,1.3142039360457205
0.62,1.1,2.0,0.5,True,6,0,132,45.45454545454545,0.6923702735726548,-0.17316986256490263,-22.858421858567148
0.62,1.1,2.0,0.5,True,6,55,129,45.73643410852713,0.7076229033582438,-0.16343912167593394,-21.08364669619548
0.62,1.1,2.0,0.5,True,6,60,126,46.03174603174603,0.7092581019774598,-0.16124832470221576,-20.317288912479185
0.62,1.1,2.0,0.5,True,6,65,115,46.08695652173913,0.7310546669294279,-0.14775264754459916,-16.9915544676289
0.62,1.1,2.0,0.5,True,6,70,86,47.674418604651166,0.7657766784357167,-0.12432423716847571,-10.691884396488911
0.62,1.1,2.0,0.5,True,6,75,49,44.89795918367347,0.7152104041561694,-0.15811858665640044,-7.747810746163621
0.62,1.1,2.0,0.5,True,10,0,162,46.2962962962963,0.6867228059577678,-0.17517687015184377,-28.378652964598693
0.62,1.1,2.0,0.5,True,10,55,158,46.20253164556962,0.6943807957279658,-0.17097761658329577,-27.014463420160734
0.62,1.1,2.0,0.5,True,10,60,155,46.45161290322581,0.6953642330585476,-0.16934261700931902,-26.24810563644445
0.62,1.1,2.0,0.5,True,10,65,139,46.76258992805755,0.7148447106728819,-0.15619222419169249,-21.710719162645255
0.62,1.1,2.0,0.5,True,10,70,106,49.056603773584904,0.754460675316007,-0.1282103535397897,-13.590297475217708
0.62,1.1,2.0,0.5,True,10,75,64,43.75,0.6295788380343541,-0.21326403085452678,-13.648897974689714
0.62,1.1,2.0,0.5,False,6,0,132,38.63636363636363,0.812891375692068,-0.10627392385191853,-14.028157948453245
0.62,1.1,2.0,0.5,False,6,55,129,39.53488372093023,0.8383271623711217,-0.09111149446574858,-11.753382786081566
0.62,1.1,2.0,0.5,False,6,60,126,39.682539682539684,0.8440854824544727,-0.08719861112988316,-10.987025002365277
0.62,1.1,2.0,0.5,False,6,65,115,40.0,0.8642543401584477,-0.07522189010649671,-8.650517362247122
0.62,1.1,2.0,0.5,False,6,70,86,41.86046511627907,0.949349016401518,-0.027103033426722895,-2.330860874698169
0.62,1.1,2.0,0.5,False,6,75,49,40.816326530612244,0.814685681372725,-0.10339326672280726,-5.0662700694175555
0.62,1.1,2.0,0.5,False,10,0,162,40.123456790123456,0.7945033194766921,-0.1158096750638771,-18.76116736034809
0.62,1.1,2.0,0.5,False,10,55,158,40.50632911392405,0.8040520161636695,-0.11040294508440618,-17.443665323336177
0.62,1.1,2.0,0.5,False,10,60,155,40.64516129032258,0.8078465639110038,-0.10759553251367668,-16.677307539619886
0.62,1.1,2.0,0.5,False,10,65,139,41.007194244604314,0.8288823867805226,-0.09445430122699867,-13.129147870552815
0.62,1.1,2.0,0.5,False,10,70,106,43.39622641509434,0.910532778162113,-0.047063582704870856,-4.988739766716311
0.62,1.1,2.0,0.5,False,10,75,64,40.625,0.7124978811521269,-0.16612402684641298,-10.63193771817043
0.62,1.1,2.0,0.0,False,6,0,132,35.60606060606061,0.8881032202996998,-0.07186316897614702,-9.485938304851405
0.62,1.1,2.0,0.0,False,6,55,129,36.434108527131784,0.923954648570916,-0.04803507339767213,-6.196524468299705
0.62,1.1,2.0,0.0,False,6,60,126,36.507936507936506,0.9251754507650959,-0.047064814957011224,-5.930166684583414
0.62,1.1,2.0,0.0,False,6,65,115,36.52173913043478,0.9552915587647824,-0.0277986273388741,-3.1968421439705215
0.62,1.1,2.0,0.0,False,6,70,86,38.372093023255815,1.0543191318734733,0.03257672897699928,2.801598692021938
0.62,1.1,2.0,0.0,False,6,75,49,34.69387755102041,0.8964118307328997,-0.06304546098125682,-3.0892275880815845
0.62,1.1,2.0,0.0,False,10,0,162,37.03703703703704,0.8480563610372629,-0.09661168189130201,-15.651092466390926
0.62,1.1,2.0,0.0,False,10,55,158,37.34177215189873,0.8661208907452107,-0.08449338854661113,-13.34995539036456
0.62,1.1,2.0,0.0,False,10,60,155,37.41935483870968,0.865790250760569,-0.08441030713966627,-13.083597606648272
0.62,1.1,2.0,0.0,False,10,65,139,37.410071942446045,0.891708389323006,-0.06732209930375474,-9.357771803221908
0.62,1.1,2.0,0.0,False,10,70,106,39.62264150943396,0.9677581013953034,-0.019231880669263204,-2.0385793509418995
0.62,1.1,2.0,0.0,False,10,75,64,34.375,0.7551782824579455,-0.1543923202569617,-9.881108496445549
0.62,1.1,2.5,0.0,False,6,0,162,30.864197530864196,0.6793493642528666,-0.22400070930365185,-36.2881149071916
0.62,1.1,2.5,0.0,False,6,55,159,31.446540880503143,0.699905523951066,-0.20732273617442948,-32.96431505173429
0.62,1.1,2.5,0.0,False,6,60,157,31.84713375796178,0.7082067444065124,-0.20176276219347267,-31.67675366437521
0.62,1.1,2.5,0.0,False,6,65,143,32.86713286713287,0.7653908353957803,-0.1576470709140937,-22.543531140715398
0.62,1.1,2.5,0.0,False,6,70,110,35.45454545454545,0.9174427981747341,-0.051289253052067156,-5.641817835727387
0.62,1.1,2.5,0.0,False,6,75,71,35.2112676056338,1.032654400225859,0.019837398777908806,1.4084553132315252
0.62,1.1,2.5,0.0,False,10,0,195,32.82051282051282,0.6965677376153995,-0.20796990872769225,-40.55413220189999
0.62,1.1,2.5,0.0,False,10,55,192,33.33333333333333,0.7143326054581106,-0.19390798097105563,-37.23033234644268
0.62,1.1,2.5,0.0,False,10,60,189,33.33333333333333,0.713801532265687,-0.19540236888681983,-36.93104771960895
0.62,1.1,2.5,0.0,False,10,65,173,33.52601156069364,0.7390363570258837,-0.17584588729337677,-30.42133850175418
0.62,1.1,2.5,0.0,False,10,70,134,35.82089552238806,0.835285545220772,-0.10375904790388628,-13.903712419120762
0.62,1.1,2.5,0.0,False,10,75,88,36.36363636363637,0.9550225871873922,-0.027451373295809326,-2.415720850031221
0.62,1.1,2.5,0.5,True,6,0,162,41.9753086419753,0.5598525784198773,-0.26683358433717397,-43.22704066262219
0.62,1.1,2.5,0.5,True,6,55,159,41.509433962264154,0.5578729551874623,-0.2700827249929184,-42.943153273874024
0.62,1.1,2.5,0.5,True,6,60,157,42.038216560509554,0.5653676167081624,-0.2653222413153818,-41.65559188651494
0.62,1.1,2.5,0.5,True,6,65,143,44.05594405594406,0.6194093118200301,-0.22189184898546216,-31.730534404921087
0.62,1.1,2.5,0.5,True,6,70,110,46.36363636363636,0.7041692625697886,-0.1612443362986666,-17.736876992853325
0.62,1.1,2.5,0.5,True,6,75,71,45.07042253521127,0.7100822532390214,-0.16052089176851167,-11.396983315564329
0.62,1.1,2.5,0.5,True,10,0,195,43.07692307692308,0.5849988219675875,-0.2484494531212389,-48.447643358641585
0.62,1.1,2.5,0.5,True,10,55,192,42.70833333333333,0.5835715771819844,-0.2508528956765282,-48.163755969893415
0.62,1.1,2.5,0.5,True,10,60,189,42.857142857142854,0.5865513261398233,-0.2501946042352807,-47.28678020046806
0.62,1.1,2.5,0.5,True,10,65,173,43.93063583815029,0.6111888930694457,-0.2290270138994541,-39.62167340460556
0.62,1.1,2.5,0.5,True,10,70,134,46.26865671641791,0.6684997522856628,-0.18326124337322128,-24.55700661201165
0.62,1.1,2.5,0.5,True,10,75,88,46.590909090909086,0.7117436553202865,-0.15702789062050243,-13.818454374604213
0.62,1.1,2.5,0.5,False,6,0,162,33.95061728395062,0.6400723733245536,-0.22045057640529342,-35.71299337765753
0.62,1.1,2.5,0.5,False,6,55,159,34.59119496855346,0.648463130460269,-0.21653525779188282,-34.42910598890937
0.62,1.1,2.5,0.5,False,6,60,157,35.03184713375796,0.6571017773316482,-0.21109264077420561,-33.14154460155028
0.62,1.1,2.5,0.5,False,6,65,143,36.36363636363637,0.7177568246887428,-0.16615259310820943,-23.759820814473947
0.62,1.1,2.5,0.5,False,6,70,110,40.0,0.8507538850442026,-0.08208437983977125,-9.029281782374838
0.62,1.1,2.5,0.5,False,6,75,71,40.845070422535215,0.8953881519334165,-0.05827800942889901,-4.13773866945183
0.62,1.1,2.5,0.5,False,10,0,195,35.8974358974359,0.6591851353961593,-0.20587884297200115,-40.14637437954023
0.62,1.1,2.5,0.5,False,10,55,192,36.45833333333333,0.6664489714404104,-0.20240878641037532,-38.862486990792064
0.62,1.1,2.5,0.5,False,10,60,189,36.507936507936506,0.6655882190916884,-0.2038740673481097,-38.532198728792736
0.62,1.1,2.5,0.5,False,10,65,173,36.99421965317919,0.6943229768643803,-0.18156315391588296,-31.41042562744775
0.62,1.1,2.5,0.5,False,10,70,134,40.298507462686565,0.7909435176012,-0.11648415831957097,-15.60887721482251
0.62,1.1,2.5,0.5,False,10,75,88,42.04545454545455,0.8605664258649154,-0.07640670623543745,-6.723790148718496
0.62,1.1,3.0,0.0,False,6,0,162,29.629629629629626,0.6697855492384508,-0.23500889511147388,-38.07144100805877
0.62,1.1,3.0,0.0,False,6,55,160,30.0,0.6830683738018636,-0.2239342034099942,-35.829472545599074
0.62,1.1,3.0,0.0,False,6,60,158,30.37974683544304,0.6965861443427355,-0.21288374633673757,-33.635631921204535
0.62,1.1,3.0,0.0,False,6,65,148,31.756756756756754,0.7594983045268182,-0.16507044273711485,-24.430425525092996
0.62,1.1,3.0,0.0,False,6,70,128,32.03125,0.8396828333561976,-0.10791681680953905,-13.813352551620998
0.62,1.1,3.0,0.0,False,6,75,79,32.91139240506329,0.872275367737456,-0.08192836603086656,-6.472340916438458
0.62,1.1,3.0,0.0,False,10,0,195,31.28205128205128,0.6407978806355376,-0.25211719041446473,-49.16285213082062
0.62,1.1,3.0,0.0,False,10,55,193,31.606217616580313,0.6514693771192529,-0.24311338688269907,-46.92088366836092
0.62,1.1,3.0,0.0,False,10,60,190,31.57894736842105,0.6547989841242658,-0.2406069463394302,-45.715319804491735
0.62,1.1,3.0,0.0,False,10,65,178,32.58426966292135,0.6925109772117657,-0.21077597993688324,-37.51812442876522
0.62,1.1,3.0,0.0,False,10,70,151,33.11258278145696,0.7775007964925446,-0.1489870895578027,-22.49705052322821
0.62,1.1,3.0,0.0,False,10,75,96,35.41666666666667,0.8260502299197565,-0.1090425707939751,-10.468086796221609
0.62,1.1,3.0,0.5,True,6,0,162,41.9753086419753,0.5557041625769814,-0.26934850687087225,-43.63445811308131
0.62,1.1,3.0,0.5,True,6,55,160,41.25,0.5475793177888116,-0.27770251323331724,-44.43240211733076
0.62,1.1,3.0,0.5,True,6,60,158,41.77215189873418,0.5600907236215571,-0.2673326676768116,-42.23856149293623
0.62,1.1,3.0,0.5,True,6,65,148,43.24324324324324,0.6023294254715579,-0.23605014906208382,-34.935422061188405
0.62,1.1,3.0,0.5,True,6,70,128,43.75,0.639996318825769,-0.20965678903360285,-26.836068996301165
0.62,1.1,3.0,0.5,True,6,75,79,45.56962025316456,0.7204920992289623,-0.15440249488959515,-12.197797096278016
0.62,1.1,3.0,0.5,True,10,0,195,43.07692307692308,0.5545071077399236,-0.2667039789529716,-52.00727589582946
0.62,1.1,3.0,0.5,True,10,55,193,42.487046632124354,0.5476719413869177,-0.2736021756480772,-52.8052199000789
0.62,1.1,3.0,0.5,True,10,60,190,42.63157894736842,0.5545766912972332,-0.2685366573348321,-51.021964893618104
0.62,1.1,3.0,0.5,True,10,65,178,43.82022471910113,0.5806999128614068,-0.2479063372215524,-44.12732802543633
0.62,1.1,3.0,0.5,True,10,70,151,44.370860927152314,0.6168182025961734,-0.22214757915739985,-33.54428445276738
0.62,1.1,3.0,0.5,True,10,75,96,47.91666666666667,0.7280860963842346,-0.1450048412364182,-13.920464758696149
0.62,1.1,3.0,0.5,False,6,0,162,32.71604938271605,0.6314435442380261,-0.22595466930920444,-36.60465642809112
0.62,1.1,3.0,0.5,False,6,55,160,33.125,0.6327307808761499,-0.22751625270212852,-36.40260043234056
0.62,1.1,3.0,0.5,False,6,60,158,33.54430379746836,0.6470525527606934,-0.21651113802497482,-34.208759807946024
0.62,1.1,3.0,0.5,False,6,65,148,35.13513513513514,0.7014386394848784,-0.17887547939874815,-26.473570951014725
0.62,1.1,3.0,0.5,False,6,70,128,35.9375,0.75937808755298,-0.1415056508801051,-18.112723312653454
0.62,1.1,3.0,0.5,False,6,75,79,37.9746835443038,0.8095718281246005,-0.10618237171091638,-8.388407365162394
0.62,1.1,3.0,0.5,False,10,0,195,34.35897435897436,0.6232014524659627,-0.22795248381538738,-44.45073434400054
0.62,1.1,3.0,0.5,False,10,55,193,34.715025906735754,0.6242706919023278,-0.22926776346243513,-44.24867834824998
0.62,1.1,3.0,0.5,False,10,60,190,34.73684210526316,0.6278379190647039,-0.22637953078534326,-43.01211084921522
0.62,1.1,3.0,0.5,False,10,65,178,35.95505617977528,0.6639177671620556,-0.20047991323511216,-35.68542455584996
0.62,1.1,3.0,0.5,False,10,70,151,37.086092715231786,0.7243828557829914,-0.16119792324309265,-24.34088640970699
0.62,1.1,3.0,0.5,False,10,75,96,40.625,0.805675615946078,-0.10454309661567995,-10.036137275105276
