ts_open,ts_close,symbol,direction,strategy,regime,regime_conf,setup_score,grade,session,entry,stop,tp1,tp2,exit,exit_reason,lots,risk_money,risk_percent,r_distance,pnl,r_multiple,mfe_r,mae_r,bars_held,spread,atr,entry_slippage,exit_slippage,commission,news_status,entry_reason,equity_after
2024-01-09 13:52:00+00:00,2024-01-09 21:00:00+00:00,XAUUSD,SHORT,LIQUIDITY_REVERSAL,CHOPPY,0.628,90.0,A+,OVERLAP,2038.253,2048.319,2025.669,2025.669,2029.289,SESSION_END,0.002,2.0133,0.4027,10.067,1.7927,0.8904,1.216,0.175,428,0.265,1.891,0.05,0.05,0.0,clear,sweep + rejection + CHoCH + displacement,501.7927
2024-01-22 14:56:00+00:00,2024-01-22 21:00:00+00:00,XAUUSD,LONG,LIQUIDITY_REVERSAL,LIQUIDITY_REVERSAL,0.8,100.0,A+,OVERLAP,2023.753,2004.433,2047.902,2047.902,2020.204,SESSION_END,0.001,1.9319,0.385,19.319,-0.3549,-0.1837,0.139,0.243,364,0.335,2.184,0.05,0.05,0.0,clear,sweep + rejection + CHoCH + displacement,501.4378
2024-02-01 13:31:00+00:00,2024-02-01 14:16:00+00:00,XAUUSD,LONG,LIQUIDITY_REVERSAL,LIQUIDITY_REVERSAL,0.8,90.0,A+,OVERLAP,2034.379,2024.571,2046.638,2046.638,2046.483,TP2,0.002,1.9615,0.3912,9.807,2.4208,1.2342,1.267,0.039,45,0.247,1.478,0.05,0.0,0.0,clear,sweep + rejection + CHoCH + displacement,503.8586
2024-02-01 15:01:00+00:00,2024-02-01 16:43:00+00:00,XAUUSD,SHORT,LIQUIDITY_REVERSAL,LIQUIDITY_REVERSAL,0.7,75.0,B,OVERLAP,2044.361,2061.365,2023.106,2023.106,2061.7,STOP,0.001,1.7004,0.3375,17.004,-1.7339,-1.0197,0.034,1.105,102,0.328,2.327,0.05,0.12,0.0,clear,sweep + rejection + CHoCH + displacement,502.1247
2024-02-02 13:26:00+00:00,2024-02-02 13:31:00+00:00,XAUUSD,SHORT,LIQUIDITY_REVERSAL,LIQUIDITY_REVERSAL,1.0,85.0,A,OVERLAP,2053.542,2064.048,2040.41,2040.41,2040.528,TP2,0.002,2.1012,0.4185,10.506,2.6028,1.2387,1.256,0.017,5,0.226,1.07,0.05,0.0,0.0,clear,sweep + rejection + CHoCH + displacement,504.7275
2024-02-02 14:52:00+00:00,2024-02-02 18:00:00+00:00,XAUUSD,LONG,LIQUIDITY_REVERSAL,LIQUIDITY_REVERSAL,0.8,85.0,A,OVERLAP,2033.632,2017.509,2053.785,2053.785,2034.745,SESSION_END,0.001,1.6122,0.3194,16.122,0.1113,0.069,0.235,0.325,188,0.473,2.913,0.05,0.05,0.0,clear,sweep + rejection + CHoCH + displacement,504.8388
2024-02-09 13:36:00+00:00,2024-02-09 18:00:00+00:00,XAUUSD,LONG,LIQUIDITY_REVERSAL,LIQUIDITY_REVERSAL,1.0,85.0,A,OVERLAP,2030.917,2016.6,2048.814,2048.814,2024.543,SESSION_END,0.001,1.4318,0.2836,14.318,-0.6375,-0.4452,0.06,0.749,264,0.345,1.649,0.05,0.05,0.0,clear,sweep + rejection + CHoCH + displacement,504.2013
2024-02-16 15:11:00+00:00,2024-02-16 18:00:00+00:00,XAUUSD,LONG,LIQUIDITY_REVERSAL,LIQUIDITY_REVERSAL,1.0,95.0,A+,OVERLAP,2002.325,1983.493,2025.864,2025.864,2012.738,SESSION_END,0.001,1.8831,0.3735,18.831,1.0414,0.553,0.636,0.0,169,0.499,2.259,0.05,0.05,0.0,clear,sweep + rejection + CHoCH + displacement,505.2427
2024-03-05 11:07:00+00:00,2024-03-05 13:34:00+00:00,XAUUSD,LONG,TREND_CONTINUATION,STRONG_BULL,1.0,85.0,A,LONDON,2126.159,2115.479,2139.511,2139.511,2139.366,TP2,0.002,2.1362,0.4228,10.681,2.6413,1.2364,1.283,0.473,147,0.289,1.371,0.05,0.0,0.0,clear,trend pullback + LTF BOS,507.884
2024-03-06 13:31:00+00:00,2024-03-06 14:47:00+00:00,XAUUSD,SHORT,LIQUIDITY_REVERSAL,LIQUIDITY_REVERSAL,0.7,75.0,B,OVERLAP,2132.28,2146.949,2113.944,2113.944,2147.238,STOP,0.001,1.4669,0.2888,14.669,-1.4958,-1.0197,0.0,1.005,76,0.256,1.535,0.05,0.12,0.0,clear,sweep + rejection + CHoCH + displacement,506.3882
2024-03-07 11:06:00+00:00,2024-03-07 13:06:00+00:00,XAUUSD,SHORT,LIQUIDITY_REVERSAL,LIQUIDITY_REVERSAL,0.7,80.0,B,LONDON,2154.768,2163.549,2143.792,2143.792,2163.77,STOP,0.002,1.7562,0.3468,8.781,-1.8004,-1.0252,0.187,1.124,120,0.214,1.158,0.05,0.12,0.0,clear,sweep + rejection + CHoCH + displacement,504.5878
2024-03-11 18:58:00+00:00,2024-03-11 22:00:00+00:00,XAUUSD,LONG,LIQUIDITY_REVERSAL,LIQUIDITY_REVERSAL,0.8,90.0,A+,NEWYORK,2180.55,2171.335,2192.068,2192.068,2181.521,SESSION_END,0.002,1.843,0.3652,9.215,0.1942,0.1054,0.38,0.002,121,0.229,1.144,0.05,0.05,0.0,clear,sweep + rejection + CHoCH + displacement,504.782
2024-03-12 12:22:00+00:00,2024-03-12 12:41:00+00:00,XAUUSD,SHORT,BREAKOUT,EXPANSION,0.876,55.0,NO_TRADE,OVERLAP,2168.642,2181.177,2152.974,2152.974,2181.51,STOP,0.002,2.5069,0.4966,12.535,-2.5736,-1.0266,0.617,1.055,19,0.246,1.443,0.05,0.12,0.0,clear,compression -> confirmed range break + momentum,502.2084
2024-03-19 12:26:00+00:00,2024-03-19 20:26:00+00:00,XAUUSD,SHORT,LIQUIDITY_REVERSAL,LIQUIDITY_REVERSAL,1.0,100.0,A+,OVERLAP,2152.819,2163.558,2139.397,2139.397,2158.326,TIME,0.002,2.1476,0.4276,10.738,-1.1014,-0.5128,0.422,0.54,480,0.231,1.308,0.05,0.05,0.0,clear,sweep + rejection + CHoCH + displacement,501.107
2024-03-27 11:46:00+00:00,2024-03-27 19:46:00+00:00,XAUUSD,SHORT,LIQUIDITY_REVERSAL,LIQUIDITY_REVERSAL,1.0,85.0,A,LONDON,2190.953,2207.559,2170.195,2170.195,2191.709,TIME,0.001,1.6606,0.3314,16.606,-0.0756,-0.0455,0.453,0.251,480,0.324,1.975,0.05,0.05,0.0,clear,sweep + rejection + CHoCH + displacement,501.0314
2024-04-01 10:28:00+00:00,2024-04-01 15:02:00+00:00,XAUUSD,SHORT,LIQUIDITY_REVERSAL,LIQUIDITY_REVERSAL,0.7,70.0,NO_TRADE,LONDON,2253.483,2266.094,2237.721,2237.721,2237.872,TP2,0.001,1.261,0.2517,12.61,1.5611,1.238,1.285,0.339,274,0.203,1.302,0.05,0.0,0.0,clear,sweep + rejection + CHoCH + displacement,502.5926
2024-04-02 00:04:00+00:00,2024-04-02 08:04:00+00:00,XAUUSD,SHORT,LIQUIDITY_REVERSAL,BULL,0.866,70.0,NO_TRADE,ASIA,2251.206,2263.185,2236.231,2236.231,2254.363,TIME,0.002,2.3959,0.4767,11.979,-0.6314,-0.2635,0.386,0.717,480,0.339,1.488,0.05,0.05,0.0,clear,sweep + rejection + CHoCH + displacement,501.9612
2024-04-04 13:51:00+00:00,2024-04-04 19:56:00+00:00,XAUUSD,LONG,LIQUIDITY_REVERSAL,LIQUIDITY_REVERSAL,0.7,90.0,A+,OVERLAP,2287.443,2274.197,2304.0,2304.0,2303.832,TP2,0.001,1.3246,0.2639,13.246,1.6389,1.2373,1.351,0.21,365,0.256,2.265,0.05,0.0,0.0,clear,sweep + rejection + CHoCH + displacement,503.6001
2024-04-05 13:39:00+00:00,2024-04-05 15:24:00+00:00,XAUUSD,SHORT,LIQUIDITY_REVERSAL,LIQUIDITY_REVERSAL,1.0,85.0,A,OVERLAP,2290.244,2305.809,2270.787,2270.787,2306.117,STOP,0.001,1.5565,0.3091,15.565,-1.5873,-1.0198,0.392,1.124,105,0.283,2.87,0.05,0.12,0.0,clear,sweep + rejection + CHoCH + displacement,502.0128
2024-04-08 14:36:00+00:00,2024-04-08 21:00:00+00:00,XAUUSD,SHORT,LIQUIDITY_REVERSAL,LIQUIDITY_REVERSAL,0.8,75.0,B,OVERLAP,2330.63,2345.003,2312.664,2312.664,2338.961,SESSION_END,0.001,1.4373,0.2863,14.373,-0.8331,-0.5796,0.839,0.784,384,0.27,3.821,0.05,0.05,0.0,clear,sweep + rejection + CHoCH + displacement,501.1797
2024-04-09 02:16:00+00:00,2024-04-09 10:16:00+00:00,XAUUSD,LONG,BREAKOUT,COMPRESSION,0.963,80.0,B,ASIA,2343.893,2327.764,2364.053,2364.053,2360.015,TIME,0.001,1.6128,0.3218,16.128,1.6122,0.9996,1.077,0.346,480,0.315,1.633,0.05,0.05,0.0,clear,compression -> confirmed range break + momentum,502.7919
2024-04-09 10:21:00+00:00,2024-04-09 12:36:00+00:00,XAUUSD,LONG,BREAKOUT,STRONG_BULL,1.0,85.0,A,LONDON,2362.325,2351.496,2375.862,2375.862,2351.281,STOP,0.002,2.1659,0.4308,10.829,-2.2088,-1.0198,0.264,1.017,135,0.201,1.934,0.05,0.12,0.0,clear,compression -> confirmed range break + momentum,500.5831
2024-04-09 20:11:00+00:00,2024-04-09 21:00:00+00:00,XAUUSD,SHORT,LIQUIDITY_REVERSAL,LIQUIDITY_REVERSAL,0.8,85.0,A,NEWYORK,2345.978,2356.353,2333.009,2333.009,2351.359,SESSION_END,0.002,2.075,0.4145,10.375,-1.0763,-0.5187,0.081,0.525,49,0.22,1.664,0.05,0.05,0.0,clear,sweep + rejection + CHoCH + displacement,499.5068
2024-04-10 14:18:00+00:00,2024-04-10 15:20:00+00:00,XAUUSD,SHORT,BREAKOUT,EXPANSION,0.95,80.0,B,OVERLAP,2326.851,2348.489,2299.804,2299.804,2348.865,STOP,0.001,2.1637,0.4332,21.637,-2.2014,-1.0174,0.351,1.075,62,0.468,5.374,0.05,0.12,0.0,clear,compression -> confirmed range break + momentum,497.3054
2024-04-12 00:52:00+00:00,2024-04-12 03:03:00+00:00,XAUUSD,LONG,TREND_CONTINUATION,STRONG_BULL,0.933,85.0,A,ASIA,2376.719,2363.894,2392.75,2392.75,2392.494,TP2,0.001,1.2825,0.2579,12.825,1.5776,1.2301,1.303,0.174,131,0.347,1.647,0.05,0.0,0.0,clear,trend pullback + LTF BOS,498.883
2024-04-12 08:13:00+00:00,2024-04-12 15:11:00+00:00,XAUUSD,LONG,BREAKOUT,STRONG_BULL,1.0,70.0,NO_TRADE,LONDON,2396.673,2387.25,2408.451,2408.451,2408.299,TP2,0.002,1.8845,0.3777,9.423,2.3252,1.2339,1.416,0.675,418,0.236,2.208,0.05,0.0,0.0,clear,compression -> confirmed range break + momentum,501.2082
2024-04-12 15:56:00+00:00,2024-04-12 16:24:00+00:00,XAUUSD,LONG,BREAKOUT,BULL,1.0,95.0,A+,OVERLAP,2424.026,2401.724,2451.905,2451.905,2401.359,STOP,0.001,2.2303,0.445,22.303,-2.2667,-1.0163,0.33,1.056,28,0.337,4.611,0.05,0.12,0.0,clear,compression -> confirmed range break + momentum,498.9415
2024-04-16 13:26:00+00:00,2024-04-16 16:01:00+00:00,XAUUSD,SHORT,LIQUIDITY_REVERSAL,LIQUIDITY_REVERSAL,1.0,80.0,B,OVERLAP,2369.619,2384.729,2350.732,2350.732,2385.042,STOP,0.001,1.511,0.3028,15.11,-1.5423,-1.0207,0.409,1.022,155,0.191,2.13,0.05,0.12,0.0,clear,sweep + rejection + CHoCH + displacement,497.3992
2024-04-16 18:02:00+00:00,2024-04-16 18:52:00+00:00,XAUUSD,LONG,BREAKOUT,BULL,0.765,70.0,NO_TRADE,NEWYORK,2394.99,2382.54,2410.552,2410.552,2382.251,STOP,0.001,1.245,0.2503,12.45,-1.2738,-1.0232,0.033,1.235,50,0.323,3.613,0.05,0.12,0.0,clear,compression -> confirmed range break + momentum,496.1254
2024-04-16 20:36:00+00:00,2024-04-16 21:00:00+00:00,XAUUSD,SHORT,LIQUIDITY_REVERSAL,LIQUIDITY_REVERSAL,1.0,85.0,A,NEWYORK,2389.329,2405.223,2369.46,2369.46,2390.33,SESSION_END,0.001,1.5895,0.3204,15.895,-0.1002,-0.063,0.025,0.146,24,0.273,2.928,0.05,0.05,0.0,clear,sweep + rejection + CHoCH + displacement,496.0252
2024-04-18 11:26:00+00:00,2024-04-18 15:38:00+00:00,XAUUSD,LONG,LIQUIDITY_REVERSAL,LIQUIDITY_REVERSAL,1.0,80.0,B,LONDON,2381.86,2369.483,2397.331,2397.331,2369.186,STOP,0.002,2.4754,0.499,12.377,-2.5348,-1.024,0.87,1.001,252,0.19,1.331,0.05,0.12,0.0,clear,sweep + rejection + CHoCH + displacement,493.4904
2024-04-22 13:56:00+00:00,2024-04-22 21:00:00+00:00,XAUUSD,SHORT,BREAKOUT,STRONG_BEAR,0.975,85.0,A,OVERLAP,2336.179,2351.548,2316.967,2316.967,2329.944,SESSION_END,0.001,1.5369,0.3114,15.369,0.6234,0.4056,0.756,0.488,424,0.252,3.469,0.05,0.05,0.0,clear,compression -> confirmed range break + momentum,494.1138
2024-04-30 07:06:00+00:00,2024-04-30 13:24:00+00:00,XAUUSD,SHORT,BREAKOUT,STRONG_BEAR,0.935,80.0,B,LONDON,2320.339,2330.043,2308.208,2308.208,2308.312,TP2,0.002,1.9409,0.3928,9.704,2.4055,1.2394,1.267,0.281,378,0.212,1.485,0.05,0.0,0.0,clear,compression -> confirmed range break + momentum,496.5193
2024-05-01 19:09:00+00:00,2024-05-01 21:00:00+00:00,XAUUSD,LONG,LIQUIDITY_REVERSAL,LIQUIDITY_REVERSAL,0.7,85.0,A,NEWYORK,2304.27,2280.765,2333.652,2333.652,2306.833,SESSION_END,0.001,2.3506,0.4734,23.506,0.2562,0.109,1.019,0.125,111,0.351,2.825,0.05,0.05,0.0,clear,sweep + rejection + CHoCH + displacement,496.7755
2024-05-02 13:04:00+00:00,2024-05-02 14:12:00+00:00,XAUUSD,SHORT,TREND_CONTINUATION,STRONG_BEAR,0.971,85.0,A,OVERLAP,2298.07,2306.45,2287.596,2287.596,2287.741,TP2,0.002,1.6758,0.3373,8.379,2.0658,1.2327,1.41,0.75,68,0.209,1.72,0.05,0.0,0.0,clear,trend pullback + LTF BOS,498.8413
2024-05-06 08:31:00+00:00,2024-05-06 16:31:00+00:00,XAUUSD,LONG,TREND_CONTINUATION,STRONG_BULL,0.883,85.0,A,LONDON,2317.033,2304.269,2332.986,2332.986,2322.094,TIME,0.001,1.2763,0.2559,12.763,0.5062,0.3966,1.172,0.2,480,0.235,1.646,0.05,0.05,0.0,clear,trend pullback + LTF BOS,499.3475
2024-05-08 09:46:00+00:00,2024-05-08 17:46:00+00:00,XAUUSD,LONG,LIQUIDITY_REVERSAL,LIQUIDITY_REVERSAL,0.8,75.0,B,LONDON,2309.089,2295.846,2325.643,2325.643,2316.528,TIME,0.001,1.3243,0.2652,13.243,0.7439,0.5617,0.895,0.183,480,0.268,1.785,0.05,0.05,0.0,clear,sweep + rejection + CHoCH + displacement,500.0914
2024-05-10 07:16:00+00:00,2024-05-10 10:11:00+00:00,XAUUSD,LONG,BREAKOUT,STRONG_BULL,0.967,85.0,A,LONDON,2360.539,2349.904,2373.833,2373.833,2373.697,TP2,0.002,2.127,0.4253,10.635,2.6316,1.2373,1.341,0.035,175,0.268,1.781,0.05,0.0,0.0,clear,compression -> confirmed range break + momentum,502.723
2024-05-15 09:25:00+00:00,2024-05-15 13:30:00+00:00,XAUUSD,LONG,BREAKOUT,BULL,0.916,70.0,NO_TRADE,LONDON,2366.881,2357.664,2378.403,2378.403,2378.279,TP2,0.002,1.8434,0.3667,9.217,2.2795,1.2366,1.293,0.9,245,0.232,1.365,0.05,0.0,0.0,clear,compression -> confirmed range break + momentum,505.0025
2024-05-21 03:01:00+00:00,2024-05-21 11:01:00+00:00,XAUUSD,SHORT,BREAKOUT,COMPRESSION,0.979,65.0,NO_TRADE,ASIA,2420.445,2439.08,2397.152,2397.152,2417.618,TIME,0.001,1.8635,0.369,18.635,0.2828,0.1517,0.767,0.111,480,0.44,2.804,0.05,0.05,0.0,clear,compression -> confirmed range break + momentum,505.2852
2024-05-22 13:28:00+00:00,2024-05-22 15:16:00+00:00,XAUUSD,LONG,LIQUIDITY_REVERSAL,LIQUIDITY_REVERSAL,1.0,100.0,A+,OVERLAP,2414.031,2392.879,2440.471,2440.471,2392.597,STOP,0.001,2.1152,0.4186,21.152,-2.1434,-1.0133,0.044,1.046,108,0.226,2.194,0.05,0.12,0.0,clear,sweep + rejection + CHoCH + displacement,503.1418
2024-05-23 08:15:00+00:00,2024-05-23 15:33:00+00:00,XAUUSD,SHORT,TREND_CONTINUATION,BEAR,0.636,85.0,A,LONDON,2361.996,2375.661,2344.915,2344.915,2345.11,TP2,0.001,1.3665,0.2716,13.665,1.6886,1.2357,1.396,0.564,438,0.264,2.257,0.05,0.0,0.0,clear,trend pullback + LTF BOS,504.8304
2024-05-24 02:21:00+00:00,2024-05-24 10:21:00+00:00,XAUUSD,LONG,LIQUIDITY_REVERSAL,LIQUIDITY_REVERSAL,1.0,80.0,B,ASIA,2332.549,2316.886,2352.127,2352.127,2341.321,TIME,0.001,1.5663,0.3103,15.663,0.8772,0.56,0.675,0.465,480,0.342,1.622,0.05,0.05,0.0,clear,sweep + rejection + CHoCH + displacement,505.7076
2024-05-30 06:36:00+00:00,2024-05-30 13:35:00+00:00,XAUUSD,SHORT,BREAKOUT,BEAR,0.898,80.0,B,ASIA,2327.237,2342.851,2307.719,2307.719,2343.106,STOP,0.001,1.5614,0.3088,15.614,-1.5869,-1.0164,0.306,1.097,419,0.436,1.694,0.05,0.12,0.0,clear,compression -> confirmed range break + momentum,504.1206
2024-06-04 16:07:00+00:00,2024-06-04 21:00:00+00:00,XAUUSD,LONG,LIQUIDITY_REVERSAL,LIQUIDITY_REVERSAL,0.8,65.0,NO_TRADE,NEWYORK,2322.347,2305.243,2343.728,2343.728,2326.477,SESSION_END,0.001,1.7104,0.3393,17.104,0.4129,0.2414,0.459,0.107,293,0.425,3.635,0.05,0.05,0.0,clear,sweep + rejection + CHoCH + displacement,504.5336
2024-06-10 07:36:00+00:00,2024-06-10 12:55:00+00:00,XAUUSD,SHORT,LIQUIDITY_REVERSAL,LIQUIDITY_REVERSAL,0.7,85.0,A,LONDON,2292.946,2302.632,2280.839,2280.839,2302.84,STOP,0.002,1.9371,0.3839,9.686,-1.9787,-1.0215,0.545,1.228,319,0.218,1.811,0.05,0.12,0.0,clear,sweep + rejection + CHoCH + displacement,502.5549
2024-06-12 13:19:00+00:00,2024-06-12 13:30:00+00:00,XAUUSD,LONG,LIQUIDITY_REVERSAL,CHOPPY,0.716,85.0,A,OVERLAP,2314.916,2305.861,2326.235,2326.235,2326.128,TP2,0.002,1.811,0.3604,9.055,2.2423,1.2382,1.43,0.299,11,0.183,1.07,0.05,0.0,0.0,clear,sweep + rejection + CHoCH + displacement,504.7972
2024-06-14 15:11:00+00:00,2024-06-14 18:00:00+00:00,XAUUSD,LONG,TREND_CONTINUATION,BULL,0.585,85.0,A,OVERLAP,2330.604,2312.854,2352.791,2352.791,2328.663,SESSION_END,0.001,1.775,0.3516,17.75,-0.1941,-0.1093,0.268,0.375,169,0.317,2.789,0.05,0.05,0.0,clear,trend pullback + LTF BOS,504.6031
2024-06-24 10:32:00+00:00,2024-06-24 18:32:00+00:00,XAUUSD,SHORT,LIQUIDITY_REVERSAL,LIQUIDITY_REVERSAL,0.7,100.0,A+,LONDON,2326.584,2337.248,2313.255,2313.255,2331.461,TIME,0.002,2.1328,0.4227,10.664,-0.9752,-0.4573,0.559,0.673,480,0.261,1.726,0.05,0.05,0.0,clear,sweep + rejection + CHoCH + displacement,503.6279
2024-06-26 15:35:00+00:00,2024-06-26 21:00:00+00:00,XAUUSD,SHORT,TREND_CONTINUATION,BEAR,1.0,80.0,B,OVERLAP,2296.781,2309.287,2281.15,2281.15,2299.473,SESSION_END,0.002,2.501,0.4966,12.505,-0.5383,-0.2152,0.122,0.58,325,0.313,2.925,0.05,0.05,0.0,clear,trend pullback + LTF BOS,503.0896
2024-07-03 07:47:00+00:00,2024-07-03 13:31:00+00:00,XAUUSD,LONG,BREAKOUT,BULL,0.883,85.0,A,LONDON,2337.73,2326.927,2351.234,2351.234,2351.118,TP2,0.002,2.1606,0.4295,10.803,2.6776,1.2393,1.317,0.169,344,0.27,1.373,0.05,0.0,0.0,clear,compression -> confirmed range break + momentum,505.7672
2024-07-10 14:32:00+00:00,2024-07-10 19:25:00+00:00,XAUUSD,LONG,TREND_CONTINUATION,STRONG_BULL,0.988,85.0,A,OVERLAP,2379.519,2370.076,2391.322,2391.322,2369.811,STOP,0.002,1.8886,0.3734,9.443,-1.9416,-1.0281,0.744,1.031,293,0.247,1.603,0.05,0.12,0.0,clear,trend pullback + LTF BOS,503.8257
2024-07-12 13:36:00+00:00,2024-07-12 17:30:00+00:00,XAUUSD,SHORT,LIQUIDITY_REVERSAL,LIQUIDITY_REVERSAL,1.0,85.0,A,OVERLAP,2397.41,2415.444,2374.867,2374.867,2415.708,STOP,0.001,1.8034,0.358,18.034,-1.8298,-1.0146,0.337,1.014,234,0.27,2.118,0.05,0.12,0.0,clear,sweep + rejection + CHoCH + displacement,501.9959
2024-07-16 13:57:00+00:00,2024-07-16 14:44:00+00:00,XAUUSD,LONG,LIQUIDITY_REVERSAL,LIQUIDITY_REVERSAL,0.7,90.0,A+,OVERLAP,2433.031,2422.437,2446.273,2446.273,2446.113,TP2,0.002,2.1188,0.4221,10.594,2.6164,1.2349,1.288,0.205,47,0.292,2.461,0.05,0.0,0.0,clear,sweep + rejection + CHoCH + displacement,504.6123
2024-07-16 20:15:00+00:00,2024-07-16 21:00:00+00:00,XAUUSD,LONG,TREND_CONTINUATION,STRONG_BULL,1.0,85.0,A,NEWYORK,2465.921,2456.374,2477.855,2477.855,2467.33,SESSION_END,0.002,1.9095,0.3784,9.548,0.2818,0.1476,0.3,0.297,45,0.252,1.537,0.05,0.05,0.0,clear,trend pullback + LTF BOS,504.894
2024-07-18 13:46:00+00:00,2024-07-18 20:06:00+00:00,XAUUSD,SHORT,LIQUIDITY_REVERSAL,CHOPPY,0.562,85.0,A,OVERLAP,2463.646,2477.417,2446.432,2446.432,2446.552,TP2,0.001,1.3771,0.2728,13.771,1.7094,1.2413,1.256,0.445,380,0.218,1.964,0.05,0.0,0.0,clear,sweep + rejection + CHoCH + displacement,506.6035
2024-07-22 07:01:00+00:00,2024-07-22 15:01:00+00:00,XAUUSD,SHORT,LIQUIDITY_REVERSAL,LIQUIDITY_REVERSAL,1.0,85.0,A,LONDON,2401.372,2415.302,2383.96,2383.96,2391.905,TIME,0.001,1.393,0.275,13.93,0.9467,0.6796,0.909,0.495,480,0.206,1.642,0.05,0.05,0.0,clear,sweep + rejection + CHoCH + displacement,507.5502
2024-07-22 15:31:00+00:00,2024-07-22 21:00:00+00:00,XAUUSD,SHORT,BREAKOUT,STRONG_BEAR,0.991,85.0,A,OVERLAP,2386.346,2403.46,2364.954,2364.954,2399.093,SESSION_END,0.001,1.7114,0.3372,17.114,-1.2747,-0.7448,0.154,0.798,329,0.284,2.984,0.05,0.05,0.0,clear,compression -> confirmed range break + momentum,506.2755
2024-07-24 12:43:00+00:00,2024-07-24 15:50:00+00:00,XAUUSD,LONG,LIQUIDITY_REVERSAL,CHOPPY,0.598,100.0,A+,OVERLAP,2414.717,2403.222,2429.086,2429.086,2428.918,TP2,0.002,2.299,0.4541,11.495,2.8402,1.2354,1.264,0.101,187,0.204,1.541,0.05,0.0,0.0,clear,sweep + rejection + CHoCH + displacement,509.1158
2024-07-25 13:36:00+00:00,2024-07-25 18:28:00+00:00,XAUUSD,LONG,LIQUIDITY_REVERSAL,LIQUIDITY_REVERSAL,0.7,75.0,B,OVERLAP,2367.336,2353.908,2384.121,2384.121,2353.648,STOP,0.001,1.3428,0.2637,13.428,-1.3688,-1.0194,0.664,1.061,292,0.302,3.551,0.05,0.12,0.0,clear,sweep + rejection + CHoCH + displacement,507.747
2024-07-25 20:04:00+00:00,2024-07-25 21:00:00+00:00,XAUUSD,SHORT,TREND_CONTINUATION,BEAR,0.974,100.0,A+,NEWYORK,2355.977,2367.578,2341.476,2341.476,2362.928,SESSION_END,0.002,2.3202,0.457,11.601,-1.3901,-0.5991,0.0,0.669,56,0.256,2.237,0.05,0.05,0.0,clear,trend pullback + LTF BOS,506.3569
2024-07-26 13:41:00+00:00,2024-07-26 18:00:00+00:00,XAUUSD,LONG,BREAKOUT,COMPRESSION,0.989,65.0,NO_TRADE,OVERLAP,2378.208,2361.713,2398.827,2398.827,2388.804,SESSION_END,0.001,1.6495,0.3258,16.495,1.0597,0.6424,0.755,0.263,259,0.2,2.027,0.05,0.05,0.0,clear,compression -> confirmed range break + momentum,507.4165
2024-07-29 14:49:00+00:00,2024-07-29 21:00:00+00:00,XAUUSD,SHORT,LIQUIDITY_REVERSAL,CHOPPY,0.583,85.0,A,OVERLAP,2390.302,2407.21,2369.167,2369.167,2383.95,SESSION_END,0.001,1.6908,0.3332,16.908,0.6351,0.3756,1.229,0.214,371,0.247,2.408,0.05,0.05,0.0,clear,sweep + rejection + CHoCH + displacement,508.0517
2024-07-30 14:07:00+00:00,2024-07-30 18:01:00+00:00,XAUUSD,LONG,LIQUIDITY_REVERSAL,LIQUIDITY_REVERSAL,1.0,100.0,A+,OVERLAP,2389.996,2378.37,2404.528,2404.528,2404.353,TP2,0.002,2.3251,0.4576,11.625,2.8715,1.235,1.715,0.579,234,0.202,1.56,0.05,0.0,0.0,clear,sweep + rejection + CHoCH + displacement,510.9231
2024-07-31 15:16:00+00:00,2024-07-31 20:26:00+00:00,XAUUSD,LONG,BREAKOUT,BULL,0.941,100.0,A+,OVERLAP,2428.894,2418.579,2441.787,2441.787,2441.607,TP2,0.002,2.0629,0.4038,10.315,2.5426,1.2325,1.278,0.953,310,0.258,2.429,0.05,0.0,0.0,clear,compression -> confirmed range break + momentum,513.4657
2024-08-05 10:49:00+00:00,2024-08-05 11:56:00+00:00,XAUUSD,LONG,LIQUIDITY_REVERSAL,LIQUIDITY_REVERSAL,0.8,85.0,A,LONDON,2425.756,2410.724,2444.547,2444.547,2410.489,STOP,0.001,1.5032,0.2928,15.032,-1.5267,-1.0156,0.025,1.021,67,0.262,3.655,0.05,0.12,0.0,clear,sweep + rejection + CHoCH + displacement,511.939
2024-08-07 13:31:00+00:00,2024-08-07 21:00:00+00:00,XAUUSD,SHORT,LIQUIDITY_REVERSAL,LIQUIDITY_REVERSAL,0.7,100.0,A+,OVERLAP,2399.203,2412.133,2383.04,2383.04,2386.902,SESSION_END,0.001,1.293,0.2526,12.93,1.23,0.9513,1.198,0.592,449,0.204,2.012,0.05,0.05,0.0,clear,sweep + rejection + CHoCH + displacement,513.169
2024-08-08 10:06:00+00:00,2024-08-08 15:10:00+00:00,XAUUSD,LONG,LIQUIDITY_REVERSAL,LIQUIDITY_REVERSAL,1.0,85.0,A,LONDON,2398.66,2383.051,2418.172,2418.172,2418.015,TP2,0.001,1.5609,0.3042,15.609,1.9355,1.2399,1.341,0.316,304,0.21,1.64,0.05,0.0,0.0,clear,sweep + rejection + CHoCH + displacement,515.1045
2024-08-08 15:16:00+00:00,2024-08-08 21:00:00+00:00,XAUUSD,LONG,BREAKOUT,BULL,0.566,80.0,B,OVERLAP,2418.439,2393.185,2450.007,2450.007,2422.727,SESSION_END,0.001,2.5254,0.4903,25.254,0.4288,0.1698,0.306,0.263,344,0.328,3.7,0.05,0.05,0.0,clear,compression -> confirmed range break + momentum,515.5333
2024-08-09 14:09:00+00:00,2024-08-09 18:00:00+00:00,XAUUSD,LONG,TREND_CONTINUATION,BULL,0.899,85.0,A,OVERLAP,2429.304,2414.427,2447.899,2447.899,2434.44,SESSION_END,0.001,1.4876,0.2886,14.876,0.5136,0.3453,0.437,0.561,231,0.217,1.821,0.05,0.05,0.0,clear,trend pullback + LTF BOS,516.0469
2024-08-12 07:06:00+00:00,2024-08-12 14:30:00+00:00,XAUUSD,LONG,BREAKOUT,EXPANSION,0.913,85.0,A,LONDON,2435.33,2426.039,2446.943,2446.943,2446.841,TP2,0.002,1.8581,0.3601,9.291,2.3022,1.239,1.301,0.194,444,0.21,1.337,0.05,0.0,0.0,clear,compression -> confirmed range break + momentum,518.3491
2024-08-12 15:43:00+00:00,2024-08-12 21:00:00+00:00,XAUUSD,LONG,TREND_CONTINUATION,STRONG_BULL,1.0,85.0,A,OVERLAP,2451.095,2432.951,2473.774,2473.774,2470.326,SESSION_END,0.001,1.8143,0.35,18.143,1.9231,1.06,1.156,0.012,317,0.293,2.559,0.05,0.05,0.0,clear,trend pullback + LTF BOS,520.2722
2024-08-13 14:22:00+00:00,2024-08-13 21:00:00+00:00,XAUUSD,SHORT,LIQUIDITY_REVERSAL,BULL,0.872,85.0,A,OVERLAP,2462.342,2486.396,2432.274,2432.274,2467.378,SESSION_END,0.001,2.4054,0.4623,24.054,-0.5036,-0.2094,0.098,0.547,398,0.292,2.505,0.05,0.05,0.0,clear,sweep + rejection + CHoCH + displacement,519.7686
2024-08-14 07:01:00+00:00,2024-08-14 09:42:00+00:00,XAUUSD,LONG,LIQUIDITY_REVERSAL,CHOPPY,0.614,95.0,A+,LONDON,2462.879,2452.884,2475.374,2475.374,2475.257,TP2,0.002,1.9991,0.3846,9.996,2.4755,1.2383,1.268,0.268,161,0.203,1.23,0.05,0.0,0.0,clear,sweep + rejection + CHoCH + displacement,522.2441
2024-08-14 13:38:00+00:00,2024-08-14 15:36:00+00:00,XAUUSD,SHORT,LIQUIDITY_REVERSAL,LIQUIDITY_REVERSAL,0.7,75.0,B,OVERLAP,2472.054,2492.193,2446.88,2446.88,2447.092,TP2,0.001,2.0139,0.3856,20.139,2.4963,1.2395,1.251,0.189,118,0.288,2.524,0.05,0.0,0.0,clear,sweep + rejection + CHoCH + displacement,524.7403
2024-08-20 14:38:00+00:00,2024-08-20 16:03:00+00:00,XAUUSD,LONG,TREND_CONTINUATION,STRONG_BULL,0.958,100.0,A+,OVERLAP,2524.087,2512.03,2539.158,2539.158,2511.718,STOP,0.002,2.4114,0.4595,12.057,-2.4738,-1.0259,0.565,1.032,85,0.263,2.524,0.05,0.12,0.0,clear,trend pullback + LTF BOS,522.2666
2024-08-27 09:07:00+00:00,2024-08-27 17:07:00+00:00,XAUUSD,LONG,LIQUIDITY_REVERSAL,LIQUIDITY_REVERSAL,0.7,90.0,A+,LONDON,2509.291,2493.471,2529.066,2529.066,2510.04,TIME,0.001,1.582,0.3029,15.82,0.0749,0.0474,0.69,0.377,480,0.312,2.278,0.05,0.05,0.0,clear,sweep + rejection + CHoCH + displacement,522.3415
2024-08-28 13:01:00+00:00,2024-08-28 21:00:00+00:00,XAUUSD,SHORT,BREAKOUT,STRONG_BEAR,0.867,85.0,A,OVERLAP,2499.729,2511.187,2485.407,2485.407,2507.928,SESSION_END,0.002,2.2916,0.4387,11.458,-1.6396,-0.7155,0.542,0.94,479,0.211,1.627,0.05,0.05,0.0,clear,compression -> confirmed range break + momentum,520.7019
2024-08-30 13:46:00+00:00,2024-08-30 18:00:00+00:00,XAUUSD,SHORT,LIQUIDITY_REVERSAL,LIQUIDITY_REVERSAL,1.0,75.0,B,OVERLAP,2517.929,2535.575,2495.872,2495.872,2496.897,SESSION_END,0.001,1.7646,0.3389,17.646,2.1032,1.1919,1.241,0.143,254,0.272,2.336,0.05,0.05,0.0,clear,sweep + rejection + CHoCH + displacement,522.805
2024-09-02 14:37:00+00:00,2024-09-02 23:00:00+00:00,XAUUSD,LONG,LIQUIDITY_REVERSAL,CHOPPY,0.599,80.0,B,OVERLAP,2501.37,2493.377,2511.362,2511.362,2499.335,SESSION_END,0.003,2.398,0.4587,7.993,-0.6105,-0.2546,0.124,0.476,292,0.19,1.43,0.05,0.05,0.0,clear,sweep + rejection + CHoCH + displacement,522.1945
2024-09-05 14:31:00+00:00,2024-09-05 21:00:00+00:00,XAUUSD,LONG,TREND_CONTINUATION,STRONG_BULL,0.957,100.0,A+,OVERLAP,2518.716,2501.376,2540.391,2540.391,2514.852,SESSION_END,0.001,1.734,0.3321,17.34,-0.3865,-0.2229,0.1,0.86,389,0.302,2.567,0.05,0.05,0.0,clear,trend pullback + LTF BOS,521.8081
2024-09-16 08:46:00+00:00,2024-09-16 16:46:00+00:00,XAUUSD,LONG,LIQUIDITY_REVERSAL,LIQUIDITY_REVERSAL,0.8,90.0,A+,LONDON,2583.586,2572.173,2597.852,2597.852,2579.139,TIME,0.002,2.2826,0.4374,11.413,-0.8892,-0.3896,0.492,0.742,480,0.241,1.675,0.05,0.05,0.0,clear,sweep + rejection + CHoCH + displacement,520.9188
2024-09-17 08:16:00+00:00,2024-09-17 11:39:00+00:00,XAUUSD,SHORT,LIQUIDITY_REVERSAL,LIQUIDITY_REVERSAL,0.8,75.0,B,LONDON,2583.104,2593.012,2570.719,2570.719,2570.856,TP2,0.002,1.9816,0.3804,9.908,2.4494,1.2361,1.282,0.251,203,0.241,1.36,0.05,0.0,0.0,clear,sweep + rejection + CHoCH + displacement,523.3683
2024-09-25 04:10:00+00:00,2024-09-25 12:10:00+00:00,XAUUSD,SHORT,LIQUIDITY_REVERSAL,BULL,0.926,70.0,NO_TRADE,ASIA,2664.014,2680.744,2643.102,2643.102,2656.468,TIME,0.001,1.673,0.3197,16.73,0.7547,0.4511,0.765,0.053,480,0.521,2.316,0.05,0.05,0.0,clear,sweep + rejection + CHoCH + displacement,524.1229
2024-09-25 13:06:00+00:00,2024-09-25 17:46:00+00:00,XAUUSD,LONG,BREAKOUT,COMPRESSION,0.989,95.0,A+,OVERLAP,2659.411,2651.439,2669.376,2669.376,2651.174,STOP,0.003,2.3916,0.4563,7.972,-2.4711,-1.0332,0.995,1.216,280,0.192,1.553,0.05,0.12,0.0,clear,compression -> confirmed range break + momentum,521.6518
2024-09-26 11:46:00+00:00,2024-09-26 14:12:00+00:00,XAUUSD,LONG,BREAKOUT,BULL,0.811,85.0,A,LONDON,2674.045,2664.179,2686.377,2686.377,2663.873,STOP,0.002,1.9731,0.3783,9.866,-2.0344,-1.0311,1.151,1.03,146,0.24,1.818,0.05,0.12,0.0,clear,compression -> confirmed range break + momentum,519.6174
2024-10-01 16:19:00+00:00,2024-10-01 21:00:00+00:00,XAUUSD,LONG,LIQUIDITY_REVERSAL,LIQUIDITY_REVERSAL,0.7,75.0,B,NEWYORK,2661.994,2639.316,2690.342,2690.342,2657.809,SESSION_END,0.001,2.2679,0.4364,22.679,-0.4185,-0.1846,0.481,0.201,281,0.492,4.214,0.05,0.05,0.0,clear,sweep + rejection + CHoCH + displacement,519.1989
2024-10-07 07:33:00+00:00,2024-10-07 09:09:00+00:00,XAUUSD,LONG,LIQUIDITY_REVERSAL,LIQUIDITY_REVERSAL,0.7,75.0,B,LONDON,2643.001,2633.851,2654.438,2654.438,2654.308,TP2,0.002,1.83,0.3525,9.15,2.2613,1.2357,1.321,0.155,96,0.232,1.334,0.05,0.0,0.0,clear,sweep + rejection + CHoCH + displacement,521.4602
2024-10-09 10:47:00+00:00,2024-10-09 18:47:00+00:00,XAUUSD,SHORT,LIQUIDITY_REVERSAL,LIQUIDITY_REVERSAL,1.0,100.0,A+,LONDON,2614.935,2624.642,2602.8,2602.8,2607.38,TIME,0.002,1.9415,0.3723,9.708,1.5109,0.7782,1.004,0.754,480,0.206,1.643,0.05,0.05,0.0,clear,sweep + rejection + CHoCH + displacement,522.9711
2024-10-11 13:41:00+00:00,2024-10-11 18:00:00+00:00,XAUUSD,SHORT,LIQUIDITY_REVERSAL,LIQUIDITY_REVERSAL,0.7,85.0,A,OVERLAP,2642.611,2662.209,2618.113,2618.113,2660.606,SESSION_END,0.001,1.9598,0.3747,19.598,-1.7995,-0.9182,0.109,0.951,259,0.268,2.226,0.05,0.05,0.0,clear,sweep + rejection + CHoCH + displacement,521.1716
2024-10-14 10:20:00+00:00,2024-10-14 12:52:00+00:00,XAUUSD,LONG,TREND_CONTINUATION,BULL,0.932,85.0,A,LONDON,2661.908,2652.0,2674.293,2674.293,2651.78,STOP,0.002,1.9816,0.3802,9.908,-2.0255,-1.0222,0.039,1.039,152,0.225,1.553,0.05,0.12,0.0,clear,trend pullback + LTF BOS,519.1461
2024-10-17 10:46:00+00:00,2024-10-17 15:38:00+00:00,XAUUSD,LONG,LIQUIDITY_REVERSAL,CHOPPY,0.572,100.0,A+,LONDON,2680.705,2670.146,2693.903,2693.903,2693.749,TP2,0.002,2.1118,0.4068,10.559,2.6087,1.2353,1.307,0.738,292,0.22,1.538,0.05,0.0,0.0,clear,sweep + rejection + CHoCH + displacement,521.7548
2024-10-18 11:37:00+00:00,2024-10-18 18:00:00+00:00,XAUUSD,SHORT,LIQUIDITY_REVERSAL,LIQUIDITY_REVERSAL,1.0,85.0,A,LONDON,2707.919,2721.138,2691.396,2691.396,2718.109,SESSION_END,0.001,1.3219,0.2534,13.219,-1.019,-0.7708,0.235,0.914,383,0.211,1.461,0.05,0.05,0.0,clear,sweep + rejection + CHoCH + displacement,520.7359
2024-10-29 13:01:00+00:00,2024-10-29 13:46:00+00:00,XAUUSD,SHORT,LIQUIDITY_REVERSAL,LIQUIDITY_REVERSAL,0.7,75.0,B,OVERLAP,2748.798,2760.975,2733.577,2733.577,2761.231,STOP,0.002,2.4354,0.4677,12.177,-2.4866,-1.021,0.0,1.126,45,0.213,1.761,0.05,0.12,0.0,clear,sweep + rejection + CHoCH + displacement,518.2493
2024-11-04 13:25:00+00:00,2024-11-04 21:00:00+00:00,XAUUSD,SHORT,LIQUIDITY_REVERSAL,CHOPPY,0.624,90.0,A+,OVERLAP,2740.257,2752.268,2725.243,2725.243,2737.871,SESSION_END,0.002,2.4023,0.4635,12.011,0.4771,0.1986,0.718,0.646,455,0.216,1.897,0.05,0.05,0.0,clear,sweep + rejection + CHoCH + displacement,518.7264
2024-11-05 15:06:00+00:00,2024-11-05 21:00:00+00:00,XAUUSD,SHORT,LIQUIDITY_REVERSAL,LIQUIDITY_REVERSAL,0.7,100.0,A+,OVERLAP,2740.17,2765.398,2708.635,2708.635,2743.222,SESSION_END,0.001,2.5228,0.4863,25.228,-0.3052,-0.121,0.288,0.169,354,0.27,2.585,0.05,0.05,0.0,clear,sweep + rejection + CHoCH + displacement,518.4212
2024-11-07 10:01:00+00:00,2024-11-07 12:46:00+00:00,XAUUSD,SHORT,LIQUIDITY_REVERSAL,LIQUIDITY_REVERSAL,0.8,100.0,A+,LONDON,2661.271,2671.417,2648.589,2648.589,2671.621,STOP,0.002,2.0292,0.3914,10.146,-2.0699,-1.02,0.153,1.014,165,0.187,2.068,0.05,0.12,0.0,clear,sweep + rejection + CHoCH + displacement,516.3513
2024-11-07 19:36:00+00:00,2024-11-07 21:00:00+00:00,XAUUSD,LONG,LIQUIDITY_REVERSAL,LIQUIDITY_REVERSAL,1.0,85.0,A,NEWYORK,2694.667,2680.753,2712.06,2712.06,2703.19,SESSION_END,0.001,1.3914,0.2695,13.914,0.8523,0.6125,1.119,0.522,84,0.265,2.684,0.05,0.05,0.0,clear,sweep + rejection + CHoCH + displacement,517.2036
2024-11-11 02:38:00+00:00,2024-11-11 10:38:00+00:00,XAUUSD,SHORT,BREAKOUT,BEAR,0.784,65.0,NO_TRADE,ASIA,2667.842,2684.463,2647.065,2647.065,2668.922,TIME,0.001,1.6621,0.3214,16.621,-0.1081,-0.065,0.245,0.444,480,0.427,2.236,0.05,0.05,0.0,clear,compression -> confirmed range break + momentum,517.0956
2024-11-11 11:01:00+00:00,2024-11-11 13:39:00+00:00,XAUUSD,SHORT,BREAKOUT,STRONG_BEAR,0.845,85.0,A,LONDON,2661.512,2679.167,2639.443,2639.443,2639.595,TP2,0.001,1.7655,0.3414,17.655,2.1916,1.2414,1.274,0.304,158,0.247,2.251,0.05,0.0,0.0,clear,compression -> confirmed range break + momentum,519.2872
2024-11-12 07:26:00+00:00,2024-11-12 15:26:00+00:00,XAUUSD,SHORT,BREAKOUT,BEAR,0.618,85.0,A,LONDON,2601.319,2619.776,2578.247,2578.247,2606.116,TIME,0.001,1.8457,0.3554,18.457,-0.4798,-0.2599,0.64,0.843,480,0.293,2.777,0.05,0.05,0.0,clear,compression -> confirmed range break + momentum,518.8074
2024-11-14 04:01:00+00:00,2024-11-14 09:51:00+00:00,XAUUSD,SHORT,TREND_CONTINUATION,STRONG_BEAR,1.0,85.0,A,ASIA,2559.196,2574.489,2540.079,2540.079,2540.222,TP2,0.001,1.5293,0.2948,15.293,1.8974,1.2407,1.469,0.387,350,0.399,1.869,0.05,0.0,0.0,clear,trend pullback + LTF BOS,520.7048
2024-11-14 20:06:00+00:00,2024-11-14 21:00:00+00:00,XAUUSD,SHORT,LIQUIDITY_REVERSAL,LIQUIDITY_REVERSAL,0.7,100.0,A+,NEWYORK,2569.43,2588.835,2545.174,2545.174,2568.63,SESSION_END,0.001,1.9405,0.3727,19.405,0.08,0.0412,0.293,0.242,54,0.229,2.033,0.05,0.05,0.0,clear,sweep + rejection + CHoCH + displacement,520.7848
2024-11-15 13:39:00+00:00,2024-11-15 18:00:00+00:00,XAUUSD,SHORT,LIQUIDITY_REVERSAL,CHOPPY,0.577,100.0,A+,OVERLAP,2568.23,2588.342,2543.089,2543.089,2562.402,SESSION_END,0.001,2.0113,0.3862,20.113,0.5828,0.2898,0.407,0.382,261,0.271,3.212,0.05,0.05,0.0,clear,sweep + rejection + CHoCH + displacement,521.3675
2024-11-19 13:58:00+00:00,2024-11-19 21:00:00+00:00,XAUUSD,LONG,TREND_CONTINUATION,STRONG_BULL,1.0,95.0,A+,OVERLAP,2636.346,2616.724,2660.873,2660.873,2632.732,SESSION_END,0.001,1.9622,0.3764,19.622,-0.3614,-0.1842,0.025,0.785,422,0.262,2.761,0.05,0.05,0.0,clear,trend pullback + LTF BOS,521.0061
2024-11-21 07:32:00+00:00,2024-11-21 15:32:00+00:00,XAUUSD,LONG,BREAKOUT,BULL,1.0,80.0,B,LONDON,2663.963,2655.144,2674.986,2674.986,2669.216,TIME,0.002,1.7638,0.3385,8.819,1.0508,0.5958,1.068,0.414,480,0.215,1.49,0.05,0.05,0.0,clear,compression -> confirmed range break + momentum,522.0569
2024-11-22 04:51:00+00:00,2024-11-22 12:51:00+00:00,XAUUSD,LONG,BREAKOUT,STRONG_BULL,0.898,80.0,B,ASIA,2691.778,2672.45,2715.938,2715.938,2703.554,TIME,0.001,1.9328,0.3702,19.328,1.1776,0.6093,0.945,0.458,480,0.465,2.049,0.05,0.05,0.0,clear,compression -> confirmed range break + momentum,523.2344
2024-11-27 13:11:00+00:00,2024-11-27 21:00:00+00:00,XAUUSD,SHORT,LIQUIDITY_REVERSAL,LIQUIDITY_REVERSAL,0.7,100.0,A+,OVERLAP,2647.463,2665.501,2624.916,2624.916,2637.046,SESSION_END,0.001,1.8038,0.3447,18.038,1.0418,0.5776,0.752,0.59,469,0.201,1.936,0.05,0.05,0.0,clear,sweep + rejection + CHoCH + displacement,524.2762
2024-11-29 12:26:00+00:00,2024-11-29 15:00:00+00:00,XAUUSD,LONG,LIQUIDITY_REVERSAL,LIQUIDITY_REVERSAL,1.0,100.0,A+,OVERLAP,2663.517,2651.812,2678.148,2678.148,2651.551,STOP,0.002,2.341,0.4465,11.705,-2.3932,-1.0223,0.035,1.062,154,0.224,1.941,0.05,0.12,0.0,clear,sweep + rejection + CHoCH + displacement,521.883
2024-12-03 11:22:00+00:00,2024-12-03 14:31:00+00:00,XAUUSD,LONG,LIQUIDITY_REVERSAL,CHOPPY,0.641,80.0,B,LONDON,2645.279,2637.391,2655.14,2655.14,2655.027,TP2,0.003,2.3664,0.4534,7.888,2.9243,1.2358,1.299,0.972,189,0.189,1.55,0.05,0.0,0.0,clear,sweep + rejection + CHoCH + displacement,524.8073
2024-12-04 13:21:00+00:00,2024-12-04 21:00:00+00:00,XAUUSD,LONG,LIQUIDITY_REVERSAL,LIQUIDITY_REVERSAL,0.7,100.0,A+,OVERLAP,2640.73,2618.135,2668.974,2668.974,2649.246,SESSION_END,0.001,2.2595,0.4305,22.595,0.8516,0.3769,0.72,0.0,459,0.29,2.84,0.05,0.05,0.0,clear,sweep + rejection + CHoCH + displacement,525.659
2024-12-06 13:46:00+00:00,2024-12-06 18:00:00+00:00,XAUUSD,LONG,LIQUIDITY_REVERSAL,CHOPPY,0.633,85.0,A,OVERLAP,2637.081,2619.911,2658.543,2658.543,2634.117,SESSION_END,0.001,1.717,0.3266,17.17,-0.2963,-0.1726,0.257,0.77,254,0.333,3.579,0.05,0.05,0.0,clear,sweep + rejection + CHoCH + displacement,525.3626
2024-12-09 11:29:00+00:00,2024-12-09 14:47:00+00:00,XAUUSD,LONG,TREND_CONTINUATION,BULL,0.921,80.0,B,LONDON,2657.795,2645.885,2672.682,2672.682,2672.557,TP2,0.002,2.3819,0.4534,11.909,2.9525,1.2395,1.333,0.388,198,0.2,1.611,0.05,0.0,0.0,clear,trend pullback + LTF BOS,528.3151
2024-12-10 01:01:00+00:00,2024-12-10 09:01:00+00:00,XAUUSD,LONG,BREAKOUT,COMPRESSION,0.989,80.0,B,ASIA,2665.444,2653.463,2680.42,2680.42,2662.149,TIME,0.002,2.3962,0.4535,11.981,-0.6591,-0.2751,0.683,0.417,480,0.318,1.274,0.05,0.05,0.0,clear,compression -> confirmed range break + momentum,527.656
2024-12-10 15:58:00+00:00,2024-12-10 21:00:00+00:00,XAUUSD,LONG,TREND_CONTINUATION,STRONG_BULL,0.947,100.0,A+,OVERLAP,2688.665,2676.828,2703.46,2703.46,2691.499,SESSION_END,0.002,2.3673,0.4486,11.836,0.5667,0.2394,0.567,0.35,302,0.22,2.179,0.05,0.05,0.0,clear,trend pullback + LTF BOS,528.2227
2024-12-11 13:36:00+00:00,2024-12-11 21:00:00+00:00,XAUUSD,LONG,LIQUIDITY_REVERSAL,LIQUIDITY_REVERSAL,1.0,100.0,A+,OVERLAP,2699.141,2675.783,2728.338,2728.338,2716.16,SESSION_END,0.001,2.3358,0.4422,23.358,1.7019,0.7286,0.936,0.118,444,0.233,2.545,0.05,0.05,0.0,clear,sweep + rejection + CHoCH + displacement,529.9246
2024-12-13 07:31:00+00:00,2024-12-13 10:06:00+00:00,XAUUSD,SHORT,BREAKOUT,COMPRESSION,0.958,85.0,A,LONDON,2681.396,2692.907,2667.007,2667.007,2667.134,TP2,0.002,2.3023,0.4345,11.511,2.8524,1.239,1.287,0.29,155,0.216,1.684,0.05,0.0,0.0,clear,compression -> confirmed range break + momentum,532.777
2024-12-16 08:26:00+00:00,2024-12-16 16:26:00+00:00,XAUUSD,LONG,BREAKOUT,COMPRESSION,0.953,80.0,B,LONDON,2657.978,2648.302,2670.072,2670.072,2650.329,TIME,0.002,1.9351,0.3632,9.676,-1.5296,-0.7905,0.648,0.771,480,0.219,1.621,0.05,0.05,0.0,clear,compression -> confirmed range break + momentum,531.2474
2024-12-17 13:51:00+00:00,2024-12-17 21:00:00+00:00,XAUUSD,SHORT,LIQUIDITY_REVERSAL,BEAR,0.811,100.0,A+,OVERLAP,2637.862,2656.008,2615.178,2615.178,2644.35,SESSION_END,0.001,1.8146,0.3416,18.146,-0.6488,-0.3576,0.279,0.606,429,0.267,2.353,0.05,0.05,0.0,clear,sweep + rejection + CHoCH + displacement,530.5986
2024-12-18 08:22:00+00:00,2024-12-18 15:09:00+00:00,XAUUSD,LONG,LIQUIDITY_REVERSAL,LIQUIDITY_REVERSAL,0.7,85.0,A,LONDON,2646.443,2634.549,2661.31,2661.31,2634.31,STOP,0.002,2.3788,0.4483,11.894,-2.4267,-1.0202,0.26,1.026,407,0.236,1.49,0.05,0.12,0.0,clear,sweep + rejection + CHoCH + displacement,528.1718
2024-12-20 07:36:00+00:00,2024-12-20 14:16:00+00:00,XAUUSD,SHORT,LIQUIDITY_REVERSAL,LIQUIDITY_REVERSAL,1.0,95.0,A+,LONDON,2602.658,2615.16,2587.032,2587.032,2615.405,STOP,0.002,2.5003,0.4734,12.501,-2.5493,-1.0196,0.235,1.004,400,0.193,1.718,0.05,0.12,0.0,clear,sweep + rejection + CHoCH + displacement,525.6225
2025-01-06 11:16:00+00:00,2025-01-06 13:47:00+00:00,XAUUSD,LONG,LIQUIDITY_REVERSAL,LIQUIDITY_REVERSAL,0.7,75.0,B,LONDON,2638.165,2622.083,2658.268,2658.268,2621.776,STOP,0.001,1.6083,0.306,16.083,-1.639,-1.0191,0.693,1.017,151,0.241,1.773,0.05,0.12,0.0,clear,sweep + rejection + CHoCH + displacement,523.9835
2025-01-08 13:31:00+00:00,2025-01-08 14:37:00+00:00,XAUUSD,SHORT,LIQUIDITY_REVERSAL,LIQUIDITY_REVERSAL,0.7,75.0,B,OVERLAP,2654.708,2667.256,2639.023,2639.023,2667.532,STOP,0.002,2.5096,0.4789,12.548,-2.5649,-1.0221,0.187,1.021,66,0.315,2.625,0.05,0.12,0.0,clear,sweep + rejection + CHoCH + displacement,521.4186
2025-01-10 13:45:00+00:00,2025-01-10 14:29:00+00:00,XAUUSD,SHORT,LIQUIDITY_REVERSAL,LIQUIDITY_REVERSAL,0.7,85.0,A,OVERLAP,2675.377,2690.381,2656.623,2656.623,2690.705,STOP,0.001,1.5004,0.2877,15.004,-1.5328,-1.0216,0.058,1.011,44,0.361,3.553,0.05,0.12,0.0,clear,sweep + rejection + CHoCH + displacement,519.8858
2025-01-13 08:06:00+00:00,2025-01-13 10:26:00+00:00,XAUUSD,LONG,LIQUIDITY_REVERSAL,LIQUIDITY_REVERSAL,0.7,100.0,A+,LONDON,2688.017,2677.759,2700.839,2700.839,2677.504,STOP,0.002,2.0516,0.3946,10.258,-2.1026,-1.0249,0.141,1.062,140,0.224,1.65,0.05,0.12,0.0,clear,sweep + rejection + CHoCH + displacement,517.7832
2025-01-14 20:20:00+00:00,2025-01-14 21:00:00+00:00,XAUUSD,SHORT,LIQUIDITY_REVERSAL,LIQUIDITY_REVERSAL,0.8,100.0,A+,NEWYORK,2671.943,2681.033,2660.581,2660.581,2677.024,SESSION_END,0.002,1.818,0.3511,9.09,-1.0161,-0.5589,0.029,0.507,40,0.224,1.338,0.05,0.05,0.0,clear,sweep + rejection + CHoCH + displacement,516.767
2025-01-15 13:34:00+00:00,2025-01-15 21:00:00+00:00,XAUUSD,LONG,LIQUIDITY_REVERSAL,BULL,0.55,90.0,A+,OVERLAP,2687.121,2673.352,2704.332,2704.332,2695.817,SESSION_END,0.001,1.3769,0.2664,13.769,0.8696,0.6316,0.687,0.776,446,0.224,1.708,0.05,0.05,0.0,clear,sweep + rejection + CHoCH + displacement,517.6366
2025-01-16 00:21:00+00:00,2025-01-16 08:21:00+00:00,XAUUSD,LONG,LIQUIDITY_REVERSAL,BULL,0.57,100.0,A+,ASIA,2697.669,2684.624,2713.975,2713.975,2702.579,TIME,0.001,1.3045,0.252,13.045,0.491,0.3764,0.404,0.609,480,0.379,1.316,0.05,0.05,0.0,clear,sweep + rejection + CHoCH + displacement,518.1276
2025-01-16 10:12:00+00:00,2025-01-16 16:37:00+00:00,XAUUSD,LONG,BREAKOUT,BULL,0.93,70.0,NO_TRADE,LONDON,2708.268,2698.014,2721.086,2721.086,2720.908,TP2,0.002,2.0509,0.3958,10.254,2.5281,1.2327,1.277,0.809,385,0.266,1.946,0.05,0.0,0.0,clear,compression -> confirmed range break + momentum,520.6557
2025-01-17 14:46:00+00:00,2025-01-17 18:00:00+00:00,XAUUSD,LONG,LIQUIDITY_REVERSAL,LIQUIDITY_REVERSAL,0.8,100.0,A+,OVERLAP,2710.297,2689.685,2736.062,2736.062,2711.947,SESSION_END,0.001,2.0612,0.3959,20.612,0.165,0.0801,0.334,0.062,194,0.284,2.472,0.05,0.05,0.0,clear,sweep + rejection + CHoCH + displacement,520.8207
2025-01-20 13:34:00+00:00,2025-01-20 23:00:00+00:00,XAUUSD,SHORT,LIQUIDITY_REVERSAL,CHOPPY,0.621,85.0,A,OVERLAP,2705.069,2718.735,2687.987,2687.987,2706.931,SESSION_END,0.001,1.3666,0.2624,13.666,-0.1862,-0.1363,0.261,0.495,355,0.192,1.42,0.05,0.05,0.0,clear,sweep + rejection + CHoCH + displacement,520.6345
2025-01-21 18:27:00+00:00,2025-01-21 21:00:00+00:00,XAUUSD,LONG,TREND_CONTINUATION,STRONG_BULL,0.991,85.0,A,NEWYORK,2743.07,2733.5,2755.032,2755.032,2741.655,SESSION_END,0.002,1.9139,0.3676,9.57,-0.283,-0.1478,0.29,0.334,153,0.244,1.904,0.05,0.05,0.0,clear,trend pullback + LTF BOS,520.3515
2025-01-22 07:11:00+00:00,2025-01-22 15:11:00+00:00,XAUUSD,LONG,LIQUIDITY_REVERSAL,LIQUIDITY_REVERSAL,1.0,100.0,A+,LONDON,2749.926,2738.635,2764.041,2764.041,2752.449,TIME,0.002,2.2583,0.434,11.292,0.5046,0.2234,1.176,0.291,480,0.223,1.912,0.05,0.05,0.0,clear,sweep + rejection + CHoCH + displacement,520.8561
2025-01-23 20:01:00+00:00,2025-01-23 21:00:00+00:00,XAUUSD,SHORT,LIQUIDITY_REVERSAL,LIQUIDITY_REVERSAL,1.0,85.0,A,NEWYORK,2752.646,2764.941,2737.277,2737.277,2754.019,SESSION_END,0.002,2.459,0.4721,12.295,-0.2746,-0.1117,0.128,0.16,59,0.238,1.509,0.05,0.05,0.0,clear,sweep + rejection + CHoCH + displacement,520.5814
2025-01-24 11:36:00+00:00,2025-01-24 16:53:00+00:00,XAUUSD,LONG,BREAKOUT,BULL,0.961,85.0,A,LONDON,2779.26,2770.078,2790.738,2790.738,2769.805,STOP,0.002,1.8365,0.3528,9.182,-1.8911,-1.0298,0.715,1.04,317,0.23,1.788,0.05,0.12,0.0,clear,compression -> confirmed range break + momentum,518.6903
2025-01-29 19:38:00+00:00,2025-01-29 21:00:00+00:00,XAUUSD,LONG,LIQUIDITY_REVERSAL,LIQUIDITY_REVERSAL,0.7,100.0,A+,NEWYORK,2750.08,2736.19,2767.441,2767.441,2753.73,SESSION_END,0.001,1.3889,0.2678,13.889,0.3651,0.2628,0.64,0.0,82,0.369,2.444,0.05,0.05,0.0,clear,sweep + rejection + CHoCH + displacement,519.0554
2025-01-30 12:16:00+00:00,2025-01-30 15:07:00+00:00,XAUUSD,LONG,TREND_CONTINUATION,STRONG_BULL,1.0,100.0,A+,OVERLAP,2779.127,2770.853,2789.47,2789.47,2789.325,TP2,0.003,2.4823,0.4782,8.274,3.0593,1.2324,1.267,0.263,171,0.184,1.171,0.05,0.0,0.0,clear,trend pullback + LTF BOS,522.1147
2025-01-30 18:25:00+00:00,2025-01-30 21:00:00+00:00,XAUUSD,LONG,TREND_CONTINUATION,STRONG_BULL,1.0,85.0,A,NEWYORK,2796.628,2776.222,2822.136,2822.136,2795.238,SESSION_END,0.001,2.0406,0.3908,20.406,-0.1391,-0.0682,0.071,0.296,155,0.326,2.199,0.05,0.05,0.0,clear,trend pullback + LTF BOS,521.9756
2025-02-04 01:47:00+00:00,2025-02-04 06:22:00+00:00,XAUUSD,LONG,BREAKOUT,COMPRESSION,0.937,65.0,NO_TRADE,ASIA,2823.696,2812.24,2838.016,2838.016,2811.951,STOP,0.002,2.2912,0.4389,11.456,-2.349,-1.0252,0.065,1.002,275,0.321,1.536,0.05,0.12,0.0,clear,compression -> confirmed range break + momentum,519.6266
2025-02-04 12:56:00+00:00,2025-02-04 13:24:00+00:00,XAUUSD,LONG,BREAKOUT,COMPRESSION,0.968,85.0,A,OVERLAP,2822.177,2813.306,2833.265,2833.265,2833.167,TP2,0.002,1.7741,0.3414,8.871,2.1981,1.239,1.252,0.114,28,0.184,1.727,0.05,0.0,0.0,clear,compression -> confirmed range break + momentum,521.8247
2025-02-04 14:36:00+00:00,2025-02-04 21:00:00+00:00,XAUUSD,LONG,BREAKOUT,BULL,0.56,85.0,A,OVERLAP,2838.388,2825.896,2854.003,2854.003,2843.171,SESSION_END,0.002,2.4984,0.4788,12.492,0.9567,0.3829,0.556,0.479,384,0.259,2.935,0.05,0.05,0.0,clear,compression -> confirmed range break + momentum,522.7814
2025-02-06 08:41:00+00:00,2025-02-06 16:41:00+00:00,XAUUSD,LONG,LIQUIDITY_REVERSAL,LIQUIDITY_REVERSAL,1.0,100.0,A+,LONDON,2857.967,2833.132,2889.011,2889.011,2852.382,TIME,0.001,2.4835,0.4751,24.835,-0.5586,-0.2249,0.486,0.967,480,0.285,2.708,0.05,0.05,0.0,clear,sweep + rejection + CHoCH + displacement,522.2229
2025-02-06 19:53:00+00:00,2025-02-06 21:00:00+00:00,XAUUSD,LONG,LIQUIDITY_REVERSAL,LIQUIDITY_REVERSAL,0.7,100.0,A+,NEWYORK,2853.44,2844.488,2864.631,2864.631,2855.734,SESSION_END,0.002,1.7905,0.3429,8.953,0.4588,0.2562,0.419,0.005,67,0.211,1.556,0.05,0.05,0.0,clear,sweep + rejection + CHoCH + displacement,522.6817
2025-02-07 15:16:00+00:00,2025-02-07 16:17:00+00:00,XAUUSD,LONG,BREAKOUT,EXPANSION,0.876,65.0,NO_TRADE,OVERLAP,2879.944,2865.416,2898.105,2898.105,2865.035,STOP,0.001,1.4528,0.278,14.528,-1.491,-1.0262,0.458,1.012,61,0.393,4.267,0.05,0.12,0.0,clear,compression -> confirmed range break + momentum,521.1907
2025-02-10 10:55:00+00:00,2025-02-10 18:55:00+00:00,XAUUSD,LONG,TREND_CONTINUATION,STRONG_BULL,0.946,85.0,A,LONDON,2901.635,2891.485,2914.322,2914.322,2904.833,TIME,0.002,2.03,0.3895,10.15,0.6396,0.3151,0.987,0.535,480,0.24,2.046,0.05,0.05,0.0,clear,trend pullback + LTF BOS,521.8303
2025-02-11 01:10:00+00:00,2025-02-11 02:40:00+00:00,XAUUSD,LONG,BREAKOUT,STRONG_BULL,1.0,70.0,NO_TRADE,ASIA,2924.596,2910.081,2942.74,2942.74,2909.605,STOP,0.001,1.4515,0.2782,14.515,-1.4991,-1.0328,1.245,1.349,90,0.422,2.274,0.05,0.12,0.0,clear,compression -> confirmed range break + momentum,520.3312
2025-02-12 13:21:00+00:00,2025-02-12 14:33:00+00:00,XAUUSD,SHORT,BREAKOUT,BEAR,0.915,100.0,A+,OVERLAP,2874.495,2896.305,2847.231,2847.231,2896.586,STOP,0.001,2.1811,0.4192,21.811,-2.2092,-1.0129,0.496,1.0,72,0.221,2.833,0.05,0.12,0.0,clear,compression -> confirmed range break + momentum,518.1221
2025-02-13 01:04:00+00:00,2025-02-13 04:08:00+00:00,XAUUSD,SHORT,LIQUIDITY_REVERSAL,BULL,0.867,80.0,B,ASIA,2903.489,2917.858,2885.529,2885.529,2918.163,STOP,0.001,1.4369,0.2773,14.369,-1.4673,-1.0212,0.16,1.026,184,0.331,1.592,0.05,0.12,0.0,clear,sweep + rejection + CHoCH + displacement,516.6547
2025-02-14 08:21:00+00:00,2025-02-14 13:05:00+00:00,XAUUSD,LONG,BREAKOUT,EXPANSION,0.871,85.0,A,LONDON,2938.316,2926.928,2952.55,2952.55,2926.705,STOP,0.002,2.2776,0.4408,11.388,-2.3221,-1.0196,0.142,1.105,284,0.241,2.06,0.05,0.12,0.0,clear,compression -> confirmed range break + momentum,514.3326
2025-02-14 13:36:00+00:00,2025-02-14 14:01:00+00:00,XAUUSD,LONG,LIQUIDITY_REVERSAL,LIQUIDITY_REVERSAL,1.0,100.0,A+,OVERLAP,2932.369,2915.514,2953.437,2953.437,2915.246,STOP,0.001,1.6855,0.3277,16.855,-1.7122,-1.0159,0.046,1.026,25,0.247,2.586,0.05,0.12,0.0,clear,sweep + rejection + CHoCH + displacement,512.6204
2025-02-17 08:37:00+00:00,2025-02-17 16:37:00+00:00,XAUUSD,SHORT,LIQUIDITY_REVERSAL,LIQUIDITY_REVERSAL,0.8,100.0,A+,LONDON,2896.034,2911.544,2876.645,2876.645,2897.694,TIME,0.001,1.5511,0.3026,15.511,-0.166,-0.107,0.045,0.656,480,0.223,1.959,0.05,0.05,0.0,clear,sweep + rejection + CHoCH + displacement,512.4543
2025-02-18 13:46:00+00:00,2025-02-18 19:36:00+00:00,XAUUSD,LONG,BREAKOUT,EXPANSION,0.834,85.0,A,OVERLAP,2920.882,2909.473,2935.144,2935.144,2935.036,TP2,0.002,2.2818,0.4453,11.409,2.8307,1.2405,1.257,0.299,350,0.215,1.999,0.05,0.0,0.0,clear,compression -> confirmed range break + momentum,515.285
2025-02-19 02:32:00+00:00,2025-02-19 10:32:00+00:00,XAUUSD,SHORT,LIQUIDITY_REVERSAL,LIQUIDITY_REVERSAL,0.8,85.0,A,ASIA,2934.006,2948.326,2916.106,2916.106,2944.273,TIME,0.001,1.432,0.2779,14.32,-1.0267,-0.717,0.699,0.898,480,0.398,1.602,0.05,0.05,0.0,clear,sweep + rejection + CHoCH + displacement,514.2583
2025-02-24 08:56:00+00:00,2025-02-24 16:56:00+00:00,XAUUSD,LONG,BREAKOUT,COMPRESSION,0.968,80.0,B,LONDON,2947.985,2928.093,2972.851,2972.851,2942.279,TIME,0.001,1.9893,0.3868,19.893,-0.5706,-0.2869,0.405,0.875,480,0.241,2.347,0.05,0.05,0.0,clear,compression -> confirmed range break + momentum,513.6876
2025-02-26 13:56:00+00:00,2025-02-26 14:11:00+00:00,XAUUSD,SHORT,BREAKOUT,COMPRESSION,0.963,80.0,B,OVERLAP,2907.621,2918.545,2893.966,2893.966,2894.09,TP2,0.002,2.1848,0.4253,10.924,2.7061,1.2386,1.36,0.0,15,0.208,2.096,0.05,0.0,0.0,clear,compression -> confirmed range break + momentum,516.3937
2025-02-28 04:22:00+00:00,2025-02-28 12:22:00+00:00,XAUUSD,SHORT,BREAKOUT,BEAR,0.878,80.0,B,ASIA,2859.437,2874.938,2840.062,2840.062,2863.595,TIME,0.001,1.55,0.3002,15.5,-0.4158,-0.2682,0.558,0.48,480,0.475,3.088,0.05,0.05,0.0,clear,compression -> confirmed range break + momentum,515.978
2025-02-28 14:01:00+00:00,2025-02-28 18:00:00+00:00,XAUUSD,SHORT,BREAKOUT,BEAR,1.0,85.0,A,OVERLAP,2847.809,2865.676,2825.476,2825.476,2845.189,SESSION_END,0.001,1.7866,0.3463,17.866,0.262,0.1467,0.859,0.335,239,0.238,3.164,0.05,0.05,0.0,clear,compression -> confirmed range break + momentum,516.24
2025-03-03 08:01:00+00:00,2025-03-03 12:03:00+00:00,XAUUSD,LONG,LIQUIDITY_REVERSAL,LIQUIDITY_REVERSAL,0.8,80.0,B,LONDON,2863.528,2853.796,2875.693,2875.693,2875.608,TP2,0.002,1.9464,0.377,9.732,2.4159,1.2412,1.301,0.492,242,0.186,1.639,0.05,0.0,0.0,clear,sweep + rejection + CHoCH + displacement,518.6559
2025-03-04 09:31:00+00:00,2025-03-04 14:43:00+00:00,XAUUSD,LONG,BREAKOUT,STRONG_BULL,0.867,85.0,A,LONDON,2920.43,2908.041,2935.916,2935.916,2907.794,STOP,0.002,2.4777,0.4777,12.389,-2.5271,-1.0199,0.588,1.014,312,0.289,3.11,0.05,0.12,0.0,clear,compression -> confirmed range break + momentum,516.1288
2025-03-05 17:01:00+00:00,2025-03-05 21:00:00+00:00,XAUUSD,SHORT,LIQUIDITY_REVERSAL,LIQUIDITY_REVERSAL,0.8,85.0,A,NEWYORK,2923.569,2941.125,2901.624,2901.624,2922.074,SESSION_END,0.001,1.7556,0.3401,17.556,0.1495,0.0851,0.709,0.0,239,0.352,3.796,0.05,0.05,0.0,clear,sweep + rejection + CHoCH + displacement,516.2783
2025-03-07 13:09:00+00:00,2025-03-07 14:01:00+00:00,XAUUSD,SHORT,LIQUIDITY_REVERSAL,LIQUIDITY_REVERSAL,0.8,70.0,NO_TRADE,OVERLAP,2919.577,2927.989,2909.062,2909.062,2909.209,TP2,0.003,2.5235,0.4888,8.412,3.1103,1.2325,1.943,0.774,52,0.196,1.91,0.05,0.0,0.0,clear,sweep + rejection + CHoCH + displacement,519.3886
2025-03-11 12:43:00+00:00,2025-03-11 20:43:00+00:00,XAUUSD,LONG,LIQUIDITY_REVERSAL,LIQUIDITY_REVERSAL,0.8,80.0,B,OVERLAP,2915.497,2901.661,2932.791,2932.791,2916.034,TIME,0.001,1.3835,0.2664,13.835,0.0538,0.0389,0.474,0.638,480,0.183,1.709,0.05,0.05,0.0,clear,sweep + rejection + CHoCH + displacement,519.4424
2025-03-12 12:36:00+00:00,2025-03-12 20:36:00+00:00,XAUUSD,LONG,LIQUIDITY_REVERSAL,LIQUIDITY_REVERSAL,0.7,100.0,A+,OVERLAP,2920.485,2897.902,2948.715,2948.715,2932.364,TIME,0.001,2.2584,0.4348,22.584,1.1879,0.526,0.879,0.652,480,0.241,2.318,0.05,0.05,0.0,clear,sweep + rejection + CHoCH + displacement,520.6302
2025-03-13 11:43:00+00:00,2025-03-13 14:41:00+00:00,XAUUSD,LONG,TREND_CONTINUATION,BULL,0.997,85.0,A,LONDON,2947.815,2938.051,2960.02,2960.02,2959.89,TP2,0.002,1.9528,0.3751,9.764,2.415,1.2367,1.358,0.93,178,0.22,1.646,0.05,0.0,0.0,clear,trend pullback + LTF BOS,523.0452
2025-03-14 13:36:00+00:00,2025-03-14 18:00:00+00:00,XAUUSD,SHORT,LIQUIDITY_REVERSAL,LIQUIDITY_REVERSAL,0.7,85.0,A,OVERLAP,2989.531,3007.102,2967.566,2967.566,2986.318,SESSION_END,0.001,1.7571,0.3359,17.571,0.3212,0.1828,0.651,0.206,264,0.269,2.928,0.05,0.05,0.0,clear,sweep + rejection + CHoCH + displacement,523.3664
2025-03-18 05:47:00+00:00,2025-03-18 13:47:00+00:00,XAUUSD,LONG,TREND_CONTINUATION,STRONG_BULL,0.938,95.0,A+,ASIA,3013.53,2993.537,3038.521,3038.521,3031.284,TIME,0.001,1.9993,0.382,19.993,1.7754,0.888,1.227,0.159,480,0.489,2.04,0.05,0.05,0.0,clear,trend pullback + LTF BOS,525.1418
2025-03-19 06:46:00+00:00,2025-03-19 14:46:00+00:00,XAUUSD,LONG,LIQUIDITY_REVERSAL,BULL,1.0,85.0,A,ASIA,3042.162,3021.787,3067.63,3067.63,3029.83,TIME,0.001,2.0375,0.388,20.375,-1.2332,-0.6053,0.085,0.974,480,0.514,2.329,0.05,0.05,0.0,clear,sweep + rejection + CHoCH + displacement,523.9086
2025-03-20 13:39:00+00:00,2025-03-20 22:00:00+00:00,XAUUSD,LONG,LIQUIDITY_REVERSAL,LIQUIDITY_REVERSAL,0.7,100.0,A+,OVERLAP,3037.322,3017.076,3062.629,3062.629,3044.314,SESSION_END,0.001,2.0246,0.3864,20.246,0.6993,0.3454,0.425,0.341,441,0.253,2.85,0.05,0.05,0.0,clear,sweep + rejection + CHoCH + displacement,524.6078
2025-03-26 08:16:00+00:00,2025-03-26 13:57:00+00:00,XAUUSD,SHORT,LIQUIDITY_REVERSAL,LIQUIDITY_REVERSAL,0.7,75.0,B,LONDON,3028.302,3038.06,3016.104,3016.104,3016.239,TP2,0.002,1.9516,0.372,9.758,2.4124,1.2361,1.303,0.203,341,0.227,1.503,0.05,0.0,0.0,clear,sweep + rejection + CHoCH + displacement,527.0203
2025-04-01 03:16:00+00:00,2025-04-01 08:46:00+00:00,XAUUSD,LONG,BREAKOUT,BULL,0.874,85.0,A,ASIA,3138.462,3124.597,3155.793,3155.793,3124.351,STOP,0.001,1.3865,0.2631,13.865,-1.4111,-1.0177,0.748,1.021,330,0.414,2.757,0.05,0.12,0.0,clear,compression -> confirmed range break + momentum,525.6092
2025-04-03 18:01:00+00:00,2025-04-03 21:00:00+00:00,XAUUSD,SHORT,TREND_CONTINUATION,BEAR,0.952,85.0,A,NEWYORK,3106.196,3123.33,3084.778,3084.778,3108.892,SESSION_END,0.001,1.7134,0.326,17.134,-0.2696,-0.1574,0.379,0.403,179,0.304,5.017,0.05,0.05,0.0,clear,trend pullback + LTF BOS,525.3395
2025-04-04 03:31:00+00:00,2025-04-04 09:42:00+00:00,XAUUSD,SHORT,BREAKOUT,COMPRESSION,0.979,80.0,B,ASIA,3102.928,3121.262,3080.011,3080.011,3080.121,TP2,0.001,1.8334,0.349,18.334,2.2807,1.244,1.307,0.369,371,0.334,2.706,0.05,0.0,0.0,clear,compression -> confirmed range break + momentum,527.6203
2025-04-07 14:19:00+00:00,2025-04-07 14:36:00+00:00,XAUUSD,LONG,LIQUIDITY_REVERSAL,CHOPPY,0.641,80.0,B,OVERLAP,3026.494,3007.032,3050.822,3050.822,3006.808,STOP,0.001,1.9462,0.3689,19.462,-1.9686,-1.0115,0.188,1.097,17,0.199,5.708,0.05,0.12,0.0,clear,sweep + rejection + CHoCH + displacement,525.6517
2025-04-08 02:14:00+00:00,2025-04-08 10:14:00+00:00,XAUUSD,LONG,BREAKOUT,COMPRESSION,1.0,50.0,NO_TRADE,ASIA,2995.591,2975.584,3020.6,3020.6,3002.832,TIME,0.001,2.0007,0.3806,20.007,0.7241,0.3619,0.998,0.316,480,0.312,3.786,0.05,0.05,0.0,clear,compression -> confirmed range break + momentum,526.3757
2025-04-08 18:06:00+00:00,2025-04-08 21:00:00+00:00,XAUUSD,SHORT,BREAKOUT,EXPANSION,0.871,85.0,A,NEWYORK,2983.272,2998.937,2963.692,2963.692,2985.137,SESSION_END,0.001,1.5664,0.2976,15.664,-0.1864,-0.119,0.556,0.554,174,0.253,4.339,0.05,0.05,0.0,clear,compression -> confirmed range break + momentum,526.1893
2025-04-09 18:23:00+00:00,2025-04-09 18:25:00+00:00,XAUUSD,LONG,TREND_CONTINUATION,STRONG_BULL,1.0,85.0,A,NEWYORK,3087.2,3070.427,3108.165,3108.165,3070.145,STOP,0.001,1.6773,0.3188,16.773,-1.7055,-1.0168,0.018,1.166,2,0.269,4.859,0.05,0.12,0.0,clear,trend pullback + LTF BOS,524.4838
2025-04-10 09:03:00+00:00,2025-04-10 13:09:00+00:00,XAUUSD,SHORT,LIQUIDITY_REVERSAL,LIQUIDITY_REVERSAL,0.7,70.0,NO_TRADE,LONDON,3113.505,3128.072,3095.296,3095.296,3128.277,STOP,0.001,1.4567,0.2777,14.567,-1.4772,-1.014,0.71,1.054,246,0.201,4.263,0.05,0.12,0.0,clear,sweep + rejection + CHoCH + displacement,523.0066
2025-04-10 13:46:00+00:00,2025-04-10 15:36:00+00:00,XAUUSD,SHORT,LIQUIDITY_REVERSAL,LIQUIDITY_REVERSAL,0.7,70.0,NO_TRADE,OVERLAP,3124.913,3149.948,3093.618,3093.618,3150.185,STOP,0.001,2.5036,0.4787,25.036,-2.5272,-1.0094,0.357,1.007,110,0.205,4.989,0.05,0.12,0.0,clear,sweep + rejection + CHoCH + displacement,520.4794
2025-04-11 00:06:00+00:00,2025-04-11 01:41:00+00:00,XAUUSD,LONG,BREAKOUT,STRONG_BULL,1.0,95.0,A+,ASIA,3189.695,3172.93,3210.651,3210.651,3210.461,TP2,0.001,1.6765,0.3221,16.765,2.0766,1.2387,1.263,0.428,95,0.34,3.784,0.05,0.0,0.0,clear,compression -> confirmed range break + momentum,522.556
2025-04-14 14:19:00+00:00,2025-04-14 21:00:00+00:00,XAUUSD,SHORT,BREAKOUT,EXPANSION,0.95,55.0,NO_TRADE,OVERLAP,3196.932,3222.474,3165.004,3165.004,3212.902,SESSION_END,0.001,2.5542,0.4888,25.542,-1.5971,-0.6253,0.099,0.76,401,0.227,5.173,0.05,0.05,0.0,clear,compression -> confirmed range break + momentum,520.959
2025-04-15 02:16:00+00:00,2025-04-15 10:16:00+00:00,XAUUSD,LONG,BREAKOUT,COMPRESSION,0.989,95.0,A+,ASIA,3216.885,3203.568,3233.532,3233.532,3228.312,TIME,0.001,1.3317,0.2556,13.317,1.1427,0.8581,1.171,0.011,480,0.3,2.108,0.05,0.05,0.0,clear,compression -> confirmed range break + momentum,522.1017
2025-04-16 18:31:00+00:00,2025-04-16 19:45:00+00:00,XAUUSD,LONG,TREND_CONTINUATION,STRONG_BULL,1.0,85.0,A,NEWYORK,3325.079,3313.4,3339.679,3339.679,3339.559,TP2,0.002,2.336,0.4474,11.68,2.8959,1.2397,1.312,0.004,74,0.249,3.409,0.05,0.0,0.0,clear,trend pullback + LTF BOS,524.9976
2025-04-17 13:16:00+00:00,2025-04-17 14:51:00+00:00,XAUUSD,LONG,BREAKOUT,COMPRESSION,0.947,85.0,A,OVERLAP,3334.506,3319.228,3353.603,3353.603,3318.984,STOP,0.001,1.5278,0.291,15.278,-1.5521,-1.0159,0.253,1.058,95,0.202,3.707,0.05,0.12,0.0,clear,compression -> confirmed range break + momentum,523.4455
2025-04-21 07:42:00+00:00,2025-04-21 12:48:00+00:00,XAUUSD,LONG,BREAKOUT,COMPRESSION,0.932,80.0,B,LONDON,3391.02,3379.966,3404.838,3404.838,3404.739,TP2,0.002,2.2108,0.4224,11.054,2.7439,1.2411,1.272,0.854,306,0.21,3.232,0.05,0.0,0.0,clear,compression -> confirmed range break + momentum,526.1893
2025-04-21 13:21:00+00:00,2025-04-21 14:53:00+00:00,XAUUSD,LONG,BREAKOUT,BULL,0.858,100.0,A+,OVERLAP,3406.472,3392.081,3424.46,3424.46,3424.32,TP2,0.001,1.4391,0.2735,14.391,1.7848,1.2403,1.31,0.63,92,0.194,3.239,0.05,0.0,0.0,clear,compression -> confirmed range break + momentum,527.9742
2025-04-21 15:12:00+00:00,2025-04-21 21:00:00+00:00,XAUUSD,LONG,BREAKOUT,BULL,0.939,85.0,A,OVERLAP,3427.157,3403.78,3456.379,3456.379,3420.832,SESSION_END,0.001,2.3377,0.4428,23.377,-0.6326,-0.2706,0.137,0.913,348,0.285,5.832,0.05,0.05,0.0,clear,compression -> confirmed range break + momentum,527.3416
2025-04-23 14:21:00+00:00,2025-04-23 14:49:00+00:00,XAUUSD,SHORT,BREAKOUT,COMPRESSION,0.958,80.0,B,OVERLAP,3304.996,3325.707,3279.107,3279.107,3279.225,TP2,0.001,2.0711,0.3927,20.711,2.5771,1.2443,1.259,0.212,28,0.198,6.059,0.05,0.0,0.0,clear,compression -> confirmed range break + momentum,529.9187
2025-04-25 14:16:00+00:00,2025-04-25 18:00:00+00:00,XAUUSD,SHORT,BREAKOUT,STRONG_BEAR,0.893,70.0,NO_TRADE,OVERLAP,3281.501,3302.32,3255.479,3255.479,3284.665,SESSION_END,0.001,2.0818,0.3929,20.818,-0.3164,-0.152,0.803,0.281,224,0.227,5.567,0.05,0.05,0.0,clear,compression -> confirmed range break + momentum,529.6023
2025-04-28 06:36:00+00:00,2025-04-28 14:36:00+00:00,XAUUSD,SHORT,LIQUIDITY_REVERSAL,CHOPPY,0.575,90.0,A+,ASIA,3294.524,3312.145,3272.497,3272.497,3294.667,TIME,0.001,1.7621,0.3327,17.621,-0.0143,-0.0081,1.218,0.427,480,0.343,3.457,0.05,0.05,0.0,clear,sweep + rejection + CHoCH + displacement,529.588
2025-05-01 11:01:00+00:00,2025-05-01 19:01:00+00:00,XAUUSD,SHORT,BREAKOUT,COMPRESSION,0.905,80.0,B,LONDON,3217.808,3234.603,3196.813,3196.813,3213.928,TIME,0.001,1.6796,0.3171,16.796,0.388,0.231,0.96,0.909,480,0.195,3.15,0.05,0.05,0.0,clear,compression -> confirmed range break + momentum,529.976
2025-05-02 03:26:00+00:00,2025-05-02 08:35:00+00:00,XAUUSD,LONG,BREAKOUT,COMPRESSION,0.995,65.0,NO_TRADE,ASIA,3246.576,3233.653,3262.729,3262.729,3262.62,TP2,0.002,2.5845,0.4877,12.923,3.2089,1.2416,1.282,0.272,309,0.362,3.435,0.05,0.0,0.0,clear,compression -> confirmed range break + momentum,533.1849
2025-05-05 10:56:00+00:00,2025-05-05 15:06:00+00:00,XAUUSD,LONG,BREAKOUT,STRONG_BULL,0.944,85.0,A,LONDON,3305.016,3289.179,3324.811,3324.811,3324.698,TP2,0.001,1.5836,0.297,15.836,1.9682,1.2429,1.418,0.034,250,0.261,4.129,0.05,0.0,0.0,clear,compression -> confirmed range break + momentum,535.1531
2025-05-06 20:22:00+00:00,2025-05-06 21:00:00+00:00,XAUUSD,LONG,TREND_CONTINUATION,STRONG_BULL,1.0,85.0,A,NEWYORK,3416.056,3405.721,3428.974,3428.974,3420.966,SESSION_END,0.002,2.0669,0.3862,10.335,0.982,0.4751,0.753,0.147,38,0.202,2.582,0.05,0.05,0.0,clear,trend pullback + LTF BOS,536.1351
2025-05-08 20:07:00+00:00,2025-05-08 21:00:00+00:00,XAUUSD,SHORT,TREND_CONTINUATION,STRONG_BEAR,0.949,85.0,A,NEWYORK,3302.181,3324.348,3274.472,3274.472,3309.138,SESSION_END,0.001,2.2167,0.4135,22.167,-0.6957,-0.3138,0.62,0.336,53,0.227,3.645,0.05,0.05,0.0,clear,trend pullback + LTF BOS,535.4394
2025-05-13 01:12:00+00:00,2025-05-13 02:32:00+00:00,XAUUSD,LONG,BREAKOUT,COMPRESSION,0.979,65.0,NO_TRADE,ASIA,3242.548,3224.35,3265.296,3265.296,3224.053,STOP,0.001,1.8199,0.3399,18.199,-1.8495,-1.0163,0.03,1.001,80,0.306,2.585,0.05,0.12,0.0,clear,compression -> confirmed range break + momentum,533.5899
2025-05-13 13:01:00+00:00,2025-05-13 14:59:00+00:00,XAUUSD,SHORT,BREAKOUT,COMPRESSION,0.979,95.0,A+,OVERLAP,3248.415,3264.974,3227.717,3227.717,3227.837,TP2,0.001,1.6559,0.3103,16.559,2.0578,1.2428,1.293,0.016,118,0.18,2.99,0.05,0.0,0.0,clear,compression -> confirmed range break + momentum,535.6477
2025-05-14 06:13:00+00:00,2025-05-14 09:07:00+00:00,XAUUSD,SHORT,TREND_CONTINUATION,STRONG_BEAR,0.917,85.0,A,ASIA,3223.708,3241.345,3201.662,3201.662,3241.585,STOP,0.001,1.7637,0.3293,17.637,-1.7877,-1.0136,0.097,1.041,174,0.415,3.128,0.05,0.12,0.0,clear,trend pullback + LTF BOS,533.86
2025-05-19 00:01:00+00:00,2025-05-19 02:36:00+00:00,XAUUSD,LONG,BREAKOUT,EXPANSION,0.929,50.0,NO_TRADE,ASIA,3237.763,3220.711,3259.079,3259.079,3220.331,STOP,0.001,1.7052,0.3194,17.052,-1.7433,-1.0223,0.689,1.038,155,0.476,4.964,0.05,0.12,0.0,clear,compression -> confirmed range break + momentum,532.1167
2025-05-19 18:35:00+00:00,2025-05-19 21:00:00+00:00,XAUUSD,SHORT,LIQUIDITY_REVERSAL,CHOPPY,0.589,80.0,B,NEWYORK,3229.202,3240.042,3215.652,3215.652,3233.196,SESSION_END,0.002,2.1679,0.4074,10.84,-0.7988,-0.3685,0.384,0.596,145,0.206,2.735,0.05,0.05,0.0,clear,sweep + rejection + CHoCH + displacement,531.3179
2025-05-21 11:46:00+00:00,2025-05-21 19:46:00+00:00,XAUUSD,SHORT,LIQUIDITY_REVERSAL,LIQUIDITY_REVERSAL,0.7,85.0,A,LONDON,3310.401,3331.23,3284.365,3284.365,3314.917,TIME,0.001,2.0829,0.392,20.829,-0.4516,-0.2168,0.947,0.282,480,0.207,2.863,0.05,0.05,0.0,clear,sweep + rejection + CHoCH + displacement,530.8663
2025-05-22 02:11:00+00:00,2025-05-22 10:11:00+00:00,XAUUSD,LONG,BREAKOUT,COMPRESSION,0.989,80.0,B,ASIA,3328.409,3306.431,3355.881,3355.881,3309.124,TIME,0.001,2.1978,0.414,21.978,-1.9285,-0.8775,0.764,0.996,480,0.388,2.975,0.05,0.05,0.0,clear,compression -> confirmed range break + momentum,528.9378
2025-05-23 13:42:00+00:00,2025-05-23 18:00:00+00:00,XAUUSD,LONG,BREAKOUT,STRONG_BULL,0.904,85.0,A,OVERLAP,3357.359,3335.935,3384.14,3384.14,3359.456,SESSION_END,0.001,2.1424,0.405,21.424,0.2097,0.0979,0.329,0.985,258,0.323,6.285,0.05,0.05,0.0,clear,compression -> confirmed range break + momentum,529.1475
2025-05-29 00:20:00+00:00,2025-05-29 08:20:00+00:00,XAUUSD,SHORT,BREAKOUT,STRONG_BEAR,0.958,60.0,NO_TRADE,ASIA,3269.697,3290.779,3243.345,3243.345,3278.624,TIME,0.001,2.1082,0.3984,21.082,-0.8927,-0.4235,1.162,0.613,480,0.556,4.684,0.05,0.05,0.0,clear,compression -> confirmed range break + momentum,528.2547
2025-05-29 10:28:00+00:00,2025-05-29 11:15:00+00:00,XAUUSD,LONG,LIQUIDITY_REVERSAL,LIQUIDITY_REVERSAL,0.8,75.0,B,LONDON,3278.598,3269.999,3289.346,3289.346,3289.244,TP2,0.003,2.5796,0.4883,8.599,3.1938,1.2381,1.331,0.081,47,0.199,2.503,0.05,0.0,0.0,clear,sweep + rejection + CHoCH + displacement,531.4485
2025-05-30 03:11:00+00:00,2025-05-30 11:11:00+00:00,XAUUSD,SHORT,BREAKOUT,COMPRESSION,0.979,50.0,NO_TRADE,ASIA,3305.786,3322.683,3284.666,3284.666,3298.626,TIME,0.001,1.6896,0.3179,16.896,0.716,0.4238,1.103,0.004,480,0.424,3.255,0.05,0.05,0.0,clear,compression -> confirmed range break + momentum,532.1645
2025-06-02 07:06:00+00:00,2025-06-02 07:39:00+00:00,XAUUSD,LONG,BREAKOUT,BULL,0.84,80.0,B,LONDON,3326.457,3315.787,3339.794,3339.794,3339.68,TP2,0.002,2.1339,0.401,10.669,2.6445,1.2393,1.316,0.107,33,0.204,2.38,0.05,0.0,0.0,clear,compression -> confirmed range break + momentum,534.8091
2025-06-02 08:06:00+00:00,2025-06-02 14:44:00+00:00,XAUUSD,LONG,BREAKOUT,STRONG_BULL,0.893,85.0,A,LONDON,3346.948,3331.676,3366.038,3366.038,3365.922,TP2,0.001,1.5272,0.2856,15.272,1.8974,1.2424,1.293,0.182,398,0.246,3.303,0.05,0.0,0.0,clear,compression -> confirmed range break + momentum,536.7064
2025-06-03 13:06:00+00:00,2025-06-03 21:00:00+00:00,XAUUSD,SHORT,LIQUIDITY_REVERSAL,LIQUIDITY_REVERSAL,1.0,80.0,B,OVERLAP,3353.766,3371.157,3332.028,3332.028,3353.811,SESSION_END,0.001,1.7391,0.324,17.391,-0.0045,-0.0026,1.219,0.528,474,0.164,2.013,0.05,0.05,0.0,clear,sweep + rejection + CHoCH + displacement,536.702
2025-06-05 10:56:00+00:00,2025-06-05 14:01:00+00:00,XAUUSD,LONG,BREAKOUT,EXPANSION,0.855,85.0,A,LONDON,3389.699,3375.01,3408.061,3408.061,3374.736,STOP,0.001,1.469,0.2737,14.69,-1.4963,-1.0186,0.918,1.008,185,0.249,3.088,0.05,0.12,0.0,clear,compression -> confirmed range break + momentum,535.2056
2025-06-06 15:07:00+00:00,2025-06-06 18:00:00+00:00,XAUUSD,SHORT,BREAKOUT,BEAR,0.918,70.0,NO_TRADE,OVERLAP,3337.426,3362.44,3306.159,3306.159,3323.664,SESSION_END,0.001,2.5014,0.4674,25.014,1.3762,0.5502,0.854,0.18,173,0.344,5.78,0.05,0.05,0.0,clear,compression -> confirmed range break + momentum,536.5818
2025-06-09 12:56:00+00:00,2025-06-09 16:24:00+00:00,XAUUSD,SHORT,LIQUIDITY_REVERSAL,LIQUIDITY_REVERSAL,0.7,95.0,A+,OVERLAP,3316.058,3330.188,3298.396,3298.396,3330.441,STOP,0.001,1.413,0.2633,14.13,-1.4383,-1.0179,0.392,1.001,208,0.194,2.436,0.05,0.12,0.0,clear,sweep + rejection + CHoCH + displacement,535.1436
2025-06-10 02:07:00+00:00,2025-06-10 02:52:00+00:00,XAUUSD,LONG,LIQUIDITY_REVERSAL,BEAR,0.797,75.0,B,ASIA,3318.563,3303.625,3337.236,3337.236,3303.268,STOP,0.001,1.4938,0.2791,14.938,-1.5296,-1.0239,0.0,1.025,45,0.417,2.676,0.05,0.12,0.0,clear,sweep + rejection + CHoCH + displacement,533.614
2025-06-12 01:32:00+00:00,2025-06-12 08:44:00+00:00,XAUUSD,LONG,TREND_CONTINUATION,STRONG_BULL,0.927,80.0,B,ASIA,3366.308,3342.26,3396.368,3396.368,3342.007,STOP,0.001,2.4048,0.4507,24.048,-2.4301,-1.0105,0.467,1.161,432,0.48,3.607,0.05,0.12,0.0,clear,trend pullback + LTF BOS,531.1839
2025-06-12 11:33:00+00:00,2025-06-12 19:33:00+00:00,XAUUSD,LONG,BREAKOUT,BULL,0.882,85.0,A,LONDON,3380.615,3357.196,3409.888,3409.888,3383.497,TIME,0.001,2.3418,0.4409,23.418,0.2883,0.1231,0.774,0.327,480,0.279,4.086,0.05,0.05,0.0,clear,compression -> confirmed range break + momentum,531.4721
2025-06-13 00:52:00+00:00,2025-06-13 01:07:00+00:00,XAUUSD,LONG,BREAKOUT,COMPRESSION,0.984,65.0,NO_TRADE,ASIA,3389.998,3377.803,3405.243,3405.243,3405.066,TP2,0.002,2.4391,0.4589,12.195,3.0135,1.2355,1.621,0.0,15,0.287,1.851,0.05,0.0,0.0,clear,compression -> confirmed range break + momentum,534.4856
2025-06-13 01:57:00+00:00,2025-06-13 09:57:00+00:00,XAUUSD,LONG,BREAKOUT,BULL,0.814,65.0,NO_TRADE,ASIA,3417.884,3395.082,3446.386,3446.386,3424.491,TIME,0.001,2.2801,0.4266,22.801,0.6607,0.2898,1.151,0.444,480,0.558,5.724,0.05,0.05,0.0,clear,compression -> confirmed range break + momentum,535.1463
2025-06-13 14:36:00+00:00,2025-06-13 15:14:00+00:00,XAUUSD,LONG,BREAKOUT,BULL,0.981,85.0,A,OVERLAP,3445.651,3427.639,3468.165,3468.165,3427.404,STOP,0.001,1.8012,0.3366,18.012,-1.8246,-1.013,0.055,1.045,38,0.211,4.019,0.05,0.12,0.0,clear,compression -> confirmed range break + momentum,533.3217
2025-06-16 12:36:00+00:00,2025-06-16 14:53:00+00:00,XAUUSD,SHORT,LIQUIDITY_REVERSAL,LIQUIDITY_REVERSAL,0.8,80.0,B,OVERLAP,3418.051,3430.361,3402.664,3402.664,3402.776,TP2,0.002,2.4619,0.4616,12.31,3.0551,1.2409,1.25,0.114,137,0.168,2.641,0.05,0.0,0.0,clear,sweep + rejection + CHoCH + displacement,536.3768
2025-06-18 02:46:00+00:00,2025-06-18 05:30:00+00:00,XAUUSD,SHORT,BREAKOUT,COMPRESSION,0.937,95.0,A+,ASIA,3379.724,3394.999,3360.63,3360.63,3395.292,STOP,0.001,1.5275,0.2848,15.275,-1.5568,-1.0192,0.614,1.032,164,0.362,2.442,0.05,0.12,0.0,clear,compression -> confirmed range break + momentum,534.82
2025-06-19 07:33:00+00:00,2025-06-19 08:39:00+00:00,XAUUSD,SHORT,BREAKOUT,BEAR,0.841,85.0,A,LONDON,3349.699,3364.838,3330.774,3330.774,3365.105,STOP,0.001,1.514,0.2831,15.14,-1.5406,-1.0176,0.161,1.048,66,0.293,3.813,0.05,0.12,0.0,clear,compression -> confirmed range break + momentum,533.2794
2025-06-23 02:31:00+00:00,2025-06-23 10:31:00+00:00,XAUUSD,SHORT,BREAKOUT,EXPANSION,0.871,60.0,NO_TRADE,ASIA,3354.247,3372.689,3331.195,3331.195,3363.327,TIME,0.001,1.8442,0.3458,18.442,-0.908,-0.4924,0.411,0.793,480,0.555,4.146,0.05,0.05,0.0,clear,compression -> confirmed range break + momentum,532.3714
2025-06-23 19:34:00+00:00,2025-06-23 21:00:00+00:00,XAUUSD,SHORT,LIQUIDITY_REVERSAL,CHOPPY,0.558,85.0,A,NEWYORK,3377.675,3403.347,3345.586,3345.586,3377.676,SESSION_END,0.001,2.5672,0.4822,25.672,-0.0001,-0.0,0.088,0.164,86,0.279,3.212,0.05,0.05,0.0,clear,sweep + rejection + CHoCH + displacement,532.3713
2025-06-24 10:07:00+00:00,2025-06-24 14:36:00+00:00,XAUUSD,SHORT,TREND_CONTINUATION,BEAR,0.608,90.0,A+,LONDON,3323.195,3338.621,3303.912,3303.912,3304.04,TP2,0.001,1.5426,0.2898,15.426,1.9155,1.2417,1.313,0.362,269,0.228,3.408,0.05,0.0,0.0,clear,trend pullback + LTF BOS,534.2868
2025-06-24 14:43:00+00:00,2025-06-24 21:00:00+00:00,XAUUSD,SHORT,BREAKOUT,STRONG_BEAR,0.99,70.0,NO_TRADE,OVERLAP,3299.91,3326.021,3267.271,3267.271,3324.296,SESSION_END,0.001,2.6111,0.4887,26.111,-2.4386,-0.9339,0.184,0.961,377,0.27,4.802,0.05,0.05,0.0,clear,compression -> confirmed range break + momentum,531.8481
2025-06-25 02:18:00+00:00,2025-06-25 10:18:00+00:00,XAUUSD,LONG,BREAKOUT,COMPRESSION,0.989,65.0,NO_TRADE,ASIA,3332.093,3321.555,3345.267,3345.267,3322.774,TIME,0.002,2.1077,0.3963,10.539,-1.8638,-0.8843,0.451,0.993,480,0.291,1.738,0.05,0.05,0.0,clear,compression -> confirmed range break + momentum,529.9843
2025-06-26 01:06:00+00:00,2025-06-26 09:06:00+00:00,XAUUSD,SHORT,LIQUIDITY_REVERSAL,LIQUIDITY_REVERSAL,0.7,95.0,A+,ASIA,3334.034,3349.729,3314.415,3314.415,3346.154,TIME,0.001,1.5695,0.2961,15.695,-1.212,-0.7722,0.321,0.83,480,0.382,1.839,0.05,0.05,0.0,clear,sweep + rejection + CHoCH + displacement,528.7723
2025-06-26 13:26:00+00:00,2025-06-26 14:03:00+00:00,XAUUSD,LONG,LIQUIDITY_REVERSAL,LIQUIDITY_REVERSAL,0.8,100.0,A+,OVERLAP,3338.483,3319.134,3362.669,3362.669,3318.857,STOP,0.001,1.9349,0.3659,19.349,-1.9626,-1.0143,0.28,1.055,37,0.216,2.251,0.05,0.12,0.0,clear,sweep + rejection + CHoCH + displacement,526.8097
2025-06-27 03:28:00+00:00,2025-06-27 04:56:00+00:00,XAUUSD,SHORT,TREND_CONTINUATION,BEAR,0.944,80.0,B,ASIA,3314.343,3330.179,3294.547,3294.547,3294.789,TP2,0.001,1.5837,0.3006,15.837,1.9554,1.2347,1.307,0.0,88,0.465,2.582,0.05,0.0,0.0,clear,trend pullback + LTF BOS,528.7651
2025-06-27 12:57:00+00:00,2025-06-27 13:59:00+00:00,XAUUSD,SHORT,TREND_CONTINUATION,STRONG_BEAR,1.0,85.0,A,OVERLAP,3282.364,3292.697,3269.447,3269.447,3269.6,TP2,0.002,2.0667,0.3909,10.334,2.5528,1.2352,1.262,0.0,62,0.242,2.993,0.05,0.0,0.0,clear,trend pullback + LTF BOS,531.3179
2025-06-30 00:58:00+00:00,2025-06-30 03:07:00+00:00,XAUUSD,SHORT,TREND_CONTINUATION,BEAR,0.592,70.0,NO_TRADE,ASIA,3264.129,3280.436,3243.746,3243.746,3280.786,STOP,0.001,1.6307,0.3069,16.307,-1.6657,-1.0215,0.303,1.014,129,0.451,3.442,0.05,0.12,0.0,clear,trend pullback + LTF BOS,529.6522
2025-06-30 11:41:00+00:00,2025-06-30 17:42:00+00:00,XAUUSD,SHORT,LIQUIDITY_REVERSAL,LIQUIDITY_REVERSAL,0.8,90.0,A+,LONDON,3283.088,3294.829,3268.412,3268.412,3295.058,STOP,0.002,2.3482,0.4433,11.741,-2.394,-1.0195,0.74,1.01,361,0.194,2.286,0.05,0.12,0.0,clear,sweep + rejection + CHoCH + displacement,527.2582
2025-07-01 03:40:00+00:00,2025-07-01 08:13:00+00:00,XAUUSD,LONG,TREND_CONTINUATION,STRONG_BULL,1.0,80.0,B,ASIA,3316.326,3299.762,3337.031,3337.031,3336.926,TP2,0.001,1.6564,0.3142,16.564,2.06,1.2436,1.256,0.059,273,0.382,2.174,0.05,0.0,0.0,clear,trend pullback + LTF BOS,529.3182
2025-07-01 08:45:00+00:00,2025-07-01 13:20:00+00:00,XAUUSD,LONG,BREAKOUT,STRONG_BULL,1.0,70.0,NO_TRADE,LONDON,3337.687,3325.432,3353.005,3353.005,3352.907,TP2,0.002,2.451,0.463,12.255,3.0442,1.242,1.433,0.093,275,0.243,2.602,0.05,0.0,0.0,clear,compression -> confirmed range break + momentum,532.3624
2025-07-02 08:51:00+00:00,2025-07-02 16:51:00+00:00,XAUUSD,LONG,LIQUIDITY_REVERSAL,LIQUIDITY_REVERSAL,1.0,100.0,A+,LONDON,3335.483,3313.558,3362.89,3362.89,3341.414,TIME,0.001,2.1925,0.4119,21.925,0.5931,0.2705,0.705,0.125,480,0.256,2.676,0.05,0.05,0.0,clear,sweep + rejection + CHoCH + displacement,532.9554
2025-07-03 06:51:00+00:00,2025-07-03 10:45:00+00:00,XAUUSD,LONG,BREAKOUT,COMPRESSION,0.968,80.0,B,ASIA,3355.975,3344.194,3370.702,3370.702,3343.96,STOP,0.002,2.3563,0.4421,11.781,-2.4031,-1.0199,0.643,1.042,234,0.34,1.498,0.05,0.12,0.0,clear,compression -> confirmed range break + momentum,530.5524
2025-07-03 18:32:00+00:00,2025-07-03 21:00:00+00:00,XAUUSD,SHORT,LIQUIDITY_REVERSAL,LIQUIDITY_REVERSAL,0.8,75.0,B,NEWYORK,3330.18,3342.489,3314.794,3314.794,3328.735,SESSION_END,0.002,2.4618,0.464,12.309,0.289,0.1174,0.257,0.039,148,0.23,1.85,0.05,0.05,0.0,clear,sweep + rejection + CHoCH + displacement,530.8414
2025-07-04 02:23:00+00:00,2025-07-04 10:23:00+00:00,XAUUSD,LONG,BREAKOUT,COMPRESSION,0.953,65.0,NO_TRADE,ASIA,3333.575,3321.307,3348.911,3348.911,3339.37,TIME,0.002,2.4537,0.4622,12.269,1.1589,0.4723,0.923,0.627,480,0.355,1.614,0.05,0.05,0.0,clear,compression -> confirmed range break + momentum,532.0003
2025-07-07 12:47:00+00:00,2025-07-07 14:53:00+00:00,XAUUSD,SHORT,TREND_CONTINUATION,STRONG_BEAR,1.0,85.0,A,OVERLAP,3303.432,3314.829,3289.186,3289.186,3315.092,STOP,0.002,2.2793,0.4284,11.397,-2.332,-1.0231,0.293,1.114,126,0.266,2.934,0.05,0.12,0.0,clear,trend pullback + LTF BOS,529.6683
2025-07-08 08:11:00+00:00,2025-07-08 09:06:00+00:00,XAUUSD,LONG,BREAKOUT,COMPRESSION,0.937,80.0,B,LONDON,3339.2,3329.164,3351.745,3351.745,3328.938,STOP,0.002,2.0072,0.379,10.036,-2.0525,-1.0226,0.0,1.051,55,0.204,1.921,0.05,0.12,0.0,clear,compression -> confirmed range break + momentum,527.6158
2025-07-09 06:40:00+00:00,2025-07-09 14:40:00+00:00,XAUUSD,SHORT,TREND_CONTINUATION,STRONG_BEAR,0.959,85.0,A,ASIA,3290.609,3308.857,3267.8,3267.8,3292.503,TIME,0.001,1.8248,0.3459,18.248,-0.1893,-0.1038,0.449,0.479,480,0.412,2.231,0.05,0.05,0.0,clear,trend pullback + LTF BOS,527.4265
2025-07-09 19:21:00+00:00,2025-07-09 21:00:00+00:00,XAUUSD,LONG,LIQUIDITY_REVERSAL,LIQUIDITY_REVERSAL,0.8,85.0,A,NEWYORK,3312.103,3299.86,3327.407,3327.407,3314.204,SESSION_END,0.002,2.4486,0.4643,12.243,0.4201,0.1716,0.367,0.177,99,0.216,1.831,0.05,0.05,0.0,clear,sweep + rejection + CHoCH + displacement,527.8466
2025-07-10 09:37:00+00:00,2025-07-10 14:57:00+00:00,XAUUSD,LONG,LIQUIDITY_REVERSAL,LIQUIDITY_REVERSAL,0.8,100.0,A+,LONDON,3323.235,3314.202,3334.527,3334.527,3313.938,STOP,0.002,1.8067,0.3423,9.033,-1.8596,-1.0293,0.758,1.09,320,0.201,1.693,0.05,0.12,0.0,clear,sweep + rejection + CHoCH + displacement,525.987
2025-07-11 09:56:00+00:00,2025-07-11 13:35:00+00:00,XAUUSD,SHORT,LIQUIDITY_REVERSAL,LIQUIDITY_REVERSAL,0.7,85.0,A,LONDON,3334.758,3351.725,3313.551,3313.551,3351.973,STOP,0.001,1.6966,0.3226,16.966,-1.7215,-1.0146,0.126,1.052,219,0.273,2.535,0.05,0.12,0.0,clear,sweep + rejection + CHoCH + displacement,524.2655
2025-07-14 14:11:00+00:00,2025-07-14 21:00:00+00:00,XAUUSD,SHORT,BREAKOUT,EXPANSION,0.929,70.0,NO_TRADE,OVERLAP,3349.43,3360.451,3335.652,3335.652,3344.762,SESSION_END,0.002,2.2044,0.4205,11.022,0.9335,0.4235,0.787,0.846,409,0.251,3.184,0.05,0.05,0.0,clear,compression -> confirmed range break + momentum,525.1991
2025-07-16 12:01:00+00:00,2025-07-16 14:50:00+00:00,XAUUSD,SHORT,BREAKOUT,COMPRESSION,0.958,80.0,B,OVERLAP,3335.029,3344.837,3322.769,3322.769,3322.925,TP2,0.002,1.9616,0.3735,9.808,2.4208,1.2341,1.267,0.589,169,0.192,1.567,0.05,0.0,0.0,clear,compression -> confirmed range break + momentum,527.6198
2025-07-18 12:07:00+00:00,2025-07-18 18:00:00+00:00,XAUUSD,LONG,TREND_CONTINUATION,BULL,0.919,85.0,A,OVERLAP,3353.165,3342.193,3366.879,3366.879,3353.092,SESSION_END,0.002,2.1943,0.4159,10.972,-0.0146,-0.0067,0.717,0.198,353,0.2,1.795,0.05,0.05,0.0,clear,trend pullback + LTF BOS,527.6052
2025-07-21 12:29:00+00:00,2025-07-21 13:25:00+00:00,XAUUSD,LONG,BREAKOUT,BULL,0.964,70.0,NO_TRADE,OVERLAP,3372.749,3364.764,3382.73,3382.73,3382.619,TP2,0.003,2.3954,0.454,7.985,2.9609,1.2361,1.265,0.265,56,0.188,1.489,0.05,0.0,0.0,clear,compression -> confirmed range break + momentum,530.5662
2025-07-21 14:06:00+00:00,2025-07-21 21:00:00+00:00,XAUUSD,LONG,BREAKOUT,STRONG_BULL,1.0,85.0,A,OVERLAP,3388.428,3377.614,3401.945,3401.945,3397.504,SESSION_END,0.002,2.1628,0.4076,10.814,1.8153,0.8393,1.194,0.472,414,0.246,2.278,0.05,0.05,0.0,clear,compression -> confirmed range break + momentum,532.3815
2025-07-22 13:01:00+00:00,2025-07-22 13:42:00+00:00,XAUUSD,LONG,BREAKOUT,COMPRESSION,0.958,80.0,B,OVERLAP,3392.516,3384.098,3403.039,3403.039,3402.923,TP2,0.003,2.5254,0.4744,8.418,3.1221,1.2363,1.429,0.184,41,0.182,1.371,0.05,0.0,0.0,clear,compression -> confirmed range break + momentum,535.5035
2025-07-22 13:55:00+00:00,2025-07-22 14:31:00+00:00,XAUUSD,LONG,BREAKOUT,BULL,0.832,70.0,NO_TRADE,OVERLAP,3403.876,3393.814,3416.453,3416.453,3416.301,TP2,0.002,2.0124,0.3758,10.062,2.485,1.2349,1.259,0.0,36,0.256,2.375,0.05,0.0,0.0,clear,compression -> confirmed range break + momentum,537.9885
2025-07-22 14:41:00+00:00,2025-07-22 21:00:00+00:00,XAUUSD,LONG,BREAKOUT,STRONG_BULL,0.879,85.0,A,OVERLAP,3417.289,3404.191,3433.661,3433.661,3430.793,SESSION_END,0.002,2.6196,0.4869,13.098,2.7008,1.031,1.221,0.987,379,0.307,3.119,0.05,0.05,0.0,clear,compression -> confirmed range break + momentum,540.6893
2025-07-24 13:43:00+00:00,2025-07-24 21:00:00+00:00,XAUUSD,SHORT,TREND_CONTINUATION,STRONG_BEAR,1.0,100.0,A+,OVERLAP,3357.857,3378.171,3332.465,3332.465,3370.788,SESSION_END,0.001,2.0313,0.3757,20.313,-1.2931,-0.6366,0.329,0.95,437,0.216,2.477,0.05,0.05,0.0,clear,trend pullback + LTF BOS,539.3962
2025-07-25 12:06:00+00:00,2025-07-25 16:44:00+00:00,XAUUSD,SHORT,TREND_CONTINUATION,STRONG_BEAR,1.0,85.0,A,OVERLAP,3342.528,3356.652,3324.874,3324.874,3325.05,TP2,0.001,1.4124,0.2618,14.124,1.7479,1.2375,1.255,0.345,278,0.193,1.875,0.05,0.0,0.0,clear,trend pullback + LTF BOS,541.1441
2025-07-28 00:01:00+00:00,2025-07-28 08:01:00+00:00,XAUUSD,SHORT,TREND_CONTINUATION,BEAR,0.603,80.0,B,ASIA,3330.733,3352.494,3303.531,3303.531,3341.31,TIME,0.001,2.1761,0.4021,21.761,-1.0577,-0.486,0.15,0.662,480,0.531,2.914,0.05,0.05,0.0,clear,trend pullback + LTF BOS,540.0863
2025-07-29 08:01:00+00:00,2025-07-29 16:01:00+00:00,XAUUSD,SHORT,LIQUIDITY_REVERSAL,LIQUIDITY_REVERSAL,0.7,90.0,A+,LONDON,3316.704,3331.554,3298.141,3298.141,3327.276,TIME,0.001,1.485,0.275,14.85,-1.0573,-0.712,0.377,0.878,480,0.242,2.314,0.05,0.05,0.0,clear,sweep + rejection + CHoCH + displacement,539.0291
2025-08-01 02:56:00+00:00,2025-08-01 06:50:00+00:00,XAUUSD,SHORT,BREAKOUT,COMPRESSION,0.958,85.0,A,ASIA,3283.115,3296.902,3265.88,3265.88,3297.197,STOP,0.001,1.3788,0.2558,13.788,-1.4082,-1.0213,0.122,1.047,234,0.38,2.195,0.05,0.12,0.0,clear,compression -> confirmed range break + momentum,537.6209
2025-08-04 17:11:00+00:00,2025-08-04 21:00:00+00:00,XAUUSD,LONG,TREND_CONTINUATION,BULL,1.0,85.0,A,NEWYORK,3376.035,3361.234,3394.535,3394.535,3374.527,SESSION_END,0.001,1.4801,0.2753,14.801,-0.1508,-0.1019,0.133,0.382,229,0.274,2.49,0.05,0.05,0.0,clear,trend pullback + LTF BOS,537.4701
2025-08-06 13:56:00+00:00,2025-08-06 21:00:00+00:00,XAUUSD,LONG,LIQUIDITY_REVERSAL,LIQUIDITY_REVERSAL,1.0,100.0,A+,OVERLAP,3368.142,3347.699,3393.697,3393.697,3370.464,SESSION_END,0.001,2.0444,0.3804,20.444,0.2321,0.1135,0.57,0.15,424,0.234,2.347,0.05,0.05,0.0,clear,sweep + rejection + CHoCH + displacement,537.7022
2025-08-07 19:21:00+00:00,2025-08-07 21:00:00+00:00,XAUUSD,SHORT,LIQUIDITY_REVERSAL,CHOPPY,0.754,75.0,B,NEWYORK,3389.301,3401.546,3373.995,3373.995,3398.912,SESSION_END,0.002,2.4489,0.4554,12.245,-1.9222,-0.7849,0.19,0.914,99,0.228,1.835,0.05,0.05,0.0,clear,sweep + rejection + CHoCH + displacement,535.78
2025-08-08 06:02:00+00:00,2025-08-08 14:02:00+00:00,XAUUSD,SHORT,LIQUIDITY_REVERSAL,CHOPPY,0.566,85.0,A,ASIA,3393.25,3409.011,3373.548,3373.548,3391.142,TIME,0.001,1.5761,0.2942,15.761,0.2108,0.1337,0.838,0.677,480,0.418,2.467,0.05,0.05,0.0,clear,sweep + rejection + CHoCH + displacement,535.9908
2025-08-11 07:34:00+00:00,2025-08-11 13:30:00+00:00,XAUUSD,SHORT,BREAKOUT,COMPRESSION,0.968,65.0,NO_TRADE,LONDON,3364.949,3379.877,3346.29,3346.29,3346.396,TP2,0.001,1.4927,0.2785,14.927,1.8553,1.2429,1.392,0.281,356,0.191,2.427,0.05,0.0,0.0,clear,compression -> confirmed range break + momentum,537.8461
2025-08-12 07:21:00+00:00,2025-08-12 15:21:00+00:00,XAUUSD,SHORT,BREAKOUT,COMPRESSION,0.989,80.0,B,LONDON,3344.782,3358.908,3327.125,3327.125,3332.074,TIME,0.001,1.4126,0.2626,14.126,1.2708,0.8996,0.983,0.932,480,0.205,2.398,0.05,0.05,0.0,clear,compression -> confirmed range break + momentum,539.1169
2025-08-19 01:17:00+00:00,2025-08-19 09:17:00+00:00,XAUUSD,LONG,BREAKOUT,COMPRESSION,0.937,70.0,NO_TRADE,ASIA,3337.223,3320.995,3357.509,3357.509,3337.795,TIME,0.001,1.6228,0.301,16.228,0.0571,0.0352,0.273,0.488,480,0.396,1.776,0.05,0.05,0.0,clear,compression -> confirmed range break + momentum,539.1741
2025-08-19 17:10:00+00:00,2025-08-19 21:00:00+00:00,XAUUSD,SHORT,TREND_CONTINUATION,STRONG_BEAR,0.873,85.0,A,NEWYORK,3321.889,3333.462,3307.423,3307.423,3316.963,SESSION_END,0.002,2.3146,0.4293,11.573,0.9852,0.4256,0.615,0.051,230,0.313,2.535,0.05,0.05,0.0,clear,trend pullback + LTF BOS,540.1593
2025-08-21 13:36:00+00:00,2025-08-21 21:00:00+00:00,XAUUSD,LONG,LIQUIDITY_REVERSAL,LIQUIDITY_REVERSAL,0.7,90.0,A+,OVERLAP,3343.148,3324.488,3366.473,3366.473,3338.353,SESSION_END,0.001,1.866,0.3455,18.66,-0.4795,-0.257,0.257,0.394,444,0.3,2.699,0.05,0.05,0.0,clear,sweep + rejection + CHoCH + displacement,539.6797
2025-08-22 13:21:00+00:00,2025-08-22 15:00:00+00:00,XAUUSD,LONG,LIQUIDITY_REVERSAL,LIQUIDITY_REVERSAL,1.0,85.0,A,OVERLAP,3329.31,3317.537,3344.027,3344.027,3343.879,TP2,0.002,2.3546,0.4363,11.773,2.9138,1.2375,1.417,0.702,99,0.224,1.726,0.05,0.0,0.0,clear,sweep + rejection + CHoCH + displacement,542.5935
2025-08-25 14:39:00+00:00,2025-08-25 21:00:00+00:00,XAUUSD,LONG,LIQUIDITY_REVERSAL,LIQUIDITY_REVERSAL,0.8,100.0,A+,OVERLAP,3367.54,3353.314,3385.323,3385.323,3364.556,SESSION_END,0.001,1.4226,0.2622,14.226,-0.2984,-0.2098,0.604,0.179,381,0.231,1.749,0.05,0.05,0.0,clear,sweep + rejection + CHoCH + displacement,542.2951
2025-08-26 07:21:00+00:00,2025-08-26 15:21:00+00:00,XAUUSD,SHORT,LIQUIDITY_REVERSAL,CHOPPY,0.598,85.0,A,LONDON,3373.0,3382.838,3360.703,3360.703,3374.134,TIME,0.002,1.9675,0.3628,9.838,-0.2267,-0.1152,0.611,0.735,480,0.249,1.669,0.05,0.05,0.0,clear,sweep + rejection + CHoCH + displacement,542.0683
2025-08-27 19:37:00+00:00,2025-08-27 21:00:00+00:00,XAUUSD,LONG,TREND_CONTINUATION,STRONG_BULL,0.879,100.0,A+,NEWYORK,3395.402,3386.309,3406.768,3406.768,3395.654,SESSION_END,0.002,1.8186,0.3355,9.093,0.0505,0.0278,0.088,0.217,83,0.233,1.53,0.05,0.05,0.0,clear,trend pullback + LTF BOS,542.1189
2025-08-28 09:41:00+00:00,2025-08-28 17:13:00+00:00,XAUUSD,LONG,BREAKOUT,BULL,0.896,85.0,A,LONDON,3399.415,3388.269,3413.348,3413.348,3413.195,TP2,0.002,2.2292,0.4112,11.146,2.7559,1.2363,1.313,0.526,452,0.24,1.81,0.05,0.0,0.0,clear,compression -> confirmed range break + momentum,544.8748
2025-09-01 12:52:00+00:00,2025-09-01 15:21:00+00:00,XAUUSD,SHORT,LIQUIDITY_REVERSAL,LIQUIDITY_REVERSAL,0.8,85.0,A,OVERLAP,3469.551,3480.256,3456.169,3456.169,3480.478,STOP,0.002,2.1411,0.393,10.706,-2.1854,-1.0207,0.24,1.023,149,0.209,2.322,0.05,0.12,0.0,clear,sweep + rejection + CHoCH + displacement,542.6894
2025-09-03 01:27:00+00:00,2025-09-03 09:27:00+00:00,XAUUSD,LONG,BREAKOUT,COMPRESSION,0.921,60.0,NO_TRADE,ASIA,3540.419,3516.461,3570.365,3570.365,3539.445,TIME,0.001,2.3957,0.4415,23.957,-0.0973,-0.0406,0.221,0.581,480,0.448,2.927,0.05,0.05,0.0,clear,compression -> confirmed range break + momentum,542.5921
2025-09-03 14:31:00+00:00,2025-09-03 18:33:00+00:00,XAUUSD,LONG,BREAKOUT,BULL,1.0,85.0,A,OVERLAP,3558.039,3545.477,3573.74,3573.74,3573.628,TP2,0.002,2.5122,0.463,12.561,3.1178,1.2411,1.251,0.718,242,0.247,3.67,0.05,0.0,0.0,clear,compression -> confirmed range break + momentum,545.7099
2025-09-05 14:53:00+00:00,2025-09-05 18:00:00+00:00,XAUUSD,LONG,BREAKOUT,STRONG_BULL,0.794,65.0,NO_TRADE,OVERLAP,3592.729,3566.332,3625.725,3625.725,3595.24,SESSION_END,0.001,2.6397,0.4837,26.397,0.2512,0.0951,0.272,0.77,187,0.367,6.221,0.05,0.05,0.0,clear,compression -> confirmed range break + momentum,545.961
2025-09-08 02:13:00+00:00,2025-09-08 08:39:00+00:00,XAUUSD,SHORT,LIQUIDITY_REVERSAL,LIQUIDITY_REVERSAL,0.7,80.0,B,ASIA,3587.622,3612.359,3556.701,3556.701,3612.601,STOP,0.001,2.4737,0.4531,24.737,-2.4979,-1.0098,0.334,1.039,386,0.486,3.366,0.05,0.12,0.0,clear,sweep + rejection + CHoCH + displacement,543.4631
2025-09-08 12:34:00+00:00,2025-09-08 14:10:00+00:00,XAUUSD,LONG,TREND_CONTINUATION,STRONG_BULL,1.0,80.0,B,OVERLAP,3616.639,3606.777,3628.968,3628.968,3628.856,TP2,0.002,1.9726,0.363,9.863,2.4434,1.2387,1.369,0.43,96,0.189,2.302,0.05,0.0,0.0,clear,trend pullback + LTF BOS,545.9065
2025-09-08 15:40:00+00:00,2025-09-08 21:00:00+00:00,XAUUSD,LONG,TREND_CONTINUATION,STRONG_BULL,1.0,85.0,A,OVERLAP,3634.546,3615.918,3657.831,3657.831,3636.709,SESSION_END,0.001,1.8628,0.3412,18.628,0.2163,0.1161,0.621,0.149,320,0.262,4.086,0.05,0.05,0.0,clear,trend pullback + LTF BOS,546.1228
2025-09-09 03:13:00+00:00,2025-09-09 11:13:00+00:00,XAUUSD,LONG,BREAKOUT,BULL,0.597,65.0,NO_TRADE,ASIA,3650.048,3634.973,3668.892,3668.892,3653.047,TIME,0.001,1.5075,0.276,15.075,0.3,0.199,0.602,0.907,480,0.446,3.26,0.05,0.05,0.0,clear,compression -> confirmed range break + momentum,546.4228
2025-09-09 13:19:00+00:00,2025-09-09 15:00:00+00:00,XAUUSD,LONG,LIQUIDITY_REVERSAL,LIQUIDITY_REVERSAL,0.8,90.0,A+,OVERLAP,3651.892,3637.391,3670.017,3670.017,3669.891,TP2,0.001,1.45,0.2654,14.5,1.7999,1.2413,1.5,0.578,101,0.193,2.533,0.05,0.0,0.0,clear,sweep + rejection + CHoCH + displacement,548.2227
2025-09-10 06:39:00+00:00,2025-09-10 10:47:00+00:00,XAUUSD,SHORT,LIQUIDITY_REVERSAL,BULL,0.806,70.0,NO_TRADE,ASIA,3640.029,3653.299,3623.442,3623.442,3653.509,STOP,0.002,2.6539,0.4841,13.27,-2.696,-1.0159,0.0,1.042,248,0.312,1.718,0.05,0.12,0.0,clear,sweep + rejection + CHoCH + displacement,545.5267
2025-09-10 15:46:00+00:00,2025-09-10 21:00:00+00:00,XAUUSD,SHORT,LIQUIDITY_REVERSAL,LIQUIDITY_REVERSAL,1.0,85.0,A,OVERLAP,3648.458,3667.126,3625.122,3625.122,3642.053,SESSION_END,0.001,1.8668,0.3422,18.668,0.6404,0.3431,0.717,0.061,314,0.235,3.433,0.05,0.05,0.0,clear,sweep + rejection + CHoCH + displacement,546.1671
2025-09-11 07:01:00+00:00,2025-09-11 13:32:00+00:00,XAUUSD,SHORT,BREAKOUT,BEAR,0.556,55.0,NO_TRADE,LONDON,3624.227,3637.817,3607.24,3607.24,3638.046,STOP,0.002,2.718,0.4976,13.59,-2.7638,-1.0169,0.939,1.163,391,0.236,2.467,0.05,0.12,0.0,clear,compression -> confirmed range break + momentum,543.4033
2025-09-12 01:47:00+00:00,2025-09-12 03:30:00+00:00,XAUUSD,LONG,LIQUIDITY_REVERSAL,CHOPPY,0.639,80.0,B,ASIA,3634.874,3622.754,3650.023,3650.023,3649.813,TP2,0.002,2.4239,0.4461,12.119,2.9878,1.2326,1.27,0.0,103,0.337,1.649,0.05,0.0,0.0,clear,sweep + rejection + CHoCH + displacement,546.391
2025-09-16 02:07:00+00:00,2025-09-16 10:07:00+00:00,XAUUSD,SHORT,LIQUIDITY_REVERSAL,LIQUIDITY_REVERSAL,1.0,75.0,B,ASIA,3681.078,3702.518,3654.278,3654.278,3694.23,TIME,0.001,2.144,0.3924,21.44,-1.3152,-0.6134,0.309,0.744,480,0.44,2.372,0.05,0.05,0.0,clear,sweep + rejection + CHoCH + displacement,545.0758
2025-09-16 10:34:00+00:00,2025-09-16 14:03:00+00:00,XAUUSD,LONG,TREND_CONTINUATION,BULL,0.922,85.0,A,LONDON,3696.949,3685.456,3711.316,3711.316,3685.222,STOP,0.002,2.2986,0.4217,11.493,-2.3455,-1.0204,0.21,1.011,209,0.229,2.246,0.05,0.12,0.0,clear,trend pullback + LTF BOS,542.7303
2025-09-18 13:37:00+00:00,2025-09-18 14:39:00+00:00,XAUUSD,SHORT,LIQUIDITY_REVERSAL,LIQUIDITY_REVERSAL,1.0,100.0,A+,OVERLAP,3665.521,3683.92,3642.522,3642.522,3642.652,TP2,0.001,1.8399,0.339,18.399,2.2869,1.2429,1.48,0.23,62,0.208,2.804,0.05,0.0,0.0,clear,sweep + rejection + CHoCH + displacement,545.0173
2025-09-22 07:11:00+00:00,2025-09-22 07:46:00+00:00,XAUUSD,LONG,BREAKOUT,STRONG_BULL,1.0,85.0,A,LONDON,3700.347,3686.651,3717.465,3717.465,3717.334,TP2,0.001,1.3695,0.2513,13.695,1.6988,1.2404,1.272,0.091,35,0.223,2.165,0.05,0.0,0.0,clear,compression -> confirmed range break + momentum,546.716
2025-09-22 09:46:00+00:00,2025-09-22 16:56:00+00:00,XAUUSD,LONG,BREAKOUT,STRONG_BULL,1.0,85.0,A,LONDON,3722.04,3710.806,3736.082,3736.082,3735.933,TP2,0.002,2.2467,0.411,11.234,2.7787,1.2368,1.262,0.903,430,0.25,2.806,0.05,0.0,0.0,clear,compression -> confirmed range break + momentum,549.4947
2025-09-22 20:52:00+00:00,2025-09-22 21:00:00+00:00,XAUUSD,LONG,TREND_CONTINUATION,STRONG_BULL,1.0,100.0,A+,NEWYORK,3747.452,3733.485,3764.912,3764.912,3747.372,SESSION_END,0.001,1.3968,0.2542,13.968,-0.0081,-0.0058,0.068,0.003,8,0.215,1.769,0.05,0.05,0.0,clear,trend pullback + LTF BOS,549.4866
2025-09-23 02:06:00+00:00,2025-09-23 09:48:00+00:00,XAUUSD,LONG,BREAKOUT,COMPRESSION,0.937,85.0,A,ASIA,3751.695,3734.876,3772.718,3772.718,3772.592,TP2,0.001,1.6819,0.3061,16.819,2.0898,1.2425,1.353,0.906,462,0.393,2.155,0.05,0.0,0.0,clear,compression -> confirmed range break + momentum,551.5764
2025-09-24 11:26:00+00:00,2025-09-24 16:57:00+00:00,XAUUSD,SHORT,BREAKOUT,COMPRESSION,0.937,65.0,NO_TRADE,LONDON,3760.091,3774.457,3742.132,3742.132,3742.288,TP2,0.001,1.4367,0.2605,14.367,1.7803,1.2392,1.265,0.881,331,0.189,2.204,0.05,0.0,0.0,clear,compression -> confirmed range break + momentum,553.3567
2025-09-26 07:05:00+00:00,2025-09-26 13:31:00+00:00,XAUUSD,LONG,LIQUIDITY_REVERSAL,CHOPPY,0.605,70.0,NO_TRADE,LONDON,3744.136,3735.462,3754.979,3754.979,3754.892,TP2,0.003,2.6022,0.4703,8.674,3.2268,1.24,1.402,0.59,386,0.194,2.263,0.05,0.0,0.0,clear,sweep + rejection + CHoCH + displacement,556.5835
2025-09-29 05:23:00+00:00,2025-09-29 07:15:00+00:00,XAUUSD,LONG,TREND_CONTINUATION,BULL,0.866,80.0,B,ASIA,3798.019,3782.186,3817.811,3817.811,3817.67,TP2,0.001,1.5834,0.2845,15.834,1.9651,1.2411,1.277,0.055,112,0.429,3.142,0.05,0.0,0.0,clear,trend pullback + LTF BOS,558.5486
2025-09-29 08:14:00+00:00,2025-09-29 16:14:00+00:00,XAUUSD,LONG,TREND_CONTINUATION,STRONG_BULL,0.957,85.0,A,LONDON,3817.025,3803.128,3834.395,3834.395,3823.563,TIME,0.002,2.7793,0.4976,13.896,1.3076,0.4705,1.113,0.888,480,0.279,4.067,0.05,0.05,0.0,clear,trend pullback + LTF BOS,559.8562
2025-09-30 01:06:00+00:00,2025-09-30 04:35:00+00:00,XAUUSD,LONG,BREAKOUT,COMPRESSION,0.916,80.0,B,ASIA,3837.571,3819.712,3859.896,3859.896,3859.699,TP2,0.001,1.7859,0.319,17.859,2.2127,1.239,1.258,0.295,209,0.313,2.049,0.05,0.0,0.0,clear,compression -> confirmed range break + momentum,562.0689
2025-10-01 03:00:00+00:00,2025-10-01 04:36:00+00:00,XAUUSD,LONG,BREAKOUT,COMPRESSION,0.989,65.0,NO_TRADE,ASIA,3869.018,3857.236,3883.747,3883.747,3856.908,STOP,0.002,2.3565,0.4193,11.783,-2.422,-1.0278,0.533,1.157,96,0.327,2.138,0.05,0.12,0.0,clear,compression -> confirmed range break + momentum,559.6469
2025-10-01 10:22:00+00:00,2025-10-01 18:22:00+00:00,XAUUSD,SHORT,LIQUIDITY_REVERSAL,BULL,0.834,75.0,B,LONDON,3886.137,3910.021,3856.282,3856.282,3871.292,TIME,0.001,2.3884,0.4268,23.884,1.4845,0.6216,1.249,0.218,480,0.236,3.553,0.05,0.05,0.0,clear,sweep + rejection + CHoCH + displacement,561.1314
2025-10-02 06:04:00+00:00,2025-10-02 11:23:00+00:00,XAUUSD,LONG,LIQUIDITY_REVERSAL,CHOPPY,0.608,95.0,A+,ASIA,3866.72,3853.284,3883.515,3883.515,3883.409,TP2,0.002,2.6872,0.4789,13.436,3.3377,1.2421,1.258,0.387,319,0.31,1.818,0.05,0.0,0.0,clear,sweep + rejection + CHoCH + displacement,564.4691
2025-10-03 10:23:00+00:00,2025-10-03 13:41:00+00:00,XAUUSD,LONG,LIQUIDITY_REVERSAL,LIQUIDITY_REVERSAL,0.8,85.0,A,LONDON,3858.914,3850.875,3868.962,3868.962,3868.855,TP2,0.003,2.4117,0.4273,8.039,2.9825,1.2367,1.402,0.543,198,0.197,2.311,0.05,0.0,0.0,clear,sweep + rejection + CHoCH + displacement,567.4516
2025-10-06 02:28:00+00:00,2025-10-06 04:47:00+00:00,XAUUSD,LONG,TREND_CONTINUATION,STRONG_BULL,0.959,80.0,B,ASIA,3906.389,3887.204,3930.371,3930.371,3930.157,TP2,0.001,1.9185,0.3381,19.185,2.3768,1.2389,1.277,0.217,139,0.489,4.034,0.05,0.0,0.0,clear,trend pullback + LTF BOS,569.8284
2025-10-06 08:49:00+00:00,2025-10-06 16:49:00+00:00,XAUUSD,LONG,TREND_CONTINUATION,STRONG_BULL,1.0,85.0,A,LONDON,3937.926,3913.482,3968.482,3968.482,3955.665,TIME,0.001,2.4445,0.429,24.445,1.7738,0.7257,0.848,0.47,480,0.257,3.853,0.05,0.05,0.0,clear,trend pullback + LTF BOS,571.6023
2025-10-06 17:11:00+00:00,2025-10-06 21:00:00+00:00,XAUUSD,LONG,TREND_CONTINUATION,BULL,1.0,80.0,B,NEWYORK,3955.734,3933.552,3983.462,3983.462,3958.188,SESSION_END,0.001,2.2182,0.3881,22.182,0.2454,0.1106,0.411,0.455,229,0.299,4.784,0.05,0.05,0.0,clear,trend pullback + LTF BOS,571.8476
2025-10-08 00:51:00+00:00,2025-10-08 04:07:00+00:00,XAUUSD,LONG,BREAKOUT,COMPRESSION,0.968,80.0,B,ASIA,3995.039,3979.921,4013.937,4013.937,4013.752,TP2,0.001,1.5118,0.2644,15.118,1.8712,1.2377,1.277,0.727,196,0.309,2.255,0.05,0.0,0.0,clear,compression -> confirmed range break + momentum,573.7189
2025-10-08 04:51:00+00:00,2025-10-08 06:23:00+00:00,XAUUSD,LONG,BREAKOUT,BULL,0.92,80.0,B,ASIA,4015.994,4002.705,4032.605,4032.605,4032.426,TP2,0.002,2.6578,0.4633,13.289,3.2865,1.2365,1.267,0.389,92,0.358,2.848,0.05,0.0,0.0,clear,compression -> confirmed range break + momentum,577.0054
2025-10-09 06:58:00+00:00,2025-10-09 07:51:00+00:00,XAUUSD,LONG,TREND_CONTINUATION,BULL,0.907,85.0,A,ASIA,4040.882,4023.568,4062.523,4062.523,4023.334,STOP,0.001,1.7313,0.3001,17.313,-1.7548,-1.0135,0.0,1.026,53,0.393,3.587,0.05,0.12,0.0,clear,trend pullback + LTF BOS,575.2506
2025-10-13 11:51:00+00:00,2025-10-13 15:47:00+00:00,XAUUSD,LONG,BREAKOUT,COMPRESSION,0.989,95.0,A+,LONDON,4082.402,4068.474,4099.814,4099.814,4099.722,TP2,0.002,2.7858,0.4843,13.929,3.4638,1.2434,1.281,0.678,236,0.175,3.234,0.05,0.0,0.0,clear,compression -> confirmed range break + momentum,578.7144
2025-10-13 15:52:00+00:00,2025-10-13 21:00:00+00:00,XAUUSD,LONG,BREAKOUT,STRONG_BULL,1.0,70.0,NO_TRADE,OVERLAP,4099.887,4085.717,4117.599,4117.599,4109.38,SESSION_END,0.002,2.834,0.4897,14.17,1.8986,0.6699,1.208,0.658,308,0.183,4.171,0.05,0.05,0.0,clear,compression -> confirmed range break + momentum,580.613
2025-10-14 01:31:00+00:00,2025-10-14 04:27:00+00:00,XAUUSD,LONG,TREND_CONTINUATION,BULL,1.0,100.0,A+,ASIA,4127.922,4103.366,4158.616,4158.616,4158.415,TP2,0.001,2.4556,0.4229,24.556,3.0493,1.2418,1.262,0.207,176,0.393,4.279,0.05,0.0,0.0,clear,trend pullback + LTF BOS,583.6624
2025-10-14 20:36:00+00:00,2025-10-14 21:00:00+00:00,XAUUSD,SHORT,LIQUIDITY_REVERSAL,LIQUIDITY_REVERSAL,0.8,85.0,A,NEWYORK,4143.406,4162.331,4119.749,4119.749,4143.579,SESSION_END,0.001,1.8925,0.3242,18.925,-0.0174,-0.0092,0.487,0.177,24,0.219,3.561,0.05,0.05,0.0,clear,sweep + rejection + CHoCH + displacement,583.645
2025-10-15 07:51:00+00:00,2025-10-15 10:21:00+00:00,XAUUSD,LONG,BREAKOUT,COMPRESSION,0.937,80.0,B,LONDON,4196.687,4174.024,4225.015,4225.015,4173.792,STOP,0.001,2.2663,0.3883,22.663,-2.2894,-1.0102,0.94,1.48,150,0.203,4.21,0.05,0.12,0.0,clear,compression -> confirmed range break + momentum,581.3556
2025-10-16 06:16:00+00:00,2025-10-16 06:33:00+00:00,XAUUSD,SHORT,LIQUIDITY_REVERSAL,CHOPPY,0.689,80.0,B,ASIA,4229.29,4244.668,4210.068,4210.068,4210.257,TP2,0.001,1.5378,0.2645,15.378,1.9033,1.2377,1.631,0.049,17,0.37,3.899,0.05,0.0,0.0,clear,sweep + rejection + CHoCH + displacement,583.2589
2025-10-16 13:41:00+00:00,2025-10-16 15:06:00+00:00,XAUUSD,LONG,LIQUIDITY_REVERSAL,LIQUIDITY_REVERSAL,1.0,95.0,A+,OVERLAP,4234.587,4213.139,4261.398,4261.398,4261.259,TP2,0.001,2.1448,0.3677,21.448,2.6672,1.2435,1.276,0.085,85,0.225,5.242,0.05,0.0,0.0,clear,sweep + rejection + CHoCH + displacement,585.926
2025-10-16 18:48:00+00:00,2025-10-16 21:00:00+00:00,XAUUSD,LONG,TREND_CONTINUATION,BULL,0.89,85.0,A,NEWYORK,4294.112,4269.654,4324.684,4324.684,4307.913,SESSION_END,0.001,2.4458,0.4174,24.458,1.3801,0.5643,0.758,0.865,132,0.314,7.194,0.05,0.05,0.0,clear,trend pullback + LTF BOS,587.3062
2025-10-20 11:15:00+00:00,2025-10-20 13:14:00+00:00,XAUUSD,LONG,LIQUIDITY_REVERSAL,LIQUIDITY_REVERSAL,0.8,75.0,B,LONDON,4253.707,4230.301,4282.965,4282.965,4282.889,TP2,0.001,2.3406,0.3985,23.406,2.9182,1.2467,1.266,0.13,119,0.164,4.864,0.05,0.0,0.0,clear,sweep + rejection + CHoCH + displacement,590.2243
2025-10-20 13:19:00+00:00,2025-10-20 13:40:00+00:00,XAUUSD,LONG,BREAKOUT,COMPRESSION,0.963,80.0,B,OVERLAP,4285.523,4259.083,4318.572,4318.572,4318.479,TP2,0.001,2.6439,0.448,26.439,3.2956,1.2465,1.296,0.0,21,0.155,5.107,0.05,0.0,0.0,clear,compression -> confirmed range break + momentum,593.52
2025-10-20 16:07:00+00:00,2025-10-20 20:55:00+00:00,XAUUSD,LONG,BREAKOUT,BULL,0.891,70.0,NO_TRADE,NEWYORK,4338.194,4309.55,4373.998,4373.998,4373.911,TP2,0.001,2.8644,0.4826,28.644,3.5717,1.2469,1.39,0.054,288,0.257,8.444,0.05,0.0,0.0,clear,compression -> confirmed range break + momentum,597.0917
2025-10-21 02:41:00+00:00,2025-10-21 08:33:00+00:00,XAUUSD,SHORT,BREAKOUT,COMPRESSION,0.953,70.0,NO_TRADE,ASIA,4344.427,4367.626,4315.429,4315.429,4315.537,TP2,0.001,2.3199,0.3885,23.199,2.8891,1.2454,1.679,0.464,352,0.395,6.791,0.05,0.0,0.0,clear,compression -> confirmed range break + momentum,599.9807
2025-10-23 06:56:00+00:00,2025-10-23 14:18:00+00:00,XAUUSD,LONG,BREAKOUT,COMPRESSION,0.963,65.0,NO_TRADE,ASIA,4106.066,4080.268,4138.313,4138.313,4138.222,TP2,0.001,2.5798,0.43,25.798,3.2156,1.2465,1.353,0.562,442,0.301,4.987,0.05,0.0,0.0,clear,compression -> confirmed range break + momentum,603.1964
2025-10-27 03:16:00+00:00,2025-10-27 08:53:00+00:00,XAUUSD,SHORT,TREND_CONTINUATION,STRONG_BEAR,0.864,85.0,A,ASIA,4071.331,4093.813,4043.23,4043.23,4043.325,TP2,0.001,2.2481,0.3727,22.481,2.8006,1.2458,1.46,0.596,337,0.387,5.548,0.05,0.0,0.0,clear,trend pullback + LTF BOS,605.997
2025-10-27 09:01:00+00:00,2025-10-27 11:39:00+00:00,XAUUSD,SHORT,BREAKOUT,STRONG_BEAR,0.872,70.0,NO_TRADE,LONDON,4048.256,4073.852,4016.261,4016.261,4016.376,TP2,0.001,2.5596,0.4224,25.596,3.188,1.2455,1.297,0.043,158,0.238,6.507,0.05,0.0,0.0,clear,compression -> confirmed range break + momentum,609.185
2025-10-27 11:44:00+00:00,2025-10-27 13:00:00+00:00,XAUUSD,SHORT,BREAKOUT,STRONG_BEAR,0.936,70.0,NO_TRADE,LONDON,4019.134,4047.035,3984.259,3984.259,4047.262,STOP,0.001,2.79,0.458,27.9,-2.8127,-1.0081,0.002,1.11,76,0.241,6.891,0.05,0.12,0.0,clear,compression -> confirmed range break + momentum,606.3723
2025-10-28 19:56:00+00:00,2025-10-28 22:00:00+00:00,XAUUSD,LONG,LIQUIDITY_REVERSAL,LIQUIDITY_REVERSAL,0.8,80.0,B,NEWYORK,3960.58,3932.92,3995.155,3995.155,3954.813,SESSION_END,0.001,2.766,0.4562,27.66,-0.5767,-0.2085,0.036,0.405,64,0.21,4.64,0.05,0.05,0.0,clear,sweep + rejection + CHoCH + displacement,605.7955
2025-10-29 06:46:00+00:00,2025-10-29 08:00:00+00:00,XAUUSD,LONG,BREAKOUT,COMPRESSION,0.932,65.0,NO_TRADE,ASIA,3980.479,3962.865,4002.496,4002.496,4002.393,TP2,0.001,1.7614,0.2908,17.614,2.1915,1.2442,1.28,0.337,74,0.368,5.141,0.05,0.0,0.0,clear,compression -> confirmed range break + momentum,607.987
2025-10-29 09:53:00+00:00,2025-10-29 15:46:00+00:00,XAUUSD,LONG,BREAKOUT,BULL,0.577,50.0,NO_TRADE,LONDON,4028.184,3998.411,4065.399,4065.399,3998.197,STOP,0.001,2.9772,0.4897,29.772,-2.9987,-1.0072,0.059,1.001,353,0.198,4.95,0.05,0.12,0.0,clear,compression -> confirmed range break + momentum,604.9883
2025-10-30 12:36:00+00:00,2025-10-30 14:07:00+00:00,XAUUSD,SHORT,LIQUIDITY_REVERSAL,CHOPPY,0.567,90.0,A+,OVERLAP,3975.692,4003.493,3940.941,3940.941,4003.735,STOP,0.001,2.7801,0.4595,27.801,-2.8043,-1.0087,0.566,1.037,91,0.206,6.381,0.05,0.12,0.0,clear,sweep + rejection + CHoCH + displacement,602.184
2025-10-31 02:13:00+00:00,2025-10-31 03:13:00+00:00,XAUUSD,SHORT,BREAKOUT,COMPRESSION,0.979,70.0,NO_TRADE,ASIA,4015.261,4034.45,3991.274,3991.274,3991.473,TP2,0.001,1.919,0.3187,19.19,2.3788,1.2396,1.268,0.125,60,0.368,5.608,0.05,0.0,0.0,clear,compression -> confirmed range break + momentum,604.5628
2025-11-03 14:31:00+00:00,2025-11-03 21:00:00+00:00,XAUUSD,SHORT,LIQUIDITY_REVERSAL,CHOPPY,0.635,80.0,B,OVERLAP,4010.653,4037.897,3976.597,3976.597,4008.234,SESSION_END,0.001,2.7244,0.4506,27.244,0.2418,0.0888,0.575,0.724,389,0.184,4.355,0.05,0.05,0.0,clear,sweep + rejection + CHoCH + displacement,604.8046
2025-11-04 13:36:00+00:00,2025-11-04 14:29:00+00:00,XAUUSD,SHORT,BREAKOUT,COMPRESSION,0.932,85.0,A,OVERLAP,3980.451,4001.913,3953.623,3953.623,3953.74,TP2,0.001,2.1462,0.3549,21.462,2.6711,1.2446,1.371,0.098,53,0.209,4.62,0.05,0.0,0.0,clear,compression -> confirmed range break + momentum,607.4757
2025-11-05 20:45:00+00:00,2025-11-05 21:00:00+00:00,XAUUSD,SHORT,LIQUIDITY_REVERSAL,CHOPPY,0.553,85.0,A,NEWYORK,3984.148,3995.726,3969.677,3969.677,3985.178,SESSION_END,0.002,2.3155,0.3812,11.577,-0.206,-0.089,0.237,0.06,15,0.193,2.576,0.05,0.05,0.0,clear,sweep + rejection + CHoCH + displacement,607.2697
2025-11-07 06:56:00+00:00,2025-11-07 12:50:00+00:00,XAUUSD,LONG,BREAKOUT,COMPRESSION,0.995,85.0,A,ASIA,4006.471,3991.645,4025.005,4025.005,3991.41,STOP,0.002,2.9653,0.4883,14.826,-3.0124,-1.0159,0.506,1.007,354,0.413,3.192,0.05,0.12,0.0,clear,compression -> confirmed range break + momentum,604.2573
2025-11-10 12:11:00+00:00,2025-11-10 13:02:00+00:00,XAUUSD,LONG,BREAKOUT,COMPRESSION,0.989,80.0,B,OVERLAP,4088.39,4076.411,4103.363,4103.363,4103.269,TP2,0.002,2.3958,0.3965,11.979,2.9759,1.2422,1.342,0.093,51,0.189,3.247,0.05,0.0,0.0,clear,compression -> confirmed range break + momentum,607.2332
2025-11-10 20:31:00+00:00,2025-11-10 21:00:00+00:00,XAUUSD,SHORT,LIQUIDITY_REVERSAL,BULL,0.974,80.0,B,NEWYORK,4108.935,4124.168,4089.894,4089.894,4111.632,SESSION_END,0.001,1.5233,0.2509,15.233,-0.2697,-0.177,0.08,0.263,29,0.22,3.005,0.05,0.05,0.0,clear,sweep + rejection + CHoCH + displacement,606.9636
2025-11-11 00:31:00+00:00,2025-11-11 04:03:00+00:00,XAUUSD,LONG,BREAKOUT,COMPRESSION,0.942,95.0,A+,ASIA,4126.236,4108.24,4148.731,4148.731,4148.543,TP2,0.001,1.7996,0.2965,17.996,2.2307,1.2396,1.251,0.056,212,0.342,2.783,0.05,0.0,0.0,clear,compression -> confirmed range break + momentum,609.1943
2025-11-11 10:04:00+00:00,2025-11-11 15:22:00+00:00,XAUUSD,SHORT,LIQUIDITY_REVERSAL,LIQUIDITY_REVERSAL,0.8,75.0,B,LONDON,4137.726,4159.457,4110.562,4110.562,4110.694,TP2,0.001,2.1731,0.3567,21.731,2.7032,1.2439,1.43,0.406,318,0.198,2.987,0.05,0.0,0.0,clear,sweep + rejection + CHoCH + displacement,611.8974
2025-11-13 13:32:00+00:00,2025-11-13 14:43:00+00:00,XAUUSD,SHORT,LIQUIDITY_REVERSAL,BULL,0.948,85.0,A,OVERLAP,4227.955,4255.646,4193.34,4193.34,4193.479,TP2,0.001,2.7691,0.4526,27.691,3.4476,1.245,1.43,0.156,71,0.221,5.049,0.05,0.0,0.0,clear,sweep + rejection + CHoCH + displacement,615.345
2025-11-17 05:21:00+00:00,2025-11-17 08:02:00+00:00,XAUUSD,SHORT,BREAKOUT,COMPRESSION,0.989,80.0,B,ASIA,4068.259,4090.357,4040.636,4040.636,4090.571,STOP,0.001,2.2098,0.3591,22.098,-2.2312,-1.0097,0.849,1.054,161,0.333,4.179,0.05,0.12,0.0,clear,compression -> confirmed range break + momentum,613.1138
2025-11-17 14:40:00+00:00,2025-11-17 19:32:00+00:00,XAUUSD,LONG,LIQUIDITY_REVERSAL,LIQUIDITY_REVERSAL,0.8,85.0,A,OVERLAP,4074.44,4044.588,4111.755,4111.755,4044.357,STOP,0.001,2.9852,0.4869,29.852,-3.0083,-1.0077,0.216,1.038,292,0.21,6.136,0.05,0.12,0.0,clear,sweep + rejection + CHoCH + displacement,610.1055
2025-11-17 20:05:00+00:00,2025-11-17 20:56:00+00:00,XAUUSD,SHORT,BREAKOUT,EXPANSION,0.95,70.0,NO_TRADE,NEWYORK,4014.369,4039.441,3983.029,3983.029,4039.699,STOP,0.001,2.5072,0.4109,25.072,-2.533,-1.0103,0.144,1.096,51,0.292,7.398,0.05,0.12,0.0,clear,compression -> confirmed range break + momentum,607.5725
2025-11-19 01:16:00+00:00,2025-11-19 02:44:00+00:00,XAUUSD,SHORT,BREAKOUT,COMPRESSION,0.984,65.0,NO_TRADE,ASIA,4064.133,4077.38,4047.574,4047.574,4077.682,STOP,0.002,2.6494,0.4361,13.247,-2.7098,-1.0228,0.671,1.082,88,0.329,3.856,0.05,0.12,0.0,clear,compression -> confirmed range break + momentum,604.8627
2025-11-21 01:32:00+00:00,2025-11-21 06:28:00+00:00,XAUUSD,SHORT,BREAKOUT,COMPRESSION,0.974,80.0,B,ASIA,4060.935,4080.293,4036.737,4036.737,4036.952,TP2,0.001,1.9358,0.32,19.358,2.3982,1.2389,1.574,0.975,296,0.361,4.797,0.05,0.0,0.0,clear,compression -> confirmed range break + momentum,607.2609
2025-11-24 12:46:00+00:00,2025-11-24 18:37:00+00:00,XAUUSD,LONG,BREAKOUT,COMPRESSION,0.958,65.0,NO_TRADE,OVERLAP,4080.346,4062.506,4102.646,4102.646,4102.54,TP2,0.001,1.784,0.2938,17.84,2.2194,1.2441,1.297,0.688,351,0.162,3.469,0.05,0.0,0.0,clear,compression -> confirmed range break + momentum,609.4803
2025-11-26 01:11:00+00:00,2025-11-26 02:26:00+00:00,XAUUSD,LONG,BREAKOUT,COMPRESSION,0.979,80.0,B,ASIA,4143.715,4128.328,4162.948,4162.948,4162.766,TP2,0.001,1.5386,0.2525,15.386,1.9051,1.2382,1.263,0.307,75,0.36,3.539,0.05,0.0,0.0,clear,compression -> confirmed range break + momentum,611.3854
2025-11-26 10:34:00+00:00,2025-11-26 15:00:00+00:00,XAUUSD,SHORT,LIQUIDITY_REVERSAL,CHOPPY,0.627,80.0,B,LONDON,4158.81,4175.756,4137.628,4137.628,4137.759,TP2,0.001,1.6946,0.2772,16.946,2.1051,1.2422,1.365,0.846,266,0.196,3.297,0.05,0.0,0.0,clear,sweep + rejection + CHoCH + displacement,613.4905
2025-11-26 17:37:00+00:00,2025-11-26 21:00:00+00:00,XAUUSD,SHORT,LIQUIDITY_REVERSAL,CHOPPY,0.649,75.0,B,NEWYORK,4165.832,4177.513,4151.231,4151.231,4162.973,SESSION_END,0.002,2.3362,0.3808,11.681,0.5719,0.2448,0.683,0.484,203,0.226,3.404,0.05,0.05,0.0,clear,sweep + rejection + CHoCH + displacement,614.0624
2025-11-27 06:57:00+00:00,2025-11-27 14:57:00+00:00,XAUUSD,LONG,BREAKOUT,COMPRESSION,0.9,80.0,B,ASIA,4158.142,4142.217,4178.05,4178.05,4154.852,TIME,0.001,1.5926,0.2594,15.926,-0.3291,-0.2066,0.545,0.626,480,0.375,3.028,0.05,0.05,0.0,clear,compression -> confirmed range break + momentum,613.7333
2025-12-01 03:01:00+00:00,2025-12-01 05:26:00+00:00,XAUUSD,LONG,TREND_CONTINUATION,BULL,0.971,75.0,B,ASIA,4242.647,4217.839,4273.656,4273.656,4217.477,STOP,0.001,2.4807,0.4042,24.807,-2.517,-1.0146,0.162,1.103,145,0.564,5.609,0.05,0.12,0.0,clear,trend pullback + LTF BOS,611.2163
2025-12-02 00:01:00+00:00,2025-12-02 01:09:00+00:00,XAUUSD,SHORT,BREAKOUT,COMPRESSION,0.979,50.0,NO_TRADE,ASIA,4224.545,4240.647,4204.417,4204.417,4204.606,TP2,0.001,1.6102,0.2634,16.102,1.9939,1.2383,1.655,0.306,68,0.341,3.388,0.05,0.0,0.0,clear,compression -> confirmed range break + momentum,613.2102
2025-12-03 02:12:00+00:00,2025-12-03 05:47:00+00:00,XAUUSD,LONG,BREAKOUT,COMPRESSION,0.942,50.0,NO_TRADE,ASIA,4222.629,4204.78,4244.941,4244.941,4204.475,STOP,0.001,1.7849,0.2911,17.849,-1.8154,-1.0171,0.344,1.091,215,0.389,3.774,0.05,0.12,0.0,clear,compression -> confirmed range break + momentum,611.3947
2025-12-03 12:41:00+00:00,2025-12-03 13:52:00+00:00,XAUUSD,LONG,BREAKOUT,COMPRESSION,0.963,65.0,NO_TRADE,OVERLAP,4213.024,4198.09,4231.692,4231.692,4231.586,TP2,0.002,2.9868,0.4885,14.934,3.7124,1.2429,1.274,0.168,71,0.179,2.951,0.05,0.0,0.0,clear,compression -> confirmed range break + momentum,615.1071
2025-12-04 03:07:00+00:00,2025-12-04 11:07:00+00:00,XAUUSD,SHORT,BREAKOUT,BEAR,0.748,65.0,NO_TRADE,ASIA,4193.983,4220.516,4160.818,4160.818,4201.323,TIME,0.001,2.6532,0.4313,26.532,-0.734,-0.2766,0.715,0.322,480,0.443,4.097,0.05,0.05,0.0,clear,compression -> confirmed range break + momentum,614.3731
2025-12-04 13:31:00+00:00,2025-12-04 14:33:00+00:00,XAUUSD,LONG,LIQUIDITY_REVERSAL,LIQUIDITY_REVERSAL,0.8,85.0,A,OVERLAP,4191.235,4173.879,4212.93,4212.93,4212.811,TP2,0.001,1.7356,0.2825,17.356,2.1576,1.2431,1.27,0.182,62,0.219,3.905,0.05,0.0,0.0,clear,sweep + rejection + CHoCH + displacement,616.5307
2025-12-05 01:11:00+00:00,2025-12-05 04:33:00+00:00,XAUUSD,SHORT,BREAKOUT,COMPRESSION,0.984,80.0,B,ASIA,4197.248,4215.815,4174.04,4174.04,4216.113,STOP,0.001,1.8567,0.3012,18.567,-1.8864,-1.016,0.15,1.003,202,0.333,2.511,0.05,0.12,0.0,clear,compression -> confirmed range break + momentum,614.6442
2025-12-05 13:37:00+00:00,2025-12-05 15:39:00+00:00,XAUUSD,LONG,BREAKOUT,BULL,0.91,70.0,NO_TRADE,OVERLAP,4235.645,4217.594,4258.209,4258.209,4258.074,TP2,0.001,1.8051,0.2937,18.051,2.2429,1.2425,1.3,0.421,122,0.22,3.546,0.05,0.0,0.0,clear,compression -> confirmed range break + momentum,616.8871
2025-12-08 07:39:00+00:00,2025-12-08 14:58:00+00:00,XAUUSD,SHORT,LIQUIDITY_REVERSAL,CHOPPY,0.648,75.0,B,LONDON,4211.939,4224.926,4195.706,4195.706,4195.841,TP2,0.002,2.5973,0.421,12.987,3.2196,1.2396,1.272,0.344,439,0.212,2.754,0.05,0.0,0.0,clear,sweep + rejection + CHoCH + displacement,620.1067
2025-12-09 04:04:00+00:00,2025-12-09 06:11:00+00:00,XAUUSD,SHORT,LIQUIDITY_REVERSAL,CHOPPY,0.636,95.0,A+,ASIA,4191.83,4208.312,4171.227,4171.227,4171.414,TP2,0.001,1.6482,0.2658,16.482,2.0416,1.2387,1.285,0.219,127,0.33,2.226,0.05,0.0,0.0,clear,sweep + rejection + CHoCH + displacement,622.1483
2025-12-11 01:05:00+00:00,2025-12-11 03:09:00+00:00,XAUUSD,LONG,TREND_CONTINUATION,BULL,0.857,95.0,A+,ASIA,4244.599,4218.085,4277.742,4277.742,4217.718,STOP,0.001,2.6514,0.4262,26.514,-2.6881,-1.0138,0.018,1.193,124,0.509,4.065,0.05,0.12,0.0,clear,trend pullback + LTF BOS,619.4602
2025-12-11 10:02:00+00:00,2025-12-11 11:53:00+00:00,XAUUSD,LONG,BREAKOUT,COMPRESSION,0.937,70.0,NO_TRADE,LONDON,4220.076,4209.616,4233.152,4233.152,4209.392,STOP,0.002,2.0921,0.3377,10.46,-2.1369,-1.0214,0.545,1.016,111,0.222,3.043,0.05,0.12,0.0,clear,compression -> confirmed range break + momentum,617.3233
2025-12-11 15:47:00+00:00,2025-12-11 21:00:00+00:00,XAUUSD,LONG,BREAKOUT,EXPANSION,0.866,70.0,NO_TRADE,OVERLAP,4252.739,4222.121,4291.012,4291.012,4273.583,SESSION_END,0.001,3.0618,0.496,30.618,2.0844,0.6808,1.077,0.094,313,0.308,6.03,0.05,0.05,0.0,clear,compression -> confirmed range break + momentum,619.4077
2025-12-15 04:10:00+00:00,2025-12-15 12:10:00+00:00,XAUUSD,LONG,TREND_CONTINUATION,BULL,0.887,85.0,A,ASIA,4329.282,4302.256,4363.064,4363.064,4344.155,TIME,0.001,2.7026,0.4363,27.026,1.4873,0.5503,0.766,0.236,480,0.353,3.161,0.05,0.05,0.0,clear,trend pullback + LTF BOS,620.895
2025-12-15 13:06:00+00:00,2025-12-15 16:05:00+00:00,XAUUSD,SHORT,LIQUIDITY_REVERSAL,LIQUIDITY_REVERSAL,0.7,80.0,B,OVERLAP,4337.69,4364.199,4304.554,4304.554,4304.754,TP2,0.001,2.6509,0.4269,26.509,3.2936,1.2425,1.261,0.248,179,0.17,2.711,0.05,0.0,0.0,clear,sweep + rejection + CHoCH + displacement,624.1886
2025-12-17 13:11:00+00:00,2025-12-17 21:00:00+00:00,XAUUSD,LONG,BREAKOUT,COMPRESSION,0.995,80.0,B,OVERLAP,4324.845,4298.16,4358.202,4358.202,4340.471,SESSION_END,0.001,2.6685,0.4275,26.685,1.5626,0.5856,0.893,0.182,469,0.18,3.0,0.05,0.05,0.0,clear,compression -> confirmed range break + momentum,625.7512
2025-12-18 01:21:00+00:00,2025-12-18 09:21:00+00:00,XAUUSD,SHORT,BREAKOUT,COMPRESSION,0.921,70.0,NO_TRADE,ASIA,4326.907,4341.758,4308.342,4308.342,4325.807,TIME,0.002,2.9704,0.4747,14.852,0.2199,0.074,0.353,0.721,480,0.377,3.333,0.05,0.05,0.0,clear,compression -> confirmed range break + momentum,625.9711
2025-12-22 13:07:00+00:00,2025-12-22 15:55:00+00:00,XAUUSD,LONG,BREAKOUT,COMPRESSION,0.968,65.0,NO_TRADE,OVERLAP,4418.67,4406.944,4433.327,4433.327,4433.19,TP2,0.002,2.3451,0.3746,11.726,2.904,1.2383,1.273,0.592,168,0.19,2.761,0.05,0.0,0.0,clear,compression -> confirmed range break + momentum,628.875
2025-12-22 16:01:00+00:00,2025-12-22 21:00:00+00:00,XAUUSD,LONG,BREAKOUT,STRONG_BULL,1.0,65.0,NO_TRADE,NEWYORK,4429.715,4411.824,4452.078,4452.078,4438.388,SESSION_END,0.001,1.789,0.2845,17.89,0.8673,0.4848,0.684,0.097,299,0.339,5.222,0.05,0.05,0.0,clear,compression -> confirmed range break + momentum,629.7424
2025-12-23 00:06:00+00:00,2025-12-23 01:07:00+00:00,XAUUSD,LONG,BREAKOUT,STRONG_BULL,0.987,85.0,A,ASIA,4462.768,4448.161,4481.028,4481.028,4480.83,TP2,0.002,2.9215,0.4639,14.607,3.6123,1.2365,1.275,0.056,61,0.387,3.415,0.05,0.0,0.0,clear,compression -> confirmed range break + momentum,633.3547
2025-12-23 02:36:00+00:00,2025-12-23 10:36:00+00:00,XAUUSD,LONG,BREAKOUT,STRONG_BULL,1.0,80.0,B,ASIA,4493.448,4468.432,4524.719,4524.719,4481.079,TIME,0.001,2.5017,0.395,25.017,-1.237,-0.4945,0.156,0.967,480,0.487,4.878,0.05,0.05,0.0,clear,compression -> confirmed range break + momentum,632.1177
2025-12-26 08:16:00+00:00,2025-12-26 15:37:00+00:00,XAUUSD,LONG,TREND_CONTINUATION,BULL,0.926,80.0,B,LONDON,4515.639,4493.393,4543.447,4543.447,4543.324,TP2,0.001,2.2246,0.3519,22.246,2.7685,1.2445,1.322,0.59,441,0.189,3.334,0.05,0.0,0.0,clear,trend pullback + LTF BOS,634.8862
2025-12-29 06:05:00+00:00,2025-12-29 06:45:00+00:00,XAUUSD,LONG,LIQUIDITY_REVERSAL,CHOPPY,0.607,90.0,A+,ASIA,4509.241,4483.745,4541.111,4541.111,4483.39,STOP,0.001,2.5496,0.4016,25.496,-2.5851,-1.0139,0.041,1.039,40,0.391,4.813,0.05,0.12,0.0,clear,sweep + rejection + CHoCH + displacement,632.3011
2025-12-30 01:56:00+00:00,2025-12-30 09:56:00+00:00,XAUUSD,LONG,BREAKOUT,COMPRESSION,0.926,70.0,NO_TRADE,ASIA,4359.034,4327.43,4398.539,4398.539,4372.819,TIME,0.001,3.1604,0.4998,31.604,1.3785,0.4362,0.759,0.33,480,0.418,6.599,0.05,0.05,0.0,clear,compression -> confirmed range break + momentum,633.6795
2025-12-31 18:36:00+00:00,2025-12-31 21:00:00+00:00,XAUUSD,SHORT,LIQUIDITY_REVERSAL,LIQUIDITY_REVERSAL,1.0,100.0,A+,NEWYORK,4320.736,4350.486,4283.549,4283.549,4313.27,SESSION_END,0.001,2.975,0.4695,29.75,0.7466,0.251,0.556,0.165,144,0.238,5.297,0.05,0.05,0.0,clear,sweep + rejection + CHoCH + displacement,634.4262
