ts_open,ts_close,symbol,direction,strategy,regime,regime_conf,setup_score,grade,session,entry,stop,tp1,tp2,exit,exit_reason,lots,risk_money,risk_percent,r_distance,pnl,r_multiple,mfe_r,mae_r,bars_held,spread,atr,entry_slippage,exit_slippage,commission,news_status,entry_reason,equity_after
2019-06-25 17:41:00+00:00,2019-06-25 21:00:00+00:00,XAUUSD,SHORT,LIQUIDITY_REVERSAL,LIQUIDITY_REVERSAL,1.0,85.0,A,NEWYORK,1424.8,1443.388,1401.564,1401.564,1423.627,SESSION_END,0.001,1.8589,0.3718,18.589,0.1173,0.0631,0.699,0.079,199,0.331,1.945,0.05,0.05,0.0,clear,sweep + rejection + CHoCH + displacement,500.1173
2019-06-26 10:11:00+00:00,2019-06-26 18:11:00+00:00,XAUUSD,SHORT,LIQUIDITY_REVERSAL,LIQUIDITY_REVERSAL,1.0,80.0,B,LONDON,1407.57,1416.698,1396.16,1396.16,1410.531,TIME,0.002,1.8256,0.365,9.128,-0.5921,-0.3244,0.625,0.836,480,0.21,1.357,0.05,0.05,0.0,clear,sweep + rejection + CHoCH + displacement,499.5251
2019-07-03 13:21:00+00:00,2019-07-03 21:00:00+00:00,XAUUSD,LONG,LIQUIDITY_REVERSAL,LIQUIDITY_REVERSAL,0.7,90.0,A+,OVERLAP,1418.958,1407.879,1432.807,1432.807,1417.145,SESSION_END,0.002,2.2159,0.4432,11.079,-0.3626,-0.1636,0.263,0.63,458,0.266,1.794,0.05,0.05,0.0,clear,sweep + rejection + CHoCH + displacement,499.6374
2019-07-11 15:41:00+00:00,2019-07-11 21:00:00+00:00,XAUUSD,SHORT,BREAKOUT,BEAR,0.613,70.0,NO_TRADE,OVERLAP,1409.825,1422.285,1394.25,1394.25,1407.54,SESSION_END,0.002,2.4919,0.4987,12.46,0.457,0.1834,0.508,0.244,319,0.306,1.644,0.05,0.05,0.0,clear,compression -> confirmed range break + momentum,500.0943
2019-07-18 13:36:00+00:00,2019-07-18 17:00:00+00:00,XAUUSD,SHORT,LIQUIDITY_REVERSAL,LIQUIDITY_REVERSAL,1.0,85.0,A,OVERLAP,1417.655,1429.123,1403.319,1403.319,1429.428,STOP,0.002,2.2937,0.4586,11.468,-2.3546,-1.0266,0.268,1.002,204,0.3,1.429,0.05,0.12,0.0,clear,sweep + rejection + CHoCH + displacement,497.7398
2019-07-19 10:46:00+00:00,2019-07-19 15:42:00+00:00,XAUUSD,LONG,LIQUIDITY_REVERSAL,LIQUIDITY_REVERSAL,0.7,100.0,A+,LONDON,1440.289,1430.594,1452.407,1452.407,1430.304,STOP,0.002,1.9389,0.3895,9.695,-1.9969,-1.0299,0.152,1.048,296,0.221,1.007,0.05,0.12,0.0,clear,sweep + rejection + CHoCH + displacement,495.7429
2019-07-31 14:51:00+00:00,2019-07-31 19:50:00+00:00,XAUUSD,SHORT,LIQUIDITY_REVERSAL,LIQUIDITY_REVERSAL,1.0,85.0,A,OVERLAP,1429.57,1441.748,1414.348,1414.348,1414.698,TP2,0.002,2.4355,0.4913,12.178,2.9744,1.2213,1.282,0.107,299,0.356,1.255,0.05,0.0,0.0,clear,sweep + rejection + CHoCH + displacement,498.7173
2019-08-02 08:34:00+00:00,2019-08-02 16:34:00+00:00,XAUUSD,LONG,BREAKOUT,COMPRESSION,0.968,85.0,A,LONDON,1437.487,1427.986,1449.364,1449.364,1444.697,TIME,0.002,1.9003,0.381,9.501,1.442,0.7588,1.075,0.694,480,0.219,1.243,0.05,0.05,0.0,clear,compression -> confirmed range break + momentum,500.1593
2019-08-05 15:27:00+00:00,2019-08-05 16:05:00+00:00,XAUUSD,LONG,BREAKOUT,STRONG_BULL,1.0,70.0,NO_TRADE,OVERLAP,1467.937,1458.657,1479.537,1479.537,1458.359,STOP,0.002,1.8559,0.3711,9.28,-1.9157,-1.0322,0.18,1.092,38,0.238,1.605,0.05,0.12,0.0,clear,compression -> confirmed range break + momentum,498.2436
2019-08-06 15:21:00+00:00,2019-08-06 21:00:00+00:00,XAUUSD,LONG,BREAKOUT,COMPRESSION,0.932,85.0,A,OVERLAP,1469.739,1460.592,1481.173,1481.173,1472.009,SESSION_END,0.002,1.8294,0.3672,9.147,0.4539,0.2481,0.441,0.214,339,0.228,1.697,0.05,0.05,0.0,clear,compression -> confirmed range break + momentum,498.6975
2019-08-08 13:36:00+00:00,2019-08-08 19:02:00+00:00,XAUUSD,SHORT,BREAKOUT,COMPRESSION,1.0,65.0,NO_TRADE,OVERLAP,1494.31,1503.476,1482.853,1482.853,1503.723,STOP,0.002,1.8332,0.3676,9.166,-1.8826,-1.0269,0.476,1.053,326,0.195,1.362,0.05,0.12,0.0,clear,compression -> confirmed range break + momentum,496.815
2019-08-14 20:06:00+00:00,2019-08-14 21:00:00+00:00,XAUUSD,SHORT,LIQUIDITY_REVERSAL,LIQUIDITY_REVERSAL,0.7,85.0,A,NEWYORK,1513.707,1532.77,1489.879,1489.879,1515.058,SESSION_END,0.001,1.9063,0.3837,19.063,-0.1351,-0.0709,0.016,0.233,54,0.296,2.035,0.05,0.05,0.0,clear,sweep + rejection + CHoCH + displacement,496.6799
2019-08-19 12:31:00+00:00,2019-08-19 20:31:00+00:00,XAUUSD,SHORT,BREAKOUT,STRONG_BEAR,0.952,85.0,A,OVERLAP,1496.82,1505.763,1485.643,1485.643,1494.838,TIME,0.002,1.7884,0.3601,8.942,0.3965,0.2217,0.408,0.73,480,0.209,1.22,0.05,0.05,0.0,clear,compression -> confirmed range break + momentum,497.0763
2019-08-27 13:31:00+00:00,2019-08-27 15:59:00+00:00,XAUUSD,SHORT,LIQUIDITY_REVERSAL,LIQUIDITY_REVERSAL,1.0,75.0,B,OVERLAP,1529.272,1538.028,1518.327,1518.327,1538.275,STOP,0.002,1.7512,0.3523,8.756,-1.8006,-1.0282,0.106,1.058,148,0.186,0.905,0.05,0.12,0.0,clear,sweep + rejection + CHoCH + displacement,495.2758
2019-08-30 14:21:00+00:00,2019-08-30 18:00:00+00:00,XAUUSD,SHORT,LIQUIDITY_REVERSAL,LIQUIDITY_REVERSAL,1.0,100.0,A+,OVERLAP,1526.768,1536.493,1514.611,1514.611,1523.095,SESSION_END,0.002,1.945,0.3927,9.725,0.7345,0.3776,0.445,0.616,219,0.235,1.471,0.05,0.05,0.0,clear,sweep + rejection + CHoCH + displacement,496.0103
2019-09-05 11:43:00+00:00,2019-09-05 14:36:00+00:00,XAUUSD,LONG,LIQUIDITY_REVERSAL,LIQUIDITY_REVERSAL,0.7,100.0,A+,LONDON,1541.749,1532.212,1553.669,1553.669,1531.962,STOP,0.002,1.9072,0.3845,9.536,-1.9573,-1.0263,0.301,1.109,173,0.247,1.272,0.05,0.12,0.0,clear,sweep + rejection + CHoCH + displacement,494.053
2019-09-17 14:01:00+00:00,2019-09-17 21:00:00+00:00,XAUUSD,SHORT,LIQUIDITY_REVERSAL,LIQUIDITY_REVERSAL,0.8,90.0,A+,OVERLAP,1501.742,1510.484,1490.815,1490.815,1502.395,SESSION_END,0.002,1.7484,0.3539,8.742,-0.1305,-0.0747,0.451,0.602,419,0.226,1.139,0.05,0.05,0.0,clear,sweep + rejection + CHoCH + displacement,493.9224
2019-09-19 13:36:00+00:00,2019-09-19 21:00:00+00:00,XAUUSD,SHORT,LIQUIDITY_REVERSAL,LIQUIDITY_REVERSAL,0.8,100.0,A+,OVERLAP,1500.166,1510.332,1487.459,1487.459,1499.038,SESSION_END,0.002,2.0332,0.4116,10.166,0.2257,0.111,0.361,0.423,444,0.263,1.175,0.05,0.05,0.0,clear,sweep + rejection + CHoCH + displacement,494.1481
2019-09-26 13:41:00+00:00,2019-09-26 21:00:00+00:00,XAUUSD,LONG,LIQUIDITY_REVERSAL,LIQUIDITY_REVERSAL,0.8,85.0,A,OVERLAP,1505.798,1490.889,1524.435,1524.435,1503.707,SESSION_END,0.001,1.491,0.3017,14.91,-0.2091,-0.1402,0.432,0.273,439,0.326,1.607,0.05,0.05,0.0,clear,sweep + rejection + CHoCH + displacement,493.939
2019-10-09 20:46:00+00:00,2019-10-09 21:00:00+00:00,XAUUSD,SHORT,LIQUIDITY_REVERSAL,LIQUIDITY_REVERSAL,0.7,75.0,B,NEWYORK,1507.782,1519.909,1492.623,1492.623,1508.007,SESSION_END,0.002,2.4255,0.4911,12.127,-0.0451,-0.0186,0.227,0.038,14,0.266,1.219,0.05,0.05,0.0,clear,sweep + rejection + CHoCH + displacement,493.8939
2019-10-18 14:21:00+00:00,2019-10-18 18:00:00+00:00,XAUUSD,SHORT,LIQUIDITY_REVERSAL,LIQUIDITY_REVERSAL,1.0,85.0,A,OVERLAP,1489.613,1499.55,1477.192,1477.192,1491.581,SESSION_END,0.002,1.9874,0.4024,9.937,-0.3936,-0.198,0.089,0.328,219,0.264,1.14,0.05,0.05,0.0,clear,sweep + rejection + CHoCH + displacement,493.5004
2019-11-08 15:03:00+00:00,2019-11-08 18:00:00+00:00,XAUUSD,LONG,LIQUIDITY_REVERSAL,LIQUIDITY_REVERSAL,1.0,75.0,B,OVERLAP,1464.7,1448.326,1485.166,1485.166,1461.952,SESSION_END,0.001,1.6373,0.3318,16.373,-0.2748,-0.1678,0.213,0.257,177,0.323,1.95,0.05,0.05,0.0,clear,sweep + rejection + CHoCH + displacement,493.2255
2019-12-13 15:07:00+00:00,2019-12-13 18:00:00+00:00,XAUUSD,SHORT,LIQUIDITY_REVERSAL,CHOPPY,0.562,85.0,A,OVERLAP,1466.39,1485.484,1442.523,1442.523,1474.849,SESSION_END,0.001,1.9094,0.3871,19.094,-0.8458,-0.443,0.003,0.6,173,0.389,1.987,0.05,0.05,0.0,clear,sweep + rejection + CHoCH + displacement,492.3797
2020-01-08 15:36:00+00:00,2020-01-08 16:44:00+00:00,XAUUSD,SHORT,LIQUIDITY_REVERSAL,LIQUIDITY_REVERSAL,1.0,85.0,A,OVERLAP,1570.379,1581.975,1555.885,1555.885,1556.106,TP2,0.002,2.3191,0.4638,11.596,2.8546,1.2309,1.429,0.343,68,0.252,2.003,0.05,0.0,0.0,clear,sweep + rejection + CHoCH + displacement,502.8546
2020-01-15 14:52:00+00:00,2020-01-15 21:00:00+00:00,XAUUSD,SHORT,LIQUIDITY_REVERSAL,LIQUIDITY_REVERSAL,0.7,85.0,A,OVERLAP,1549.298,1560.759,1534.972,1534.972,1557.106,SESSION_END,0.002,2.2922,0.4558,11.461,-1.5615,-0.6812,0.056,0.772,368,0.313,1.435,0.05,0.05,0.0,clear,sweep + rejection + CHoCH + displacement,501.293
2020-02-24 14:36:00+00:00,2020-02-24 19:30:00+00:00,XAUUSD,SHORT,LIQUIDITY_REVERSAL,LIQUIDITY_REVERSAL,0.7,85.0,A,OVERLAP,1676.823,1696.513,1652.21,1652.21,1652.365,TP2,0.001,1.969,0.3928,19.69,2.4458,1.2421,1.295,0.135,294,0.325,2.704,0.05,0.0,0.0,clear,sweep + rejection + CHoCH + displacement,503.7388
2020-02-25 16:24:00+00:00,2020-02-25 21:00:00+00:00,XAUUSD,SHORT,LIQUIDITY_REVERSAL,LIQUIDITY_REVERSAL,0.8,85.0,A,NEWYORK,1650.196,1672.105,1622.81,1622.81,1633.034,SESSION_END,0.001,2.1909,0.4349,21.909,1.7162,0.7833,1.155,0.152,276,0.277,2.673,0.05,0.05,0.0,clear,sweep + rejection + CHoCH + displacement,505.455
2020-03-04 11:31:00+00:00,2020-03-04 18:51:00+00:00,XAUUSD,LONG,TREND_CONTINUATION,BULL,0.953,100.0,A+,LONDON,1644.008,1634.108,1656.383,1656.383,1633.872,STOP,0.002,1.98,0.3917,9.9,-2.0272,-1.0238,0.531,1.028,440,0.22,1.732,0.05,0.12,0.0,clear,trend pullback + LTF BOS,503.4278
2020-03-09 19:37:00+00:00,2020-03-09 22:00:00+00:00,XAUUSD,SHORT,LIQUIDITY_REVERSAL,LIQUIDITY_REVERSAL,1.0,80.0,B,NEWYORK,1673.829,1694.529,1647.954,1647.954,1679.598,SESSION_END,0.001,2.07,0.4112,20.7,-0.5769,-0.2787,0.087,0.308,83,0.212,2.954,0.05,0.05,0.0,clear,sweep + rejection + CHoCH + displacement,502.8509
2020-03-10 06:01:00+00:00,2020-03-10 14:01:00+00:00,XAUUSD,SHORT,BREAKOUT,BEAR,0.959,80.0,B,ASIA,1649.938,1668.848,1626.301,1626.301,1654.852,TIME,0.001,1.891,0.3761,18.91,-0.4914,-0.2599,0.0,0.926,480,0.319,2.317,0.05,0.05,0.0,clear,compression -> confirmed range break + momentum,502.3595
2020-03-12 07:56:00+00:00,2020-03-12 12:02:00+00:00,XAUUSD,LONG,BREAKOUT,COMPRESSION,0.974,70.0,NO_TRADE,LONDON,1641.723,1631.369,1654.665,1654.665,1631.138,STOP,0.002,2.0708,0.4122,10.354,-2.1171,-1.0224,0.36,1.935,246,0.216,1.766,0.05,0.12,0.0,clear,compression -> confirmed range break + momentum,500.2424
2020-03-12 20:29:00+00:00,2020-03-12 22:00:00+00:00,XAUUSD,SHORT,TREND_CONTINUATION,BEAR,1.0,85.0,A,NEWYORK,1570.323,1583.997,1553.229,1553.229,1577.003,SESSION_END,0.001,1.3675,0.2734,13.675,-0.6681,-0.4885,0.263,0.697,31,0.351,3.98,0.05,0.05,0.0,clear,trend pullback + LTF BOS,499.5743
2020-03-13 08:13:00+00:00,2020-03-13 15:40:00+00:00,XAUUSD,SHORT,LIQUIDITY_REVERSAL,LIQUIDITY_REVERSAL,0.8,100.0,A+,LONDON,1585.001,1609.917,1553.856,1553.856,1553.983,TP2,0.001,2.4916,0.4987,24.916,3.1018,1.2449,1.339,0.515,447,0.228,3.456,0.05,0.0,0.0,clear,sweep + rejection + CHoCH + displacement,502.6761
2020-03-18 05:46:00+00:00,2020-03-18 06:27:00+00:00,XAUUSD,SHORT,BREAKOUT,COMPRESSION,0.989,80.0,B,ASIA,1522.579,1534.275,1507.958,1507.958,1508.147,TP2,0.002,2.3393,0.4654,11.696,2.8863,1.2338,1.306,0.027,41,0.293,2.04,0.05,0.0,0.0,clear,compression -> confirmed range break + momentum,505.5624
2020-03-18 19:58:00+00:00,2020-03-18 22:00:00+00:00,XAUUSD,LONG,LIQUIDITY_REVERSAL,CHOPPY,0.616,85.0,A,NEWYORK,1496.99,1474.15,1525.539,1525.539,1485.148,SESSION_END,0.001,2.284,0.4518,22.84,-1.1842,-0.5185,0.0,0.598,62,0.263,5.057,0.05,0.05,0.0,clear,sweep + rejection + CHoCH + displacement,504.3782
2020-03-20 07:31:00+00:00,2020-03-20 15:31:00+00:00,XAUUSD,LONG,BREAKOUT,EXPANSION,0.934,70.0,NO_TRADE,LONDON,1506.423,1485.648,1532.392,1532.392,1490.377,TIME,0.001,2.0775,0.4119,20.775,-1.6046,-0.7724,0.463,0.992,480,0.21,3.312,0.05,0.05,0.0,clear,compression -> confirmed range break + momentum,502.7735
2020-03-23 13:56:00+00:00,2020-03-23 16:51:00+00:00,XAUUSD,LONG,BREAKOUT,BULL,0.551,85.0,A,OVERLAP,1525.382,1503.69,1552.497,1552.497,1552.354,TP2,0.001,2.1692,0.4314,21.692,2.6972,1.2434,1.252,0.221,175,0.268,4.732,0.05,0.0,0.0,clear,compression -> confirmed range break + momentum,505.4707
2020-03-24 19:31:00+00:00,2020-03-24 22:00:00+00:00,XAUUSD,LONG,TREND_CONTINUATION,BULL,1.0,85.0,A,NEWYORK,1623.898,1604.777,1647.799,1647.799,1624.961,SESSION_END,0.001,1.9121,0.3783,19.121,0.1063,0.0556,0.314,0.46,89,0.3,5.242,0.05,0.05,0.0,clear,trend pullback + LTF BOS,505.5771
2020-03-27 13:46:00+00:00,2020-03-27 18:00:00+00:00,XAUUSD,SHORT,LIQUIDITY_REVERSAL,LIQUIDITY_REVERSAL,0.8,85.0,A,OVERLAP,1622.779,1641.059,1599.929,1599.929,1623.665,SESSION_END,0.001,1.828,0.3616,18.28,-0.0886,-0.0485,0.412,0.374,254,0.251,3.866,0.05,0.05,0.0,clear,sweep + rejection + CHoCH + displacement,505.4884
2020-03-30 12:01:00+00:00,2020-03-30 13:09:00+00:00,XAUUSD,LONG,BREAKOUT,EXPANSION,0.85,80.0,B,OVERLAP,1625.872,1617.365,1636.506,1636.506,1617.149,STOP,0.002,1.7014,0.3366,8.507,-1.7447,-1.0254,0.154,1.013,68,0.188,2.157,0.05,0.12,0.0,clear,compression -> confirmed range break + momentum,503.7438
2020-03-30 16:17:00+00:00,2020-03-30 21:00:00+00:00,XAUUSD,SHORT,LIQUIDITY_REVERSAL,CHOPPY,0.643,80.0,B,NEWYORK,1618.863,1630.187,1604.707,1604.707,1622.687,SESSION_END,0.002,2.2649,0.4496,11.324,-0.7648,-0.3377,0.679,0.348,283,0.23,2.054,0.05,0.05,0.0,clear,sweep + rejection + CHoCH + displacement,502.9789
2020-03-31 11:26:00+00:00,2020-03-31 14:36:00+00:00,XAUUSD,SHORT,BREAKOUT,STRONG_BEAR,0.821,85.0,A,LONDON,1599.684,1611.396,1585.044,1585.044,1611.637,STOP,0.002,2.3424,0.4657,11.712,-2.3906,-1.0206,0.409,1.05,190,0.249,2.436,0.05,0.12,0.0,clear,compression -> confirmed range break + momentum,500.5884
2020-04-01 12:37:00+00:00,2020-04-01 14:21:00+00:00,XAUUSD,LONG,LIQUIDITY_REVERSAL,LIQUIDITY_REVERSAL,1.0,85.0,A,OVERLAP,1594.026,1579.457,1612.236,1612.236,1579.225,STOP,0.001,1.4568,0.291,14.568,-1.4801,-1.016,0.047,1.085,104,0.176,1.669,0.05,0.12,0.0,clear,sweep + rejection + CHoCH + displacement,499.1082
2020-04-02 07:21:00+00:00,2020-04-02 13:15:00+00:00,XAUUSD,LONG,BREAKOUT,COMPRESSION,0.995,65.0,NO_TRADE,LONDON,1589.396,1578.346,1603.209,1603.209,1603.103,TP2,0.002,2.21,0.4428,11.05,2.7413,1.2404,1.37,0.381,354,0.197,1.618,0.05,0.0,0.0,clear,compression -> confirmed range break + momentum,501.8496
2020-04-06 08:56:00+00:00,2020-04-06 14:51:00+00:00,XAUUSD,LONG,BREAKOUT,BULL,0.85,85.0,A,LONDON,1632.509,1621.161,1646.694,1646.694,1646.574,TP2,0.002,2.2695,0.4522,11.348,2.8129,1.2394,1.367,0.345,355,0.282,2.686,0.05,0.0,0.0,clear,compression -> confirmed range break + momentum,504.6625
2020-04-06 19:38:00+00:00,2020-04-06 21:00:00+00:00,XAUUSD,LONG,TREND_CONTINUATION,STRONG_BULL,1.0,85.0,A,NEWYORK,1656.454,1640.613,1676.255,1676.255,1665.828,SESSION_END,0.001,1.5841,0.3139,15.841,0.9374,0.5917,0.77,0.089,82,0.292,2.872,0.05,0.05,0.0,clear,trend pullback + LTF BOS,505.5998
2020-04-08 01:36:00+00:00,2020-04-08 09:36:00+00:00,XAUUSD,SHORT,LIQUIDITY_REVERSAL,CHOPPY,0.59,80.0,B,ASIA,1643.632,1657.098,1626.799,1626.799,1650.298,TIME,0.001,1.3466,0.2663,13.466,-0.6666,-0.495,0.126,0.833,480,0.286,1.525,0.05,0.05,0.0,clear,sweep + rejection + CHoCH + displacement,504.9332
2020-04-08 10:36:00+00:00,2020-04-08 18:36:00+00:00,XAUUSD,SHORT,LIQUIDITY_REVERSAL,LIQUIDITY_REVERSAL,0.7,85.0,A,LONDON,1650.062,1660.397,1637.142,1637.142,1649.961,TIME,0.002,2.0671,0.4094,10.336,0.0201,0.0097,0.78,0.602,480,0.193,2.075,0.05,0.05,0.0,clear,sweep + rejection + CHoCH + displacement,504.9533
2020-04-09 08:56:00+00:00,2020-04-09 13:42:00+00:00,XAUUSD,LONG,BREAKOUT,STRONG_BULL,0.776,70.0,NO_TRADE,LONDON,1659.196,1649.691,1671.079,1671.079,1670.947,TP2,0.002,1.9011,0.3765,9.506,2.3501,1.2362,1.349,0.439,286,0.243,1.915,0.05,0.0,0.0,clear,compression -> confirmed range break + momentum,507.3034
2020-04-13 17:27:00+00:00,2020-04-13 21:00:00+00:00,XAUUSD,LONG,BREAKOUT,BULL,0.939,70.0,NO_TRADE,NEWYORK,1712.134,1701.508,1725.416,1725.416,1716.409,SESSION_END,0.002,2.1252,0.4189,10.626,0.855,0.4023,0.98,0.155,213,0.271,2.865,0.05,0.05,0.0,clear,compression -> confirmed range break + momentum,508.1584
2020-04-14 09:46:00+00:00,2020-04-14 14:49:00+00:00,XAUUSD,SHORT,LIQUIDITY_REVERSAL,LIQUIDITY_REVERSAL,0.8,85.0,A,LONDON,1719.65,1736.042,1699.159,1699.159,1736.284,STOP,0.001,1.6392,0.3226,16.392,-1.6634,-1.0147,0.23,1.017,303,0.251,2.787,0.05,0.12,0.0,clear,sweep + rejection + CHoCH + displacement,506.4949
2020-04-16 07:20:00+00:00,2020-04-16 11:52:00+00:00,XAUUSD,SHORT,LIQUIDITY_REVERSAL,CHOPPY,0.602,70.0,NO_TRADE,LONDON,1718.093,1729.611,1703.696,1703.696,1729.843,STOP,0.002,2.3035,0.4548,11.518,-2.3499,-1.0201,0.0,1.035,272,0.21,1.794,0.05,0.12,0.0,clear,sweep + rejection + CHoCH + displacement,504.1451
2020-04-17 12:28:00+00:00,2020-04-17 13:40:00+00:00,XAUUSD,SHORT,TREND_CONTINUATION,STRONG_BEAR,1.0,85.0,A,OVERLAP,1683.494,1698.595,1664.618,1664.618,1698.829,STOP,0.001,1.5101,0.2995,15.101,-1.5335,-1.0155,0.017,1.018,72,0.207,2.403,0.05,0.12,0.0,clear,trend pullback + LTF BOS,502.6116
2020-04-17 15:06:00+00:00,2020-04-17 18:00:00+00:00,XAUUSD,SHORT,LIQUIDITY_REVERSAL,LIQUIDITY_REVERSAL,1.0,100.0,A+,OVERLAP,1692.944,1716.543,1663.445,1663.445,1686.151,SESSION_END,0.001,2.3599,0.4695,23.599,0.6793,0.2879,0.401,0.085,174,0.248,3.479,0.05,0.05,0.0,clear,sweep + rejection + CHoCH + displacement,503.2909
2020-04-20 14:31:00+00:00,2020-04-20 21:00:00+00:00,XAUUSD,LONG,LIQUIDITY_REVERSAL,LIQUIDITY_REVERSAL,0.7,85.0,A,OVERLAP,1686.387,1669.764,1707.164,1707.164,1695.135,SESSION_END,0.001,1.6622,0.3303,16.622,0.8749,0.5263,0.948,0.24,389,0.217,2.542,0.05,0.05,0.0,clear,sweep + rejection + CHoCH + displacement,504.1658
2020-04-23 11:33:00+00:00,2020-04-23 16:10:00+00:00,XAUUSD,LONG,TREND_CONTINUATION,BULL,1.0,85.0,A,LONDON,1726.632,1717.834,1737.631,1737.631,1737.48,TP2,0.002,1.7598,0.349,8.799,2.1695,1.2328,1.295,0.651,277,0.209,1.951,0.05,0.0,0.0,clear,trend pullback + LTF BOS,506.3354
2020-04-24 07:32:00+00:00,2020-04-24 15:02:00+00:00,XAUUSD,LONG,BREAKOUT,COMPRESSION,0.974,80.0,B,LONDON,1728.37,1716.959,1742.633,1742.633,1716.722,STOP,0.002,2.2821,0.4507,11.411,-2.3296,-1.0208,0.687,1.023,450,0.203,1.63,0.05,0.12,0.0,clear,compression -> confirmed range break + momentum,504.0058
2020-04-28 01:26:00+00:00,2020-04-28 09:26:00+00:00,XAUUSD,SHORT,BREAKOUT,BEAR,0.973,85.0,A,ASIA,1705.068,1719.01,1687.64,1687.64,1702.428,TIME,0.001,1.3943,0.2766,13.943,0.2639,0.1893,0.919,0.306,480,0.37,1.592,0.05,0.05,0.0,clear,compression -> confirmed range break + momentum,504.2698
2020-04-29 08:58:00+00:00,2020-04-29 16:58:00+00:00,XAUUSD,SHORT,BREAKOUT,COMPRESSION,0.963,85.0,A,LONDON,1706.362,1715.58,1694.839,1694.839,1703.372,TIME,0.002,1.8436,0.3656,9.218,0.598,0.3244,0.928,0.626,480,0.227,1.644,0.05,0.05,0.0,clear,compression -> confirmed range break + momentum,504.8678
2020-04-30 08:59:00+00:00,2020-04-30 13:42:00+00:00,XAUUSD,SHORT,LIQUIDITY_REVERSAL,BULL,0.864,75.0,B,LONDON,1717.422,1728.531,1703.535,1703.535,1703.657,TP2,0.002,2.2218,0.4401,11.109,2.7528,1.239,2.072,0.194,283,0.233,1.588,0.05,0.0,0.0,clear,sweep + rejection + CHoCH + displacement,507.6206
2020-05-04 05:26:00+00:00,2020-05-04 10:59:00+00:00,XAUUSD,SHORT,LIQUIDITY_REVERSAL,LIQUIDITY_REVERSAL,0.8,95.0,A+,ASIA,1696.987,1708.169,1683.009,1683.009,1708.38,STOP,0.002,2.2364,0.4406,11.182,-2.2786,-1.0189,0.058,1.006,333,0.303,1.209,0.05,0.12,0.0,clear,sweep + rejection + CHoCH + displacement,505.342
2020-05-04 11:06:00+00:00,2020-05-04 19:06:00+00:00,XAUUSD,LONG,BREAKOUT,STRONG_BULL,0.898,85.0,A,LONDON,1708.599,1695.326,1725.19,1725.19,1707.67,TIME,0.001,1.3273,0.2626,13.273,-0.0929,-0.07,0.349,0.922,480,0.202,1.515,0.05,0.05,0.0,clear,compression -> confirmed range break + momentum,505.2491
2020-05-05 15:24:00+00:00,2020-05-05 19:32:00+00:00,XAUUSD,SHORT,LIQUIDITY_REVERSAL,CHOPPY,0.684,100.0,A+,OVERLAP,1696.974,1708.555,1682.498,1682.498,1708.789,STOP,0.002,2.3162,0.4584,11.581,-2.363,-1.0202,0.193,1.022,248,0.288,2.696,0.05,0.12,0.0,clear,sweep + rejection + CHoCH + displacement,502.8861
2020-05-06 09:26:00+00:00,2020-05-06 15:40:00+00:00,XAUUSD,SHORT,LIQUIDITY_REVERSAL,LIQUIDITY_REVERSAL,1.0,85.0,A,LONDON,1702.583,1716.998,1684.565,1684.565,1684.717,TP2,0.001,1.4415,0.2866,14.415,1.7866,1.2394,1.299,0.186,374,0.25,1.531,0.05,0.0,0.0,clear,sweep + rejection + CHoCH + displacement,504.6727
2020-05-08 13:11:00+00:00,2020-05-08 18:00:00+00:00,XAUUSD,LONG,LIQUIDITY_REVERSAL,LIQUIDITY_REVERSAL,0.8,100.0,A+,OVERLAP,1722.028,1706.122,1741.91,1741.91,1709.906,SESSION_END,0.001,1.5906,0.3152,15.906,-1.2122,-0.7621,0.0,0.994,289,0.219,1.705,0.05,0.05,0.0,clear,sweep + rejection + CHoCH + displacement,503.4605
2020-05-11 12:45:00+00:00,2020-05-11 13:58:00+00:00,XAUUSD,SHORT,TREND_CONTINUATION,BEAR,0.573,75.0,B,OVERLAP,1697.284,1707.756,1684.194,1684.194,1708.006,STOP,0.002,2.0944,0.416,10.472,-2.1445,-1.0239,0.004,1.036,73,0.223,1.795,0.05,0.12,0.0,clear,trend pullback + LTF BOS,501.316
2020-05-14 15:18:00+00:00,2020-05-14 21:00:00+00:00,XAUUSD,LONG,BREAKOUT,EXPANSION,0.95,80.0,B,OVERLAP,1732.976,1719.963,1749.244,1749.244,1731.261,SESSION_END,0.001,1.3014,0.2596,13.014,-0.1716,-0.1318,0.259,0.347,342,0.377,2.921,0.05,0.05,0.0,clear,compression -> confirmed range break + momentum,501.1444
2020-05-20 08:27:00+00:00,2020-05-20 13:43:00+00:00,XAUUSD,LONG,BREAKOUT,COMPRESSION,0.953,70.0,NO_TRADE,LONDON,1752.383,1742.672,1764.522,1764.522,1742.431,STOP,0.002,1.9422,0.3875,9.711,-1.9906,-1.0249,0.098,1.0,316,0.251,1.433,0.05,0.12,0.0,clear,compression -> confirmed range break + momentum,499.1539
2020-05-21 09:22:00+00:00,2020-05-21 15:35:00+00:00,XAUUSD,SHORT,TREND_CONTINUATION,BEAR,0.592,90.0,A+,LONDON,1734.824,1744.761,1722.402,1722.402,1722.565,TP2,0.002,1.9875,0.3982,9.937,2.4516,1.2335,1.554,0.71,373,0.253,1.477,0.05,0.0,0.0,clear,trend pullback + LTF BOS,501.6055
2020-06-01 19:48:00+00:00,2020-06-01 21:00:00+00:00,XAUUSD,SHORT,LIQUIDITY_REVERSAL,LIQUIDITY_REVERSAL,1.0,75.0,B,NEWYORK,1735.122,1743.8,1724.275,1724.275,1739.609,SESSION_END,0.002,1.7355,0.346,8.677,-0.8973,-0.517,0.0,0.624,72,0.212,1.075,0.05,0.05,0.0,clear,sweep + rejection + CHoCH + displacement,500.7082
2020-06-03 07:49:00+00:00,2020-06-03 13:46:00+00:00,XAUUSD,SHORT,TREND_CONTINUATION,BEAR,0.965,85.0,A,LONDON,1722.053,1731.928,1709.708,1709.708,1709.861,TP2,0.002,1.9751,0.3945,9.876,2.4384,1.2345,1.285,0.407,357,0.205,0.985,0.05,0.0,0.0,clear,trend pullback + LTF BOS,503.1466
2020-06-05 07:00:00+00:00,2020-06-05 13:30:00+00:00,XAUUSD,SHORT,LIQUIDITY_REVERSAL,BEAR,0.811,85.0,A,LONDON,1709.198,1717.798,1698.449,1698.449,1698.583,TP2,0.002,1.7199,0.3418,8.6,2.123,1.2344,1.96,0.471,390,0.214,1.11,0.05,0.0,0.0,clear,sweep + rejection + CHoCH + displacement,505.2696
2020-06-09 07:13:00+00:00,2020-06-09 09:07:00+00:00,XAUUSD,SHORT,LIQUIDITY_REVERSAL,CHOPPY,0.621,100.0,A+,LONDON,1696.727,1704.912,1686.496,1686.496,1705.164,STOP,0.003,2.4554,0.486,8.185,-2.5311,-1.0308,0.574,1.048,114,0.202,1.054,0.05,0.12,0.0,clear,sweep + rejection + CHoCH + displacement,502.7385
2020-06-12 13:26:00+00:00,2020-06-12 18:00:00+00:00,XAUUSD,LONG,LIQUIDITY_REVERSAL,LIQUIDITY_REVERSAL,1.0,100.0,A+,OVERLAP,1737.889,1724.125,1755.095,1755.095,1733.217,SESSION_END,0.001,1.3764,0.2738,13.764,-0.4672,-0.3394,0.368,0.544,274,0.229,1.7,0.05,0.05,0.0,clear,sweep + rejection + CHoCH + displacement,502.2713
2020-06-18 08:41:00+00:00,2020-06-18 12:45:00+00:00,XAUUSD,LONG,LIQUIDITY_REVERSAL,CHOPPY,0.705,100.0,A+,LONDON,1728.228,1718.587,1740.28,1740.28,1718.301,STOP,0.002,1.9283,0.3839,9.641,-1.9854,-1.0296,0.955,1.008,244,0.24,1.138,0.05,0.12,0.0,clear,sweep + rejection + CHoCH + displacement,500.2859
2020-06-23 14:26:00+00:00,2020-06-23 21:00:00+00:00,XAUUSD,SHORT,LIQUIDITY_REVERSAL,BULL,0.799,75.0,B,OVERLAP,1764.188,1773.287,1752.813,1752.813,1770.502,SESSION_END,0.002,1.82,0.3638,9.1,-1.2629,-0.6939,0.389,0.731,394,0.235,1.872,0.05,0.05,0.0,clear,sweep + rejection + CHoCH + displacement,499.023
2020-07-16 13:04:00+00:00,2020-07-16 21:00:00+00:00,XAUUSD,SHORT,LIQUIDITY_REVERSAL,LIQUIDITY_REVERSAL,0.7,85.0,A,OVERLAP,1803.808,1813.519,1791.67,1791.67,1796.202,SESSION_END,0.002,1.9422,0.3884,9.711,1.5213,0.7833,0.929,0.506,476,0.219,1.014,0.05,0.05,0.0,clear,sweep + rejection + CHoCH + displacement,501.5213
2020-07-22 13:11:00+00:00,2020-07-22 21:00:00+00:00,XAUUSD,SHORT,LIQUIDITY_REVERSAL,LIQUIDITY_REVERSAL,1.0,85.0,A,OVERLAP,1857.141,1872.483,1837.963,1837.963,1869.029,SESSION_END,0.001,1.5342,0.3059,15.342,-1.1888,-0.7749,0.643,0.862,469,0.268,1.828,0.05,0.05,0.0,clear,sweep + rejection + CHoCH + displacement,500.3325
2020-07-23 09:06:00+00:00,2020-07-23 16:17:00+00:00,XAUUSD,LONG,BREAKOUT,BULL,1.0,85.0,A,LONDON,1878.431,1868.664,1890.64,1890.64,1890.472,TP2,0.002,1.9534,0.3904,9.767,2.4083,1.2329,1.344,0.891,431,0.232,1.662,0.05,0.0,0.0,clear,compression -> confirmed range break + momentum,502.7408
2020-07-24 15:19:00+00:00,2020-07-24 18:00:00+00:00,XAUUSD,LONG,TREND_CONTINUATION,BULL,0.956,85.0,A,OVERLAP,1902.848,1888.737,1920.487,1920.487,1900.335,SESSION_END,0.001,1.4111,0.2807,14.111,-0.2513,-0.1781,0.071,0.394,161,0.266,2.493,0.05,0.05,0.0,clear,trend pullback + LTF BOS,502.4894
2020-07-28 02:06:00+00:00,2020-07-28 04:04:00+00:00,XAUUSD,LONG,BREAKOUT,STRONG_BULL,1.0,80.0,B,ASIA,1970.29,1948.795,1997.158,1997.158,1948.391,STOP,0.001,2.1495,0.4278,21.495,-2.1899,-1.0188,0.497,1.195,118,0.583,3.409,0.05,0.12,0.0,clear,compression -> confirmed range break + momentum,500.2995
2020-07-29 14:43:00+00:00,2020-07-29 19:39:00+00:00,XAUUSD,SHORT,LIQUIDITY_REVERSAL,CHOPPY,0.654,80.0,B,OVERLAP,1955.493,1972.515,1934.216,1934.216,1972.769,STOP,0.001,1.7022,0.3402,17.022,-1.7276,-1.0149,0.832,1.007,296,0.189,2.116,0.05,0.12,0.0,clear,sweep + rejection + CHoCH + displacement,498.572
2020-08-05 16:06:00+00:00,2020-08-05 21:00:00+00:00,XAUUSD,SHORT,LIQUIDITY_REVERSAL,BULL,0.611,80.0,B,NEWYORK,2047.42,2068.391,2021.207,2021.207,2038.455,SESSION_END,0.001,2.0971,0.4206,20.971,0.8966,0.4275,0.897,0.104,294,0.369,3.814,0.05,0.05,0.0,clear,sweep + rejection + CHoCH + displacement,499.4685
2020-08-11 17:46:00+00:00,2020-08-11 18:52:00+00:00,XAUUSD,SHORT,TREND_CONTINUATION,STRONG_BEAR,1.0,100.0,A+,NEWYORK,1945.104,1959.349,1927.298,1927.298,1927.469,TP2,0.001,1.4245,0.2852,14.245,1.7635,1.238,1.26,0.017,66,0.362,3.93,0.05,0.0,0.0,clear,trend pullback + LTF BOS,501.232
2020-08-12 04:28:00+00:00,2020-08-12 05:29:00+00:00,XAUUSD,SHORT,TREND_CONTINUATION,STRONG_BEAR,1.0,75.0,B,ASIA,1889.172,1905.884,1868.283,1868.283,1868.507,TP2,0.001,1.6711,0.3334,16.711,2.0665,1.2366,1.607,0.29,61,0.505,4.879,0.05,0.0,0.0,clear,trend pullback + LTF BOS,503.2985
2020-08-13 12:11:00+00:00,2020-08-13 13:06:00+00:00,XAUUSD,LONG,BREAKOUT,COMPRESSION,1.0,65.0,NO_TRADE,OVERLAP,1937.985,1924.837,1954.418,1954.418,1924.63,STOP,0.001,1.3147,0.2612,13.147,-1.3355,-1.0158,0.0,1.14,55,0.153,2.189,0.05,0.12,0.0,clear,compression -> confirmed range break + momentum,501.9631
2020-08-14 06:48:00+00:00,2020-08-14 14:48:00+00:00,XAUUSD,SHORT,LIQUIDITY_REVERSAL,CHOPPY,0.664,80.0,B,ASIA,1950.92,1966.475,1931.475,1931.475,1949.995,TIME,0.001,1.5556,0.3099,15.556,0.0925,0.0595,0.795,0.344,480,0.317,1.7,0.05,0.05,0.0,clear,sweep + rejection + CHoCH + displacement,502.0556
2020-08-17 13:36:00+00:00,2020-08-17 14:40:00+00:00,XAUUSD,LONG,BREAKOUT,COMPRESSION,0.942,95.0,A+,OVERLAP,1959.028,1950.178,1970.091,1970.091,1969.978,TP2,0.002,1.77,0.3525,8.85,2.19,1.2373,1.27,0.221,64,0.186,1.891,0.05,0.0,0.0,clear,compression -> confirmed range break + momentum,504.2456
2020-08-17 15:06:00+00:00,2020-08-17 21:00:00+00:00,XAUUSD,LONG,BREAKOUT,STRONG_BULL,0.958,100.0,A+,OVERLAP,1974.738,1961.376,1991.442,1991.442,1982.763,SESSION_END,0.001,1.3363,0.265,13.363,0.8024,0.6005,1.178,0.0,354,0.241,2.868,0.05,0.05,0.0,clear,compression -> confirmed range break + momentum,505.048
2020-08-20 13:21:00+00:00,2020-08-20 16:38:00+00:00,XAUUSD,SHORT,LIQUIDITY_REVERSAL,LIQUIDITY_REVERSAL,0.8,100.0,A+,OVERLAP,1936.272,1950.453,1918.545,1918.545,1950.727,STOP,0.001,1.4182,0.2808,14.182,-1.4455,-1.0193,0.733,1.027,197,0.213,3.084,0.05,0.12,0.0,clear,sweep + rejection + CHoCH + displacement,503.6025
2020-08-24 07:31:00+00:00,2020-08-24 09:22:00+00:00,XAUUSD,LONG,LIQUIDITY_REVERSAL,LIQUIDITY_REVERSAL,0.7,80.0,B,LONDON,1935.289,1923.822,1949.623,1949.623,1949.49,TP2,0.002,2.2934,0.4554,11.467,2.8402,1.2384,1.29,0.234,111,0.208,1.777,0.05,0.0,0.0,clear,sweep + rejection + CHoCH + displacement,506.4427
2020-08-25 10:48:00+00:00,2020-08-25 18:48:00+00:00,XAUUSD,SHORT,BREAKOUT,BEAR,0.822,85.0,A,LONDON,1921.753,1933.728,1906.785,1906.785,1919.053,TIME,0.002,2.3949,0.4729,11.975,0.5401,0.2255,0.639,0.828,480,0.223,1.773,0.05,0.05,0.0,clear,compression -> confirmed range break + momentum,506.9828
2020-08-31 18:11:00+00:00,2020-08-31 21:00:00+00:00,XAUUSD,SHORT,LIQUIDITY_REVERSAL,CHOPPY,0.582,85.0,A,NEWYORK,1969.47,1979.403,1957.054,1957.054,1969.285,SESSION_END,0.002,1.9866,0.3919,9.933,0.0371,0.0187,0.328,0.395,169,0.256,2.208,0.05,0.05,0.0,clear,sweep + rejection + CHoCH + displacement,507.0199
2020-09-03 12:11:00+00:00,2020-09-03 14:18:00+00:00,XAUUSD,SHORT,TREND_CONTINUATION,BEAR,0.965,85.0,A,OVERLAP,1930.005,1938.683,1919.158,1919.158,1938.934,STOP,0.002,1.7355,0.3423,8.678,-1.7858,-1.0289,0.324,1.012,127,0.185,1.52,0.05,0.12,0.0,clear,trend pullback + LTF BOS,505.2341
2020-09-04 13:30:00+00:00,2020-09-04 13:31:00+00:00,XAUUSD,LONG,LIQUIDITY_REVERSAL,CHOPPY,0.783,80.0,B,OVERLAP,1940.217,1930.865,1951.907,1951.907,1930.653,STOP,0.002,1.8704,0.3702,9.352,-1.9128,-1.0227,0.0,1.194,1,0.184,1.501,0.05,0.12,0.0,clear,sweep + rejection + CHoCH + displacement,503.3213
2020-09-09 12:22:00+00:00,2020-09-09 13:41:00+00:00,XAUUSD,LONG,LIQUIDITY_REVERSAL,LIQUIDITY_REVERSAL,0.7,75.0,B,OVERLAP,1923.722,1913.439,1936.576,1936.576,1936.462,TP2,0.002,2.0567,0.4086,10.283,2.548,1.2389,1.255,0.191,79,0.214,1.683,0.05,0.0,0.0,clear,sweep + rejection + CHoCH + displacement,505.8693
2020-09-16 13:06:00+00:00,2020-09-16 19:52:00+00:00,XAUUSD,LONG,LIQUIDITY_REVERSAL,LIQUIDITY_REVERSAL,1.0,100.0,A+,OVERLAP,1965.917,1954.029,1980.777,1980.777,1953.631,STOP,0.002,2.3776,0.47,11.888,-2.4574,-1.0335,0.635,1.093,406,0.219,1.326,0.05,0.12,0.0,clear,sweep + rejection + CHoCH + displacement,503.412
2020-09-17 13:06:00+00:00,2020-09-17 21:00:00+00:00,XAUUSD,SHORT,LIQUIDITY_REVERSAL,LIQUIDITY_REVERSAL,0.7,100.0,A+,OVERLAP,1943.404,1957.503,1925.78,1925.78,1949.212,SESSION_END,0.001,1.4099,0.2801,14.099,-0.5808,-0.4119,0.756,0.429,474,0.227,1.737,0.05,0.05,0.0,clear,sweep + rejection + CHoCH + displacement,502.8312
2020-09-23 07:11:00+00:00,2020-09-23 15:11:00+00:00,XAUUSD,SHORT,BREAKOUT,STRONG_BEAR,0.969,85.0,A,LONDON,1878.898,1896.154,1857.328,1857.328,1872.04,TIME,0.001,1.7256,0.3432,17.256,0.6858,0.3974,0.489,0.925,480,0.274,2.53,0.05,0.05,0.0,clear,compression -> confirmed range break + momentum,503.517
2020-09-23 20:01:00+00:00,2020-09-23 21:00:00+00:00,XAUUSD,SHORT,TREND_CONTINUATION,STRONG_BEAR,1.0,100.0,A+,NEWYORK,1863.828,1875.173,1849.647,1849.647,1862.357,SESSION_END,0.002,2.269,0.4506,11.345,0.2944,0.1297,0.718,0.0,59,0.253,2.365,0.05,0.05,0.0,clear,trend pullback + LTF BOS,503.8114
2020-09-24 13:41:00+00:00,2020-09-24 18:15:00+00:00,XAUUSD,SHORT,LIQUIDITY_REVERSAL,LIQUIDITY_REVERSAL,0.8,100.0,A+,OVERLAP,1854.173,1873.729,1829.728,1829.728,1873.975,STOP,0.001,1.9556,0.3882,19.556,-1.9803,-1.0126,0.172,1.017,274,0.211,2.481,0.05,0.12,0.0,clear,sweep + rejection + CHoCH + displacement,501.8311
2020-09-25 02:03:00+00:00,2020-09-25 10:03:00+00:00,XAUUSD,LONG,LIQUIDITY_REVERSAL,CHOPPY,0.693,80.0,B,ASIA,1869.63,1858.363,1883.713,1883.713,1870.738,TIME,0.002,2.2533,0.449,11.266,0.2217,0.0984,0.483,0.707,480,0.283,1.187,0.05,0.05,0.0,clear,sweep + rejection + CHoCH + displacement,502.0528
2020-09-25 10:51:00+00:00,2020-09-25 18:00:00+00:00,XAUUSD,SHORT,BREAKOUT,COMPRESSION,0.916,100.0,A+,LONDON,1864.994,1877.26,1849.662,1849.662,1861.01,SESSION_END,0.002,2.4532,0.4886,12.266,0.7969,0.3249,1.035,0.103,429,0.208,1.86,0.05,0.05,0.0,clear,compression -> confirmed range break + momentum,502.8497
2020-09-28 20:58:00+00:00,2020-09-28 21:00:00+00:00,XAUUSD,LONG,TREND_CONTINUATION,STRONG_BULL,0.941,100.0,A+,NEWYORK,1880.913,1871.103,1893.176,1893.176,1880.706,SESSION_END,0.002,1.962,0.3902,9.81,-0.0415,-0.0212,0.073,0.024,2,0.231,1.475,0.05,0.05,0.0,clear,trend pullback + LTF BOS,502.8082
2020-10-01 14:37:00+00:00,2020-10-01 21:00:00+00:00,XAUUSD,LONG,TREND_CONTINUATION,BULL,0.92,100.0,A+,OVERLAP,1905.775,1891.171,1924.03,1924.03,1904.528,SESSION_END,0.001,1.4604,0.2904,14.604,-0.1247,-0.0854,0.428,0.659,383,0.28,2.355,0.05,0.05,0.0,clear,trend pullback + LTF BOS,502.6835
2020-10-09 11:32:00+00:00,2020-10-09 15:04:00+00:00,XAUUSD,LONG,TREND_CONTINUATION,STRONG_BULL,0.97,85.0,A,LONDON,1915.119,1906.075,1926.425,1926.425,1926.275,TP2,0.002,1.8089,0.3599,9.045,2.2312,1.2334,1.371,0.319,212,0.223,1.101,0.05,0.0,0.0,clear,trend pullback + LTF BOS,504.9147
2020-10-20 13:41:00+00:00,2020-10-20 21:00:00+00:00,XAUUSD,LONG,LIQUIDITY_REVERSAL,LIQUIDITY_REVERSAL,0.7,85.0,A,OVERLAP,1904.661,1892.711,1919.597,1919.597,1909.243,SESSION_END,0.002,2.3899,0.4733,11.949,0.9165,0.3835,0.78,0.606,439,0.245,1.514,0.05,0.05,0.0,clear,sweep + rejection + CHoCH + displacement,505.8312
2020-10-22 15:01:00+00:00,2020-10-22 21:00:00+00:00,XAUUSD,SHORT,BREAKOUT,BEAR,0.573,70.0,NO_TRADE,OVERLAP,1899.998,1912.348,1884.562,1884.562,1905.485,SESSION_END,0.002,2.4698,0.4883,12.349,-1.0972,-0.4443,0.469,0.452,359,0.319,2.247,0.05,0.05,0.0,clear,compression -> confirmed range break + momentum,504.7339
2020-10-26 13:31:00+00:00,2020-10-26 22:00:00+00:00,XAUUSD,LONG,LIQUIDITY_REVERSAL,LIQUIDITY_REVERSAL,1.0,75.0,B,OVERLAP,1903.747,1893.491,1916.567,1916.567,1901.589,SESSION_END,0.002,2.0512,0.4064,10.256,-0.4315,-0.2104,0.459,0.485,449,0.278,1.804,0.05,0.05,0.0,clear,sweep + rejection + CHoCH + displacement,504.3024
2020-11-02 12:16:00+00:00,2020-11-02 20:16:00+00:00,XAUUSD,LONG,BREAKOUT,STRONG_BULL,0.942,85.0,A,OVERLAP,1892.437,1882.574,1904.766,1904.766,1894.82,TIME,0.002,1.9727,0.3912,9.863,0.4765,0.2415,0.26,0.684,480,0.199,1.282,0.05,0.05,0.0,clear,compression -> confirmed range break + momentum,504.7789
2020-11-05 08:53:00+00:00,2020-11-05 12:53:00+00:00,XAUUSD,LONG,BREAKOUT,BULL,0.851,70.0,NO_TRADE,LONDON,1917.258,1908.93,1927.668,1927.668,1927.561,TP2,0.003,2.4984,0.4949,8.328,3.091,1.2372,1.28,0.334,240,0.206,1.82,0.05,0.0,0.0,clear,compression -> confirmed range break + momentum,507.8699
2020-11-05 14:37:00+00:00,2020-11-05 15:14:00+00:00,XAUUSD,LONG,TREND_CONTINUATION,STRONG_BULL,0.959,85.0,A,OVERLAP,1930.218,1920.811,1941.978,1941.978,1941.859,TP2,0.002,1.8815,0.3705,9.407,2.3282,1.2374,1.279,0.004,37,0.221,2.159,0.05,0.0,0.0,clear,trend pullback + LTF BOS,510.1981
2020-11-09 15:03:00+00:00,2020-11-09 21:00:00+00:00,XAUUSD,SHORT,BREAKOUT,STRONG_BEAR,1.0,60.0,NO_TRADE,OVERLAP,1866.489,1888.038,1839.553,1839.553,1866.196,SESSION_END,0.001,2.1549,0.4224,21.549,0.0293,0.0136,0.747,0.167,357,0.557,6.264,0.05,0.05,0.0,clear,compression -> confirmed range break + momentum,510.2275
2020-11-10 10:45:00+00:00,2020-11-10 13:00:00+00:00,XAUUSD,SHORT,BREAKOUT,STRONG_BEAR,0.876,70.0,NO_TRADE,LONDON,1871.732,1882.01,1858.885,1858.885,1882.234,STOP,0.002,2.0555,0.4029,10.278,-2.1004,-1.0219,0.428,1.034,135,0.271,2.451,0.05,0.12,0.0,clear,compression -> confirmed range break + momentum,508.127
2020-11-12 08:21:00+00:00,2020-11-12 13:55:00+00:00,XAUUSD,SHORT,BREAKOUT,COMPRESSION,0.911,85.0,A,LONDON,1866.234,1876.314,1853.633,1853.633,1876.555,STOP,0.002,2.016,0.3968,10.08,-2.0643,-1.024,0.311,1.0,334,0.263,1.746,0.05,0.12,0.0,clear,compression -> confirmed range break + momentum,506.0627
2020-11-25 01:07:00+00:00,2020-11-25 09:07:00+00:00,XAUUSD,LONG,BREAKOUT,COMPRESSION,0.926,40.0,NO_TRADE,ASIA,1811.168,1795.348,1830.943,1830.943,1811.174,TIME,0.001,1.582,0.3126,15.82,0.0006,0.0004,0.242,0.611,480,0.406,1.559,0.05,0.05,0.0,clear,compression -> confirmed range break + momentum,506.0633
2020-12-04 13:12:00+00:00,2020-12-04 18:00:00+00:00,XAUUSD,SHORT,LIQUIDITY_REVERSAL,CHOPPY,0.605,85.0,A,OVERLAP,1840.126,1849.96,1827.834,1827.834,1834.165,SESSION_END,0.002,1.9668,0.3886,9.834,1.1922,0.6062,1.133,0.81,288,0.195,1.184,0.05,0.05,0.0,clear,sweep + rejection + CHoCH + displacement,507.2555
2020-12-08 14:01:00+00:00,2020-12-08 21:00:00+00:00,XAUUSD,SHORT,LIQUIDITY_REVERSAL,LIQUIDITY_REVERSAL,0.7,85.0,A,OVERLAP,1866.016,1883.367,1844.327,1844.327,1870.557,SESSION_END,0.001,1.7351,0.3421,17.351,-0.4541,-0.2617,0.236,0.527,419,0.325,2.542,0.05,0.05,0.0,clear,sweep + rejection + CHoCH + displacement,506.8014
2020-12-09 09:21:00+00:00,2020-12-09 15:00:00+00:00,XAUUSD,SHORT,LIQUIDITY_REVERSAL,LIQUIDITY_REVERSAL,0.7,85.0,A,LONDON,1859.883,1876.196,1839.491,1839.491,1839.681,TP2,0.001,1.6313,0.3219,16.313,2.0202,1.2383,1.386,0.254,339,0.291,1.841,0.05,0.0,0.0,clear,sweep + rejection + CHoCH + displacement,508.8216
2020-12-11 14:28:00+00:00,2020-12-11 18:00:00+00:00,XAUUSD,SHORT,LIQUIDITY_REVERSAL,LIQUIDITY_REVERSAL,0.8,100.0,A+,OVERLAP,1835.162,1854.482,1811.012,1811.012,1842.131,SESSION_END,0.001,1.932,0.3797,19.32,-0.6969,-0.3607,0.021,0.646,212,0.272,2.215,0.05,0.05,0.0,clear,sweep + rejection + CHoCH + displacement,508.1247
2020-12-14 10:04:00+00:00,2020-12-14 14:34:00+00:00,XAUUSD,SHORT,TREND_CONTINUATION,STRONG_BEAR,0.92,100.0,A+,LONDON,1826.765,1837.105,1813.839,1813.839,1837.375,STOP,0.002,2.0681,0.407,10.341,-2.1221,-1.0261,0.822,1.03,270,0.266,1.41,0.05,0.12,0.0,clear,trend pullback + LTF BOS,506.0026
2020-12-17 09:46:00+00:00,2020-12-17 14:32:00+00:00,XAUUSD,LONG,TREND_CONTINUATION,STRONG_BULL,0.972,85.0,A,LONDON,1878.315,1867.984,1891.228,1891.228,1891.084,TP2,0.002,2.0662,0.4083,10.331,2.5538,1.236,1.265,0.629,286,0.273,1.683,0.05,0.0,0.0,clear,trend pullback + LTF BOS,508.5564
2020-12-18 12:04:00+00:00,2020-12-18 18:00:00+00:00,XAUUSD,LONG,BREAKOUT,COMPRESSION,0.9,70.0,NO_TRADE,OVERLAP,1885.396,1876.639,1896.343,1896.343,1883.738,SESSION_END,0.002,1.7515,0.3444,8.757,-0.3317,-0.1894,0.473,0.905,356,0.203,1.182,0.05,0.05,0.0,clear,compression -> confirmed range break + momentum,508.2247
2020-12-21 14:37:00+00:00,2020-12-21 21:00:00+00:00,XAUUSD,LONG,LIQUIDITY_REVERSAL,LIQUIDITY_REVERSAL,0.7,100.0,A+,OVERLAP,1884.783,1863.236,1911.717,1911.717,1875.055,SESSION_END,0.001,2.1547,0.424,21.547,-0.9727,-0.4514,0.0,0.507,383,0.406,3.651,0.05,0.05,0.0,clear,sweep + rejection + CHoCH + displacement,507.252
2020-12-30 13:21:00+00:00,2020-12-30 21:00:00+00:00,XAUUSD,LONG,LIQUIDITY_REVERSAL,LIQUIDITY_REVERSAL,0.7,100.0,A+,OVERLAP,1880.325,1868.893,1894.614,1894.614,1891.844,SESSION_END,0.002,2.2863,0.4507,11.432,2.3039,1.0077,1.151,0.116,459,0.219,1.283,0.05,0.05,0.0,clear,sweep + rejection + CHoCH + displacement,509.5559
2021-01-07 11:06:00+00:00,2021-01-07 19:06:00+00:00,XAUUSD,LONG,LIQUIDITY_REVERSAL,LIQUIDITY_REVERSAL,1.0,85.0,A,LONDON,1915.995,1903.074,1932.147,1932.147,1915.424,TIME,0.001,1.2921,0.2584,12.921,-0.0571,-0.0442,0.392,0.719,480,0.255,2.418,0.05,0.05,0.0,clear,sweep + rejection + CHoCH + displacement,499.9429
2021-01-12 01:06:00+00:00,2021-01-12 05:39:00+00:00,XAUUSD,SHORT,BREAKOUT,COMPRESSION,0.974,80.0,B,ASIA,1841.669,1855.468,1824.42,1824.42,1855.728,STOP,0.001,1.3799,0.276,13.799,-1.4059,-1.0188,0.025,1.051,273,0.313,1.656,0.05,0.12,0.0,clear,compression -> confirmed range break + momentum,498.537
2021-01-13 08:06:00+00:00,2021-01-13 16:06:00+00:00,XAUUSD,SHORT,BREAKOUT,COMPRESSION,0.979,85.0,A,LONDON,1855.027,1864.464,1843.231,1843.231,1859.106,TIME,0.002,1.8874,0.3786,9.437,-0.8158,-0.4322,0.61,0.643,480,0.235,1.579,0.05,0.05,0.0,clear,compression -> confirmed range break + momentum,497.7213
2021-01-13 18:04:00+00:00,2021-01-13 21:00:00+00:00,XAUUSD,LONG,LIQUIDITY_REVERSAL,CHOPPY,0.669,85.0,A,NEWYORK,1857.168,1845.213,1872.112,1872.112,1847.904,SESSION_END,0.002,2.391,0.4804,11.955,-1.8527,-0.7749,0.156,0.961,176,0.232,1.408,0.05,0.05,0.0,clear,sweep + rejection + CHoCH + displacement,495.8685
2021-01-15 13:46:00+00:00,2021-01-15 18:00:00+00:00,XAUUSD,SHORT,LIQUIDITY_REVERSAL,LIQUIDITY_REVERSAL,0.7,90.0,A+,OVERLAP,1842.272,1863.846,1815.303,1815.303,1831.619,SESSION_END,0.001,2.1575,0.4351,21.575,1.0653,0.4938,0.882,0.143,254,0.247,2.181,0.05,0.05,0.0,clear,sweep + rejection + CHoCH + displacement,496.9338
2021-01-19 14:40:00+00:00,2021-01-19 21:00:00+00:00,XAUUSD,SHORT,LIQUIDITY_REVERSAL,LIQUIDITY_REVERSAL,0.7,85.0,A,OVERLAP,1836.935,1853.897,1815.733,1815.733,1840.051,SESSION_END,0.001,1.6962,0.3413,16.962,-0.3115,-0.1837,0.22,0.376,380,0.273,2.096,0.05,0.05,0.0,clear,sweep + rejection + CHoCH + displacement,496.6223
2021-01-20 12:52:00+00:00,2021-01-20 13:15:00+00:00,XAUUSD,SHORT,LIQUIDITY_REVERSAL,LIQUIDITY_REVERSAL,0.7,85.0,A,OVERLAP,1847.297,1858.125,1833.762,1833.762,1833.925,TP2,0.002,2.1657,0.4361,10.828,2.6743,1.2349,1.388,0.002,23,0.236,1.456,0.05,0.0,0.0,clear,sweep + rejection + CHoCH + displacement,499.2966
2021-01-21 08:06:00+00:00,2021-01-21 13:55:00+00:00,XAUUSD,LONG,LIQUIDITY_REVERSAL,LIQUIDITY_REVERSAL,0.7,100.0,A+,LONDON,1870.445,1859.695,1883.882,1883.882,1859.411,STOP,0.002,2.1499,0.4306,10.75,-2.2068,-1.0265,0.279,1.002,349,0.3,1.712,0.05,0.12,0.0,clear,sweep + rejection + CHoCH + displacement,497.0898
2021-01-25 18:21:00+00:00,2021-01-25 21:00:00+00:00,XAUUSD,SHORT,LIQUIDITY_REVERSAL,LIQUIDITY_REVERSAL,0.7,100.0,A+,NEWYORK,1855.035,1865.345,1842.147,1842.147,1855.748,SESSION_END,0.002,2.0621,0.4148,10.311,-0.1425,-0.0691,0.156,0.24,159,0.272,1.654,0.05,0.05,0.0,clear,sweep + rejection + CHoCH + displacement,496.9473
2021-01-26 13:11:00+00:00,2021-01-26 21:00:00+00:00,XAUUSD,SHORT,LIQUIDITY_REVERSAL,LIQUIDITY_REVERSAL,0.8,100.0,A+,OVERLAP,1852.636,1863.189,1839.444,1839.444,1851.983,SESSION_END,0.002,2.1107,0.4247,10.553,0.1306,0.0619,0.314,0.687,469,0.218,1.331,0.05,0.05,0.0,clear,sweep + rejection + CHoCH + displacement,497.0778
2021-02-01 08:16:00+00:00,2021-02-01 16:16:00+00:00,XAUUSD,LONG,BREAKOUT,BULL,0.867,85.0,A,LONDON,1869.539,1847.271,1897.374,1897.374,1861.851,TIME,0.001,2.2268,0.448,22.268,-0.7688,-0.3453,0.0,0.597,480,0.276,2.624,0.05,0.05,0.0,clear,compression -> confirmed range break + momentum,496.309
2021-02-01 18:31:00+00:00,2021-02-01 21:00:00+00:00,XAUUSD,SHORT,LIQUIDITY_REVERSAL,LIQUIDITY_REVERSAL,0.8,85.0,A,NEWYORK,1860.509,1876.687,1840.287,1840.287,1859.171,SESSION_END,0.001,1.6177,0.326,16.177,0.1338,0.0827,0.157,0.124,149,0.232,2.051,0.05,0.05,0.0,clear,sweep + rejection + CHoCH + displacement,496.4429
2021-02-09 09:23:00+00:00,2021-02-09 14:39:00+00:00,XAUUSD,LONG,BREAKOUT,BULL,1.0,85.0,A,LONDON,1846.43,1836.286,1859.111,1859.111,1836.022,STOP,0.002,2.0289,0.4087,10.144,-2.0816,-1.026,0.201,1.151,316,0.251,1.41,0.05,0.12,0.0,clear,compression -> confirmed range break + momentum,494.3612
2021-02-10 08:11:00+00:00,2021-02-10 13:35:00+00:00,XAUUSD,SHORT,LIQUIDITY_REVERSAL,LIQUIDITY_REVERSAL,1.0,85.0,A,LONDON,1842.358,1852.408,1829.796,1829.796,1852.69,STOP,0.002,2.01,0.4066,10.05,-2.0663,-1.0281,0.468,1.022,324,0.234,1.141,0.05,0.12,0.0,clear,sweep + rejection + CHoCH + displacement,492.2949
2021-02-10 14:26:00+00:00,2021-02-10 21:00:00+00:00,XAUUSD,SHORT,LIQUIDITY_REVERSAL,LIQUIDITY_REVERSAL,1.0,85.0,A,OVERLAP,1847.732,1863.642,1827.845,1827.845,1842.798,SESSION_END,0.001,1.591,0.3232,15.91,0.4935,0.3102,0.807,0.0,394,0.366,2.672,0.05,0.05,0.0,clear,sweep + rejection + CHoCH + displacement,492.7883
2021-02-12 14:36:00+00:00,2021-02-12 15:51:00+00:00,XAUUSD,SHORT,TREND_CONTINUATION,BEAR,0.577,85.0,A,OVERLAP,1813.591,1826.673,1797.238,1797.238,1826.954,STOP,0.001,1.3082,0.2655,13.082,-1.3363,-1.0215,0.114,1.006,75,0.268,1.853,0.05,0.12,0.0,clear,trend pullback + LTF BOS,491.452
2021-02-15 10:26:00+00:00,2021-02-15 23:00:00+00:00,XAUUSD,LONG,LIQUIDITY_REVERSAL,LIQUIDITY_REVERSAL,1.0,80.0,B,LONDON,1819.741,1809.65,1832.355,1832.355,1818.304,SESSION_END,0.002,2.0182,0.4107,10.091,-0.2874,-0.1424,0.437,0.374,454,0.226,1.081,0.05,0.05,0.0,clear,sweep + rejection + CHoCH + displacement,491.1646
2021-02-17 14:17:00+00:00,2021-02-17 21:00:00+00:00,XAUUSD,LONG,LIQUIDITY_REVERSAL,BEAR,0.881,75.0,B,OVERLAP,1780.292,1764.735,1799.738,1799.738,1774.716,SESSION_END,0.001,1.5557,0.3167,15.557,-0.5576,-0.3584,0.297,0.699,403,0.344,3.012,0.05,0.05,0.0,clear,sweep + rejection + CHoCH + displacement,490.607
2021-02-18 08:46:00+00:00,2021-02-18 15:16:00+00:00,XAUUSD,LONG,LIQUIDITY_REVERSAL,LIQUIDITY_REVERSAL,0.8,75.0,B,LONDON,1786.098,1770.437,1805.675,1805.675,1770.153,STOP,0.001,1.5662,0.3192,15.662,-1.5945,-1.0181,0.215,1.014,390,0.246,1.565,0.05,0.12,0.0,clear,sweep + rejection + CHoCH + displacement,489.0125
2021-02-22 09:26:00+00:00,2021-02-22 15:42:00+00:00,XAUUSD,LONG,BREAKOUT,BULL,0.89,85.0,A,LONDON,1797.652,1788.215,1809.448,1809.448,1809.301,TP2,0.002,1.8874,0.386,9.437,2.3299,1.2344,1.285,0.454,376,0.234,1.712,0.05,0.0,0.0,clear,compression -> confirmed range break + momentum,491.3424
2021-02-26 10:36:00+00:00,2021-02-26 14:33:00+00:00,XAUUSD,LONG,LIQUIDITY_REVERSAL,LIQUIDITY_REVERSAL,0.8,85.0,A,LONDON,1765.459,1755.692,1777.669,1777.669,1755.453,STOP,0.002,1.9535,0.3976,9.768,-2.0013,-1.0245,0.147,1.144,237,0.228,2.09,0.05,0.12,0.0,clear,sweep + rejection + CHoCH + displacement,489.3411
2021-03-01 12:06:00+00:00,2021-03-01 13:22:00+00:00,XAUUSD,LONG,LIQUIDITY_REVERSAL,LIQUIDITY_REVERSAL,0.7,80.0,B,OVERLAP,1745.996,1734.594,1760.248,1760.248,1734.364,STOP,0.002,2.2804,0.466,11.402,-2.3264,-1.0202,0.128,1.098,76,0.181,1.498,0.05,0.12,0.0,clear,sweep + rejection + CHoCH + displacement,487.0146
2021-03-03 09:47:00+00:00,2021-03-03 13:02:00+00:00,XAUUSD,LONG,LIQUIDITY_REVERSAL,LIQUIDITY_REVERSAL,1.0,85.0,A,LONDON,1729.629,1721.212,1740.15,1740.15,1721.003,STOP,0.002,1.6834,0.3457,8.417,-1.7252,-1.0248,0.059,1.089,195,0.208,1.517,0.05,0.12,0.0,clear,sweep + rejection + CHoCH + displacement,485.2894
2021-03-04 13:26:00+00:00,2021-03-04 18:59:00+00:00,XAUUSD,SHORT,LIQUIDITY_REVERSAL,LIQUIDITY_REVERSAL,0.8,100.0,A+,OVERLAP,1715.542,1735.528,1690.56,1690.56,1690.773,TP2,0.001,1.9986,0.4118,19.986,2.4769,1.2394,1.265,0.336,333,0.245,2.049,0.05,0.0,0.0,clear,sweep + rejection + CHoCH + displacement,487.7664
2021-03-05 01:04:00+00:00,2021-03-05 09:04:00+00:00,XAUUSD,SHORT,TREND_CONTINUATION,BEAR,0.594,100.0,A+,ASIA,1690.245,1703.171,1674.087,1674.087,1694.804,TIME,0.001,1.2926,0.265,12.926,-0.4558,-0.3526,0.236,0.777,480,0.378,1.688,0.05,0.05,0.0,clear,trend pullback + LTF BOS,487.3105
2021-03-05 09:09:00+00:00,2021-03-05 17:09:00+00:00,XAUUSD,LONG,LIQUIDITY_REVERSAL,BEAR,0.557,85.0,A,LONDON,1695.45,1683.447,1710.454,1710.454,1697.833,TIME,0.002,2.4006,0.4926,12.003,0.4764,0.1985,1.018,0.693,480,0.231,1.768,0.05,0.05,0.0,clear,sweep + rejection + CHoCH + displacement,487.787
2021-03-11 18:06:00+00:00,2021-03-11 21:00:00+00:00,XAUUSD,LONG,LIQUIDITY_REVERSAL,LIQUIDITY_REVERSAL,1.0,100.0,A+,NEWYORK,1727.559,1712.159,1746.808,1746.808,1723.308,SESSION_END,0.001,1.54,0.3157,15.4,-0.425,-0.276,0.022,0.347,174,0.309,1.84,0.05,0.05,0.0,clear,sweep + rejection + CHoCH + displacement,487.3619
2021-03-17 14:06:00+00:00,2021-03-17 18:00:00+00:00,XAUUSD,SHORT,BREAKOUT,EXPANSION,0.95,70.0,NO_TRADE,OVERLAP,1725.421,1736.92,1711.047,1711.047,1737.162,STOP,0.002,2.2999,0.4719,11.499,-2.3483,-1.021,0.0,1.102,234,0.326,2.082,0.05,0.12,0.0,clear,compression -> confirmed range break + momentum,485.0137
2021-03-19 12:41:00+00:00,2021-03-19 18:00:00+00:00,XAUUSD,SHORT,LIQUIDITY_REVERSAL,LIQUIDITY_REVERSAL,0.8,85.0,A,OVERLAP,1740.022,1749.717,1727.904,1727.904,1743.075,SESSION_END,0.002,1.9389,0.3998,9.694,-0.6105,-0.3149,0.708,0.343,319,0.232,1.694,0.05,0.05,0.0,clear,sweep + rejection + CHoCH + displacement,484.4032
2021-03-30 07:16:00+00:00,2021-03-30 08:46:00+00:00,XAUUSD,LONG,LIQUIDITY_REVERSAL,LIQUIDITY_REVERSAL,1.0,75.0,B,LONDON,1708.18,1696.021,1723.378,1723.378,1695.731,STOP,0.001,1.2159,0.251,12.159,-1.2449,-1.0238,0.011,1.063,90,0.263,1.224,0.05,0.12,0.0,clear,sweep + rejection + CHoCH + displacement,483.1583
2021-04-05 13:26:00+00:00,2021-04-05 21:00:00+00:00,XAUUSD,LONG,LIQUIDITY_REVERSAL,LIQUIDITY_REVERSAL,1.0,100.0,A+,OVERLAP,1727.138,1713.076,1744.714,1744.714,1727.612,SESSION_END,0.001,1.4061,0.291,14.061,0.0474,0.0337,0.449,0.343,454,0.245,1.406,0.05,0.05,0.0,clear,sweep + rejection + CHoCH + displacement,483.2057
2021-04-13 12:06:00+00:00,2021-04-13 13:45:00+00:00,XAUUSD,LONG,LIQUIDITY_REVERSAL,LIQUIDITY_REVERSAL,1.0,85.0,A,OVERLAP,1728.617,1717.969,1741.926,1741.926,1741.76,TP2,0.002,2.1295,0.4407,10.648,2.6286,1.2344,1.262,0.18,99,0.218,1.166,0.05,0.0,0.0,clear,sweep + rejection + CHoCH + displacement,485.8344
2021-04-28 14:41:00+00:00,2021-04-28 19:37:00+00:00,XAUUSD,SHORT,LIQUIDITY_REVERSAL,LIQUIDITY_REVERSAL,0.7,100.0,A+,OVERLAP,1766.961,1780.762,1749.71,1749.71,1781.05,STOP,0.001,1.3801,0.2841,13.801,-1.4089,-1.0209,0.0,1.074,296,0.334,2.038,0.05,0.12,0.0,clear,sweep + rejection + CHoCH + displacement,484.4255
2021-05-03 12:01:00+00:00,2021-05-03 14:28:00+00:00,XAUUSD,SHORT,LIQUIDITY_REVERSAL,BULL,0.868,85.0,A,OVERLAP,1778.465,1789.264,1764.967,1764.967,1789.52,STOP,0.002,2.1597,0.4458,10.798,-2.211,-1.0238,0.1,1.008,147,0.226,1.201,0.05,0.12,0.0,clear,sweep + rejection + CHoCH + displacement,482.2145
2021-05-07 14:41:00+00:00,2021-05-07 18:00:00+00:00,XAUUSD,SHORT,LIQUIDITY_REVERSAL,BULL,0.967,75.0,B,OVERLAP,1827.648,1847.433,1802.916,1802.916,1832.578,SESSION_END,0.001,1.9785,0.4103,19.785,-0.493,-0.2492,0.0,0.734,199,0.56,4.208,0.05,0.05,0.0,clear,sweep + rejection + CHoCH + displacement,481.7215
2021-05-10 19:42:00+00:00,2021-05-10 21:00:00+00:00,XAUUSD,SHORT,LIQUIDITY_REVERSAL,LIQUIDITY_REVERSAL,0.8,85.0,A,NEWYORK,1834.065,1843.702,1822.018,1822.018,1838.371,SESSION_END,0.002,1.9275,0.4001,9.637,-0.8613,-0.4469,0.017,0.47,78,0.247,1.126,0.05,0.05,0.0,clear,sweep + rejection + CHoCH + displacement,480.8601
2021-05-18 14:11:00+00:00,2021-05-18 21:00:00+00:00,XAUUSD,SHORT,LIQUIDITY_REVERSAL,LIQUIDITY_REVERSAL,0.7,85.0,A,OVERLAP,1868.823,1882.731,1851.439,1851.439,1868.957,SESSION_END,0.001,1.3908,0.2892,13.908,-0.0134,-0.0096,0.411,0.169,409,0.289,1.713,0.05,0.05,0.0,clear,sweep + rejection + CHoCH + displacement,480.8468
2021-05-24 14:41:00+00:00,2021-05-24 21:00:00+00:00,XAUUSD,LONG,LIQUIDITY_REVERSAL,LIQUIDITY_REVERSAL,0.7,100.0,A+,OVERLAP,1884.531,1867.343,1906.015,1906.015,1882.757,SESSION_END,0.001,1.7188,0.3574,17.188,-0.1774,-0.1032,0.059,0.393,379,0.326,1.871,0.05,0.05,0.0,clear,sweep + rejection + CHoCH + displacement,480.6693
2021-05-26 10:37:00+00:00,2021-05-26 18:37:00+00:00,XAUUSD,LONG,LIQUIDITY_REVERSAL,LIQUIDITY_REVERSAL,0.7,100.0,A+,LONDON,1907.376,1897.276,1920.001,1920.001,1899.632,TIME,0.002,2.0201,0.4203,10.1,-1.5487,-0.7667,0.522,0.827,480,0.236,1.232,0.05,0.05,0.0,clear,sweep + rejection + CHoCH + displacement,479.1206
2021-05-27 13:36:00+00:00,2021-05-27 21:00:00+00:00,XAUUSD,LONG,LIQUIDITY_REVERSAL,LIQUIDITY_REVERSAL,0.8,100.0,A+,OVERLAP,1897.308,1876.55,1923.255,1923.255,1897.153,SESSION_END,0.001,2.0758,0.4333,20.758,-0.0155,-0.0075,0.069,0.439,444,0.306,2.14,0.05,0.05,0.0,clear,sweep + rejection + CHoCH + displacement,479.1051
2021-05-28 13:36:00+00:00,2021-05-28 18:00:00+00:00,XAUUSD,LONG,LIQUIDITY_REVERSAL,LIQUIDITY_REVERSAL,0.7,85.0,A,OVERLAP,1889.821,1869.552,1915.158,1915.158,1900.861,SESSION_END,0.001,2.0269,0.4231,20.269,1.104,0.5447,0.56,0.064,264,0.326,2.078,0.05,0.05,0.0,clear,sweep + rejection + CHoCH + displacement,480.2092
2021-06-04 07:04:00+00:00,2021-06-04 13:44:00+00:00,XAUUSD,LONG,LIQUIDITY_REVERSAL,BEAR,0.957,75.0,B,LONDON,1869.584,1859.128,1882.655,1882.655,1882.481,TP2,0.002,2.0913,0.4355,10.456,2.5794,1.2334,1.292,0.134,400,0.252,1.2,0.05,0.0,0.0,clear,sweep + rejection + CHoCH + displacement,482.7886
2021-06-08 11:17:00+00:00,2021-06-08 14:55:00+00:00,XAUUSD,LONG,LIQUIDITY_REVERSAL,LIQUIDITY_REVERSAL,0.8,100.0,A+,LONDON,1894.402,1885.629,1905.367,1905.367,1885.326,STOP,0.002,1.7545,0.3634,8.772,-1.8152,-1.0346,1.059,1.08,218,0.228,1.013,0.05,0.12,0.0,clear,sweep + rejection + CHoCH + displacement,480.9734
2021-06-22 14:09:00+00:00,2021-06-22 21:00:00+00:00,XAUUSD,LONG,LIQUIDITY_REVERSAL,LIQUIDITY_REVERSAL,0.7,75.0,B,OVERLAP,1780.459,1760.833,1804.992,1804.992,1774.5,SESSION_END,0.001,1.9626,0.4081,19.626,-0.596,-0.3037,0.13,0.362,411,0.262,1.993,0.05,0.05,0.0,clear,sweep + rejection + CHoCH + displacement,480.3775
2021-06-30 14:51:00+00:00,2021-06-30 21:00:00+00:00,XAUUSD,LONG,LIQUIDITY_REVERSAL,LIQUIDITY_REVERSAL,1.0,85.0,A,OVERLAP,1761.02,1745.626,1780.262,1780.262,1769.009,SESSION_END,0.001,1.5394,0.3205,15.394,0.7989,0.519,0.861,0.229,369,0.324,2.21,0.05,0.05,0.0,clear,sweep + rejection + CHoCH + displacement,481.1764
2021-07-01 15:16:00+00:00,2021-07-01 21:00:00+00:00,XAUUSD,SHORT,LIQUIDITY_REVERSAL,LIQUIDITY_REVERSAL,1.0,70.0,NO_TRADE,OVERLAP,1776.2,1793.531,1754.536,1754.536,1776.422,SESSION_END,0.001,1.7331,0.3466,17.331,-0.0222,-0.0128,0.461,0.079,344,0.337,2.388,0.05,0.05,0.0,clear,sweep + rejection + CHoCH + displacement,499.9778
2021-07-28 19:41:00+00:00,2021-07-28 21:00:00+00:00,XAUUSD,LONG,LIQUIDITY_REVERSAL,LIQUIDITY_REVERSAL,1.0,75.0,B,NEWYORK,1803.968,1783.238,1829.881,1829.881,1807.737,SESSION_END,0.001,2.073,0.4146,20.73,0.3769,0.1818,0.277,0.24,79,0.44,2.056,0.05,0.05,0.0,clear,sweep + rejection + CHoCH + displacement,500.3546
2021-07-29 09:46:00+00:00,2021-07-29 17:46:00+00:00,XAUUSD,LONG,BREAKOUT,STRONG_BULL,0.824,85.0,A,LONDON,1821.794,1810.193,1836.294,1836.294,1830.636,TIME,0.002,2.3201,0.4637,11.601,1.7685,0.7622,0.931,0.205,480,0.291,1.368,0.05,0.05,0.0,clear,compression -> confirmed range break + momentum,502.1231
2021-08-02 07:06:00+00:00,2021-08-02 15:06:00+00:00,XAUUSD,SHORT,LIQUIDITY_REVERSAL,LIQUIDITY_REVERSAL,1.0,90.0,A+,LONDON,1809.495,1819.29,1797.251,1797.251,1811.68,TIME,0.002,1.9591,0.3902,9.795,-0.4371,-0.2231,0.394,0.3,480,0.246,0.98,0.05,0.05,0.0,clear,sweep + rejection + CHoCH + displacement,501.686
2021-08-16 13:08:00+00:00,2021-08-16 15:33:00+00:00,XAUUSD,LONG,LIQUIDITY_REVERSAL,LIQUIDITY_REVERSAL,0.8,100.0,A+,OVERLAP,1774.508,1764.504,1787.014,1787.014,1786.855,TP2,0.002,2.0009,0.3988,10.005,2.4694,1.2341,1.261,0.098,145,0.247,1.282,0.05,0.0,0.0,clear,sweep + rejection + CHoCH + displacement,504.1554
2021-08-24 13:26:00+00:00,2021-08-24 21:00:00+00:00,XAUUSD,SHORT,LIQUIDITY_REVERSAL,LIQUIDITY_REVERSAL,1.0,85.0,A,OVERLAP,1803.515,1813.648,1790.849,1790.849,1803.843,SESSION_END,0.002,2.0266,0.402,10.133,-0.0656,-0.0324,0.206,0.587,454,0.26,1.26,0.05,0.05,0.0,clear,sweep + rejection + CHoCH + displacement,504.0898
2021-08-25 12:41:00+00:00,2021-08-25 15:35:00+00:00,XAUUSD,LONG,LIQUIDITY_REVERSAL,LIQUIDITY_REVERSAL,1.0,100.0,A+,OVERLAP,1794.295,1783.628,1807.628,1807.628,1783.294,STOP,0.002,2.1333,0.4232,10.667,-2.2002,-1.0314,0.316,1.111,174,0.242,1.129,0.05,0.12,0.0,clear,sweep + rejection + CHoCH + displacement,501.8896
2021-08-26 14:16:00+00:00,2021-08-26 21:00:00+00:00,XAUUSD,LONG,LIQUIDITY_REVERSAL,LIQUIDITY_REVERSAL,0.7,85.0,A,OVERLAP,1785.449,1770.621,1803.984,1803.984,1792.016,SESSION_END,0.001,1.4828,0.2954,14.828,0.6567,0.4428,0.853,0.144,404,0.382,2.219,0.05,0.05,0.0,clear,sweep + rejection + CHoCH + displacement,502.5462
2021-09-01 15:00:00+00:00,2021-09-01 21:00:00+00:00,XAUUSD,SHORT,LIQUIDITY_REVERSAL,CHOPPY,0.556,85.0,A,OVERLAP,1812.661,1825.22,1796.963,1796.963,1814.802,SESSION_END,0.002,2.5117,0.4998,12.559,-0.4282,-0.1705,0.325,0.3,360,0.354,2.055,0.05,0.05,0.0,clear,sweep + rejection + CHoCH + displacement,502.118
2021-09-02 13:28:00+00:00,2021-09-02 21:00:00+00:00,XAUUSD,SHORT,LIQUIDITY_REVERSAL,CHOPPY,0.632,85.0,A,OVERLAP,1812.792,1821.732,1801.617,1801.617,1810.08,SESSION_END,0.002,1.788,0.3561,8.94,0.5424,0.3034,0.884,0.108,452,0.226,0.884,0.05,0.05,0.0,clear,sweep + rejection + CHoCH + displacement,502.6604
2021-09-17 13:25:00+00:00,2021-09-17 14:28:00+00:00,XAUUSD,LONG,LIQUIDITY_REVERSAL,LIQUIDITY_REVERSAL,1.0,85.0,A,OVERLAP,1762.927,1749.578,1779.613,1779.613,1749.31,STOP,0.001,1.3349,0.2656,13.349,-1.3616,-1.02,0.041,1.007,63,0.259,1.529,0.05,0.12,0.0,clear,sweep + rejection + CHoCH + displacement,501.2988
2021-09-24 15:06:00+00:00,2021-09-24 18:00:00+00:00,XAUUSD,LONG,LIQUIDITY_REVERSAL,LIQUIDITY_REVERSAL,1.0,85.0,A,OVERLAP,1746.72,1729.616,1768.099,1768.099,1750.856,SESSION_END,0.001,1.7104,0.3412,17.104,0.4136,0.2418,0.423,0.194,174,0.343,2.237,0.05,0.05,0.0,clear,sweep + rejection + CHoCH + displacement,501.7124
2021-10-12 08:16:00+00:00,2021-10-12 14:58:00+00:00,XAUUSD,SHORT,LIQUIDITY_REVERSAL,LIQUIDITY_REVERSAL,1.0,90.0,A+,LONDON,1758.85,1768.441,1746.863,1746.863,1768.767,STOP,0.002,1.918,0.3823,9.59,-1.9833,-1.034,0.52,1.0,402,0.255,1.084,0.05,0.12,0.0,clear,sweep + rejection + CHoCH + displacement,499.7291
2021-10-28 14:31:00+00:00,2021-10-28 21:00:00+00:00,XAUUSD,LONG,BREAKOUT,BULL,0.833,85.0,A,OVERLAP,1809.247,1789.678,1833.709,1833.709,1797.35,SESSION_END,0.001,1.9569,0.3916,19.569,-1.1897,-0.6079,0.056,0.871,389,0.399,2.625,0.05,0.05,0.0,clear,compression -> confirmed range break + momentum,498.5394
2021-11-01 13:36:00+00:00,2021-11-01 22:00:00+00:00,XAUUSD,SHORT,LIQUIDITY_REVERSAL,LIQUIDITY_REVERSAL,1.0,100.0,A+,OVERLAP,1787.272,1798.463,1773.284,1773.284,1793.419,SESSION_END,0.002,2.2381,0.4489,11.19,-1.2293,-0.5493,0.016,0.757,444,0.311,1.88,0.05,0.05,0.0,clear,sweep + rejection + CHoCH + displacement,497.3101
2021-11-08 14:32:00+00:00,2021-11-08 21:00:00+00:00,XAUUSD,LONG,TREND_CONTINUATION,BULL,0.906,85.0,A,OVERLAP,1824.286,1810.058,1842.072,1842.072,1823.671,SESSION_END,0.001,1.4229,0.2861,14.229,-0.0615,-0.0433,0.149,0.346,388,0.317,2.116,0.05,0.05,0.0,clear,trend pullback + LTF BOS,497.2486
2021-11-12 13:41:00+00:00,2021-11-12 18:00:00+00:00,XAUUSD,SHORT,LIQUIDITY_REVERSAL,LIQUIDITY_REVERSAL,0.8,85.0,A,OVERLAP,1853.284,1867.355,1835.695,1835.695,1864.439,SESSION_END,0.001,1.4071,0.283,14.071,-1.1155,-0.7928,0.0,0.895,259,0.288,1.811,0.05,0.05,0.0,clear,sweep + rejection + CHoCH + displacement,496.1331
2021-11-16 13:23:00+00:00,2021-11-16 14:08:00+00:00,XAUUSD,LONG,LIQUIDITY_REVERSAL,BULL,0.791,90.0,A+,OVERLAP,1873.707,1861.981,1888.364,1888.364,1861.669,STOP,0.002,2.3452,0.4727,11.726,-2.4077,-1.0267,0.027,1.05,45,0.286,1.612,0.05,0.12,0.0,clear,sweep + rejection + CHoCH + displacement,493.7253
2021-11-22 13:29:00+00:00,2021-11-22 14:16:00+00:00,XAUUSD,SHORT,TREND_CONTINUATION,BEAR,0.586,85.0,A,OVERLAP,1838.265,1848.655,1825.278,1825.278,1825.441,TP2,0.002,2.0779,0.4209,10.39,2.5649,1.2343,1.306,0.307,47,0.226,1.562,0.05,0.0,0.0,clear,trend pullback + LTF BOS,496.2902
2021-11-23 09:31:00+00:00,2021-11-23 13:38:00+00:00,XAUUSD,SHORT,BREAKOUT,BEAR,0.888,85.0,A,LONDON,1798.507,1809.355,1784.948,1784.948,1785.105,TP2,0.002,2.1695,0.4371,10.848,2.6803,1.2354,1.282,0.05,247,0.302,1.985,0.05,0.0,0.0,clear,compression -> confirmed range break + momentum,498.9706
2021-11-24 14:49:00+00:00,2021-11-24 21:00:00+00:00,XAUUSD,SHORT,TREND_CONTINUATION,STRONG_BEAR,0.986,85.0,A,OVERLAP,1781.136,1798.589,1759.32,1759.32,1788.577,SESSION_END,0.001,1.7453,0.3498,17.453,-0.744,-0.4263,0.096,0.582,371,0.298,2.282,0.05,0.05,0.0,clear,trend pullback + LTF BOS,498.2265
2021-11-29 13:41:00+00:00,2021-11-29 21:00:00+00:00,XAUUSD,SHORT,BREAKOUT,BEAR,0.553,80.0,B,OVERLAP,1788.447,1798.007,1776.496,1776.496,1784.158,SESSION_END,0.002,1.9122,0.3838,9.561,0.8576,0.4485,0.778,0.222,439,0.203,1.495,0.05,0.05,0.0,clear,compression -> confirmed range break + momentum,499.0841
2021-12-02 16:43:00+00:00,2021-12-02 21:00:00+00:00,XAUUSD,SHORT,TREND_CONTINUATION,BEAR,0.55,85.0,A,NEWYORK,1765.212,1785.302,1740.1,1740.1,1768.922,SESSION_END,0.001,2.009,0.4025,20.09,-0.371,-0.1847,0.169,0.201,257,0.332,2.151,0.05,0.05,0.0,clear,trend pullback + LTF BOS,498.7131
2021-12-06 15:06:00+00:00,2021-12-06 21:00:00+00:00,XAUUSD,LONG,LIQUIDITY_REVERSAL,LIQUIDITY_REVERSAL,1.0,100.0,A+,OVERLAP,1780.808,1766.803,1798.316,1798.316,1778.581,SESSION_END,0.001,1.4006,0.2808,14.006,-0.2228,-0.1591,0.291,0.254,354,0.287,1.916,0.05,0.05,0.0,clear,sweep + rejection + CHoCH + displacement,498.4904
2021-12-15 19:41:00+00:00,2021-12-15 21:00:00+00:00,XAUUSD,LONG,LIQUIDITY_REVERSAL,LIQUIDITY_REVERSAL,0.7,75.0,B,NEWYORK,1767.473,1744.333,1796.399,1796.399,1776.78,SESSION_END,0.001,2.3141,0.4642,23.141,0.9306,0.4022,0.574,0.161,79,0.59,2.745,0.05,0.05,0.0,clear,sweep + rejection + CHoCH + displacement,499.421
2021-12-16 14:37:00+00:00,2021-12-16 21:00:00+00:00,XAUUSD,LONG,TREND_CONTINUATION,BULL,0.94,85.0,A,OVERLAP,1790.659,1777.176,1807.513,1807.513,1797.679,SESSION_END,0.001,1.3483,0.27,13.483,0.702,0.5207,0.642,0.136,383,0.308,1.779,0.05,0.05,0.0,clear,trend pullback + LTF BOS,500.123
2021-12-27 13:44:00+00:00,2021-12-27 21:00:00+00:00,XAUUSD,LONG,LIQUIDITY_REVERSAL,LIQUIDITY_REVERSAL,0.8,100.0,A+,OVERLAP,1806.775,1796.596,1819.497,1819.497,1811.516,SESSION_END,0.002,2.0356,0.407,10.178,0.9484,0.4659,0.65,0.041,436,0.273,1.054,0.05,0.05,0.0,clear,sweep + rejection + CHoCH + displacement,501.0714
2021-12-31 14:55:00+00:00,2021-12-31 18:00:00+00:00,XAUUSD,SHORT,LIQUIDITY_REVERSAL,BULL,0.925,75.0,B,OVERLAP,1822.711,1834.801,1807.598,1807.598,1826.179,SESSION_END,0.002,2.4181,0.4826,12.09,-0.6936,-0.2868,0.209,0.381,185,0.346,1.526,0.05,0.05,0.0,clear,sweep + rejection + CHoCH + displacement,500.3778
2022-01-05 13:21:00+00:00,2022-01-05 13:44:00+00:00,XAUUSD,SHORT,LIQUIDITY_REVERSAL,LIQUIDITY_REVERSAL,1.0,85.0,A,OVERLAP,1816.497,1826.136,1804.449,1804.449,1826.415,STOP,0.002,1.9277,0.3855,9.638,-1.9835,-1.0289,0.0,1.116,23,0.241,1.117,0.05,0.12,0.0,clear,sweep + rejection + CHoCH + displacement,498.0165
2022-01-07 13:44:00+00:00,2022-01-07 18:00:00+00:00,XAUUSD,SHORT,LIQUIDITY_REVERSAL,LIQUIDITY_REVERSAL,1.0,90.0,A+,OVERLAP,1787.81,1809.472,1760.733,1760.733,1795.826,SESSION_END,0.001,2.1662,0.435,21.662,-0.8016,-0.37,0.065,0.406,256,0.376,2.334,0.05,0.05,0.0,clear,sweep + rejection + CHoCH + displacement,497.215
2022-01-10 13:26:00+00:00,2022-01-10 21:00:00+00:00,XAUUSD,LONG,LIQUIDITY_REVERSAL,LIQUIDITY_REVERSAL,0.8,85.0,A,OVERLAP,1797.217,1782.478,1815.641,1815.641,1800.717,SESSION_END,0.001,1.4739,0.2964,14.739,0.35,0.2375,0.296,0.474,454,0.278,1.521,0.05,0.05,0.0,clear,sweep + rejection + CHoCH + displacement,497.565
2022-01-13 13:41:00+00:00,2022-01-13 21:00:00+00:00,XAUUSD,LONG,LIQUIDITY_REVERSAL,LIQUIDITY_REVERSAL,0.7,100.0,A+,OVERLAP,1824.055,1811.025,1840.342,1840.342,1820.936,SESSION_END,0.001,1.303,0.2619,13.03,-0.3119,-0.2394,0.0,0.908,439,0.334,1.506,0.05,0.05,0.0,clear,sweep + rejection + CHoCH + displacement,497.2531
2022-01-18 14:56:00+00:00,2022-01-18 21:00:00+00:00,XAUUSD,LONG,LIQUIDITY_REVERSAL,LIQUIDITY_REVERSAL,0.7,75.0,B,OVERLAP,1818.516,1801.609,1839.65,1839.65,1813.321,SESSION_END,0.001,1.6907,0.34,16.907,-0.5195,-0.3073,0.091,0.475,364,0.504,2.504,0.05,0.05,0.0,clear,sweep + rejection + CHoCH + displacement,496.7336
2022-01-24 13:48:00+00:00,2022-01-24 21:00:00+00:00,XAUUSD,SHORT,LIQUIDITY_REVERSAL,LIQUIDITY_REVERSAL,1.0,75.0,B,OVERLAP,1836.786,1852.939,1816.594,1816.594,1842.215,SESSION_END,0.001,1.6153,0.3252,16.153,-0.5429,-0.3361,0.447,0.384,432,0.285,1.688,0.05,0.05,0.0,clear,sweep + rejection + CHoCH + displacement,496.1907
2022-01-25 15:36:00+00:00,2022-01-25 21:00:00+00:00,XAUUSD,LONG,TREND_CONTINUATION,BULL,0.844,80.0,B,OVERLAP,1846.009,1832.105,1863.389,1863.389,1846.895,SESSION_END,0.001,1.3904,0.2802,13.904,0.0886,0.0637,0.557,0.071,324,0.402,2.722,0.05,0.05,0.0,clear,trend pullback + LTF BOS,496.2792
2022-01-27 11:59:00+00:00,2022-01-27 13:51:00+00:00,XAUUSD,LONG,LIQUIDITY_REVERSAL,LIQUIDITY_REVERSAL,0.7,85.0,A,LONDON,1811.047,1801.532,1822.94,1822.94,1801.268,STOP,0.002,1.9029,0.3834,9.514,-1.9558,-1.0278,0.27,1.011,112,0.245,1.355,0.05,0.12,0.0,clear,sweep + rejection + CHoCH + displacement,494.3234
2022-01-31 12:21:00+00:00,2022-01-31 14:39:00+00:00,XAUUSD,SHORT,LIQUIDITY_REVERSAL,CHOPPY,0.555,100.0,A+,OVERLAP,1790.291,1798.838,1779.607,1779.607,1799.106,STOP,0.002,1.7095,0.3458,8.547,-1.7631,-1.0314,0.096,1.085,138,0.214,1.009,0.05,0.12,0.0,clear,sweep + rejection + CHoCH + displacement,492.5604
2022-02-04 14:20:00+00:00,2022-02-04 18:00:00+00:00,XAUUSD,LONG,LIQUIDITY_REVERSAL,LIQUIDITY_REVERSAL,0.7,90.0,A+,OVERLAP,1800.808,1777.623,1829.789,1829.789,1806.125,SESSION_END,0.001,2.3185,0.4707,23.185,0.5317,0.2293,0.412,0.09,220,0.56,3.116,0.05,0.05,0.0,clear,sweep + rejection + CHoCH + displacement,493.0921
2022-02-14 07:23:00+00:00,2022-02-14 14:33:00+00:00,XAUUSD,LONG,LIQUIDITY_REVERSAL,LIQUIDITY_REVERSAL,0.8,100.0,A+,LONDON,1854.292,1844.91,1866.02,1866.02,1865.886,TP2,0.002,1.8764,0.3805,9.382,2.3187,1.2357,1.295,0.326,430,0.209,0.949,0.05,0.0,0.0,clear,sweep + rejection + CHoCH + displacement,495.4108
2022-02-14 14:40:00+00:00,2022-02-14 21:00:00+00:00,XAUUSD,SHORT,LIQUIDITY_REVERSAL,LIQUIDITY_REVERSAL,0.7,75.0,B,OVERLAP,1860.298,1876.665,1839.838,1839.838,1872.012,SESSION_END,0.001,1.6368,0.3304,16.368,-1.1714,-0.7157,0.007,0.838,380,0.321,2.386,0.05,0.05,0.0,clear,sweep + rejection + CHoCH + displacement,494.2393
2022-02-21 12:01:00+00:00,2022-02-21 19:01:00+00:00,XAUUSD,SHORT,LIQUIDITY_REVERSAL,LIQUIDITY_REVERSAL,1.0,85.0,A,OVERLAP,1894.256,1905.514,1880.184,1880.184,1905.766,STOP,0.002,2.2515,0.4556,11.258,-2.3019,-1.0224,0.17,1.006,420,0.203,1.21,0.05,0.12,0.0,clear,sweep + rejection + CHoCH + displacement,491.9374
2022-02-23 20:51:00+00:00,2022-02-23 21:00:00+00:00,XAUUSD,LONG,LIQUIDITY_REVERSAL,LIQUIDITY_REVERSAL,1.0,100.0,A+,NEWYORK,1908.639,1897.859,1922.114,1922.114,1908.437,SESSION_END,0.002,2.1559,0.4383,10.78,-0.0404,-0.0187,0.151,0.059,9,0.242,1.19,0.05,0.05,0.0,clear,sweep + rejection + CHoCH + displacement,491.897
2022-02-25 07:01:00+00:00,2022-02-25 08:16:00+00:00,XAUUSD,LONG,BREAKOUT,COMPRESSION,0.979,80.0,B,LONDON,1918.975,1910.441,1929.643,1929.643,1910.231,STOP,0.002,1.7068,0.347,8.534,-1.7488,-1.0246,0.26,1.184,75,0.154,1.348,0.05,0.12,0.0,clear,compression -> confirmed range break + momentum,490.1482
2022-03-01 10:31:00+00:00,2022-03-01 16:49:00+00:00,XAUUSD,LONG,BREAKOUT,STRONG_BULL,0.901,85.0,A,LONDON,1920.961,1910.349,1934.226,1934.226,1934.062,TP2,0.002,2.1224,0.433,10.612,2.6202,1.2346,1.257,0.928,378,0.226,1.771,0.05,0.0,0.0,clear,compression -> confirmed range break + momentum,492.7684
2022-03-02 13:06:00+00:00,2022-03-02 21:00:00+00:00,XAUUSD,LONG,LIQUIDITY_REVERSAL,LIQUIDITY_REVERSAL,1.0,100.0,A+,OVERLAP,1929.441,1914.2,1948.493,1948.493,1926.263,SESSION_END,0.001,1.5241,0.3093,15.241,-0.3179,-0.2085,0.399,0.948,474,0.239,2.481,0.05,0.05,0.0,clear,sweep + rejection + CHoCH + displacement,492.4506
2022-03-03 07:22:00+00:00,2022-03-03 11:31:00+00:00,XAUUSD,SHORT,LIQUIDITY_REVERSAL,CHOPPY,0.601,80.0,B,LONDON,1925.266,1936.124,1911.693,1911.693,1936.344,STOP,0.002,2.1717,0.441,10.858,-2.2156,-1.0202,0.157,1.027,249,0.186,1.333,0.05,0.12,0.0,clear,sweep + rejection + CHoCH + displacement,490.235
2022-03-03 13:22:00+00:00,2022-03-03 16:22:00+00:00,XAUUSD,LONG,LIQUIDITY_REVERSAL,LIQUIDITY_REVERSAL,0.7,100.0,A+,OVERLAP,1933.222,1923.227,1945.717,1945.717,1922.961,STOP,0.002,1.9991,0.4078,9.996,-2.0522,-1.0265,0.162,1.001,180,0.211,1.876,0.05,0.12,0.0,clear,sweep + rejection + CHoCH + displacement,488.1828
2022-03-04 15:10:00+00:00,2022-03-04 18:00:00+00:00,XAUUSD,SHORT,LIQUIDITY_REVERSAL,LIQUIDITY_REVERSAL,1.0,80.0,B,OVERLAP,1950.467,1974.494,1920.432,1920.432,1962.148,SESSION_END,0.001,2.4027,0.4922,24.027,-1.1682,-0.4862,0.0,0.631,170,0.363,3.949,0.05,0.05,0.0,clear,sweep + rejection + CHoCH + displacement,487.0146
2022-03-09 07:44:00+00:00,2022-03-09 09:18:00+00:00,XAUUSD,SHORT,BREAKOUT,COMPRESSION,0.963,55.0,NO_TRADE,LONDON,2042.532,2052.669,2029.861,2029.861,2029.987,TP2,0.002,2.0273,0.4163,10.137,2.5091,1.2376,1.265,0.659,94,0.231,2.969,0.05,0.0,0.0,clear,compression -> confirmed range break + momentum,489.5237
2022-03-10 06:29:00+00:00,2022-03-10 07:59:00+00:00,XAUUSD,LONG,BREAKOUT,COMPRESSION,0.995,65.0,NO_TRADE,ASIA,1987.491,1976.008,2001.845,2001.845,1975.787,STOP,0.002,2.2966,0.4692,11.483,-2.3408,-1.0192,0.129,1.157,90,0.306,1.76,0.05,0.12,0.0,clear,compression -> confirmed range break + momentum,487.1829
2022-03-10 08:07:00+00:00,2022-03-10 16:07:00+00:00,XAUUSD,LONG,LIQUIDITY_REVERSAL,LIQUIDITY_REVERSAL,0.7,80.0,B,LONDON,1982.602,1960.045,2010.799,2010.799,1998.982,TIME,0.001,2.2557,0.463,22.557,1.638,0.7262,1.173,0.268,480,0.225,2.904,0.05,0.05,0.0,clear,sweep + rejection + CHoCH + displacement,488.8209
2022-03-11 01:09:00+00:00,2022-03-11 09:09:00+00:00,XAUUSD,SHORT,BREAKOUT,COMPRESSION,0.979,80.0,B,ASIA,1990.158,2000.575,1977.137,1977.137,1992.247,TIME,0.002,2.0834,0.4262,10.417,-0.4179,-0.2006,0.894,0.597,480,0.288,1.668,0.05,0.05,0.0,clear,compression -> confirmed range break + momentum,488.403
2022-03-14 11:27:00+00:00,2022-03-14 19:27:00+00:00,XAUUSD,SHORT,BREAKOUT,BEAR,0.938,70.0,NO_TRADE,LONDON,1957.219,1969.238,1942.196,1942.196,1952.305,TIME,0.002,2.4037,0.4922,12.018,0.9828,0.4089,0.632,0.887,480,0.257,2.623,0.05,0.05,0.0,clear,compression -> confirmed range break + momentum,489.3858
2022-03-15 01:21:00+00:00,2022-03-15 09:21:00+00:00,XAUUSD,SHORT,BREAKOUT,STRONG_BEAR,0.952,85.0,A,ASIA,1943.189,1958.902,1923.547,1923.547,1931.54,TIME,0.001,1.5713,0.3211,15.713,1.1649,0.7414,1.169,0.137,480,0.386,2.054,0.05,0.05,0.0,clear,compression -> confirmed range break + momentum,490.5507
2022-03-15 12:26:00+00:00,2022-03-15 20:26:00+00:00,XAUUSD,SHORT,TREND_CONTINUATION,BEAR,0.644,100.0,A+,OVERLAP,1921.904,1940.387,1898.8,1898.8,1914.806,TIME,0.001,1.8483,0.3768,18.483,0.7098,0.384,0.809,0.487,480,0.238,2.674,0.05,0.05,0.0,clear,trend pullback + LTF BOS,491.2605
2022-03-16 18:06:00+00:00,2022-03-16 22:00:00+00:00,XAUUSD,LONG,LIQUIDITY_REVERSAL,LIQUIDITY_REVERSAL,1.0,85.0,A,NEWYORK,1912.462,1888.575,1942.32,1942.32,1927.049,SESSION_END,0.001,2.3887,0.4862,23.887,1.4587,0.6107,0.706,0.733,174,0.287,2.546,0.05,0.05,0.0,clear,sweep + rejection + CHoCH + displacement,492.7193
2022-03-22 10:11:00+00:00,2022-03-22 14:04:00+00:00,XAUUSD,LONG,LIQUIDITY_REVERSAL,LIQUIDITY_REVERSAL,0.8,100.0,A+,LONDON,1928.294,1916.92,1942.512,1942.512,1916.654,STOP,0.002,2.2748,0.4617,11.374,-2.3281,-1.0234,0.221,1.145,233,0.263,1.672,0.05,0.12,0.0,clear,sweep + rejection + CHoCH + displacement,490.3912
2022-03-23 11:28:00+00:00,2022-03-23 19:28:00+00:00,XAUUSD,SHORT,LIQUIDITY_REVERSAL,LIQUIDITY_REVERSAL,0.8,100.0,A+,LONDON,1929.552,1943.598,1911.994,1911.994,1941.557,TIME,0.001,1.4046,0.2864,14.046,-1.2005,-0.8547,0.336,0.893,480,0.252,1.493,0.05,0.05,0.0,clear,sweep + rejection + CHoCH + displacement,489.1906
2022-03-28 11:52:00+00:00,2022-03-28 13:16:00+00:00,XAUUSD,SHORT,TREND_CONTINUATION,STRONG_BEAR,0.967,85.0,A,LONDON,1929.183,1939.769,1915.95,1915.95,1940.027,STOP,0.002,2.1172,0.4328,10.586,-2.1689,-1.0244,0.22,1.222,84,0.251,1.653,0.05,0.12,0.0,clear,trend pullback + LTF BOS,487.0218
2022-04-06 19:40:00+00:00,2022-04-06 21:00:00+00:00,XAUUSD,SHORT,LIQUIDITY_REVERSAL,LIQUIDITY_REVERSAL,0.7,75.0,B,NEWYORK,1918.742,1938.156,1894.474,1894.474,1926.339,SESSION_END,0.001,1.9414,0.3986,19.414,-0.7598,-0.3913,0.042,0.432,80,0.433,3.49,0.05,0.05,0.0,clear,sweep + rejection + CHoCH + displacement,486.262
2022-04-07 15:37:00+00:00,2022-04-07 21:00:00+00:00,XAUUSD,LONG,TREND_CONTINUATION,BULL,0.826,85.0,A,OVERLAP,1935.213,1920.928,1953.069,1953.069,1931.171,SESSION_END,0.001,1.4285,0.2938,14.285,-0.4042,-0.283,0.175,0.407,323,0.29,2.392,0.05,0.05,0.0,clear,trend pullback + LTF BOS,485.8578
2022-04-08 15:07:00+00:00,2022-04-08 18:00:00+00:00,XAUUSD,LONG,BREAKOUT,EXPANSION,0.887,65.0,NO_TRADE,OVERLAP,1943.73,1930.898,1959.771,1959.771,1941.165,SESSION_END,0.001,1.2833,0.2641,12.833,-0.2566,-0.1999,0.34,0.269,173,0.345,2.551,0.05,0.05,0.0,clear,compression -> confirmed range break + momentum,485.6012
2022-04-13 13:07:00+00:00,2022-04-13 21:00:00+00:00,XAUUSD,LONG,TREND_CONTINUATION,BULL,0.882,85.0,A,OVERLAP,1979.689,1969.053,1992.983,1992.983,1976.656,SESSION_END,0.002,2.1271,0.438,10.635,-0.6066,-0.2852,0.169,0.749,473,0.222,1.496,0.05,0.05,0.0,clear,trend pullback + LTF BOS,484.9946
2022-04-19 13:41:00+00:00,2022-04-19 15:39:00+00:00,XAUUSD,SHORT,LIQUIDITY_REVERSAL,LIQUIDITY_REVERSAL,1.0,85.0,A,OVERLAP,1974.835,1993.306,1951.747,1951.747,1951.933,TP2,0.001,1.8471,0.3808,18.471,2.2902,1.2399,1.272,0.0,118,0.273,1.917,0.05,0.0,0.0,clear,sweep + rejection + CHoCH + displacement,487.2848
2022-04-21 12:16:00+00:00,2022-04-21 13:53:00+00:00,XAUUSD,SHORT,BREAKOUT,STRONG_BEAR,0.951,85.0,A,OVERLAP,1939.902,1948.811,1928.767,1928.767,1949.073,STOP,0.002,1.7817,0.3656,8.909,-1.834,-1.0294,0.367,1.024,97,0.231,1.725,0.05,0.12,0.0,clear,compression -> confirmed range break + momentum,485.4508
2022-04-26 08:26:00+00:00,2022-04-26 16:26:00+00:00,XAUUSD,SHORT,BREAKOUT,COMPRESSION,0.979,85.0,A,LONDON,1897.808,1912.494,1879.451,1879.451,1901.74,TIME,0.001,1.4686,0.3025,14.686,-0.3932,-0.2678,0.15,0.906,480,0.231,1.633,0.05,0.05,0.0,clear,compression -> confirmed range break + momentum,485.0575
2022-05-02 10:06:00+00:00,2022-05-02 13:39:00+00:00,XAUUSD,SHORT,BREAKOUT,STRONG_BEAR,1.0,100.0,A+,LONDON,1878.335,1887.552,1866.813,1866.813,1866.963,TP2,0.002,1.8435,0.3801,9.217,2.2744,1.2337,1.353,0.421,213,0.236,1.599,0.05,0.0,0.0,clear,compression -> confirmed range break + momentum,487.3319
2022-05-02 16:16:00+00:00,2022-05-02 21:00:00+00:00,XAUUSD,SHORT,TREND_CONTINUATION,STRONG_BEAR,1.0,85.0,A,NEWYORK,1860.124,1873.348,1843.594,1843.594,1862.19,SESSION_END,0.001,1.3224,0.2714,13.224,-0.2066,-0.1562,0.029,0.899,284,0.358,2.548,0.05,0.05,0.0,clear,trend pullback + LTF BOS,487.1253
2022-05-04 08:01:00+00:00,2022-05-04 16:01:00+00:00,XAUUSD,LONG,BREAKOUT,COMPRESSION,0.947,70.0,NO_TRADE,LONDON,1866.949,1857.637,1878.59,1878.59,1866.783,TIME,0.002,1.8625,0.3824,9.313,-0.0333,-0.0179,0.543,0.581,480,0.243,1.226,0.05,0.05,0.0,clear,compression -> confirmed range break + momentum,487.092
2022-05-06 14:52:00+00:00,2022-05-06 18:00:00+00:00,XAUUSD,LONG,LIQUIDITY_REVERSAL,LIQUIDITY_REVERSAL,1.0,85.0,A,OVERLAP,1882.897,1860.033,1911.477,1911.477,1888.218,SESSION_END,0.001,2.2864,0.4694,22.864,0.5321,0.2327,0.414,0.142,188,0.339,3.283,0.05,0.05,0.0,clear,sweep + rejection + CHoCH + displacement,487.624
2022-05-10 19:41:00+00:00,2022-05-10 21:00:00+00:00,XAUUSD,SHORT,TREND_CONTINUATION,STRONG_BEAR,0.898,85.0,A,NEWYORK,1842.716,1853.601,1829.109,1829.109,1838.643,SESSION_END,0.002,2.1771,0.4465,10.885,0.8146,0.3742,0.673,0.125,79,0.255,1.616,0.05,0.05,0.0,clear,trend pullback + LTF BOS,488.4386
2022-05-12 11:46:00+00:00,2022-05-12 17:52:00+00:00,XAUUSD,SHORT,LIQUIDITY_REVERSAL,LIQUIDITY_REVERSAL,0.8,100.0,A+,LONDON,1846.86,1860.546,1829.753,1829.753,1829.887,TP2,0.001,1.3686,0.2802,13.686,1.6973,1.2402,1.348,0.18,366,0.286,1.973,0.05,0.0,0.0,clear,sweep + rejection + CHoCH + displacement,490.136
2022-05-18 08:09:00+00:00,2022-05-18 16:09:00+00:00,XAUUSD,LONG,LIQUIDITY_REVERSAL,LIQUIDITY_REVERSAL,0.7,85.0,A,LONDON,1813.57,1802.285,1827.677,1827.677,1815.92,TIME,0.002,2.257,0.4605,11.285,0.4698,0.2082,0.6,0.562,480,0.225,1.268,0.05,0.05,0.0,clear,sweep + rejection + CHoCH + displacement,490.6058
2022-05-24 13:22:00+00:00,2022-05-24 14:46:00+00:00,XAUUSD,SHORT,LIQUIDITY_REVERSAL,LIQUIDITY_REVERSAL,1.0,85.0,A,OVERLAP,1855.969,1865.252,1844.366,1844.366,1865.503,STOP,0.002,1.8565,0.3784,9.282,-1.9068,-1.0271,0.211,1.097,84,0.198,1.118,0.05,0.12,0.0,clear,sweep + rejection + CHoCH + displacement,488.699
2022-05-26 10:51:00+00:00,2022-05-26 18:51:00+00:00,XAUUSD,LONG,LIQUIDITY_REVERSAL,BEAR,0.89,85.0,A,LONDON,1846.372,1836.913,1858.196,1858.196,1849.611,TIME,0.002,1.8918,0.3871,9.459,0.6477,0.3424,0.739,0.589,480,0.249,1.263,0.05,0.05,0.0,clear,sweep + rejection + CHoCH + displacement,489.3467
2022-05-31 12:16:00+00:00,2022-05-31 20:02:00+00:00,XAUUSD,LONG,LIQUIDITY_REVERSAL,LIQUIDITY_REVERSAL,0.7,80.0,B,OVERLAP,1850.635,1839.669,1864.342,1864.342,1839.417,STOP,0.002,2.1931,0.4482,10.966,-2.2436,-1.023,0.427,1.028,466,0.274,1.55,0.05,0.12,0.0,clear,sweep + rejection + CHoCH + displacement,487.1031
2022-06-01 13:15:00+00:00,2022-06-01 13:57:00+00:00,XAUUSD,LONG,LIQUIDITY_REVERSAL,LIQUIDITY_REVERSAL,0.7,85.0,A,OVERLAP,1832.386,1822.815,1844.35,1844.35,1844.203,TP2,0.002,1.9143,0.393,9.571,2.3634,1.2346,1.278,0.0,42,0.216,1.265,0.05,0.0,0.0,clear,sweep + rejection + CHoCH + displacement,489.4665
2022-06-06 13:26:00+00:00,2022-06-06 21:00:00+00:00,XAUUSD,SHORT,LIQUIDITY_REVERSAL,LIQUIDITY_REVERSAL,0.7,100.0,A+,OVERLAP,1852.393,1866.383,1834.906,1834.906,1842.387,SESSION_END,0.001,1.399,0.2858,13.99,1.0007,0.7153,0.845,0.149,454,0.27,1.383,0.05,0.05,0.0,clear,sweep + rejection + CHoCH + displacement,490.4671
2022-06-14 12:21:00+00:00,2022-06-14 20:06:00+00:00,XAUUSD,SHORT,TREND_CONTINUATION,BEAR,0.913,100.0,A+,OVERLAP,1820.816,1832.777,1805.866,1805.866,1805.971,TP2,0.002,2.3921,0.4877,11.961,2.9691,1.2412,1.272,0.175,465,0.223,1.847,0.05,0.0,0.0,clear,trend pullback + LTF BOS,493.4363
2022-06-15 08:51:00+00:00,2022-06-15 12:20:00+00:00,XAUUSD,SHORT,LIQUIDITY_REVERSAL,LIQUIDITY_REVERSAL,1.0,100.0,A+,LONDON,1819.549,1831.367,1804.777,1804.777,1831.603,STOP,0.002,2.3636,0.479,11.818,-2.4109,-1.02,0.192,1.093,209,0.258,1.718,0.05,0.12,0.0,clear,sweep + rejection + CHoCH + displacement,491.0254
2022-06-15 19:10:00+00:00,2022-06-15 19:38:00+00:00,XAUUSD,SHORT,LIQUIDITY_REVERSAL,LIQUIDITY_REVERSAL,1.0,100.0,A+,NEWYORK,1818.473,1832.181,1801.337,1801.337,1832.506,STOP,0.001,1.3709,0.2792,13.709,-1.4033,-1.0237,0.035,1.133,28,0.331,2.426,0.05,0.12,0.0,clear,sweep + rejection + CHoCH + displacement,489.622
2022-06-20 08:11:00+00:00,2022-06-20 16:11:00+00:00,XAUUSD,SHORT,LIQUIDITY_REVERSAL,CHOPPY,0.566,85.0,A,LONDON,1840.644,1849.765,1829.244,1829.244,1837.955,TIME,0.002,1.8241,0.3726,9.121,0.5379,0.2949,0.523,0.329,480,0.219,1.201,0.05,0.05,0.0,clear,sweep + rejection + CHoCH + displacement,490.1599
2022-06-27 09:27:00+00:00,2022-06-27 15:00:00+00:00,XAUUSD,LONG,LIQUIDITY_REVERSAL,LIQUIDITY_REVERSAL,0.7,100.0,A+,LONDON,1837.759,1826.947,1851.274,1851.274,1826.695,STOP,0.002,2.1625,0.4412,10.812,-2.2127,-1.0232,0.245,1.109,333,0.282,1.55,0.05,0.12,0.0,clear,sweep + rejection + CHoCH + displacement,487.9472
2022-06-28 13:01:00+00:00,2022-06-28 21:00:00+00:00,XAUUSD,LONG,LIQUIDITY_REVERSAL,LIQUIDITY_REVERSAL,1.0,75.0,B,OVERLAP,1825.506,1813.71,1840.25,1840.25,1819.007,SESSION_END,0.002,2.3591,0.4835,11.795,-1.2997,-0.5509,0.098,0.614,479,0.235,1.276,0.05,0.05,0.0,clear,sweep + rejection + CHoCH + displacement,486.6475
2022-07-08 13:36:00+00:00,2022-07-08 18:00:00+00:00,XAUUSD,SHORT,LIQUIDITY_REVERSAL,CHOPPY,0.582,90.0,A+,OVERLAP,1741.335,1752.802,1727.001,1727.001,1742.919,SESSION_END,0.002,2.2934,0.4587,11.467,-0.3169,-0.1382,0.628,0.964,264,0.326,2.303,0.05,0.05,0.0,clear,sweep + rejection + CHoCH + displacement,499.6831
2022-07-14 13:25:00+00:00,2022-07-14 21:00:00+00:00,XAUUSD,SHORT,TREND_CONTINUATION,STRONG_BEAR,0.966,85.0,A,OVERLAP,1710.019,1725.375,1690.825,1690.825,1709.727,SESSION_END,0.001,1.5356,0.3073,15.356,0.0292,0.019,0.819,0.319,455,0.298,2.245,0.05,0.05,0.0,clear,trend pullback + LTF BOS,499.7124
2022-07-15 13:36:00+00:00,2022-07-15 18:00:00+00:00,XAUUSD,LONG,LIQUIDITY_REVERSAL,LIQUIDITY_REVERSAL,1.0,75.0,B,OVERLAP,1704.667,1691.913,1720.61,1720.61,1704.831,SESSION_END,0.001,1.2754,0.2552,12.754,0.0164,0.0128,0.729,0.448,264,0.241,1.738,0.05,0.05,0.0,clear,sweep + rejection + CHoCH + displacement,499.7288
2022-07-25 11:01:00+00:00,2022-07-25 14:11:00+00:00,XAUUSD,LONG,BREAKOUT,BULL,0.985,85.0,A,LONDON,1734.842,1722.601,1750.143,1750.143,1722.366,STOP,0.002,2.4481,0.4899,12.241,-2.4952,-1.0192,0.0,1.017,190,0.272,1.459,0.05,0.12,0.0,clear,compression -> confirmed range break + momentum,497.2336
2022-07-27 13:36:00+00:00,2022-07-27 19:40:00+00:00,XAUUSD,SHORT,LIQUIDITY_REVERSAL,LIQUIDITY_REVERSAL,1.0,100.0,A+,OVERLAP,1718.94,1729.914,1705.222,1705.222,1730.267,STOP,0.002,2.1949,0.4414,10.974,-2.2655,-1.0322,0.695,1.223,364,0.236,1.263,0.05,0.12,0.0,clear,sweep + rejection + CHoCH + displacement,494.9681
2022-07-28 08:11:00+00:00,2022-07-28 16:01:00+00:00,XAUUSD,LONG,BREAKOUT,BULL,0.923,80.0,B,LONDON,1743.4,1733.392,1755.91,1755.91,1755.685,TP2,0.002,2.0016,0.4044,10.008,2.4571,1.2275,1.312,0.74,470,0.252,1.223,0.05,0.0,0.0,clear,compression -> confirmed range break + momentum,497.4252
2022-07-29 07:11:00+00:00,2022-07-29 10:49:00+00:00,XAUUSD,LONG,BREAKOUT,STRONG_BULL,1.0,85.0,A,LONDON,1766.354,1757.806,1777.039,1777.039,1757.558,STOP,0.002,1.7096,0.3437,8.548,-1.7592,-1.029,0.167,1.007,218,0.22,1.1,0.05,0.12,0.0,clear,compression -> confirmed range break + momentum,495.666
2022-07-29 11:01:00+00:00,2022-07-29 18:00:00+00:00,XAUUSD,LONG,LIQUIDITY_REVERSAL,LIQUIDITY_REVERSAL,0.7,90.0,A+,LONDON,1760.284,1749.382,1773.912,1773.912,1763.279,SESSION_END,0.002,2.1805,0.4399,10.902,0.599,0.2747,0.625,0.766,419,0.271,1.555,0.05,0.05,0.0,clear,sweep + rejection + CHoCH + displacement,496.2651
2022-08-01 09:02:00+00:00,2022-08-01 10:56:00+00:00,XAUUSD,SHORT,LIQUIDITY_REVERSAL,CHOPPY,0.554,85.0,A,LONDON,1762.389,1772.014,1750.357,1750.357,1772.269,STOP,0.002,1.9251,0.3879,9.626,-1.976,-1.0264,0.027,1.017,114,0.253,1.235,0.05,0.12,0.0,clear,sweep + rejection + CHoCH + displacement,494.2891
2022-08-12 13:13:00+00:00,2022-08-12 18:00:00+00:00,XAUUSD,LONG,LIQUIDITY_REVERSAL,CHOPPY,0.554,85.0,A,OVERLAP,1788.92,1778.013,1802.554,1802.554,1797.128,SESSION_END,0.002,2.1815,0.4413,10.907,1.6415,0.7525,0.892,0.076,287,0.252,1.338,0.05,0.05,0.0,clear,sweep + rejection + CHoCH + displacement,495.9305
2022-08-23 13:43:00+00:00,2022-08-23 21:00:00+00:00,XAUUSD,LONG,LIQUIDITY_REVERSAL,LIQUIDITY_REVERSAL,0.7,75.0,B,OVERLAP,1736.368,1721.46,1755.002,1755.002,1746.577,SESSION_END,0.001,1.4908,0.3006,14.908,1.021,0.6849,1.181,0.062,437,0.28,1.612,0.05,0.05,0.0,clear,sweep + rejection + CHoCH + displacement,496.9515
2022-09-02 13:36:00+00:00,2022-09-02 18:00:00+00:00,XAUUSD,LONG,LIQUIDITY_REVERSAL,LIQUIDITY_REVERSAL,0.7,85.0,A,OVERLAP,1708.654,1696.565,1723.765,1723.765,1713.544,SESSION_END,0.002,2.4177,0.4865,12.089,0.9781,0.4046,0.763,0.373,264,0.292,1.61,0.05,0.05,0.0,clear,sweep + rejection + CHoCH + displacement,497.9296
2022-09-07 14:41:00+00:00,2022-09-07 17:42:00+00:00,XAUUSD,LONG,LIQUIDITY_REVERSAL,LIQUIDITY_REVERSAL,1.0,85.0,A,OVERLAP,1700.748,1690.477,1713.588,1713.588,1713.458,TP2,0.002,2.0543,0.4126,10.271,2.5419,1.2374,1.326,0.036,181,0.251,1.565,0.05,0.0,0.0,clear,sweep + rejection + CHoCH + displacement,500.4715
2022-09-13 11:26:00+00:00,2022-09-13 13:34:00+00:00,XAUUSD,SHORT,LIQUIDITY_REVERSAL,LIQUIDITY_REVERSAL,1.0,85.0,A,LONDON,1724.21,1733.242,1712.921,1712.921,1713.031,TP2,0.002,1.8064,0.3609,9.032,2.2358,1.2377,1.369,0.83,128,0.215,0.99,0.05,0.0,0.0,clear,sweep + rejection + CHoCH + displacement,502.7073
2022-09-15 13:35:00+00:00,2022-09-15 15:52:00+00:00,XAUUSD,SHORT,TREND_CONTINUATION,STRONG_BEAR,1.0,100.0,A+,OVERLAP,1683.959,1694.48,1670.808,1670.808,1670.989,TP2,0.002,2.1041,0.4186,10.521,2.594,1.2328,1.554,0.788,137,0.29,1.823,0.05,0.0,0.0,clear,trend pullback + LTF BOS,505.3014
2022-09-20 07:31:00+00:00,2022-09-20 14:30:00+00:00,XAUUSD,LONG,LIQUIDITY_REVERSAL,LIQUIDITY_REVERSAL,1.0,75.0,B,LONDON,1673.802,1664.158,1685.856,1685.856,1663.913,STOP,0.002,1.9287,0.3817,9.644,-1.9778,-1.0255,0.206,1.052,419,0.228,0.992,0.05,0.12,0.0,clear,sweep + rejection + CHoCH + displacement,503.3235
2022-09-27 14:56:00+00:00,2022-09-27 21:00:00+00:00,XAUUSD,LONG,LIQUIDITY_REVERSAL,LIQUIDITY_REVERSAL,0.8,85.0,A,OVERLAP,1639.067,1626.519,1654.753,1654.753,1627.366,SESSION_END,0.002,2.5097,0.4986,12.548,-2.3403,-0.9325,0.014,0.995,364,0.259,2.198,0.05,0.05,0.0,clear,sweep + rejection + CHoCH + displacement,500.9833
2022-09-28 08:16:00+00:00,2022-09-28 13:19:00+00:00,XAUUSD,SHORT,BREAKOUT,STRONG_BEAR,0.956,85.0,A,LONDON,1617.82,1631.686,1600.487,1600.487,1631.955,STOP,0.001,1.3866,0.2768,13.866,-1.4135,-1.0194,0.224,1.032,303,0.26,1.562,0.05,0.12,0.0,clear,compression -> confirmed range break + momentum,499.5698
2022-09-29 15:13:00+00:00,2022-09-29 21:00:00+00:00,XAUUSD,LONG,TREND_CONTINUATION,BULL,0.88,100.0,A+,OVERLAP,1654.809,1642.213,1670.554,1670.554,1660.136,SESSION_END,0.001,1.2596,0.2521,12.596,0.5326,0.4229,0.789,0.821,347,0.282,2.557,0.05,0.05,0.0,clear,trend pullback + LTF BOS,500.1024
2022-09-30 07:22:00+00:00,2022-09-30 15:22:00+00:00,XAUUSD,SHORT,LIQUIDITY_REVERSAL,LIQUIDITY_REVERSAL,0.7,80.0,B,LONDON,1664.877,1674.734,1652.556,1652.556,1671.504,TIME,0.002,1.9714,0.3942,9.857,-1.3254,-0.6723,0.3,0.94,480,0.217,1.178,0.05,0.05,0.0,clear,sweep + rejection + CHoCH + displacement,498.777
2022-10-04 14:22:00+00:00,2022-10-04 15:49:00+00:00,XAUUSD,SHORT,LIQUIDITY_REVERSAL,BULL,0.962,75.0,B,OVERLAP,1708.791,1722.438,1691.732,1691.732,1722.697,STOP,0.001,1.3647,0.2736,13.647,-1.3906,-1.019,0.188,1.015,87,0.247,2.018,0.05,0.12,0.0,clear,sweep + rejection + CHoCH + displacement,497.3864
2022-10-07 14:34:00+00:00,2022-10-07 18:00:00+00:00,XAUUSD,LONG,LIQUIDITY_REVERSAL,BEAR,0.79,70.0,NO_TRADE,OVERLAP,1702.2,1684.849,1723.889,1723.889,1699.213,SESSION_END,0.001,1.7351,0.3488,17.351,-0.2987,-0.1721,0.283,0.485,206,0.412,3.479,0.05,0.05,0.0,clear,sweep + rejection + CHoCH + displacement,497.0877
2022-10-10 08:46:00+00:00,2022-10-10 15:47:00+00:00,XAUUSD,SHORT,TREND_CONTINUATION,STRONG_BEAR,0.97,100.0,A+,LONDON,1683.776,1696.501,1667.869,1667.869,1668.018,TP2,0.001,1.2725,0.256,12.725,1.5757,1.2383,1.256,0.117,421,0.265,1.562,0.05,0.0,0.0,clear,trend pullback + LTF BOS,498.6634
2022-10-13 12:33:00+00:00,2022-10-13 13:30:00+00:00,XAUUSD,LONG,LIQUIDITY_REVERSAL,LIQUIDITY_REVERSAL,0.8,75.0,B,OVERLAP,1677.453,1666.677,1690.923,1690.923,1666.436,STOP,0.002,2.1552,0.4322,10.776,-2.2034,-1.0224,0.453,2.39,57,0.191,1.073,0.05,0.12,0.0,clear,sweep + rejection + CHoCH + displacement,496.46
2022-10-14 12:56:00+00:00,2022-10-14 18:00:00+00:00,XAUUSD,SHORT,LIQUIDITY_REVERSAL,LIQUIDITY_REVERSAL,0.8,100.0,A+,OVERLAP,1654.904,1669.091,1637.17,1637.17,1644.155,SESSION_END,0.001,1.4187,0.2858,14.187,1.0749,0.7576,0.961,0.631,304,0.268,1.822,0.05,0.05,0.0,clear,sweep + rejection + CHoCH + displacement,497.5349
2022-10-20 15:06:00+00:00,2022-10-20 21:00:00+00:00,XAUUSD,LONG,LIQUIDITY_REVERSAL,LIQUIDITY_REVERSAL,1.0,85.0,A,OVERLAP,1636.476,1621.48,1655.221,1655.221,1626.261,SESSION_END,0.001,1.4996,0.3014,14.996,-1.0214,-0.6812,0.598,0.795,354,0.258,1.869,0.05,0.05,0.0,clear,sweep + rejection + CHoCH + displacement,496.5134
2022-10-21 08:23:00+00:00,2022-10-21 14:36:00+00:00,XAUUSD,LONG,LIQUIDITY_REVERSAL,LIQUIDITY_REVERSAL,0.7,85.0,A,LONDON,1621.637,1609.685,1636.577,1636.577,1636.385,TP2,0.002,2.3905,0.4815,11.952,2.9496,1.2339,1.419,0.222,373,0.26,1.418,0.05,0.0,0.0,clear,sweep + rejection + CHoCH + displacement,499.463
2022-10-25 15:26:00+00:00,2022-10-25 21:00:00+00:00,XAUUSD,SHORT,LIQUIDITY_REVERSAL,LIQUIDITY_REVERSAL,0.8,75.0,B,OVERLAP,1655.516,1673.395,1633.167,1633.167,1653.762,SESSION_END,0.001,1.7879,0.358,17.879,0.1754,0.0981,0.202,0.15,334,0.342,2.6,0.05,0.05,0.0,clear,sweep + rejection + CHoCH + displacement,499.6384
2022-11-09 20:06:00+00:00,2022-11-09 21:00:00+00:00,XAUUSD,LONG,LIQUIDITY_REVERSAL,LIQUIDITY_REVERSAL,0.8,90.0,A+,NEWYORK,1706.136,1695.177,1719.834,1719.834,1704.524,SESSION_END,0.002,2.1918,0.4387,10.959,-0.3224,-0.1471,0.105,0.172,54,0.276,1.489,0.05,0.05,0.0,clear,sweep + rejection + CHoCH + displacement,499.316
2022-11-22 14:41:00+00:00,2022-11-22 21:00:00+00:00,XAUUSD,LONG,LIQUIDITY_REVERSAL,LIQUIDITY_REVERSAL,0.7,85.0,A,OVERLAP,1745.31,1735.306,1757.816,1757.816,1738.92,SESSION_END,0.002,2.0009,0.4007,10.005,-1.278,-0.6387,0.127,0.844,379,0.244,1.376,0.05,0.05,0.0,clear,sweep + rejection + CHoCH + displacement,498.038
2022-11-30 13:22:00+00:00,2022-11-30 15:00:00+00:00,XAUUSD,LONG,TREND_CONTINUATION,BULL,0.575,90.0,A+,OVERLAP,1762.667,1753.394,1774.259,1774.259,1753.097,STOP,0.002,1.8546,0.3724,9.273,-1.9141,-1.0321,0.203,1.019,98,0.239,1.362,0.05,0.12,0.0,clear,trend pullback + LTF BOS,496.1238
2022-11-30 18:33:00+00:00,2022-11-30 19:41:00+00:00,XAUUSD,SHORT,LIQUIDITY_REVERSAL,LIQUIDITY_REVERSAL,0.7,75.0,B,NEWYORK,1751.123,1764.673,1734.186,1734.186,1765.017,STOP,0.001,1.355,0.2731,13.55,-1.3894,-1.0254,0.0,1.044,68,0.31,1.537,0.05,0.12,0.0,clear,sweep + rejection + CHoCH + displacement,494.7344
2022-12-01 13:33:00+00:00,2022-12-01 14:49:00+00:00,XAUUSD,LONG,BREAKOUT,BULL,0.974,70.0,NO_TRADE,OVERLAP,1789.158,1779.816,1800.835,1800.835,1800.674,TP2,0.002,1.8684,0.3777,9.342,2.3032,1.2327,1.301,0.351,76,0.222,1.314,0.05,0.0,0.0,clear,compression -> confirmed range break + momentum,497.0376
2022-12-07 15:37:00+00:00,2022-12-07 21:00:00+00:00,XAUUSD,SHORT,LIQUIDITY_REVERSAL,LIQUIDITY_REVERSAL,0.8,95.0,A+,OVERLAP,1778.46,1802.75,1748.099,1748.099,1787.981,SESSION_END,0.001,2.4289,0.4887,24.289,-0.9521,-0.392,0.096,0.49,323,0.355,2.483,0.05,0.05,0.0,clear,sweep + rejection + CHoCH + displacement,496.0855
2022-12-12 14:51:00+00:00,2022-12-12 19:12:00+00:00,XAUUSD,LONG,LIQUIDITY_REVERSAL,LIQUIDITY_REVERSAL,0.7,100.0,A+,OVERLAP,1789.479,1777.602,1804.326,1804.326,1777.35,STOP,0.002,2.3755,0.4788,11.877,-2.4259,-1.0212,0.047,1.016,261,0.303,1.778,0.05,0.12,0.0,clear,sweep + rejection + CHoCH + displacement,493.6596
2022-12-16 07:22:00+00:00,2022-12-16 14:56:00+00:00,XAUUSD,SHORT,LIQUIDITY_REVERSAL,LIQUIDITY_REVERSAL,1.0,85.0,A,LONDON,1781.318,1790.623,1769.686,1769.686,1790.879,STOP,0.002,1.8611,0.377,9.305,-1.9123,-1.0275,0.764,1.126,454,0.201,0.941,0.05,0.12,0.0,clear,sweep + rejection + CHoCH + displacement,491.7473
2022-12-21 07:32:00+00:00,2022-12-21 15:32:00+00:00,XAUUSD,LONG,LIQUIDITY_REVERSAL,LIQUIDITY_REVERSAL,1.0,90.0,A+,LONDON,1815.5,1805.898,1827.502,1827.502,1820.491,TIME,0.002,1.9204,0.3905,9.602,0.9983,0.5198,0.541,0.395,480,0.23,1.044,0.05,0.05,0.0,clear,sweep + rejection + CHoCH + displacement,492.7455
2022-12-28 13:22:00+00:00,2022-12-28 15:58:00+00:00,XAUUSD,LONG,LIQUIDITY_REVERSAL,LIQUIDITY_REVERSAL,0.8,100.0,A+,OVERLAP,1806.973,1798.518,1817.542,1817.542,1798.235,STOP,0.002,1.691,0.3432,8.455,-1.7476,-1.0335,0.281,1.019,156,0.216,1.027,0.05,0.12,0.0,clear,sweep + rejection + CHoCH + displacement,490.9979
2022-12-30 13:28:00+00:00,2022-12-30 18:00:00+00:00,XAUUSD,SHORT,LIQUIDITY_REVERSAL,LIQUIDITY_REVERSAL,1.0,85.0,A,OVERLAP,1816.479,1826.796,1803.583,1803.583,1823.908,SESSION_END,0.002,2.0634,0.4202,10.317,-1.4858,-0.7201,0.225,0.831,272,0.216,1.054,0.05,0.05,0.0,clear,sweep + rejection + CHoCH + displacement,489.5121
2023-01-05 18:25:00+00:00,2023-01-05 21:00:00+00:00,XAUUSD,LONG,LIQUIDITY_REVERSAL,LIQUIDITY_REVERSAL,0.8,85.0,A,NEWYORK,1837.068,1824.007,1853.394,1853.394,1833.049,SESSION_END,0.001,1.3061,0.2612,13.061,-0.4018,-0.3077,0.02,0.405,155,0.265,1.599,0.05,0.05,0.0,clear,sweep + rejection + CHoCH + displacement,499.5982
2023-01-06 13:34:00+00:00,2023-01-06 15:03:00+00:00,XAUUSD,LONG,LIQUIDITY_REVERSAL,CHOPPY,0.617,85.0,A,OVERLAP,1839.109,1826.917,1854.35,1854.35,1854.159,TP2,0.002,2.4385,0.4881,12.193,3.01,1.2344,1.265,0.155,89,0.223,1.366,0.05,0.0,0.0,clear,sweep + rejection + CHoCH + displacement,502.6082
2023-01-17 12:43:00+00:00,2023-01-17 20:43:00+00:00,XAUUSD,SHORT,LIQUIDITY_REVERSAL,LIQUIDITY_REVERSAL,0.8,75.0,B,OVERLAP,1910.104,1919.821,1897.958,1897.958,1908.759,TIME,0.002,1.9433,0.3866,9.717,0.2691,0.1385,0.662,0.663,480,0.208,1.192,0.05,0.05,0.0,clear,sweep + rejection + CHoCH + displacement,502.8772
2023-01-23 11:02:00+00:00,2023-01-23 14:45:00+00:00,XAUUSD,SHORT,LIQUIDITY_REVERSAL,LIQUIDITY_REVERSAL,0.8,85.0,A,LONDON,1924.834,1933.979,1913.403,1913.403,1913.561,TP2,0.002,1.8289,0.3637,9.145,2.2546,1.2328,1.271,0.318,223,0.242,1.258,0.05,0.0,0.0,clear,sweep + rejection + CHoCH + displacement,505.1319
2023-01-26 13:36:00+00:00,2023-01-26 16:24:00+00:00,XAUUSD,SHORT,LIQUIDITY_REVERSAL,LIQUIDITY_REVERSAL,1.0,85.0,A,OVERLAP,1933.686,1945.156,1919.348,1919.348,1919.552,TP2,0.002,2.294,0.4541,11.47,2.8267,1.2322,1.313,0.752,168,0.238,1.649,0.05,0.0,0.0,clear,sweep + rejection + CHoCH + displacement,507.9586
2023-01-27 14:01:00+00:00,2023-01-27 18:00:00+00:00,XAUUSD,SHORT,LIQUIDITY_REVERSAL,LIQUIDITY_REVERSAL,1.0,90.0,A+,OVERLAP,1929.709,1943.581,1912.37,1912.37,1929.345,SESSION_END,0.001,1.3871,0.2731,13.871,0.0364,0.0263,0.95,0.173,239,0.271,1.757,0.05,0.05,0.0,clear,sweep + rejection + CHoCH + displacement,507.995
2023-02-02 07:06:00+00:00,2023-02-02 13:51:00+00:00,XAUUSD,LONG,LIQUIDITY_REVERSAL,LIQUIDITY_REVERSAL,1.0,100.0,A+,LONDON,1954.858,1945.794,1966.188,1966.188,1945.543,STOP,0.002,1.8128,0.3569,9.064,-1.863,-1.0277,0.526,1.056,405,0.22,1.063,0.05,0.12,0.0,clear,sweep + rejection + CHoCH + displacement,506.1321
2023-02-03 11:27:00+00:00,2023-02-03 13:30:00+00:00,XAUUSD,LONG,LIQUIDITY_REVERSAL,LIQUIDITY_REVERSAL,0.7,85.0,A,LONDON,1912.707,1903.41,1924.327,1924.327,1903.185,STOP,0.002,1.8593,0.3674,9.297,-1.9043,-1.0242,0.46,1.664,123,0.223,1.288,0.05,0.12,0.0,clear,sweep + rejection + CHoCH + displacement,504.2278
2023-02-06 08:07:00+00:00,2023-02-06 15:30:00+00:00,XAUUSD,LONG,LIQUIDITY_REVERSAL,LIQUIDITY_REVERSAL,1.0,80.0,B,LONDON,1878.292,1867.413,1891.891,1891.891,1867.164,STOP,0.002,2.1758,0.4315,10.879,-2.2257,-1.0229,0.267,1.047,443,0.234,1.391,0.05,0.12,0.0,clear,sweep + rejection + CHoCH + displacement,502.0021
2023-02-07 12:11:00+00:00,2023-02-07 20:11:00+00:00,XAUUSD,LONG,LIQUIDITY_REVERSAL,LIQUIDITY_REVERSAL,1.0,85.0,A,OVERLAP,1870.676,1857.954,1886.578,1886.578,1868.758,TIME,0.001,1.2722,0.2534,12.722,-0.1918,-0.1508,1.075,0.454,480,0.241,1.694,0.05,0.05,0.0,clear,sweep + rejection + CHoCH + displacement,501.8103
2023-02-08 08:10:00+00:00,2023-02-08 16:10:00+00:00,XAUUSD,SHORT,LIQUIDITY_REVERSAL,LIQUIDITY_REVERSAL,0.7,90.0,A+,LONDON,1880.29,1896.176,1860.433,1860.433,1875.414,TIME,0.001,1.5886,0.3166,15.886,0.4876,0.307,0.717,0.36,480,0.29,1.771,0.05,0.05,0.0,clear,sweep + rejection + CHoCH + displacement,502.2979
2023-02-09 14:36:00+00:00,2023-02-09 21:00:00+00:00,XAUUSD,SHORT,LIQUIDITY_REVERSAL,LIQUIDITY_REVERSAL,1.0,85.0,A,OVERLAP,1881.457,1899.916,1858.383,1858.383,1861.257,SESSION_END,0.001,1.8459,0.3675,18.459,2.02,1.0943,1.224,0.106,384,0.256,1.857,0.05,0.05,0.0,clear,sweep + rejection + CHoCH + displacement,504.3179
2023-02-13 14:43:00+00:00,2023-02-13 21:00:00+00:00,XAUUSD,LONG,LIQUIDITY_REVERSAL,LIQUIDITY_REVERSAL,0.7,85.0,A,OVERLAP,1858.754,1843.669,1877.61,1877.61,1853.645,SESSION_END,0.001,1.5085,0.2991,15.085,-0.5108,-0.3386,0.025,0.559,377,0.257,1.814,0.05,0.05,0.0,clear,sweep + rejection + CHoCH + displacement,503.8071
2023-02-15 13:36:00+00:00,2023-02-15 21:00:00+00:00,XAUUSD,SHORT,TREND_CONTINUATION,STRONG_BEAR,0.939,85.0,A,OVERLAP,1833.27,1842.308,1821.973,1821.973,1837.659,SESSION_END,0.002,1.8076,0.3588,9.038,-0.8777,-0.4856,0.309,0.611,444,0.23,1.597,0.05,0.05,0.0,clear,trend pullback + LTF BOS,502.9294
2023-02-24 07:26:00+00:00,2023-02-24 14:13:00+00:00,XAUUSD,SHORT,BREAKOUT,COMPRESSION,0.968,80.0,B,LONDON,1822.834,1831.761,1811.675,1811.675,1811.806,TP2,0.002,1.7854,0.355,8.927,2.2056,1.2354,1.266,0.298,287,0.223,1.089,0.05,0.0,0.0,clear,compression -> confirmed range break + momentum,505.135
2023-02-27 09:01:00+00:00,2023-02-27 23:00:00+00:00,XAUUSD,SHORT,LIQUIDITY_REVERSAL,LIQUIDITY_REVERSAL,0.8,100.0,A+,LONDON,1809.417,1820.437,1795.642,1795.642,1816.929,SESSION_END,0.002,2.204,0.4363,11.02,-1.5023,-0.6816,0.109,0.965,419,0.235,1.172,0.05,0.05,0.0,clear,sweep + rejection + CHoCH + displacement,503.6328
2023-02-28 13:51:00+00:00,2023-02-28 17:01:00+00:00,XAUUSD,LONG,LIQUIDITY_REVERSAL,LIQUIDITY_REVERSAL,1.0,85.0,A,OVERLAP,1811.852,1799.383,1827.439,1827.439,1827.23,TP2,0.002,2.4938,0.4952,12.469,3.0756,1.2333,1.272,0.004,70,0.234,1.303,0.05,0.0,0.0,clear,sweep + rejection + CHoCH + displacement,506.7083
2023-03-13 07:36:00+00:00,2023-03-13 13:00:00+00:00,XAUUSD,LONG,LIQUIDITY_REVERSAL,LIQUIDITY_REVERSAL,1.0,100.0,A+,LONDON,1876.77,1862.981,1894.006,1894.006,1893.876,TP2,0.001,1.3789,0.2721,13.789,1.7106,1.2406,1.653,0.188,204,0.25,1.686,0.05,0.0,0.0,clear,sweep + rejection + CHoCH + displacement,508.4189
2023-03-17 11:26:00+00:00,2023-03-17 13:53:00+00:00,XAUUSD,LONG,BREAKOUT,STRONG_BULL,0.912,85.0,A,LONDON,1936.446,1924.129,1951.842,1951.842,1951.705,TP2,0.002,2.4634,0.4845,12.317,3.0519,1.2389,1.267,0.216,87,0.215,1.459,0.05,0.0,0.0,clear,compression -> confirmed range break + momentum,511.4708
2023-04-04 07:38:00+00:00,2023-04-04 14:42:00+00:00,XAUUSD,LONG,LIQUIDITY_REVERSAL,LIQUIDITY_REVERSAL,0.7,85.0,A,LONDON,1979.893,1971.717,1990.113,1990.113,1990.003,TP2,0.003,2.4528,0.4796,8.176,3.033,1.2365,1.476,0.181,304,0.196,1.141,0.05,0.0,0.0,clear,sweep + rejection + CHoCH + displacement,514.5037
2023-04-05 08:33:00+00:00,2023-04-05 15:32:00+00:00,XAUUSD,LONG,BREAKOUT,STRONG_BULL,1.0,85.0,A,LONDON,2027.992,2017.792,2040.742,2040.742,2017.476,STOP,0.002,2.04,0.3965,10.2,-2.1032,-1.031,0.385,1.229,299,0.228,1.247,0.05,0.12,0.0,clear,compression -> confirmed range break + momentum,512.4005
2023-04-14 13:36:00+00:00,2023-04-14 13:46:00+00:00,XAUUSD,LONG,LIQUIDITY_REVERSAL,LIQUIDITY_REVERSAL,0.7,80.0,B,OVERLAP,2032.843,2019.49,2049.533,2049.533,2019.157,STOP,0.001,1.3352,0.2606,13.352,-1.3686,-1.0249,0.174,1.039,10,0.335,2.508,0.05,0.12,0.0,clear,sweep + rejection + CHoCH + displacement,511.032
2023-04-19 09:11:00+00:00,2023-04-19 21:00:00+00:00,XAUUSD,SHORT,BREAKOUT,BEAR,0.968,85.0,A,LONDON,1986.213,1999.574,1969.511,1969.511,1995.176,SESSION_END,0.001,1.3361,0.2615,13.361,-0.8963,-0.6708,1.123,0.781,409,0.345,2.206,0.05,0.05,0.0,clear,compression -> confirmed range break + momentum,510.1357
2023-04-27 07:26:00+00:00,2023-04-27 14:00:00+00:00,XAUUSD,LONG,LIQUIDITY_REVERSAL,BULL,0.856,100.0,A+,LONDON,2000.644,1991.381,2012.222,2012.222,1985.527,STOP,0.002,1.8525,0.3631,9.263,-3.0233,-1.632,0.264,1.638,274,0.218,1.318,0.05,5.757299900054932,0.0,clear,sweep + rejection + CHoCH + displacement,507.1124
2023-05-11 13:20:00+00:00,2023-05-11 16:55:00+00:00,XAUUSD,SHORT,LIQUIDITY_REVERSAL,LIQUIDITY_REVERSAL,0.8,75.0,B,OVERLAP,2032.733,2046.582,2015.423,2015.423,2015.659,TP2,0.001,1.3848,0.2731,13.848,1.7074,1.2329,1.271,0.612,95,0.321,2.126,0.05,0.0,0.0,clear,sweep + rejection + CHoCH + displacement,508.8198
2023-05-18 09:01:00+00:00,2023-05-18 15:00:00+00:00,XAUUSD,SHORT,BREAKOUT,BEAR,1.0,85.0,A,LONDON,1973.785,1984.481,1960.415,1960.415,1960.585,TP2,0.002,2.1392,0.4204,10.696,2.6401,1.2342,1.388,0.471,179,0.28,1.371,0.05,0.0,0.0,clear,compression -> confirmed range break + momentum,511.4598
2023-05-23 07:13:00+00:00,2023-05-23 17:43:00+00:00,XAUUSD,LONG,LIQUIDITY_REVERSAL,LIQUIDITY_REVERSAL,1.0,80.0,B,LONDON,1962.76,1953.951,1973.771,1973.771,1973.61,TP2,0.002,1.7618,0.3445,8.809,2.1701,1.2317,1.304,0.985,450,0.21,1.123,0.05,0.0,0.0,clear,sweep + rejection + CHoCH + displacement,513.6299
2023-05-25 13:22:00+00:00,2023-05-25 13:35:00+00:00,XAUUSD,SHORT,LIQUIDITY_REVERSAL,LIQUIDITY_REVERSAL,1.0,100.0,A+,OVERLAP,1959.532,1968.491,1948.335,1948.335,1948.47,TP2,0.002,1.7917,0.3488,8.958,2.2124,1.2349,1.358,0.141,13,0.205,1.213,0.05,0.0,0.0,clear,sweep + rejection + CHoCH + displacement,515.8424
2023-06-05 13:59:00+00:00,2023-06-05 15:03:00+00:00,XAUUSD,LONG,LIQUIDITY_REVERSAL,BEAR,0.967,85.0,A,OVERLAP,1942.889,1930.279,1958.65,1958.65,1958.508,TP2,0.002,2.5219,0.4889,12.609,3.1239,1.2387,1.417,0.026,64,0.228,1.265,0.05,0.0,0.0,clear,sweep + rejection + CHoCH + displacement,518.9663
2023-06-06 14:01:00+00:00,2023-06-07 04:01:00+00:00,XAUUSD,SHORT,LIQUIDITY_REVERSAL,LIQUIDITY_REVERSAL,0.8,90.0,A+,OVERLAP,1961.298,1970.331,1950.006,1950.006,1963.728,TIME,0.002,1.8067,0.3481,9.033,-0.486,-0.269,0.78,0.597,480,0.194,1.022,0.05,0.05,0.0,clear,sweep + rejection + CHoCH + displacement,518.4802
2023-07-14 13:39:00+00:00,2023-07-14 20:00:00+00:00,XAUUSD,SHORT,LIQUIDITY_REVERSAL,LIQUIDITY_REVERSAL,0.7,85.0,A,OVERLAP,1957.409,1970.887,1940.56,1940.56,1959.234,SESSION_END,0.001,1.3479,0.2696,13.479,-0.1825,-0.1354,0.485,0.233,141,0.253,1.336,0.05,0.05,0.0,clear,sweep + rejection + CHoCH + displacement,499.8175
2023-07-20 13:23:00+00:00,2023-07-20 15:42:00+00:00,XAUUSD,SHORT,LIQUIDITY_REVERSAL,CHOPPY,0.559,85.0,A,OVERLAP,1978.238,1986.637,1967.74,1967.74,1967.905,TP2,0.002,1.6798,0.3361,8.399,2.0666,1.2303,1.287,0.059,79,0.194,0.875,0.05,0.0,0.0,clear,sweep + rejection + CHoCH + displacement,501.8841
2023-07-21 15:34:00+00:00,2023-07-21 19:00:00+00:00,XAUUSD,LONG,LIQUIDITY_REVERSAL,BEAR,0.872,75.0,B,OVERLAP,1961.701,1951.764,1974.121,1974.121,1962.661,SESSION_END,0.002,1.9873,0.396,9.936,0.1921,0.0967,0.359,0.218,86,0.271,1.465,0.05,0.05,0.0,clear,sweep + rejection + CHoCH + displacement,502.0762
2023-08-02 12:11:00+00:00,2023-08-02 15:18:00+00:00,XAUUSD,SHORT,LIQUIDITY_REVERSAL,LIQUIDITY_REVERSAL,0.7,90.0,A+,OVERLAP,1950.637,1961.189,1937.448,1937.448,1937.6,TP2,0.002,2.1103,0.4203,10.551,2.6076,1.2357,1.339,0.24,187,0.216,1.062,0.05,0.0,0.0,clear,sweep + rejection + CHoCH + displacement,504.6837
2023-08-15 13:38:00+00:00,2023-08-15 21:00:00+00:00,XAUUSD,SHORT,BREAKOUT,BEAR,0.939,70.0,NO_TRADE,OVERLAP,1899.991,1912.238,1884.682,1884.682,1903.397,SESSION_END,0.002,2.4494,0.4853,12.247,-0.6814,-0.2782,0.0,0.942,442,0.329,1.596,0.05,0.05,0.0,clear,compression -> confirmed range break + momentum,504.0024
2023-09-06 14:40:00+00:00,2023-09-06 21:00:00+00:00,XAUUSD,LONG,LIQUIDITY_REVERSAL,LIQUIDITY_REVERSAL,0.7,85.0,A,OVERLAP,1925.049,1914.656,1938.039,1938.039,1916.225,SESSION_END,0.002,2.0785,0.4124,10.392,-1.7648,-0.8491,0.386,0.95,380,0.287,1.126,0.05,0.05,0.0,clear,sweep + rejection + CHoCH + displacement,502.2376
2023-09-13 13:41:00+00:00,2023-09-13 21:00:00+00:00,XAUUSD,SHORT,LIQUIDITY_REVERSAL,CHOPPY,0.569,100.0,A+,OVERLAP,1908.054,1923.09,1889.258,1889.258,1908.977,SESSION_END,0.001,1.5036,0.2994,15.036,-0.0923,-0.0614,0.0,0.506,436,0.409,1.58,0.05,0.05,0.0,clear,sweep + rejection + CHoCH + displacement,502.1453
2023-09-15 15:07:00+00:00,2023-09-15 18:00:00+00:00,XAUUSD,LONG,BREAKOUT,BULL,0.903,70.0,NO_TRADE,OVERLAP,1928.654,1914.671,1946.133,1946.133,1925.01,SESSION_END,0.001,1.3983,0.2785,13.983,-0.3644,-0.2606,0.118,0.288,169,0.398,1.727,0.05,0.05,0.0,clear,compression -> confirmed range break + momentum,501.7809
2023-09-25 15:11:00+00:00,2023-09-25 21:00:00+00:00,XAUUSD,SHORT,LIQUIDITY_REVERSAL,LIQUIDITY_REVERSAL,0.7,95.0,A+,OVERLAP,1921.811,1933.307,1907.441,1907.441,1915.993,SESSION_END,0.002,2.2993,0.4582,11.496,1.1635,0.506,0.589,0.109,349,0.328,1.268,0.05,0.05,0.0,clear,sweep + rejection + CHoCH + displacement,502.9444
2023-10-03 13:36:00+00:00,2023-10-03 21:00:00+00:00,XAUUSD,SHORT,LIQUIDITY_REVERSAL,LIQUIDITY_REVERSAL,1.0,100.0,A+,OVERLAP,1824.676,1837.758,1808.324,1808.324,1824.388,SESSION_END,0.001,1.3082,0.2601,13.082,0.0288,0.022,0.423,0.652,444,0.237,1.421,0.05,0.05,0.0,clear,sweep + rejection + CHoCH + displacement,502.9732
2023-10-04 13:25:00+00:00,2023-10-04 21:00:00+00:00,XAUUSD,SHORT,LIQUIDITY_REVERSAL,LIQUIDITY_REVERSAL,1.0,90.0,A+,OVERLAP,1826.461,1837.077,1813.191,1813.191,1823.491,SESSION_END,0.002,2.1232,0.4221,10.616,0.5939,0.2797,0.941,0.254,455,0.269,1.558,0.05,0.05,0.0,clear,sweep + rejection + CHoCH + displacement,503.5671
2023-10-16 13:36:00+00:00,2023-10-16 21:00:00+00:00,XAUUSD,LONG,LIQUIDITY_REVERSAL,LIQUIDITY_REVERSAL,0.7,90.0,A+,OVERLAP,1919.02,1908.095,1932.676,1932.676,1918.527,SESSION_END,0.002,2.1849,0.4339,10.925,-0.0986,-0.0451,0.337,0.426,444,0.264,1.816,0.05,0.05,0.0,clear,sweep + rejection + CHoCH + displacement,503.4684
2023-10-25 16:06:00+00:00,2023-10-25 21:00:00+00:00,XAUUSD,LONG,LIQUIDITY_REVERSAL,LIQUIDITY_REVERSAL,1.0,80.0,B,NEWYORK,1971.625,1948.338,2000.733,2000.733,1979.746,SESSION_END,0.001,2.3287,0.4625,23.287,0.8121,0.3488,0.597,0.06,294,0.52,3.159,0.05,0.05,0.0,clear,sweep + rejection + CHoCH + displacement,504.2806
2023-11-09 08:41:00+00:00,2023-11-09 15:12:00+00:00,XAUUSD,LONG,LIQUIDITY_REVERSAL,LIQUIDITY_REVERSAL,0.7,85.0,A,LONDON,1948.433,1938.474,1960.883,1960.883,1960.716,TP2,0.002,1.9919,0.395,9.96,2.4566,1.2333,1.25,0.372,391,0.257,1.05,0.05,0.0,0.0,clear,sweep + rejection + CHoCH + displacement,506.7371
2023-11-20 18:06:00+00:00,2023-11-20 21:00:00+00:00,XAUUSD,LONG,LIQUIDITY_REVERSAL,LIQUIDITY_REVERSAL,1.0,85.0,A,NEWYORK,1977.907,1963.675,1995.696,1995.696,1977.105,SESSION_END,0.001,1.4232,0.2809,14.232,-0.0802,-0.0564,0.066,0.164,174,0.303,1.504,0.05,0.05,0.0,clear,sweep + rejection + CHoCH + displacement,506.6569
2023-11-22 15:06:00+00:00,2023-11-22 21:00:00+00:00,XAUUSD,SHORT,LIQUIDITY_REVERSAL,LIQUIDITY_REVERSAL,1.0,85.0,A,OVERLAP,1997.215,2010.788,1980.25,1980.25,1990.187,SESSION_END,0.001,1.3572,0.2679,13.572,0.7028,0.5178,0.767,0.0,354,0.279,1.709,0.05,0.05,0.0,clear,sweep + rejection + CHoCH + displacement,507.3598
2023-11-29 13:37:00+00:00,2023-11-29 21:00:00+00:00,XAUUSD,SHORT,LIQUIDITY_REVERSAL,LIQUIDITY_REVERSAL,1.0,85.0,A,OVERLAP,2038.737,2049.641,2025.106,2025.106,2045.268,SESSION_END,0.002,2.1809,0.4298,10.904,-1.3062,-0.599,0.159,0.981,441,0.236,1.322,0.05,0.05,0.0,clear,sweep + rejection + CHoCH + displacement,506.0535
2023-12-04 11:32:00+00:00,2023-12-04 13:50:00+00:00,XAUUSD,LONG,LIQUIDITY_REVERSAL,LIQUIDITY_REVERSAL,0.8,100.0,A+,LONDON,2070.533,2058.009,2086.189,2086.189,2057.773,STOP,0.002,2.5049,0.495,12.524,-2.5522,-1.0189,0.097,1.174,138,0.257,1.954,0.05,0.12,0.0,clear,sweep + rejection + CHoCH + displacement,503.5013
2023-12-05 15:06:00+00:00,2023-12-05 21:00:00+00:00,XAUUSD,LONG,LIQUIDITY_REVERSAL,LIQUIDITY_REVERSAL,1.0,85.0,A,OVERLAP,2023.229,2002.143,2049.587,2049.587,2018.967,SESSION_END,0.001,2.1086,0.4188,21.086,-0.4262,-0.2021,0.0,0.634,354,0.288,2.899,0.05,0.05,0.0,clear,sweep + rejection + CHoCH + displacement,503.0752
2023-12-08 14:11:00+00:00,2023-12-08 18:00:00+00:00,XAUUSD,SHORT,BREAKOUT,BEAR,0.833,80.0,B,OVERLAP,2011.763,2030.607,1988.209,1988.209,1997.162,SESSION_END,0.001,1.8844,0.3746,18.844,1.4601,0.7749,0.913,0.159,229,0.423,3.131,0.05,0.05,0.0,clear,compression -> confirmed range break + momentum,504.5353
2023-12-11 08:26:00+00:00,2023-12-11 15:28:00+00:00,XAUUSD,LONG,LIQUIDITY_REVERSAL,LIQUIDITY_REVERSAL,0.7,85.0,A,LONDON,1996.922,1982.065,2015.492,2015.492,1981.804,STOP,0.001,1.4857,0.2945,14.857,-1.5117,-1.0175,0.051,1.004,422,0.273,1.464,0.05,0.12,0.0,clear,sweep + rejection + CHoCH + displacement,503.0236
2023-12-14 08:06:00+00:00,2023-12-14 16:06:00+00:00,XAUUSD,LONG,LIQUIDITY_REVERSAL,LIQUIDITY_REVERSAL,1.0,100.0,A+,LONDON,2035.255,2019.226,2055.292,2055.292,2038.799,TIME,0.001,1.603,0.3187,16.03,0.3544,0.2211,0.781,0.487,480,0.281,1.695,0.05,0.05,0.0,clear,sweep + rejection + CHoCH + displacement,503.378
2023-12-27 12:52:00+00:00,2023-12-27 15:27:00+00:00,XAUUSD,SHORT,LIQUIDITY_REVERSAL,LIQUIDITY_REVERSAL,0.7,85.0,A,OVERLAP,2066.811,2075.685,2055.719,2055.719,2075.975,STOP,0.002,1.7748,0.3526,8.874,-1.8327,-1.0327,0.284,1.013,155,0.228,0.96,0.05,0.12,0.0,clear,sweep + rejection + CHoCH + displacement,501.5452
2024-01-09 13:52:00+00:00,2024-01-09 21:00:00+00:00,XAUUSD,SHORT,LIQUIDITY_REVERSAL,CHOPPY,0.628,90.0,A+,OVERLAP,2038.253,2048.319,2025.669,2025.669,2029.289,SESSION_END,0.002,2.0133,0.4027,10.067,1.7927,0.8904,1.216,0.175,428,0.265,1.891,0.05,0.05,0.0,clear,sweep + rejection + CHoCH + displacement,501.7927
2024-01-22 14:56:00+00:00,2024-01-22 21:00:00+00:00,XAUUSD,LONG,LIQUIDITY_REVERSAL,LIQUIDITY_REVERSAL,0.8,100.0,A+,OVERLAP,2023.753,2004.433,2047.902,2047.902,2020.204,SESSION_END,0.001,1.9319,0.385,19.319,-0.3549,-0.1837,0.139,0.243,364,0.335,2.184,0.05,0.05,0.0,clear,sweep + rejection + CHoCH + displacement,501.4378
2024-02-01 13:31:00+00:00,2024-02-01 14:16:00+00:00,XAUUSD,LONG,LIQUIDITY_REVERSAL,LIQUIDITY_REVERSAL,0.8,90.0,A+,OVERLAP,2034.379,2024.571,2046.638,2046.638,2046.483,TP2,0.002,1.9615,0.3912,9.807,2.4208,1.2342,1.267,0.039,45,0.247,1.478,0.05,0.0,0.0,clear,sweep + rejection + CHoCH + displacement,503.8586
2024-02-01 15:01:00+00:00,2024-02-01 16:43:00+00:00,XAUUSD,SHORT,LIQUIDITY_REVERSAL,LIQUIDITY_REVERSAL,0.7,75.0,B,OVERLAP,2044.361,2061.365,2023.106,2023.106,2061.7,STOP,0.001,1.7004,0.3375,17.004,-1.7339,-1.0197,0.034,1.105,102,0.328,2.327,0.05,0.12,0.0,clear,sweep + rejection + CHoCH + displacement,502.1247
2024-02-02 13:26:00+00:00,2024-02-02 13:31:00+00:00,XAUUSD,SHORT,LIQUIDITY_REVERSAL,LIQUIDITY_REVERSAL,1.0,85.0,A,OVERLAP,2053.542,2064.048,2040.41,2040.41,2040.528,TP2,0.002,2.1012,0.4185,10.506,2.6028,1.2387,1.256,0.017,5,0.226,1.07,0.05,0.0,0.0,clear,sweep + rejection + CHoCH + displacement,504.7275
2024-02-02 14:52:00+00:00,2024-02-02 18:00:00+00:00,XAUUSD,LONG,LIQUIDITY_REVERSAL,LIQUIDITY_REVERSAL,0.8,85.0,A,OVERLAP,2033.632,2017.509,2053.785,2053.785,2034.745,SESSION_END,0.001,1.6122,0.3194,16.122,0.1113,0.069,0.235,0.325,188,0.473,2.913,0.05,0.05,0.0,clear,sweep + rejection + CHoCH + displacement,504.8388
2024-02-09 13:36:00+00:00,2024-02-09 18:00:00+00:00,XAUUSD,LONG,LIQUIDITY_REVERSAL,LIQUIDITY_REVERSAL,1.0,85.0,A,OVERLAP,2030.917,2016.6,2048.814,2048.814,2024.543,SESSION_END,0.001,1.4318,0.2836,14.318,-0.6375,-0.4452,0.06,0.749,264,0.345,1.649,0.05,0.05,0.0,clear,sweep + rejection + CHoCH + displacement,504.2013
2024-02-16 15:11:00+00:00,2024-02-16 18:00:00+00:00,XAUUSD,LONG,LIQUIDITY_REVERSAL,LIQUIDITY_REVERSAL,1.0,95.0,A+,OVERLAP,2002.325,1983.493,2025.864,2025.864,2012.738,SESSION_END,0.001,1.8831,0.3735,18.831,1.0414,0.553,0.636,0.0,169,0.499,2.259,0.05,0.05,0.0,clear,sweep + rejection + CHoCH + displacement,505.2427
2024-03-05 11:07:00+00:00,2024-03-05 13:34:00+00:00,XAUUSD,LONG,TREND_CONTINUATION,STRONG_BULL,1.0,85.0,A,LONDON,2126.159,2115.479,2139.511,2139.511,2139.366,TP2,0.002,2.1362,0.4228,10.681,2.6413,1.2364,1.283,0.473,147,0.289,1.371,0.05,0.0,0.0,clear,trend pullback + LTF BOS,507.884
2024-03-06 13:31:00+00:00,2024-03-06 14:47:00+00:00,XAUUSD,SHORT,LIQUIDITY_REVERSAL,LIQUIDITY_REVERSAL,0.7,75.0,B,OVERLAP,2132.28,2146.949,2113.944,2113.944,2147.238,STOP,0.001,1.4669,0.2888,14.669,-1.4958,-1.0197,0.0,1.005,76,0.256,1.535,0.05,0.12,0.0,clear,sweep + rejection + CHoCH + displacement,506.3882
2024-03-07 11:06:00+00:00,2024-03-07 13:06:00+00:00,XAUUSD,SHORT,LIQUIDITY_REVERSAL,LIQUIDITY_REVERSAL,0.7,80.0,B,LONDON,2154.768,2163.549,2143.792,2143.792,2163.77,STOP,0.002,1.7562,0.3468,8.781,-1.8004,-1.0252,0.187,1.124,120,0.214,1.158,0.05,0.12,0.0,clear,sweep + rejection + CHoCH + displacement,504.5878
2024-03-11 18:58:00+00:00,2024-03-11 22:00:00+00:00,XAUUSD,LONG,LIQUIDITY_REVERSAL,LIQUIDITY_REVERSAL,0.8,90.0,A+,NEWYORK,2180.55,2171.335,2192.068,2192.068,2181.521,SESSION_END,0.002,1.843,0.3652,9.215,0.1942,0.1054,0.38,0.002,121,0.229,1.144,0.05,0.05,0.0,clear,sweep + rejection + CHoCH + displacement,504.782
2024-03-12 12:22:00+00:00,2024-03-12 12:41:00+00:00,XAUUSD,SHORT,BREAKOUT,EXPANSION,0.876,55.0,NO_TRADE,OVERLAP,2168.642,2181.177,2152.974,2152.974,2181.51,STOP,0.002,2.5069,0.4966,12.535,-2.5736,-1.0266,0.617,1.055,19,0.246,1.443,0.05,0.12,0.0,clear,compression -> confirmed range break + momentum,502.2084
2024-03-19 12:26:00+00:00,2024-03-19 20:26:00+00:00,XAUUSD,SHORT,LIQUIDITY_REVERSAL,LIQUIDITY_REVERSAL,1.0,100.0,A+,OVERLAP,2152.819,2163.558,2139.397,2139.397,2158.326,TIME,0.002,2.1476,0.4276,10.738,-1.1014,-0.5128,0.422,0.54,480,0.231,1.308,0.05,0.05,0.0,clear,sweep + rejection + CHoCH + displacement,501.107
2024-03-27 11:46:00+00:00,2024-03-27 19:46:00+00:00,XAUUSD,SHORT,LIQUIDITY_REVERSAL,LIQUIDITY_REVERSAL,1.0,85.0,A,LONDON,2190.953,2207.559,2170.195,2170.195,2191.709,TIME,0.001,1.6606,0.3314,16.606,-0.0756,-0.0455,0.453,0.251,480,0.324,1.975,0.05,0.05,0.0,clear,sweep + rejection + CHoCH + displacement,501.0314
2024-04-01 10:28:00+00:00,2024-04-01 15:02:00+00:00,XAUUSD,SHORT,LIQUIDITY_REVERSAL,LIQUIDITY_REVERSAL,0.7,70.0,NO_TRADE,LONDON,2253.483,2266.094,2237.721,2237.721,2237.872,TP2,0.001,1.261,0.2517,12.61,1.5611,1.238,1.285,0.339,274,0.203,1.302,0.05,0.0,0.0,clear,sweep + rejection + CHoCH + displacement,502.5926
2024-04-02 00:04:00+00:00,2024-04-02 08:04:00+00:00,XAUUSD,SHORT,LIQUIDITY_REVERSAL,BULL,0.866,70.0,NO_TRADE,ASIA,2251.206,2263.185,2236.231,2236.231,2254.363,TIME,0.002,2.3959,0.4767,11.979,-0.6314,-0.2635,0.386,0.717,480,0.339,1.488,0.05,0.05,0.0,clear,sweep + rejection + CHoCH + displacement,501.9612
2024-04-04 13:51:00+00:00,2024-04-04 19:56:00+00:00,XAUUSD,LONG,LIQUIDITY_REVERSAL,LIQUIDITY_REVERSAL,0.7,90.0,A+,OVERLAP,2287.443,2274.197,2304.0,2304.0,2303.832,TP2,0.001,1.3246,0.2639,13.246,1.6389,1.2373,1.351,0.21,365,0.256,2.265,0.05,0.0,0.0,clear,sweep + rejection + CHoCH + displacement,503.6001
2024-04-05 13:39:00+00:00,2024-04-05 15:24:00+00:00,XAUUSD,SHORT,LIQUIDITY_REVERSAL,LIQUIDITY_REVERSAL,1.0,85.0,A,OVERLAP,2290.244,2305.809,2270.787,2270.787,2306.117,STOP,0.001,1.5565,0.3091,15.565,-1.5873,-1.0198,0.392,1.124,105,0.283,2.87,0.05,0.12,0.0,clear,sweep + rejection + CHoCH + displacement,502.0128
2024-04-08 14:36:00+00:00,2024-04-08 21:00:00+00:00,XAUUSD,SHORT,LIQUIDITY_REVERSAL,LIQUIDITY_REVERSAL,0.8,75.0,B,OVERLAP,2330.63,2345.003,2312.664,2312.664,2338.961,SESSION_END,0.001,1.4373,0.2863,14.373,-0.8331,-0.5796,0.839,0.784,384,0.27,3.821,0.05,0.05,0.0,clear,sweep + rejection + CHoCH + displacement,501.1797
2024-04-09 02:16:00+00:00,2024-04-09 10:16:00+00:00,XAUUSD,LONG,BREAKOUT,COMPRESSION,0.963,80.0,B,ASIA,2343.893,2327.764,2364.053,2364.053,2360.015,TIME,0.001,1.6128,0.3218,16.128,1.6122,0.9996,1.077,0.346,480,0.315,1.633,0.05,0.05,0.0,clear,compression -> confirmed range break + momentum,502.7919
2024-04-09 10:21:00+00:00,2024-04-09 12:36:00+00:00,XAUUSD,LONG,BREAKOUT,STRONG_BULL,1.0,85.0,A,LONDON,2362.325,2351.496,2375.862,2375.862,2351.281,STOP,0.002,2.1659,0.4308,10.829,-2.2088,-1.0198,0.264,1.017,135,0.201,1.934,0.05,0.12,0.0,clear,compression -> confirmed range break + momentum,500.5831
2024-04-09 20:11:00+00:00,2024-04-09 21:00:00+00:00,XAUUSD,SHORT,LIQUIDITY_REVERSAL,LIQUIDITY_REVERSAL,0.8,85.0,A,NEWYORK,2345.978,2356.353,2333.009,2333.009,2351.359,SESSION_END,0.002,2.075,0.4145,10.375,-1.0763,-0.5187,0.081,0.525,49,0.22,1.664,0.05,0.05,0.0,clear,sweep + rejection + CHoCH + displacement,499.5068
2024-04-10 14:18:00+00:00,2024-04-10 15:20:00+00:00,XAUUSD,SHORT,BREAKOUT,EXPANSION,0.95,80.0,B,OVERLAP,2326.851,2348.489,2299.804,2299.804,2348.865,STOP,0.001,2.1637,0.4332,21.637,-2.2014,-1.0174,0.351,1.075,62,0.468,5.374,0.05,0.12,0.0,clear,compression -> confirmed range break + momentum,497.3054
2024-04-12 00:52:00+00:00,2024-04-12 03:03:00+00:00,XAUUSD,LONG,TREND_CONTINUATION,STRONG_BULL,0.933,85.0,A,ASIA,2376.719,2363.894,2392.75,2392.75,2392.494,TP2,0.001,1.2825,0.2579,12.825,1.5776,1.2301,1.303,0.174,131,0.347,1.647,0.05,0.0,0.0,clear,trend pullback + LTF BOS,498.883
2024-04-12 08:13:00+00:00,2024-04-12 15:11:00+00:00,XAUUSD,LONG,BREAKOUT,STRONG_BULL,1.0,70.0,NO_TRADE,LONDON,2396.673,2387.25,2408.451,2408.451,2408.299,TP2,0.002,1.8845,0.3777,9.423,2.3252,1.2339,1.416,0.675,418,0.236,2.208,0.05,0.0,0.0,clear,compression -> confirmed range break + momentum,501.2082
2024-04-12 15:56:00+00:00,2024-04-12 16:24:00+00:00,XAUUSD,LONG,BREAKOUT,BULL,1.0,95.0,A+,OVERLAP,2424.026,2401.724,2451.905,2451.905,2401.359,STOP,0.001,2.2303,0.445,22.303,-2.2667,-1.0163,0.33,1.056,28,0.337,4.611,0.05,0.12,0.0,clear,compression -> confirmed range break + momentum,498.9415
2024-04-16 13:26:00+00:00,2024-04-16 16:01:00+00:00,XAUUSD,SHORT,LIQUIDITY_REVERSAL,LIQUIDITY_REVERSAL,1.0,80.0,B,OVERLAP,2369.619,2384.729,2350.732,2350.732,2385.042,STOP,0.001,1.511,0.3028,15.11,-1.5423,-1.0207,0.409,1.022,155,0.191,2.13,0.05,0.12,0.0,clear,sweep + rejection + CHoCH + displacement,497.3992
2024-04-16 18:02:00+00:00,2024-04-16 18:52:00+00:00,XAUUSD,LONG,BREAKOUT,BULL,0.765,70.0,NO_TRADE,NEWYORK,2394.99,2382.54,2410.552,2410.552,2382.251,STOP,0.001,1.245,0.2503,12.45,-1.2738,-1.0232,0.033,1.235,50,0.323,3.613,0.05,0.12,0.0,clear,compression -> confirmed range break + momentum,496.1254
2024-04-16 20:36:00+00:00,2024-04-16 21:00:00+00:00,XAUUSD,SHORT,LIQUIDITY_REVERSAL,LIQUIDITY_REVERSAL,1.0,85.0,A,NEWYORK,2389.329,2405.223,2369.46,2369.46,2390.33,SESSION_END,0.001,1.5895,0.3204,15.895,-0.1002,-0.063,0.025,0.146,24,0.273,2.928,0.05,0.05,0.0,clear,sweep + rejection + CHoCH + displacement,496.0252
2024-04-18 11:26:00+00:00,2024-04-18 15:38:00+00:00,XAUUSD,LONG,LIQUIDITY_REVERSAL,LIQUIDITY_REVERSAL,1.0,80.0,B,LONDON,2381.86,2369.483,2397.331,2397.331,2369.186,STOP,0.002,2.4754,0.499,12.377,-2.5348,-1.024,0.87,1.001,252,0.19,1.331,0.05,0.12,0.0,clear,sweep + rejection + CHoCH + displacement,493.4904
2024-04-22 13:56:00+00:00,2024-04-22 21:00:00+00:00,XAUUSD,SHORT,BREAKOUT,STRONG_BEAR,0.975,85.0,A,OVERLAP,2336.179,2351.548,2316.967,2316.967,2329.944,SESSION_END,0.001,1.5369,0.3114,15.369,0.6234,0.4056,0.756,0.488,424,0.252,3.469,0.05,0.05,0.0,clear,compression -> confirmed range break + momentum,494.1138
2024-04-30 07:06:00+00:00,2024-04-30 13:24:00+00:00,XAUUSD,SHORT,BREAKOUT,STRONG_BEAR,0.935,80.0,B,LONDON,2320.339,2330.043,2308.208,2308.208,2308.312,TP2,0.002,1.9409,0.3928,9.704,2.4055,1.2394,1.267,0.281,378,0.212,1.485,0.05,0.0,0.0,clear,compression -> confirmed range break + momentum,496.5193
2024-05-01 19:09:00+00:00,2024-05-01 21:00:00+00:00,XAUUSD,LONG,LIQUIDITY_REVERSAL,LIQUIDITY_REVERSAL,0.7,85.0,A,NEWYORK,2304.27,2280.765,2333.652,2333.652,2306.833,SESSION_END,0.001,2.3506,0.4734,23.506,0.2562,0.109,1.019,0.125,111,0.351,2.825,0.05,0.05,0.0,clear,sweep + rejection + CHoCH + displacement,496.7755
2024-05-02 13:04:00+00:00,2024-05-02 14:12:00+00:00,XAUUSD,SHORT,TREND_CONTINUATION,STRONG_BEAR,0.971,85.0,A,OVERLAP,2298.07,2306.45,2287.596,2287.596,2287.741,TP2,0.002,1.6758,0.3373,8.379,2.0658,1.2327,1.41,0.75,68,0.209,1.72,0.05,0.0,0.0,clear,trend pullback + LTF BOS,498.8413
2024-05-06 08:31:00+00:00,2024-05-06 16:31:00+00:00,XAUUSD,LONG,TREND_CONTINUATION,STRONG_BULL,0.883,85.0,A,LONDON,2317.033,2304.269,2332.986,2332.986,2322.094,TIME,0.001,1.2763,0.2559,12.763,0.5062,0.3966,1.172,0.2,480,0.235,1.646,0.05,0.05,0.0,clear,trend pullback + LTF BOS,499.3475
2024-05-08 09:46:00+00:00,2024-05-08 17:46:00+00:00,XAUUSD,LONG,LIQUIDITY_REVERSAL,LIQUIDITY_REVERSAL,0.8,75.0,B,LONDON,2309.089,2295.846,2325.643,2325.643,2316.528,TIME,0.001,1.3243,0.2652,13.243,0.7439,0.5617,0.895,0.183,480,0.268,1.785,0.05,0.05,0.0,clear,sweep + rejection + CHoCH + displacement,500.0914
2024-05-10 07:16:00+00:00,2024-05-10 10:11:00+00:00,XAUUSD,LONG,BREAKOUT,STRONG_BULL,0.967,85.0,A,LONDON,2360.539,2349.904,2373.833,2373.833,2373.697,TP2,0.002,2.127,0.4253,10.635,2.6316,1.2373,1.341,0.035,175,0.268,1.781,0.05,0.0,0.0,clear,compression -> confirmed range break + momentum,502.723
2024-05-15 09:25:00+00:00,2024-05-15 13:30:00+00:00,XAUUSD,LONG,BREAKOUT,BULL,0.916,70.0,NO_TRADE,LONDON,2366.881,2357.664,2378.403,2378.403,2378.279,TP2,0.002,1.8434,0.3667,9.217,2.2795,1.2366,1.293,0.9,245,0.232,1.365,0.05,0.0,0.0,clear,compression -> confirmed range break + momentum,505.0025
2024-05-21 03:01:00+00:00,2024-05-21 11:01:00+00:00,XAUUSD,SHORT,BREAKOUT,COMPRESSION,0.979,65.0,NO_TRADE,ASIA,2420.445,2439.08,2397.152,2397.152,2417.618,TIME,0.001,1.8635,0.369,18.635,0.2828,0.1517,0.767,0.111,480,0.44,2.804,0.05,0.05,0.0,clear,compression -> confirmed range break + momentum,505.2852
2024-05-22 13:28:00+00:00,2024-05-22 15:16:00+00:00,XAUUSD,LONG,LIQUIDITY_REVERSAL,LIQUIDITY_REVERSAL,1.0,100.0,A+,OVERLAP,2414.031,2392.879,2440.471,2440.471,2392.597,STOP,0.001,2.1152,0.4186,21.152,-2.1434,-1.0133,0.044,1.046,108,0.226,2.194,0.05,0.12,0.0,clear,sweep + rejection + CHoCH + displacement,503.1418
2024-05-23 08:15:00+00:00,2024-05-23 15:33:00+00:00,XAUUSD,SHORT,TREND_CONTINUATION,BEAR,0.636,85.0,A,LONDON,2361.996,2375.661,2344.915,2344.915,2345.11,TP2,0.001,1.3665,0.2716,13.665,1.6886,1.2357,1.396,0.564,438,0.264,2.257,0.05,0.0,0.0,clear,trend pullback + LTF BOS,504.8304
2024-05-24 02:21:00+00:00,2024-05-24 10:21:00+00:00,XAUUSD,LONG,LIQUIDITY_REVERSAL,LIQUIDITY_REVERSAL,1.0,80.0,B,ASIA,2332.549,2316.886,2352.127,2352.127,2341.321,TIME,0.001,1.5663,0.3103,15.663,0.8772,0.56,0.675,0.465,480,0.342,1.622,0.05,0.05,0.0,clear,sweep + rejection + CHoCH + displacement,505.7076
2024-05-30 06:36:00+00:00,2024-05-30 13:35:00+00:00,XAUUSD,SHORT,BREAKOUT,BEAR,0.898,80.0,B,ASIA,2327.237,2342.851,2307.719,2307.719,2343.106,STOP,0.001,1.5614,0.3088,15.614,-1.5869,-1.0164,0.306,1.097,419,0.436,1.694,0.05,0.12,0.0,clear,compression -> confirmed range break + momentum,504.1206
2024-06-04 16:07:00+00:00,2024-06-04 21:00:00+00:00,XAUUSD,LONG,LIQUIDITY_REVERSAL,LIQUIDITY_REVERSAL,0.8,65.0,NO_TRADE,NEWYORK,2322.347,2305.243,2343.728,2343.728,2326.477,SESSION_END,0.001,1.7104,0.3393,17.104,0.4129,0.2414,0.459,0.107,293,0.425,3.635,0.05,0.05,0.0,clear,sweep + rejection + CHoCH + displacement,504.5336
2024-06-10 07:36:00+00:00,2024-06-10 12:55:00+00:00,XAUUSD,SHORT,LIQUIDITY_REVERSAL,LIQUIDITY_REVERSAL,0.7,85.0,A,LONDON,2292.946,2302.632,2280.839,2280.839,2302.84,STOP,0.002,1.9371,0.3839,9.686,-1.9787,-1.0215,0.545,1.228,319,0.218,1.811,0.05,0.12,0.0,clear,sweep + rejection + CHoCH + displacement,502.5549
2024-06-12 13:19:00+00:00,2024-06-12 13:30:00+00:00,XAUUSD,LONG,LIQUIDITY_REVERSAL,CHOPPY,0.716,85.0,A,OVERLAP,2314.916,2305.861,2326.235,2326.235,2326.128,TP2,0.002,1.811,0.3604,9.055,2.2423,1.2382,1.43,0.299,11,0.183,1.07,0.05,0.0,0.0,clear,sweep + rejection + CHoCH + displacement,504.7972
2024-06-14 15:11:00+00:00,2024-06-14 18:00:00+00:00,XAUUSD,LONG,TREND_CONTINUATION,BULL,0.585,85.0,A,OVERLAP,2330.604,2312.854,2352.791,2352.791,2328.663,SESSION_END,0.001,1.775,0.3516,17.75,-0.1941,-0.1093,0.268,0.375,169,0.317,2.789,0.05,0.05,0.0,clear,trend pullback + LTF BOS,504.6031
2024-06-24 10:32:00+00:00,2024-06-24 18:32:00+00:00,XAUUSD,SHORT,LIQUIDITY_REVERSAL,LIQUIDITY_REVERSAL,0.7,100.0,A+,LONDON,2326.584,2337.248,2313.255,2313.255,2331.461,TIME,0.002,2.1328,0.4227,10.664,-0.9752,-0.4573,0.559,0.673,480,0.261,1.726,0.05,0.05,0.0,clear,sweep + rejection + CHoCH + displacement,503.6279
2024-06-26 15:35:00+00:00,2024-06-26 21:00:00+00:00,XAUUSD,SHORT,TREND_CONTINUATION,BEAR,1.0,80.0,B,OVERLAP,2296.781,2309.287,2281.15,2281.15,2299.473,SESSION_END,0.002,2.501,0.4966,12.505,-0.5383,-0.2152,0.122,0.58,325,0.313,2.925,0.05,0.05,0.0,clear,trend pullback + LTF BOS,503.0896
2024-07-03 07:47:00+00:00,2024-07-03 13:31:00+00:00,XAUUSD,LONG,BREAKOUT,BULL,0.883,85.0,A,LONDON,2337.73,2326.927,2351.234,2351.234,2351.118,TP2,0.002,2.1606,0.4321,10.803,2.6776,1.2393,1.317,0.169,344,0.27,1.373,0.05,0.0,0.0,clear,compression -> confirmed range break + momentum,502.6776
2024-07-10 14:32:00+00:00,2024-07-10 19:25:00+00:00,XAUUSD,LONG,TREND_CONTINUATION,STRONG_BULL,0.988,85.0,A,OVERLAP,2379.519,2370.076,2391.322,2391.322,2369.811,STOP,0.002,1.8886,0.3757,9.443,-1.9416,-1.0281,0.744,1.031,293,0.247,1.603,0.05,0.12,0.0,clear,trend pullback + LTF BOS,500.736
2024-07-12 13:36:00+00:00,2024-07-12 17:30:00+00:00,XAUUSD,SHORT,LIQUIDITY_REVERSAL,LIQUIDITY_REVERSAL,1.0,85.0,A,OVERLAP,2397.41,2415.444,2374.867,2374.867,2415.708,STOP,0.001,1.8034,0.3602,18.034,-1.8298,-1.0146,0.337,1.014,234,0.27,2.118,0.05,0.12,0.0,clear,sweep + rejection + CHoCH + displacement,498.9062
2024-07-16 13:57:00+00:00,2024-07-16 14:44:00+00:00,XAUUSD,LONG,LIQUIDITY_REVERSAL,LIQUIDITY_REVERSAL,0.7,90.0,A+,OVERLAP,2433.031,2422.437,2446.273,2446.273,2446.113,TP2,0.002,2.1188,0.4247,10.594,2.6164,1.2349,1.288,0.205,47,0.292,2.461,0.05,0.0,0.0,clear,sweep + rejection + CHoCH + displacement,501.5227
2024-07-16 20:15:00+00:00,2024-07-16 21:00:00+00:00,XAUUSD,LONG,TREND_CONTINUATION,STRONG_BULL,1.0,85.0,A,NEWYORK,2465.921,2456.374,2477.855,2477.855,2467.33,SESSION_END,0.002,1.9095,0.3807,9.548,0.2818,0.1476,0.3,0.297,45,0.252,1.537,0.05,0.05,0.0,clear,trend pullback + LTF BOS,501.8044
2024-07-18 13:46:00+00:00,2024-07-18 20:06:00+00:00,XAUUSD,SHORT,LIQUIDITY_REVERSAL,CHOPPY,0.562,85.0,A,OVERLAP,2463.646,2477.417,2446.432,2446.432,2446.552,TP2,0.001,1.3771,0.2744,13.771,1.7094,1.2413,1.256,0.445,380,0.218,1.964,0.05,0.0,0.0,clear,sweep + rejection + CHoCH + displacement,503.5138
2024-07-22 07:01:00+00:00,2024-07-22 15:01:00+00:00,XAUUSD,SHORT,LIQUIDITY_REVERSAL,LIQUIDITY_REVERSAL,1.0,85.0,A,LONDON,2401.372,2415.302,2383.96,2383.96,2391.905,TIME,0.001,1.393,0.2766,13.93,0.9467,0.6796,0.909,0.495,480,0.206,1.642,0.05,0.05,0.0,clear,sweep + rejection + CHoCH + displacement,504.4606
2024-07-22 15:31:00+00:00,2024-07-22 21:00:00+00:00,XAUUSD,SHORT,BREAKOUT,STRONG_BEAR,0.991,85.0,A,OVERLAP,2386.346,2403.46,2364.954,2364.954,2399.093,SESSION_END,0.001,1.7114,0.3392,17.114,-1.2747,-0.7448,0.154,0.798,329,0.284,2.984,0.05,0.05,0.0,clear,compression -> confirmed range break + momentum,503.1859
2024-07-24 12:43:00+00:00,2024-07-24 15:50:00+00:00,XAUUSD,LONG,LIQUIDITY_REVERSAL,CHOPPY,0.598,100.0,A+,OVERLAP,2414.717,2403.222,2429.086,2429.086,2428.918,TP2,0.002,2.299,0.4569,11.495,2.8402,1.2354,1.264,0.101,187,0.204,1.541,0.05,0.0,0.0,clear,sweep + rejection + CHoCH + displacement,506.0261
2024-07-25 13:36:00+00:00,2024-07-25 18:28:00+00:00,XAUUSD,LONG,LIQUIDITY_REVERSAL,LIQUIDITY_REVERSAL,0.7,75.0,B,OVERLAP,2367.336,2353.908,2384.121,2384.121,2353.648,STOP,0.001,1.3428,0.2654,13.428,-1.3688,-1.0194,0.664,1.061,292,0.302,3.551,0.05,0.12,0.0,clear,sweep + rejection + CHoCH + displacement,504.6573
2024-07-25 20:04:00+00:00,2024-07-25 21:00:00+00:00,XAUUSD,SHORT,TREND_CONTINUATION,BEAR,0.974,100.0,A+,NEWYORK,2355.977,2367.578,2341.476,2341.476,2362.928,SESSION_END,0.002,2.3202,0.4598,11.601,-1.3901,-0.5991,0.0,0.669,56,0.256,2.237,0.05,0.05,0.0,clear,trend pullback + LTF BOS,503.2672
2024-07-26 13:41:00+00:00,2024-07-26 18:00:00+00:00,XAUUSD,LONG,BREAKOUT,COMPRESSION,0.989,65.0,NO_TRADE,OVERLAP,2378.208,2361.713,2398.827,2398.827,2388.804,SESSION_END,0.001,1.6495,0.3278,16.495,1.0597,0.6424,0.755,0.263,259,0.2,2.027,0.05,0.05,0.0,clear,compression -> confirmed range break + momentum,504.3269
2024-07-29 14:49:00+00:00,2024-07-29 21:00:00+00:00,XAUUSD,SHORT,LIQUIDITY_REVERSAL,CHOPPY,0.583,85.0,A,OVERLAP,2390.302,2407.21,2369.167,2369.167,2383.95,SESSION_END,0.001,1.6908,0.3353,16.908,0.6351,0.3756,1.229,0.214,371,0.247,2.408,0.05,0.05,0.0,clear,sweep + rejection + CHoCH + displacement,504.962
2024-07-30 14:07:00+00:00,2024-07-30 18:01:00+00:00,XAUUSD,LONG,LIQUIDITY_REVERSAL,LIQUIDITY_REVERSAL,1.0,100.0,A+,OVERLAP,2389.996,2378.37,2404.528,2404.528,2404.353,TP2,0.002,2.3251,0.4605,11.625,2.8715,1.235,1.715,0.579,234,0.202,1.56,0.05,0.0,0.0,clear,sweep + rejection + CHoCH + displacement,507.8335
2024-07-31 15:16:00+00:00,2024-07-31 20:26:00+00:00,XAUUSD,LONG,BREAKOUT,BULL,0.941,100.0,A+,OVERLAP,2428.894,2418.579,2441.787,2441.787,2441.607,TP2,0.002,2.0629,0.4062,10.315,2.5426,1.2325,1.278,0.953,310,0.258,2.429,0.05,0.0,0.0,clear,compression -> confirmed range break + momentum,510.3761
2024-08-05 10:49:00+00:00,2024-08-05 11:56:00+00:00,XAUUSD,LONG,LIQUIDITY_REVERSAL,LIQUIDITY_REVERSAL,0.8,85.0,A,LONDON,2425.756,2410.724,2444.547,2444.547,2410.489,STOP,0.001,1.5032,0.2945,15.032,-1.5267,-1.0156,0.025,1.021,67,0.262,3.655,0.05,0.12,0.0,clear,sweep + rejection + CHoCH + displacement,508.8493
2024-08-07 13:31:00+00:00,2024-08-07 21:00:00+00:00,XAUUSD,SHORT,LIQUIDITY_REVERSAL,LIQUIDITY_REVERSAL,0.7,100.0,A+,OVERLAP,2399.203,2412.133,2383.04,2383.04,2386.902,SESSION_END,0.001,1.293,0.2541,12.93,1.23,0.9513,1.198,0.592,449,0.204,2.012,0.05,0.05,0.0,clear,sweep + rejection + CHoCH + displacement,510.0794
2024-08-08 10:06:00+00:00,2024-08-08 15:10:00+00:00,XAUUSD,LONG,LIQUIDITY_REVERSAL,LIQUIDITY_REVERSAL,1.0,85.0,A,LONDON,2398.66,2383.051,2418.172,2418.172,2418.015,TP2,0.001,1.5609,0.306,15.609,1.9355,1.2399,1.341,0.316,304,0.21,1.64,0.05,0.0,0.0,clear,sweep + rejection + CHoCH + displacement,512.0149
2024-08-08 15:16:00+00:00,2024-08-08 21:00:00+00:00,XAUUSD,LONG,BREAKOUT,BULL,0.566,80.0,B,OVERLAP,2418.439,2393.185,2450.007,2450.007,2422.727,SESSION_END,0.001,2.5254,0.4932,25.254,0.4288,0.1698,0.306,0.263,344,0.328,3.7,0.05,0.05,0.0,clear,compression -> confirmed range break + momentum,512.4436
2024-08-09 14:09:00+00:00,2024-08-09 18:00:00+00:00,XAUUSD,LONG,TREND_CONTINUATION,BULL,0.899,85.0,A,OVERLAP,2429.304,2414.427,2447.899,2447.899,2434.44,SESSION_END,0.001,1.4876,0.2903,14.876,0.5136,0.3453,0.437,0.561,231,0.217,1.821,0.05,0.05,0.0,clear,trend pullback + LTF BOS,512.9573
2024-08-12 07:06:00+00:00,2024-08-12 14:30:00+00:00,XAUUSD,LONG,BREAKOUT,EXPANSION,0.913,85.0,A,LONDON,2435.33,2426.039,2446.943,2446.943,2446.841,TP2,0.002,1.8581,0.3622,9.291,2.3022,1.239,1.301,0.194,444,0.21,1.337,0.05,0.0,0.0,clear,compression -> confirmed range break + momentum,515.2594
2024-08-12 15:43:00+00:00,2024-08-12 21:00:00+00:00,XAUUSD,LONG,TREND_CONTINUATION,STRONG_BULL,1.0,85.0,A,OVERLAP,2451.095,2432.951,2473.774,2473.774,2470.326,SESSION_END,0.001,1.8143,0.3521,18.143,1.9231,1.06,1.156,0.012,317,0.293,2.559,0.05,0.05,0.0,clear,trend pullback + LTF BOS,517.1825
2024-08-13 14:22:00+00:00,2024-08-13 21:00:00+00:00,XAUUSD,SHORT,LIQUIDITY_REVERSAL,BULL,0.872,85.0,A,OVERLAP,2462.342,2486.396,2432.274,2432.274,2467.378,SESSION_END,0.001,2.4054,0.4651,24.054,-0.5036,-0.2094,0.098,0.547,398,0.292,2.505,0.05,0.05,0.0,clear,sweep + rejection + CHoCH + displacement,516.6789
2024-08-14 07:01:00+00:00,2024-08-14 09:42:00+00:00,XAUUSD,LONG,LIQUIDITY_REVERSAL,CHOPPY,0.614,95.0,A+,LONDON,2462.879,2452.884,2475.374,2475.374,2475.257,TP2,0.002,1.9991,0.3869,9.996,2.4755,1.2383,1.268,0.268,161,0.203,1.23,0.05,0.0,0.0,clear,sweep + rejection + CHoCH + displacement,519.1544
2024-08-14 13:38:00+00:00,2024-08-14 15:36:00+00:00,XAUUSD,SHORT,LIQUIDITY_REVERSAL,LIQUIDITY_REVERSAL,0.7,75.0,B,OVERLAP,2472.054,2492.193,2446.88,2446.88,2447.092,TP2,0.001,2.0139,0.3879,20.139,2.4963,1.2395,1.251,0.189,118,0.288,2.524,0.05,0.0,0.0,clear,sweep + rejection + CHoCH + displacement,521.6507
2024-08-20 14:38:00+00:00,2024-08-20 16:03:00+00:00,XAUUSD,LONG,TREND_CONTINUATION,STRONG_BULL,0.958,100.0,A+,OVERLAP,2524.087,2512.03,2539.158,2539.158,2511.718,STOP,0.002,2.4114,0.4623,12.057,-2.4738,-1.0259,0.565,1.032,85,0.263,2.524,0.05,0.12,0.0,clear,trend pullback + LTF BOS,519.1769
2024-08-27 09:07:00+00:00,2024-08-27 17:07:00+00:00,XAUUSD,LONG,LIQUIDITY_REVERSAL,LIQUIDITY_REVERSAL,0.7,90.0,A+,LONDON,2509.291,2493.471,2529.066,2529.066,2510.04,TIME,0.001,1.582,0.3047,15.82,0.0749,0.0474,0.69,0.377,480,0.312,2.278,0.05,0.05,0.0,clear,sweep + rejection + CHoCH + displacement,519.2518
2024-08-28 13:01:00+00:00,2024-08-28 21:00:00+00:00,XAUUSD,SHORT,BREAKOUT,STRONG_BEAR,0.867,85.0,A,OVERLAP,2499.729,2511.187,2485.407,2485.407,2507.928,SESSION_END,0.002,2.2916,0.4413,11.458,-1.6396,-0.7155,0.542,0.94,479,0.211,1.627,0.05,0.05,0.0,clear,compression -> confirmed range break + momentum,517.6122
2024-08-30 13:46:00+00:00,2024-08-30 18:00:00+00:00,XAUUSD,SHORT,LIQUIDITY_REVERSAL,LIQUIDITY_REVERSAL,1.0,75.0,B,OVERLAP,2517.929,2535.575,2495.872,2495.872,2496.897,SESSION_END,0.001,1.7646,0.3409,17.646,2.1032,1.1919,1.241,0.143,254,0.272,2.336,0.05,0.05,0.0,clear,sweep + rejection + CHoCH + displacement,519.7154
2024-09-02 14:37:00+00:00,2024-09-02 23:00:00+00:00,XAUUSD,LONG,LIQUIDITY_REVERSAL,CHOPPY,0.599,80.0,B,OVERLAP,2501.37,2493.377,2511.362,2511.362,2499.335,SESSION_END,0.003,2.398,0.4614,7.993,-0.6105,-0.2546,0.124,0.476,292,0.19,1.43,0.05,0.05,0.0,clear,sweep + rejection + CHoCH + displacement,519.1049
2024-09-05 14:31:00+00:00,2024-09-05 21:00:00+00:00,XAUUSD,LONG,TREND_CONTINUATION,STRONG_BULL,0.957,100.0,A+,OVERLAP,2518.716,2501.376,2540.391,2540.391,2514.852,SESSION_END,0.001,1.734,0.334,17.34,-0.3865,-0.2229,0.1,0.86,389,0.302,2.567,0.05,0.05,0.0,clear,trend pullback + LTF BOS,518.7184
2024-09-16 08:46:00+00:00,2024-09-16 16:46:00+00:00,XAUUSD,LONG,LIQUIDITY_REVERSAL,LIQUIDITY_REVERSAL,0.8,90.0,A+,LONDON,2583.586,2572.173,2597.852,2597.852,2579.139,TIME,0.002,2.2826,0.44,11.413,-0.8892,-0.3896,0.492,0.742,480,0.241,1.675,0.05,0.05,0.0,clear,sweep + rejection + CHoCH + displacement,517.8292
2024-09-17 08:16:00+00:00,2024-09-17 11:39:00+00:00,XAUUSD,SHORT,LIQUIDITY_REVERSAL,LIQUIDITY_REVERSAL,0.8,75.0,B,LONDON,2583.104,2593.012,2570.719,2570.719,2570.856,TP2,0.002,1.9816,0.3827,9.908,2.4494,1.2361,1.282,0.251,203,0.241,1.36,0.05,0.0,0.0,clear,sweep + rejection + CHoCH + displacement,520.2786
2024-09-25 04:10:00+00:00,2024-09-25 12:10:00+00:00,XAUUSD,SHORT,LIQUIDITY_REVERSAL,BULL,0.926,70.0,NO_TRADE,ASIA,2664.014,2680.744,2643.102,2643.102,2656.468,TIME,0.001,1.673,0.3216,16.73,0.7547,0.4511,0.765,0.053,480,0.521,2.316,0.05,0.05,0.0,clear,sweep + rejection + CHoCH + displacement,521.0333
2024-09-25 13:06:00+00:00,2024-09-25 17:46:00+00:00,XAUUSD,LONG,BREAKOUT,COMPRESSION,0.989,95.0,A+,OVERLAP,2659.411,2651.439,2669.376,2669.376,2651.174,STOP,0.003,2.3916,0.459,7.972,-2.4711,-1.0332,0.995,1.216,280,0.192,1.553,0.05,0.12,0.0,clear,compression -> confirmed range break + momentum,518.5622
2024-09-26 11:46:00+00:00,2024-09-26 14:12:00+00:00,XAUUSD,LONG,BREAKOUT,BULL,0.811,85.0,A,LONDON,2674.045,2664.179,2686.377,2686.377,2663.873,STOP,0.002,1.9731,0.3805,9.866,-2.0344,-1.0311,1.151,1.03,146,0.24,1.818,0.05,0.12,0.0,clear,compression -> confirmed range break + momentum,516.5278
2024-10-01 16:19:00+00:00,2024-10-01 21:00:00+00:00,XAUUSD,LONG,LIQUIDITY_REVERSAL,LIQUIDITY_REVERSAL,0.7,75.0,B,NEWYORK,2661.994,2639.316,2690.342,2690.342,2657.809,SESSION_END,0.001,2.2679,0.4391,22.679,-0.4185,-0.1846,0.481,0.201,281,0.492,4.214,0.05,0.05,0.0,clear,sweep + rejection + CHoCH + displacement,516.1092
2024-10-07 07:33:00+00:00,2024-10-07 09:09:00+00:00,XAUUSD,LONG,LIQUIDITY_REVERSAL,LIQUIDITY_REVERSAL,0.7,75.0,B,LONDON,2643.001,2633.851,2654.438,2654.438,2654.308,TP2,0.002,1.83,0.3546,9.15,2.2613,1.2357,1.321,0.155,96,0.232,1.334,0.05,0.0,0.0,clear,sweep + rejection + CHoCH + displacement,518.3706
2024-10-09 10:47:00+00:00,2024-10-09 18:47:00+00:00,XAUUSD,SHORT,LIQUIDITY_REVERSAL,LIQUIDITY_REVERSAL,1.0,100.0,A+,LONDON,2614.935,2624.642,2602.8,2602.8,2607.38,TIME,0.002,1.9415,0.3745,9.708,1.5109,0.7782,1.004,0.754,480,0.206,1.643,0.05,0.05,0.0,clear,sweep + rejection + CHoCH + displacement,519.8815
2024-10-11 13:41:00+00:00,2024-10-11 18:00:00+00:00,XAUUSD,SHORT,LIQUIDITY_REVERSAL,LIQUIDITY_REVERSAL,0.7,85.0,A,OVERLAP,2642.611,2662.209,2618.113,2618.113,2660.606,SESSION_END,0.001,1.9598,0.377,19.598,-1.7995,-0.9182,0.109,0.951,259,0.268,2.226,0.05,0.05,0.0,clear,sweep + rejection + CHoCH + displacement,518.082
2024-10-14 10:20:00+00:00,2024-10-14 12:52:00+00:00,XAUUSD,LONG,TREND_CONTINUATION,BULL,0.932,85.0,A,LONDON,2661.908,2652.0,2674.293,2674.293,2651.78,STOP,0.002,1.9816,0.3825,9.908,-2.0255,-1.0222,0.039,1.039,152,0.225,1.553,0.05,0.12,0.0,clear,trend pullback + LTF BOS,516.0565
2024-10-17 10:46:00+00:00,2024-10-17 15:38:00+00:00,XAUUSD,LONG,LIQUIDITY_REVERSAL,CHOPPY,0.572,100.0,A+,LONDON,2680.705,2670.146,2693.903,2693.903,2693.749,TP2,0.002,2.1118,0.4092,10.559,2.6087,1.2353,1.307,0.738,292,0.22,1.538,0.05,0.0,0.0,clear,sweep + rejection + CHoCH + displacement,518.6652
2024-10-18 11:37:00+00:00,2024-10-18 18:00:00+00:00,XAUUSD,SHORT,LIQUIDITY_REVERSAL,LIQUIDITY_REVERSAL,1.0,85.0,A,LONDON,2707.919,2721.138,2691.396,2691.396,2718.109,SESSION_END,0.001,1.3219,0.2549,13.219,-1.019,-0.7708,0.235,0.914,383,0.211,1.461,0.05,0.05,0.0,clear,sweep + rejection + CHoCH + displacement,517.6462
2024-10-29 13:01:00+00:00,2024-10-29 13:46:00+00:00,XAUUSD,SHORT,LIQUIDITY_REVERSAL,LIQUIDITY_REVERSAL,0.7,75.0,B,OVERLAP,2748.798,2760.975,2733.577,2733.577,2761.231,STOP,0.002,2.4354,0.4705,12.177,-2.4866,-1.021,0.0,1.126,45,0.213,1.761,0.05,0.12,0.0,clear,sweep + rejection + CHoCH + displacement,515.1596
2024-11-04 13:25:00+00:00,2024-11-04 21:00:00+00:00,XAUUSD,SHORT,LIQUIDITY_REVERSAL,CHOPPY,0.624,90.0,A+,OVERLAP,2740.257,2752.268,2725.243,2725.243,2737.871,SESSION_END,0.002,2.4023,0.4663,12.011,0.4771,0.1986,0.718,0.646,455,0.216,1.897,0.05,0.05,0.0,clear,sweep + rejection + CHoCH + displacement,515.6367
2024-11-05 15:06:00+00:00,2024-11-05 21:00:00+00:00,XAUUSD,SHORT,LIQUIDITY_REVERSAL,LIQUIDITY_REVERSAL,0.7,100.0,A+,OVERLAP,2740.17,2765.398,2708.635,2708.635,2743.222,SESSION_END,0.001,2.5228,0.4893,25.228,-0.3052,-0.121,0.288,0.169,354,0.27,2.585,0.05,0.05,0.0,clear,sweep + rejection + CHoCH + displacement,515.3316
2024-11-07 10:01:00+00:00,2024-11-07 12:46:00+00:00,XAUUSD,SHORT,LIQUIDITY_REVERSAL,LIQUIDITY_REVERSAL,0.8,100.0,A+,LONDON,2661.271,2671.417,2648.589,2648.589,2671.621,STOP,0.002,2.0292,0.3938,10.146,-2.0699,-1.02,0.153,1.014,165,0.187,2.068,0.05,0.12,0.0,clear,sweep + rejection + CHoCH + displacement,513.2617
2024-11-07 19:36:00+00:00,2024-11-07 21:00:00+00:00,XAUUSD,LONG,LIQUIDITY_REVERSAL,LIQUIDITY_REVERSAL,1.0,85.0,A,NEWYORK,2694.667,2680.753,2712.06,2712.06,2703.19,SESSION_END,0.001,1.3914,0.2711,13.914,0.8523,0.6125,1.119,0.522,84,0.265,2.684,0.05,0.05,0.0,clear,sweep + rejection + CHoCH + displacement,514.114
2024-11-11 02:38:00+00:00,2024-11-11 10:38:00+00:00,XAUUSD,SHORT,BREAKOUT,BEAR,0.784,65.0,NO_TRADE,ASIA,2667.842,2684.463,2647.065,2647.065,2668.922,TIME,0.001,1.6621,0.3233,16.621,-0.1081,-0.065,0.245,0.444,480,0.427,2.236,0.05,0.05,0.0,clear,compression -> confirmed range break + momentum,514.0059
2024-11-11 11:01:00+00:00,2024-11-11 13:39:00+00:00,XAUUSD,SHORT,BREAKOUT,STRONG_BEAR,0.845,85.0,A,LONDON,2661.512,2679.167,2639.443,2639.443,2639.595,TP2,0.001,1.7655,0.3435,17.655,2.1916,1.2414,1.274,0.304,158,0.247,2.251,0.05,0.0,0.0,clear,compression -> confirmed range break + momentum,516.1976
2024-11-12 07:26:00+00:00,2024-11-12 15:26:00+00:00,XAUUSD,SHORT,BREAKOUT,BEAR,0.618,85.0,A,LONDON,2601.319,2619.776,2578.247,2578.247,2606.116,TIME,0.001,1.8457,0.3576,18.457,-0.4798,-0.2599,0.64,0.843,480,0.293,2.777,0.05,0.05,0.0,clear,compression -> confirmed range break + momentum,515.7178
2024-11-14 04:01:00+00:00,2024-11-14 09:51:00+00:00,XAUUSD,SHORT,TREND_CONTINUATION,STRONG_BEAR,1.0,85.0,A,ASIA,2559.196,2574.489,2540.079,2540.079,2540.222,TP2,0.001,1.5293,0.2965,15.293,1.8974,1.2407,1.469,0.387,350,0.399,1.869,0.05,0.0,0.0,clear,trend pullback + LTF BOS,517.6152
2024-11-14 20:06:00+00:00,2024-11-14 21:00:00+00:00,XAUUSD,SHORT,LIQUIDITY_REVERSAL,LIQUIDITY_REVERSAL,0.7,100.0,A+,NEWYORK,2569.43,2588.835,2545.174,2545.174,2568.63,SESSION_END,0.001,1.9405,0.3749,19.405,0.08,0.0412,0.293,0.242,54,0.229,2.033,0.05,0.05,0.0,clear,sweep + rejection + CHoCH + displacement,517.6951
2024-11-15 13:39:00+00:00,2024-11-15 18:00:00+00:00,XAUUSD,SHORT,LIQUIDITY_REVERSAL,CHOPPY,0.577,100.0,A+,OVERLAP,2568.23,2588.342,2543.089,2543.089,2562.402,SESSION_END,0.001,2.0113,0.3885,20.113,0.5828,0.2898,0.407,0.382,261,0.271,3.212,0.05,0.05,0.0,clear,sweep + rejection + CHoCH + displacement,518.2779
2024-11-19 13:58:00+00:00,2024-11-19 21:00:00+00:00,XAUUSD,LONG,TREND_CONTINUATION,STRONG_BULL,1.0,95.0,A+,OVERLAP,2636.346,2616.724,2660.873,2660.873,2632.732,SESSION_END,0.001,1.9622,0.3786,19.622,-0.3614,-0.1842,0.025,0.785,422,0.262,2.761,0.05,0.05,0.0,clear,trend pullback + LTF BOS,517.9165
2024-11-21 07:32:00+00:00,2024-11-21 15:32:00+00:00,XAUUSD,LONG,BREAKOUT,BULL,1.0,80.0,B,LONDON,2663.963,2655.144,2674.986,2674.986,2669.216,TIME,0.002,1.7638,0.3406,8.819,1.0508,0.5958,1.068,0.414,480,0.215,1.49,0.05,0.05,0.0,clear,compression -> confirmed range break + momentum,518.9672
2024-11-22 04:51:00+00:00,2024-11-22 12:51:00+00:00,XAUUSD,LONG,BREAKOUT,STRONG_BULL,0.898,80.0,B,ASIA,2691.778,2672.45,2715.938,2715.938,2703.554,TIME,0.001,1.9328,0.3724,19.328,1.1776,0.6093,0.945,0.458,480,0.465,2.049,0.05,0.05,0.0,clear,compression -> confirmed range break + momentum,520.1448
2024-11-27 13:11:00+00:00,2024-11-27 21:00:00+00:00,XAUUSD,SHORT,LIQUIDITY_REVERSAL,LIQUIDITY_REVERSAL,0.7,100.0,A+,OVERLAP,2647.463,2665.501,2624.916,2624.916,2637.046,SESSION_END,0.001,1.8038,0.3468,18.038,1.0418,0.5776,0.752,0.59,469,0.201,1.936,0.05,0.05,0.0,clear,sweep + rejection + CHoCH + displacement,521.1866
2024-11-29 12:26:00+00:00,2024-11-29 15:00:00+00:00,XAUUSD,LONG,LIQUIDITY_REVERSAL,LIQUIDITY_REVERSAL,1.0,100.0,A+,OVERLAP,2663.517,2651.812,2678.148,2678.148,2651.551,STOP,0.002,2.341,0.4492,11.705,-2.3932,-1.0223,0.035,1.062,154,0.224,1.941,0.05,0.12,0.0,clear,sweep + rejection + CHoCH + displacement,518.7934
2024-12-03 11:22:00+00:00,2024-12-03 14:31:00+00:00,XAUUSD,LONG,LIQUIDITY_REVERSAL,CHOPPY,0.641,80.0,B,LONDON,2645.279,2637.391,2655.14,2655.14,2655.027,TP2,0.003,2.3664,0.4561,7.888,2.9243,1.2358,1.299,0.972,189,0.189,1.55,0.05,0.0,0.0,clear,sweep + rejection + CHoCH + displacement,521.7177
2024-12-04 13:21:00+00:00,2024-12-04 21:00:00+00:00,XAUUSD,LONG,LIQUIDITY_REVERSAL,LIQUIDITY_REVERSAL,0.7,100.0,A+,OVERLAP,2640.73,2618.135,2668.974,2668.974,2649.246,SESSION_END,0.001,2.2595,0.4331,22.595,0.8516,0.3769,0.72,0.0,459,0.29,2.84,0.05,0.05,0.0,clear,sweep + rejection + CHoCH + displacement,522.5693
2024-12-06 13:46:00+00:00,2024-12-06 18:00:00+00:00,XAUUSD,LONG,LIQUIDITY_REVERSAL,CHOPPY,0.633,85.0,A,OVERLAP,2637.081,2619.911,2658.543,2658.543,2634.117,SESSION_END,0.001,1.717,0.3286,17.17,-0.2963,-0.1726,0.257,0.77,254,0.333,3.579,0.05,0.05,0.0,clear,sweep + rejection + CHoCH + displacement,522.273
2024-12-09 11:29:00+00:00,2024-12-09 14:47:00+00:00,XAUUSD,LONG,TREND_CONTINUATION,BULL,0.921,80.0,B,LONDON,2657.795,2645.885,2672.682,2672.682,2672.557,TP2,0.002,2.3819,0.4561,11.909,2.9525,1.2395,1.333,0.388,198,0.2,1.611,0.05,0.0,0.0,clear,trend pullback + LTF BOS,525.2254
2024-12-10 01:01:00+00:00,2024-12-10 09:01:00+00:00,XAUUSD,LONG,BREAKOUT,COMPRESSION,0.989,80.0,B,ASIA,2665.444,2653.463,2680.42,2680.42,2662.149,TIME,0.002,2.3962,0.4562,11.981,-0.6591,-0.2751,0.683,0.417,480,0.318,1.274,0.05,0.05,0.0,clear,compression -> confirmed range break + momentum,524.5663
2024-12-10 15:58:00+00:00,2024-12-10 21:00:00+00:00,XAUUSD,LONG,TREND_CONTINUATION,STRONG_BULL,0.947,100.0,A+,OVERLAP,2688.665,2676.828,2703.46,2703.46,2691.499,SESSION_END,0.002,2.3673,0.4513,11.836,0.5667,0.2394,0.567,0.35,302,0.22,2.179,0.05,0.05,0.0,clear,trend pullback + LTF BOS,525.1331
2024-12-11 13:36:00+00:00,2024-12-11 21:00:00+00:00,XAUUSD,LONG,LIQUIDITY_REVERSAL,LIQUIDITY_REVERSAL,1.0,100.0,A+,OVERLAP,2699.141,2675.783,2728.338,2728.338,2716.16,SESSION_END,0.001,2.3358,0.4448,23.358,1.7019,0.7286,0.936,0.118,444,0.233,2.545,0.05,0.05,0.0,clear,sweep + rejection + CHoCH + displacement,526.835
2024-12-13 07:31:00+00:00,2024-12-13 10:06:00+00:00,XAUUSD,SHORT,BREAKOUT,COMPRESSION,0.958,85.0,A,LONDON,2681.396,2692.907,2667.007,2667.007,2667.134,TP2,0.002,2.3023,0.437,11.511,2.8524,1.239,1.287,0.29,155,0.216,1.684,0.05,0.0,0.0,clear,compression -> confirmed range break + momentum,529.6874
2024-12-16 08:26:00+00:00,2024-12-16 16:26:00+00:00,XAUUSD,LONG,BREAKOUT,COMPRESSION,0.953,80.0,B,LONDON,2657.978,2648.302,2670.072,2670.072,2650.329,TIME,0.002,1.9351,0.3653,9.676,-1.5296,-0.7905,0.648,0.771,480,0.219,1.621,0.05,0.05,0.0,clear,compression -> confirmed range break + momentum,528.1578
2024-12-17 13:51:00+00:00,2024-12-17 21:00:00+00:00,XAUUSD,SHORT,LIQUIDITY_REVERSAL,BEAR,0.811,100.0,A+,OVERLAP,2637.862,2656.008,2615.178,2615.178,2644.35,SESSION_END,0.001,1.8146,0.3436,18.146,-0.6488,-0.3576,0.279,0.606,429,0.267,2.353,0.05,0.05,0.0,clear,sweep + rejection + CHoCH + displacement,527.5089
2024-12-18 08:22:00+00:00,2024-12-18 15:09:00+00:00,XAUUSD,LONG,LIQUIDITY_REVERSAL,LIQUIDITY_REVERSAL,0.7,85.0,A,LONDON,2646.443,2634.549,2661.31,2661.31,2634.31,STOP,0.002,2.3788,0.4509,11.894,-2.4267,-1.0202,0.26,1.026,407,0.236,1.49,0.05,0.12,0.0,clear,sweep + rejection + CHoCH + displacement,525.0822
2024-12-20 07:36:00+00:00,2024-12-20 14:16:00+00:00,XAUUSD,SHORT,LIQUIDITY_REVERSAL,LIQUIDITY_REVERSAL,1.0,95.0,A+,LONDON,2602.658,2615.16,2587.032,2587.032,2615.405,STOP,0.002,2.5003,0.4762,12.501,-2.5493,-1.0196,0.235,1.004,400,0.193,1.718,0.05,0.12,0.0,clear,sweep + rejection + CHoCH + displacement,522.5329
2025-01-06 11:16:00+00:00,2025-01-06 13:47:00+00:00,XAUUSD,LONG,LIQUIDITY_REVERSAL,LIQUIDITY_REVERSAL,0.7,75.0,B,LONDON,2638.165,2622.083,2658.268,2658.268,2621.776,STOP,0.001,1.6083,0.3217,16.083,-1.639,-1.0191,0.693,1.017,151,0.241,1.773,0.05,0.12,0.0,clear,sweep + rejection + CHoCH + displacement,498.361
2025-01-08 13:31:00+00:00,2025-01-08 14:37:00+00:00,XAUUSD,SHORT,LIQUIDITY_REVERSAL,LIQUIDITY_REVERSAL,0.7,75.0,B,OVERLAP,2654.708,2667.256,2639.023,2639.023,2667.532,STOP,0.001,1.2548,0.2518,12.548,-1.2825,-1.0221,0.187,1.021,66,0.315,2.625,0.05,0.12,0.0,clear,sweep + rejection + CHoCH + displacement,497.0786
2025-01-10 13:45:00+00:00,2025-01-10 14:29:00+00:00,XAUUSD,SHORT,LIQUIDITY_REVERSAL,LIQUIDITY_REVERSAL,0.7,85.0,A,OVERLAP,2675.377,2690.381,2656.623,2656.623,2690.705,STOP,0.001,1.5004,0.3018,15.004,-1.5328,-1.0216,0.058,1.011,44,0.361,3.553,0.05,0.12,0.0,clear,sweep + rejection + CHoCH + displacement,495.5458
2025-01-13 08:06:00+00:00,2025-01-13 10:26:00+00:00,XAUUSD,LONG,LIQUIDITY_REVERSAL,LIQUIDITY_REVERSAL,0.7,100.0,A+,LONDON,2688.017,2677.759,2700.839,2700.839,2677.504,STOP,0.002,2.0516,0.414,10.258,-2.1026,-1.0249,0.141,1.062,140,0.224,1.65,0.05,0.12,0.0,clear,sweep + rejection + CHoCH + displacement,493.4431
2025-01-14 20:20:00+00:00,2025-01-14 21:00:00+00:00,XAUUSD,SHORT,LIQUIDITY_REVERSAL,LIQUIDITY_REVERSAL,0.8,100.0,A+,NEWYORK,2671.943,2681.033,2660.581,2660.581,2677.024,SESSION_END,0.002,1.818,0.3684,9.09,-1.0161,-0.5589,0.029,0.507,40,0.224,1.338,0.05,0.05,0.0,clear,sweep + rejection + CHoCH + displacement,492.427
2025-01-15 13:34:00+00:00,2025-01-15 21:00:00+00:00,XAUUSD,LONG,LIQUIDITY_REVERSAL,BULL,0.55,90.0,A+,OVERLAP,2687.121,2673.352,2704.332,2704.332,2695.817,SESSION_END,0.001,1.3769,0.2796,13.769,0.8696,0.6316,0.687,0.776,446,0.224,1.708,0.05,0.05,0.0,clear,sweep + rejection + CHoCH + displacement,493.2966
2025-01-16 00:21:00+00:00,2025-01-16 08:21:00+00:00,XAUUSD,LONG,LIQUIDITY_REVERSAL,BULL,0.57,100.0,A+,ASIA,2697.669,2684.624,2713.975,2713.975,2702.579,TIME,0.001,1.3045,0.2644,13.045,0.491,0.3764,0.404,0.609,480,0.379,1.316,0.05,0.05,0.0,clear,sweep + rejection + CHoCH + displacement,493.7876
2025-01-16 10:12:00+00:00,2025-01-16 16:37:00+00:00,XAUUSD,LONG,BREAKOUT,BULL,0.93,70.0,NO_TRADE,LONDON,2708.268,2698.014,2721.086,2721.086,2720.908,TP2,0.002,2.0509,0.4153,10.254,2.5281,1.2327,1.277,0.809,385,0.266,1.946,0.05,0.0,0.0,clear,compression -> confirmed range break + momentum,496.3157
2025-01-17 14:46:00+00:00,2025-01-17 18:00:00+00:00,XAUUSD,LONG,LIQUIDITY_REVERSAL,LIQUIDITY_REVERSAL,0.8,100.0,A+,OVERLAP,2710.297,2689.685,2736.062,2736.062,2711.947,SESSION_END,0.001,2.0612,0.4153,20.612,0.165,0.0801,0.334,0.062,194,0.284,2.472,0.05,0.05,0.0,clear,sweep + rejection + CHoCH + displacement,496.4807
2025-01-20 13:34:00+00:00,2025-01-20 23:00:00+00:00,XAUUSD,SHORT,LIQUIDITY_REVERSAL,CHOPPY,0.621,85.0,A,OVERLAP,2705.069,2718.735,2687.987,2687.987,2706.931,SESSION_END,0.001,1.3666,0.2753,13.666,-0.1862,-0.1363,0.261,0.495,355,0.192,1.42,0.05,0.05,0.0,clear,sweep + rejection + CHoCH + displacement,496.2944
2025-01-21 18:27:00+00:00,2025-01-21 21:00:00+00:00,XAUUSD,LONG,TREND_CONTINUATION,STRONG_BULL,0.991,85.0,A,NEWYORK,2743.07,2733.5,2755.032,2755.032,2741.655,SESSION_END,0.002,1.9139,0.3856,9.57,-0.283,-0.1478,0.29,0.334,153,0.244,1.904,0.05,0.05,0.0,clear,trend pullback + LTF BOS,496.0115
2025-01-22 07:11:00+00:00,2025-01-22 15:11:00+00:00,XAUUSD,LONG,LIQUIDITY_REVERSAL,LIQUIDITY_REVERSAL,1.0,100.0,A+,LONDON,2749.926,2738.635,2764.041,2764.041,2752.449,TIME,0.002,2.2583,0.4553,11.292,0.5046,0.2234,1.176,0.291,480,0.223,1.912,0.05,0.05,0.0,clear,sweep + rejection + CHoCH + displacement,496.516
2025-01-23 20:01:00+00:00,2025-01-23 21:00:00+00:00,XAUUSD,SHORT,LIQUIDITY_REVERSAL,LIQUIDITY_REVERSAL,1.0,85.0,A,NEWYORK,2752.646,2764.941,2737.277,2737.277,2754.019,SESSION_END,0.002,2.459,0.4952,12.295,-0.2746,-0.1117,0.128,0.16,59,0.238,1.509,0.05,0.05,0.0,clear,sweep + rejection + CHoCH + displacement,496.2414
2025-01-24 11:36:00+00:00,2025-01-24 16:53:00+00:00,XAUUSD,LONG,BREAKOUT,BULL,0.961,85.0,A,LONDON,2779.26,2770.078,2790.738,2790.738,2769.805,STOP,0.002,1.8365,0.3701,9.182,-1.8911,-1.0298,0.715,1.04,317,0.23,1.788,0.05,0.12,0.0,clear,compression -> confirmed range break + momentum,494.3503
2025-01-29 19:38:00+00:00,2025-01-29 21:00:00+00:00,XAUUSD,LONG,LIQUIDITY_REVERSAL,LIQUIDITY_REVERSAL,0.7,100.0,A+,NEWYORK,2750.08,2736.19,2767.441,2767.441,2753.73,SESSION_END,0.001,1.3889,0.281,13.889,0.3651,0.2628,0.64,0.0,82,0.369,2.444,0.05,0.05,0.0,clear,sweep + rejection + CHoCH + displacement,494.7153
2025-01-30 12:16:00+00:00,2025-01-30 15:07:00+00:00,XAUUSD,LONG,TREND_CONTINUATION,STRONG_BULL,1.0,100.0,A+,OVERLAP,2779.127,2770.853,2789.47,2789.47,2789.325,TP2,0.002,1.6549,0.3345,8.274,2.0395,1.2324,1.267,0.263,171,0.184,1.171,0.05,0.0,0.0,clear,trend pullback + LTF BOS,496.7549
2025-01-30 18:25:00+00:00,2025-01-30 21:00:00+00:00,XAUUSD,LONG,TREND_CONTINUATION,STRONG_BULL,1.0,85.0,A,NEWYORK,2796.628,2776.222,2822.136,2822.136,2795.238,SESSION_END,0.001,2.0406,0.4108,20.406,-0.1391,-0.0682,0.071,0.296,155,0.326,2.199,0.05,0.05,0.0,clear,trend pullback + LTF BOS,496.6158
2025-02-04 01:47:00+00:00,2025-02-04 06:22:00+00:00,XAUUSD,LONG,BREAKOUT,COMPRESSION,0.937,65.0,NO_TRADE,ASIA,2823.696,2812.24,2838.016,2838.016,2811.951,STOP,0.002,2.2912,0.4614,11.456,-2.349,-1.0252,0.065,1.002,275,0.321,1.536,0.05,0.12,0.0,clear,compression -> confirmed range break + momentum,494.2668
2025-02-04 12:56:00+00:00,2025-02-04 13:24:00+00:00,XAUUSD,LONG,BREAKOUT,COMPRESSION,0.968,85.0,A,OVERLAP,2822.177,2813.306,2833.265,2833.265,2833.167,TP2,0.002,1.7741,0.3589,8.871,2.1981,1.239,1.252,0.114,28,0.184,1.727,0.05,0.0,0.0,clear,compression -> confirmed range break + momentum,496.4649
2025-02-04 14:36:00+00:00,2025-02-04 21:00:00+00:00,XAUUSD,LONG,BREAKOUT,BULL,0.56,85.0,A,OVERLAP,2838.388,2825.896,2854.003,2854.003,2843.171,SESSION_END,0.001,1.2492,0.2516,12.492,0.4783,0.3829,0.556,0.479,384,0.259,2.935,0.05,0.05,0.0,clear,compression -> confirmed range break + momentum,496.9433
2025-02-06 08:41:00+00:00,2025-02-06 16:41:00+00:00,XAUUSD,LONG,LIQUIDITY_REVERSAL,LIQUIDITY_REVERSAL,1.0,100.0,A+,LONDON,2857.967,2833.132,2889.011,2889.011,2852.382,TIME,0.001,2.4835,0.4998,24.835,-0.5586,-0.2249,0.486,0.967,480,0.285,2.708,0.05,0.05,0.0,clear,sweep + rejection + CHoCH + displacement,496.3847
2025-02-06 19:53:00+00:00,2025-02-06 21:00:00+00:00,XAUUSD,LONG,LIQUIDITY_REVERSAL,LIQUIDITY_REVERSAL,0.7,100.0,A+,NEWYORK,2853.44,2844.488,2864.631,2864.631,2855.734,SESSION_END,0.002,1.7905,0.3607,8.953,0.4588,0.2562,0.419,0.005,67,0.211,1.556,0.05,0.05,0.0,clear,sweep + rejection + CHoCH + displacement,496.8435
2025-02-07 15:16:00+00:00,2025-02-07 16:17:00+00:00,XAUUSD,LONG,BREAKOUT,EXPANSION,0.876,65.0,NO_TRADE,OVERLAP,2879.944,2865.416,2898.105,2898.105,2865.035,STOP,0.001,1.4528,0.2924,14.528,-1.491,-1.0262,0.458,1.012,61,0.393,4.267,0.05,0.12,0.0,clear,compression -> confirmed range break + momentum,495.3526
2025-02-10 10:55:00+00:00,2025-02-10 18:55:00+00:00,XAUUSD,LONG,TREND_CONTINUATION,STRONG_BULL,0.946,85.0,A,LONDON,2901.635,2891.485,2914.322,2914.322,2904.833,TIME,0.002,2.03,0.4098,10.15,0.6396,0.3151,0.987,0.535,480,0.24,2.046,0.05,0.05,0.0,clear,trend pullback + LTF BOS,495.9922
2025-02-11 01:10:00+00:00,2025-02-11 02:40:00+00:00,XAUUSD,LONG,BREAKOUT,STRONG_BULL,1.0,70.0,NO_TRADE,ASIA,2924.596,2910.081,2942.74,2942.74,2909.605,STOP,0.001,1.4515,0.2927,14.515,-1.4991,-1.0328,1.245,1.349,90,0.422,2.274,0.05,0.12,0.0,clear,compression -> confirmed range break + momentum,494.4931
2025-02-12 13:21:00+00:00,2025-02-12 14:33:00+00:00,XAUUSD,SHORT,BREAKOUT,BEAR,0.915,100.0,A+,OVERLAP,2874.495,2896.305,2847.231,2847.231,2896.586,STOP,0.001,2.1811,0.4411,21.811,-2.2092,-1.0129,0.496,1.0,72,0.221,2.833,0.05,0.12,0.0,clear,compression -> confirmed range break + momentum,492.2839
2025-02-13 01:04:00+00:00,2025-02-13 04:08:00+00:00,XAUUSD,SHORT,LIQUIDITY_REVERSAL,BULL,0.867,80.0,B,ASIA,2903.489,2917.858,2885.529,2885.529,2918.163,STOP,0.001,1.4369,0.2919,14.369,-1.4673,-1.0212,0.16,1.026,184,0.331,1.592,0.05,0.12,0.0,clear,sweep + rejection + CHoCH + displacement,490.8166
2025-02-14 08:21:00+00:00,2025-02-14 13:05:00+00:00,XAUUSD,LONG,BREAKOUT,EXPANSION,0.871,85.0,A,LONDON,2938.316,2926.928,2952.55,2952.55,2926.705,STOP,0.002,2.2776,0.464,11.388,-2.3221,-1.0196,0.142,1.105,284,0.241,2.06,0.05,0.12,0.0,clear,compression -> confirmed range break + momentum,488.4944
2025-02-14 13:36:00+00:00,2025-02-14 14:01:00+00:00,XAUUSD,LONG,LIQUIDITY_REVERSAL,LIQUIDITY_REVERSAL,1.0,100.0,A+,OVERLAP,2932.369,2915.514,2953.437,2953.437,2915.246,STOP,0.001,1.6855,0.345,16.855,-1.7122,-1.0159,0.046,1.026,25,0.247,2.586,0.05,0.12,0.0,clear,sweep + rejection + CHoCH + displacement,486.7822
2025-02-17 08:37:00+00:00,2025-02-17 16:37:00+00:00,XAUUSD,SHORT,LIQUIDITY_REVERSAL,LIQUIDITY_REVERSAL,0.8,100.0,A+,LONDON,2896.034,2911.544,2876.645,2876.645,2897.694,TIME,0.001,1.5511,0.3186,15.511,-0.166,-0.107,0.045,0.656,480,0.223,1.959,0.05,0.05,0.0,clear,sweep + rejection + CHoCH + displacement,486.6162
2025-02-18 13:46:00+00:00,2025-02-18 19:36:00+00:00,XAUUSD,LONG,BREAKOUT,EXPANSION,0.834,85.0,A,OVERLAP,2920.882,2909.473,2935.144,2935.144,2935.036,TP2,0.002,2.2818,0.4689,11.409,2.8307,1.2405,1.257,0.299,350,0.215,1.999,0.05,0.0,0.0,clear,compression -> confirmed range break + momentum,489.4469
2025-02-19 02:32:00+00:00,2025-02-19 10:32:00+00:00,XAUUSD,SHORT,LIQUIDITY_REVERSAL,LIQUIDITY_REVERSAL,0.8,85.0,A,ASIA,2934.006,2948.326,2916.106,2916.106,2944.273,TIME,0.001,1.432,0.2926,14.32,-1.0267,-0.717,0.699,0.898,480,0.398,1.602,0.05,0.05,0.0,clear,sweep + rejection + CHoCH + displacement,488.4201
2025-02-24 08:56:00+00:00,2025-02-24 16:56:00+00:00,XAUUSD,LONG,BREAKOUT,COMPRESSION,0.968,80.0,B,LONDON,2947.985,2928.093,2972.851,2972.851,2942.279,TIME,0.001,1.9893,0.4073,19.893,-0.5706,-0.2869,0.405,0.875,480,0.241,2.347,0.05,0.05,0.0,clear,compression -> confirmed range break + momentum,487.8495
2025-02-26 13:56:00+00:00,2025-02-26 14:11:00+00:00,XAUUSD,SHORT,BREAKOUT,COMPRESSION,0.963,80.0,B,OVERLAP,2907.621,2918.545,2893.966,2893.966,2894.09,TP2,0.002,2.1848,0.4478,10.924,2.7061,1.2386,1.36,0.0,15,0.208,2.096,0.05,0.0,0.0,clear,compression -> confirmed range break + momentum,490.5556
2025-02-28 04:22:00+00:00,2025-02-28 12:22:00+00:00,XAUUSD,SHORT,BREAKOUT,BEAR,0.878,80.0,B,ASIA,2859.437,2874.938,2840.062,2840.062,2863.595,TIME,0.001,1.55,0.316,15.5,-0.4158,-0.2682,0.558,0.48,480,0.475,3.088,0.05,0.05,0.0,clear,compression -> confirmed range break + momentum,490.1398
2025-02-28 14:01:00+00:00,2025-02-28 18:00:00+00:00,XAUUSD,SHORT,BREAKOUT,BEAR,1.0,85.0,A,OVERLAP,2847.809,2865.676,2825.476,2825.476,2845.189,SESSION_END,0.001,1.7866,0.3645,17.866,0.262,0.1467,0.859,0.335,239,0.238,3.164,0.05,0.05,0.0,clear,compression -> confirmed range break + momentum,490.4018
2025-03-03 08:01:00+00:00,2025-03-03 12:03:00+00:00,XAUUSD,LONG,LIQUIDITY_REVERSAL,LIQUIDITY_REVERSAL,0.8,80.0,B,LONDON,2863.528,2853.796,2875.693,2875.693,2875.608,TP2,0.002,1.9464,0.3969,9.732,2.4159,1.2412,1.301,0.492,242,0.186,1.639,0.05,0.0,0.0,clear,sweep + rejection + CHoCH + displacement,492.8178
2025-03-04 09:31:00+00:00,2025-03-04 14:43:00+00:00,XAUUSD,LONG,BREAKOUT,STRONG_BULL,0.867,85.0,A,LONDON,2920.43,2908.041,2935.916,2935.916,2907.794,STOP,0.001,1.2389,0.2514,12.389,-1.2636,-1.0199,0.588,1.014,312,0.289,3.11,0.05,0.12,0.0,clear,compression -> confirmed range break + momentum,491.5542
2025-03-05 17:01:00+00:00,2025-03-05 21:00:00+00:00,XAUUSD,SHORT,LIQUIDITY_REVERSAL,LIQUIDITY_REVERSAL,0.8,85.0,A,NEWYORK,2923.569,2941.125,2901.624,2901.624,2922.074,SESSION_END,0.001,1.7556,0.3572,17.556,0.1495,0.0851,0.709,0.0,239,0.352,3.796,0.05,0.05,0.0,clear,sweep + rejection + CHoCH + displacement,491.7037
2025-03-07 13:09:00+00:00,2025-03-07 14:01:00+00:00,XAUUSD,SHORT,LIQUIDITY_REVERSAL,LIQUIDITY_REVERSAL,0.8,70.0,NO_TRADE,OVERLAP,2919.577,2927.989,2909.062,2909.062,2909.209,TP2,0.002,1.6823,0.3421,8.412,2.0735,1.2325,1.943,0.774,52,0.196,1.91,0.05,0.0,0.0,clear,sweep + rejection + CHoCH + displacement,493.7772
2025-03-11 12:43:00+00:00,2025-03-11 20:43:00+00:00,XAUUSD,LONG,LIQUIDITY_REVERSAL,LIQUIDITY_REVERSAL,0.8,80.0,B,OVERLAP,2915.497,2901.661,2932.791,2932.791,2916.034,TIME,0.001,1.3835,0.2802,13.835,0.0538,0.0389,0.474,0.638,480,0.183,1.709,0.05,0.05,0.0,clear,sweep + rejection + CHoCH + displacement,493.831
2025-03-12 12:36:00+00:00,2025-03-12 20:36:00+00:00,XAUUSD,LONG,LIQUIDITY_REVERSAL,LIQUIDITY_REVERSAL,0.7,100.0,A+,OVERLAP,2920.485,2897.902,2948.715,2948.715,2932.364,TIME,0.001,2.2584,0.4573,22.584,1.1879,0.526,0.879,0.652,480,0.241,2.318,0.05,0.05,0.0,clear,sweep + rejection + CHoCH + displacement,495.0189
2025-03-13 11:43:00+00:00,2025-03-13 14:41:00+00:00,XAUUSD,LONG,TREND_CONTINUATION,BULL,0.997,85.0,A,LONDON,2947.815,2938.051,2960.02,2960.02,2959.89,TP2,0.002,1.9528,0.3945,9.764,2.415,1.2367,1.358,0.93,178,0.22,1.646,0.05,0.0,0.0,clear,trend pullback + LTF BOS,497.4338
2025-03-14 13:36:00+00:00,2025-03-14 18:00:00+00:00,XAUUSD,SHORT,LIQUIDITY_REVERSAL,LIQUIDITY_REVERSAL,0.7,85.0,A,OVERLAP,2989.531,3007.102,2967.566,2967.566,2986.318,SESSION_END,0.001,1.7571,0.3532,17.571,0.3212,0.1828,0.651,0.206,264,0.269,2.928,0.05,0.05,0.0,clear,sweep + rejection + CHoCH + displacement,497.7551
2025-03-18 05:47:00+00:00,2025-03-18 13:47:00+00:00,XAUUSD,LONG,TREND_CONTINUATION,STRONG_BULL,0.938,95.0,A+,ASIA,3013.53,2993.537,3038.521,3038.521,3031.284,TIME,0.001,1.9993,0.4017,19.993,1.7754,0.888,1.227,0.159,480,0.489,2.04,0.05,0.05,0.0,clear,trend pullback + LTF BOS,499.5304
2025-03-19 06:46:00+00:00,2025-03-19 14:46:00+00:00,XAUUSD,LONG,LIQUIDITY_REVERSAL,BULL,1.0,85.0,A,ASIA,3042.162,3021.787,3067.63,3067.63,3029.83,TIME,0.001,2.0375,0.4079,20.375,-1.2332,-0.6053,0.085,0.974,480,0.514,2.329,0.05,0.05,0.0,clear,sweep + rejection + CHoCH + displacement,498.2972
2025-03-20 13:39:00+00:00,2025-03-20 22:00:00+00:00,XAUUSD,LONG,LIQUIDITY_REVERSAL,LIQUIDITY_REVERSAL,0.7,100.0,A+,OVERLAP,3037.322,3017.076,3062.629,3062.629,3044.314,SESSION_END,0.001,2.0246,0.4063,20.246,0.6993,0.3454,0.425,0.341,441,0.253,2.85,0.05,0.05,0.0,clear,sweep + rejection + CHoCH + displacement,498.9965
2025-03-26 08:16:00+00:00,2025-03-26 13:57:00+00:00,XAUUSD,SHORT,LIQUIDITY_REVERSAL,LIQUIDITY_REVERSAL,0.7,75.0,B,LONDON,3028.302,3038.06,3016.104,3016.104,3016.239,TP2,0.002,1.9516,0.3911,9.758,2.4124,1.2361,1.303,0.203,341,0.227,1.503,0.05,0.0,0.0,clear,sweep + rejection + CHoCH + displacement,501.4089
2025-04-01 03:16:00+00:00,2025-04-01 08:46:00+00:00,XAUUSD,LONG,BREAKOUT,BULL,0.874,85.0,A,ASIA,3138.462,3124.597,3155.793,3155.793,3124.351,STOP,0.001,1.3865,0.2765,13.865,-1.4111,-1.0177,0.748,1.021,330,0.414,2.757,0.05,0.12,0.0,clear,compression -> confirmed range break + momentum,499.9978
2025-04-03 18:01:00+00:00,2025-04-03 21:00:00+00:00,XAUUSD,SHORT,TREND_CONTINUATION,BEAR,0.952,85.0,A,NEWYORK,3106.196,3123.33,3084.778,3084.778,3108.892,SESSION_END,0.001,1.7134,0.3427,17.134,-0.2696,-0.1574,0.379,0.403,179,0.304,5.017,0.05,0.05,0.0,clear,trend pullback + LTF BOS,499.7282
2025-04-04 03:31:00+00:00,2025-04-04 09:42:00+00:00,XAUUSD,SHORT,BREAKOUT,COMPRESSION,0.979,80.0,B,ASIA,3102.928,3121.262,3080.011,3080.011,3080.121,TP2,0.001,1.8334,0.3669,18.334,2.2807,1.244,1.307,0.369,371,0.334,2.706,0.05,0.0,0.0,clear,compression -> confirmed range break + momentum,502.0089
2025-04-07 14:19:00+00:00,2025-04-07 14:36:00+00:00,XAUUSD,LONG,LIQUIDITY_REVERSAL,CHOPPY,0.641,80.0,B,OVERLAP,3026.494,3007.032,3050.822,3050.822,3006.808,STOP,0.001,1.9462,0.3877,19.462,-1.9686,-1.0115,0.188,1.097,17,0.199,5.708,0.05,0.12,0.0,clear,sweep + rejection + CHoCH + displacement,500.0403
2025-04-08 02:14:00+00:00,2025-04-08 10:14:00+00:00,XAUUSD,LONG,BREAKOUT,COMPRESSION,1.0,50.0,NO_TRADE,ASIA,2995.591,2975.584,3020.6,3020.6,3002.832,TIME,0.001,2.0007,0.4001,20.007,0.7241,0.3619,0.998,0.316,480,0.312,3.786,0.05,0.05,0.0,clear,compression -> confirmed range break + momentum,500.7644
2025-04-08 18:06:00+00:00,2025-04-08 21:00:00+00:00,XAUUSD,SHORT,BREAKOUT,EXPANSION,0.871,85.0,A,NEWYORK,2983.272,2998.937,2963.692,2963.692,2985.137,SESSION_END,0.001,1.5664,0.3128,15.664,-0.1864,-0.119,0.556,0.554,174,0.253,4.339,0.05,0.05,0.0,clear,compression -> confirmed range break + momentum,500.5779
2025-04-09 18:23:00+00:00,2025-04-09 18:25:00+00:00,XAUUSD,LONG,TREND_CONTINUATION,STRONG_BULL,1.0,85.0,A,NEWYORK,3087.2,3070.427,3108.165,3108.165,3070.145,STOP,0.001,1.6773,0.3351,16.773,-1.7055,-1.0168,0.018,1.166,2,0.269,4.859,0.05,0.12,0.0,clear,trend pullback + LTF BOS,498.8724
2025-04-10 09:03:00+00:00,2025-04-10 13:09:00+00:00,XAUUSD,SHORT,LIQUIDITY_REVERSAL,LIQUIDITY_REVERSAL,0.7,70.0,NO_TRADE,LONDON,3113.505,3128.072,3095.296,3095.296,3128.277,STOP,0.001,1.4567,0.292,14.567,-1.4772,-1.014,0.71,1.054,246,0.201,4.263,0.05,0.12,0.0,clear,sweep + rejection + CHoCH + displacement,497.3952
2025-04-10 13:47:00+00:00,2025-04-10 15:20:00+00:00,XAUUSD,SHORT,LIQUIDITY_REVERSAL,LIQUIDITY_REVERSAL,0.7,70.0,NO_TRADE,OVERLAP,3127.933,3145.313,3106.207,3106.207,3145.554,STOP,0.001,1.7381,0.3494,17.381,-1.7622,-1.0139,0.689,1.042,93,0.205,4.989,0.05,0.12,0.0,clear,sweep + rejection + CHoCH + displacement,495.6331
2025-04-11 00:06:00+00:00,2025-04-11 01:41:00+00:00,XAUUSD,LONG,BREAKOUT,STRONG_BULL,1.0,95.0,A+,ASIA,3189.695,3172.93,3210.651,3210.651,3210.461,TP2,0.001,1.6765,0.3382,16.765,2.0766,1.2387,1.263,0.428,95,0.34,3.784,0.05,0.0,0.0,clear,compression -> confirmed range break + momentum,497.7097
2025-04-14 14:20:00+00:00,2025-04-14 18:38:00+00:00,XAUUSD,SHORT,BREAKOUT,EXPANSION,0.95,55.0,NO_TRADE,OVERLAP,3198.628,3216.095,3176.794,3176.794,3216.318,STOP,0.001,1.7467,0.3509,17.467,-1.769,-1.0128,0.241,1.015,258,0.234,5.428,0.05,0.12,0.0,clear,compression -> confirmed range break + momentum,495.9407
2025-04-15 02:16:00+00:00,2025-04-15 10:16:00+00:00,XAUUSD,LONG,BREAKOUT,COMPRESSION,0.989,95.0,A+,ASIA,3216.885,3203.568,3233.532,3233.532,3228.312,TIME,0.001,1.3317,0.2685,13.317,1.1427,0.8581,1.171,0.011,480,0.3,2.108,0.05,0.05,0.0,clear,compression -> confirmed range break + momentum,497.0834
2025-04-16 18:31:00+00:00,2025-04-16 19:45:00+00:00,XAUUSD,LONG,TREND_CONTINUATION,STRONG_BULL,1.0,85.0,A,NEWYORK,3325.079,3313.4,3339.679,3339.679,3339.559,TP2,0.002,2.336,0.4699,11.68,2.8959,1.2397,1.312,0.004,74,0.249,3.409,0.05,0.0,0.0,clear,trend pullback + LTF BOS,499.9794
2025-04-17 13:16:00+00:00,2025-04-17 14:51:00+00:00,XAUUSD,LONG,BREAKOUT,COMPRESSION,0.947,85.0,A,OVERLAP,3334.506,3319.228,3353.603,3353.603,3318.984,STOP,0.001,1.5278,0.3056,15.278,-1.5521,-1.0159,0.253,1.058,95,0.202,3.707,0.05,0.12,0.0,clear,compression -> confirmed range break + momentum,498.4272
2025-04-21 07:42:00+00:00,2025-04-21 12:48:00+00:00,XAUUSD,LONG,BREAKOUT,COMPRESSION,0.932,80.0,B,LONDON,3391.02,3379.966,3404.838,3404.838,3404.739,TP2,0.002,2.2108,0.4436,11.054,2.7439,1.2411,1.272,0.854,306,0.21,3.232,0.05,0.0,0.0,clear,compression -> confirmed range break + momentum,501.1711
2025-04-21 13:21:00+00:00,2025-04-21 14:53:00+00:00,XAUUSD,LONG,BREAKOUT,BULL,0.858,100.0,A+,OVERLAP,3406.472,3392.081,3424.46,3424.46,3424.32,TP2,0.001,1.4391,0.2871,14.391,1.7848,1.2403,1.31,0.63,92,0.194,3.239,0.05,0.0,0.0,clear,compression -> confirmed range break + momentum,502.9559
2025-04-21 15:12:00+00:00,2025-04-21 21:00:00+00:00,XAUUSD,LONG,BREAKOUT,BULL,0.939,85.0,A,OVERLAP,3427.157,3403.78,3456.379,3456.379,3420.832,SESSION_END,0.001,2.3377,0.4648,23.377,-0.6326,-0.2706,0.137,0.913,348,0.285,5.832,0.05,0.05,0.0,clear,compression -> confirmed range break + momentum,502.3233
2025-04-23 14:21:00+00:00,2025-04-23 14:49:00+00:00,XAUUSD,SHORT,BREAKOUT,COMPRESSION,0.958,80.0,B,OVERLAP,3304.996,3325.707,3279.107,3279.107,3279.225,TP2,0.001,2.0711,0.4123,20.711,2.5771,1.2443,1.259,0.212,28,0.198,6.059,0.05,0.0,0.0,clear,compression -> confirmed range break + momentum,504.9005
2025-04-25 14:16:00+00:00,2025-04-25 18:00:00+00:00,XAUUSD,SHORT,BREAKOUT,STRONG_BEAR,0.893,70.0,NO_TRADE,OVERLAP,3281.501,3302.32,3255.479,3255.479,3284.665,SESSION_END,0.001,2.0818,0.4123,20.818,-0.3164,-0.152,0.803,0.281,224,0.227,5.567,0.05,0.05,0.0,clear,compression -> confirmed range break + momentum,504.5841
2025-04-28 06:36:00+00:00,2025-04-28 14:36:00+00:00,XAUUSD,SHORT,LIQUIDITY_REVERSAL,CHOPPY,0.575,90.0,A+,ASIA,3294.524,3312.145,3272.497,3272.497,3294.667,TIME,0.001,1.7621,0.3492,17.621,-0.0143,-0.0081,1.218,0.427,480,0.343,3.457,0.05,0.05,0.0,clear,sweep + rejection + CHoCH + displacement,504.5697
2025-05-01 11:01:00+00:00,2025-05-01 19:01:00+00:00,XAUUSD,SHORT,BREAKOUT,COMPRESSION,0.905,80.0,B,LONDON,3217.808,3234.603,3196.813,3196.813,3213.928,TIME,0.001,1.6796,0.3329,16.796,0.388,0.231,0.96,0.909,480,0.195,3.15,0.05,0.05,0.0,clear,compression -> confirmed range break + momentum,504.9578
2025-05-02 03:26:00+00:00,2025-05-02 08:35:00+00:00,XAUUSD,LONG,BREAKOUT,COMPRESSION,0.995,65.0,NO_TRADE,ASIA,3246.576,3233.653,3262.729,3262.729,3262.62,TP2,0.001,1.2923,0.2559,12.923,1.6044,1.2416,1.282,0.272,309,0.362,3.435,0.05,0.0,0.0,clear,compression -> confirmed range break + momentum,506.5622
2025-05-05 10:56:00+00:00,2025-05-05 15:06:00+00:00,XAUUSD,LONG,BREAKOUT,STRONG_BULL,0.944,85.0,A,LONDON,3305.016,3289.179,3324.811,3324.811,3324.698,TP2,0.001,1.5836,0.3126,15.836,1.9682,1.2429,1.418,0.034,250,0.261,4.129,0.05,0.0,0.0,clear,compression -> confirmed range break + momentum,508.5304
2025-05-06 20:22:00+00:00,2025-05-06 21:00:00+00:00,XAUUSD,LONG,TREND_CONTINUATION,STRONG_BULL,1.0,85.0,A,NEWYORK,3416.056,3405.721,3428.974,3428.974,3420.966,SESSION_END,0.002,2.0669,0.4064,10.335,0.982,0.4751,0.753,0.147,38,0.202,2.582,0.05,0.05,0.0,clear,trend pullback + LTF BOS,509.5124
2025-05-08 20:07:00+00:00,2025-05-08 21:00:00+00:00,XAUUSD,SHORT,TREND_CONTINUATION,STRONG_BEAR,0.949,85.0,A,NEWYORK,3302.181,3324.348,3274.472,3274.472,3309.138,SESSION_END,0.001,2.2167,0.4351,22.167,-0.6957,-0.3138,0.62,0.336,53,0.227,3.645,0.05,0.05,0.0,clear,trend pullback + LTF BOS,508.8167
2025-05-13 01:12:00+00:00,2025-05-13 02:32:00+00:00,XAUUSD,LONG,BREAKOUT,COMPRESSION,0.979,65.0,NO_TRADE,ASIA,3242.548,3224.35,3265.296,3265.296,3224.053,STOP,0.001,1.8199,0.3577,18.199,-1.8495,-1.0163,0.03,1.001,80,0.306,2.585,0.05,0.12,0.0,clear,compression -> confirmed range break + momentum,506.9672
2025-05-13 13:01:00+00:00,2025-05-13 14:59:00+00:00,XAUUSD,SHORT,BREAKOUT,COMPRESSION,0.979,95.0,A+,OVERLAP,3248.415,3264.974,3227.717,3227.717,3227.837,TP2,0.001,1.6559,0.3266,16.559,2.0578,1.2428,1.293,0.016,118,0.18,2.99,0.05,0.0,0.0,clear,compression -> confirmed range break + momentum,509.025
2025-05-14 06:13:00+00:00,2025-05-14 09:07:00+00:00,XAUUSD,SHORT,TREND_CONTINUATION,STRONG_BEAR,0.917,85.0,A,ASIA,3223.708,3241.345,3201.662,3201.662,3241.585,STOP,0.001,1.7637,0.3465,17.637,-1.7877,-1.0136,0.097,1.041,174,0.415,3.128,0.05,0.12,0.0,clear,trend pullback + LTF BOS,507.2373
2025-05-19 00:01:00+00:00,2025-05-19 02:36:00+00:00,XAUUSD,LONG,BREAKOUT,EXPANSION,0.929,50.0,NO_TRADE,ASIA,3237.763,3220.711,3259.079,3259.079,3220.331,STOP,0.001,1.7052,0.3362,17.052,-1.7433,-1.0223,0.689,1.038,155,0.476,4.964,0.05,0.12,0.0,clear,compression -> confirmed range break + momentum,505.494
2025-05-19 18:35:00+00:00,2025-05-19 21:00:00+00:00,XAUUSD,SHORT,LIQUIDITY_REVERSAL,CHOPPY,0.589,80.0,B,NEWYORK,3229.202,3240.042,3215.652,3215.652,3233.196,SESSION_END,0.002,2.1679,0.4289,10.84,-0.7988,-0.3685,0.384,0.596,145,0.206,2.735,0.05,0.05,0.0,clear,sweep + rejection + CHoCH + displacement,504.6952
2025-05-21 11:46:00+00:00,2025-05-21 19:46:00+00:00,XAUUSD,SHORT,LIQUIDITY_REVERSAL,LIQUIDITY_REVERSAL,0.7,85.0,A,LONDON,3310.401,3331.23,3284.365,3284.365,3314.917,TIME,0.001,2.0829,0.4127,20.829,-0.4516,-0.2168,0.947,0.282,480,0.207,2.863,0.05,0.05,0.0,clear,sweep + rejection + CHoCH + displacement,504.2436
2025-05-22 02:11:00+00:00,2025-05-22 10:11:00+00:00,XAUUSD,LONG,BREAKOUT,COMPRESSION,0.989,80.0,B,ASIA,3328.409,3306.431,3355.881,3355.881,3309.124,TIME,0.001,2.1978,0.4359,21.978,-1.9285,-0.8775,0.764,0.996,480,0.388,2.975,0.05,0.05,0.0,clear,compression -> confirmed range break + momentum,502.3151
2025-05-23 13:42:00+00:00,2025-05-23 18:00:00+00:00,XAUUSD,LONG,BREAKOUT,STRONG_BULL,0.904,85.0,A,OVERLAP,3357.359,3335.935,3384.14,3384.14,3359.456,SESSION_END,0.001,2.1424,0.4265,21.424,0.2097,0.0979,0.329,0.985,258,0.323,6.285,0.05,0.05,0.0,clear,compression -> confirmed range break + momentum,502.5248
2025-05-29 00:20:00+00:00,2025-05-29 08:20:00+00:00,XAUUSD,SHORT,BREAKOUT,STRONG_BEAR,0.958,60.0,NO_TRADE,ASIA,3269.697,3290.779,3243.345,3243.345,3278.624,TIME,0.001,2.1082,0.4195,21.082,-0.8927,-0.4235,1.162,0.613,480,0.556,4.684,0.05,0.05,0.0,clear,compression -> confirmed range break + momentum,501.632
2025-05-29 10:28:00+00:00,2025-05-29 11:15:00+00:00,XAUUSD,LONG,LIQUIDITY_REVERSAL,LIQUIDITY_REVERSAL,0.8,75.0,B,LONDON,3278.598,3269.999,3289.346,3289.346,3289.244,TP2,0.002,1.7197,0.3428,8.599,2.1292,1.2381,1.331,0.081,47,0.199,2.503,0.05,0.0,0.0,clear,sweep + rejection + CHoCH + displacement,503.7612
2025-05-30 03:11:00+00:00,2025-05-30 11:11:00+00:00,XAUUSD,SHORT,BREAKOUT,COMPRESSION,0.979,50.0,NO_TRADE,ASIA,3305.786,3322.683,3284.666,3284.666,3298.626,TIME,0.001,1.6896,0.3354,16.896,0.716,0.4238,1.103,0.004,480,0.424,3.255,0.05,0.05,0.0,clear,compression -> confirmed range break + momentum,504.4773
2025-06-02 07:06:00+00:00,2025-06-02 07:39:00+00:00,XAUUSD,LONG,BREAKOUT,BULL,0.84,80.0,B,LONDON,3326.457,3315.787,3339.794,3339.794,3339.68,TP2,0.002,2.1339,0.423,10.669,2.6445,1.2393,1.316,0.107,33,0.204,2.38,0.05,0.0,0.0,clear,compression -> confirmed range break + momentum,507.1218
2025-06-02 08:06:00+00:00,2025-06-02 14:44:00+00:00,XAUUSD,LONG,BREAKOUT,STRONG_BULL,0.893,85.0,A,LONDON,3346.948,3331.676,3366.038,3366.038,3365.922,TP2,0.001,1.5272,0.3011,15.272,1.8974,1.2424,1.293,0.182,398,0.246,3.303,0.05,0.0,0.0,clear,compression -> confirmed range break + momentum,509.0192
2025-06-03 13:06:00+00:00,2025-06-03 21:00:00+00:00,XAUUSD,SHORT,LIQUIDITY_REVERSAL,LIQUIDITY_REVERSAL,1.0,80.0,B,OVERLAP,3353.766,3371.157,3332.028,3332.028,3353.811,SESSION_END,0.001,1.7391,0.3416,17.391,-0.0045,-0.0026,1.219,0.528,474,0.164,2.013,0.05,0.05,0.0,clear,sweep + rejection + CHoCH + displacement,509.0147
2025-06-05 10:56:00+00:00,2025-06-05 14:01:00+00:00,XAUUSD,LONG,BREAKOUT,EXPANSION,0.855,85.0,A,LONDON,3389.699,3375.01,3408.061,3408.061,3374.736,STOP,0.001,1.469,0.2886,14.69,-1.4963,-1.0186,0.918,1.008,185,0.249,3.088,0.05,0.12,0.0,clear,compression -> confirmed range break + momentum,507.5183
2025-06-06 15:07:00+00:00,2025-06-06 18:00:00+00:00,XAUUSD,SHORT,BREAKOUT,BEAR,0.918,70.0,NO_TRADE,OVERLAP,3337.426,3362.44,3306.159,3306.159,3323.664,SESSION_END,0.001,2.5014,0.4929,25.014,1.3762,0.5502,0.854,0.18,173,0.344,5.78,0.05,0.05,0.0,clear,compression -> confirmed range break + momentum,508.8946
2025-06-09 12:56:00+00:00,2025-06-09 16:24:00+00:00,XAUUSD,SHORT,LIQUIDITY_REVERSAL,LIQUIDITY_REVERSAL,0.7,95.0,A+,OVERLAP,3316.058,3330.188,3298.396,3298.396,3330.441,STOP,0.001,1.413,0.2777,14.13,-1.4383,-1.0179,0.392,1.001,208,0.194,2.436,0.05,0.12,0.0,clear,sweep + rejection + CHoCH + displacement,507.4563
2025-06-10 02:07:00+00:00,2025-06-10 02:52:00+00:00,XAUUSD,LONG,LIQUIDITY_REVERSAL,BEAR,0.797,75.0,B,ASIA,3318.563,3303.625,3337.236,3337.236,3303.268,STOP,0.001,1.4938,0.2944,14.938,-1.5296,-1.0239,0.0,1.025,45,0.417,2.676,0.05,0.12,0.0,clear,sweep + rejection + CHoCH + displacement,505.9267
2025-06-12 01:32:00+00:00,2025-06-12 08:44:00+00:00,XAUUSD,LONG,TREND_CONTINUATION,STRONG_BULL,0.927,80.0,B,ASIA,3366.308,3342.26,3396.368,3396.368,3342.007,STOP,0.001,2.4048,0.4753,24.048,-2.4301,-1.0105,0.467,1.161,432,0.48,3.607,0.05,0.12,0.0,clear,trend pullback + LTF BOS,503.4966
2025-06-12 11:33:00+00:00,2025-06-12 19:33:00+00:00,XAUUSD,LONG,BREAKOUT,BULL,0.882,85.0,A,LONDON,3380.615,3357.196,3409.888,3409.888,3383.497,TIME,0.001,2.3418,0.4651,23.418,0.2883,0.1231,0.774,0.327,480,0.279,4.086,0.05,0.05,0.0,clear,compression -> confirmed range break + momentum,503.7848
2025-06-13 00:52:00+00:00,2025-06-13 01:07:00+00:00,XAUUSD,LONG,BREAKOUT,COMPRESSION,0.984,65.0,NO_TRADE,ASIA,3389.998,3377.803,3405.243,3405.243,3405.066,TP2,0.002,2.4391,0.4841,12.195,3.0135,1.2355,1.621,0.0,15,0.287,1.851,0.05,0.0,0.0,clear,compression -> confirmed range break + momentum,506.7983
2025-06-13 01:57:00+00:00,2025-06-13 09:57:00+00:00,XAUUSD,LONG,BREAKOUT,BULL,0.814,65.0,NO_TRADE,ASIA,3417.884,3395.082,3446.386,3446.386,3424.491,TIME,0.001,2.2801,0.4499,22.801,0.6607,0.2898,1.151,0.444,480,0.558,5.724,0.05,0.05,0.0,clear,compression -> confirmed range break + momentum,507.4591
2025-06-13 14:36:00+00:00,2025-06-13 15:14:00+00:00,XAUUSD,LONG,BREAKOUT,BULL,0.981,85.0,A,OVERLAP,3445.651,3427.639,3468.165,3468.165,3427.404,STOP,0.001,1.8012,0.3549,18.012,-1.8246,-1.013,0.055,1.045,38,0.211,4.019,0.05,0.12,0.0,clear,compression -> confirmed range break + momentum,505.6344
2025-06-16 12:36:00+00:00,2025-06-16 14:53:00+00:00,XAUUSD,SHORT,LIQUIDITY_REVERSAL,LIQUIDITY_REVERSAL,0.8,80.0,B,OVERLAP,3418.051,3430.361,3402.664,3402.664,3402.776,TP2,0.002,2.4619,0.4869,12.31,3.0551,1.2409,1.25,0.114,137,0.168,2.641,0.05,0.0,0.0,clear,sweep + rejection + CHoCH + displacement,508.6895
2025-06-18 02:46:00+00:00,2025-06-18 05:30:00+00:00,XAUUSD,SHORT,BREAKOUT,COMPRESSION,0.937,95.0,A+,ASIA,3379.724,3394.999,3360.63,3360.63,3395.292,STOP,0.001,1.5275,0.3003,15.275,-1.5568,-1.0192,0.614,1.032,164,0.362,2.442,0.05,0.12,0.0,clear,compression -> confirmed range break + momentum,507.1327
2025-06-19 07:33:00+00:00,2025-06-19 08:39:00+00:00,XAUUSD,SHORT,BREAKOUT,BEAR,0.841,85.0,A,LONDON,3349.699,3364.838,3330.774,3330.774,3365.105,STOP,0.001,1.514,0.2985,15.14,-1.5406,-1.0176,0.161,1.048,66,0.293,3.813,0.05,0.12,0.0,clear,compression -> confirmed range break + momentum,505.5921
2025-06-23 02:31:00+00:00,2025-06-23 10:31:00+00:00,XAUUSD,SHORT,BREAKOUT,EXPANSION,0.871,60.0,NO_TRADE,ASIA,3354.247,3372.689,3331.195,3331.195,3363.327,TIME,0.001,1.8442,0.3648,18.442,-0.908,-0.4924,0.411,0.793,480,0.555,4.146,0.05,0.05,0.0,clear,compression -> confirmed range break + momentum,504.6841
2025-06-23 19:36:00+00:00,2025-06-23 21:00:00+00:00,XAUUSD,SHORT,LIQUIDITY_REVERSAL,CHOPPY,0.558,85.0,A,NEWYORK,3378.976,3401.608,3350.687,3350.687,3377.676,SESSION_END,0.001,2.2632,0.4484,22.632,0.13,0.0574,0.157,0.129,84,0.298,3.549,0.05,0.05,0.0,clear,sweep + rejection + CHoCH + displacement,504.8141
2025-06-24 10:07:00+00:00,2025-06-24 14:36:00+00:00,XAUUSD,SHORT,TREND_CONTINUATION,BEAR,0.608,90.0,A+,LONDON,3323.195,3338.621,3303.912,3303.912,3304.04,TP2,0.001,1.5426,0.3056,15.426,1.9155,1.2417,1.313,0.362,269,0.228,3.408,0.05,0.0,0.0,clear,trend pullback + LTF BOS,506.7296
2025-06-24 14:44:00+00:00,2025-06-24 20:38:00+00:00,XAUUSD,SHORT,BREAKOUT,STRONG_BEAR,0.99,70.0,NO_TRADE,OVERLAP,3300.75,3324.791,3270.699,3270.699,3325.003,STOP,0.001,2.4041,0.4744,24.041,-2.4253,-1.0088,0.235,1.008,354,0.27,4.802,0.05,0.12,0.0,clear,compression -> confirmed range break + momentum,504.3043
2025-06-25 02:18:00+00:00,2025-06-25 10:18:00+00:00,XAUUSD,LONG,BREAKOUT,COMPRESSION,0.989,65.0,NO_TRADE,ASIA,3332.093,3321.555,3345.267,3345.267,3322.774,TIME,0.002,2.1077,0.418,10.539,-1.8638,-0.8843,0.451,0.993,480,0.291,1.738,0.05,0.05,0.0,clear,compression -> confirmed range break + momentum,502.4405
2025-06-26 01:06:00+00:00,2025-06-26 09:06:00+00:00,XAUUSD,SHORT,LIQUIDITY_REVERSAL,LIQUIDITY_REVERSAL,0.7,95.0,A+,ASIA,3334.034,3349.729,3314.415,3314.415,3346.154,TIME,0.001,1.5695,0.3124,15.695,-1.212,-0.7722,0.321,0.83,480,0.382,1.839,0.05,0.05,0.0,clear,sweep + rejection + CHoCH + displacement,501.2285
2025-06-26 13:26:00+00:00,2025-06-26 14:03:00+00:00,XAUUSD,LONG,LIQUIDITY_REVERSAL,LIQUIDITY_REVERSAL,0.8,100.0,A+,OVERLAP,3338.483,3319.134,3362.669,3362.669,3318.857,STOP,0.001,1.9349,0.386,19.349,-1.9626,-1.0143,0.28,1.055,37,0.216,2.251,0.05,0.12,0.0,clear,sweep + rejection + CHoCH + displacement,499.2658
2025-06-27 03:28:00+00:00,2025-06-27 04:56:00+00:00,XAUUSD,SHORT,TREND_CONTINUATION,BEAR,0.944,80.0,B,ASIA,3314.343,3330.179,3294.547,3294.547,3294.789,TP2,0.001,1.5837,0.3172,15.837,1.9554,1.2347,1.307,0.0,88,0.465,2.582,0.05,0.0,0.0,clear,trend pullback + LTF BOS,501.2212
2025-06-27 12:57:00+00:00,2025-06-27 13:59:00+00:00,XAUUSD,SHORT,TREND_CONTINUATION,STRONG_BEAR,1.0,85.0,A,OVERLAP,3282.364,3292.697,3269.447,3269.447,3269.6,TP2,0.002,2.0667,0.4123,10.334,2.5528,1.2352,1.262,0.0,62,0.242,2.993,0.05,0.0,0.0,clear,trend pullback + LTF BOS,503.7741
2025-06-30 00:58:00+00:00,2025-06-30 03:07:00+00:00,XAUUSD,SHORT,TREND_CONTINUATION,BEAR,0.592,70.0,NO_TRADE,ASIA,3264.129,3280.436,3243.746,3243.746,3280.786,STOP,0.001,1.6307,0.3237,16.307,-1.6657,-1.0215,0.303,1.014,129,0.451,3.442,0.05,0.12,0.0,clear,trend pullback + LTF BOS,502.1084
2025-06-30 11:41:00+00:00,2025-06-30 17:42:00+00:00,XAUUSD,SHORT,LIQUIDITY_REVERSAL,LIQUIDITY_REVERSAL,0.8,90.0,A+,LONDON,3283.088,3294.829,3268.412,3268.412,3295.058,STOP,0.002,2.3482,0.4677,11.741,-2.394,-1.0195,0.74,1.01,361,0.194,2.286,0.05,0.12,0.0,clear,sweep + rejection + CHoCH + displacement,499.7144
2025-07-01 03:40:00+00:00,2025-07-01 08:13:00+00:00,XAUUSD,LONG,TREND_CONTINUATION,STRONG_BULL,1.0,75.0,B,ASIA,3316.352,3299.762,3337.09,3337.09,3336.975,TP2,0.001,1.659,0.3318,16.59,2.0623,1.2431,1.253,0.06,273,0.434,2.174,0.05,0.0,0.0,clear,trend pullback + LTF BOS,502.0623
2025-07-01 08:45:00+00:00,2025-07-01 13:20:00+00:00,XAUUSD,LONG,BREAKOUT,STRONG_BULL,1.0,70.0,NO_TRADE,LONDON,3337.696,3325.432,3353.026,3353.026,3352.926,TP2,0.002,2.4528,0.4885,12.264,3.046,1.2418,1.431,0.094,275,0.262,2.602,0.05,0.0,0.0,clear,compression -> confirmed range break + momentum,505.1084
2025-07-02 08:51:00+00:00,2025-07-02 16:51:00+00:00,XAUUSD,LONG,LIQUIDITY_REVERSAL,LIQUIDITY_REVERSAL,1.0,100.0,A+,LONDON,3335.482,3313.558,3362.888,3362.888,3341.414,TIME,0.001,2.1925,0.4341,21.925,0.5931,0.2705,0.705,0.125,480,0.254,2.676,0.05,0.05,0.0,clear,sweep + rejection + CHoCH + displacement,505.7015
2025-07-03 06:51:00+00:00,2025-07-03 10:45:00+00:00,XAUUSD,LONG,BREAKOUT,COMPRESSION,0.968,80.0,B,ASIA,3355.975,3344.194,3370.702,3370.702,3343.96,STOP,0.002,2.3563,0.4659,11.781,-2.4031,-1.0199,0.643,1.042,234,0.34,1.498,0.05,0.12,0.0,clear,compression -> confirmed range break + momentum,503.2985
2025-07-03 18:32:00+00:00,2025-07-03 21:00:00+00:00,XAUUSD,SHORT,LIQUIDITY_REVERSAL,LIQUIDITY_REVERSAL,0.8,75.0,B,NEWYORK,3330.18,3342.489,3314.794,3314.794,3328.735,SESSION_END,0.002,2.4618,0.4891,12.309,0.289,0.1174,0.257,0.039,148,0.23,1.85,0.05,0.05,0.0,clear,sweep + rejection + CHoCH + displacement,503.5875
2025-07-04 02:23:00+00:00,2025-07-04 10:23:00+00:00,XAUUSD,LONG,BREAKOUT,COMPRESSION,0.953,65.0,NO_TRADE,ASIA,3333.575,3321.307,3348.911,3348.911,3339.37,TIME,0.002,2.4537,0.4872,12.269,1.1589,0.4723,0.923,0.627,480,0.355,1.614,0.05,0.05,0.0,clear,compression -> confirmed range break + momentum,504.7464
2025-07-07 12:47:00+00:00,2025-07-07 14:53:00+00:00,XAUUSD,SHORT,TREND_CONTINUATION,STRONG_BEAR,1.0,85.0,A,OVERLAP,3303.432,3314.829,3289.186,3289.186,3315.092,STOP,0.002,2.2793,0.4516,11.397,-2.332,-1.0231,0.293,1.114,126,0.266,2.934,0.05,0.12,0.0,clear,trend pullback + LTF BOS,502.4144
2025-07-08 08:11:00+00:00,2025-07-08 09:06:00+00:00,XAUUSD,LONG,BREAKOUT,COMPRESSION,0.937,80.0,B,LONDON,3339.2,3329.164,3351.745,3351.745,3328.938,STOP,0.002,2.0072,0.3995,10.036,-2.0525,-1.0226,0.0,1.051,55,0.204,1.921,0.05,0.12,0.0,clear,compression -> confirmed range break + momentum,500.3619
2025-07-09 06:40:00+00:00,2025-07-09 14:40:00+00:00,XAUUSD,SHORT,TREND_CONTINUATION,STRONG_BEAR,0.959,85.0,A,ASIA,3290.609,3308.857,3267.8,3267.8,3292.503,TIME,0.001,1.8248,0.3647,18.248,-0.1893,-0.1038,0.449,0.479,480,0.412,2.231,0.05,0.05,0.0,clear,trend pullback + LTF BOS,500.1726
2025-07-09 19:21:00+00:00,2025-07-09 21:00:00+00:00,XAUUSD,LONG,LIQUIDITY_REVERSAL,LIQUIDITY_REVERSAL,0.8,85.0,A,NEWYORK,3312.103,3299.86,3327.407,3327.407,3314.204,SESSION_END,0.002,2.4486,0.4895,12.243,0.4201,0.1716,0.367,0.177,99,0.216,1.831,0.05,0.05,0.0,clear,sweep + rejection + CHoCH + displacement,500.5927
2025-07-10 09:37:00+00:00,2025-07-10 14:57:00+00:00,XAUUSD,LONG,LIQUIDITY_REVERSAL,LIQUIDITY_REVERSAL,0.8,100.0,A+,LONDON,3323.235,3314.202,3334.527,3334.527,3313.938,STOP,0.002,1.8067,0.3609,9.033,-1.8596,-1.0293,0.758,1.09,320,0.201,1.693,0.05,0.12,0.0,clear,sweep + rejection + CHoCH + displacement,498.7331
2025-07-11 09:56:00+00:00,2025-07-11 13:35:00+00:00,XAUUSD,SHORT,LIQUIDITY_REVERSAL,LIQUIDITY_REVERSAL,0.7,85.0,A,LONDON,3334.758,3351.725,3313.551,3313.551,3351.973,STOP,0.001,1.6966,0.3402,16.966,-1.7215,-1.0146,0.126,1.052,219,0.273,2.535,0.05,0.12,0.0,clear,sweep + rejection + CHoCH + displacement,497.0116
2025-07-14 14:11:00+00:00,2025-07-14 21:00:00+00:00,XAUUSD,SHORT,BREAKOUT,EXPANSION,0.929,70.0,NO_TRADE,OVERLAP,3349.43,3360.451,3335.652,3335.652,3344.762,SESSION_END,0.002,2.2044,0.4435,11.022,0.9335,0.4235,0.787,0.846,409,0.251,3.184,0.05,0.05,0.0,clear,compression -> confirmed range break + momentum,497.9452
2025-07-16 12:01:00+00:00,2025-07-16 14:50:00+00:00,XAUUSD,SHORT,BREAKOUT,COMPRESSION,0.958,80.0,B,OVERLAP,3335.029,3344.837,3322.769,3322.769,3322.925,TP2,0.002,1.9616,0.3939,9.808,2.4208,1.2341,1.267,0.589,169,0.192,1.567,0.05,0.0,0.0,clear,compression -> confirmed range break + momentum,500.3659
2025-07-18 12:07:00+00:00,2025-07-18 18:00:00+00:00,XAUUSD,LONG,TREND_CONTINUATION,BULL,0.919,85.0,A,OVERLAP,3353.165,3342.193,3366.879,3366.879,3353.092,SESSION_END,0.002,2.1943,0.4385,10.972,-0.0146,-0.0067,0.717,0.198,353,0.2,1.795,0.05,0.05,0.0,clear,trend pullback + LTF BOS,500.3513
2025-07-21 12:29:00+00:00,2025-07-21 13:25:00+00:00,XAUUSD,LONG,BREAKOUT,BULL,0.964,70.0,NO_TRADE,OVERLAP,3372.749,3364.764,3382.73,3382.73,3382.619,TP2,0.003,2.3954,0.4787,7.985,2.9609,1.2361,1.265,0.265,56,0.188,1.489,0.05,0.0,0.0,clear,compression -> confirmed range break + momentum,503.3123
2025-07-21 14:06:00+00:00,2025-07-21 21:00:00+00:00,XAUUSD,LONG,BREAKOUT,STRONG_BULL,1.0,85.0,A,OVERLAP,3388.428,3377.614,3401.945,3401.945,3397.504,SESSION_END,0.002,2.1628,0.4297,10.814,1.8153,0.8393,1.194,0.472,414,0.246,2.278,0.05,0.05,0.0,clear,compression -> confirmed range break + momentum,505.1275
2025-07-22 13:01:00+00:00,2025-07-22 13:42:00+00:00,XAUUSD,LONG,BREAKOUT,COMPRESSION,0.958,80.0,B,OVERLAP,3392.516,3384.098,3403.039,3403.039,3402.923,TP2,0.003,2.5254,0.5,8.418,3.1221,1.2363,1.429,0.184,41,0.182,1.371,0.05,0.0,0.0,clear,compression -> confirmed range break + momentum,508.2496
2025-07-22 13:55:00+00:00,2025-07-22 14:31:00+00:00,XAUUSD,LONG,BREAKOUT,BULL,0.832,70.0,NO_TRADE,OVERLAP,3403.876,3393.814,3416.453,3416.453,3416.301,TP2,0.002,2.0124,0.3959,10.062,2.485,1.2349,1.259,0.0,36,0.256,2.375,0.05,0.0,0.0,clear,compression -> confirmed range break + momentum,510.7346
2025-07-22 14:41:00+00:00,2025-07-22 21:00:00+00:00,XAUUSD,LONG,BREAKOUT,STRONG_BULL,0.879,85.0,A,OVERLAP,3417.289,3404.191,3433.661,3433.661,3430.793,SESSION_END,0.001,1.3098,0.2565,13.098,1.3504,1.031,1.221,0.987,379,0.307,3.119,0.05,0.05,0.0,clear,compression -> confirmed range break + momentum,512.085
2025-07-24 13:43:00+00:00,2025-07-24 21:00:00+00:00,XAUUSD,SHORT,TREND_CONTINUATION,STRONG_BEAR,1.0,100.0,A+,OVERLAP,3357.857,3378.171,3332.465,3332.465,3370.788,SESSION_END,0.001,2.0313,0.3967,20.313,-1.2931,-0.6366,0.329,0.95,437,0.216,2.477,0.05,0.05,0.0,clear,trend pullback + LTF BOS,510.7919
2025-07-25 12:06:00+00:00,2025-07-25 16:44:00+00:00,XAUUSD,SHORT,TREND_CONTINUATION,STRONG_BEAR,1.0,85.0,A,OVERLAP,3342.528,3356.652,3324.874,3324.874,3325.05,TP2,0.001,1.4124,0.2765,14.124,1.7479,1.2375,1.255,0.345,278,0.193,1.875,0.05,0.0,0.0,clear,trend pullback + LTF BOS,512.5398
2025-07-28 00:01:00+00:00,2025-07-28 08:01:00+00:00,XAUUSD,SHORT,TREND_CONTINUATION,BEAR,0.603,80.0,B,ASIA,3330.733,3352.494,3303.531,3303.531,3341.31,TIME,0.001,2.1761,0.4246,21.761,-1.0577,-0.486,0.15,0.662,480,0.531,2.914,0.05,0.05,0.0,clear,trend pullback + LTF BOS,511.482
2025-07-29 08:01:00+00:00,2025-07-29 16:01:00+00:00,XAUUSD,SHORT,LIQUIDITY_REVERSAL,LIQUIDITY_REVERSAL,0.7,90.0,A+,LONDON,3316.704,3331.554,3298.141,3298.141,3327.276,TIME,0.001,1.485,0.2903,14.85,-1.0573,-0.712,0.377,0.878,480,0.242,2.314,0.05,0.05,0.0,clear,sweep + rejection + CHoCH + displacement,510.4248
2025-08-01 02:56:00+00:00,2025-08-01 06:50:00+00:00,XAUUSD,SHORT,BREAKOUT,COMPRESSION,0.958,85.0,A,ASIA,3283.115,3296.902,3265.88,3265.88,3297.197,STOP,0.001,1.3788,0.2701,13.788,-1.4082,-1.0213,0.122,1.047,234,0.38,2.195,0.05,0.12,0.0,clear,compression -> confirmed range break + momentum,509.0166
2025-08-04 17:11:00+00:00,2025-08-04 21:00:00+00:00,XAUUSD,LONG,TREND_CONTINUATION,BULL,1.0,85.0,A,NEWYORK,3376.035,3361.234,3394.535,3394.535,3374.527,SESSION_END,0.001,1.4801,0.2908,14.801,-0.1508,-0.1019,0.133,0.382,229,0.274,2.49,0.05,0.05,0.0,clear,trend pullback + LTF BOS,508.8658
2025-08-06 13:56:00+00:00,2025-08-06 21:00:00+00:00,XAUUSD,LONG,LIQUIDITY_REVERSAL,LIQUIDITY_REVERSAL,1.0,100.0,A+,OVERLAP,3368.142,3347.699,3393.697,3393.697,3370.464,SESSION_END,0.001,2.0444,0.4018,20.444,0.2321,0.1135,0.57,0.15,424,0.234,2.347,0.05,0.05,0.0,clear,sweep + rejection + CHoCH + displacement,509.0979
2025-08-07 19:21:00+00:00,2025-08-07 21:00:00+00:00,XAUUSD,SHORT,LIQUIDITY_REVERSAL,CHOPPY,0.754,75.0,B,NEWYORK,3389.301,3401.546,3373.995,3373.995,3398.912,SESSION_END,0.002,2.4489,0.481,12.245,-1.9222,-0.7849,0.19,0.914,99,0.228,1.835,0.05,0.05,0.0,clear,sweep + rejection + CHoCH + displacement,507.1757
2025-08-08 06:02:00+00:00,2025-08-08 14:02:00+00:00,XAUUSD,SHORT,LIQUIDITY_REVERSAL,CHOPPY,0.566,85.0,A,ASIA,3393.25,3409.011,3373.548,3373.548,3391.142,TIME,0.001,1.5761,0.3108,15.761,0.2108,0.1337,0.838,0.677,480,0.418,2.467,0.05,0.05,0.0,clear,sweep + rejection + CHoCH + displacement,507.3865
2025-08-11 07:34:00+00:00,2025-08-11 13:30:00+00:00,XAUUSD,SHORT,BREAKOUT,COMPRESSION,0.968,65.0,NO_TRADE,LONDON,3364.949,3379.877,3346.29,3346.29,3346.396,TP2,0.001,1.4927,0.2942,14.927,1.8553,1.2429,1.392,0.281,356,0.191,2.427,0.05,0.0,0.0,clear,compression -> confirmed range break + momentum,509.2418
2025-08-12 07:21:00+00:00,2025-08-12 15:21:00+00:00,XAUUSD,SHORT,BREAKOUT,COMPRESSION,0.989,80.0,B,LONDON,3344.782,3358.908,3327.125,3327.125,3332.074,TIME,0.001,1.4126,0.2774,14.126,1.2708,0.8996,0.983,0.932,480,0.205,2.398,0.05,0.05,0.0,clear,compression -> confirmed range break + momentum,510.5126
2025-08-19 01:17:00+00:00,2025-08-19 09:17:00+00:00,XAUUSD,LONG,BREAKOUT,COMPRESSION,0.937,70.0,NO_TRADE,ASIA,3337.223,3320.995,3357.509,3357.509,3337.795,TIME,0.001,1.6228,0.3179,16.228,0.0571,0.0352,0.273,0.488,480,0.396,1.776,0.05,0.05,0.0,clear,compression -> confirmed range break + momentum,510.5698
2025-08-19 17:10:00+00:00,2025-08-19 21:00:00+00:00,XAUUSD,SHORT,TREND_CONTINUATION,STRONG_BEAR,0.873,85.0,A,NEWYORK,3321.889,3333.462,3307.423,3307.423,3316.963,SESSION_END,0.002,2.3146,0.4533,11.573,0.9852,0.4256,0.615,0.051,230,0.313,2.535,0.05,0.05,0.0,clear,trend pullback + LTF BOS,511.555
2025-08-21 13:36:00+00:00,2025-08-21 21:00:00+00:00,XAUUSD,LONG,LIQUIDITY_REVERSAL,LIQUIDITY_REVERSAL,0.7,90.0,A+,OVERLAP,3343.148,3324.488,3366.473,3366.473,3338.353,SESSION_END,0.001,1.866,0.3648,18.66,-0.4795,-0.257,0.257,0.394,444,0.3,2.699,0.05,0.05,0.0,clear,sweep + rejection + CHoCH + displacement,511.0754
2025-08-22 13:21:00+00:00,2025-08-22 15:00:00+00:00,XAUUSD,LONG,LIQUIDITY_REVERSAL,LIQUIDITY_REVERSAL,1.0,85.0,A,OVERLAP,3329.31,3317.537,3344.027,3344.027,3343.879,TP2,0.002,2.3546,0.4607,11.773,2.9138,1.2375,1.417,0.702,99,0.224,1.726,0.05,0.0,0.0,clear,sweep + rejection + CHoCH + displacement,513.9892
2025-08-25 14:39:00+00:00,2025-08-25 21:00:00+00:00,XAUUSD,LONG,LIQUIDITY_REVERSAL,LIQUIDITY_REVERSAL,0.8,100.0,A+,OVERLAP,3367.54,3353.314,3385.323,3385.323,3364.556,SESSION_END,0.001,1.4226,0.2768,14.226,-0.2984,-0.2098,0.604,0.179,381,0.231,1.749,0.05,0.05,0.0,clear,sweep + rejection + CHoCH + displacement,513.6908
2025-08-26 07:21:00+00:00,2025-08-26 15:21:00+00:00,XAUUSD,SHORT,LIQUIDITY_REVERSAL,CHOPPY,0.598,85.0,A,LONDON,3373.0,3382.838,3360.703,3360.703,3374.134,TIME,0.002,1.9675,0.383,9.838,-0.2267,-0.1152,0.611,0.735,480,0.249,1.669,0.05,0.05,0.0,clear,sweep + rejection + CHoCH + displacement,513.464
2025-08-27 19:37:00+00:00,2025-08-27 21:00:00+00:00,XAUUSD,LONG,TREND_CONTINUATION,STRONG_BULL,0.879,100.0,A+,NEWYORK,3395.402,3386.309,3406.768,3406.768,3395.654,SESSION_END,0.002,1.8186,0.3542,9.093,0.0505,0.0278,0.088,0.217,83,0.233,1.53,0.05,0.05,0.0,clear,trend pullback + LTF BOS,513.5146
2025-08-28 09:41:00+00:00,2025-08-28 17:13:00+00:00,XAUUSD,LONG,BREAKOUT,BULL,0.896,85.0,A,LONDON,3399.415,3388.269,3413.348,3413.348,3413.195,TP2,0.002,2.2292,0.4341,11.146,2.7559,1.2363,1.313,0.526,452,0.24,1.81,0.05,0.0,0.0,clear,compression -> confirmed range break + momentum,516.2705
2025-09-01 12:52:00+00:00,2025-09-01 15:21:00+00:00,XAUUSD,SHORT,LIQUIDITY_REVERSAL,LIQUIDITY_REVERSAL,0.8,85.0,A,OVERLAP,3469.551,3480.256,3456.169,3456.169,3480.478,STOP,0.002,2.1411,0.4147,10.706,-2.1854,-1.0207,0.24,1.023,149,0.209,2.322,0.05,0.12,0.0,clear,sweep + rejection + CHoCH + displacement,514.0851
2025-09-03 01:27:00+00:00,2025-09-03 09:27:00+00:00,XAUUSD,LONG,BREAKOUT,COMPRESSION,0.921,60.0,NO_TRADE,ASIA,3540.419,3516.461,3570.365,3570.365,3539.445,TIME,0.001,2.3957,0.466,23.957,-0.0973,-0.0406,0.221,0.581,480,0.448,2.927,0.05,0.05,0.0,clear,compression -> confirmed range break + momentum,513.9878
2025-09-03 14:31:00+00:00,2025-09-03 18:33:00+00:00,XAUUSD,LONG,BREAKOUT,BULL,1.0,85.0,A,OVERLAP,3558.039,3545.477,3573.74,3573.74,3573.628,TP2,0.002,2.5122,0.4888,12.561,3.1178,1.2411,1.251,0.718,242,0.247,3.67,0.05,0.0,0.0,clear,compression -> confirmed range break + momentum,517.1056
2025-09-05 14:54:00+00:00,2025-09-05 18:00:00+00:00,XAUUSD,LONG,BREAKOUT,STRONG_BULL,0.794,65.0,NO_TRADE,OVERLAP,3590.929,3569.407,3617.831,3617.831,3595.24,SESSION_END,0.001,2.1522,0.4162,21.522,0.4312,0.2003,0.417,0.861,186,0.367,6.221,0.05,0.05,0.0,clear,compression -> confirmed range break + momentum,517.5368
2025-09-08 02:13:00+00:00,2025-09-08 08:39:00+00:00,XAUUSD,SHORT,LIQUIDITY_REVERSAL,LIQUIDITY_REVERSAL,0.7,80.0,B,ASIA,3587.622,3612.359,3556.701,3556.701,3612.601,STOP,0.001,2.4737,0.478,24.737,-2.4979,-1.0098,0.334,1.039,386,0.486,3.366,0.05,0.12,0.0,clear,sweep + rejection + CHoCH + displacement,515.0388
2025-09-08 12:34:00+00:00,2025-09-08 14:10:00+00:00,XAUUSD,LONG,TREND_CONTINUATION,STRONG_BULL,1.0,80.0,B,OVERLAP,3616.639,3606.777,3628.968,3628.968,3628.856,TP2,0.002,1.9726,0.383,9.863,2.4434,1.2387,1.369,0.43,96,0.189,2.302,0.05,0.0,0.0,clear,trend pullback + LTF BOS,517.4822
2025-09-08 15:40:00+00:00,2025-09-08 21:00:00+00:00,XAUUSD,LONG,TREND_CONTINUATION,STRONG_BULL,1.0,85.0,A,OVERLAP,3634.546,3615.918,3657.831,3657.831,3636.709,SESSION_END,0.001,1.8628,0.36,18.628,0.2163,0.1161,0.621,0.149,320,0.262,4.086,0.05,0.05,0.0,clear,trend pullback + LTF BOS,517.6985
2025-09-09 03:13:00+00:00,2025-09-09 11:13:00+00:00,XAUUSD,LONG,BREAKOUT,BULL,0.597,65.0,NO_TRADE,ASIA,3650.048,3634.973,3668.892,3668.892,3653.047,TIME,0.001,1.5075,0.2912,15.075,0.3,0.199,0.602,0.907,480,0.446,3.26,0.05,0.05,0.0,clear,compression -> confirmed range break + momentum,517.9985
2025-09-09 13:19:00+00:00,2025-09-09 15:00:00+00:00,XAUUSD,LONG,LIQUIDITY_REVERSAL,LIQUIDITY_REVERSAL,0.8,90.0,A+,OVERLAP,3651.892,3637.391,3670.017,3670.017,3669.891,TP2,0.001,1.45,0.2799,14.5,1.7999,1.2413,1.5,0.578,101,0.193,2.533,0.05,0.0,0.0,clear,sweep + rejection + CHoCH + displacement,519.7984
2025-09-10 06:39:00+00:00,2025-09-10 10:47:00+00:00,XAUUSD,SHORT,LIQUIDITY_REVERSAL,BULL,0.806,70.0,NO_TRADE,ASIA,3640.029,3653.299,3623.442,3623.442,3653.509,STOP,0.001,1.327,0.2553,13.27,-1.348,-1.0159,0.0,1.042,248,0.312,1.718,0.05,0.12,0.0,clear,sweep + rejection + CHoCH + displacement,518.4504
2025-09-10 15:46:00+00:00,2025-09-10 21:00:00+00:00,XAUUSD,SHORT,LIQUIDITY_REVERSAL,LIQUIDITY_REVERSAL,1.0,85.0,A,OVERLAP,3648.458,3667.126,3625.122,3625.122,3642.053,SESSION_END,0.001,1.8668,0.3601,18.668,0.6404,0.3431,0.717,0.061,314,0.235,3.433,0.05,0.05,0.0,clear,sweep + rejection + CHoCH + displacement,519.0908
2025-09-11 07:01:00+00:00,2025-09-11 13:32:00+00:00,XAUUSD,SHORT,BREAKOUT,BEAR,0.556,55.0,NO_TRADE,LONDON,3624.227,3637.817,3607.24,3607.24,3638.046,STOP,0.001,1.359,0.2618,13.59,-1.3819,-1.0169,0.939,1.163,391,0.236,2.467,0.05,0.12,0.0,clear,compression -> confirmed range break + momentum,517.7089
2025-09-12 01:47:00+00:00,2025-09-12 03:30:00+00:00,XAUUSD,LONG,LIQUIDITY_REVERSAL,CHOPPY,0.639,80.0,B,ASIA,3634.874,3622.754,3650.023,3650.023,3649.813,TP2,0.002,2.4239,0.4682,12.119,2.9878,1.2326,1.27,0.0,103,0.337,1.649,0.05,0.0,0.0,clear,sweep + rejection + CHoCH + displacement,520.6967
2025-09-16 02:07:00+00:00,2025-09-16 10:07:00+00:00,XAUUSD,SHORT,LIQUIDITY_REVERSAL,LIQUIDITY_REVERSAL,1.0,75.0,B,ASIA,3681.078,3702.518,3654.278,3654.278,3694.23,TIME,0.001,2.144,0.4117,21.44,-1.3152,-0.6134,0.309,0.744,480,0.44,2.372,0.05,0.05,0.0,clear,sweep + rejection + CHoCH + displacement,519.3815
2025-09-16 10:34:00+00:00,2025-09-16 14:03:00+00:00,XAUUSD,LONG,TREND_CONTINUATION,BULL,0.922,85.0,A,LONDON,3696.949,3685.456,3711.316,3711.316,3685.222,STOP,0.002,2.2986,0.4426,11.493,-2.3455,-1.0204,0.21,1.011,209,0.229,2.246,0.05,0.12,0.0,clear,trend pullback + LTF BOS,517.036
2025-09-18 13:37:00+00:00,2025-09-18 14:39:00+00:00,XAUUSD,SHORT,LIQUIDITY_REVERSAL,LIQUIDITY_REVERSAL,1.0,100.0,A+,OVERLAP,3665.521,3683.92,3642.522,3642.522,3642.652,TP2,0.001,1.8399,0.3559,18.399,2.2869,1.2429,1.48,0.23,62,0.208,2.804,0.05,0.0,0.0,clear,sweep + rejection + CHoCH + displacement,519.3229
2025-09-22 07:11:00+00:00,2025-09-22 07:46:00+00:00,XAUUSD,LONG,BREAKOUT,STRONG_BULL,1.0,85.0,A,LONDON,3700.347,3686.651,3717.465,3717.465,3717.334,TP2,0.001,1.3695,0.2637,13.695,1.6988,1.2404,1.272,0.091,35,0.223,2.165,0.05,0.0,0.0,clear,compression -> confirmed range break + momentum,521.0216
2025-09-22 09:46:00+00:00,2025-09-22 16:56:00+00:00,XAUUSD,LONG,BREAKOUT,STRONG_BULL,1.0,85.0,A,LONDON,3722.04,3710.806,3736.082,3736.082,3735.933,TP2,0.002,2.2467,0.4312,11.234,2.7787,1.2368,1.262,0.903,430,0.25,2.806,0.05,0.0,0.0,clear,compression -> confirmed range break + momentum,523.8003
2025-09-22 20:52:00+00:00,2025-09-22 21:00:00+00:00,XAUUSD,LONG,TREND_CONTINUATION,STRONG_BULL,1.0,100.0,A+,NEWYORK,3747.452,3733.485,3764.912,3764.912,3747.372,SESSION_END,0.001,1.3968,0.2667,13.968,-0.0081,-0.0058,0.068,0.003,8,0.215,1.769,0.05,0.05,0.0,clear,trend pullback + LTF BOS,523.7923
2025-09-23 02:06:00+00:00,2025-09-23 09:48:00+00:00,XAUUSD,LONG,BREAKOUT,COMPRESSION,0.937,85.0,A,ASIA,3751.695,3734.876,3772.718,3772.718,3772.592,TP2,0.001,1.6819,0.3211,16.819,2.0898,1.2425,1.353,0.906,462,0.393,2.155,0.05,0.0,0.0,clear,compression -> confirmed range break + momentum,525.882
2025-09-24 11:26:00+00:00,2025-09-24 16:57:00+00:00,XAUUSD,SHORT,BREAKOUT,COMPRESSION,0.937,65.0,NO_TRADE,LONDON,3760.091,3774.457,3742.132,3742.132,3742.288,TP2,0.001,1.4367,0.2732,14.367,1.7803,1.2392,1.265,0.881,331,0.189,2.204,0.05,0.0,0.0,clear,compression -> confirmed range break + momentum,527.6624
2025-09-26 07:05:00+00:00,2025-09-26 13:31:00+00:00,XAUUSD,LONG,LIQUIDITY_REVERSAL,CHOPPY,0.605,70.0,NO_TRADE,LONDON,3744.136,3735.462,3754.979,3754.979,3754.892,TP2,0.003,2.6022,0.4932,8.674,3.2268,1.24,1.402,0.59,386,0.194,2.263,0.05,0.0,0.0,clear,sweep + rejection + CHoCH + displacement,530.8892
2025-09-29 05:23:00+00:00,2025-09-29 07:15:00+00:00,XAUUSD,LONG,TREND_CONTINUATION,BULL,0.866,80.0,B,ASIA,3798.019,3782.186,3817.811,3817.811,3817.67,TP2,0.001,1.5834,0.2982,15.834,1.9651,1.2411,1.277,0.055,112,0.429,3.142,0.05,0.0,0.0,clear,trend pullback + LTF BOS,532.8542
2025-09-29 08:14:00+00:00,2025-09-29 16:14:00+00:00,XAUUSD,LONG,TREND_CONTINUATION,STRONG_BULL,0.957,85.0,A,LONDON,3817.025,3803.128,3834.395,3834.395,3823.563,TIME,0.001,1.3896,0.2608,13.896,0.6538,0.4705,1.113,0.888,480,0.279,4.067,0.05,0.05,0.0,clear,trend pullback + LTF BOS,533.508
2025-09-30 01:06:00+00:00,2025-09-30 04:35:00+00:00,XAUUSD,LONG,BREAKOUT,COMPRESSION,0.916,80.0,B,ASIA,3837.571,3819.712,3859.896,3859.896,3859.699,TP2,0.001,1.7859,0.3348,17.859,2.2127,1.239,1.258,0.295,209,0.313,2.049,0.05,0.0,0.0,clear,compression -> confirmed range break + momentum,535.7207
2025-10-01 03:00:00+00:00,2025-10-01 04:36:00+00:00,XAUUSD,LONG,BREAKOUT,COMPRESSION,0.989,65.0,NO_TRADE,ASIA,3869.018,3857.236,3883.747,3883.747,3856.908,STOP,0.002,2.3565,0.4399,11.783,-2.422,-1.0278,0.533,1.157,96,0.327,2.138,0.05,0.12,0.0,clear,compression -> confirmed range break + momentum,533.2987
2025-10-01 10:22:00+00:00,2025-10-01 18:22:00+00:00,XAUUSD,SHORT,LIQUIDITY_REVERSAL,BULL,0.834,75.0,B,LONDON,3886.137,3910.021,3856.282,3856.282,3871.292,TIME,0.001,2.3884,0.4478,23.884,1.4845,0.6216,1.249,0.218,480,0.236,3.553,0.05,0.05,0.0,clear,sweep + rejection + CHoCH + displacement,534.7833
2025-10-02 06:04:00+00:00,2025-10-02 11:23:00+00:00,XAUUSD,LONG,LIQUIDITY_REVERSAL,CHOPPY,0.608,95.0,A+,ASIA,3866.72,3853.284,3883.515,3883.515,3883.409,TP2,0.001,1.3436,0.2512,13.436,1.6689,1.2421,1.258,0.387,319,0.31,1.818,0.05,0.0,0.0,clear,sweep + rejection + CHoCH + displacement,536.4521
2025-10-03 10:23:00+00:00,2025-10-03 13:41:00+00:00,XAUUSD,LONG,LIQUIDITY_REVERSAL,LIQUIDITY_REVERSAL,0.8,85.0,A,LONDON,3858.914,3850.875,3868.962,3868.962,3868.855,TP2,0.003,2.4117,0.4496,8.039,2.9825,1.2367,1.402,0.543,198,0.197,2.311,0.05,0.0,0.0,clear,sweep + rejection + CHoCH + displacement,539.4346
2025-10-06 02:28:00+00:00,2025-10-06 04:47:00+00:00,XAUUSD,LONG,TREND_CONTINUATION,STRONG_BULL,0.959,80.0,B,ASIA,3906.389,3887.204,3930.371,3930.371,3930.157,TP2,0.001,1.9185,0.3557,19.185,2.3768,1.2389,1.277,0.217,139,0.489,4.034,0.05,0.0,0.0,clear,trend pullback + LTF BOS,541.8114
2025-10-06 08:49:00+00:00,2025-10-06 16:49:00+00:00,XAUUSD,LONG,TREND_CONTINUATION,STRONG_BULL,1.0,85.0,A,LONDON,3937.926,3913.482,3968.482,3968.482,3955.665,TIME,0.001,2.4445,0.4512,24.445,1.7738,0.7257,0.848,0.47,480,0.257,3.853,0.05,0.05,0.0,clear,trend pullback + LTF BOS,543.5852
2025-10-06 17:11:00+00:00,2025-10-06 21:00:00+00:00,XAUUSD,LONG,TREND_CONTINUATION,BULL,1.0,80.0,B,NEWYORK,3955.734,3933.552,3983.462,3983.462,3958.188,SESSION_END,0.001,2.2182,0.4081,22.182,0.2454,0.1106,0.411,0.455,229,0.299,4.784,0.05,0.05,0.0,clear,trend pullback + LTF BOS,543.8306
2025-10-08 00:51:00+00:00,2025-10-08 04:07:00+00:00,XAUUSD,LONG,BREAKOUT,COMPRESSION,0.968,80.0,B,ASIA,3995.039,3979.921,4013.937,4013.937,4013.752,TP2,0.001,1.5118,0.278,15.118,1.8712,1.2377,1.277,0.727,196,0.309,2.255,0.05,0.0,0.0,clear,compression -> confirmed range break + momentum,545.7019
2025-10-08 04:51:00+00:00,2025-10-08 06:23:00+00:00,XAUUSD,LONG,BREAKOUT,BULL,0.92,80.0,B,ASIA,4015.994,4002.705,4032.605,4032.605,4032.426,TP2,0.002,2.6578,0.487,13.289,3.2865,1.2365,1.267,0.389,92,0.358,2.848,0.05,0.0,0.0,clear,compression -> confirmed range break + momentum,548.9884
2025-10-09 06:58:00+00:00,2025-10-09 07:51:00+00:00,XAUUSD,LONG,TREND_CONTINUATION,BULL,0.907,85.0,A,ASIA,4040.882,4023.568,4062.523,4062.523,4023.334,STOP,0.001,1.7313,0.3154,17.313,-1.7548,-1.0135,0.0,1.026,53,0.393,3.587,0.05,0.12,0.0,clear,trend pullback + LTF BOS,547.2336
2025-10-13 11:51:00+00:00,2025-10-13 15:47:00+00:00,XAUUSD,LONG,BREAKOUT,COMPRESSION,0.989,95.0,A+,LONDON,4082.402,4068.474,4099.814,4099.814,4099.722,TP2,0.001,1.3929,0.2545,13.929,1.7319,1.2434,1.281,0.678,236,0.175,3.234,0.05,0.0,0.0,clear,compression -> confirmed range break + momentum,548.9655
2025-10-13 15:52:00+00:00,2025-10-13 21:00:00+00:00,XAUUSD,LONG,BREAKOUT,STRONG_BULL,1.0,70.0,NO_TRADE,OVERLAP,4099.887,4085.717,4117.599,4117.599,4109.38,SESSION_END,0.001,1.417,0.2581,14.17,0.9493,0.6699,1.208,0.658,308,0.183,4.171,0.05,0.05,0.0,clear,compression -> confirmed range break + momentum,549.9148
2025-10-14 01:31:00+00:00,2025-10-14 04:27:00+00:00,XAUUSD,LONG,TREND_CONTINUATION,BULL,1.0,100.0,A+,ASIA,4127.922,4103.366,4158.616,4158.616,4158.415,TP2,0.001,2.4556,0.4465,24.556,3.0493,1.2418,1.262,0.207,176,0.393,4.279,0.05,0.0,0.0,clear,trend pullback + LTF BOS,552.9641
2025-10-14 20:36:00+00:00,2025-10-14 21:00:00+00:00,XAUUSD,SHORT,LIQUIDITY_REVERSAL,LIQUIDITY_REVERSAL,0.8,85.0,A,NEWYORK,4143.406,4162.331,4119.749,4119.749,4143.579,SESSION_END,0.001,1.8925,0.3422,18.925,-0.0174,-0.0092,0.487,0.177,24,0.219,3.561,0.05,0.05,0.0,clear,sweep + rejection + CHoCH + displacement,552.9468
2025-10-15 07:51:00+00:00,2025-10-15 10:21:00+00:00,XAUUSD,LONG,BREAKOUT,COMPRESSION,0.937,80.0,B,LONDON,4196.687,4174.024,4225.015,4225.015,4173.792,STOP,0.001,2.2663,0.4099,22.663,-2.2894,-1.0102,0.94,1.48,150,0.203,4.21,0.05,0.12,0.0,clear,compression -> confirmed range break + momentum,550.6574
2025-10-16 06:16:00+00:00,2025-10-16 06:33:00+00:00,XAUUSD,SHORT,LIQUIDITY_REVERSAL,CHOPPY,0.689,80.0,B,ASIA,4229.29,4244.668,4210.068,4210.068,4210.257,TP2,0.001,1.5378,0.2793,15.378,1.9033,1.2377,1.631,0.049,17,0.37,3.899,0.05,0.0,0.0,clear,sweep + rejection + CHoCH + displacement,552.5606
2025-10-16 13:41:00+00:00,2025-10-16 15:06:00+00:00,XAUUSD,LONG,LIQUIDITY_REVERSAL,LIQUIDITY_REVERSAL,1.0,95.0,A+,OVERLAP,4234.587,4213.139,4261.398,4261.398,4261.259,TP2,0.001,2.1448,0.3882,21.448,2.6672,1.2435,1.276,0.085,85,0.225,5.242,0.05,0.0,0.0,clear,sweep + rejection + CHoCH + displacement,555.2278
2025-10-16 18:48:00+00:00,2025-10-16 21:00:00+00:00,XAUUSD,LONG,TREND_CONTINUATION,BULL,0.89,85.0,A,NEWYORK,4294.112,4269.654,4324.684,4324.684,4307.913,SESSION_END,0.001,2.4458,0.4405,24.458,1.3801,0.5643,0.758,0.865,132,0.314,7.194,0.05,0.05,0.0,clear,trend pullback + LTF BOS,556.6079
2025-10-20 11:15:00+00:00,2025-10-20 13:14:00+00:00,XAUUSD,LONG,LIQUIDITY_REVERSAL,LIQUIDITY_REVERSAL,0.8,75.0,B,LONDON,4253.707,4230.301,4282.965,4282.965,4282.889,TP2,0.001,2.3406,0.4205,23.406,2.9182,1.2467,1.266,0.13,119,0.164,4.864,0.05,0.0,0.0,clear,sweep + rejection + CHoCH + displacement,559.5261
2025-10-20 13:19:00+00:00,2025-10-20 13:40:00+00:00,XAUUSD,LONG,BREAKOUT,COMPRESSION,0.963,80.0,B,OVERLAP,4285.523,4259.083,4318.572,4318.572,4318.479,TP2,0.001,2.6439,0.4725,26.439,3.2956,1.2465,1.296,0.0,21,0.155,5.107,0.05,0.0,0.0,clear,compression -> confirmed range break + momentum,562.8217
2025-10-20 18:12:00+00:00,2025-10-20 20:44:00+00:00,XAUUSD,LONG,TREND_CONTINUATION,STRONG_BULL,0.923,85.0,A,NEWYORK,4347.382,4330.008,4369.101,4369.101,4369.013,TP2,0.001,1.7375,0.3087,17.375,2.163,1.2449,1.277,0.601,152,0.195,5.143,0.05,0.0,0.0,clear,trend pullback + LTF BOS,564.9848
2025-10-21 02:41:00+00:00,2025-10-21 08:33:00+00:00,XAUUSD,SHORT,BREAKOUT,COMPRESSION,0.953,70.0,NO_TRADE,ASIA,4344.427,4367.626,4315.429,4315.429,4315.537,TP2,0.001,2.3199,0.4106,23.199,2.8891,1.2454,1.679,0.464,352,0.395,6.791,0.05,0.0,0.0,clear,compression -> confirmed range break + momentum,567.8738
2025-10-23 06:56:00+00:00,2025-10-23 14:18:00+00:00,XAUUSD,LONG,BREAKOUT,COMPRESSION,0.963,65.0,NO_TRADE,ASIA,4106.066,4080.268,4138.313,4138.313,4138.222,TP2,0.001,2.5798,0.4543,25.798,3.2156,1.2465,1.353,0.562,442,0.301,4.987,0.05,0.0,0.0,clear,compression -> confirmed range break + momentum,571.0895
2025-10-27 03:16:00+00:00,2025-10-27 08:53:00+00:00,XAUUSD,SHORT,TREND_CONTINUATION,STRONG_BEAR,0.864,85.0,A,ASIA,4071.331,4093.813,4043.23,4043.23,4043.325,TP2,0.001,2.2481,0.3937,22.481,2.8006,1.2458,1.46,0.596,337,0.387,5.548,0.05,0.0,0.0,clear,trend pullback + LTF BOS,573.8901
2025-10-27 09:01:00+00:00,2025-10-27 11:39:00+00:00,XAUUSD,SHORT,BREAKOUT,STRONG_BEAR,0.872,70.0,NO_TRADE,LONDON,4048.256,4073.852,4016.261,4016.261,4016.376,TP2,0.001,2.5596,0.446,25.596,3.188,1.2455,1.297,0.043,158,0.238,6.507,0.05,0.0,0.0,clear,compression -> confirmed range break + momentum,577.0781
2025-10-27 11:44:00+00:00,2025-10-27 13:00:00+00:00,XAUUSD,SHORT,BREAKOUT,STRONG_BEAR,0.936,70.0,NO_TRADE,LONDON,4019.134,4047.035,3984.259,3984.259,4047.262,STOP,0.001,2.79,0.4835,27.9,-2.8127,-1.0081,0.002,1.11,76,0.241,6.891,0.05,0.12,0.0,clear,compression -> confirmed range break + momentum,574.2654
2025-10-28 19:56:00+00:00,2025-10-28 22:00:00+00:00,XAUUSD,LONG,LIQUIDITY_REVERSAL,LIQUIDITY_REVERSAL,0.8,80.0,B,NEWYORK,3960.58,3932.92,3995.155,3995.155,3954.813,SESSION_END,0.001,2.766,0.4817,27.66,-0.5767,-0.2085,0.036,0.405,64,0.21,4.64,0.05,0.05,0.0,clear,sweep + rejection + CHoCH + displacement,573.6886
2025-10-29 06:46:00+00:00,2025-10-29 08:00:00+00:00,XAUUSD,LONG,BREAKOUT,COMPRESSION,0.932,65.0,NO_TRADE,ASIA,3980.479,3962.865,4002.496,4002.496,4002.393,TP2,0.001,1.7614,0.307,17.614,2.1915,1.2442,1.28,0.337,74,0.368,5.141,0.05,0.0,0.0,clear,compression -> confirmed range break + momentum,575.8801
2025-10-29 09:55:00+00:00,2025-10-29 13:40:00+00:00,XAUUSD,LONG,BREAKOUT,BULL,0.577,50.0,NO_TRADE,LONDON,4027.542,4003.206,4057.962,4057.962,4002.986,STOP,0.001,2.4336,0.4226,24.336,-2.4556,-1.009,0.099,1.033,225,0.194,4.787,0.05,0.12,0.0,clear,compression -> confirmed range break + momentum,573.4245
2025-10-30 12:36:00+00:00,2025-10-30 14:07:00+00:00,XAUUSD,SHORT,LIQUIDITY_REVERSAL,CHOPPY,0.567,90.0,A+,OVERLAP,3975.692,4003.493,3940.941,3940.941,4003.735,STOP,0.001,2.7801,0.4848,27.801,-2.8043,-1.0087,0.566,1.037,91,0.206,6.381,0.05,0.12,0.0,clear,sweep + rejection + CHoCH + displacement,570.6202
2025-10-31 02:13:00+00:00,2025-10-31 03:13:00+00:00,XAUUSD,SHORT,BREAKOUT,COMPRESSION,0.979,70.0,NO_TRADE,ASIA,4015.261,4034.45,3991.274,3991.274,3991.473,TP2,0.001,1.919,0.3363,19.19,2.3788,1.2396,1.268,0.125,60,0.368,5.608,0.05,0.0,0.0,clear,compression -> confirmed range break + momentum,572.999
2025-11-03 14:31:00+00:00,2025-11-03 21:00:00+00:00,XAUUSD,SHORT,LIQUIDITY_REVERSAL,CHOPPY,0.635,80.0,B,OVERLAP,4010.653,4037.897,3976.597,3976.597,4008.234,SESSION_END,0.001,2.7244,0.4755,27.244,0.2418,0.0888,0.575,0.724,389,0.184,4.355,0.05,0.05,0.0,clear,sweep + rejection + CHoCH + displacement,573.2408
2025-11-04 13:36:00+00:00,2025-11-04 14:29:00+00:00,XAUUSD,SHORT,BREAKOUT,COMPRESSION,0.932,85.0,A,OVERLAP,3980.451,4001.913,3953.623,3953.623,3953.74,TP2,0.001,2.1462,0.3744,21.462,2.6711,1.2446,1.371,0.098,53,0.209,4.62,0.05,0.0,0.0,clear,compression -> confirmed range break + momentum,575.9119
2025-11-05 20:45:00+00:00,2025-11-05 21:00:00+00:00,XAUUSD,SHORT,LIQUIDITY_REVERSAL,CHOPPY,0.553,85.0,A,NEWYORK,3984.148,3995.726,3969.677,3969.677,3985.178,SESSION_END,0.002,2.3155,0.4021,11.577,-0.206,-0.089,0.237,0.06,15,0.193,2.576,0.05,0.05,0.0,clear,sweep + rejection + CHoCH + displacement,575.7059
2025-11-07 06:56:00+00:00,2025-11-07 12:50:00+00:00,XAUUSD,LONG,BREAKOUT,COMPRESSION,0.995,85.0,A,ASIA,4006.471,3991.645,4025.005,4025.005,3991.41,STOP,0.001,1.4826,0.2575,14.826,-1.5062,-1.0159,0.506,1.007,354,0.413,3.192,0.05,0.12,0.0,clear,compression -> confirmed range break + momentum,574.1997
2025-11-10 12:11:00+00:00,2025-11-10 13:02:00+00:00,XAUUSD,LONG,BREAKOUT,COMPRESSION,0.989,80.0,B,OVERLAP,4088.39,4076.411,4103.363,4103.363,4103.269,TP2,0.002,2.3958,0.4172,11.979,2.9759,1.2422,1.342,0.093,51,0.189,3.247,0.05,0.0,0.0,clear,compression -> confirmed range break + momentum,577.1756
2025-11-10 20:31:00+00:00,2025-11-10 21:00:00+00:00,XAUUSD,SHORT,LIQUIDITY_REVERSAL,BULL,0.974,80.0,B,NEWYORK,4108.935,4124.168,4089.894,4089.894,4111.632,SESSION_END,0.001,1.5233,0.2639,15.233,-0.2697,-0.177,0.08,0.263,29,0.22,3.005,0.05,0.05,0.0,clear,sweep + rejection + CHoCH + displacement,576.906
2025-11-11 00:31:00+00:00,2025-11-11 04:03:00+00:00,XAUUSD,LONG,BREAKOUT,COMPRESSION,0.942,95.0,A+,ASIA,4126.236,4108.24,4148.731,4148.731,4148.543,TP2,0.001,1.7996,0.3119,17.996,2.2307,1.2396,1.251,0.056,212,0.342,2.783,0.05,0.0,0.0,clear,compression -> confirmed range break + momentum,579.1367
2025-11-11 10:04:00+00:00,2025-11-11 15:22:00+00:00,XAUUSD,SHORT,LIQUIDITY_REVERSAL,LIQUIDITY_REVERSAL,0.8,75.0,B,LONDON,4137.726,4159.457,4110.562,4110.562,4110.694,TP2,0.001,2.1731,0.3752,21.731,2.7032,1.2439,1.43,0.406,318,0.198,2.987,0.05,0.0,0.0,clear,sweep + rejection + CHoCH + displacement,581.8398
2025-11-13 13:32:00+00:00,2025-11-13 14:43:00+00:00,XAUUSD,SHORT,LIQUIDITY_REVERSAL,BULL,0.948,85.0,A,OVERLAP,4227.955,4255.646,4193.34,4193.34,4193.479,TP2,0.001,2.7691,0.4759,27.691,3.4476,1.245,1.43,0.156,71,0.221,5.049,0.05,0.0,0.0,clear,sweep + rejection + CHoCH + displacement,585.2874
2025-11-17 05:21:00+00:00,2025-11-17 08:02:00+00:00,XAUUSD,SHORT,BREAKOUT,COMPRESSION,0.989,80.0,B,ASIA,4068.259,4090.357,4040.636,4040.636,4090.571,STOP,0.001,2.2098,0.3776,22.098,-2.2312,-1.0097,0.849,1.054,161,0.333,4.179,0.05,0.12,0.0,clear,compression -> confirmed range break + momentum,583.0562
2025-11-17 20:05:00+00:00,2025-11-17 20:56:00+00:00,XAUUSD,SHORT,BREAKOUT,EXPANSION,0.95,70.0,NO_TRADE,NEWYORK,4014.369,4039.441,3983.029,3983.029,4039.699,STOP,0.001,2.5072,0.43,25.072,-2.533,-1.0103,0.144,1.096,51,0.292,7.398,0.05,0.12,0.0,clear,compression -> confirmed range break + momentum,580.5232
2025-11-19 01:16:00+00:00,2025-11-19 02:44:00+00:00,XAUUSD,SHORT,BREAKOUT,COMPRESSION,0.984,65.0,NO_TRADE,ASIA,4064.133,4077.38,4047.574,4047.574,4077.682,STOP,0.002,2.6494,0.4564,13.247,-2.7098,-1.0228,0.671,1.082,88,0.329,3.856,0.05,0.12,0.0,clear,compression -> confirmed range break + momentum,577.8134
2025-11-21 01:32:00+00:00,2025-11-21 06:28:00+00:00,XAUUSD,SHORT,BREAKOUT,COMPRESSION,0.974,80.0,B,ASIA,4060.935,4080.293,4036.737,4036.737,4036.952,TP2,0.001,1.9358,0.335,19.358,2.3982,1.2389,1.574,0.975,296,0.361,4.797,0.05,0.0,0.0,clear,compression -> confirmed range break + momentum,580.2116
2025-11-24 12:46:00+00:00,2025-11-24 18:37:00+00:00,XAUUSD,LONG,BREAKOUT,COMPRESSION,0.958,65.0,NO_TRADE,OVERLAP,4080.346,4062.506,4102.646,4102.646,4102.54,TP2,0.001,1.784,0.3075,17.84,2.2194,1.2441,1.297,0.688,351,0.162,3.469,0.05,0.0,0.0,clear,compression -> confirmed range break + momentum,582.431
2025-11-26 01:11:00+00:00,2025-11-26 02:26:00+00:00,XAUUSD,LONG,BREAKOUT,COMPRESSION,0.979,80.0,B,ASIA,4143.715,4128.328,4162.948,4162.948,4162.766,TP2,0.001,1.5386,0.2642,15.386,1.9051,1.2382,1.263,0.307,75,0.36,3.539,0.05,0.0,0.0,clear,compression -> confirmed range break + momentum,584.3361
2025-11-26 10:34:00+00:00,2025-11-26 15:00:00+00:00,XAUUSD,SHORT,LIQUIDITY_REVERSAL,CHOPPY,0.627,80.0,B,LONDON,4158.81,4175.756,4137.628,4137.628,4137.759,TP2,0.001,1.6946,0.29,16.946,2.1051,1.2422,1.365,0.846,266,0.196,3.297,0.05,0.0,0.0,clear,sweep + rejection + CHoCH + displacement,586.4411
2025-11-26 17:37:00+00:00,2025-11-26 21:00:00+00:00,XAUUSD,SHORT,LIQUIDITY_REVERSAL,CHOPPY,0.649,75.0,B,NEWYORK,4165.832,4177.513,4151.231,4151.231,4162.973,SESSION_END,0.002,2.3362,0.3984,11.681,0.5719,0.2448,0.683,0.484,203,0.226,3.404,0.05,0.05,0.0,clear,sweep + rejection + CHoCH + displacement,587.013
2025-11-27 06:57:00+00:00,2025-11-27 14:57:00+00:00,XAUUSD,LONG,BREAKOUT,COMPRESSION,0.9,80.0,B,ASIA,4158.142,4142.217,4178.05,4178.05,4154.852,TIME,0.001,1.5926,0.2713,15.926,-0.3291,-0.2066,0.545,0.626,480,0.375,3.028,0.05,0.05,0.0,clear,compression -> confirmed range break + momentum,586.6839
2025-12-01 03:01:00+00:00,2025-12-01 05:26:00+00:00,XAUUSD,LONG,TREND_CONTINUATION,BULL,0.971,75.0,B,ASIA,4242.647,4217.839,4273.656,4273.656,4217.477,STOP,0.001,2.4807,0.4228,24.807,-2.517,-1.0146,0.162,1.103,145,0.564,5.609,0.05,0.12,0.0,clear,trend pullback + LTF BOS,584.167
2025-12-02 00:01:00+00:00,2025-12-02 01:09:00+00:00,XAUUSD,SHORT,BREAKOUT,COMPRESSION,0.979,50.0,NO_TRADE,ASIA,4224.545,4240.647,4204.417,4204.417,4204.606,TP2,0.001,1.6102,0.2756,16.102,1.9939,1.2383,1.655,0.306,68,0.341,3.388,0.05,0.0,0.0,clear,compression -> confirmed range break + momentum,586.1608
2025-12-03 02:12:00+00:00,2025-12-03 05:47:00+00:00,XAUUSD,LONG,BREAKOUT,COMPRESSION,0.942,50.0,NO_TRADE,ASIA,4222.629,4204.78,4244.941,4244.941,4204.475,STOP,0.001,1.7849,0.3045,17.849,-1.8154,-1.0171,0.344,1.091,215,0.389,3.774,0.05,0.12,0.0,clear,compression -> confirmed range break + momentum,584.3454
2025-12-03 12:41:00+00:00,2025-12-03 13:52:00+00:00,XAUUSD,LONG,BREAKOUT,COMPRESSION,0.963,65.0,NO_TRADE,OVERLAP,4213.024,4198.09,4231.692,4231.692,4231.586,TP2,0.001,1.4934,0.2556,14.934,1.8562,1.2429,1.274,0.168,71,0.179,2.951,0.05,0.0,0.0,clear,compression -> confirmed range break + momentum,586.2016
2025-12-04 03:07:00+00:00,2025-12-04 11:07:00+00:00,XAUUSD,SHORT,BREAKOUT,BEAR,0.748,65.0,NO_TRADE,ASIA,4193.983,4220.516,4160.818,4160.818,4201.323,TIME,0.001,2.6532,0.4526,26.532,-0.734,-0.2766,0.715,0.322,480,0.443,4.097,0.05,0.05,0.0,clear,compression -> confirmed range break + momentum,585.4676
2025-12-04 13:31:00+00:00,2025-12-04 14:33:00+00:00,XAUUSD,LONG,LIQUIDITY_REVERSAL,LIQUIDITY_REVERSAL,0.8,85.0,A,OVERLAP,4191.235,4173.879,4212.93,4212.93,4212.811,TP2,0.001,1.7356,0.2964,17.356,2.1576,1.2431,1.27,0.182,62,0.219,3.905,0.05,0.0,0.0,clear,sweep + rejection + CHoCH + displacement,587.6251
2025-12-05 01:11:00+00:00,2025-12-05 04:33:00+00:00,XAUUSD,SHORT,BREAKOUT,COMPRESSION,0.984,80.0,B,ASIA,4197.248,4215.815,4174.04,4174.04,4216.113,STOP,0.001,1.8567,0.316,18.567,-1.8864,-1.016,0.15,1.003,202,0.333,2.511,0.05,0.12,0.0,clear,compression -> confirmed range break + momentum,585.7387
2025-12-05 13:37:00+00:00,2025-12-05 15:39:00+00:00,XAUUSD,LONG,BREAKOUT,BULL,0.91,70.0,NO_TRADE,OVERLAP,4235.645,4217.594,4258.209,4258.209,4258.074,TP2,0.001,1.8051,0.3082,18.051,2.2429,1.2425,1.3,0.421,122,0.22,3.546,0.05,0.0,0.0,clear,compression -> confirmed range break + momentum,587.9816
2025-12-08 07:39:00+00:00,2025-12-08 14:58:00+00:00,XAUUSD,SHORT,LIQUIDITY_REVERSAL,CHOPPY,0.648,75.0,B,LONDON,4211.939,4224.926,4195.706,4195.706,4195.841,TP2,0.002,2.5973,0.4417,12.987,3.2196,1.2396,1.272,0.344,439,0.212,2.754,0.05,0.0,0.0,clear,sweep + rejection + CHoCH + displacement,591.2012
2025-12-09 04:04:00+00:00,2025-12-09 06:11:00+00:00,XAUUSD,SHORT,LIQUIDITY_REVERSAL,CHOPPY,0.636,95.0,A+,ASIA,4191.83,4208.312,4171.227,4171.227,4171.414,TP2,0.001,1.6482,0.2788,16.482,2.0416,1.2387,1.285,0.219,127,0.33,2.226,0.05,0.0,0.0,clear,sweep + rejection + CHoCH + displacement,593.2428
2025-12-11 01:05:00+00:00,2025-12-11 03:09:00+00:00,XAUUSD,LONG,TREND_CONTINUATION,BULL,0.857,95.0,A+,ASIA,4244.599,4218.085,4277.742,4277.742,4217.718,STOP,0.001,2.6514,0.4469,26.514,-2.6881,-1.0138,0.018,1.193,124,0.509,4.065,0.05,0.12,0.0,clear,trend pullback + LTF BOS,590.5547
2025-12-11 10:02:00+00:00,2025-12-11 11:53:00+00:00,XAUUSD,LONG,BREAKOUT,COMPRESSION,0.937,70.0,NO_TRADE,LONDON,4220.076,4209.616,4233.152,4233.152,4209.392,STOP,0.002,2.0921,0.3543,10.46,-2.1369,-1.0214,0.545,1.016,111,0.222,3.043,0.05,0.12,0.0,clear,compression -> confirmed range break + momentum,588.4178
2025-12-15 04:10:00+00:00,2025-12-15 12:10:00+00:00,XAUUSD,LONG,TREND_CONTINUATION,BULL,0.887,85.0,A,ASIA,4329.282,4302.256,4363.064,4363.064,4344.155,TIME,0.001,2.7026,0.4593,27.026,1.4873,0.5503,0.766,0.236,480,0.353,3.161,0.05,0.05,0.0,clear,trend pullback + LTF BOS,589.9051
2025-12-15 13:06:00+00:00,2025-12-15 16:05:00+00:00,XAUUSD,SHORT,LIQUIDITY_REVERSAL,LIQUIDITY_REVERSAL,0.7,80.0,B,OVERLAP,4337.69,4364.199,4304.554,4304.554,4304.754,TP2,0.001,2.6509,0.4494,26.509,3.2936,1.2425,1.261,0.248,179,0.17,2.711,0.05,0.0,0.0,clear,sweep + rejection + CHoCH + displacement,593.1987
2025-12-17 13:11:00+00:00,2025-12-17 21:00:00+00:00,XAUUSD,LONG,BREAKOUT,COMPRESSION,0.995,80.0,B,OVERLAP,4324.845,4298.16,4358.202,4358.202,4340.471,SESSION_END,0.001,2.6685,0.4498,26.685,1.5626,0.5856,0.893,0.182,469,0.18,3.0,0.05,0.05,0.0,clear,compression -> confirmed range break + momentum,594.7613
2025-12-18 01:21:00+00:00,2025-12-18 09:21:00+00:00,XAUUSD,SHORT,BREAKOUT,COMPRESSION,0.921,70.0,NO_TRADE,ASIA,4326.907,4341.758,4308.342,4308.342,4325.807,TIME,0.002,2.9704,0.4994,14.852,0.2199,0.074,0.353,0.721,480,0.377,3.333,0.05,0.05,0.0,clear,compression -> confirmed range break + momentum,594.9812
2025-12-22 13:07:00+00:00,2025-12-22 15:55:00+00:00,XAUUSD,LONG,BREAKOUT,COMPRESSION,0.968,65.0,NO_TRADE,OVERLAP,4418.67,4406.944,4433.327,4433.327,4433.19,TP2,0.002,2.3451,0.3941,11.726,2.904,1.2383,1.273,0.592,168,0.19,2.761,0.05,0.0,0.0,clear,compression -> confirmed range break + momentum,597.8852
2025-12-22 16:01:00+00:00,2025-12-22 21:00:00+00:00,XAUUSD,LONG,BREAKOUT,STRONG_BULL,1.0,65.0,NO_TRADE,NEWYORK,4429.715,4411.824,4452.078,4452.078,4438.388,SESSION_END,0.001,1.789,0.2992,17.89,0.8673,0.4848,0.684,0.097,299,0.339,5.222,0.05,0.05,0.0,clear,compression -> confirmed range break + momentum,598.7525
2025-12-23 00:06:00+00:00,2025-12-23 01:07:00+00:00,XAUUSD,LONG,BREAKOUT,STRONG_BULL,0.987,85.0,A,ASIA,4462.768,4448.161,4481.028,4481.028,4480.83,TP2,0.002,2.9215,0.4879,14.607,3.6123,1.2365,1.275,0.056,61,0.387,3.415,0.05,0.0,0.0,clear,compression -> confirmed range break + momentum,602.3648
2025-12-23 02:36:00+00:00,2025-12-23 10:36:00+00:00,XAUUSD,LONG,BREAKOUT,STRONG_BULL,1.0,80.0,B,ASIA,4493.448,4468.432,4524.719,4524.719,4481.079,TIME,0.001,2.5017,0.4153,25.017,-1.237,-0.4945,0.156,0.967,480,0.487,4.878,0.05,0.05,0.0,clear,compression -> confirmed range break + momentum,601.1278
2025-12-26 08:16:00+00:00,2025-12-26 15:37:00+00:00,XAUUSD,LONG,TREND_CONTINUATION,BULL,0.926,80.0,B,LONDON,4515.639,4493.393,4543.447,4543.447,4543.324,TP2,0.001,2.2246,0.3701,22.246,2.7685,1.2445,1.322,0.59,441,0.189,3.334,0.05,0.0,0.0,clear,trend pullback + LTF BOS,603.8963
2025-12-29 06:05:00+00:00,2025-12-29 06:45:00+00:00,XAUUSD,LONG,LIQUIDITY_REVERSAL,CHOPPY,0.607,90.0,A+,ASIA,4509.241,4483.745,4541.111,4541.111,4483.39,STOP,0.001,2.5496,0.4222,25.496,-2.5851,-1.0139,0.041,1.039,40,0.391,4.813,0.05,0.12,0.0,clear,sweep + rejection + CHoCH + displacement,601.3112
2025-12-30 01:57:00+00:00,2025-12-30 09:57:00+00:00,XAUUSD,LONG,BREAKOUT,COMPRESSION,0.926,55.0,NO_TRADE,ASIA,4357.864,4329.065,4393.862,4393.862,4373.279,TIME,0.001,2.8799,0.4789,28.799,1.5415,0.5353,0.874,0.322,480,0.418,6.599,0.05,0.05,0.0,clear,compression -> confirmed range break + momentum,602.8527
2025-12-31 18:36:00+00:00,2025-12-31 21:00:00+00:00,XAUUSD,SHORT,LIQUIDITY_REVERSAL,LIQUIDITY_REVERSAL,1.0,100.0,A+,NEWYORK,4320.736,4350.486,4283.549,4283.549,4313.27,SESSION_END,0.001,2.975,0.4935,29.75,0.7466,0.251,0.556,0.165,144,0.238,5.297,0.05,0.05,0.0,clear,sweep + rejection + CHoCH + displacement,603.5993
2026-01-02 08:36:00+00:00,2026-01-02 13:29:00+00:00,XAUUSD,LONG,BREAKOUT,COMPRESSION,0.989,65.0,NO_TRADE,LONDON,4388.648,4373.608,4407.449,4407.449,4373.366,STOP,0.001,1.5041,0.3008,15.041,-1.5283,-1.0161,0.883,1.05,293,0.2,3.411,0.05,0.12,0.0,clear,compression -> confirmed range break + momentum,498.4717
2026-01-05 04:44:00+00:00,2026-01-05 09:43:00+00:00,XAUUSD,LONG,TREND_CONTINUATION,STRONG_BULL,1.0,85.0,A,ASIA,4406.019,4381.13,4437.13,4437.13,4437.035,TP2,0.001,2.4889,0.4993,24.889,3.1016,1.2462,1.258,0.203,299,0.389,4.351,0.05,0.0,0.0,clear,trend pullback + LTF BOS,501.5733
2026-01-05 10:30:00+00:00,2026-01-05 11:26:00+00:00,XAUUSD,LONG,TREND_CONTINUATION,STRONG_BULL,1.0,85.0,A,LONDON,4432.94,4422.087,4446.506,4446.506,4421.865,STOP,0.002,2.1705,0.4327,10.853,-2.215,-1.0205,0.621,1.645,56,0.19,3.236,0.05,0.12,0.0,clear,trend pullback + LTF BOS,499.3584
2026-01-06 07:56:00+00:00,2026-01-06 14:37:00+00:00,XAUUSD,SHORT,LIQUIDITY_REVERSAL,LIQUIDITY_REVERSAL,0.8,80.0,B,LONDON,4458.13,4482.075,4428.198,4428.198,4482.312,STOP,0.001,2.3945,0.4795,23.945,-2.4183,-1.0099,0.67,1.028,401,0.198,3.696,0.05,0.12,0.0,clear,sweep + rejection + CHoCH + displacement,496.9401
2026-01-06 15:48:00+00:00,2026-01-06 21:00:00+00:00,XAUUSD,SHORT,LIQUIDITY_REVERSAL,BULL,0.799,85.0,A,OVERLAP,4477.436,4500.867,4448.147,4448.147,4493.432,SESSION_END,0.001,2.3431,0.4715,23.431,-1.5997,-0.6827,0.267,0.814,312,0.278,6.901,0.05,0.05,0.0,clear,sweep + rejection + CHoCH + displacement,495.3405
2026-01-08 02:06:00+00:00,2026-01-08 10:06:00+00:00,XAUUSD,SHORT,BREAKOUT,COMPRESSION,0.921,65.0,NO_TRADE,ASIA,4441.145,4464.221,4412.3,4412.3,4429.446,TIME,0.001,2.3076,0.4659,23.076,1.17,0.507,1.124,0.31,480,0.439,5.066,0.05,0.05,0.0,clear,compression -> confirmed range break + momentum,496.5104
2026-01-08 12:13:00+00:00,2026-01-08 13:22:00+00:00,XAUUSD,SHORT,BREAKOUT,COMPRESSION,0.953,65.0,NO_TRADE,OVERLAP,4413.953,4432.088,4391.285,4391.285,4432.313,STOP,0.001,1.8135,0.3652,18.135,-1.836,-1.0124,0.357,1.026,69,0.184,3.876,0.05,0.12,0.0,clear,compression -> confirmed range break + momentum,494.6745
2026-01-08 15:50:00+00:00,2026-01-08 21:00:00+00:00,XAUUSD,LONG,BREAKOUT,EXPANSION,0.939,55.0,NO_TRADE,OVERLAP,4454.67,4432.213,4482.742,4482.742,4476.712,SESSION_END,0.001,2.2458,0.454,22.458,2.2042,0.9815,1.089,0.45,310,0.25,6.547,0.05,0.05,0.0,clear,compression -> confirmed range break + momentum,496.8787
2026-01-09 13:21:00+00:00,2026-01-09 13:34:00+00:00,XAUUSD,LONG,LIQUIDITY_REVERSAL,CHOPPY,0.707,90.0,A+,OVERLAP,4467.346,4451.128,4487.619,4487.619,4487.509,TP2,0.001,1.6218,0.3264,16.218,2.0163,1.2432,1.278,0.54,13,0.203,3.908,0.05,0.0,0.0,clear,sweep + rejection + CHoCH + displacement,498.895
2026-01-12 14:33:00+00:00,2026-01-12 15:33:00+00:00,XAUUSD,SHORT,LIQUIDITY_REVERSAL,LIQUIDITY_REVERSAL,0.7,75.0,B,OVERLAP,4598.886,4622.392,4569.503,4569.503,4622.669,STOP,0.001,2.3506,0.4712,23.506,-2.3783,-1.0118,0.293,1.024,60,0.279,6.695,0.05,0.12,0.0,clear,sweep + rejection + CHoCH + displacement,496.5167
2026-01-12 16:20:00+00:00,2026-01-12 18:16:00+00:00,XAUUSD,LONG,BREAKOUT,BULL,0.961,70.0,NO_TRADE,NEWYORK,4628.261,4605.556,4656.643,4656.643,4605.303,STOP,0.001,2.2705,0.4573,22.705,-2.2958,-1.0111,0.058,1.104,116,0.332,6.441,0.05,0.12,0.0,clear,compression -> confirmed range break + momentum,494.2209
2026-01-14 09:36:00+00:00,2026-01-14 15:04:00+00:00,XAUUSD,SHORT,LIQUIDITY_REVERSAL,CHOPPY,0.585,85.0,A,LONDON,4631.398,4654.123,4602.992,4602.992,4603.132,TP2,0.001,2.2725,0.4598,22.725,2.8267,1.2439,1.267,0.449,328,0.199,3.653,0.05,0.0,0.0,clear,sweep + rejection + CHoCH + displacement,497.0475
2026-01-16 00:57:00+00:00,2026-01-16 05:48:00+00:00,XAUUSD,SHORT,BREAKOUT,COMPRESSION,0.905,50.0,NO_TRADE,ASIA,4599.958,4611.185,4585.924,4585.924,4611.468,STOP,0.002,2.2454,0.4518,11.227,-2.3021,-1.0252,0.8,1.073,291,0.314,3.27,0.05,0.12,0.0,clear,compression -> confirmed range break + momentum,494.7455
2026-01-16 05:53:00+00:00,2026-01-16 13:16:00+00:00,XAUUSD,LONG,BREAKOUT,COMPRESSION,0.995,65.0,NO_TRADE,ASIA,4612.055,4591.577,4637.652,4637.652,4591.354,STOP,0.001,2.0478,0.4139,20.478,-2.0701,-1.0109,0.191,1.261,443,0.339,3.281,0.05,0.12,0.0,clear,compression -> confirmed range break + momentum,492.6754
2026-01-16 15:18:00+00:00,2026-01-16 15:23:00+00:00,XAUUSD,LONG,BREAKOUT,EXPANSION,0.855,55.0,NO_TRADE,OVERLAP,4616.904,4595.825,4643.253,4643.253,4595.557,STOP,0.001,2.1079,0.4279,21.079,-2.1347,-1.0127,0.0,1.056,5,0.273,6.184,0.05,0.12,0.0,clear,compression -> confirmed range break + momentum,490.5407
2026-01-19 09:24:00+00:00,2026-01-19 17:24:00+00:00,XAUUSD,SHORT,LIQUIDITY_REVERSAL,LIQUIDITY_REVERSAL,0.8,75.0,B,LONDON,4668.405,4680.896,4652.792,4652.792,4669.852,TIME,0.001,1.2491,0.2546,12.491,-0.1447,-0.1158,0.719,0.604,480,0.2,3.433,0.05,0.05,0.0,clear,sweep + rejection + CHoCH + displacement,490.396
2026-01-20 11:41:00+00:00,2026-01-20 17:55:00+00:00,XAUUSD,LONG,TREND_CONTINUATION,STRONG_BULL,0.998,85.0,A,LONDON,4730.055,4706.499,4759.499,4759.499,4759.334,TP2,0.001,2.3556,0.4803,23.556,2.9279,1.243,1.276,0.636,373,0.22,3.465,0.05,0.0,0.0,clear,trend pullback + LTF BOS,493.324
2026-01-20 18:55:00+00:00,2026-01-20 21:00:00+00:00,XAUUSD,SHORT,LIQUIDITY_REVERSAL,BULL,0.947,75.0,B,NEWYORK,4754.4,4778.251,4724.585,4724.585,4758.354,SESSION_END,0.001,2.3852,0.4835,23.852,-0.3954,-0.1658,0.308,0.492,125,0.291,4.382,0.05,0.05,0.0,clear,sweep + rejection + CHoCH + displacement,492.9286
2026-01-22 19:01:00+00:00,2026-01-22 21:00:00+00:00,XAUUSD,LONG,BREAKOUT,BULL,0.556,70.0,NO_TRADE,NEWYORK,4916.553,4896.243,4941.941,4941.941,4916.364,SESSION_END,0.001,2.0311,0.412,20.311,-0.0189,-0.0093,0.578,0.532,119,0.237,5.977,0.05,0.05,0.0,clear,compression -> confirmed range break + momentum,492.9097
2026-02-10 08:50:00+00:00,2026-02-10 12:44:00+00:00,XAUUSD,LONG,BREAKOUT,COMPRESSION,0.979,65.0,NO_TRADE,LONDON,5051.06,5027.1,5081.011,5081.011,5026.897,STOP,0.001,2.3961,0.4861,23.961,-2.4164,-1.0085,0.501,1.149,234,0.191,6.791,0.05,0.12,0.0,clear,compression -> confirmed range break + momentum,490.4934
2026-02-11 05:41:00+00:00,2026-02-11 10:44:00+00:00,XAUUSD,LONG,BREAKOUT,COMPRESSION,0.911,80.0,B,ASIA,5062.612,5038.843,5092.323,5092.323,5092.23,TP2,0.001,2.3769,0.4846,23.769,2.9618,1.2461,1.573,0.726,303,0.314,4.468,0.05,0.0,0.0,clear,compression -> confirmed range break + momentum,493.4551
2026-02-12 09:57:00+00:00,2026-02-12 12:46:00+00:00,XAUUSD,SHORT,LIQUIDITY_REVERSAL,CHOPPY,0.558,70.0,NO_TRADE,LONDON,5075.001,5091.916,5053.857,5053.857,5053.941,TP2,0.001,1.6915,0.3428,16.915,2.106,1.2451,1.251,0.105,169,0.188,4.913,0.05,0.0,0.0,clear,sweep + rejection + CHoCH + displacement,495.5611
2026-02-12 13:02:00+00:00,2026-02-12 16:10:00+00:00,XAUUSD,LONG,LIQUIDITY_REVERSAL,CHOPPY,0.665,85.0,A,OVERLAP,5056.311,5033.991,5084.211,5084.211,5033.722,STOP,0.001,2.232,0.4504,22.32,-2.2589,-1.012,1.217,1.047,188,0.172,4.662,0.05,0.12,0.0,clear,sweep + rejection + CHoCH + displacement,493.3022
2026-02-16 02:56:00+00:00,2026-02-16 03:49:00+00:00,XAUUSD,SHORT,BREAKOUT,COMPRESSION,0.905,80.0,B,ASIA,4996.061,5017.092,4969.771,4969.771,4969.931,TP2,0.001,2.1032,0.4264,21.032,2.613,1.2424,1.367,0.171,53,0.329,6.156,0.05,0.0,0.0,clear,compression -> confirmed range break + momentum,495.9152
2026-02-16 04:04:00+00:00,2026-02-16 08:03:00+00:00,XAUUSD,SHORT,BREAKOUT,STRONG_BEAR,0.874,65.0,NO_TRADE,ASIA,4987.355,5011.911,4956.66,4956.66,5012.111,STOP,0.001,2.4556,0.4952,24.556,-2.4756,-1.0081,0.916,1.045,239,0.361,7.216,0.05,0.12,0.0,clear,compression -> confirmed range break + momentum,493.4396
2026-02-16 19:16:00+00:00,2026-02-16 23:00:00+00:00,XAUUSD,SHORT,LIQUIDITY_REVERSAL,LIQUIDITY_REVERSAL,1.0,95.0,A+,NEWYORK,4993.177,5005.663,4977.571,4977.571,4991.688,SESSION_END,0.001,1.2485,0.253,12.485,0.1489,0.1193,0.388,0.228,13,0.175,2.948,0.05,0.05,0.0,clear,sweep + rejection + CHoCH + displacement,493.5885
2026-02-17 00:51:00+00:00,2026-02-17 00:57:00+00:00,XAUUSD,SHORT,BREAKOUT,BEAR,0.777,85.0,A,ASIA,4968.834,4988.038,4944.829,4944.829,4945.044,TP2,0.001,1.9204,0.3891,19.204,2.379,1.2388,1.405,0.005,6,0.383,5.164,0.05,0.0,0.0,clear,compression -> confirmed range break + momentum,495.9675
2026-02-18 09:06:00+00:00,2026-02-18 12:55:00+00:00,XAUUSD,SHORT,BREAKOUT,COMPRESSION,0.989,80.0,B,LONDON,4915.574,4934.051,4892.479,4892.479,4934.256,STOP,0.001,1.8476,0.3725,18.476,-1.8681,-1.0111,0.515,1.154,229,0.181,4.52,0.05,0.12,0.0,clear,compression -> confirmed range break + momentum,494.0994
2026-02-20 03:31:00+00:00,2026-02-20 06:01:00+00:00,XAUUSD,LONG,LIQUIDITY_REVERSAL,CHOPPY,0.682,90.0,A+,ASIA,4994.754,4978.541,5015.02,5015.02,5014.843,TP2,0.001,1.6213,0.3281,16.213,2.0089,1.2391,1.324,0.829,150,0.378,4.721,0.05,0.0,0.0,clear,sweep + rejection + CHoCH + displacement,496.1083
2026-02-24 12:27:00+00:00,2026-02-24 13:48:00+00:00,XAUUSD,SHORT,BREAKOUT,COMPRESSION,0.979,50.0,NO_TRADE,OVERLAP,5158.775,5179.476,5132.898,5132.898,5133.016,TP2,0.001,2.0701,0.4173,20.701,2.5759,1.2443,1.474,0.267,81,0.2,6.08,0.05,0.0,0.0,clear,compression -> confirmed range break + momentum,498.6842
2026-02-26 11:57:00+00:00,2026-02-26 15:27:00+00:00,XAUUSD,SHORT,BREAKOUT,COMPRESSION,0.958,65.0,NO_TRADE,LONDON,5163.122,5187.854,5132.207,5132.207,5132.352,TP2,0.001,2.4732,0.4959,24.732,3.077,1.2441,1.36,0.989,210,0.206,4.816,0.05,0.0,0.0,clear,compression -> confirmed range break + momentum,501.7612
2026-02-27 13:06:00+00:00,2026-02-27 13:20:00+00:00,XAUUSD,LONG,BREAKOUT,COMPRESSION,0.974,80.0,B,OVERLAP,5194.461,5171.325,5223.381,5223.381,5223.278,TP2,0.001,2.3136,0.4611,23.136,2.8817,1.2455,1.34,0.0,14,0.171,3.801,0.05,0.0,0.0,clear,compression -> confirmed range break + momentum,504.6429
2026-03-05 05:41:00+00:00,2026-03-05 06:08:00+00:00,XAUUSD,SHORT,BREAKOUT,COMPRESSION,0.995,80.0,B,ASIA,5165.154,5183.519,5142.198,5142.198,5142.364,TP2,0.001,1.8365,0.3639,18.365,2.279,1.2409,1.426,0.221,27,0.302,5.394,0.05,0.0,0.0,clear,compression -> confirmed range break + momentum,506.9219
2026-03-06 10:04:00+00:00,2026-03-06 13:30:00+00:00,XAUUSD,SHORT,BREAKOUT,BEAR,0.876,70.0,NO_TRADE,LONDON,5085.573,5110.875,5053.945,5053.945,5111.1,STOP,0.001,2.5302,0.4991,25.302,-2.5528,-1.0089,0.927,1.434,206,0.224,7.443,0.05,0.12,0.0,clear,compression -> confirmed range break + momentum,504.3691
2026-03-10 13:12:00+00:00,2026-03-10 15:31:00+00:00,XAUUSD,LONG,BREAKOUT,COMPRESSION,0.968,70.0,NO_TRADE,OVERLAP,5200.429,5176.787,5229.98,5229.98,5229.878,TP2,0.001,2.3641,0.4687,23.641,2.945,1.2457,1.255,0.651,139,0.187,6.788,0.05,0.0,0.0,clear,compression -> confirmed range break + momentum,507.3141
2026-03-13 05:48:00+00:00,2026-03-13 08:03:00+00:00,XAUUSD,SHORT,BREAKOUT,COMPRESSION,0.932,85.0,A,ASIA,5100.525,5124.215,5070.914,5070.914,5071.032,TP2,0.001,2.3689,0.467,23.689,2.9493,1.245,1.348,0.301,135,0.359,4.367,0.05,0.0,0.0,clear,compression -> confirmed range break + momentum,510.2634
2026-03-18 00:12:00+00:00,2026-03-18 04:34:00+00:00,XAUUSD,LONG,BREAKOUT,COMPRESSION,0.979,65.0,NO_TRADE,ASIA,5010.066,4985.795,5040.405,5040.405,4985.517,STOP,0.001,2.4271,0.4757,24.271,-2.4549,-1.0115,0.231,1.003,262,0.302,3.116,0.05,0.12,0.0,clear,compression -> confirmed range break + momentum,507.8085
2026-03-18 10:28:00+00:00,2026-03-18 11:05:00+00:00,XAUUSD,SHORT,TREND_CONTINUATION,BEAR,0.867,85.0,A,LONDON,4985.871,5010.868,4954.625,4954.625,4954.765,TP2,0.001,2.4997,0.4923,24.997,3.1105,1.2444,1.276,0.064,37,0.209,4.276,0.05,0.0,0.0,clear,trend pullback + LTF BOS,510.919
2026-03-25 06:12:00+00:00,2026-03-25 11:22:00+00:00,XAUUSD,SHORT,BREAKOUT,COMPRESSION,0.984,50.0,NO_TRADE,ASIA,4544.44,4569.492,4513.124,4513.124,4569.694,STOP,0.001,2.5052,0.4903,25.052,-2.5254,-1.0081,0.67,1.329,310,0.297,7.361,0.05,0.12,0.0,clear,compression -> confirmed range break + momentum,508.3936
2026-04-06 10:06:00+00:00,2026-04-06 12:58:00+00:00,XAUUSD,LONG,BREAKOUT,BULL,0.781,80.0,B,LONDON,4700.576,4677.523,4729.391,4729.391,4677.328,STOP,0.001,2.3052,0.4534,23.052,-2.3247,-1.0085,0.246,1.017,172,0.181,6.806,0.05,0.12,0.0,clear,compression -> confirmed range break + momentum,506.0688
2026-04-10 03:26:00+00:00,2026-04-10 05:19:00+00:00,XAUUSD,SHORT,BREAKOUT,COMPRESSION,0.974,55.0,NO_TRADE,ASIA,4747.478,4770.511,4718.686,4718.686,4770.797,STOP,0.001,2.3033,0.4551,23.033,-2.3319,-1.0124,0.424,1.001,113,0.414,6.728,0.05,0.12,0.0,clear,compression -> confirmed range break + momentum,503.7369
2026-04-10 12:46:00+00:00,2026-04-10 15:18:00+00:00,XAUUSD,LONG,BREAKOUT,COMPRESSION,0.926,95.0,A+,OVERLAP,4766.045,4748.501,4787.974,4787.974,4787.846,TP2,0.001,1.7543,0.3483,17.543,2.1801,1.2427,1.262,0.369,152,0.18,4.517,0.05,0.0,0.0,clear,compression -> confirmed range break + momentum,505.917
2026-04-13 08:12:00+00:00,2026-04-13 12:41:00+00:00,XAUUSD,LONG,LIQUIDITY_REVERSAL,CHOPPY,0.57,85.0,A,LONDON,4727.98,4706.545,4754.773,4754.773,4706.334,STOP,0.001,2.1434,0.4237,21.434,-2.1646,-1.0099,0.552,1.018,269,0.23,5.718,0.05,0.12,0.0,clear,sweep + rejection + CHoCH + displacement,503.7524
2026-04-14 17:23:00+00:00,2026-04-14 19:09:00+00:00,XAUUSD,LONG,TREND_CONTINUATION,BULL,0.87,85.0,A,NEWYORK,4812.651,4788.846,4842.408,4842.408,4842.279,TP2,0.001,2.3805,0.4726,23.805,2.9627,1.2446,1.268,0.161,106,0.293,6.822,0.05,0.0,0.0,clear,trend pullback + LTF BOS,506.7152
2026-04-15 01:41:00+00:00,2026-04-15 02:11:00+00:00,XAUUSD,SHORT,BREAKOUT,COMPRESSION,0.974,70.0,NO_TRADE,ASIA,4828.487,4844.655,4808.277,4808.277,4844.976,STOP,0.001,1.6168,0.3191,16.168,-1.6489,-1.0198,0.046,1.47,30,0.376,4.696,0.05,0.12,0.0,clear,compression -> confirmed range break + momentum,505.0663
2026-04-20 11:12:00+00:00,2026-04-20 14:29:00+00:00,XAUUSD,LONG,LIQUIDITY_REVERSAL,LIQUIDITY_REVERSAL,0.8,80.0,B,LONDON,4796.704,4774.427,4824.551,4824.551,4824.438,TP2,0.001,2.2277,0.4411,22.277,2.7734,1.2449,1.306,0.466,197,0.219,4.846,0.05,0.0,0.0,clear,sweep + rejection + CHoCH + displacement,507.8397
2026-04-22 11:06:00+00:00,2026-04-22 16:52:00+00:00,XAUUSD,SHORT,BREAKOUT,COMPRESSION,0.932,80.0,B,LONDON,4750.484,4770.637,4725.293,4725.293,4725.43,TP2,0.001,2.0153,0.3968,20.153,2.5054,1.2432,1.274,0.513,346,0.202,3.801,0.05,0.0,0.0,clear,compression -> confirmed range break + momentum,510.345
2026-04-23 00:06:00+00:00,2026-04-23 01:12:00+00:00,XAUUSD,SHORT,BREAKOUT,COMPRESSION,0.979,80.0,B,ASIA,4724.753,4736.742,4709.767,4709.767,4709.943,TP2,0.002,2.3977,0.4698,11.989,2.9619,1.2353,1.455,0.414,66,0.33,3.334,0.05,0.0,0.0,clear,compression -> confirmed range break + momentum,513.307
2026-04-23 01:20:00+00:00,2026-04-23 01:26:00+00:00,XAUUSD,SHORT,BREAKOUT,EXPANSION,0.845,70.0,NO_TRADE,ASIA,4722.108,4738.016,4702.223,4702.223,4738.392,STOP,0.001,1.5908,0.3099,15.908,-1.6284,-1.0237,0.0,1.112,6,0.494,6.494,0.05,0.12,0.0,clear,compression -> confirmed range break + momentum,511.6786
2026-04-24 05:26:00+00:00,2026-04-24 06:41:00+00:00,XAUUSD,SHORT,BREAKOUT,BEAR,0.914,85.0,A,ASIA,4662.02,4685.892,4632.18,4632.18,4686.189,STOP,0.001,2.3872,0.4665,23.872,-2.4169,-1.0124,0.19,1.051,75,0.37,4.748,0.05,0.12,0.0,clear,compression -> confirmed range break + momentum,509.2617
2026-04-28 03:04:00+00:00,2026-04-28 06:06:00+00:00,XAUUSD,LONG,LIQUIDITY_REVERSAL,LIQUIDITY_REVERSAL,0.7,70.0,NO_TRADE,ASIA,4672.268,4654.666,4694.271,4694.271,4654.374,STOP,0.001,1.7603,0.3456,17.603,-1.7894,-1.0166,0.418,1.349,182,0.427,4.199,0.05,0.12,0.0,clear,sweep + rejection + CHoCH + displacement,507.4722
2026-04-28 08:58:00+00:00,2026-04-28 11:58:00+00:00,XAUUSD,SHORT,TREND_CONTINUATION,STRONG_BEAR,0.934,80.0,B,LONDON,4630.134,4650.929,4604.141,4604.141,4604.276,TP2,0.001,2.0794,0.4098,20.794,2.5858,1.2435,1.294,0.248,180,0.301,6.069,0.05,0.0,0.0,clear,trend pullback + LTF BOS,510.058
2026-04-29 02:12:00+00:00,2026-04-29 06:03:00+00:00,XAUUSD,SHORT,BREAKOUT,COMPRESSION,0.942,55.0,NO_TRADE,ASIA,4584.348,4606.898,4556.161,4556.161,4607.192,STOP,0.001,2.255,0.4421,22.55,-2.2843,-1.013,0.251,1.034,231,0.454,5.349,0.05,0.12,0.0,clear,compression -> confirmed range break + momentum,507.7737
2026-05-01 05:51:00+00:00,2026-05-01 07:29:00+00:00,XAUUSD,SHORT,BREAKOUT,COMPRESSION,0.995,65.0,NO_TRADE,ASIA,4609.843,4623.316,4593.0,4593.0,4593.099,TP2,0.001,1.3474,0.2653,13.474,1.6744,1.2427,1.261,0.448,98,0.345,3.725,0.05,0.0,0.0,clear,compression -> confirmed range break + momentum,509.4481
2026-05-05 02:03:00+00:00,2026-05-05 08:36:00+00:00,XAUUSD,LONG,BREAKOUT,COMPRESSION,0.968,65.0,NO_TRADE,ASIA,4531.926,4512.634,4556.041,4556.041,4555.943,TP2,0.001,1.9292,0.3787,19.292,2.4017,1.2449,1.354,0.218,393,0.322,3.681,0.05,0.0,0.0,clear,compression -> confirmed range break + momentum,511.8497
2026-05-06 03:01:00+00:00,2026-05-06 04:20:00+00:00,XAUUSD,LONG,BREAKOUT,STRONG_BULL,0.93,65.0,NO_TRADE,ASIA,4628.294,4610.668,4650.328,4650.328,4650.117,TP2,0.001,1.7627,0.3444,17.627,2.1823,1.238,1.29,0.109,79,0.439,5.137,0.05,0.0,0.0,clear,compression -> confirmed range break + momentum,514.032
2026-05-08 12:11:00+00:00,2026-05-08 14:32:00+00:00,XAUUSD,SHORT,LIQUIDITY_REVERSAL,CHOPPY,0.633,70.0,NO_TRADE,OVERLAP,4721.126,4739.179,4698.559,4698.559,4739.409,STOP,0.001,1.8053,0.3512,18.053,-1.8283,-1.0127,1.076,1.049,141,0.179,4.752,0.05,0.12,0.0,clear,sweep + rejection + CHoCH + displacement,512.2037
2026-05-11 14:50:00+00:00,2026-05-11 17:42:00+00:00,XAUUSD,LONG,BREAKOUT,EXPANSION,0.95,70.0,NO_TRADE,OVERLAP,4737.675,4712.084,4769.663,4769.663,4711.846,STOP,0.001,2.5591,0.4996,25.591,-2.5829,-1.0093,0.268,1.046,172,0.26,7.863,0.05,0.12,0.0,clear,compression -> confirmed range break + momentum,509.6208
2026-05-12 00:13:00+00:00,2026-05-12 00:52:00+00:00,XAUUSD,SHORT,LIQUIDITY_REVERSAL,BULL,0.876,70.0,NO_TRADE,ASIA,4748.249,4766.601,4725.31,4725.31,4766.897,STOP,0.001,1.8352,0.3601,18.352,-1.8648,-1.0162,0.021,1.153,39,0.331,3.672,0.05,0.12,0.0,clear,sweep + rejection + CHoCH + displacement,507.756
2026-05-12 01:21:00+00:00,2026-05-12 01:54:00+00:00,XAUUSD,LONG,BREAKOUT,STRONG_BULL,0.988,85.0,A,ASIA,4771.967,4752.33,4796.512,4796.512,4751.993,STOP,0.001,1.9636,0.3867,19.636,-1.9973,-1.0172,0.0,1.016,33,0.403,5.168,0.05,0.12,0.0,clear,compression -> confirmed range break + momentum,505.7587
2026-05-13 18:05:00+00:00,2026-05-13 21:00:00+00:00,XAUUSD,SHORT,LIQUIDITY_REVERSAL,CHOPPY,0.564,100.0,A+,NEWYORK,4696.425,4718.321,4669.054,4669.054,4687.946,SESSION_END,0.001,2.1896,0.4329,21.896,0.8479,0.3872,0.868,0.213,175,0.241,4.76,0.05,0.05,0.0,clear,sweep + rejection + CHoCH + displacement,506.6066
2026-05-14 13:50:00+00:00,2026-05-14 14:40:00+00:00,XAUUSD,SHORT,LIQUIDITY_REVERSAL,CHOPPY,0.729,100.0,A+,OVERLAP,4702.602,4723.784,4676.125,4676.125,4676.248,TP2,0.001,2.1182,0.4181,21.182,2.6354,1.2442,1.299,0.227,50,0.226,5.655,0.05,0.0,0.0,clear,sweep + rejection + CHoCH + displacement,509.242
2026-05-15 04:58:00+00:00,2026-05-15 06:11:00+00:00,XAUUSD,SHORT,TREND_CONTINUATION,STRONG_BEAR,1.0,80.0,B,ASIA,4614.573,4634.68,4589.439,4589.439,4589.658,TP2,0.001,2.0107,0.3948,20.107,2.4915,1.2391,1.285,0.343,73,0.445,5.877,0.05,0.0,0.0,clear,trend pullback + LTF BOS,511.7335
2026-05-18 01:15:00+00:00,2026-05-18 01:34:00+00:00,XAUUSD,SHORT,BREAKOUT,COMPRESSION,0.968,65.0,NO_TRADE,ASIA,4525.934,4549.388,4496.616,4496.616,4496.837,TP2,0.001,2.3454,0.4583,23.454,2.9096,1.2406,1.648,0.319,19,0.422,6.834,0.05,0.0,0.0,clear,compression -> confirmed range break + momentum,514.6432
2026-05-21 02:21:00+00:00,2026-05-21 03:29:00+00:00,XAUUSD,LONG,BREAKOUT,COMPRESSION,0.968,55.0,NO_TRADE,ASIA,4558.608,4539.489,4582.507,4582.507,4539.165,STOP,0.001,1.9119,0.3715,19.119,-1.9443,-1.0169,0.634,1.001,68,0.406,5.457,0.05,0.12,0.0,clear,compression -> confirmed range break + momentum,512.6989
2026-05-25 15:55:00+00:00,2026-05-25 23:00:00+00:00,XAUUSD,SHORT,LIQUIDITY_REVERSAL,CHOPPY,0.63,80.0,B,OVERLAP,4565.581,4579.433,4548.265,4548.265,4572.082,SESSION_END,0.001,1.3853,0.2702,13.853,-0.6501,-0.4693,0.182,0.885,214,0.168,3.067,0.05,0.05,0.0,clear,sweep + rejection + CHoCH + displacement,512.0488
2026-05-26 00:16:00+00:00,2026-05-26 00:31:00+00:00,XAUUSD,LONG,BREAKOUT,COMPRESSION,0.974,80.0,B,ASIA,4578.962,4565.167,4596.204,4596.204,4564.864,STOP,0.001,1.3794,0.2694,13.794,-1.4097,-1.022,0.092,1.082,15,0.333,2.717,0.05,0.12,0.0,clear,compression -> confirmed range break + momentum,510.6391
2026-05-26 00:38:00+00:00,2026-05-26 02:38:00+00:00,XAUUSD,SHORT,BREAKOUT,COMPRESSION,0.974,50.0,NO_TRADE,ASIA,4560.78,4583.172,4532.79,4532.79,4533.048,TP2,0.001,2.2392,0.4385,22.392,2.7733,1.2385,1.292,0.09,120,0.389,3.573,0.05,0.0,0.0,clear,compression -> confirmed range break + momentum,513.4123
2026-05-26 02:45:00+00:00,2026-05-26 10:45:00+00:00,XAUUSD,SHORT,BREAKOUT,EXPANSION,0.855,50.0,NO_TRADE,ASIA,4531.766,4555.351,4502.284,4502.284,4515.966,TIME,0.001,2.3585,0.4594,23.585,1.5799,0.6699,0.836,0.574,480,0.539,5.903,0.05,0.05,0.0,clear,compression -> confirmed range break + momentum,514.9923
2026-05-28 02:10:00+00:00,2026-05-28 02:25:00+00:00,XAUUSD,LONG,LIQUIDITY_REVERSAL,CHOPPY,0.742,55.0,NO_TRADE,ASIA,4444.62,4426.405,4467.389,4467.389,4426.046,STOP,0.001,1.8215,0.3537,18.215,-1.8574,-1.0197,0.079,1.174,15,0.444,5.34,0.05,0.12,0.0,clear,sweep + rejection + CHoCH + displacement,513.1349
2026-05-28 04:01:00+00:00,2026-05-28 05:20:00+00:00,XAUUSD,SHORT,BREAKOUT,BEAR,0.952,80.0,B,ASIA,4394.914,4417.246,4366.999,4366.999,4367.261,TP2,0.001,2.2332,0.4352,22.332,2.7653,1.2383,1.293,0.117,79,0.507,6.527,0.05,0.0,0.0,clear,compression -> confirmed range break + momentum,515.9002
2026-05-29 00:46:00+00:00,2026-05-29 02:01:00+00:00,XAUUSD,SHORT,BREAKOUT,COMPRESSION,0.9,80.0,B,ASIA,4489.253,4503.08,4471.97,4471.97,4503.365,STOP,0.001,1.3827,0.268,13.827,-1.4112,-1.0206,0.017,1.018,75,0.283,2.743,0.05,0.12,0.0,clear,compression -> confirmed range break + momentum,514.489
2026-05-29 06:39:00+00:00,2026-05-29 10:13:00+00:00,XAUUSD,SHORT,LIQUIDITY_REVERSAL,BULL,0.581,80.0,B,ASIA,4503.083,4528.745,4471.006,4471.006,4528.968,STOP,0.001,2.5662,0.4988,25.662,-2.5885,-1.0087,0.025,1.056,214,0.323,3.312,0.05,0.12,0.0,clear,sweep + rejection + CHoCH + displacement,511.9005
2026-05-29 10:18:00+00:00,2026-05-29 15:52:00+00:00,XAUUSD,LONG,BREAKOUT,BULL,0.995,70.0,NO_TRADE,LONDON,4529.151,4505.189,4559.104,4559.104,4558.976,TP2,0.001,2.3962,0.4681,23.962,2.9825,1.2447,1.352,0.694,334,0.212,4.649,0.05,0.0,0.0,clear,compression -> confirmed range break + momentum,514.8829
2026-06-02 01:11:00+00:00,2026-06-02 04:31:00+00:00,XAUUSD,SHORT,BREAKOUT,COMPRESSION,1.0,80.0,B,ASIA,4477.901,4497.581,4453.302,4453.302,4497.92,STOP,0.001,1.968,0.3822,19.68,-2.0019,-1.0172,0.775,1.032,200,0.328,3.392,0.05,0.12,0.0,clear,compression -> confirmed range break + momentum,512.8811
2026-06-03 19:42:00+00:00,2026-06-03 21:00:00+00:00,XAUUSD,LONG,LIQUIDITY_REVERSAL,BEAR,0.949,85.0,A,NEWYORK,4440.051,4424.695,4459.245,4459.245,4444.179,SESSION_END,0.001,1.5355,0.2994,15.355,0.4129,0.2689,0.778,0.049,78,0.211,3.583,0.05,0.05,0.0,clear,sweep + rejection + CHoCH + displacement,513.294
2026-06-04 02:31:00+00:00,2026-06-04 10:31:00+00:00,XAUUSD,LONG,BREAKOUT,EXPANSION,0.924,50.0,NO_TRADE,ASIA,4468.307,4446.943,4495.012,4495.012,4462.559,TIME,0.001,2.1364,0.4162,21.364,-0.5748,-0.2691,0.727,0.61,480,0.465,6.229,0.05,0.05,0.0,clear,compression -> confirmed range break + momentum,512.7192
2026-06-04 12:26:00+00:00,2026-06-04 12:57:00+00:00,XAUUSD,LONG,BREAKOUT,COMPRESSION,0.968,65.0,NO_TRADE,OVERLAP,4481.71,4459.453,4509.531,4509.531,4509.419,TP2,0.001,2.2257,0.4341,22.257,2.771,1.245,1.414,0.0,31,0.19,4.499,0.05,0.0,0.0,clear,compression -> confirmed range break + momentum,515.4901
2026-06-05 00:02:00+00:00,2026-06-05 02:26:00+00:00,XAUUSD,SHORT,BREAKOUT,COMPRESSION,0.979,65.0,NO_TRADE,ASIA,4467.446,4481.128,4450.345,4450.345,4450.577,TP2,0.001,1.3681,0.2654,13.681,1.687,1.2331,1.347,0.473,144,0.303,2.853,0.05,0.0,0.0,clear,compression -> confirmed range break + momentum,517.1771
2026-06-05 02:47:00+00:00,2026-06-05 10:47:00+00:00,XAUUSD,SHORT,BREAKOUT,BEAR,0.839,65.0,NO_TRADE,ASIA,4447.833,4470.874,4419.032,4419.032,4468.177,TIME,0.001,2.3041,0.4455,23.041,-2.0344,-0.8829,0.846,0.93,480,0.484,6.319,0.05,0.05,0.0,clear,compression -> confirmed range break + momentum,515.1427
2026-06-09 00:31:00+00:00,2026-06-09 02:29:00+00:00,XAUUSD,SHORT,BREAKOUT,COMPRESSION,0.984,95.0,A+,ASIA,4320.295,4337.702,4298.536,4298.536,4337.993,STOP,0.001,1.7407,0.3379,17.407,-1.7698,-1.0167,0.442,1.007,118,0.28,2.724,0.05,0.12,0.0,clear,compression -> confirmed range break + momentum,513.3729
2026-06-09 02:37:00+00:00,2026-06-09 10:37:00+00:00,XAUUSD,LONG,BREAKOUT,COMPRESSION,0.984,55.0,NO_TRADE,ASIA,4337.513,4313.354,4367.711,4367.711,4329.54,TIME,0.001,2.4159,0.4706,24.159,-0.7973,-0.33,0.561,0.689,480,0.356,5.377,0.05,0.05,0.0,clear,compression -> confirmed range break + momentum,512.5756
2026-06-15 03:07:00+00:00,2026-06-15 11:07:00+00:00,XAUUSD,LONG,BREAKOUT,STRONG_BULL,0.962,85.0,A,ASIA,4323.212,4298.933,4353.56,4353.56,4337.921,TIME,0.001,2.4279,0.4737,24.279,1.4709,0.6058,0.909,0.929,480,0.394,6.938,0.05,0.05,0.0,clear,compression -> confirmed range break + momentum,514.0464
2026-06-15 12:42:00+00:00,2026-06-15 12:46:00+00:00,XAUUSD,LONG,BREAKOUT,STRONG_BULL,0.975,65.0,NO_TRADE,OVERLAP,4345.515,4332.402,4361.905,4361.905,4332.198,STOP,0.001,1.3113,0.2551,13.113,-1.3317,-1.0156,0.0,1.057,4,0.16,3.86,0.05,0.12,0.0,clear,compression -> confirmed range break + momentum,512.7148
2026-06-15 14:21:00+00:00,2026-06-15 18:01:00+00:00,XAUUSD,LONG,BREAKOUT,COMPRESSION,0.995,80.0,B,OVERLAP,4352.551,4334.069,4375.653,4375.653,4333.833,STOP,0.001,1.8482,0.3605,18.482,-1.8718,-1.0128,0.916,1.01,220,0.192,5.305,0.05,0.12,0.0,clear,compression -> confirmed range break + momentum,510.843
2026-06-16 04:41:00+00:00,2026-06-16 12:41:00+00:00,XAUUSD,LONG,BREAKOUT,COMPRESSION,0.968,85.0,A,ASIA,4327.234,4305.794,4354.034,4354.034,4338.246,TIME,0.001,2.144,0.4197,21.44,1.1012,0.5136,1.032,0.659,480,0.358,4.065,0.05,0.05,0.0,clear,compression -> confirmed range break + momentum,511.9442
2026-06-16 13:11:00+00:00,2026-06-16 15:19:00+00:00,XAUUSD,LONG,LIQUIDITY_REVERSAL,LIQUIDITY_REVERSAL,0.8,95.0,A+,OVERLAP,4344.36,4323.144,4370.879,4370.879,4322.91,STOP,0.001,2.1216,0.4144,21.216,-2.145,-1.0111,0.497,1.041,128,0.189,3.801,0.05,0.12,0.0,clear,sweep + rejection + CHoCH + displacement,509.7992
2026-06-17 00:46:00+00:00,2026-06-17 02:05:00+00:00,XAUUSD,SHORT,LIQUIDITY_REVERSAL,CHOPPY,0.568,80.0,B,ASIA,4332.041,4344.165,4316.887,4316.887,4344.471,STOP,0.002,2.4247,0.4756,12.123,-2.4859,-1.0253,0.297,1.116,79,0.293,2.192,0.05,0.12,0.0,clear,sweep + rejection + CHoCH + displacement,507.3132
2026-06-19 00:16:00+00:00,2026-06-19 03:07:00+00:00,XAUUSD,SHORT,BREAKOUT,STRONG_BEAR,0.928,95.0,A+,ASIA,4197.916,4211.941,4180.385,4180.385,4180.548,TP2,0.001,1.4025,0.2765,14.025,1.7368,1.2384,1.281,0.069,171,0.338,4.126,0.05,0.0,0.0,clear,compression -> confirmed range break + momentum,509.05
2026-06-19 03:17:00+00:00,2026-06-19 04:58:00+00:00,XAUUSD,SHORT,BREAKOUT,STRONG_BEAR,1.0,80.0,B,ASIA,4176.972,4198.982,4149.461,4149.461,4149.636,TP2,0.001,2.2009,0.4324,22.009,2.7336,1.242,1.437,0.303,101,0.345,4.259,0.05,0.0,0.0,clear,compression -> confirmed range break + momentum,511.7837
2026-06-22 11:16:00+00:00,2026-06-22 13:55:00+00:00,XAUUSD,LONG,BREAKOUT,COMPRESSION,0.953,65.0,NO_TRADE,LONDON,4210.808,4196.492,4228.703,4228.703,4196.277,STOP,0.001,1.4316,0.2797,14.316,-1.4531,-1.015,0.293,1.042,159,0.207,4.214,0.05,0.12,0.0,clear,compression -> confirmed range break + momentum,510.3306
2026-06-22 14:31:00+00:00,2026-06-22 15:08:00+00:00,XAUUSD,SHORT,BREAKOUT,COMPRESSION,0.937,85.0,A,OVERLAP,4185.814,4207.328,4158.921,4158.921,4207.564,STOP,0.001,2.1514,0.4216,21.514,-2.175,-1.011,0.143,1.154,37,0.201,4.71,0.05,0.12,0.0,clear,compression -> confirmed range break + momentum,508.1556
2026-06-23 02:09:00+00:00,2026-06-23 02:37:00+00:00,XAUUSD,SHORT,LIQUIDITY_REVERSAL,CHOPPY,0.754,95.0,A+,ASIA,4190.562,4212.472,4163.175,4163.175,4163.409,TP2,0.001,2.191,0.4312,21.91,2.7153,1.2393,1.374,0.0,28,0.386,4.244,0.05,0.0,0.0,clear,sweep + rejection + CHoCH + displacement,510.8709
2026-06-23 04:09:00+00:00,2026-06-23 08:40:00+00:00,XAUUSD,SHORT,BREAKOUT,BEAR,0.852,65.0,NO_TRADE,ASIA,4141.361,4166.524,4109.908,4109.908,4110.045,TP2,0.001,2.5163,0.4925,25.163,3.1316,1.2445,1.306,0.216,271,0.487,6.269,0.05,0.0,0.0,clear,compression -> confirmed range break + momentum,514.0025
2026-06-26 00:51:00+00:00,2026-06-26 03:38:00+00:00,XAUUSD,SHORT,BREAKOUT,COMPRESSION,0.947,80.0,B,ASIA,4017.393,4036.799,3993.136,3993.136,3993.323,TP2,0.001,1.9406,0.3775,19.406,2.407,1.2403,1.34,0.615,167,0.324,4.566,0.05,0.0,0.0,clear,compression -> confirmed range break + momentum,516.4095
2026-06-30 01:19:00+00:00,2026-06-30 02:05:00+00:00,XAUUSD,SHORT,BREAKOUT,COMPRESSION,1.0,65.0,NO_TRADE,ASIA,4004.908,4028.666,3975.21,3975.21,3975.424,TP2,0.001,2.3758,0.4601,23.758,2.9483,1.241,1.255,0.168,46,0.355,4.112,0.05,0.0,0.0,clear,compression -> confirmed range break + momentum,519.3578
