ts_open,ts_close,symbol,direction,strategy,regime,regime_conf,setup_score,grade,session,entry,stop,tp1,tp2,exit,exit_reason,lots,risk_money,risk_percent,r_distance,pnl,r_multiple,mfe_r,mae_r,bars_held,spread,atr,entry_slippage,exit_slippage,commission,news_status,entry_reason,equity_after
2019-01-02 13:40:00+00:00,2019-01-02 21:00:00+00:00,XAUUSD,SHORT,LIQUIDITY_REVERSAL,LIQUIDITY_REVERSAL,0.7,85.0,A,OVERLAP,1284.012,1292.478,1271.313,1271.313,1283.29,SESSION_END,0.002,1.6931,0.3386,8.466,0.1443,0.0852,0.636,0.43,440,0.272,0.925,0.05,0.05,0.0,clear,sweep + rejection + CHoCH + displacement,500.1443
2019-01-14 14:23:00+00:00,2019-01-14 21:00:00+00:00,XAUUSD,LONG,LIQUIDITY_REVERSAL,LIQUIDITY_REVERSAL,0.7,95.0,A+,OVERLAP,1292.254,1282.277,1307.22,1307.22,1291.044,SESSION_END,0.002,1.9954,0.399,9.977,-0.2421,-0.1213,0.083,0.299,397,0.312,0.982,0.05,0.05,0.0,clear,sweep + rejection + CHoCH + displacement,499.9022
2019-06-24 19:51:00+00:00,2019-06-24 21:00:00+00:00,XAUUSD,LONG,BREAKOUT,BULL,1.0,80.0,B,NEWYORK,1418.138,1411.003,1428.841,1428.841,1418.602,SESSION_END,0.003,2.1405,0.4282,7.135,0.1393,0.0651,0.297,0.178,69,0.22,0.944,0.05,0.05,0.0,clear,compression -> confirmed range break + momentum,500.0415
2019-06-25 17:41:00+00:00,2019-06-25 21:00:00+00:00,XAUUSD,SHORT,LIQUIDITY_REVERSAL,LIQUIDITY_REVERSAL,1.0,85.0,A,NEWYORK,1424.8,1443.388,1396.916,1396.916,1423.627,SESSION_END,0.001,1.8589,0.3717,18.589,0.1173,0.0631,0.699,0.079,199,0.331,1.945,0.05,0.05,0.0,clear,sweep + rejection + CHoCH + displacement,500.1588
2019-06-26 10:11:00+00:00,2019-06-26 18:11:00+00:00,XAUUSD,SHORT,LIQUIDITY_REVERSAL,LIQUIDITY_REVERSAL,1.0,80.0,B,LONDON,1407.57,1416.698,1393.878,1393.878,1410.531,TIME,0.002,1.8256,0.365,9.128,-0.5921,-0.3244,0.625,0.836,480,0.21,1.357,0.05,0.05,0.0,clear,sweep + rejection + CHoCH + displacement,499.5666
2019-07-02 12:58:00+00:00,2019-07-02 16:11:00+00:00,XAUUSD,SHORT,LIQUIDITY_REVERSAL,LIQUIDITY_REVERSAL,0.8,85.0,A,OVERLAP,1391.91,1398.27,1382.371,1382.371,1398.552,STOP,0.003,1.9078,0.3816,6.359,-1.9926,-1.0444,0.337,1.075,193,0.175,0.708,0.05,0.12,0.0,clear,sweep + rejection + CHoCH + displacement,498.0074
2019-07-03 13:21:00+00:00,2019-07-03 21:00:00+00:00,XAUUSD,LONG,LIQUIDITY_REVERSAL,LIQUIDITY_REVERSAL,0.7,90.0,A+,OVERLAP,1418.958,1407.879,1435.577,1435.577,1417.145,SESSION_END,0.002,2.2159,0.445,11.079,-0.3626,-0.1636,0.263,0.63,458,0.266,1.794,0.05,0.05,0.0,clear,sweep + rejection + CHoCH + displacement,497.6448
2019-07-04 15:26:00+00:00,2019-07-04 21:41:00+00:00,XAUUSD,LONG,BREAKOUT,COMPRESSION,1.0,80.0,B,OVERLAP,1417.433,1410.383,1428.008,1428.008,1414.365,SESSION_END,0.003,2.115,0.425,7.05,-0.9205,-0.4352,0.0,0.427,165,0.191,0.835,0.05,0.05,0.0,clear,compression -> confirmed range break + momentum,496.7243
2019-07-11 15:41:00+00:00,2019-07-11 21:00:00+00:00,XAUUSD,SHORT,BREAKOUT,BEAR,0.613,70.0,NO_TRADE,OVERLAP,1409.825,1422.285,1391.136,1391.136,1407.54,SESSION_END,0.001,1.246,0.2508,12.46,0.2285,0.1834,0.508,0.244,319,0.306,1.644,0.05,0.05,0.0,clear,compression -> confirmed range break + momentum,496.9527
2019-07-18 13:36:00+00:00,2019-07-18 17:00:00+00:00,XAUUSD,SHORT,LIQUIDITY_REVERSAL,LIQUIDITY_REVERSAL,1.0,85.0,A,OVERLAP,1417.655,1429.123,1400.452,1400.452,1429.428,STOP,0.002,2.2937,0.4615,11.468,-2.3546,-1.0266,0.268,1.002,204,0.3,1.429,0.05,0.12,0.0,clear,sweep + rejection + CHoCH + displacement,494.5982
2019-07-19 10:46:00+00:00,2019-07-19 15:42:00+00:00,XAUUSD,LONG,LIQUIDITY_REVERSAL,LIQUIDITY_REVERSAL,0.7,100.0,A+,LONDON,1440.289,1430.594,1454.83,1454.83,1430.304,STOP,0.002,1.9389,0.392,9.695,-1.9969,-1.0299,0.152,1.048,296,0.221,1.007,0.05,0.12,0.0,clear,sweep + rejection + CHoCH + displacement,492.6013
2019-07-26 15:22:00+00:00,2019-07-26 18:00:00+00:00,XAUUSD,SHORT,LIQUIDITY_REVERSAL,CHOPPY,0.579,100.0,A+,OVERLAP,1418.452,1430.28,1400.711,1400.711,1418.828,SESSION_END,0.002,2.3655,0.4802,11.827,-0.0752,-0.0318,0.093,0.247,158,0.411,1.636,0.05,0.05,0.0,clear,sweep + rejection + CHoCH + displacement,492.5261
2019-07-31 14:51:00+00:00,2019-07-31 19:52:00+00:00,XAUUSD,SHORT,LIQUIDITY_REVERSAL,LIQUIDITY_REVERSAL,1.0,85.0,A,OVERLAP,1429.57,1441.748,1411.304,1411.304,1411.654,TP2,0.002,2.4355,0.4945,12.178,3.5833,1.4713,1.575,0.107,301,0.356,1.255,0.05,0.0,0.0,clear,sweep + rejection + CHoCH + displacement,496.1094
2019-08-02 08:32:00+00:00,2019-08-02 16:32:00+00:00,XAUUSD,LONG,BREAKOUT,COMPRESSION,0.968,70.0,NO_TRADE,LONDON,1437.064,1428.616,1449.737,1449.737,1443.924,TIME,0.002,1.6896,0.3406,8.448,1.372,0.812,1.259,0.73,480,0.219,1.243,0.05,0.05,0.0,clear,compression -> confirmed range break + momentum,497.4814
2019-08-05 15:25:00+00:00,2019-08-05 16:05:00+00:00,XAUUSD,LONG,BREAKOUT,STRONG_BULL,1.0,70.0,NO_TRADE,OVERLAP,1467.267,1459.663,1478.673,1478.673,1459.364,STOP,0.003,2.2812,0.4585,7.604,-2.3708,-1.0393,0.308,1.244,40,0.238,1.605,0.05,0.12,0.0,clear,compression -> confirmed range break + momentum,495.1105
2019-08-06 15:21:00+00:00,2019-08-06 21:00:00+00:00,XAUUSD,LONG,BREAKOUT,COMPRESSION,0.932,85.0,A,OVERLAP,1469.739,1460.592,1483.459,1483.459,1472.009,SESSION_END,0.002,1.8294,0.3695,9.147,0.4539,0.2481,0.441,0.214,339,0.228,1.697,0.05,0.05,0.0,clear,compression -> confirmed range break + momentum,495.5645
2019-08-07 10:51:00+00:00,2019-08-07 12:24:00+00:00,XAUUSD,SHORT,LIQUIDITY_REVERSAL,LIQUIDITY_REVERSAL,0.8,85.0,A,LONDON,1486.085,1493.252,1475.334,1475.334,1493.461,STOP,0.003,2.1502,0.4339,7.167,-2.2127,-1.029,0.0,1.009,93,0.2,1.096,0.05,0.12,0.0,clear,sweep + rejection + CHoCH + displacement,493.3518
2019-08-08 13:36:00+00:00,2019-08-08 19:02:00+00:00,XAUUSD,SHORT,BREAKOUT,COMPRESSION,1.0,65.0,NO_TRADE,OVERLAP,1494.31,1503.476,1480.562,1480.562,1503.723,STOP,0.002,1.8332,0.3716,9.166,-1.8826,-1.0269,0.476,1.053,326,0.195,1.362,0.05,0.12,0.0,clear,compression -> confirmed range break + momentum,491.4692
2019-08-09 07:44:00+00:00,2019-08-09 15:44:00+00:00,XAUUSD,SHORT,BREAKOUT,COMPRESSION,0.937,50.0,NO_TRADE,LONDON,1500.259,1507.511,1489.38,1489.38,1503.607,TIME,0.003,2.1756,0.4427,7.252,-1.0045,-0.4617,0.767,0.648,480,0.199,1.14,0.05,0.05,0.0,clear,compression -> confirmed range break + momentum,490.4647
2019-08-14 20:06:00+00:00,2019-08-14 21:00:00+00:00,XAUUSD,SHORT,LIQUIDITY_REVERSAL,LIQUIDITY_REVERSAL,0.7,85.0,A,NEWYORK,1513.707,1532.77,1485.113,1485.113,1515.058,SESSION_END,0.001,1.9063,0.3887,19.063,-0.1351,-0.0709,0.016,0.233,54,0.296,2.035,0.05,0.05,0.0,clear,sweep + rejection + CHoCH + displacement,490.3296
2019-08-19 12:31:00+00:00,2019-08-19 20:31:00+00:00,XAUUSD,SHORT,BREAKOUT,STRONG_BEAR,0.952,85.0,A,OVERLAP,1496.82,1505.763,1483.407,1483.407,1494.838,TIME,0.002,1.7884,0.3647,8.942,0.3965,0.2217,0.408,0.73,480,0.209,1.22,0.05,0.05,0.0,clear,compression -> confirmed range break + momentum,490.7261
2019-08-27 10:32:00+00:00,2019-08-27 16:29:00+00:00,XAUUSD,LONG,LIQUIDITY_REVERSAL,LIQUIDITY_REVERSAL,0.8,100.0,A+,LONDON,1531.891,1525.478,1541.509,1541.509,1541.331,TP2,0.003,1.9237,0.392,6.412,2.832,1.4722,1.578,0.553,357,0.185,0.942,0.05,0.0,0.0,clear,sweep + rejection + CHoCH + displacement,493.5581
2019-08-27 18:41:00+00:00,2019-08-27 21:00:00+00:00,XAUUSD,SHORT,LIQUIDITY_REVERSAL,LIQUIDITY_REVERSAL,0.8,85.0,A,NEWYORK,1540.139,1549.794,1525.655,1525.655,1543.936,SESSION_END,0.002,1.9312,0.3913,9.656,-0.7595,-0.3933,0.296,0.322,139,0.293,1.283,0.05,0.05,0.0,clear,sweep + rejection + CHoCH + displacement,492.7986
2019-08-30 14:21:00+00:00,2019-08-30 18:00:00+00:00,XAUUSD,SHORT,LIQUIDITY_REVERSAL,LIQUIDITY_REVERSAL,1.0,100.0,A+,OVERLAP,1526.768,1536.493,1512.18,1512.18,1523.095,SESSION_END,0.002,1.945,0.3947,9.725,0.7345,0.3776,0.445,0.616,219,0.235,1.471,0.05,0.05,0.0,clear,sweep + rejection + CHoCH + displacement,493.5331
2019-09-05 11:41:00+00:00,2019-09-05 14:36:00+00:00,XAUUSD,LONG,LIQUIDITY_REVERSAL,LIQUIDITY_REVERSAL,0.7,100.0,A+,LONDON,1541.359,1532.797,1554.201,1554.201,1532.547,STOP,0.002,1.7123,0.3469,8.561,-1.7624,-1.0293,0.381,1.19,175,0.247,1.272,0.05,0.12,0.0,clear,sweep + rejection + CHoCH + displacement,491.7707
2019-09-09 09:12:00+00:00,2019-09-09 15:51:00+00:00,XAUUSD,LONG,LIQUIDITY_REVERSAL,LIQUIDITY_REVERSAL,1.0,80.0,B,LONDON,1507.057,1499.969,1517.69,1517.69,1499.723,STOP,0.003,2.1264,0.4324,7.088,-2.2003,-1.0347,1.179,1.161,399,0.205,1.057,0.05,0.12,0.0,clear,sweep + rejection + CHoCH + displacement,489.5704
2019-09-17 11:56:00+00:00,2019-09-17 19:56:00+00:00,XAUUSD,LONG,LIQUIDITY_REVERSAL,LIQUIDITY_REVERSAL,1.0,80.0,B,LONDON,1498.493,1491.425,1509.097,1509.097,1502.54,TIME,0.003,2.1207,0.4332,7.069,1.2141,0.5725,1.205,0.098,480,0.191,0.77,0.05,0.05,0.0,clear,sweep + rejection + CHoCH + displacement,490.7845
2019-09-19 13:36:00+00:00,2019-09-19 21:00:00+00:00,XAUUSD,SHORT,LIQUIDITY_REVERSAL,LIQUIDITY_REVERSAL,0.8,100.0,A+,OVERLAP,1500.166,1510.332,1484.917,1484.917,1499.038,SESSION_END,0.002,2.0332,0.4143,10.166,0.2257,0.111,0.361,0.423,444,0.263,1.175,0.05,0.05,0.0,clear,sweep + rejection + CHoCH + displacement,491.0102
2019-09-26 13:41:00+00:00,2019-09-26 21:00:00+00:00,XAUUSD,LONG,LIQUIDITY_REVERSAL,LIQUIDITY_REVERSAL,0.8,85.0,A,OVERLAP,1505.798,1490.889,1528.162,1528.162,1503.707,SESSION_END,0.001,1.491,0.3037,14.91,-0.2091,-0.1402,0.432,0.273,439,0.326,1.607,0.05,0.05,0.0,clear,sweep + rejection + CHoCH + displacement,490.8011
2019-09-30 12:47:00+00:00,2019-09-30 16:26:00+00:00,XAUUSD,SHORT,BREAKOUT,STRONG_BEAR,1.0,70.0,NO_TRADE,OVERLAP,1483.543,1492.477,1470.144,1470.144,1470.352,TP2,0.002,1.7866,0.364,8.933,2.6384,1.4767,1.52,0.427,219,0.243,1.258,0.05,0.0,0.0,clear,compression -> confirmed range break + momentum,493.4395
2019-10-08 12:06:00+00:00,2019-10-08 20:06:00+00:00,XAUUSD,LONG,BREAKOUT,EXPANSION,0.945,70.0,NO_TRADE,OVERLAP,1505.222,1497.028,1517.514,1517.514,1505.298,TIME,0.003,2.4584,0.4982,8.195,0.0227,0.0092,0.536,0.916,480,0.249,1.177,0.05,0.05,0.0,clear,compression -> confirmed range break + momentum,493.4622
2019-10-09 20:46:00+00:00,2019-10-09 21:00:00+00:00,XAUUSD,SHORT,LIQUIDITY_REVERSAL,LIQUIDITY_REVERSAL,0.7,75.0,B,NEWYORK,1507.782,1519.909,1489.591,1489.591,1508.007,SESSION_END,0.002,2.4255,0.4915,12.127,-0.0451,-0.0186,0.227,0.038,14,0.266,1.219,0.05,0.05,0.0,clear,sweep + rejection + CHoCH + displacement,493.4171
2019-10-18 14:21:00+00:00,2019-10-18 18:00:00+00:00,XAUUSD,SHORT,LIQUIDITY_REVERSAL,LIQUIDITY_REVERSAL,1.0,85.0,A,OVERLAP,1489.613,1499.55,1474.708,1474.708,1491.581,SESSION_END,0.002,1.9874,0.4028,9.937,-0.3936,-0.198,0.089,0.328,219,0.264,1.14,0.05,0.05,0.0,clear,sweep + rejection + CHoCH + displacement,493.0235
2019-11-06 16:46:00+00:00,2019-11-06 21:00:00+00:00,XAUUSD,LONG,LIQUIDITY_REVERSAL,LIQUIDITY_REVERSAL,0.7,75.0,B,NEWYORK,1489.75,1479.159,1505.637,1505.637,1490.363,SESSION_END,0.002,2.1183,0.4297,10.591,0.1226,0.0579,0.412,0.082,254,0.304,1.063,0.05,0.05,0.0,clear,sweep + rejection + CHoCH + displacement,493.1462
2019-11-08 15:03:00+00:00,2019-11-08 18:00:00+00:00,XAUUSD,LONG,LIQUIDITY_REVERSAL,LIQUIDITY_REVERSAL,1.0,75.0,B,OVERLAP,1464.7,1448.326,1489.26,1489.26,1461.952,SESSION_END,0.001,1.6373,0.332,16.373,-0.2748,-0.1678,0.213,0.257,177,0.323,1.95,0.05,0.05,0.0,clear,sweep + rejection + CHoCH + displacement,492.8713
2019-11-14 07:22:00+00:00,2019-11-14 15:22:00+00:00,XAUUSD,LONG,BREAKOUT,COMPRESSION,0.921,95.0,A+,LONDON,1467.628,1459.835,1479.318,1479.318,1465.783,TIME,0.003,2.338,0.4744,7.793,-0.5536,-0.2368,0.364,0.392,480,0.24,0.769,0.05,0.05,0.0,clear,compression -> confirmed range break + momentum,492.3178
2019-11-20 18:56:00+00:00,2019-11-20 21:00:00+00:00,XAUUSD,SHORT,LIQUIDITY_REVERSAL,LIQUIDITY_REVERSAL,1.0,75.0,B,NEWYORK,1470.132,1483.964,1449.385,1449.385,1473.538,SESSION_END,0.001,1.3832,0.281,13.832,-0.3406,-0.2462,0.031,0.24,124,0.425,1.627,0.05,0.05,0.0,clear,sweep + rejection + CHoCH + displacement,491.9772
2019-12-13 15:07:00+00:00,2019-12-13 18:00:00+00:00,XAUUSD,SHORT,LIQUIDITY_REVERSAL,CHOPPY,0.562,85.0,A,OVERLAP,1466.39,1485.484,1437.75,1437.75,1474.849,SESSION_END,0.001,1.9094,0.3881,19.094,-0.8458,-0.443,0.003,0.6,173,0.389,1.987,0.05,0.05,0.0,clear,sweep + rejection + CHoCH + displacement,491.1313
2020-01-08 15:36:00+00:00,2020-01-08 16:45:00+00:00,XAUUSD,SHORT,LIQUIDITY_REVERSAL,LIQUIDITY_REVERSAL,1.0,85.0,A,OVERLAP,1570.379,1581.975,1552.986,1552.986,1553.218,TP2,0.002,2.3191,0.4638,11.596,3.4322,1.4799,1.521,0.343,69,0.252,2.003,0.05,0.0,0.0,clear,sweep + rejection + CHoCH + displacement,503.4322
2020-01-15 14:52:00+00:00,2020-01-15 21:00:00+00:00,XAUUSD,SHORT,LIQUIDITY_REVERSAL,LIQUIDITY_REVERSAL,0.7,85.0,A,OVERLAP,1549.298,1560.759,1532.107,1532.107,1557.106,SESSION_END,0.002,2.2922,0.4553,11.461,-1.5615,-0.6812,0.056,0.772,368,0.313,1.435,0.05,0.05,0.0,clear,sweep + rejection + CHoCH + displacement,501.8706
2020-02-03 01:27:00+00:00,2020-02-03 09:27:00+00:00,XAUUSD,LONG,LIQUIDITY_REVERSAL,LIQUIDITY_REVERSAL,0.8,90.0,A+,ASIA,1587.43,1573.184,1608.799,1608.799,1577.272,TIME,0.001,1.4246,0.2839,14.246,-1.0158,-0.7131,0.036,0.998,480,0.53,1.894,0.05,0.05,0.0,clear,sweep + rejection + CHoCH + displacement,500.8548
2020-02-03 14:56:00+00:00,2020-02-03 21:00:00+00:00,XAUUSD,SHORT,BREAKOUT,COMPRESSION,0.979,65.0,NO_TRADE,OVERLAP,1574.449,1582.598,1562.225,1562.225,1576.978,SESSION_END,0.003,2.4447,0.4881,8.149,-0.7588,-0.3104,0.646,0.639,363,0.213,1.18,0.05,0.05,0.0,clear,compression -> confirmed range break + momentum,500.096
2020-02-24 10:40:00+00:00,2020-02-24 15:00:00+00:00,XAUUSD,LONG,TREND_CONTINUATION,STRONG_BULL,1.0,100.0,A+,LONDON,1683.285,1671.799,1700.514,1700.514,1671.522,STOP,0.002,2.2972,0.4594,11.486,-2.3527,-1.0241,0.389,1.045,260,0.34,2.253,0.05,0.12,0.0,clear,trend pullback + LTF BOS,497.7433
2020-02-24 18:36:00+00:00,2020-02-24 21:00:00+00:00,XAUUSD,SHORT,LIQUIDITY_REVERSAL,LIQUIDITY_REVERSAL,0.7,85.0,A,NEWYORK,1671.408,1685.822,1649.786,1649.786,1660.06,SESSION_END,0.001,1.4414,0.2896,14.414,1.1347,0.7872,1.427,0.133,144,0.261,1.914,0.05,0.05,0.0,clear,sweep + rejection + CHoCH + displacement,498.878
2020-02-25 16:24:00+00:00,2020-02-25 21:00:00+00:00,XAUUSD,SHORT,LIQUIDITY_REVERSAL,LIQUIDITY_REVERSAL,0.8,85.0,A,NEWYORK,1650.196,1672.105,1617.333,1617.333,1633.034,SESSION_END,0.001,2.1909,0.4392,21.909,1.7162,0.7833,1.155,0.152,276,0.277,2.673,0.05,0.05,0.0,clear,sweep + rejection + CHoCH + displacement,500.5943
2020-03-04 00:16:00+00:00,2020-03-04 07:15:00+00:00,XAUUSD,LONG,TREND_CONTINUATION,STRONG_BULL,1.0,95.0,A+,ASIA,1647.625,1633.162,1669.32,1669.32,1632.932,STOP,0.001,1.4463,0.2889,14.463,-1.4693,-1.0159,0.0,1.022,419,0.514,2.73,0.05,0.12,0.0,clear,trend pullback + LTF BOS,499.125
2020-03-04 11:31:00+00:00,2020-03-04 18:51:00+00:00,XAUUSD,LONG,TREND_CONTINUATION,BULL,0.953,100.0,A+,LONDON,1644.008,1634.108,1658.858,1658.858,1633.872,STOP,0.002,1.98,0.3967,9.9,-2.0272,-1.0238,0.531,1.028,440,0.22,1.732,0.05,0.12,0.0,clear,trend pullback + LTF BOS,497.0978
2020-03-05 19:13:00+00:00,2020-03-05 21:00:00+00:00,XAUUSD,LONG,TREND_CONTINUATION,STRONG_BULL,0.99,85.0,A,NEWYORK,1668.438,1659.111,1682.429,1682.429,1672.77,SESSION_END,0.002,1.8654,0.3753,9.327,0.8663,0.4644,0.65,0.062,107,0.26,1.707,0.05,0.05,0.0,clear,trend pullback + LTF BOS,497.9641
2020-03-06 11:24:00+00:00,2020-03-06 13:48:00+00:00,XAUUSD,SHORT,LIQUIDITY_REVERSAL,BULL,0.948,70.0,NO_TRADE,LONDON,1685.033,1694.291,1671.146,1671.146,1671.323,TP2,0.002,1.8515,0.3718,9.258,2.7419,1.4809,1.785,0.482,144,0.31,2.679,0.05,0.0,0.0,clear,sweep + rejection + CHoCH + displacement,500.7061
2020-03-09 19:37:00+00:00,2020-03-09 22:00:00+00:00,XAUUSD,SHORT,LIQUIDITY_REVERSAL,LIQUIDITY_REVERSAL,1.0,80.0,B,NEWYORK,1673.829,1694.529,1642.779,1642.779,1679.598,SESSION_END,0.001,2.07,0.4134,20.7,-0.5769,-0.2787,0.087,0.308,83,0.212,2.954,0.05,0.05,0.0,clear,sweep + rejection + CHoCH + displacement,500.1291
2020-03-10 06:01:00+00:00,2020-03-10 14:01:00+00:00,XAUUSD,SHORT,BREAKOUT,BEAR,0.959,80.0,B,ASIA,1649.938,1668.848,1621.574,1621.574,1654.852,TIME,0.001,1.891,0.3781,18.91,-0.4914,-0.2599,0.0,0.926,480,0.319,2.317,0.05,0.05,0.0,clear,compression -> confirmed range break + momentum,499.6377
2020-03-12 07:56:00+00:00,2020-03-12 12:02:00+00:00,XAUUSD,LONG,BREAKOUT,COMPRESSION,0.974,70.0,NO_TRADE,LONDON,1641.723,1631.369,1657.254,1657.254,1631.138,STOP,0.002,2.0708,0.4145,10.354,-2.1171,-1.0224,0.36,1.935,246,0.216,1.766,0.05,0.12,0.0,clear,compression -> confirmed range break + momentum,497.5206
2020-03-12 20:29:00+00:00,2020-03-12 22:00:00+00:00,XAUUSD,SHORT,TREND_CONTINUATION,BEAR,1.0,85.0,A,NEWYORK,1570.323,1583.997,1549.81,1549.81,1577.003,SESSION_END,0.001,1.3675,0.2749,13.675,-0.6681,-0.4885,0.263,0.697,31,0.351,3.98,0.05,0.05,0.0,clear,trend pullback + LTF BOS,496.8525
2020-03-18 05:46:00+00:00,2020-03-18 06:42:00+00:00,XAUUSD,SHORT,BREAKOUT,COMPRESSION,0.989,80.0,B,ASIA,1522.579,1534.275,1505.034,1505.034,1505.231,TP2,0.002,2.3393,0.4708,11.696,3.4696,1.4832,1.519,0.027,56,0.293,2.04,0.05,0.0,0.0,clear,compression -> confirmed range break + momentum,500.3221
2020-03-18 19:58:00+00:00,2020-03-18 22:00:00+00:00,XAUUSD,LONG,LIQUIDITY_REVERSAL,CHOPPY,0.616,85.0,A,NEWYORK,1496.99,1474.15,1531.249,1531.249,1485.148,SESSION_END,0.001,2.284,0.4565,22.84,-1.1842,-0.5185,0.0,0.598,62,0.263,5.057,0.05,0.05,0.0,clear,sweep + rejection + CHoCH + displacement,499.1379
2020-03-19 05:28:00+00:00,2020-03-19 06:49:00+00:00,XAUUSD,LONG,LIQUIDITY_REVERSAL,BEAR,0.798,70.0,NO_TRADE,ASIA,1472.228,1462.376,1487.004,1487.004,1486.832,TP2,0.002,1.9703,0.3947,9.851,2.921,1.4825,1.722,0.342,81,0.299,2.411,0.05,0.0,0.0,clear,sweep + rejection + CHoCH + displacement,502.0589
2020-03-20 07:31:00+00:00,2020-03-20 15:31:00+00:00,XAUUSD,LONG,BREAKOUT,EXPANSION,0.934,70.0,NO_TRADE,LONDON,1506.423,1485.648,1537.585,1537.585,1490.377,TIME,0.001,2.0775,0.4138,20.775,-1.6046,-0.7724,0.463,0.992,480,0.21,3.312,0.05,0.05,0.0,clear,compression -> confirmed range break + momentum,500.4543
2020-03-23 06:55:00+00:00,2020-03-23 10:52:00+00:00,XAUUSD,SHORT,BREAKOUT,COMPRESSION,0.989,65.0,NO_TRADE,ASIA,1485.102,1495.371,1469.699,1469.699,1495.582,STOP,0.002,2.0538,0.4104,10.269,-2.0961,-1.0206,0.0,1.004,237,0.312,1.972,0.05,0.12,0.0,clear,compression -> confirmed range break + momentum,498.3582
2020-03-23 13:56:00+00:00,2020-03-23 17:18:00+00:00,XAUUSD,LONG,BREAKOUT,BULL,0.551,85.0,A,OVERLAP,1525.382,1503.69,1557.92,1557.92,1557.778,TP2,0.001,2.1692,0.4353,21.692,3.2396,1.4935,1.529,0.221,202,0.268,4.732,0.05,0.0,0.0,clear,compression -> confirmed range break + momentum,501.5978
2020-03-24 19:31:00+00:00,2020-03-24 22:00:00+00:00,XAUUSD,LONG,TREND_CONTINUATION,BULL,1.0,85.0,A,NEWYORK,1623.898,1604.777,1652.58,1652.58,1624.961,SESSION_END,0.001,1.9121,0.3812,19.121,0.1063,0.0556,0.314,0.46,89,0.3,5.242,0.05,0.05,0.0,clear,trend pullback + LTF BOS,501.7042
2020-03-27 13:46:00+00:00,2020-03-27 18:00:00+00:00,XAUUSD,SHORT,LIQUIDITY_REVERSAL,LIQUIDITY_REVERSAL,0.8,85.0,A,OVERLAP,1622.779,1641.059,1595.36,1595.36,1623.665,SESSION_END,0.001,1.828,0.3644,18.28,-0.0886,-0.0485,0.412,0.374,254,0.251,3.866,0.05,0.05,0.0,clear,sweep + rejection + CHoCH + displacement,501.6155
2020-03-30 12:01:00+00:00,2020-03-30 13:09:00+00:00,XAUUSD,LONG,BREAKOUT,EXPANSION,0.85,80.0,B,OVERLAP,1625.872,1617.365,1638.633,1638.633,1617.149,STOP,0.002,1.7014,0.3392,8.507,-1.7447,-1.0254,0.154,1.013,68,0.188,2.157,0.05,0.12,0.0,clear,compression -> confirmed range break + momentum,499.8708
2020-03-30 16:17:00+00:00,2020-03-30 21:00:00+00:00,XAUUSD,SHORT,LIQUIDITY_REVERSAL,CHOPPY,0.643,80.0,B,NEWYORK,1618.863,1630.187,1601.876,1601.876,1622.687,SESSION_END,0.002,2.2649,0.4531,11.324,-0.7648,-0.3377,0.679,0.348,283,0.23,2.054,0.05,0.05,0.0,clear,sweep + rejection + CHoCH + displacement,499.106
2020-03-31 11:26:00+00:00,2020-03-31 14:36:00+00:00,XAUUSD,SHORT,BREAKOUT,STRONG_BEAR,0.821,85.0,A,LONDON,1599.684,1611.396,1582.116,1582.116,1611.637,STOP,0.002,2.3424,0.4693,11.712,-2.3906,-1.0206,0.409,1.05,190,0.249,2.436,0.05,0.12,0.0,clear,compression -> confirmed range break + momentum,496.7155
2020-04-01 12:37:00+00:00,2020-04-01 14:21:00+00:00,XAUUSD,LONG,LIQUIDITY_REVERSAL,LIQUIDITY_REVERSAL,1.0,85.0,A,OVERLAP,1594.026,1579.457,1615.878,1615.878,1579.225,STOP,0.001,1.4568,0.2933,14.568,-1.4801,-1.016,0.047,1.085,104,0.176,1.669,0.05,0.12,0.0,clear,sweep + rejection + CHoCH + displacement,495.2353
2020-04-02 07:21:00+00:00,2020-04-02 13:19:00+00:00,XAUUSD,LONG,BREAKOUT,COMPRESSION,0.995,65.0,NO_TRADE,LONDON,1589.396,1578.346,1605.971,1605.971,1605.865,TP2,0.002,2.21,0.4462,11.05,3.2938,1.4904,1.622,0.381,358,0.197,1.618,0.05,0.0,0.0,clear,compression -> confirmed range break + momentum,498.5291
2020-04-06 08:51:00+00:00,2020-04-06 14:50:00+00:00,XAUUSD,LONG,BREAKOUT,BULL,0.85,85.0,A,LONDON,1630.74,1621.467,1644.649,1644.649,1644.529,TP2,0.002,1.8546,0.372,9.273,2.7578,1.4871,1.613,0.231,359,0.284,2.708,0.05,0.0,0.0,clear,compression -> confirmed range break + momentum,501.287
2020-04-06 19:38:00+00:00,2020-04-06 21:00:00+00:00,XAUUSD,LONG,TREND_CONTINUATION,STRONG_BULL,1.0,85.0,A,NEWYORK,1656.454,1640.613,1680.216,1680.216,1665.828,SESSION_END,0.001,1.5841,0.316,15.841,0.9374,0.5917,0.77,0.089,82,0.292,2.872,0.05,0.05,0.0,clear,trend pullback + LTF BOS,502.2243
2020-04-08 01:36:00+00:00,2020-04-08 09:36:00+00:00,XAUUSD,SHORT,LIQUIDITY_REVERSAL,CHOPPY,0.59,80.0,B,ASIA,1643.632,1657.098,1623.433,1623.433,1650.298,TIME,0.001,1.3466,0.2681,13.466,-0.6666,-0.495,0.126,0.833,480,0.286,1.525,0.05,0.05,0.0,clear,sweep + rejection + CHoCH + displacement,501.5577
2020-04-08 10:36:00+00:00,2020-04-08 18:36:00+00:00,XAUUSD,SHORT,LIQUIDITY_REVERSAL,LIQUIDITY_REVERSAL,0.7,85.0,A,LONDON,1650.062,1660.397,1634.558,1634.558,1649.961,TIME,0.002,2.0671,0.4121,10.336,0.0201,0.0097,0.78,0.602,480,0.193,2.075,0.05,0.05,0.0,clear,sweep + rejection + CHoCH + displacement,501.5778
2020-04-09 08:53:00+00:00,2020-04-09 13:42:00+00:00,XAUUSD,LONG,BREAKOUT,STRONG_BULL,0.776,70.0,NO_TRADE,LONDON,1658.823,1650.264,1671.663,1671.663,1671.531,TP2,0.002,1.712,0.3413,8.56,2.5416,1.4846,1.541,0.443,289,0.237,1.838,0.05,0.0,0.0,clear,compression -> confirmed range break + momentum,504.1194
2020-04-13 13:10:00+00:00,2020-04-13 16:19:00+00:00,XAUUSD,LONG,BREAKOUT,COMPRESSION,0.984,85.0,A,OVERLAP,1693.439,1685.365,1705.55,1705.55,1705.409,TP2,0.003,2.4222,0.4805,8.074,3.5909,1.4825,1.506,0.899,189,0.208,2.357,0.05,0.0,0.0,clear,compression -> confirmed range break + momentum,507.7104
2020-04-13 17:27:00+00:00,2020-04-13 21:00:00+00:00,XAUUSD,LONG,BREAKOUT,BULL,0.939,70.0,NO_TRADE,NEWYORK,1712.134,1701.508,1728.073,1728.073,1716.409,SESSION_END,0.002,2.1252,0.4186,10.626,0.855,0.4023,0.98,0.155,213,0.271,2.865,0.05,0.05,0.0,clear,compression -> confirmed range break + momentum,508.5653
2020-04-14 09:46:00+00:00,2020-04-14 14:49:00+00:00,XAUUSD,SHORT,LIQUIDITY_REVERSAL,LIQUIDITY_REVERSAL,0.8,85.0,A,LONDON,1719.65,1736.042,1695.061,1695.061,1736.284,STOP,0.001,1.6392,0.3223,16.392,-1.6634,-1.0147,0.23,1.017,303,0.251,2.787,0.05,0.12,0.0,clear,sweep + rejection + CHoCH + displacement,506.9019
2020-04-16 07:20:00+00:00,2020-04-16 11:52:00+00:00,XAUUSD,SHORT,LIQUIDITY_REVERSAL,CHOPPY,0.602,70.0,NO_TRADE,LONDON,1718.093,1729.611,1700.817,1700.817,1729.843,STOP,0.002,2.3035,0.4544,11.518,-2.3499,-1.0201,0.0,1.035,272,0.21,1.794,0.05,0.12,0.0,clear,sweep + rejection + CHoCH + displacement,504.552
2020-04-17 06:37:00+00:00,2020-04-17 07:03:00+00:00,XAUUSD,SHORT,TREND_CONTINUATION,STRONG_BEAR,0.981,85.0,A,ASIA,1705.07,1715.89,1688.839,1688.839,1688.96,TP2,0.002,2.1642,0.4289,10.821,3.2218,1.4887,1.596,0.042,26,0.371,1.82,0.05,0.0,0.0,clear,trend pullback + LTF BOS,507.7739
2020-04-17 12:28:00+00:00,2020-04-17 13:40:00+00:00,XAUUSD,SHORT,TREND_CONTINUATION,STRONG_BEAR,1.0,85.0,A,OVERLAP,1683.494,1698.595,1660.843,1660.843,1698.829,STOP,0.001,1.5101,0.2974,15.101,-1.5335,-1.0155,0.017,1.018,72,0.207,2.403,0.05,0.12,0.0,clear,trend pullback + LTF BOS,506.2404
2020-04-17 15:06:00+00:00,2020-04-17 18:00:00+00:00,XAUUSD,SHORT,LIQUIDITY_REVERSAL,LIQUIDITY_REVERSAL,1.0,100.0,A+,OVERLAP,1692.944,1716.543,1657.546,1657.546,1686.151,SESSION_END,0.001,2.3599,0.4662,23.599,0.6793,0.2879,0.401,0.085,174,0.248,3.479,0.05,0.05,0.0,clear,sweep + rejection + CHoCH + displacement,506.9197
2020-04-20 14:31:00+00:00,2020-04-20 21:00:00+00:00,XAUUSD,LONG,LIQUIDITY_REVERSAL,LIQUIDITY_REVERSAL,0.7,85.0,A,OVERLAP,1686.387,1669.764,1711.32,1711.32,1695.135,SESSION_END,0.001,1.6622,0.3279,16.622,0.8749,0.5263,0.948,0.24,389,0.217,2.542,0.05,0.05,0.0,clear,sweep + rejection + CHoCH + displacement,507.7946
2020-04-21 02:07:00+00:00,2020-04-21 08:07:00+00:00,XAUUSD,SHORT,LIQUIDITY_REVERSAL,CHOPPY,0.65,95.0,A+,ASIA,1688.868,1697.487,1675.94,1675.94,1697.726,STOP,0.002,1.7238,0.3395,8.619,-1.7717,-1.0278,0.389,1.036,360,0.28,1.102,0.05,0.12,0.0,clear,sweep + rejection + CHoCH + displacement,506.0229
2020-04-22 19:09:00+00:00,2020-04-22 21:00:00+00:00,XAUUSD,LONG,TREND_CONTINUATION,STRONG_BULL,1.0,85.0,A,NEWYORK,1714.418,1705.595,1727.653,1727.653,1717.813,SESSION_END,0.002,1.7646,0.3487,8.823,0.679,0.3848,0.469,0.211,111,0.241,2.508,0.05,0.05,0.0,clear,trend pullback + LTF BOS,506.7019
2020-04-23 11:33:00+00:00,2020-04-23 19:33:00+00:00,XAUUSD,LONG,TREND_CONTINUATION,BULL,1.0,85.0,A,LONDON,1726.632,1717.834,1739.831,1739.831,1728.419,TIME,0.002,1.7598,0.3473,8.799,0.3572,0.203,1.355,0.651,480,0.209,1.951,0.05,0.05,0.0,clear,trend pullback + LTF BOS,507.0592
2020-04-24 07:32:00+00:00,2020-04-24 15:02:00+00:00,XAUUSD,LONG,BREAKOUT,COMPRESSION,0.974,80.0,B,LONDON,1728.37,1716.959,1745.485,1745.485,1716.722,STOP,0.002,2.2821,0.4501,11.411,-2.3296,-1.0208,0.687,1.023,450,0.203,1.63,0.05,0.12,0.0,clear,compression -> confirmed range break + momentum,504.7296
2020-04-27 07:48:00+00:00,2020-04-27 15:09:00+00:00,XAUUSD,SHORT,BREAKOUT,COMPRESSION,0.921,65.0,NO_TRADE,LONDON,1718.398,1725.379,1707.926,1707.926,1708.048,TP2,0.003,2.0944,0.415,6.981,3.105,1.4825,1.526,0.755,441,0.214,1.555,0.05,0.0,0.0,clear,compression -> confirmed range break + momentum,507.8346
2020-04-27 18:22:00+00:00,2020-04-27 21:00:00+00:00,XAUUSD,SHORT,TREND_CONTINUATION,BEAR,0.981,85.0,A,NEWYORK,1710.33,1718.973,1697.365,1697.365,1717.991,SESSION_END,0.002,1.7286,0.3404,8.643,-1.5322,-0.8863,0.042,0.902,158,0.236,1.736,0.05,0.05,0.0,clear,trend pullback + LTF BOS,506.3024
2020-04-28 01:26:00+00:00,2020-04-28 09:26:00+00:00,XAUUSD,SHORT,BREAKOUT,BEAR,0.973,85.0,A,ASIA,1705.068,1719.01,1684.154,1684.154,1702.428,TIME,0.001,1.3943,0.2754,13.943,0.2639,0.1893,0.919,0.306,480,0.37,1.592,0.05,0.05,0.0,clear,compression -> confirmed range break + momentum,506.5663
2020-04-29 08:58:00+00:00,2020-04-29 16:58:00+00:00,XAUUSD,SHORT,BREAKOUT,COMPRESSION,0.963,85.0,A,LONDON,1706.362,1715.58,1692.534,1692.534,1703.372,TIME,0.002,1.8436,0.3639,9.218,0.598,0.3244,0.928,0.626,480,0.227,1.644,0.05,0.05,0.0,clear,compression -> confirmed range break + momentum,507.1644
2020-04-30 08:59:00+00:00,2020-04-30 13:42:00+00:00,XAUUSD,SHORT,LIQUIDITY_REVERSAL,BULL,0.864,75.0,B,LONDON,1717.422,1728.531,1700.758,1700.758,1700.88,TP2,0.002,2.2218,0.4381,11.109,3.3083,1.489,2.072,0.194,283,0.233,1.588,0.05,0.0,0.0,clear,sweep + rejection + CHoCH + displacement,510.4726
2020-05-04 05:26:00+00:00,2020-05-04 10:59:00+00:00,XAUUSD,SHORT,LIQUIDITY_REVERSAL,LIQUIDITY_REVERSAL,0.8,95.0,A+,ASIA,1696.987,1708.169,1680.213,1680.213,1708.38,STOP,0.002,2.2364,0.4381,11.182,-2.2786,-1.0189,0.058,1.006,333,0.303,1.209,0.05,0.12,0.0,clear,sweep + rejection + CHoCH + displacement,508.194
2020-05-04 11:06:00+00:00,2020-05-04 19:06:00+00:00,XAUUSD,LONG,BREAKOUT,STRONG_BULL,0.898,85.0,A,LONDON,1708.599,1695.326,1728.508,1728.508,1707.67,TIME,0.001,1.3273,0.2612,13.273,-0.0929,-0.07,0.349,0.922,480,0.202,1.515,0.05,0.05,0.0,clear,compression -> confirmed range break + momentum,508.1011
2020-05-05 15:24:00+00:00,2020-05-05 19:32:00+00:00,XAUUSD,SHORT,LIQUIDITY_REVERSAL,CHOPPY,0.684,100.0,A+,OVERLAP,1696.974,1708.555,1679.603,1679.603,1708.789,STOP,0.002,2.3162,0.4559,11.581,-2.363,-1.0202,0.193,1.022,248,0.288,2.696,0.05,0.12,0.0,clear,sweep + rejection + CHoCH + displacement,505.7382
2020-05-06 09:26:00+00:00,2020-05-06 17:26:00+00:00,XAUUSD,SHORT,LIQUIDITY_REVERSAL,LIQUIDITY_REVERSAL,1.0,85.0,A,LONDON,1702.583,1716.998,1680.961,1680.961,1684.757,TIME,0.001,1.4415,0.285,14.415,1.7826,1.2367,1.427,0.186,480,0.25,1.531,0.05,0.05,0.0,clear,sweep + rejection + CHoCH + displacement,507.5208
2020-05-08 12:01:00+00:00,2020-05-08 13:48:00+00:00,XAUUSD,SHORT,LIQUIDITY_REVERSAL,LIQUIDITY_REVERSAL,0.7,80.0,B,OVERLAP,1719.599,1726.614,1709.076,1709.076,1709.227,TP2,0.003,2.1045,0.4147,7.015,3.1115,1.4785,1.557,0.407,107,0.178,1.201,0.05,0.0,0.0,clear,sweep + rejection + CHoCH + displacement,510.6322
2020-05-08 15:57:00+00:00,2020-05-08 18:00:00+00:00,XAUUSD,SHORT,LIQUIDITY_REVERSAL,LIQUIDITY_REVERSAL,1.0,80.0,B,OVERLAP,1712.742,1735.96,1677.915,1677.915,1710.31,SESSION_END,0.001,2.3218,0.4547,23.218,0.2432,0.1047,0.198,0.217,123,0.308,2.898,0.05,0.05,0.0,clear,sweep + rejection + CHoCH + displacement,510.8754
2020-05-11 12:45:00+00:00,2020-05-11 13:58:00+00:00,XAUUSD,SHORT,TREND_CONTINUATION,BEAR,0.573,75.0,B,OVERLAP,1697.284,1707.756,1681.576,1681.576,1708.006,STOP,0.002,2.0944,0.41,10.472,-2.1445,-1.0239,0.004,1.036,73,0.223,1.795,0.05,0.12,0.0,clear,trend pullback + LTF BOS,508.7309
2020-05-14 15:16:00+00:00,2020-05-14 21:00:00+00:00,XAUUSD,LONG,BREAKOUT,EXPANSION,0.95,80.0,B,OVERLAP,1732.826,1720.173,1751.807,1751.807,1731.261,SESSION_END,0.002,2.5308,0.4975,12.654,-0.3131,-0.1237,0.278,0.345,344,0.377,2.921,0.05,0.05,0.0,clear,compression -> confirmed range break + momentum,508.4178
2020-05-18 03:02:00+00:00,2020-05-18 11:02:00+00:00,XAUUSD,LONG,TREND_CONTINUATION,BULL,0.911,80.0,B,ASIA,1759.201,1746.921,1777.621,1777.621,1762.571,TIME,0.002,2.456,0.4831,12.28,0.674,0.2744,0.456,0.075,480,0.452,1.962,0.05,0.05,0.0,clear,trend pullback + LTF BOS,509.0918
2020-05-20 08:26:00+00:00,2020-05-20 13:41:00+00:00,XAUUSD,LONG,BREAKOUT,COMPRESSION,0.953,85.0,A,LONDON,1751.763,1743.542,1764.095,1764.095,1743.3,STOP,0.003,2.4663,0.4845,8.221,-2.5389,-1.0294,0.191,1.087,315,0.251,1.433,0.05,0.12,0.0,clear,compression -> confirmed range break + momentum,506.5529
2020-05-21 09:22:00+00:00,2020-05-21 15:35:00+00:00,XAUUSD,SHORT,TREND_CONTINUATION,BEAR,0.592,90.0,A+,LONDON,1734.824,1744.761,1719.918,1719.918,1720.081,TP2,0.002,1.9875,0.3923,9.937,2.9485,1.4835,1.554,0.71,373,0.253,1.477,0.05,0.0,0.0,clear,trend pullback + LTF BOS,509.5014
2020-05-27 11:06:00+00:00,2020-05-27 12:41:00+00:00,XAUUSD,LONG,LIQUIDITY_REVERSAL,LIQUIDITY_REVERSAL,0.8,85.0,A,LONDON,1707.888,1700.613,1718.8,1718.8,1700.389,STOP,0.003,2.1825,0.4284,7.275,-2.2498,-1.0308,0.131,1.03,95,0.226,1.231,0.05,0.12,0.0,clear,sweep + rejection + CHoCH + displacement,507.2516
2020-05-28 08:16:00+00:00,2020-05-28 16:16:00+00:00,XAUUSD,LONG,BREAKOUT,BULL,0.572,80.0,B,LONDON,1721.314,1713.226,1733.445,1733.445,1722.248,TIME,0.003,2.4263,0.4783,8.088,0.2803,0.1155,0.756,0.406,480,0.232,1.279,0.05,0.05,0.0,clear,compression -> confirmed range break + momentum,507.5319
2020-06-01 19:46:00+00:00,2020-06-01 21:00:00+00:00,XAUUSD,SHORT,LIQUIDITY_REVERSAL,LIQUIDITY_REVERSAL,1.0,75.0,B,NEWYORK,1735.442,1743.32,1723.626,1723.626,1739.609,SESSION_END,0.003,2.3632,0.4656,7.877,-1.2499,-0.5289,0.1,0.647,74,0.212,1.075,0.05,0.05,0.0,clear,sweep + rejection + CHoCH + displacement,506.2819
2020-06-03 07:49:00+00:00,2020-06-03 13:57:00+00:00,XAUUSD,SHORT,TREND_CONTINUATION,BEAR,0.965,85.0,A,LONDON,1722.053,1731.928,1707.239,1707.239,1707.398,TP2,0.002,1.9751,0.3901,9.876,2.931,1.4839,1.634,0.407,368,0.205,0.985,0.05,0.0,0.0,clear,trend pullback + LTF BOS,509.2129
2020-06-05 07:00:00+00:00,2020-06-05 13:30:00+00:00,XAUUSD,SHORT,LIQUIDITY_REVERSAL,BEAR,0.811,85.0,A,LONDON,1709.198,1717.798,1696.299,1696.299,1696.433,TP2,0.002,1.7199,0.3378,8.6,2.553,1.4844,1.96,0.471,390,0.214,1.11,0.05,0.0,0.0,clear,sweep + rejection + CHoCH + displacement,511.7659
2020-06-09 07:04:00+00:00,2020-06-09 09:07:00+00:00,XAUUSD,SHORT,LIQUIDITY_REVERSAL,CHOPPY,0.621,90.0,A+,LONDON,1696.845,1704.727,1685.021,1685.021,1704.98,STOP,0.003,2.3648,0.4621,7.883,-2.4404,-1.032,0.611,1.074,123,0.201,1.04,0.05,0.12,0.0,clear,sweep + rejection + CHoCH + displacement,509.3255
2020-06-10 07:46:00+00:00,2020-06-10 14:30:00+00:00,XAUUSD,SHORT,LIQUIDITY_REVERSAL,LIQUIDITY_REVERSAL,0.8,70.0,NO_TRADE,LONDON,1716.72,1725.314,1703.829,1703.829,1725.552,STOP,0.002,1.7188,0.3375,8.594,-1.7664,-1.0277,0.132,1.015,404,0.25,1.334,0.05,0.12,0.0,clear,sweep + rejection + CHoCH + displacement,507.5591
2020-06-10 15:23:00+00:00,2020-06-10 15:59:00+00:00,XAUUSD,LONG,BREAKOUT,EXPANSION,0.871,85.0,A,OVERLAP,1727.047,1718.719,1739.539,1739.539,1718.458,STOP,0.003,2.4984,0.4922,8.328,-2.5769,-1.0314,0.0,1.015,36,0.259,1.757,0.05,0.12,0.0,clear,compression -> confirmed range break + momentum,504.9822
2020-06-12 13:14:00+00:00,2020-06-12 18:00:00+00:00,XAUUSD,LONG,LIQUIDITY_REVERSAL,LIQUIDITY_REVERSAL,0.8,85.0,A,OVERLAP,1735.34,1728.091,1746.214,1746.214,1733.217,SESSION_END,0.003,2.1748,0.4307,7.249,-0.637,-0.2929,1.049,0.681,286,0.205,1.426,0.05,0.05,0.0,clear,sweep + rejection + CHoCH + displacement,504.3452
2020-06-18 08:40:00+00:00,2020-06-18 12:45:00+00:00,XAUUSD,LONG,LIQUIDITY_REVERSAL,CHOPPY,0.705,100.0,A+,LONDON,1727.995,1718.945,1741.57,1741.57,1718.659,STOP,0.002,1.81,0.3589,9.05,-1.8671,-1.0315,1.043,1.048,245,0.24,1.138,0.05,0.12,0.0,clear,sweep + rejection + CHoCH + displacement,502.478
2020-06-22 14:46:00+00:00,2020-06-22 16:00:00+00:00,XAUUSD,LONG,BREAKOUT,BULL,1.0,85.0,A,OVERLAP,1759.886,1751.015,1773.192,1773.192,1750.71,STOP,0.002,1.7741,0.3531,8.871,-1.8351,-1.0344,0.358,1.098,74,0.256,1.94,0.05,0.12,0.0,clear,compression -> confirmed range break + momentum,500.6429
2020-06-23 14:26:00+00:00,2020-06-23 21:00:00+00:00,XAUUSD,SHORT,LIQUIDITY_REVERSAL,BULL,0.799,75.0,B,OVERLAP,1764.188,1773.287,1750.538,1750.538,1770.502,SESSION_END,0.002,1.82,0.3635,9.1,-1.2629,-0.6939,0.389,0.731,394,0.235,1.872,0.05,0.05,0.0,clear,sweep + rejection + CHoCH + displacement,499.3801
2020-07-02 13:06:00+00:00,2020-07-02 14:03:00+00:00,XAUUSD,SHORT,LIQUIDITY_REVERSAL,LIQUIDITY_REVERSAL,0.7,100.0,A+,OVERLAP,1770.531,1778.696,1758.284,1758.284,1758.461,TP2,0.003,2.4494,0.4899,8.165,3.621,1.4783,1.558,0.0,57,0.214,1.14,0.05,0.0,0.0,clear,sweep + rejection + CHoCH + displacement,503.621
2020-07-08 09:39:00+00:00,2020-07-08 14:33:00+00:00,XAUUSD,LONG,BREAKOUT,BULL,0.862,70.0,NO_TRADE,LONDON,1800.087,1790.565,1814.372,1814.372,1814.225,TP2,0.002,1.9046,0.3782,9.523,2.8274,1.4846,1.523,0.203,294,0.305,1.309,0.05,0.0,0.0,clear,compression -> confirmed range break + momentum,506.4484
2020-07-14 19:41:00+00:00,2020-07-14 21:00:00+00:00,XAUUSD,SHORT,LIQUIDITY_REVERSAL,LIQUIDITY_REVERSAL,1.0,85.0,A,NEWYORK,1808.037,1815.267,1797.192,1797.192,1810.741,SESSION_END,0.003,2.169,0.4283,7.23,-0.8113,-0.374,0.149,0.378,79,0.222,0.927,0.05,0.05,0.0,clear,sweep + rejection + CHoCH + displacement,505.6371
2020-07-16 13:03:00+00:00,2020-07-16 21:00:00+00:00,XAUUSD,SHORT,LIQUIDITY_REVERSAL,LIQUIDITY_REVERSAL,0.7,85.0,A,OVERLAP,1804.698,1812.184,1793.47,1793.47,1796.202,SESSION_END,0.003,2.2457,0.4441,7.486,2.549,1.135,1.324,0.537,477,0.219,1.014,0.05,0.05,0.0,clear,sweep + rejection + CHoCH + displacement,508.1861
2020-07-22 13:11:00+00:00,2020-07-22 21:00:00+00:00,XAUUSD,SHORT,LIQUIDITY_REVERSAL,LIQUIDITY_REVERSAL,1.0,85.0,A,OVERLAP,1857.141,1872.483,1834.128,1834.128,1869.029,SESSION_END,0.001,1.5342,0.3019,15.342,-1.1888,-0.7749,0.643,0.862,469,0.268,1.828,0.05,0.05,0.0,clear,sweep + rejection + CHoCH + displacement,506.9973
2020-07-23 09:06:00+00:00,2020-07-23 16:28:00+00:00,XAUUSD,LONG,BREAKOUT,BULL,1.0,85.0,A,LONDON,1878.431,1868.664,1893.081,1893.081,1892.914,TP2,0.002,1.9534,0.3853,9.767,2.8966,1.4829,1.546,0.891,442,0.232,1.662,0.05,0.0,0.0,clear,compression -> confirmed range break + momentum,509.894
2020-07-24 10:40:00+00:00,2020-07-24 14:04:00+00:00,XAUUSD,SHORT,LIQUIDITY_REVERSAL,LIQUIDITY_REVERSAL,0.8,85.0,A,LONDON,1892.083,1900.316,1879.734,1879.734,1900.547,STOP,0.003,2.4698,0.4844,8.233,-2.5393,-1.0281,0.604,1.195,204,0.21,1.465,0.05,0.12,0.0,clear,sweep + rejection + CHoCH + displacement,507.3547
2020-07-24 15:19:00+00:00,2020-07-24 18:00:00+00:00,XAUUSD,LONG,TREND_CONTINUATION,BULL,0.956,85.0,A,OVERLAP,1902.848,1888.737,1924.014,1924.014,1900.335,SESSION_END,0.001,1.4111,0.2781,14.111,-0.2513,-0.1781,0.071,0.394,161,0.266,2.493,0.05,0.05,0.0,clear,trend pullback + LTF BOS,507.1033
2020-07-28 02:06:00+00:00,2020-07-28 04:04:00+00:00,XAUUSD,LONG,BREAKOUT,STRONG_BULL,1.0,80.0,B,ASIA,1970.29,1948.795,2002.532,2002.532,1948.391,STOP,0.001,2.1495,0.4239,21.495,-2.1899,-1.0188,0.497,1.195,118,0.583,3.409,0.05,0.12,0.0,clear,compression -> confirmed range break + momentum,504.9134
2020-07-29 14:43:00+00:00,2020-07-29 19:39:00+00:00,XAUUSD,SHORT,LIQUIDITY_REVERSAL,CHOPPY,0.654,80.0,B,OVERLAP,1955.493,1972.515,1929.96,1929.96,1972.769,STOP,0.001,1.7022,0.3371,17.022,-1.7276,-1.0149,0.832,1.007,296,0.189,2.116,0.05,0.12,0.0,clear,sweep + rejection + CHoCH + displacement,503.1859
2020-08-05 16:06:00+00:00,2020-08-05 21:00:00+00:00,XAUUSD,SHORT,LIQUIDITY_REVERSAL,BULL,0.611,80.0,B,NEWYORK,2047.42,2068.391,2015.965,2015.965,2038.455,SESSION_END,0.001,2.0971,0.4168,20.971,0.8966,0.4275,0.897,0.104,294,0.369,3.814,0.05,0.05,0.0,clear,sweep + rejection + CHoCH + displacement,504.0824
2020-08-11 17:46:00+00:00,2020-08-11 18:59:00+00:00,XAUUSD,SHORT,TREND_CONTINUATION,STRONG_BEAR,1.0,100.0,A+,NEWYORK,1945.104,1959.349,1923.737,1923.737,1923.916,TP2,0.001,1.4245,0.2826,14.245,2.1188,1.4874,1.594,0.017,73,0.362,3.93,0.05,0.0,0.0,clear,trend pullback + LTF BOS,506.2012
2020-08-12 04:28:00+00:00,2020-08-12 05:29:00+00:00,XAUUSD,SHORT,TREND_CONTINUATION,STRONG_BEAR,1.0,75.0,B,ASIA,1889.172,1905.884,1864.105,1864.105,1864.329,TP2,0.001,1.6711,0.3301,16.711,2.4843,1.4866,1.607,0.29,61,0.505,4.879,0.05,0.0,0.0,clear,trend pullback + LTF BOS,508.6855
2020-08-13 12:11:00+00:00,2020-08-13 13:06:00+00:00,XAUUSD,LONG,BREAKOUT,COMPRESSION,1.0,65.0,NO_TRADE,OVERLAP,1937.985,1924.837,1957.705,1957.705,1924.63,STOP,0.001,1.3147,0.2585,13.147,-1.3355,-1.0158,0.0,1.14,55,0.153,2.189,0.05,0.12,0.0,clear,compression -> confirmed range break + momentum,507.3501
2020-08-14 06:48:00+00:00,2020-08-14 14:48:00+00:00,XAUUSD,SHORT,LIQUIDITY_REVERSAL,CHOPPY,0.664,80.0,B,ASIA,1950.92,1966.475,1927.586,1927.586,1949.995,TIME,0.001,1.5556,0.3066,15.556,0.0925,0.0595,0.795,0.344,480,0.317,1.7,0.05,0.05,0.0,clear,sweep + rejection + CHoCH + displacement,507.4426
2020-08-17 13:22:00+00:00,2020-08-17 14:34:00+00:00,XAUUSD,LONG,BREAKOUT,COMPRESSION,0.963,80.0,B,OVERLAP,1958.146,1951.682,1967.844,1967.844,1967.732,TP2,0.003,1.9394,0.3822,6.465,2.8756,1.4827,1.527,0.351,72,0.177,1.722,0.05,0.0,0.0,clear,compression -> confirmed range break + momentum,510.3182
2020-08-17 15:06:00+00:00,2020-08-17 21:00:00+00:00,XAUUSD,LONG,BREAKOUT,STRONG_BULL,0.958,100.0,A+,OVERLAP,1974.738,1961.376,1994.782,1994.782,1982.763,SESSION_END,0.001,1.3363,0.2619,13.363,0.8024,0.6005,1.178,0.0,354,0.241,2.868,0.05,0.05,0.0,clear,compression -> confirmed range break + momentum,511.1206
2020-08-18 08:06:00+00:00,2020-08-18 16:06:00+00:00,XAUUSD,SHORT,LIQUIDITY_REVERSAL,LIQUIDITY_REVERSAL,1.0,85.0,A,LONDON,1997.789,2023.274,1959.56,1959.56,1996.86,TIME,0.001,2.5485,0.4986,25.485,0.0929,0.0365,0.859,0.695,480,0.273,2.691,0.05,0.05,0.0,clear,sweep + rejection + CHoCH + displacement,511.2135
2020-08-20 13:21:00+00:00,2020-08-20 16:38:00+00:00,XAUUSD,SHORT,LIQUIDITY_REVERSAL,LIQUIDITY_REVERSAL,0.8,100.0,A+,OVERLAP,1936.272,1950.453,1914.999,1914.999,1950.727,STOP,0.001,1.4182,0.2774,14.182,-1.4455,-1.0193,0.733,1.027,197,0.213,3.084,0.05,0.12,0.0,clear,sweep + rejection + CHoCH + displacement,509.768
2020-08-21 05:38:00+00:00,2020-08-21 09:23:00+00:00,XAUUSD,SHORT,LIQUIDITY_REVERSAL,CHOPPY,0.635,85.0,A,ASIA,1947.768,1957.651,1932.944,1932.944,1933.058,TP2,0.002,1.9766,0.3877,9.883,2.942,1.4884,1.596,0.213,225,0.28,1.128,0.05,0.0,0.0,clear,sweep + rejection + CHoCH + displacement,512.71
2020-08-24 03:22:00+00:00,2020-08-24 08:10:00+00:00,XAUUSD,SHORT,TREND_CONTINUATION,BEAR,0.885,95.0,A+,ASIA,1931.321,1942.077,1915.185,1915.185,1942.32,STOP,0.002,2.1513,0.4196,10.757,-2.1999,-1.0226,0.081,1.018,288,0.355,1.807,0.05,0.12,0.0,clear,trend pullback + LTF BOS,510.5101
2020-08-25 10:48:00+00:00,2020-08-25 18:48:00+00:00,XAUUSD,SHORT,BREAKOUT,BEAR,0.822,85.0,A,LONDON,1921.753,1933.728,1903.791,1903.791,1919.053,TIME,0.002,2.3949,0.4691,11.975,0.5401,0.2255,0.639,0.828,480,0.223,1.773,0.05,0.05,0.0,clear,compression -> confirmed range break + momentum,511.0501
2020-08-31 01:02:00+00:00,2020-08-31 07:05:00+00:00,XAUUSD,LONG,TREND_CONTINUATION,BULL,0.942,85.0,A,ASIA,1975.731,1965.545,1991.009,1991.009,1965.329,STOP,0.002,2.0372,0.3986,10.186,-2.0803,-1.0212,0.063,1.033,363,0.345,1.849,0.05,0.12,0.0,clear,trend pullback + LTF BOS,508.9698
2020-08-31 18:11:00+00:00,2020-08-31 21:00:00+00:00,XAUUSD,SHORT,LIQUIDITY_REVERSAL,CHOPPY,0.582,85.0,A,NEWYORK,1969.47,1979.403,1954.57,1954.57,1969.285,SESSION_END,0.002,1.9866,0.3903,9.933,0.0371,0.0187,0.328,0.395,169,0.256,2.208,0.05,0.05,0.0,clear,sweep + rejection + CHoCH + displacement,509.0069
2020-09-01 02:42:00+00:00,2020-09-01 08:44:00+00:00,XAUUSD,LONG,BREAKOUT,COMPRESSION,0.911,80.0,B,ASIA,1974.701,1963.887,1990.922,1990.922,1990.815,TP2,0.002,2.1628,0.4249,10.814,3.2227,1.4901,1.583,0.115,362,0.366,1.585,0.05,0.0,0.0,clear,compression -> confirmed range break + momentum,512.2296
2020-09-03 12:11:00+00:00,2020-09-03 14:18:00+00:00,XAUUSD,SHORT,TREND_CONTINUATION,BEAR,0.965,85.0,A,OVERLAP,1930.005,1938.683,1916.989,1916.989,1938.934,STOP,0.002,1.7355,0.3388,8.678,-1.7858,-1.0289,0.324,1.012,127,0.185,1.52,0.05,0.12,0.0,clear,trend pullback + LTF BOS,510.4438
2020-09-04 13:30:00+00:00,2020-09-04 13:31:00+00:00,XAUUSD,LONG,LIQUIDITY_REVERSAL,CHOPPY,0.783,80.0,B,OVERLAP,1940.217,1930.865,1954.245,1954.245,1930.653,STOP,0.002,1.8704,0.3664,9.352,-1.9128,-1.0227,0.0,1.194,1,0.184,1.501,0.05,0.12,0.0,clear,sweep + rejection + CHoCH + displacement,508.531
2020-09-08 14:53:00+00:00,2020-09-08 15:30:00+00:00,XAUUSD,SHORT,TREND_CONTINUATION,STRONG_BEAR,0.95,80.0,B,OVERLAP,1912.388,1924.361,1894.429,1894.429,1924.704,STOP,0.002,2.3946,0.4709,11.973,-2.4633,-1.0287,0.208,1.17,37,0.414,3.471,0.05,0.12,0.0,clear,trend pullback + LTF BOS,506.0677
2020-09-09 12:22:00+00:00,2020-09-09 14:11:00+00:00,XAUUSD,LONG,LIQUIDITY_REVERSAL,LIQUIDITY_REVERSAL,0.7,75.0,B,OVERLAP,1923.722,1913.439,1939.147,1939.147,1939.018,TP2,0.002,2.0567,0.4064,10.283,3.0591,1.4874,1.506,0.191,109,0.214,1.683,0.05,0.0,0.0,clear,sweep + rejection + CHoCH + displacement,509.1268
2020-09-14 12:25:00+00:00,2020-09-14 13:38:00+00:00,XAUUSD,SHORT,LIQUIDITY_REVERSAL,LIQUIDITY_REVERSAL,0.7,75.0,B,OVERLAP,1942.228,1950.296,1930.126,1930.126,1950.53,STOP,0.003,2.4204,0.4754,8.068,-2.4904,-1.0289,0.007,1.025,73,0.214,1.408,0.05,0.12,0.0,clear,sweep + rejection + CHoCH + displacement,506.6365
2020-09-16 13:06:00+00:00,2020-09-16 19:52:00+00:00,XAUUSD,LONG,LIQUIDITY_REVERSAL,LIQUIDITY_REVERSAL,1.0,100.0,A+,OVERLAP,1965.917,1954.029,1983.75,1983.75,1953.631,STOP,0.002,2.3776,0.4693,11.888,-2.4574,-1.0335,0.635,1.093,406,0.219,1.326,0.05,0.12,0.0,clear,sweep + rejection + CHoCH + displacement,504.1791
2020-09-17 13:06:00+00:00,2020-09-17 21:00:00+00:00,XAUUSD,SHORT,LIQUIDITY_REVERSAL,LIQUIDITY_REVERSAL,0.7,100.0,A+,OVERLAP,1943.404,1957.503,1922.256,1922.256,1949.212,SESSION_END,0.001,1.4099,0.2796,14.099,-0.5808,-0.4119,0.756,0.429,474,0.227,1.737,0.05,0.05,0.0,clear,sweep + rejection + CHoCH + displacement,503.5983
2020-09-23 05:46:00+00:00,2020-09-23 13:46:00+00:00,XAUUSD,SHORT,BREAKOUT,BEAR,0.923,80.0,B,ASIA,1884.357,1900.09,1860.757,1860.757,1878.193,TIME,0.001,1.5733,0.3124,15.733,0.6164,0.3918,0.721,0.668,480,0.502,2.563,0.05,0.05,0.0,clear,compression -> confirmed range break + momentum,504.2147
2020-09-23 20:01:00+00:00,2020-09-23 21:00:00+00:00,XAUUSD,SHORT,TREND_CONTINUATION,STRONG_BEAR,1.0,100.0,A+,NEWYORK,1863.828,1875.173,1846.811,1846.811,1862.357,SESSION_END,0.002,2.269,0.45,11.345,0.2944,0.1297,0.718,0.0,59,0.253,2.365,0.05,0.05,0.0,clear,trend pullback + LTF BOS,504.5091
2020-09-24 13:41:00+00:00,2020-09-24 18:15:00+00:00,XAUUSD,SHORT,LIQUIDITY_REVERSAL,LIQUIDITY_REVERSAL,0.8,100.0,A+,OVERLAP,1854.173,1873.729,1824.839,1824.839,1873.975,STOP,0.001,1.9556,0.3876,19.556,-1.9803,-1.0126,0.172,1.017,274,0.211,2.481,0.05,0.12,0.0,clear,sweep + rejection + CHoCH + displacement,502.5288
2020-09-25 02:02:00+00:00,2020-09-25 10:02:00+00:00,XAUUSD,LONG,LIQUIDITY_REVERSAL,CHOPPY,0.693,80.0,B,ASIA,1868.457,1859.573,1881.782,1881.782,1870.441,TIME,0.002,1.7767,0.3536,8.884,0.3969,0.2234,0.745,0.765,480,0.283,1.187,0.05,0.05,0.0,clear,sweep + rejection + CHoCH + displacement,502.9257
2020-09-25 10:51:00+00:00,2020-09-25 18:00:00+00:00,XAUUSD,SHORT,BREAKOUT,COMPRESSION,0.916,100.0,A+,LONDON,1864.994,1877.26,1846.595,1846.595,1861.01,SESSION_END,0.002,2.4532,0.4878,12.266,0.7969,0.3249,1.035,0.103,429,0.208,1.86,0.05,0.05,0.0,clear,compression -> confirmed range break + momentum,503.7226
2020-09-28 20:58:00+00:00,2020-09-28 21:00:00+00:00,XAUUSD,LONG,TREND_CONTINUATION,STRONG_BULL,0.941,100.0,A+,NEWYORK,1880.913,1871.103,1895.628,1895.628,1880.706,SESSION_END,0.002,1.962,0.3895,9.81,-0.0415,-0.0212,0.073,0.024,2,0.231,1.475,0.05,0.05,0.0,clear,trend pullback + LTF BOS,503.6811
2020-10-01 14:37:00+00:00,2020-10-01 21:00:00+00:00,XAUUSD,LONG,TREND_CONTINUATION,BULL,0.92,100.0,A+,OVERLAP,1905.775,1891.171,1927.681,1927.681,1904.528,SESSION_END,0.001,1.4604,0.2899,14.604,-0.1247,-0.0854,0.428,0.659,383,0.28,2.355,0.05,0.05,0.0,clear,trend pullback + LTF BOS,503.5564
2020-10-05 02:04:00+00:00,2020-10-05 10:04:00+00:00,XAUUSD,SHORT,LIQUIDITY_REVERSAL,CHOPPY,0.573,85.0,A,ASIA,1898.189,1909.232,1881.625,1881.625,1899.541,TIME,0.002,2.2086,0.4386,11.043,-0.2704,-0.1224,1.023,0.251,480,0.357,1.391,0.05,0.05,0.0,clear,sweep + rejection + CHoCH + displacement,503.286
2020-10-09 11:31:00+00:00,2020-10-09 15:06:00+00:00,XAUUSD,LONG,TREND_CONTINUATION,STRONG_BULL,0.97,85.0,A,LONDON,1914.926,1906.334,1927.815,1927.815,1927.653,TP2,0.002,1.7185,0.3414,8.592,2.5453,1.4811,1.502,0.313,215,0.223,1.101,0.05,0.0,0.0,clear,trend pullback + LTF BOS,505.8313
2020-10-20 07:08:00+00:00,2020-10-20 10:40:00+00:00,XAUUSD,SHORT,LIQUIDITY_REVERSAL,BEAR,0.86,100.0,A+,LONDON,1899.954,1907.62,1888.454,1888.454,1907.908,STOP,0.003,2.3,0.4547,7.667,-2.3862,-1.0375,0.167,1.054,212,0.222,1.041,0.05,0.1647000014781952,0.0,clear,sweep + rejection + CHoCH + displacement,503.445
2020-10-20 13:41:00+00:00,2020-10-20 21:00:00+00:00,XAUUSD,LONG,LIQUIDITY_REVERSAL,LIQUIDITY_REVERSAL,0.7,85.0,A,OVERLAP,1904.661,1892.711,1922.584,1922.584,1909.243,SESSION_END,0.002,2.3899,0.4747,11.949,0.9165,0.3835,0.78,0.606,439,0.245,1.514,0.05,0.05,0.0,clear,sweep + rejection + CHoCH + displacement,504.3615
2020-10-22 15:01:00+00:00,2020-10-22 21:00:00+00:00,XAUUSD,SHORT,BREAKOUT,BEAR,0.573,70.0,NO_TRADE,OVERLAP,1899.998,1912.348,1881.475,1881.475,1905.485,SESSION_END,0.002,2.4698,0.4897,12.349,-1.0972,-0.4443,0.469,0.452,359,0.319,2.247,0.05,0.05,0.0,clear,compression -> confirmed range break + momentum,503.2643
2020-10-26 13:31:00+00:00,2020-10-26 22:00:00+00:00,XAUUSD,LONG,LIQUIDITY_REVERSAL,LIQUIDITY_REVERSAL,1.0,75.0,B,OVERLAP,1903.747,1893.491,1919.131,1919.131,1901.589,SESSION_END,0.002,2.0512,0.4076,10.256,-0.4315,-0.2104,0.459,0.485,449,0.278,1.804,0.05,0.05,0.0,clear,sweep + rejection + CHoCH + displacement,502.8328
2020-11-02 12:16:00+00:00,2020-11-02 20:16:00+00:00,XAUUSD,LONG,BREAKOUT,STRONG_BULL,0.942,85.0,A,OVERLAP,1892.437,1882.574,1907.232,1907.232,1894.82,TIME,0.002,1.9727,0.3923,9.863,0.4765,0.2415,0.26,0.684,480,0.199,1.282,0.05,0.05,0.0,clear,compression -> confirmed range break + momentum,503.3092
2020-11-05 08:53:00+00:00,2020-11-05 13:24:00+00:00,XAUUSD,LONG,BREAKOUT,BULL,0.851,70.0,NO_TRADE,LONDON,1917.258,1908.93,1929.75,1929.75,1929.643,TP2,0.003,2.4984,0.4964,8.328,3.7154,1.4871,1.53,0.334,271,0.206,1.82,0.05,0.0,0.0,clear,compression -> confirmed range break + momentum,507.0247
2020-11-05 14:37:00+00:00,2020-11-05 15:19:00+00:00,XAUUSD,LONG,TREND_CONTINUATION,STRONG_BULL,0.959,85.0,A,OVERLAP,1930.218,1920.811,1944.33,1944.33,1944.207,TP2,0.002,1.8815,0.3711,9.407,2.7977,1.487,1.651,0.004,42,0.221,2.159,0.05,0.0,0.0,clear,trend pullback + LTF BOS,509.8224
2020-11-05 20:49:00+00:00,2020-11-05 21:00:00+00:00,XAUUSD,LONG,TREND_CONTINUATION,STRONG_BULL,1.0,100.0,A+,NEWYORK,1951.182,1941.819,1965.227,1965.227,1949.947,SESSION_END,0.002,1.8727,0.3673,9.363,-0.247,-0.1319,0.058,0.285,11,0.268,2.039,0.05,0.05,0.0,clear,trend pullback + LTF BOS,509.5754
2020-11-09 15:03:00+00:00,2020-11-09 21:00:00+00:00,XAUUSD,SHORT,BREAKOUT,STRONG_BEAR,1.0,60.0,NO_TRADE,OVERLAP,1866.489,1888.038,1834.166,1834.166,1866.196,SESSION_END,0.001,2.1549,0.4229,21.549,0.0293,0.0136,0.747,0.167,357,0.557,6.264,0.05,0.05,0.0,clear,compression -> confirmed range break + momentum,509.6048
2020-11-10 10:33:00+00:00,2020-11-10 13:00:00+00:00,XAUUSD,SHORT,BREAKOUT,STRONG_BEAR,0.876,70.0,NO_TRADE,LONDON,1873.024,1881.314,1860.588,1860.588,1881.539,STOP,0.003,2.4871,0.488,8.29,-2.5545,-1.0271,0.686,1.126,147,0.268,2.402,0.05,0.12,0.0,clear,compression -> confirmed range break + momentum,507.0503
2020-11-12 08:21:00+00:00,2020-11-12 13:55:00+00:00,XAUUSD,SHORT,BREAKOUT,COMPRESSION,0.911,85.0,A,LONDON,1866.234,1876.314,1851.113,1851.113,1876.555,STOP,0.002,2.016,0.3976,10.08,-2.0643,-1.024,0.311,1.0,334,0.263,1.746,0.05,0.12,0.0,clear,compression -> confirmed range break + momentum,504.986
2020-11-13 13:06:00+00:00,2020-11-13 18:00:00+00:00,XAUUSD,LONG,BREAKOUT,EXPANSION,0.871,85.0,A,OVERLAP,1888.148,1879.356,1901.336,1901.336,1890.334,SESSION_END,0.002,1.7584,0.3482,8.792,0.4371,0.2486,0.968,0.238,294,0.246,1.67,0.05,0.05,0.0,clear,compression -> confirmed range break + momentum,505.423
2020-11-23 10:36:00+00:00,2020-11-23 14:51:00+00:00,XAUUSD,SHORT,BREAKOUT,EXPANSION,0.855,70.0,NO_TRADE,LONDON,1865.387,1874.81,1851.253,1851.253,1851.427,TP2,0.002,1.8845,0.3729,9.423,2.792,1.4816,1.914,0.384,255,0.262,1.431,0.05,0.0,0.0,clear,compression -> confirmed range break + momentum,508.2151
2020-11-25 01:07:00+00:00,2020-11-25 09:07:00+00:00,XAUUSD,LONG,BREAKOUT,COMPRESSION,0.926,40.0,NO_TRADE,ASIA,1811.168,1795.348,1834.898,1834.898,1811.174,TIME,0.001,1.582,0.3113,15.82,0.0006,0.0004,0.242,0.611,480,0.406,1.559,0.05,0.05,0.0,clear,compression -> confirmed range break + momentum,508.2157
2020-12-04 13:12:00+00:00,2020-12-04 18:00:00+00:00,XAUUSD,SHORT,LIQUIDITY_REVERSAL,CHOPPY,0.605,85.0,A,OVERLAP,1840.126,1849.96,1825.375,1825.375,1834.165,SESSION_END,0.002,1.9668,0.387,9.834,1.1922,0.6062,1.133,0.81,288,0.195,1.184,0.05,0.05,0.0,clear,sweep + rejection + CHoCH + displacement,509.408
2020-12-08 14:01:00+00:00,2020-12-08 21:00:00+00:00,XAUUSD,SHORT,LIQUIDITY_REVERSAL,LIQUIDITY_REVERSAL,0.7,85.0,A,OVERLAP,1866.016,1883.367,1839.989,1839.989,1870.557,SESSION_END,0.001,1.7351,0.3406,17.351,-0.4541,-0.2617,0.236,0.527,419,0.325,2.542,0.05,0.05,0.0,clear,sweep + rejection + CHoCH + displacement,508.9538
2020-12-09 09:21:00+00:00,2020-12-09 17:21:00+00:00,XAUUSD,SHORT,LIQUIDITY_REVERSAL,LIQUIDITY_REVERSAL,0.7,85.0,A,LONDON,1859.883,1876.196,1835.413,1835.413,1842.511,TIME,0.001,1.6313,0.3205,16.313,1.7372,1.0649,1.386,0.254,480,0.291,1.841,0.05,0.05,0.0,clear,sweep + rejection + CHoCH + displacement,510.691
2020-12-10 07:00:00+00:00,2020-12-10 13:35:00+00:00,XAUUSD,SHORT,BREAKOUT,COMPRESSION,0.989,65.0,NO_TRADE,LONDON,1834.738,1842.441,1823.185,1823.185,1842.681,STOP,0.003,2.3107,0.4525,7.702,-2.3829,-1.0312,0.806,1.037,395,0.22,1.323,0.05,0.12,0.0,clear,compression -> confirmed range break + momentum,508.3081
2020-12-11 14:28:00+00:00,2020-12-11 18:00:00+00:00,XAUUSD,SHORT,LIQUIDITY_REVERSAL,LIQUIDITY_REVERSAL,0.8,100.0,A+,OVERLAP,1835.162,1854.482,1806.182,1806.182,1842.131,SESSION_END,0.001,1.932,0.3801,19.32,-0.6969,-0.3607,0.021,0.646,212,0.272,2.215,0.05,0.05,0.0,clear,sweep + rejection + CHoCH + displacement,507.6112
2020-12-14 10:04:00+00:00,2020-12-14 14:34:00+00:00,XAUUSD,SHORT,TREND_CONTINUATION,STRONG_BEAR,0.92,100.0,A+,LONDON,1826.765,1837.105,1811.254,1811.254,1837.375,STOP,0.002,2.0681,0.4074,10.341,-2.1221,-1.0261,0.822,1.03,270,0.266,1.41,0.05,0.12,0.0,clear,trend pullback + LTF BOS,505.4891
2020-12-17 09:46:00+00:00,2020-12-17 14:49:00+00:00,XAUUSD,LONG,TREND_CONTINUATION,STRONG_BULL,0.972,85.0,A,LONDON,1878.315,1867.984,1893.811,1893.811,1893.669,TP2,0.002,2.0662,0.4087,10.331,3.0708,1.4862,1.551,0.629,303,0.273,1.683,0.05,0.0,0.0,clear,trend pullback + LTF BOS,508.5599
2020-12-18 12:02:00+00:00,2020-12-18 18:00:00+00:00,XAUUSD,LONG,BREAKOUT,COMPRESSION,0.9,70.0,NO_TRADE,OVERLAP,1884.756,1877.452,1895.714,1895.714,1883.738,SESSION_END,0.003,2.1914,0.4309,7.305,-0.3056,-0.1394,0.655,0.998,358,0.203,1.182,0.05,0.05,0.0,clear,compression -> confirmed range break + momentum,508.2543
2020-12-21 14:37:00+00:00,2020-12-21 21:00:00+00:00,XAUUSD,LONG,LIQUIDITY_REVERSAL,LIQUIDITY_REVERSAL,0.7,100.0,A+,OVERLAP,1884.783,1863.236,1917.104,1917.104,1875.055,SESSION_END,0.001,2.1547,0.4239,21.547,-0.9727,-0.4514,0.0,0.507,383,0.406,3.651,0.05,0.05,0.0,clear,sweep + rejection + CHoCH + displacement,507.2816
2020-12-30 13:21:00+00:00,2020-12-30 21:00:00+00:00,XAUUSD,LONG,LIQUIDITY_REVERSAL,LIQUIDITY_REVERSAL,0.7,100.0,A+,OVERLAP,1880.325,1868.893,1897.472,1897.472,1891.844,SESSION_END,0.002,2.2863,0.4507,11.432,2.3039,1.0077,1.151,0.116,459,0.219,1.283,0.05,0.05,0.0,clear,sweep + rejection + CHoCH + displacement,509.5855
2021-01-07 11:06:00+00:00,2021-01-07 19:06:00+00:00,XAUUSD,LONG,LIQUIDITY_REVERSAL,LIQUIDITY_REVERSAL,1.0,85.0,A,LONDON,1915.995,1903.074,1935.377,1935.377,1915.424,TIME,0.001,1.2921,0.2584,12.921,-0.0571,-0.0442,0.392,0.719,480,0.255,2.418,0.05,0.05,0.0,clear,sweep + rejection + CHoCH + displacement,499.9429
2021-01-12 01:06:00+00:00,2021-01-12 05:39:00+00:00,XAUUSD,SHORT,BREAKOUT,COMPRESSION,0.974,80.0,B,ASIA,1841.669,1855.468,1820.97,1820.97,1855.728,STOP,0.001,1.3799,0.276,13.799,-1.4059,-1.0188,0.025,1.051,273,0.313,1.656,0.05,0.12,0.0,clear,compression -> confirmed range break + momentum,498.537
2021-01-13 08:06:00+00:00,2021-01-13 16:06:00+00:00,XAUUSD,SHORT,BREAKOUT,COMPRESSION,0.979,85.0,A,LONDON,1855.027,1864.464,1840.872,1840.872,1859.106,TIME,0.002,1.8874,0.3786,9.437,-0.8158,-0.4322,0.61,0.643,480,0.235,1.579,0.05,0.05,0.0,clear,compression -> confirmed range break + momentum,497.7213
2021-01-13 18:04:00+00:00,2021-01-13 21:00:00+00:00,XAUUSD,LONG,LIQUIDITY_REVERSAL,CHOPPY,0.669,85.0,A,NEWYORK,1857.168,1845.213,1875.101,1875.101,1847.904,SESSION_END,0.002,2.391,0.4804,11.955,-1.8527,-0.7749,0.156,0.961,176,0.232,1.408,0.05,0.05,0.0,clear,sweep + rejection + CHoCH + displacement,495.8685
2021-01-14 20:52:00+00:00,2021-01-14 21:00:00+00:00,XAUUSD,LONG,LIQUIDITY_REVERSAL,CHOPPY,0.612,85.0,A,NEWYORK,1847.753,1840.01,1859.369,1859.369,1847.128,SESSION_END,0.003,2.3232,0.4685,7.744,-0.1877,-0.0808,0.064,0.234,8,0.237,1.521,0.05,0.05,0.0,clear,sweep + rejection + CHoCH + displacement,495.6808
2021-01-15 13:46:00+00:00,2021-01-15 18:00:00+00:00,XAUUSD,SHORT,LIQUIDITY_REVERSAL,LIQUIDITY_REVERSAL,0.7,90.0,A+,OVERLAP,1842.272,1863.846,1809.91,1809.91,1831.619,SESSION_END,0.001,2.1575,0.4353,21.575,1.0653,0.4938,0.882,0.143,254,0.247,2.181,0.05,0.05,0.0,clear,sweep + rejection + CHoCH + displacement,496.7461
2021-01-19 14:40:00+00:00,2021-01-19 21:00:00+00:00,XAUUSD,SHORT,LIQUIDITY_REVERSAL,LIQUIDITY_REVERSAL,0.7,85.0,A,OVERLAP,1836.935,1853.897,1811.493,1811.493,1840.051,SESSION_END,0.001,1.6962,0.3415,16.962,-0.3115,-0.1837,0.22,0.376,380,0.273,2.096,0.05,0.05,0.0,clear,sweep + rejection + CHoCH + displacement,496.4346
2021-01-20 10:57:00+00:00,2021-01-20 12:51:00+00:00,XAUUSD,LONG,TREND_CONTINUATION,BULL,0.586,85.0,A,LONDON,1854.768,1846.437,1867.264,1867.264,1846.199,STOP,0.002,1.6661,0.3356,8.331,-1.7137,-1.0286,0.0,1.019,114,0.226,1.16,0.05,0.12,0.0,clear,trend pullback + LTF BOS,494.7208
2021-01-21 08:06:00+00:00,2021-01-21 13:55:00+00:00,XAUUSD,LONG,LIQUIDITY_REVERSAL,LIQUIDITY_REVERSAL,0.7,100.0,A+,LONDON,1870.445,1859.695,1886.569,1886.569,1859.411,STOP,0.002,2.1499,0.4346,10.75,-2.2068,-1.0265,0.279,1.002,349,0.3,1.712,0.05,0.12,0.0,clear,sweep + rejection + CHoCH + displacement,492.514
2021-01-25 18:21:00+00:00,2021-01-25 21:00:00+00:00,XAUUSD,SHORT,LIQUIDITY_REVERSAL,LIQUIDITY_REVERSAL,0.7,100.0,A+,NEWYORK,1855.035,1865.345,1839.569,1839.569,1855.748,SESSION_END,0.002,2.0621,0.4187,10.311,-0.1425,-0.0691,0.156,0.24,159,0.272,1.654,0.05,0.05,0.0,clear,sweep + rejection + CHoCH + displacement,492.3715
2021-01-26 13:11:00+00:00,2021-01-26 21:00:00+00:00,XAUUSD,SHORT,LIQUIDITY_REVERSAL,LIQUIDITY_REVERSAL,0.8,100.0,A+,OVERLAP,1852.636,1863.189,1836.806,1836.806,1851.983,SESSION_END,0.002,2.1107,0.4287,10.553,0.1306,0.0619,0.314,0.687,469,0.218,1.331,0.05,0.05,0.0,clear,sweep + rejection + CHoCH + displacement,492.5021
2021-01-27 18:31:00+00:00,2021-01-27 21:00:00+00:00,XAUUSD,LONG,LIQUIDITY_REVERSAL,LIQUIDITY_REVERSAL,0.8,85.0,A,NEWYORK,1847.357,1838.441,1860.73,1860.73,1840.815,SESSION_END,0.002,1.7831,0.3621,8.916,-1.3084,-0.7338,0.174,0.931,149,0.269,1.47,0.05,0.05,0.0,clear,sweep + rejection + CHoCH + displacement,491.1937
2021-02-01 08:16:00+00:00,2021-02-01 16:16:00+00:00,XAUUSD,LONG,BREAKOUT,BULL,0.867,85.0,A,LONDON,1869.539,1847.271,1902.941,1902.941,1861.851,TIME,0.001,2.2268,0.4533,22.268,-0.7688,-0.3453,0.0,0.597,480,0.276,2.624,0.05,0.05,0.0,clear,compression -> confirmed range break + momentum,490.4249
2021-02-01 18:31:00+00:00,2021-02-01 21:00:00+00:00,XAUUSD,SHORT,LIQUIDITY_REVERSAL,LIQUIDITY_REVERSAL,0.8,85.0,A,NEWYORK,1860.509,1876.687,1836.243,1836.243,1859.171,SESSION_END,0.001,1.6177,0.3299,16.177,0.1338,0.0827,0.157,0.124,149,0.232,2.051,0.05,0.05,0.0,clear,sweep + rejection + CHoCH + displacement,490.5587
2021-02-03 07:59:00+00:00,2021-02-03 15:54:00+00:00,XAUUSD,LONG,LIQUIDITY_REVERSAL,CHOPPY,0.597,70.0,NO_TRADE,LONDON,1837.461,1829.781,1848.981,1848.981,1829.519,STOP,0.003,2.304,0.4697,7.68,-2.3825,-1.0341,0.617,1.054,475,0.211,1.139,0.05,0.12,0.0,clear,sweep + rejection + CHoCH + displacement,488.1763
2021-02-09 09:20:00+00:00,2021-02-09 14:38:00+00:00,XAUUSD,LONG,BREAKOUT,BULL,1.0,70.0,NO_TRADE,LONDON,1845.51,1837.663,1857.281,1857.281,1837.4,STOP,0.003,2.3541,0.4822,7.847,-2.4333,-1.0336,0.377,1.135,318,0.251,1.41,0.05,0.12,0.0,clear,compression -> confirmed range break + momentum,485.743
2021-02-10 08:11:00+00:00,2021-02-10 13:35:00+00:00,XAUUSD,SHORT,LIQUIDITY_REVERSAL,LIQUIDITY_REVERSAL,1.0,85.0,A,LONDON,1842.358,1852.408,1827.283,1827.283,1852.69,STOP,0.002,2.01,0.4138,10.05,-2.0663,-1.0281,0.468,1.022,324,0.234,1.141,0.05,0.12,0.0,clear,sweep + rejection + CHoCH + displacement,483.6767
2021-02-10 14:26:00+00:00,2021-02-10 21:00:00+00:00,XAUUSD,SHORT,LIQUIDITY_REVERSAL,LIQUIDITY_REVERSAL,1.0,85.0,A,OVERLAP,1847.732,1863.642,1823.867,1823.867,1842.798,SESSION_END,0.001,1.591,0.3289,15.91,0.4935,0.3102,0.807,0.0,394,0.366,2.672,0.05,0.05,0.0,clear,sweep + rejection + CHoCH + displacement,484.1701
2021-02-12 14:36:00+00:00,2021-02-12 15:51:00+00:00,XAUUSD,SHORT,TREND_CONTINUATION,BEAR,0.577,85.0,A,OVERLAP,1813.591,1826.673,1793.968,1793.968,1826.954,STOP,0.001,1.3082,0.2702,13.082,-1.3363,-1.0215,0.114,1.006,75,0.268,1.853,0.05,0.12,0.0,clear,trend pullback + LTF BOS,482.8338
2021-02-15 10:26:00+00:00,2021-02-15 23:00:00+00:00,XAUUSD,LONG,LIQUIDITY_REVERSAL,LIQUIDITY_REVERSAL,1.0,80.0,B,LONDON,1819.741,1809.65,1834.877,1834.877,1818.304,SESSION_END,0.002,2.0182,0.418,10.091,-0.2874,-0.1424,0.437,0.374,454,0.226,1.081,0.05,0.05,0.0,clear,sweep + rejection + CHoCH + displacement,482.5464
2021-02-17 14:17:00+00:00,2021-02-17 21:00:00+00:00,XAUUSD,LONG,LIQUIDITY_REVERSAL,BEAR,0.881,75.0,B,OVERLAP,1780.292,1764.735,1803.628,1803.628,1774.716,SESSION_END,0.001,1.5557,0.3224,15.557,-0.5576,-0.3584,0.297,0.699,403,0.344,3.012,0.05,0.05,0.0,clear,sweep + rejection + CHoCH + displacement,481.9888
2021-02-18 08:46:00+00:00,2021-02-18 15:16:00+00:00,XAUUSD,LONG,LIQUIDITY_REVERSAL,LIQUIDITY_REVERSAL,0.8,75.0,B,LONDON,1786.098,1770.437,1809.59,1809.59,1770.153,STOP,0.001,1.5662,0.3249,15.662,-1.5945,-1.0181,0.215,1.014,390,0.246,1.565,0.05,0.12,0.0,clear,sweep + rejection + CHoCH + displacement,480.3943
2021-02-19 00:02:00+00:00,2021-02-19 08:02:00+00:00,XAUUSD,SHORT,BREAKOUT,COMPRESSION,0.926,85.0,A,ASIA,1770.598,1781.424,1754.359,1754.359,1775.001,TIME,0.002,2.1653,0.4507,10.826,-0.8805,-0.4066,0.938,0.631,480,0.356,1.161,0.05,0.05,0.0,clear,compression -> confirmed range break + momentum,479.5138
2021-02-22 09:25:00+00:00,2021-02-22 15:41:00+00:00,XAUUSD,LONG,BREAKOUT,BULL,0.89,85.0,A,LONDON,1797.002,1788.97,1809.05,1809.05,1808.902,TP2,0.002,1.6063,0.335,8.032,2.3801,1.4817,1.511,0.453,376,0.234,1.712,0.05,0.0,0.0,clear,compression -> confirmed range break + momentum,481.8939
2021-02-23 01:46:00+00:00,2021-02-23 09:46:00+00:00,XAUUSD,LONG,BREAKOUT,COMPRESSION,0.9,80.0,B,ASIA,1813.63,1802.53,1830.28,1830.28,1806.663,TIME,0.002,2.22,0.4607,11.1,-1.3935,-0.6277,0.202,0.775,480,0.391,1.471,0.05,0.05,0.0,clear,compression -> confirmed range break + momentum,480.5005
2021-02-26 01:07:00+00:00,2021-02-26 09:07:00+00:00,XAUUSD,SHORT,LIQUIDITY_REVERSAL,BEAR,0.606,95.0,A+,ASIA,1768.445,1780.464,1750.416,1750.416,1768.202,TIME,0.001,1.2019,0.2501,12.019,0.0243,0.0202,1.102,0.596,480,0.421,2.078,0.05,0.05,0.0,clear,sweep + rejection + CHoCH + displacement,480.5247
2021-02-26 10:36:00+00:00,2021-02-26 14:33:00+00:00,XAUUSD,LONG,LIQUIDITY_REVERSAL,LIQUIDITY_REVERSAL,0.8,85.0,A,LONDON,1765.459,1755.692,1780.111,1780.111,1755.453,STOP,0.002,1.9535,0.4065,9.768,-2.0013,-1.0245,0.147,1.144,237,0.228,2.09,0.05,0.12,0.0,clear,sweep + rejection + CHoCH + displacement,478.5234
2021-03-01 07:32:00+00:00,2021-03-01 08:10:00+00:00,XAUUSD,LONG,BREAKOUT,COMPRESSION,0.968,50.0,NO_TRADE,LONDON,1758.183,1751.19,1768.671,1768.671,1750.973,STOP,0.003,2.0977,0.4384,6.992,-2.1629,-1.0311,0.219,1.068,38,0.175,1.267,0.05,0.12,0.0,clear,compression -> confirmed range break + momentum,476.3605
2021-03-01 12:06:00+00:00,2021-03-01 13:22:00+00:00,XAUUSD,LONG,LIQUIDITY_REVERSAL,LIQUIDITY_REVERSAL,0.7,80.0,B,OVERLAP,1745.996,1734.594,1763.098,1763.098,1734.364,STOP,0.002,2.2804,0.4787,11.402,-2.3264,-1.0202,0.128,1.098,76,0.181,1.498,0.05,0.12,0.0,clear,sweep + rejection + CHoCH + displacement,474.034
2021-03-03 01:33:00+00:00,2021-03-03 09:33:00+00:00,XAUUSD,SHORT,BREAKOUT,COMPRESSION,0.921,65.0,NO_TRADE,ASIA,1730.655,1740.598,1715.74,1715.74,1727.613,TIME,0.002,1.9886,0.4195,9.943,0.6084,0.3059,0.513,0.522,480,0.341,1.404,0.05,0.05,0.0,clear,compression -> confirmed range break + momentum,474.6424
2021-03-03 09:46:00+00:00,2021-03-03 11:38:00+00:00,XAUUSD,LONG,LIQUIDITY_REVERSAL,LIQUIDITY_REVERSAL,1.0,85.0,A,LONDON,1729.469,1721.467,1741.472,1741.472,1721.25,STOP,0.002,1.6004,0.3372,8.002,-1.6438,-1.0271,0.083,1.018,112,0.208,1.517,0.05,0.12,0.0,clear,sweep + rejection + CHoCH + displacement,472.9986
2021-03-04 13:26:00+00:00,2021-03-04 21:00:00+00:00,XAUUSD,SHORT,LIQUIDITY_REVERSAL,LIQUIDITY_REVERSAL,0.8,100.0,A+,OVERLAP,1715.542,1735.528,1685.564,1685.564,1699.394,SESSION_END,0.001,1.9986,0.4225,19.986,1.6149,0.808,1.265,0.336,454,0.245,2.049,0.05,0.05,0.0,clear,sweep + rejection + CHoCH + displacement,474.6135
2021-03-05 01:04:00+00:00,2021-03-05 09:04:00+00:00,XAUUSD,SHORT,TREND_CONTINUATION,BEAR,0.594,100.0,A+,ASIA,1690.245,1703.171,1670.856,1670.856,1694.804,TIME,0.001,1.2926,0.2724,12.926,-0.4558,-0.3526,0.236,0.777,480,0.378,1.688,0.05,0.05,0.0,clear,trend pullback + LTF BOS,474.1576
2021-03-05 09:09:00+00:00,2021-03-05 17:09:00+00:00,XAUUSD,LONG,LIQUIDITY_REVERSAL,BEAR,0.557,85.0,A,LONDON,1695.45,1683.447,1713.455,1713.455,1697.833,TIME,0.001,1.2003,0.2531,12.003,0.2382,0.1985,1.018,0.693,480,0.231,1.768,0.05,0.05,0.0,clear,sweep + rejection + CHoCH + displacement,474.3958
2021-03-11 18:06:00+00:00,2021-03-11 21:00:00+00:00,XAUUSD,LONG,LIQUIDITY_REVERSAL,LIQUIDITY_REVERSAL,1.0,100.0,A+,NEWYORK,1727.559,1712.159,1750.658,1750.658,1723.308,SESSION_END,0.001,1.54,0.3246,15.4,-0.425,-0.276,0.022,0.347,174,0.309,1.84,0.05,0.05,0.0,clear,sweep + rejection + CHoCH + displacement,473.9708
2021-03-12 11:04:00+00:00,2021-03-12 16:11:00+00:00,XAUUSD,SHORT,TREND_CONTINUATION,STRONG_BEAR,0.978,100.0,A+,LONDON,1702.313,1710.466,1690.082,1690.082,1710.763,STOP,0.002,1.6307,0.344,8.153,-1.6901,-1.0365,0.36,1.0,307,0.243,1.487,0.05,0.12,0.0,clear,trend pullback + LTF BOS,472.2807
2021-03-15 01:11:00+00:00,2021-03-15 09:11:00+00:00,XAUUSD,LONG,BREAKOUT,COMPRESSION,0.916,85.0,A,ASIA,1731.08,1720.045,1747.633,1747.633,1728.734,TIME,0.002,2.207,0.4673,11.035,-0.4692,-0.2126,0.259,0.863,480,0.39,1.337,0.05,0.05,0.0,clear,compression -> confirmed range break + momentum,471.8115
2021-03-17 14:06:00+00:00,2021-03-17 18:00:00+00:00,XAUUSD,SHORT,BREAKOUT,EXPANSION,0.95,70.0,NO_TRADE,OVERLAP,1725.421,1736.92,1708.172,1708.172,1737.162,STOP,0.002,2.2999,0.4875,11.499,-2.3483,-1.021,0.0,1.102,234,0.326,2.082,0.05,0.12,0.0,clear,compression -> confirmed range break + momentum,469.4632
2021-03-19 12:41:00+00:00,2021-03-19 18:00:00+00:00,XAUUSD,SHORT,LIQUIDITY_REVERSAL,LIQUIDITY_REVERSAL,0.8,85.0,A,OVERLAP,1740.022,1749.717,1725.481,1725.481,1743.075,SESSION_END,0.002,1.9389,0.413,9.694,-0.6105,-0.3149,0.708,0.343,319,0.232,1.694,0.05,0.05,0.0,clear,sweep + rejection + CHoCH + displacement,468.8527
2021-03-30 07:16:00+00:00,2021-03-30 08:46:00+00:00,XAUUSD,LONG,LIQUIDITY_REVERSAL,LIQUIDITY_REVERSAL,1.0,75.0,B,LONDON,1708.18,1696.021,1726.418,1726.418,1695.731,STOP,0.001,1.2159,0.2593,12.159,-1.2449,-1.0238,0.011,1.063,90,0.263,1.224,0.05,0.12,0.0,clear,sweep + rejection + CHoCH + displacement,467.6078
2021-04-05 13:26:00+00:00,2021-04-05 21:00:00+00:00,XAUUSD,LONG,LIQUIDITY_REVERSAL,LIQUIDITY_REVERSAL,1.0,100.0,A+,OVERLAP,1727.138,1713.076,1748.23,1748.23,1727.612,SESSION_END,0.001,1.4061,0.3007,14.061,0.0474,0.0337,0.449,0.343,454,0.245,1.406,0.05,0.05,0.0,clear,sweep + rejection + CHoCH + displacement,467.6553
2021-04-12 08:29:00+00:00,2021-04-12 16:29:00+00:00,XAUUSD,SHORT,LIQUIDITY_REVERSAL,LIQUIDITY_REVERSAL,0.8,90.0,A+,LONDON,1739.018,1746.94,1727.134,1727.134,1734.704,TIME,0.002,1.5845,0.3388,7.923,0.8627,0.5444,1.085,0.747,480,0.24,1.02,0.05,0.05,0.0,clear,sweep + rejection + CHoCH + displacement,468.518
2021-04-13 12:06:00+00:00,2021-04-13 14:35:00+00:00,XAUUSD,LONG,LIQUIDITY_REVERSAL,LIQUIDITY_REVERSAL,1.0,85.0,A,OVERLAP,1728.617,1717.969,1744.588,1744.588,1744.417,TP2,0.002,2.1295,0.4545,10.648,3.16,1.4839,1.585,0.18,149,0.218,1.166,0.05,0.0,0.0,clear,sweep + rejection + CHoCH + displacement,471.678
2021-04-15 13:06:00+00:00,2021-04-15 15:08:00+00:00,XAUUSD,LONG,LIQUIDITY_REVERSAL,LIQUIDITY_REVERSAL,0.7,100.0,A+,OVERLAP,1747.569,1739.368,1759.87,1759.87,1759.685,TP2,0.002,1.6402,0.3477,8.201,2.4232,1.4774,1.55,0.226,122,0.222,1.116,0.05,0.0,0.0,clear,sweep + rejection + CHoCH + displacement,474.1012
2021-04-19 08:11:00+00:00,2021-04-19 09:34:00+00:00,XAUUSD,SHORT,LIQUIDITY_REVERSAL,LIQUIDITY_REVERSAL,0.8,85.0,A,LONDON,1777.684,1787.25,1763.336,1763.336,1787.513,STOP,0.002,1.9132,0.4035,9.566,-1.9658,-1.0275,0.0,1.073,83,0.261,1.256,0.05,0.12,0.0,clear,sweep + rejection + CHoCH + displacement,472.1354
2021-04-27 10:29:00+00:00,2021-04-27 18:29:00+00:00,XAUUSD,LONG,LIQUIDITY_REVERSAL,CHOPPY,0.55,85.0,A,LONDON,1780.951,1773.9,1791.528,1791.528,1778.631,TIME,0.003,2.1154,0.448,7.051,-0.6962,-0.3291,0.639,0.492,480,0.213,0.884,0.05,0.05,0.0,clear,sweep + rejection + CHoCH + displacement,471.4393
2021-04-28 14:41:00+00:00,2021-04-28 19:37:00+00:00,XAUUSD,SHORT,LIQUIDITY_REVERSAL,LIQUIDITY_REVERSAL,0.7,100.0,A+,OVERLAP,1766.961,1780.762,1746.259,1746.259,1781.05,STOP,0.001,1.3801,0.2927,13.801,-1.4089,-1.0209,0.0,1.074,296,0.334,2.038,0.05,0.12,0.0,clear,sweep + rejection + CHoCH + displacement,470.0304
2021-05-03 12:01:00+00:00,2021-05-03 14:28:00+00:00,XAUUSD,SHORT,LIQUIDITY_REVERSAL,BULL,0.868,85.0,A,OVERLAP,1778.465,1789.264,1762.267,1762.267,1789.52,STOP,0.002,2.1597,0.4595,10.798,-2.211,-1.0238,0.1,1.008,147,0.226,1.201,0.05,0.12,0.0,clear,sweep + rejection + CHoCH + displacement,467.8194
2021-05-07 14:41:00+00:00,2021-05-07 18:00:00+00:00,XAUUSD,SHORT,LIQUIDITY_REVERSAL,BULL,0.967,75.0,B,OVERLAP,1827.648,1847.433,1797.97,1797.97,1832.578,SESSION_END,0.001,1.9785,0.4229,19.785,-0.493,-0.2492,0.0,0.734,199,0.56,4.208,0.05,0.05,0.0,clear,sweep + rejection + CHoCH + displacement,467.3264
2021-05-10 19:42:00+00:00,2021-05-10 21:00:00+00:00,XAUUSD,SHORT,LIQUIDITY_REVERSAL,LIQUIDITY_REVERSAL,0.8,85.0,A,NEWYORK,1834.065,1843.702,1819.609,1819.609,1838.371,SESSION_END,0.002,1.9275,0.4124,9.637,-0.8613,-0.4469,0.017,0.47,78,0.247,1.126,0.05,0.05,0.0,clear,sweep + rejection + CHoCH + displacement,466.465
2021-05-13 11:02:00+00:00,2021-05-13 13:31:00+00:00,XAUUSD,SHORT,BREAKOUT,BEAR,0.931,70.0,NO_TRADE,LONDON,1810.751,1818.716,1798.802,1798.802,1818.951,STOP,0.002,1.5931,0.3415,7.966,-1.64,-1.0294,0.263,1.291,149,0.249,1.415,0.05,0.12,0.0,clear,compression -> confirmed range break + momentum,464.8251
2021-05-18 09:13:00+00:00,2021-05-18 17:13:00+00:00,XAUUSD,SHORT,LIQUIDITY_REVERSAL,LIQUIDITY_REVERSAL,1.0,85.0,A,LONDON,1867.561,1875.102,1856.249,1856.249,1866.271,TIME,0.003,2.2624,0.4867,7.541,0.3869,0.171,0.591,0.966,480,0.234,1.119,0.05,0.05,0.0,clear,sweep + rejection + CHoCH + displacement,465.2119
2021-05-20 10:24:00+00:00,2021-05-20 14:46:00+00:00,XAUUSD,SHORT,BREAKOUT,COMPRESSION,0.926,50.0,NO_TRADE,LONDON,1868.561,1875.434,1858.253,1858.253,1875.682,STOP,0.003,2.0616,0.4432,6.872,-2.1362,-1.0362,0.503,1.156,262,0.207,1.161,0.05,0.12,0.0,clear,compression -> confirmed range break + momentum,463.0758
2021-05-24 14:41:00+00:00,2021-05-24 21:00:00+00:00,XAUUSD,LONG,LIQUIDITY_REVERSAL,LIQUIDITY_REVERSAL,0.7,100.0,A+,OVERLAP,1884.531,1867.343,1910.312,1910.312,1882.757,SESSION_END,0.001,1.7188,0.3712,17.188,-0.1774,-0.1032,0.059,0.393,379,0.326,1.871,0.05,0.05,0.0,clear,sweep + rejection + CHoCH + displacement,462.8983
2021-05-25 07:10:00+00:00,2021-05-25 08:04:00+00:00,XAUUSD,LONG,LIQUIDITY_REVERSAL,LIQUIDITY_REVERSAL,0.8,90.0,A+,LONDON,1875.962,1868.652,1886.928,1886.928,1886.788,TP2,0.003,2.1932,0.4738,7.311,3.2477,1.4808,1.534,0.02,54,0.229,0.958,0.05,0.0,0.0,clear,sweep + rejection + CHoCH + displacement,466.1461
2021-05-26 10:37:00+00:00,2021-05-26 18:37:00+00:00,XAUUSD,LONG,LIQUIDITY_REVERSAL,LIQUIDITY_REVERSAL,0.7,100.0,A+,LONDON,1907.376,1897.276,1922.526,1922.526,1899.632,TIME,0.002,2.0201,0.4334,10.1,-1.5487,-0.7667,0.522,0.827,480,0.236,1.232,0.05,0.05,0.0,clear,sweep + rejection + CHoCH + displacement,464.5974
2021-05-27 13:36:00+00:00,2021-05-27 21:00:00+00:00,XAUUSD,LONG,LIQUIDITY_REVERSAL,LIQUIDITY_REVERSAL,0.8,100.0,A+,OVERLAP,1897.308,1876.55,1928.445,1928.445,1897.153,SESSION_END,0.001,2.0758,0.4468,20.758,-0.0155,-0.0075,0.069,0.439,444,0.306,2.14,0.05,0.05,0.0,clear,sweep + rejection + CHoCH + displacement,464.5819
2021-05-28 13:36:00+00:00,2021-05-28 18:00:00+00:00,XAUUSD,LONG,LIQUIDITY_REVERSAL,LIQUIDITY_REVERSAL,0.7,85.0,A,OVERLAP,1889.821,1869.552,1920.225,1920.225,1900.861,SESSION_END,0.001,2.0269,0.4363,20.269,1.104,0.5447,0.56,0.064,264,0.326,2.078,0.05,0.05,0.0,clear,sweep + rejection + CHoCH + displacement,465.6859
2021-06-04 07:02:00+00:00,2021-06-04 13:44:00+00:00,XAUUSD,LONG,LIQUIDITY_REVERSAL,BEAR,0.957,75.0,B,LONDON,1868.901,1859.957,1882.317,1882.317,1882.144,TP2,0.002,1.7888,0.3841,8.944,2.6486,1.4806,1.587,0.08,402,0.253,1.2,0.05,0.0,0.0,clear,sweep + rejection + CHoCH + displacement,468.3345
2021-06-07 07:01:00+00:00,2021-06-07 14:36:00+00:00,XAUUSD,SHORT,BREAKOUT,BEAR,0.928,85.0,A,LONDON,1882.781,1890.663,1870.958,1870.958,1890.918,STOP,0.002,1.5764,0.3366,7.882,-1.6275,-1.0324,0.173,1.046,455,0.214,0.944,0.05,0.12,0.0,clear,compression -> confirmed range break + momentum,466.707
2021-06-08 11:17:00+00:00,2021-06-08 14:55:00+00:00,XAUUSD,LONG,LIQUIDITY_REVERSAL,LIQUIDITY_REVERSAL,0.8,100.0,A+,LONDON,1894.402,1885.629,1907.56,1907.56,1885.326,STOP,0.002,1.7545,0.3759,8.772,-1.8152,-1.0346,1.059,1.08,218,0.228,1.013,0.05,0.12,0.0,clear,sweep + rejection + CHoCH + displacement,464.8918
2021-06-09 08:39:00+00:00,2021-06-09 16:39:00+00:00,XAUUSD,LONG,LIQUIDITY_REVERSAL,CHOPPY,0.572,100.0,A+,LONDON,1892.717,1884.244,1905.427,1905.427,1892.559,TIME,0.002,1.6947,0.3645,8.473,-0.0315,-0.0186,0.732,0.647,480,0.238,0.999,0.05,0.05,0.0,clear,sweep + rejection + CHoCH + displacement,464.8603
2021-06-22 14:09:00+00:00,2021-06-22 21:00:00+00:00,XAUUSD,LONG,LIQUIDITY_REVERSAL,LIQUIDITY_REVERSAL,0.7,75.0,B,OVERLAP,1780.459,1760.833,1809.899,1809.899,1774.5,SESSION_END,0.001,1.9626,0.4222,19.626,-0.596,-0.3037,0.13,0.362,411,0.262,1.993,0.05,0.05,0.0,clear,sweep + rejection + CHoCH + displacement,464.2643
2021-06-28 16:07:00+00:00,2021-06-28 21:00:00+00:00,XAUUSD,LONG,LIQUIDITY_REVERSAL,LIQUIDITY_REVERSAL,0.7,80.0,B,NEWYORK,1781.409,1769.403,1799.418,1799.418,1778.701,SESSION_END,0.001,1.2006,0.2586,12.006,-0.2708,-0.2256,0.08,0.322,293,0.362,1.808,0.05,0.05,0.0,clear,sweep + rejection + CHoCH + displacement,463.9935
2021-06-30 14:51:00+00:00,2021-06-30 21:00:00+00:00,XAUUSD,LONG,LIQUIDITY_REVERSAL,LIQUIDITY_REVERSAL,1.0,85.0,A,OVERLAP,1761.02,1745.626,1784.111,1784.111,1769.009,SESSION_END,0.001,1.5394,0.3318,15.394,0.7989,0.519,0.861,0.229,369,0.324,2.21,0.05,0.05,0.0,clear,sweep + rejection + CHoCH + displacement,464.7924
2021-07-01 15:16:00+00:00,2021-07-01 21:00:00+00:00,XAUUSD,SHORT,LIQUIDITY_REVERSAL,LIQUIDITY_REVERSAL,1.0,70.0,NO_TRADE,OVERLAP,1776.2,1793.531,1750.203,1750.203,1776.422,SESSION_END,0.001,1.7331,0.3466,17.331,-0.0222,-0.0128,0.461,0.079,344,0.337,2.388,0.05,0.05,0.0,clear,sweep + rejection + CHoCH + displacement,499.9778
2021-07-09 12:55:00+00:00,2021-07-09 18:00:00+00:00,XAUUSD,LONG,LIQUIDITY_REVERSAL,CHOPPY,0.572,90.0,A+,OVERLAP,1801.143,1792.978,1813.391,1813.391,1810.156,SESSION_END,0.003,2.4495,0.4899,8.165,2.704,1.1039,1.272,0.34,305,0.23,1.427,0.05,0.05,0.0,clear,sweep + rejection + CHoCH + displacement,502.6817
2021-07-19 10:08:00+00:00,2021-07-19 14:12:00+00:00,XAUUSD,SHORT,TREND_CONTINUATION,STRONG_BEAR,1.0,85.0,A,LONDON,1802.713,1811.076,1790.169,1790.169,1811.365,STOP,0.003,2.5088,0.4991,8.363,-2.5954,-1.0345,0.938,1.163,244,0.249,1.181,0.05,0.12,0.0,clear,trend pullback + LTF BOS,500.0863
2021-07-20 07:21:00+00:00,2021-07-20 15:21:00+00:00,XAUUSD,LONG,LIQUIDITY_REVERSAL,LIQUIDITY_REVERSAL,0.8,85.0,A,LONDON,1817.545,1809.903,1829.007,1829.007,1820.536,TIME,0.003,2.2924,0.4584,7.641,0.8975,0.3915,0.962,0.791,480,0.213,0.884,0.05,0.05,0.0,clear,sweep + rejection + CHoCH + displacement,500.9838
2021-07-28 19:41:00+00:00,2021-07-28 21:00:00+00:00,XAUUSD,LONG,LIQUIDITY_REVERSAL,LIQUIDITY_REVERSAL,1.0,75.0,B,NEWYORK,1803.968,1783.238,1835.064,1835.064,1807.737,SESSION_END,0.001,2.073,0.4138,20.73,0.3769,0.1818,0.277,0.24,79,0.44,2.056,0.05,0.05,0.0,clear,sweep + rejection + CHoCH + displacement,501.3607
2021-07-29 09:46:00+00:00,2021-07-29 17:46:00+00:00,XAUUSD,LONG,BREAKOUT,STRONG_BULL,0.824,85.0,A,LONDON,1821.794,1810.193,1839.194,1839.194,1830.636,TIME,0.002,2.3201,0.4628,11.601,1.7685,0.7622,0.931,0.205,480,0.291,1.368,0.05,0.05,0.0,clear,compression -> confirmed range break + momentum,503.1292
2021-08-02 07:06:00+00:00,2021-08-02 15:06:00+00:00,XAUUSD,SHORT,LIQUIDITY_REVERSAL,LIQUIDITY_REVERSAL,1.0,90.0,A+,LONDON,1809.495,1819.29,1794.802,1794.802,1811.68,TIME,0.002,1.9591,0.3894,9.795,-0.4371,-0.2231,0.394,0.3,480,0.246,0.98,0.05,0.05,0.0,clear,sweep + rejection + CHoCH + displacement,502.6921
2021-08-02 18:36:00+00:00,2021-08-02 21:00:00+00:00,XAUUSD,SHORT,LIQUIDITY_REVERSAL,LIQUIDITY_REVERSAL,1.0,100.0,A+,NEWYORK,1816.458,1824.071,1805.039,1805.039,1813.49,SESSION_END,0.003,2.2838,0.4543,7.613,0.8905,0.3899,0.511,0.009,144,0.24,0.941,0.05,0.05,0.0,clear,sweep + rejection + CHoCH + displacement,503.5825
2021-08-10 08:06:00+00:00,2021-08-10 13:44:00+00:00,XAUUSD,SHORT,LIQUIDITY_REVERSAL,LIQUIDITY_REVERSAL,0.7,100.0,A+,LONDON,1735.806,1742.069,1726.411,1726.411,1726.515,TP2,0.004,2.5053,0.4975,6.263,3.7164,1.4835,1.539,0.191,338,0.178,1.17,0.05,0.0,0.0,clear,sweep + rejection + CHoCH + displacement,507.299
2021-08-16 13:06:00+00:00,2021-08-16 14:37:00+00:00,XAUUSD,LONG,LIQUIDITY_REVERSAL,LIQUIDITY_REVERSAL,0.8,100.0,A+,OVERLAP,1773.618,1765.764,1785.4,1785.4,1785.247,TP2,0.003,2.3564,0.4645,7.855,3.4887,1.4805,1.525,0.029,91,0.247,1.282,0.05,0.0,0.0,clear,sweep + rejection + CHoCH + displacement,510.7877
2021-08-17 09:52:00+00:00,2021-08-17 15:12:00+00:00,XAUUSD,LONG,TREND_CONTINUATION,STRONG_BULL,1.0,85.0,A,LONDON,1794.304,1785.403,1807.656,1807.656,1785.115,STOP,0.002,1.7802,0.3485,8.901,-1.8378,-1.0323,0.127,1.188,320,0.234,0.994,0.05,0.12,0.0,clear,trend pullback + LTF BOS,508.9499
2021-08-23 13:32:00+00:00,2021-08-23 21:00:00+00:00,XAUUSD,LONG,BREAKOUT,STRONG_BULL,0.96,85.0,A,OVERLAP,1794.674,1786.246,1807.316,1807.316,1804.01,SESSION_END,0.003,2.5284,0.4968,8.428,2.8007,1.1077,1.389,0.0,448,0.217,1.048,0.05,0.05,0.0,clear,compression -> confirmed range break + momentum,511.7506
2021-08-24 13:26:00+00:00,2021-08-24 21:00:00+00:00,XAUUSD,SHORT,LIQUIDITY_REVERSAL,LIQUIDITY_REVERSAL,1.0,85.0,A,OVERLAP,1803.515,1813.648,1788.316,1788.316,1803.843,SESSION_END,0.002,2.0266,0.396,10.133,-0.0656,-0.0324,0.206,0.587,454,0.26,1.26,0.05,0.05,0.0,clear,sweep + rejection + CHoCH + displacement,511.685
2021-08-25 12:41:00+00:00,2021-08-25 15:35:00+00:00,XAUUSD,LONG,LIQUIDITY_REVERSAL,LIQUIDITY_REVERSAL,1.0,100.0,A+,OVERLAP,1794.295,1783.628,1810.295,1810.295,1783.294,STOP,0.002,2.1333,0.4169,10.667,-2.2002,-1.0314,0.316,1.111,174,0.242,1.129,0.05,0.12,0.0,clear,sweep + rejection + CHoCH + displacement,509.4848
2021-08-26 14:16:00+00:00,2021-08-26 21:00:00+00:00,XAUUSD,LONG,LIQUIDITY_REVERSAL,LIQUIDITY_REVERSAL,0.7,85.0,A,OVERLAP,1785.449,1770.621,1807.691,1807.691,1792.016,SESSION_END,0.001,1.4828,0.291,14.828,0.6567,0.4428,0.853,0.144,404,0.382,2.219,0.05,0.05,0.0,clear,sweep + rejection + CHoCH + displacement,510.1414
2021-08-31 15:10:00+00:00,2021-08-31 21:00:00+00:00,XAUUSD,SHORT,LIQUIDITY_REVERSAL,BEAR,0.554,65.0,NO_TRADE,OVERLAP,1810.518,1824.694,1789.253,1789.253,1815.077,SESSION_END,0.001,1.4177,0.2779,14.177,-0.456,-0.3216,0.456,0.415,350,0.495,2.599,0.05,0.05,0.0,clear,sweep + rejection + CHoCH + displacement,509.6855
2021-09-01 15:00:00+00:00,2021-09-01 21:00:00+00:00,XAUUSD,SHORT,LIQUIDITY_REVERSAL,CHOPPY,0.556,85.0,A,OVERLAP,1812.661,1825.22,1793.823,1793.823,1814.802,SESSION_END,0.002,2.5117,0.4928,12.559,-0.4282,-0.1705,0.325,0.3,360,0.354,2.055,0.05,0.05,0.0,clear,sweep + rejection + CHoCH + displacement,509.2573
2021-09-02 13:28:00+00:00,2021-09-02 21:00:00+00:00,XAUUSD,SHORT,LIQUIDITY_REVERSAL,CHOPPY,0.632,85.0,A,OVERLAP,1812.792,1821.732,1799.382,1799.382,1810.08,SESSION_END,0.002,1.788,0.3511,8.94,0.5424,0.3034,0.884,0.108,452,0.226,0.884,0.05,0.05,0.0,clear,sweep + rejection + CHoCH + displacement,509.7997
2021-09-13 13:28:00+00:00,2021-09-13 15:06:00+00:00,XAUUSD,SHORT,LIQUIDITY_REVERSAL,LIQUIDITY_REVERSAL,0.7,100.0,A+,OVERLAP,1788.772,1796.173,1777.67,1777.67,1796.459,STOP,0.003,2.2203,0.4355,7.401,-2.3062,-1.0387,0.49,1.049,98,0.211,0.958,0.05,0.12,0.0,clear,sweep + rejection + CHoCH + displacement,507.4935
2021-09-17 13:25:00+00:00,2021-09-17 14:28:00+00:00,XAUUSD,LONG,LIQUIDITY_REVERSAL,LIQUIDITY_REVERSAL,1.0,85.0,A,OVERLAP,1762.927,1749.578,1782.95,1782.95,1749.31,STOP,0.001,1.3349,0.263,13.349,-1.3616,-1.02,0.041,1.007,63,0.259,1.529,0.05,0.12,0.0,clear,sweep + rejection + CHoCH + displacement,506.1318
2021-09-17 15:07:00+00:00,2021-09-17 18:00:00+00:00,XAUUSD,LONG,LIQUIDITY_REVERSAL,LIQUIDITY_REVERSAL,0.7,80.0,B,OVERLAP,1752.8,1740.439,1771.342,1771.342,1751.08,SESSION_END,0.002,2.4722,0.4885,12.361,-0.344,-0.1391,0.206,0.448,173,0.426,3.051,0.05,0.05,0.0,clear,sweep + rejection + CHoCH + displacement,505.7879
2021-09-21 13:23:00+00:00,2021-09-21 21:00:00+00:00,XAUUSD,LONG,BREAKOUT,BULL,0.931,70.0,NO_TRADE,OVERLAP,1769.942,1760.916,1783.48,1783.48,1774.602,SESSION_END,0.002,1.8052,0.3569,9.026,0.932,0.5163,1.298,0.039,457,0.247,1.364,0.05,0.05,0.0,clear,compression -> confirmed range break + momentum,506.7198
2021-09-24 15:06:00+00:00,2021-09-24 18:00:00+00:00,XAUUSD,LONG,LIQUIDITY_REVERSAL,LIQUIDITY_REVERSAL,1.0,85.0,A,OVERLAP,1746.72,1729.616,1772.375,1772.375,1750.856,SESSION_END,0.001,1.7104,0.3375,17.104,0.4136,0.2418,0.423,0.194,174,0.343,2.237,0.05,0.05,0.0,clear,sweep + rejection + CHoCH + displacement,507.1334
2021-10-06 08:03:00+00:00,2021-10-06 13:44:00+00:00,XAUUSD,SHORT,TREND_CONTINUATION,STRONG_BEAR,0.89,100.0,A+,LONDON,1751.149,1760.51,1737.107,1737.107,1760.789,STOP,0.002,1.8723,0.3692,9.362,-1.928,-1.0297,0.575,1.073,341,0.278,1.212,0.05,0.12,0.0,clear,trend pullback + LTF BOS,505.2055
2021-10-07 07:10:00+00:00,2021-10-07 15:10:00+00:00,XAUUSD,LONG,LIQUIDITY_REVERSAL,LIQUIDITY_REVERSAL,0.7,100.0,A+,LONDON,1758.863,1751.284,1770.232,1770.232,1762.547,TIME,0.003,2.2737,0.4501,7.579,1.1051,0.486,1.054,0.927,480,0.231,0.879,0.05,0.05,0.0,clear,sweep + rejection + CHoCH + displacement,506.3105
2021-10-12 08:16:00+00:00,2021-10-12 14:58:00+00:00,XAUUSD,SHORT,LIQUIDITY_REVERSAL,LIQUIDITY_REVERSAL,1.0,90.0,A+,LONDON,1758.85,1768.441,1744.465,1744.465,1768.767,STOP,0.002,1.918,0.3788,9.59,-1.9833,-1.034,0.52,1.0,402,0.255,1.084,0.05,0.12,0.0,clear,sweep + rejection + CHoCH + displacement,504.3273
2021-10-20 18:07:00+00:00,2021-10-20 21:00:00+00:00,XAUUSD,SHORT,LIQUIDITY_REVERSAL,LIQUIDITY_REVERSAL,1.0,85.0,A,NEWYORK,1783.771,1793.675,1768.914,1768.914,1786.25,SESSION_END,0.002,1.9809,0.3928,9.904,-0.4958,-0.2503,0.078,0.309,173,0.315,1.419,0.05,0.05,0.0,clear,sweep + rejection + CHoCH + displacement,503.8314
2021-10-25 13:34:00+00:00,2021-10-25 21:00:00+00:00,XAUUSD,LONG,TREND_CONTINUATION,BULL,0.926,80.0,B,OVERLAP,1804.078,1795.66,1816.705,1816.705,1806.108,SESSION_END,0.002,1.6836,0.3342,8.418,0.4061,0.2412,0.7,0.303,446,0.22,1.149,0.05,0.05,0.0,clear,trend pullback + LTF BOS,504.2375
2021-10-28 14:31:00+00:00,2021-10-28 21:00:00+00:00,XAUUSD,LONG,BREAKOUT,BULL,0.833,85.0,A,OVERLAP,1809.247,1789.678,1838.602,1838.602,1797.35,SESSION_END,0.001,1.9569,0.3881,19.569,-1.1897,-0.6079,0.056,0.871,389,0.399,2.625,0.05,0.05,0.0,clear,compression -> confirmed range break + momentum,503.0478
2021-10-29 10:11:00+00:00,2021-10-29 13:19:00+00:00,XAUUSD,LONG,LIQUIDITY_REVERSAL,LIQUIDITY_REVERSAL,0.8,85.0,A,LONDON,1794.257,1785.392,1807.555,1807.555,1785.15,STOP,0.002,1.7731,0.3525,8.865,-1.8215,-1.0273,0.542,1.094,188,0.258,1.194,0.05,0.12,0.0,clear,sweep + rejection + CHoCH + displacement,501.2263
2021-11-01 07:56:00+00:00,2021-11-01 13:25:00+00:00,XAUUSD,SHORT,LIQUIDITY_REVERSAL,LIQUIDITY_REVERSAL,0.7,95.0,A+,LONDON,1782.336,1790.79,1769.655,1769.655,1791.099,STOP,0.002,1.6908,0.3373,8.454,-1.7526,-1.0365,0.172,1.074,329,0.236,1.018,0.05,0.16769999265670776,0.0,clear,sweep + rejection + CHoCH + displacement,499.4737
2021-11-01 13:36:00+00:00,2021-11-01 22:00:00+00:00,XAUUSD,SHORT,LIQUIDITY_REVERSAL,LIQUIDITY_REVERSAL,1.0,100.0,A+,OVERLAP,1787.272,1798.463,1770.487,1770.487,1793.419,SESSION_END,0.002,2.2381,0.4481,11.19,-1.2293,-0.5493,0.016,0.757,444,0.311,1.88,0.05,0.05,0.0,clear,sweep + rejection + CHoCH + displacement,498.2444
2021-11-08 14:21:00+00:00,2021-11-08 21:00:00+00:00,XAUUSD,LONG,BREAKOUT,BULL,0.897,85.0,A,OVERLAP,1825.738,1815.835,1840.593,1840.593,1823.671,SESSION_END,0.002,1.9807,0.3975,9.903,-0.4134,-0.2087,0.067,0.643,399,0.32,2.133,0.05,0.05,0.0,clear,compression -> confirmed range break + momentum,497.831
2021-11-11 11:01:00+00:00,2021-11-11 12:41:00+00:00,XAUUSD,LONG,TREND_CONTINUATION,STRONG_BULL,1.0,80.0,B,LONDON,1863.008,1855.267,1874.618,1874.618,1855.02,STOP,0.003,2.3221,0.4664,7.74,-2.3962,-1.0319,0.326,1.058,100,0.219,1.025,0.05,0.12,0.0,clear,trend pullback + LTF BOS,495.4348
2021-11-12 13:41:00+00:00,2021-11-12 18:00:00+00:00,XAUUSD,SHORT,LIQUIDITY_REVERSAL,LIQUIDITY_REVERSAL,0.8,85.0,A,OVERLAP,1853.284,1867.355,1832.177,1832.177,1864.439,SESSION_END,0.001,1.4071,0.284,14.071,-1.1155,-0.7928,0.0,0.895,259,0.288,1.811,0.05,0.05,0.0,clear,sweep + rejection + CHoCH + displacement,494.3193
2021-11-16 13:22:00+00:00,2021-11-16 14:08:00+00:00,XAUUSD,LONG,LIQUIDITY_REVERSAL,BULL,0.791,90.0,A+,OVERLAP,1872.911,1863.19,1887.492,1887.492,1862.878,STOP,0.002,1.9442,0.3933,9.721,-2.0067,-1.0322,0.114,1.184,46,0.286,1.612,0.05,0.12,0.0,clear,sweep + rejection + CHoCH + displacement,492.3126
2021-11-19 08:16:00+00:00,2021-11-19 16:16:00+00:00,XAUUSD,LONG,LIQUIDITY_REVERSAL,LIQUIDITY_REVERSAL,0.7,75.0,B,LONDON,1859.287,1850.429,1872.574,1872.574,1858.625,TIME,0.002,1.7716,0.3599,8.858,-0.1324,-0.0747,0.72,0.887,480,0.247,1.018,0.05,0.05,0.0,clear,sweep + rejection + CHoCH + displacement,492.1802
2021-11-22 13:29:00+00:00,2021-11-22 14:17:00+00:00,XAUUSD,SHORT,TREND_CONTINUATION,BEAR,0.586,85.0,A,OVERLAP,1838.265,1848.655,1822.681,1822.681,1822.843,TP2,0.002,2.0779,0.4222,10.39,3.0844,1.4843,2.164,0.307,48,0.226,1.562,0.05,0.0,0.0,clear,trend pullback + LTF BOS,495.2646
2021-11-23 09:31:00+00:00,2021-11-23 16:17:00+00:00,XAUUSD,SHORT,BREAKOUT,BEAR,0.888,85.0,A,LONDON,1798.507,1809.355,1782.236,1782.236,1782.401,TP2,0.002,2.1695,0.4381,10.848,3.2211,1.4847,1.528,0.05,406,0.302,1.985,0.05,0.0,0.0,clear,compression -> confirmed range break + momentum,498.4857
2021-11-24 14:49:00+00:00,2021-11-24 21:00:00+00:00,XAUUSD,SHORT,TREND_CONTINUATION,STRONG_BEAR,0.986,85.0,A,OVERLAP,1781.136,1798.589,1754.956,1754.956,1788.577,SESSION_END,0.001,1.7453,0.3501,17.453,-0.744,-0.4263,0.096,0.582,371,0.298,2.282,0.05,0.05,0.0,clear,trend pullback + LTF BOS,497.7416
2021-11-29 13:41:00+00:00,2021-11-29 21:00:00+00:00,XAUUSD,SHORT,BREAKOUT,BEAR,0.553,80.0,B,OVERLAP,1788.447,1798.007,1774.105,1774.105,1784.158,SESSION_END,0.002,1.9122,0.3842,9.561,0.8576,0.4485,0.778,0.222,439,0.203,1.495,0.05,0.05,0.0,clear,compression -> confirmed range break + momentum,498.5993
2021-12-02 14:46:00+00:00,2021-12-02 21:00:00+00:00,XAUUSD,LONG,LIQUIDITY_REVERSAL,BEAR,0.855,75.0,B,OVERLAP,1769.389,1760.274,1783.062,1783.062,1767.798,SESSION_END,0.002,1.823,0.3656,9.115,-0.3183,-0.1746,0.375,0.831,374,0.309,2.557,0.05,0.05,0.0,clear,sweep + rejection + CHoCH + displacement,498.2809
2021-12-03 08:09:00+00:00,2021-12-03 13:30:00+00:00,XAUUSD,SHORT,BREAKOUT,COMPRESSION,0.932,65.0,NO_TRADE,LONDON,1768.179,1776.063,1756.353,1756.353,1776.312,STOP,0.003,2.3651,0.4747,7.884,-2.4397,-1.0315,0.274,1.242,321,0.218,0.993,0.05,0.12,0.0,clear,compression -> confirmed range break + momentum,495.8412
2021-12-06 15:06:00+00:00,2021-12-06 21:00:00+00:00,XAUUSD,LONG,LIQUIDITY_REVERSAL,LIQUIDITY_REVERSAL,1.0,100.0,A+,OVERLAP,1780.808,1766.803,1801.817,1801.817,1778.581,SESSION_END,0.001,1.4006,0.2825,14.006,-0.2228,-0.1591,0.291,0.254,354,0.287,1.916,0.05,0.05,0.0,clear,sweep + rejection + CHoCH + displacement,495.6184
2021-12-08 11:13:00+00:00,2021-12-08 19:13:00+00:00,XAUUSD,SHORT,LIQUIDITY_REVERSAL,LIQUIDITY_REVERSAL,0.7,85.0,A,LONDON,1790.015,1797.73,1778.441,1778.441,1785.777,TIME,0.003,2.3147,0.467,7.716,1.2713,0.5492,1.366,0.009,480,0.246,0.985,0.05,0.05,0.0,clear,sweep + rejection + CHoCH + displacement,496.8897
2021-12-15 19:41:00+00:00,2021-12-15 21:00:00+00:00,XAUUSD,LONG,LIQUIDITY_REVERSAL,LIQUIDITY_REVERSAL,0.7,75.0,B,NEWYORK,1767.473,1744.333,1802.184,1802.184,1776.78,SESSION_END,0.001,2.3141,0.4657,23.141,0.9306,0.4022,0.574,0.161,79,0.59,2.745,0.05,0.05,0.0,clear,sweep + rejection + CHoCH + displacement,497.8203
2021-12-16 14:37:00+00:00,2021-12-16 21:00:00+00:00,XAUUSD,LONG,TREND_CONTINUATION,BULL,0.94,85.0,A,OVERLAP,1790.659,1777.176,1810.884,1810.884,1797.679,SESSION_END,0.001,1.3483,0.2708,13.483,0.702,0.5207,0.642,0.136,383,0.308,1.779,0.05,0.05,0.0,clear,trend pullback + LTF BOS,498.5224
2021-12-23 12:17:00+00:00,2021-12-23 20:17:00+00:00,XAUUSD,SHORT,LIQUIDITY_REVERSAL,LIQUIDITY_REVERSAL,1.0,75.0,B,OVERLAP,1803.71,1810.843,1793.011,1793.011,1808.953,TIME,0.003,2.1399,0.4292,7.133,-1.573,-0.7351,0.691,0.97,480,0.21,0.741,0.05,0.05,0.0,clear,sweep + rejection + CHoCH + displacement,496.9494
2021-12-27 13:44:00+00:00,2021-12-27 21:00:00+00:00,XAUUSD,LONG,LIQUIDITY_REVERSAL,LIQUIDITY_REVERSAL,0.8,100.0,A+,OVERLAP,1806.775,1796.596,1822.042,1822.042,1811.516,SESSION_END,0.002,2.0356,0.4096,10.178,0.9484,0.4659,0.65,0.041,436,0.273,1.054,0.05,0.05,0.0,clear,sweep + rejection + CHoCH + displacement,497.8977
2021-12-31 08:29:00+00:00,2021-12-31 16:29:00+00:00,XAUUSD,LONG,LIQUIDITY_REVERSAL,LIQUIDITY_REVERSAL,0.7,100.0,A+,LONDON,1817.938,1810.189,1829.563,1829.563,1823.059,TIME,0.003,2.3249,0.4669,7.75,1.5361,0.6607,1.221,0.076,480,0.248,0.807,0.05,0.05,0.0,clear,sweep + rejection + CHoCH + displacement,499.4338
2022-01-05 13:21:00+00:00,2022-01-05 13:44:00+00:00,XAUUSD,SHORT,LIQUIDITY_REVERSAL,LIQUIDITY_REVERSAL,1.0,85.0,A,OVERLAP,1816.497,1826.136,1802.04,1802.04,1826.415,STOP,0.002,1.9277,0.3855,9.638,-1.9835,-1.0289,0.0,1.116,23,0.241,1.117,0.05,0.12,0.0,clear,sweep + rejection + CHoCH + displacement,498.0165
2022-01-06 12:11:00+00:00,2022-01-06 13:01:00+00:00,XAUUSD,LONG,LIQUIDITY_REVERSAL,LIQUIDITY_REVERSAL,0.8,85.0,A,OVERLAP,1799.845,1790.619,1813.684,1813.684,1790.362,STOP,0.002,1.8452,0.3705,9.226,-1.8967,-1.0279,0.052,1.067,50,0.254,1.318,0.05,0.12,0.0,clear,sweep + rejection + CHoCH + displacement,496.1198
2022-01-07 12:46:00+00:00,2022-01-07 18:00:00+00:00,XAUUSD,SHORT,LIQUIDITY_REVERSAL,LIQUIDITY_REVERSAL,1.0,90.0,A+,OVERLAP,1790.333,1798.161,1778.592,1778.592,1795.826,SESSION_END,0.003,2.3483,0.4733,7.828,-1.6477,-0.7017,1.001,0.803,314,0.209,0.981,0.05,0.05,0.0,clear,sweep + rejection + CHoCH + displacement,494.4721
2022-01-10 13:26:00+00:00,2022-01-10 21:00:00+00:00,XAUUSD,LONG,LIQUIDITY_REVERSAL,LIQUIDITY_REVERSAL,0.8,85.0,A,OVERLAP,1797.217,1782.478,1819.325,1819.325,1800.717,SESSION_END,0.001,1.4739,0.2981,14.739,0.35,0.2375,0.296,0.474,454,0.278,1.521,0.05,0.05,0.0,clear,sweep + rejection + CHoCH + displacement,494.8222
2022-01-13 13:41:00+00:00,2022-01-13 21:00:00+00:00,XAUUSD,LONG,LIQUIDITY_REVERSAL,LIQUIDITY_REVERSAL,0.7,100.0,A+,OVERLAP,1824.055,1811.025,1843.599,1843.599,1820.936,SESSION_END,0.001,1.303,0.2633,13.03,-0.3119,-0.2394,0.0,0.908,439,0.334,1.506,0.05,0.05,0.0,clear,sweep + rejection + CHoCH + displacement,494.5103
2022-01-17 15:01:00+00:00,2022-01-17 23:00:00+00:00,XAUUSD,SHORT,LIQUIDITY_REVERSAL,CHOPPY,0.581,100.0,A+,OVERLAP,1818.329,1825.223,1807.989,1807.989,1818.452,SESSION_END,0.003,2.0681,0.4182,6.894,-0.0368,-0.0178,0.108,0.228,178,0.198,0.727,0.05,0.05,0.0,clear,sweep + rejection + CHoCH + displacement,494.4734
2022-01-18 14:56:00+00:00,2022-01-18 21:00:00+00:00,XAUUSD,LONG,LIQUIDITY_REVERSAL,LIQUIDITY_REVERSAL,0.7,75.0,B,OVERLAP,1818.516,1801.609,1843.877,1843.877,1813.321,SESSION_END,0.001,1.6907,0.3419,16.907,-0.5195,-0.3073,0.091,0.475,364,0.504,2.504,0.05,0.05,0.0,clear,sweep + rejection + CHoCH + displacement,493.9539
2022-01-24 12:41:00+00:00,2022-01-24 20:41:00+00:00,XAUUSD,SHORT,LIQUIDITY_REVERSAL,LIQUIDITY_REVERSAL,0.8,85.0,A,OVERLAP,1837.931,1845.269,1826.925,1826.925,1839.776,TIME,0.003,2.2014,0.4457,7.338,-0.5533,-0.2513,1.141,0.689,480,0.225,1.177,0.05,0.05,0.0,clear,sweep + rejection + CHoCH + displacement,493.4006
2022-01-25 08:33:00+00:00,2022-01-25 14:45:00+00:00,XAUUSD,SHORT,BREAKOUT,COMPRESSION,0.984,85.0,A,LONDON,1839.853,1847.787,1827.952,1827.952,1848.035,STOP,0.003,2.3802,0.4824,7.934,-2.4545,-1.0312,0.632,1.384,372,0.224,0.943,0.05,0.12,0.0,clear,compression -> confirmed range break + momentum,490.9461
2022-01-25 15:36:00+00:00,2022-01-25 21:00:00+00:00,XAUUSD,LONG,TREND_CONTINUATION,BULL,0.844,80.0,B,OVERLAP,1846.009,1832.105,1866.865,1866.865,1846.895,SESSION_END,0.001,1.3904,0.2832,13.904,0.0886,0.0637,0.557,0.071,324,0.402,2.722,0.05,0.05,0.0,clear,trend pullback + LTF BOS,491.0347
2022-01-27 11:58:00+00:00,2022-01-27 13:51:00+00:00,XAUUSD,LONG,LIQUIDITY_REVERSAL,LIQUIDITY_REVERSAL,0.7,85.0,A,LONDON,1810.586,1802.177,1823.2,1823.2,1801.913,STOP,0.002,1.6819,0.3425,8.409,-1.7348,-1.0315,0.36,1.089,113,0.245,1.355,0.05,0.12,0.0,clear,sweep + rejection + CHoCH + displacement,489.2999
2022-01-31 12:21:00+00:00,2022-01-31 14:39:00+00:00,XAUUSD,SHORT,LIQUIDITY_REVERSAL,CHOPPY,0.555,100.0,A+,OVERLAP,1790.291,1798.838,1777.47,1777.47,1799.106,STOP,0.002,1.7095,0.3494,8.547,-1.7631,-1.0314,0.096,1.085,138,0.214,1.009,0.05,0.12,0.0,clear,sweep + rejection + CHoCH + displacement,487.5368
2022-02-04 14:20:00+00:00,2022-02-04 18:00:00+00:00,XAUUSD,LONG,LIQUIDITY_REVERSAL,LIQUIDITY_REVERSAL,0.7,90.0,A+,OVERLAP,1800.808,1777.623,1835.585,1835.585,1806.125,SESSION_END,0.001,2.3185,0.4755,23.185,0.5317,0.2293,0.412,0.09,220,0.56,3.116,0.05,0.05,0.0,clear,sweep + rejection + CHoCH + displacement,488.0685
2022-02-14 07:22:00+00:00,2022-02-14 14:33:00+00:00,XAUUSD,LONG,LIQUIDITY_REVERSAL,LIQUIDITY_REVERSAL,0.8,100.0,A+,LONDON,1853.762,1845.74,1865.797,1865.797,1865.662,TP2,0.003,2.4068,0.4931,8.023,3.57,1.4833,1.58,0.315,431,0.209,0.949,0.05,0.0,0.0,clear,sweep + rejection + CHoCH + displacement,491.6385
2022-02-14 14:40:00+00:00,2022-02-14 21:00:00+00:00,XAUUSD,SHORT,LIQUIDITY_REVERSAL,LIQUIDITY_REVERSAL,0.7,75.0,B,OVERLAP,1860.298,1876.665,1835.746,1835.746,1872.012,SESSION_END,0.001,1.6368,0.3329,16.368,-1.1714,-0.7157,0.007,0.838,380,0.321,2.386,0.05,0.05,0.0,clear,sweep + rejection + CHoCH + displacement,490.4671
2022-02-18 08:11:00+00:00,2022-02-18 10:30:00+00:00,XAUUSD,LONG,BREAKOUT,COMPRESSION,0.979,80.0,B,LONDON,1894.871,1888.262,1904.785,1904.785,1888.037,STOP,0.003,1.9828,0.4043,6.609,-2.0502,-1.034,0.13,1.261,139,0.186,0.97,0.05,0.12,0.0,clear,compression -> confirmed range break + momentum,488.4169
2022-02-21 12:01:00+00:00,2022-02-21 19:01:00+00:00,XAUUSD,SHORT,LIQUIDITY_REVERSAL,LIQUIDITY_REVERSAL,1.0,85.0,A,OVERLAP,1894.256,1905.514,1877.37,1877.37,1905.766,STOP,0.002,2.2515,0.461,11.258,-2.3019,-1.0224,0.17,1.006,420,0.203,1.21,0.05,0.12,0.0,clear,sweep + rejection + CHoCH + displacement,486.1149
2022-02-23 20:51:00+00:00,2022-02-23 21:00:00+00:00,XAUUSD,LONG,LIQUIDITY_REVERSAL,LIQUIDITY_REVERSAL,1.0,100.0,A+,NEWYORK,1908.639,1897.859,1924.809,1924.809,1908.437,SESSION_END,0.002,2.1559,0.4435,10.78,-0.0404,-0.0187,0.151,0.059,9,0.242,1.19,0.05,0.05,0.0,clear,sweep + rejection + CHoCH + displacement,486.0746
2022-02-25 07:01:00+00:00,2022-02-25 08:16:00+00:00,XAUUSD,LONG,BREAKOUT,COMPRESSION,0.979,80.0,B,LONDON,1918.975,1910.441,1931.776,1931.776,1910.231,STOP,0.002,1.7068,0.3511,8.534,-1.7488,-1.0246,0.26,1.184,75,0.154,1.348,0.05,0.12,0.0,clear,compression -> confirmed range break + momentum,484.3258
2022-03-01 10:31:00+00:00,2022-03-01 18:15:00+00:00,XAUUSD,LONG,BREAKOUT,STRONG_BULL,0.901,85.0,A,LONDON,1920.961,1910.349,1936.879,1936.879,1936.733,TP2,0.002,2.1224,0.4382,10.612,3.1545,1.4863,1.543,0.928,464,0.226,1.771,0.05,0.0,0.0,clear,compression -> confirmed range break + momentum,487.4803
2022-03-01 20:08:00+00:00,2022-03-01 21:00:00+00:00,XAUUSD,LONG,TREND_CONTINUATION,STRONG_BULL,0.997,85.0,A,NEWYORK,1941.182,1931.591,1955.567,1955.567,1945.649,SESSION_END,0.002,1.9181,0.3935,9.59,0.8935,0.4658,0.547,0.211,52,0.277,2.183,0.05,0.05,0.0,clear,trend pullback + LTF BOS,488.3737
2022-03-02 13:06:00+00:00,2022-03-02 21:00:00+00:00,XAUUSD,LONG,LIQUIDITY_REVERSAL,LIQUIDITY_REVERSAL,1.0,100.0,A+,OVERLAP,1929.441,1914.2,1952.303,1952.303,1926.263,SESSION_END,0.001,1.5241,0.3121,15.241,-0.3179,-0.2085,0.399,0.948,474,0.239,2.481,0.05,0.05,0.0,clear,sweep + rejection + CHoCH + displacement,488.0559
2022-03-03 07:22:00+00:00,2022-03-03 11:31:00+00:00,XAUUSD,SHORT,LIQUIDITY_REVERSAL,CHOPPY,0.601,80.0,B,LONDON,1925.266,1936.124,1908.978,1908.978,1936.344,STOP,0.002,2.1717,0.445,10.858,-2.2156,-1.0202,0.157,1.027,249,0.186,1.333,0.05,0.12,0.0,clear,sweep + rejection + CHoCH + displacement,485.8403
2022-03-03 13:22:00+00:00,2022-03-03 16:22:00+00:00,XAUUSD,LONG,LIQUIDITY_REVERSAL,LIQUIDITY_REVERSAL,0.7,100.0,A+,OVERLAP,1933.222,1923.227,1948.216,1948.216,1922.961,STOP,0.002,1.9991,0.4115,9.996,-2.0522,-1.0265,0.162,1.001,180,0.211,1.876,0.05,0.12,0.0,clear,sweep + rejection + CHoCH + displacement,483.7881
2022-03-04 15:10:00+00:00,2022-03-04 18:00:00+00:00,XAUUSD,SHORT,LIQUIDITY_REVERSAL,LIQUIDITY_REVERSAL,1.0,80.0,B,OVERLAP,1950.467,1974.494,1914.425,1914.425,1962.148,SESSION_END,0.001,2.4027,0.4967,24.027,-1.1682,-0.4862,0.0,0.631,170,0.363,3.949,0.05,0.05,0.0,clear,sweep + rejection + CHoCH + displacement,482.6199
2022-03-09 07:44:00+00:00,2022-03-09 09:22:00+00:00,XAUUSD,SHORT,BREAKOUT,COMPRESSION,0.963,55.0,NO_TRADE,LONDON,2042.532,2052.669,2027.327,2027.327,2027.458,TP2,0.002,2.0273,0.4201,10.137,3.015,1.4872,1.548,0.659,98,0.231,2.969,0.05,0.0,0.0,clear,compression -> confirmed range break + momentum,485.6349
2022-03-10 06:26:00+00:00,2022-03-10 07:38:00+00:00,XAUUSD,LONG,BREAKOUT,COMPRESSION,0.995,80.0,B,ASIA,1986.251,1976.848,2000.356,2000.356,1976.632,STOP,0.002,1.8806,0.3873,9.403,-1.9239,-1.023,0.29,1.003,72,0.306,1.76,0.05,0.12,0.0,clear,compression -> confirmed range break + momentum,483.711
2022-03-10 08:07:00+00:00,2022-03-10 16:07:00+00:00,XAUUSD,LONG,LIQUIDITY_REVERSAL,LIQUIDITY_REVERSAL,0.7,80.0,B,LONDON,1982.602,1960.045,2016.438,2016.438,1998.982,TIME,0.001,2.2557,0.4663,22.557,1.638,0.7262,1.173,0.268,480,0.225,2.904,0.05,0.05,0.0,clear,sweep + rejection + CHoCH + displacement,485.349
2022-03-11 01:06:00+00:00,2022-03-11 09:06:00+00:00,XAUUSD,SHORT,BREAKOUT,COMPRESSION,0.979,65.0,NO_TRADE,ASIA,1990.794,1999.495,1977.742,1977.742,1992.957,TIME,0.002,1.7402,0.3586,8.701,-0.4326,-0.2486,1.143,0.642,480,0.288,1.668,0.05,0.05,0.0,clear,compression -> confirmed range break + momentum,484.9163
2022-03-14 11:26:00+00:00,2022-03-14 19:26:00+00:00,XAUUSD,SHORT,BREAKOUT,BEAR,0.938,85.0,A,LONDON,1959.77,1968.501,1946.672,1946.672,1952.761,TIME,0.002,1.7463,0.3601,8.732,1.4016,0.8026,1.161,0.929,480,0.257,2.623,0.05,0.05,0.0,clear,compression -> confirmed range break + momentum,486.3179
2022-03-15 01:21:00+00:00,2022-03-15 09:21:00+00:00,XAUUSD,SHORT,BREAKOUT,STRONG_BEAR,0.952,85.0,A,ASIA,1943.189,1958.902,1919.619,1919.619,1931.54,TIME,0.001,1.5713,0.3231,15.713,1.1649,0.7414,1.169,0.137,480,0.386,2.054,0.05,0.05,0.0,clear,compression -> confirmed range break + momentum,487.4828
2022-03-15 12:26:00+00:00,2022-03-15 20:26:00+00:00,XAUUSD,SHORT,TREND_CONTINUATION,BEAR,0.644,100.0,A+,OVERLAP,1921.904,1940.387,1894.18,1894.18,1914.806,TIME,0.001,1.8483,0.3792,18.483,0.7098,0.384,0.809,0.487,480,0.238,2.674,0.05,0.05,0.0,clear,trend pullback + LTF BOS,488.1926
2022-03-16 09:37:00+00:00,2022-03-16 13:41:00+00:00,XAUUSD,LONG,BREAKOUT,COMPRESSION,0.968,55.0,NO_TRADE,LONDON,1921.71,1914.359,1932.737,1932.737,1914.119,STOP,0.003,2.2054,0.4518,7.351,-2.2774,-1.0326,0.71,1.012,244,0.224,1.891,0.05,0.12,0.0,clear,compression -> confirmed range break + momentum,485.9152
2022-03-16 18:06:00+00:00,2022-03-16 22:00:00+00:00,XAUUSD,LONG,LIQUIDITY_REVERSAL,LIQUIDITY_REVERSAL,1.0,85.0,A,NEWYORK,1912.462,1888.575,1948.292,1948.292,1927.049,SESSION_END,0.001,2.3887,0.4916,23.887,1.4587,0.6107,0.706,0.733,174,0.287,2.546,0.05,0.05,0.0,clear,sweep + rejection + CHoCH + displacement,487.3739
2022-03-22 10:11:00+00:00,2022-03-22 14:04:00+00:00,XAUUSD,LONG,LIQUIDITY_REVERSAL,LIQUIDITY_REVERSAL,0.8,100.0,A+,LONDON,1928.294,1916.92,1945.355,1945.355,1916.654,STOP,0.002,2.2748,0.4667,11.374,-2.3281,-1.0234,0.221,1.145,233,0.263,1.672,0.05,0.12,0.0,clear,sweep + rejection + CHoCH + displacement,485.0458
2022-03-23 11:28:00+00:00,2022-03-23 19:28:00+00:00,XAUUSD,SHORT,LIQUIDITY_REVERSAL,LIQUIDITY_REVERSAL,0.8,100.0,A+,LONDON,1929.552,1943.598,1908.482,1908.482,1941.557,TIME,0.001,1.4046,0.2896,14.046,-1.2005,-0.8547,0.336,0.893,480,0.252,1.493,0.05,0.05,0.0,clear,sweep + rejection + CHoCH + displacement,483.8453
2022-03-28 11:52:00+00:00,2022-03-28 13:16:00+00:00,XAUUSD,SHORT,TREND_CONTINUATION,STRONG_BEAR,0.967,85.0,A,LONDON,1929.183,1939.769,1913.303,1913.303,1940.027,STOP,0.002,2.1172,0.4376,10.586,-2.1689,-1.0244,0.22,1.222,84,0.251,1.653,0.05,0.12,0.0,clear,trend pullback + LTF BOS,481.6764
2022-04-01 07:46:00+00:00,2022-04-01 15:31:00+00:00,XAUUSD,SHORT,BREAKOUT,COMPRESSION,0.926,70.0,NO_TRADE,LONDON,1932.642,1939.979,1921.635,1921.635,1921.798,TP2,0.003,2.2014,0.457,7.338,3.2529,1.4777,1.559,0.507,465,0.213,1.25,0.05,0.0,0.0,clear,compression -> confirmed range break + momentum,484.9293
2022-04-04 15:09:00+00:00,2022-04-04 21:00:00+00:00,XAUUSD,LONG,LIQUIDITY_REVERSAL,LIQUIDITY_REVERSAL,0.7,85.0,A,OVERLAP,1926.808,1916.534,1942.22,1942.22,1931.646,SESSION_END,0.002,2.0549,0.4237,10.274,0.9676,0.4709,0.914,0.038,351,0.341,2.989,0.05,0.05,0.0,clear,sweep + rejection + CHoCH + displacement,485.8969
2022-04-06 19:40:00+00:00,2022-04-06 21:00:00+00:00,XAUUSD,SHORT,LIQUIDITY_REVERSAL,LIQUIDITY_REVERSAL,0.7,75.0,B,NEWYORK,1918.742,1938.156,1889.62,1889.62,1926.339,SESSION_END,0.001,1.9414,0.3996,19.414,-0.7598,-0.3913,0.042,0.432,80,0.433,3.49,0.05,0.05,0.0,clear,sweep + rejection + CHoCH + displacement,485.1371
2022-04-07 15:37:00+00:00,2022-04-07 21:00:00+00:00,XAUUSD,LONG,TREND_CONTINUATION,BULL,0.826,85.0,A,OVERLAP,1935.213,1920.928,1956.64,1956.64,1931.171,SESSION_END,0.001,1.4285,0.2945,14.285,-0.4042,-0.283,0.175,0.407,323,0.29,2.392,0.05,0.05,0.0,clear,trend pullback + LTF BOS,484.7329
2022-04-08 15:07:00+00:00,2022-04-08 18:00:00+00:00,XAUUSD,LONG,BREAKOUT,EXPANSION,0.887,65.0,NO_TRADE,OVERLAP,1943.73,1930.898,1962.979,1962.979,1941.165,SESSION_END,0.001,1.2833,0.2647,12.833,-0.2566,-0.1999,0.34,0.269,173,0.345,2.551,0.05,0.05,0.0,clear,compression -> confirmed range break + momentum,484.4763
2022-04-13 13:07:00+00:00,2022-04-13 21:00:00+00:00,XAUUSD,LONG,TREND_CONTINUATION,BULL,0.882,85.0,A,OVERLAP,1979.689,1969.053,1995.642,1995.642,1976.656,SESSION_END,0.002,2.1271,0.4391,10.635,-0.6066,-0.2852,0.169,0.749,473,0.222,1.496,0.05,0.05,0.0,clear,trend pullback + LTF BOS,483.8697
2022-04-18 13:11:00+00:00,2022-04-18 15:36:00+00:00,XAUUSD,LONG,BREAKOUT,COMPRESSION,0.937,80.0,B,OVERLAP,1994.393,1987.207,2005.172,2005.172,1986.956,STOP,0.003,2.1558,0.4455,7.186,-2.231,-1.0349,0.539,1.033,145,0.189,1.137,0.05,0.12,0.0,clear,compression -> confirmed range break + momentum,481.6388
2022-04-19 13:41:00+00:00,2022-04-19 20:20:00+00:00,XAUUSD,SHORT,LIQUIDITY_REVERSAL,LIQUIDITY_REVERSAL,1.0,85.0,A,OVERLAP,1974.835,1993.306,1947.129,1947.129,1947.256,TP2,0.001,1.8471,0.3835,18.471,2.758,1.4932,1.642,0.0,399,0.273,1.917,0.05,0.0,0.0,clear,sweep + rejection + CHoCH + displacement,484.3967
2022-04-20 16:43:00+00:00,2022-04-20 21:00:00+00:00,XAUUSD,SHORT,LIQUIDITY_REVERSAL,LIQUIDITY_REVERSAL,0.8,100.0,A+,NEWYORK,1950.658,1960.982,1935.174,1935.174,1957.967,SESSION_END,0.002,2.0647,0.4262,10.323,-1.4618,-0.708,0.14,0.718,257,0.287,1.808,0.05,0.05,0.0,clear,sweep + rejection + CHoCH + displacement,482.935
2022-04-21 12:16:00+00:00,2022-04-21 13:53:00+00:00,XAUUSD,SHORT,BREAKOUT,STRONG_BEAR,0.951,85.0,A,OVERLAP,1939.902,1948.811,1926.539,1926.539,1949.073,STOP,0.002,1.7817,0.3689,8.909,-1.834,-1.0294,0.367,1.024,97,0.231,1.725,0.05,0.12,0.0,clear,compression -> confirmed range break + momentum,481.1009
2022-04-26 08:26:00+00:00,2022-04-26 16:26:00+00:00,XAUUSD,SHORT,BREAKOUT,COMPRESSION,0.979,85.0,A,LONDON,1897.808,1912.494,1875.779,1875.779,1901.74,TIME,0.001,1.4686,0.3053,14.686,-0.3932,-0.2678,0.15,0.906,480,0.231,1.633,0.05,0.05,0.0,clear,compression -> confirmed range break + momentum,480.7077
2022-05-02 09:31:00+00:00,2022-05-02 13:20:00+00:00,XAUUSD,SHORT,BREAKOUT,COMPRESSION,0.979,100.0,A+,LONDON,1881.738,1889.62,1869.914,1869.914,1870.037,TP2,0.003,2.3646,0.4919,7.882,3.5103,1.4845,1.581,0.061,229,0.221,1.419,0.05,0.0,0.0,clear,compression -> confirmed range break + momentum,484.218
2022-05-02 16:16:00+00:00,2022-05-02 21:00:00+00:00,XAUUSD,SHORT,TREND_CONTINUATION,STRONG_BEAR,1.0,85.0,A,NEWYORK,1860.124,1873.348,1840.288,1840.288,1862.19,SESSION_END,0.001,1.3224,0.2731,13.224,-0.2066,-0.1562,0.029,0.899,284,0.358,2.548,0.05,0.05,0.0,clear,trend pullback + LTF BOS,484.0114
2022-05-03 19:06:00+00:00,2022-05-03 21:00:00+00:00,XAUUSD,SHORT,LIQUIDITY_REVERSAL,LIQUIDITY_REVERSAL,0.7,100.0,A+,NEWYORK,1868.099,1876.76,1855.107,1855.107,1867.062,SESSION_END,0.002,1.7322,0.3579,8.661,0.2074,0.1197,0.338,0.204,114,0.258,1.551,0.05,0.05,0.0,clear,sweep + rejection + CHoCH + displacement,484.2188
2022-05-04 08:01:00+00:00,2022-05-04 16:01:00+00:00,XAUUSD,LONG,BREAKOUT,COMPRESSION,0.947,70.0,NO_TRADE,LONDON,1866.949,1857.637,1880.918,1880.918,1866.783,TIME,0.002,1.8625,0.3846,9.313,-0.0333,-0.0179,0.543,0.581,480,0.243,1.226,0.05,0.05,0.0,clear,compression -> confirmed range break + momentum,484.1855
2022-05-06 14:52:00+00:00,2022-05-06 18:00:00+00:00,XAUUSD,LONG,LIQUIDITY_REVERSAL,LIQUIDITY_REVERSAL,1.0,85.0,A,OVERLAP,1882.897,1860.033,1917.193,1917.193,1888.218,SESSION_END,0.001,2.2864,0.4722,22.864,0.5321,0.2327,0.414,0.142,188,0.339,3.283,0.05,0.05,0.0,clear,sweep + rejection + CHoCH + displacement,484.7175
2022-05-10 19:33:00+00:00,2022-05-10 21:00:00+00:00,XAUUSD,SHORT,TREND_CONTINUATION,STRONG_BEAR,0.898,100.0,A+,NEWYORK,1843.791,1852.096,1831.335,1831.335,1838.643,SESSION_END,0.002,1.6609,0.3426,8.304,1.0298,0.62,1.012,0.121,87,0.263,1.707,0.05,0.05,0.0,clear,trend pullback + LTF BOS,485.7473
2022-05-12 01:41:00+00:00,2022-05-12 06:38:00+00:00,XAUUSD,LONG,BREAKOUT,COMPRESSION,0.916,65.0,NO_TRADE,ASIA,1857.643,1847.828,1872.364,1872.364,1847.504,STOP,0.002,1.9629,0.4041,9.815,-2.0277,-1.033,0.109,1.028,297,0.329,1.104,0.05,0.12,0.0,clear,compression -> confirmed range break + momentum,483.7196
2022-05-12 11:46:00+00:00,2022-05-12 17:56:00+00:00,XAUUSD,SHORT,LIQUIDITY_REVERSAL,LIQUIDITY_REVERSAL,0.8,100.0,A+,LONDON,1846.86,1860.546,1826.331,1826.331,1826.483,TP2,0.001,1.3686,0.2829,13.686,2.0377,1.4889,1.617,0.18,370,0.286,1.973,0.05,0.0,0.0,clear,sweep + rejection + CHoCH + displacement,485.7573
2022-05-18 08:09:00+00:00,2022-05-18 16:09:00+00:00,XAUUSD,LONG,LIQUIDITY_REVERSAL,LIQUIDITY_REVERSAL,0.7,85.0,A,LONDON,1813.57,1802.285,1830.498,1830.498,1815.92,TIME,0.002,2.257,0.4646,11.285,0.4698,0.2082,0.6,0.562,480,0.225,1.268,0.05,0.05,0.0,clear,sweep + rejection + CHoCH + displacement,486.2271
2022-05-23 12:49:00+00:00,2022-05-23 14:02:00+00:00,XAUUSD,LONG,TREND_CONTINUATION,STRONG_BULL,1.0,100.0,A+,OVERLAP,1862.423,1854.743,1873.943,1873.943,1854.499,STOP,0.003,2.304,0.4739,7.68,-2.3772,-1.0318,0.268,1.011,73,0.21,1.364,0.05,0.12,0.0,clear,trend pullback + LTF BOS,483.8499
2022-05-24 13:22:00+00:00,2022-05-24 14:46:00+00:00,XAUUSD,SHORT,LIQUIDITY_REVERSAL,LIQUIDITY_REVERSAL,1.0,85.0,A,OVERLAP,1855.969,1865.252,1842.046,1842.046,1865.503,STOP,0.002,1.8565,0.3837,9.282,-1.9068,-1.0271,0.211,1.097,84,0.198,1.118,0.05,0.12,0.0,clear,sweep + rejection + CHoCH + displacement,481.9431
2022-05-26 10:50:00+00:00,2022-05-26 18:50:00+00:00,XAUUSD,LONG,LIQUIDITY_REVERSAL,BEAR,0.89,75.0,B,LONDON,1846.152,1837.232,1859.533,1859.533,1849.566,TIME,0.002,1.784,0.3702,8.92,0.6827,0.3827,0.808,0.6,480,0.249,1.263,0.05,0.05,0.0,clear,sweep + rejection + CHoCH + displacement,482.6258
2022-05-27 10:32:00+00:00,2022-05-27 13:32:00+00:00,XAUUSD,LONG,TREND_CONTINUATION,STRONG_BULL,0.967,85.0,A,LONDON,1859.582,1851.528,1871.662,1871.662,1851.276,STOP,0.002,1.6107,0.3337,8.054,-1.6611,-1.0313,0.28,1.133,180,0.247,1.232,0.05,0.12,0.0,clear,trend pullback + LTF BOS,480.9647
2022-05-31 11:46:00+00:00,2022-05-31 15:25:00+00:00,XAUUSD,LONG,LIQUIDITY_REVERSAL,LIQUIDITY_REVERSAL,0.7,70.0,NO_TRADE,LONDON,1850.631,1841.619,1864.15,1864.15,1841.316,STOP,0.002,1.8024,0.3747,9.012,-1.8631,-1.0336,0.519,1.026,219,0.267,1.294,0.05,0.12,0.0,clear,sweep + rejection + CHoCH + displacement,479.1016
2022-06-01 13:15:00+00:00,2022-06-01 14:08:00+00:00,XAUUSD,LONG,LIQUIDITY_REVERSAL,LIQUIDITY_REVERSAL,0.7,85.0,A,OVERLAP,1832.386,1822.815,1846.743,1846.743,1846.595,TP2,0.002,1.9143,0.3996,9.571,2.8419,1.4846,1.595,0.0,53,0.216,1.265,0.05,0.0,0.0,clear,sweep + rejection + CHoCH + displacement,481.9435
2022-06-06 11:45:00+00:00,2022-06-06 19:45:00+00:00,XAUUSD,SHORT,LIQUIDITY_REVERSAL,LIQUIDITY_REVERSAL,0.8,100.0,A+,LONDON,1852.25,1860.687,1839.595,1839.595,1841.757,TIME,0.002,1.6874,0.3501,8.437,2.0986,1.2437,1.353,0.652,480,0.252,1.085,0.05,0.05,0.0,clear,sweep + rejection + CHoCH + displacement,484.0421
2022-06-14 12:21:00+00:00,2022-06-14 20:21:00+00:00,XAUUSD,SHORT,TREND_CONTINUATION,BEAR,0.913,100.0,A+,OVERLAP,1820.816,1832.777,1802.875,1802.875,1805.61,TIME,0.002,2.3921,0.4942,11.961,3.0412,1.2714,1.325,0.175,480,0.223,1.847,0.05,0.05,0.0,clear,trend pullback + LTF BOS,487.0833
2022-06-15 08:51:00+00:00,2022-06-15 12:20:00+00:00,XAUUSD,SHORT,LIQUIDITY_REVERSAL,LIQUIDITY_REVERSAL,1.0,100.0,A+,LONDON,1819.549,1831.367,1801.822,1801.822,1831.603,STOP,0.002,2.3636,0.4853,11.818,-2.4109,-1.02,0.192,1.093,209,0.258,1.718,0.05,0.12,0.0,clear,sweep + rejection + CHoCH + displacement,484.6724
2022-06-15 19:10:00+00:00,2022-06-15 19:38:00+00:00,XAUUSD,SHORT,LIQUIDITY_REVERSAL,LIQUIDITY_REVERSAL,1.0,100.0,A+,NEWYORK,1818.473,1832.181,1797.909,1797.909,1832.506,STOP,0.001,1.3709,0.2828,13.709,-1.4033,-1.0237,0.035,1.133,28,0.331,2.426,0.05,0.12,0.0,clear,sweep + rejection + CHoCH + displacement,483.2691
2022-06-17 08:40:00+00:00,2022-06-17 14:59:00+00:00,XAUUSD,LONG,BREAKOUT,COMPRESSION,0.947,85.0,A,LONDON,1849.136,1841.199,1861.042,1861.042,1840.934,STOP,0.003,2.3812,0.4927,7.937,-2.4605,-1.0333,0.481,1.019,379,0.237,1.46,0.05,0.12,0.0,clear,compression -> confirmed range break + momentum,480.8085
2022-06-20 08:11:00+00:00,2022-06-20 16:11:00+00:00,XAUUSD,SHORT,LIQUIDITY_REVERSAL,CHOPPY,0.566,85.0,A,LONDON,1840.644,1849.765,1826.963,1826.963,1837.955,TIME,0.002,1.8241,0.3794,9.121,0.5379,0.2949,0.523,0.329,480,0.219,1.201,0.05,0.05,0.0,clear,sweep + rejection + CHoCH + displacement,481.3464
2022-06-24 15:05:00+00:00,2022-06-24 18:00:00+00:00,XAUUSD,SHORT,LIQUIDITY_REVERSAL,LIQUIDITY_REVERSAL,0.8,85.0,A,OVERLAP,1825.377,1835.366,1810.393,1810.393,1826.865,SESSION_END,0.002,1.9979,0.4151,9.989,-0.2976,-0.149,0.32,0.585,175,0.332,2.763,0.05,0.05,0.0,clear,sweep + rejection + CHoCH + displacement,481.0488
2022-06-27 09:26:00+00:00,2022-06-27 14:33:00+00:00,XAUUSD,LONG,LIQUIDITY_REVERSAL,LIQUIDITY_REVERSAL,0.7,100.0,A+,LONDON,1837.249,1827.727,1851.532,1851.532,1827.479,STOP,0.002,1.9045,0.3959,9.522,-1.954,-1.026,0.332,1.043,307,0.282,1.55,0.05,0.12,0.0,clear,sweep + rejection + CHoCH + displacement,479.0947
2022-06-28 13:01:00+00:00,2022-06-28 21:00:00+00:00,XAUUSD,LONG,LIQUIDITY_REVERSAL,LIQUIDITY_REVERSAL,1.0,75.0,B,OVERLAP,1825.506,1813.71,1843.199,1843.199,1819.007,SESSION_END,0.002,2.3591,0.4924,11.795,-1.2997,-0.5509,0.098,0.614,479,0.235,1.276,0.05,0.05,0.0,clear,sweep + rejection + CHoCH + displacement,477.795
2022-06-29 19:06:00+00:00,2022-06-29 21:00:00+00:00,XAUUSD,LONG,LIQUIDITY_REVERSAL,LIQUIDITY_REVERSAL,1.0,85.0,A,NEWYORK,1819.036,1810.079,1832.472,1832.472,1818.128,SESSION_END,0.002,1.7915,0.3749,8.957,-0.1816,-0.1014,0.022,0.194,114,0.237,0.982,0.05,0.05,0.0,clear,sweep + rejection + CHoCH + displacement,477.6134
2022-06-30 20:35:00+00:00,2022-06-30 21:00:00+00:00,XAUUSD,LONG,LIQUIDITY_REVERSAL,CHOPPY,0.58,75.0,B,NEWYORK,1808.236,1800.705,1819.534,1819.534,1806.124,SESSION_END,0.003,2.2594,0.4731,7.531,-0.6337,-0.2805,0.053,0.309,25,0.237,1.083,0.05,0.05,0.0,clear,sweep + rejection + CHoCH + displacement,476.9797
2022-07-05 20:01:00+00:00,2022-07-05 21:00:00+00:00,XAUUSD,SHORT,TREND_CONTINUATION,STRONG_BEAR,0.999,100.0,A+,NEWYORK,1765.321,1774.836,1751.047,1751.047,1768.572,SESSION_END,0.002,1.9031,0.3806,9.516,-0.6503,-0.3417,0.0,0.283,59,0.295,1.317,0.05,0.05,0.0,clear,trend pullback + LTF BOS,499.3497
2022-07-08 13:36:00+00:00,2022-07-08 18:00:00+00:00,XAUUSD,SHORT,LIQUIDITY_REVERSAL,CHOPPY,0.582,90.0,A+,OVERLAP,1741.335,1752.802,1724.134,1724.134,1742.919,SESSION_END,0.002,2.2934,0.4593,11.467,-0.3169,-0.1382,0.628,0.964,264,0.326,2.303,0.05,0.05,0.0,clear,sweep + rejection + CHoCH + displacement,499.0328
2022-07-14 13:25:00+00:00,2022-07-14 21:00:00+00:00,XAUUSD,SHORT,TREND_CONTINUATION,STRONG_BEAR,0.966,85.0,A,OVERLAP,1710.019,1725.375,1686.986,1686.986,1709.727,SESSION_END,0.001,1.5356,0.3077,15.356,0.0292,0.019,0.819,0.319,455,0.298,2.245,0.05,0.05,0.0,clear,trend pullback + LTF BOS,499.0621
2022-07-15 12:41:00+00:00,2022-07-15 14:14:00+00:00,XAUUSD,SHORT,LIQUIDITY_REVERSAL,LIQUIDITY_REVERSAL,1.0,100.0,A+,OVERLAP,1704.724,1712.168,1693.559,1693.559,1712.444,STOP,0.003,2.233,0.4474,7.443,-2.316,-1.0372,0.648,1.201,93,0.199,1.286,0.05,0.12,0.0,clear,sweep + rejection + CHoCH + displacement,496.7461
2022-07-19 17:06:00+00:00,2022-07-19 21:00:00+00:00,XAUUSD,SHORT,LIQUIDITY_REVERSAL,LIQUIDITY_REVERSAL,1.0,100.0,A+,NEWYORK,1711.808,1720.642,1698.556,1698.556,1712.41,SESSION_END,0.002,1.7669,0.3557,8.834,-0.1205,-0.0682,0.245,0.222,234,0.284,1.395,0.05,0.05,0.0,clear,sweep + rejection + CHoCH + displacement,496.6257
2022-07-21 11:52:00+00:00,2022-07-21 13:23:00+00:00,XAUUSD,SHORT,TREND_CONTINUATION,STRONG_BEAR,1.0,85.0,A,LONDON,1682.48,1691.398,1669.102,1669.102,1691.636,STOP,0.002,1.7837,0.3592,8.919,-1.8312,-1.0266,0.194,1.103,91,0.276,1.481,0.05,0.12,0.0,clear,trend pullback + LTF BOS,494.7944
2022-07-22 14:13:00+00:00,2022-07-22 15:12:00+00:00,XAUUSD,LONG,TREND_CONTINUATION,BULL,0.624,75.0,B,OVERLAP,1726.272,1717.739,1739.071,1739.071,1738.897,TP2,0.002,1.7066,0.3449,8.533,2.525,1.4796,1.521,0.489,59,0.248,1.694,0.05,0.0,0.0,clear,trend pullback + LTF BOS,497.3194
2022-07-25 11:01:00+00:00,2022-07-25 14:11:00+00:00,XAUUSD,LONG,BREAKOUT,BULL,0.985,85.0,A,LONDON,1734.842,1722.601,1753.203,1753.203,1722.366,STOP,0.002,2.4481,0.4923,12.241,-2.4952,-1.0192,0.0,1.017,190,0.272,1.459,0.05,0.12,0.0,clear,compression -> confirmed range break + momentum,494.8242
2022-07-27 13:36:00+00:00,2022-07-27 19:40:00+00:00,XAUUSD,SHORT,LIQUIDITY_REVERSAL,LIQUIDITY_REVERSAL,1.0,100.0,A+,OVERLAP,1718.94,1729.914,1702.479,1702.479,1730.267,STOP,0.002,2.1949,0.4436,10.974,-2.2655,-1.0322,0.695,1.223,364,0.236,1.263,0.05,0.12,0.0,clear,sweep + rejection + CHoCH + displacement,492.5588
2022-07-28 08:11:00+00:00,2022-07-28 16:11:00+00:00,XAUUSD,LONG,BREAKOUT,BULL,0.923,80.0,B,LONDON,1743.4,1733.392,1758.412,1758.412,1752.406,TIME,0.002,2.0016,0.4064,10.008,1.8011,0.8998,1.312,0.74,480,0.252,1.223,0.05,0.05,0.0,clear,compression -> confirmed range break + momentum,494.3599
2022-07-29 07:11:00+00:00,2022-07-29 10:49:00+00:00,XAUUSD,LONG,BREAKOUT,STRONG_BULL,1.0,85.0,A,LONDON,1766.354,1757.806,1779.176,1779.176,1757.558,STOP,0.002,1.7096,0.3458,8.548,-1.7592,-1.029,0.167,1.007,218,0.22,1.1,0.05,0.12,0.0,clear,compression -> confirmed range break + momentum,492.6007
2022-07-29 11:01:00+00:00,2022-07-29 18:00:00+00:00,XAUUSD,LONG,LIQUIDITY_REVERSAL,LIQUIDITY_REVERSAL,0.7,90.0,A+,LONDON,1760.284,1749.382,1776.638,1776.638,1763.279,SESSION_END,0.002,2.1805,0.4426,10.902,0.599,0.2747,0.625,0.766,419,0.271,1.555,0.05,0.05,0.0,clear,sweep + rejection + CHoCH + displacement,493.1998
2022-08-01 09:02:00+00:00,2022-08-01 10:56:00+00:00,XAUUSD,SHORT,LIQUIDITY_REVERSAL,CHOPPY,0.554,85.0,A,LONDON,1762.389,1772.014,1747.95,1747.95,1772.269,STOP,0.002,1.9251,0.3903,9.626,-1.976,-1.0264,0.027,1.017,114,0.253,1.235,0.05,0.12,0.0,clear,sweep + rejection + CHoCH + displacement,491.2238
2022-08-03 09:42:00+00:00,2022-08-03 13:47:00+00:00,XAUUSD,SHORT,BREAKOUT,COMPRESSION,0.979,55.0,NO_TRADE,LONDON,1764.24,1771.662,1753.108,1753.108,1771.905,STOP,0.003,2.2264,0.4532,7.421,-2.2994,-1.0328,0.547,1.018,245,0.228,1.3,0.05,0.12,0.0,clear,compression -> confirmed range break + momentum,488.9243
2022-08-04 09:57:00+00:00,2022-08-04 13:05:00+00:00,XAUUSD,LONG,BREAKOUT,BULL,0.556,70.0,NO_TRADE,LONDON,1776.86,1769.197,1788.355,1788.355,1788.233,TP2,0.003,2.299,0.4702,7.663,3.4119,1.4841,1.515,0.135,188,0.206,0.976,0.05,0.0,0.0,clear,compression -> confirmed range break + momentum,492.3362
2022-08-12 13:13:00+00:00,2022-08-12 18:00:00+00:00,XAUUSD,LONG,LIQUIDITY_REVERSAL,CHOPPY,0.554,85.0,A,OVERLAP,1788.92,1778.013,1805.281,1805.281,1797.128,SESSION_END,0.002,2.1815,0.4431,10.907,1.6415,0.7525,0.892,0.076,287,0.252,1.338,0.05,0.05,0.0,clear,sweep + rejection + CHoCH + displacement,493.9777
2022-08-16 14:35:00+00:00,2022-08-16 21:00:00+00:00,XAUUSD,LONG,LIQUIDITY_REVERSAL,CHOPPY,0.577,85.0,A,OVERLAP,1777.262,1768.043,1791.09,1791.09,1774.869,SESSION_END,0.002,1.8437,0.3732,9.218,-0.4785,-0.2595,0.137,0.494,385,0.308,1.891,0.05,0.05,0.0,clear,sweep + rejection + CHoCH + displacement,493.4992
2022-08-19 12:46:00+00:00,2022-08-19 18:00:00+00:00,XAUUSD,LONG,LIQUIDITY_REVERSAL,LIQUIDITY_REVERSAL,0.7,75.0,B,OVERLAP,1752.852,1744.644,1765.166,1765.166,1749.694,SESSION_END,0.003,2.4627,0.499,8.209,-0.9475,-0.3847,0.627,0.886,314,0.227,1.125,0.05,0.05,0.0,clear,sweep + rejection + CHoCH + displacement,492.5517
2022-08-23 13:43:00+00:00,2022-08-23 21:00:00+00:00,XAUUSD,LONG,LIQUIDITY_REVERSAL,LIQUIDITY_REVERSAL,0.7,75.0,B,OVERLAP,1736.368,1721.46,1758.729,1758.729,1746.577,SESSION_END,0.001,1.4908,0.3027,14.908,1.021,0.6849,1.181,0.062,437,0.28,1.612,0.05,0.05,0.0,clear,sweep + rejection + CHoCH + displacement,493.5727
2022-08-24 10:43:00+00:00,2022-08-24 18:43:00+00:00,XAUUSD,SHORT,LIQUIDITY_REVERSAL,LIQUIDITY_REVERSAL,0.8,75.0,B,LONDON,1750.142,1758.889,1737.023,1737.023,1749.184,TIME,0.002,1.7492,0.3544,8.746,0.1918,0.1096,0.89,0.647,480,0.243,1.007,0.05,0.05,0.0,clear,sweep + rejection + CHoCH + displacement,493.7645
2022-08-26 07:53:00+00:00,2022-08-26 15:02:00+00:00,XAUUSD,SHORT,LIQUIDITY_REVERSAL,CHOPPY,0.597,75.0,B,LONDON,1755.525,1763.561,1743.469,1743.469,1743.636,TP2,0.003,2.4111,0.4883,8.037,3.5666,1.4793,1.694,0.063,429,0.227,0.796,0.05,0.0,0.0,clear,sweep + rejection + CHoCH + displacement,497.3311
2022-09-01 15:25:00+00:00,2022-09-01 21:00:00+00:00,XAUUSD,LONG,LIQUIDITY_REVERSAL,BEAR,0.845,70.0,NO_TRADE,OVERLAP,1695.162,1683.195,1713.112,1713.112,1693.902,SESSION_END,0.002,2.3934,0.4812,11.967,-0.252,-0.1053,0.37,0.543,335,0.357,2.533,0.05,0.05,0.0,clear,sweep + rejection + CHoCH + displacement,497.0791
2022-09-02 13:36:00+00:00,2022-09-02 18:00:00+00:00,XAUUSD,LONG,LIQUIDITY_REVERSAL,LIQUIDITY_REVERSAL,0.7,85.0,A,OVERLAP,1708.654,1696.565,1726.787,1726.787,1713.544,SESSION_END,0.002,2.4177,0.4864,12.089,0.9781,0.4046,0.763,0.373,264,0.292,1.61,0.05,0.05,0.0,clear,sweep + rejection + CHoCH + displacement,498.0572
2022-09-07 14:41:00+00:00,2022-09-07 18:26:00+00:00,XAUUSD,LONG,LIQUIDITY_REVERSAL,LIQUIDITY_REVERSAL,1.0,85.0,A,OVERLAP,1700.748,1690.477,1716.156,1716.156,1716.028,TP2,0.002,2.0543,0.4125,10.271,3.0559,1.4875,1.502,0.036,225,0.251,1.565,0.05,0.0,0.0,clear,sweep + rejection + CHoCH + displacement,501.1131
2022-09-13 11:26:00+00:00,2022-09-13 13:36:00+00:00,XAUUSD,SHORT,LIQUIDITY_REVERSAL,LIQUIDITY_REVERSAL,1.0,85.0,A,LONDON,1724.21,1733.242,1710.663,1710.663,1710.845,TP2,0.002,1.8064,0.3605,9.032,2.673,1.4798,1.745,0.83,130,0.215,0.99,0.05,0.0,0.0,clear,sweep + rejection + CHoCH + displacement,503.7861
2022-09-15 13:35:00+00:00,2022-09-15 15:52:00+00:00,XAUUSD,SHORT,TREND_CONTINUATION,STRONG_BEAR,1.0,100.0,A+,OVERLAP,1683.959,1694.48,1668.178,1668.178,1668.359,TP2,0.002,2.1041,0.4177,10.521,3.1201,1.4828,1.554,0.788,137,0.29,1.823,0.05,0.0,0.0,clear,trend pullback + LTF BOS,506.9062
2022-09-20 07:31:00+00:00,2022-09-20 14:30:00+00:00,XAUUSD,LONG,LIQUIDITY_REVERSAL,LIQUIDITY_REVERSAL,1.0,75.0,B,LONDON,1673.802,1664.158,1688.267,1688.267,1663.913,STOP,0.002,1.9287,0.3805,9.644,-1.9778,-1.0255,0.206,1.052,419,0.228,0.992,0.05,0.12,0.0,clear,sweep + rejection + CHoCH + displacement,504.9284
2022-09-27 14:56:00+00:00,2022-09-27 21:00:00+00:00,XAUUSD,LONG,LIQUIDITY_REVERSAL,LIQUIDITY_REVERSAL,0.8,85.0,A,OVERLAP,1639.067,1626.519,1657.89,1657.89,1627.366,SESSION_END,0.002,2.5097,0.497,12.548,-2.3403,-0.9325,0.014,0.995,364,0.259,2.198,0.05,0.05,0.0,clear,sweep + rejection + CHoCH + displacement,502.5881
2022-09-28 08:16:00+00:00,2022-09-28 13:19:00+00:00,XAUUSD,SHORT,BREAKOUT,STRONG_BEAR,0.956,85.0,A,LONDON,1617.82,1631.686,1597.021,1597.021,1631.955,STOP,0.001,1.3866,0.2759,13.866,-1.4135,-1.0194,0.224,1.032,303,0.26,1.562,0.05,0.12,0.0,clear,compression -> confirmed range break + momentum,501.1746
2022-09-29 15:13:00+00:00,2022-09-29 21:00:00+00:00,XAUUSD,LONG,TREND_CONTINUATION,BULL,0.88,100.0,A+,OVERLAP,1654.809,1642.213,1673.703,1673.703,1660.136,SESSION_END,0.001,1.2596,0.2513,12.596,0.5326,0.4229,0.789,0.821,347,0.282,2.557,0.05,0.05,0.0,clear,trend pullback + LTF BOS,501.7073
2022-09-30 07:22:00+00:00,2022-09-30 15:22:00+00:00,XAUUSD,SHORT,LIQUIDITY_REVERSAL,LIQUIDITY_REVERSAL,0.7,80.0,B,LONDON,1664.877,1674.734,1650.091,1650.091,1671.504,TIME,0.002,1.9714,0.3929,9.857,-1.3254,-0.6723,0.3,0.94,480,0.217,1.178,0.05,0.05,0.0,clear,sweep + rejection + CHoCH + displacement,500.3818
2022-10-04 14:22:00+00:00,2022-10-04 15:49:00+00:00,XAUUSD,SHORT,LIQUIDITY_REVERSAL,BULL,0.962,75.0,B,OVERLAP,1708.791,1722.438,1688.32,1688.32,1722.697,STOP,0.001,1.3647,0.2727,13.647,-1.3906,-1.019,0.188,1.015,87,0.247,2.018,0.05,0.12,0.0,clear,sweep + rejection + CHoCH + displacement,498.9912
2022-10-05 07:41:00+00:00,2022-10-05 08:46:00+00:00,XAUUSD,LONG,BREAKOUT,BULL,0.88,85.0,A,LONDON,1725.335,1717.41,1737.221,1737.221,1717.151,STOP,0.003,2.3773,0.4764,7.924,-2.4552,-1.0328,0.294,1.028,65,0.233,1.332,0.05,0.12,0.0,clear,compression -> confirmed range break + momentum,496.5361
2022-10-07 07:22:00+00:00,2022-10-07 13:46:00+00:00,XAUUSD,SHORT,LIQUIDITY_REVERSAL,CHOPPY,0.629,85.0,A,LONDON,1711.226,1718.563,1700.221,1700.221,1700.4,TP2,0.003,2.201,0.4433,7.337,3.2478,1.4756,1.873,0.477,384,0.218,1.086,0.05,0.0,0.0,clear,sweep + rejection + CHoCH + displacement,499.7838
2022-10-07 14:34:00+00:00,2022-10-07 18:00:00+00:00,XAUUSD,LONG,LIQUIDITY_REVERSAL,BEAR,0.79,70.0,NO_TRADE,OVERLAP,1702.2,1684.849,1728.227,1728.227,1699.213,SESSION_END,0.001,1.7351,0.3472,17.351,-0.2987,-0.1721,0.283,0.485,206,0.412,3.479,0.05,0.05,0.0,clear,sweep + rejection + CHoCH + displacement,499.4852
2022-10-10 08:46:00+00:00,2022-10-10 16:46:00+00:00,XAUUSD,SHORT,TREND_CONTINUATION,STRONG_BEAR,0.97,100.0,A+,LONDON,1683.776,1696.501,1664.688,1664.688,1666.723,TIME,0.001,1.2725,0.2548,12.725,1.7052,1.34,1.438,0.117,480,0.265,1.562,0.05,0.05,0.0,clear,trend pullback + LTF BOS,501.1904
2022-10-13 12:33:00+00:00,2022-10-13 13:30:00+00:00,XAUUSD,LONG,LIQUIDITY_REVERSAL,LIQUIDITY_REVERSAL,0.8,75.0,B,OVERLAP,1677.453,1666.677,1693.617,1693.617,1666.436,STOP,0.002,2.1552,0.43,10.776,-2.2034,-1.0224,0.453,2.39,57,0.191,1.073,0.05,0.12,0.0,clear,sweep + rejection + CHoCH + displacement,498.9869
2022-10-14 12:56:00+00:00,2022-10-14 18:00:00+00:00,XAUUSD,SHORT,LIQUIDITY_REVERSAL,LIQUIDITY_REVERSAL,0.8,100.0,A+,OVERLAP,1654.904,1669.091,1633.623,1633.623,1644.155,SESSION_END,0.001,1.4187,0.2843,14.187,1.0749,0.7576,0.961,0.631,304,0.268,1.822,0.05,0.05,0.0,clear,sweep + rejection + CHoCH + displacement,500.0618
2022-10-20 15:06:00+00:00,2022-10-20 21:00:00+00:00,XAUUSD,LONG,LIQUIDITY_REVERSAL,LIQUIDITY_REVERSAL,1.0,85.0,A,OVERLAP,1636.476,1621.48,1658.969,1658.969,1626.261,SESSION_END,0.001,1.4996,0.2999,14.996,-1.0214,-0.6812,0.598,0.795,354,0.258,1.869,0.05,0.05,0.0,clear,sweep + rejection + CHoCH + displacement,499.0404
2022-10-21 08:15:00+00:00,2022-10-21 08:29:00+00:00,XAUUSD,SHORT,BREAKOUT,STRONG_BEAR,0.925,85.0,A,LONDON,1617.842,1626.748,1604.483,1604.483,1627.019,STOP,0.002,1.7812,0.3569,8.906,-1.8354,-1.0305,0.0,1.007,14,0.25,1.33,0.05,0.12,0.0,clear,compression -> confirmed range break + momentum,497.2049
2022-10-25 15:26:00+00:00,2022-10-25 21:00:00+00:00,XAUUSD,SHORT,LIQUIDITY_REVERSAL,LIQUIDITY_REVERSAL,0.8,75.0,B,OVERLAP,1655.516,1673.395,1628.697,1628.697,1653.762,SESSION_END,0.001,1.7879,0.3596,17.879,0.1754,0.0981,0.202,0.15,334,0.342,2.6,0.05,0.05,0.0,clear,sweep + rejection + CHoCH + displacement,497.3803
2022-10-27 13:30:00+00:00,2022-10-27 21:00:00+00:00,XAUUSD,SHORT,LIQUIDITY_REVERSAL,CHOPPY,0.596,85.0,A,OVERLAP,1660.478,1670.832,1644.948,1644.948,1662.722,SESSION_END,0.002,2.0707,0.4163,10.353,-0.4488,-0.2167,0.452,0.494,450,0.293,2.027,0.05,0.05,0.0,clear,sweep + rejection + CHoCH + displacement,496.9315
2022-11-02 12:06:00+00:00,2022-11-02 14:28:00+00:00,XAUUSD,LONG,BREAKOUT,STRONG_BULL,0.922,85.0,A,OVERLAP,1657.838,1649.846,1669.827,1669.827,1649.6,STOP,0.003,2.3978,0.4825,7.993,-2.4715,-1.0308,0.115,1.035,142,0.221,1.168,0.05,0.12,0.0,clear,compression -> confirmed range break + momentum,494.46
2022-11-09 20:06:00+00:00,2022-11-09 21:00:00+00:00,XAUUSD,LONG,LIQUIDITY_REVERSAL,LIQUIDITY_REVERSAL,0.8,90.0,A+,NEWYORK,1706.136,1695.177,1722.574,1722.574,1704.524,SESSION_END,0.002,2.1918,0.4433,10.959,-0.3224,-0.1471,0.105,0.172,54,0.276,1.489,0.05,0.05,0.0,clear,sweep + rejection + CHoCH + displacement,494.1375
2022-11-15 18:32:00+00:00,2022-11-15 18:37:00+00:00,XAUUSD,SHORT,LIQUIDITY_REVERSAL,LIQUIDITY_REVERSAL,1.0,75.0,B,NEWYORK,1770.248,1780.724,1754.534,1754.534,1781.023,STOP,0.002,2.0952,0.424,10.476,-2.155,-1.0285,0.0,1.21,5,0.298,1.834,0.05,0.12,0.0,clear,sweep + rejection + CHoCH + displacement,491.9825
2022-11-16 12:46:00+00:00,2022-11-16 20:46:00+00:00,XAUUSD,SHORT,LIQUIDITY_REVERSAL,LIQUIDITY_REVERSAL,1.0,75.0,B,OVERLAP,1780.279,1787.363,1769.652,1769.652,1774.542,TIME,0.003,2.1253,0.432,7.084,1.7212,0.8098,1.343,0.164,480,0.196,1.288,0.05,0.05,0.0,clear,sweep + rejection + CHoCH + displacement,493.7037
2022-11-21 07:46:00+00:00,2022-11-21 15:46:00+00:00,XAUUSD,SHORT,BREAKOUT,BEAR,0.918,100.0,A+,LONDON,1742.217,1751.025,1729.006,1729.006,1737.958,TIME,0.002,1.7615,0.3568,8.808,0.8517,0.4835,0.735,0.526,480,0.262,1.159,0.05,0.05,0.0,clear,compression -> confirmed range break + momentum,494.5555
2022-11-22 14:41:00+00:00,2022-11-22 21:00:00+00:00,XAUUSD,LONG,LIQUIDITY_REVERSAL,LIQUIDITY_REVERSAL,0.7,85.0,A,OVERLAP,1745.31,1735.306,1760.317,1760.317,1738.92,SESSION_END,0.002,2.0009,0.4046,10.005,-1.278,-0.6387,0.127,0.844,379,0.244,1.376,0.05,0.05,0.0,clear,sweep + rejection + CHoCH + displacement,493.2775
2022-11-30 13:22:00+00:00,2022-11-30 15:00:00+00:00,XAUUSD,LONG,TREND_CONTINUATION,BULL,0.575,90.0,A+,OVERLAP,1762.667,1753.394,1776.577,1776.577,1753.097,STOP,0.002,1.8546,0.376,9.273,-1.9141,-1.0321,0.203,1.019,98,0.239,1.362,0.05,0.12,0.0,clear,trend pullback + LTF BOS,491.3633
2022-11-30 18:32:00+00:00,2022-11-30 19:01:00+00:00,XAUUSD,SHORT,LIQUIDITY_REVERSAL,LIQUIDITY_REVERSAL,0.7,75.0,B,NEWYORK,1752.922,1762.046,1739.235,1739.235,1762.389,STOP,0.002,1.8249,0.3714,9.124,-1.8933,-1.0375,0.175,1.077,29,0.31,1.537,0.05,0.12,0.0,clear,sweep + rejection + CHoCH + displacement,489.47
2022-12-01 13:31:00+00:00,2022-12-01 14:29:00+00:00,XAUUSD,LONG,BREAKOUT,BULL,0.974,85.0,A,OVERLAP,1788.248,1780.756,1799.486,1799.486,1799.331,TP2,0.003,2.2476,0.4592,7.492,3.3248,1.4793,1.502,0.316,58,0.222,1.314,0.05,0.0,0.0,clear,compression -> confirmed range break + momentum,492.7948
2022-12-01 14:51:00+00:00,2022-12-01 21:00:00+00:00,XAUUSD,LONG,BREAKOUT,STRONG_BULL,1.0,85.0,A,OVERLAP,1801.66,1788.436,1821.496,1821.496,1802.495,SESSION_END,0.001,1.3224,0.2683,13.224,0.0835,0.0631,0.177,0.579,369,0.326,2.339,0.05,0.05,0.0,clear,compression -> confirmed range break + momentum,492.8783
2022-12-07 12:38:00+00:00,2022-12-07 14:36:00+00:00,XAUUSD,LONG,LIQUIDITY_REVERSAL,CHOPPY,0.704,85.0,A,OVERLAP,1773.133,1766.556,1782.998,1782.998,1782.858,TP2,0.003,1.9731,0.4003,6.577,2.9175,1.4786,1.512,0.045,118,0.189,0.971,0.05,0.0,0.0,clear,sweep + rejection + CHoCH + displacement,495.7957
2022-12-07 15:37:00+00:00,2022-12-07 21:00:00+00:00,XAUUSD,SHORT,LIQUIDITY_REVERSAL,LIQUIDITY_REVERSAL,0.8,95.0,A+,OVERLAP,1778.46,1802.75,1742.026,1742.026,1787.981,SESSION_END,0.001,2.4289,0.4899,24.289,-0.9521,-0.392,0.096,0.49,323,0.355,2.483,0.05,0.05,0.0,clear,sweep + rejection + CHoCH + displacement,494.8437
2022-12-12 14:51:00+00:00,2022-12-12 19:12:00+00:00,XAUUSD,LONG,LIQUIDITY_REVERSAL,LIQUIDITY_REVERSAL,0.7,100.0,A+,OVERLAP,1789.479,1777.602,1807.296,1807.296,1777.35,STOP,0.002,2.3755,0.4801,11.877,-2.4259,-1.0212,0.047,1.016,261,0.303,1.778,0.05,0.12,0.0,clear,sweep + rejection + CHoCH + displacement,492.4177
2022-12-14 08:19:00+00:00,2022-12-14 16:19:00+00:00,XAUUSD,LONG,LIQUIDITY_REVERSAL,LIQUIDITY_REVERSAL,0.7,100.0,A+,LONDON,1809.933,1800.614,1823.913,1823.913,1811.225,TIME,0.002,1.8639,0.3785,9.32,0.2582,0.1385,0.324,0.618,480,0.271,1.15,0.05,0.05,0.0,clear,sweep + rejection + CHoCH + displacement,492.676
2022-12-16 07:22:00+00:00,2022-12-16 14:56:00+00:00,XAUUSD,SHORT,LIQUIDITY_REVERSAL,LIQUIDITY_REVERSAL,1.0,85.0,A,LONDON,1781.318,1790.623,1767.359,1767.359,1790.879,STOP,0.002,1.8611,0.3778,9.305,-1.9123,-1.0275,0.764,1.126,454,0.201,0.941,0.05,0.12,0.0,clear,sweep + rejection + CHoCH + displacement,490.7637
2022-12-21 07:32:00+00:00,2022-12-21 15:32:00+00:00,XAUUSD,LONG,LIQUIDITY_REVERSAL,LIQUIDITY_REVERSAL,1.0,90.0,A+,LONDON,1815.5,1805.898,1829.903,1829.903,1820.491,TIME,0.002,1.9204,0.3913,9.602,0.9983,0.5198,0.541,0.395,480,0.23,1.044,0.05,0.05,0.0,clear,sweep + rejection + CHoCH + displacement,491.7619
2022-12-23 13:39:00+00:00,2022-12-23 18:00:00+00:00,XAUUSD,SHORT,LIQUIDITY_REVERSAL,LIQUIDITY_REVERSAL,1.0,100.0,A+,OVERLAP,1796.871,1805.147,1784.457,1784.457,1797.126,SESSION_END,0.002,1.6552,0.3366,8.276,-0.051,-0.0308,0.702,0.752,261,0.249,1.287,0.05,0.05,0.0,clear,sweep + rejection + CHoCH + displacement,491.7109
2022-12-28 13:22:00+00:00,2022-12-28 15:58:00+00:00,XAUUSD,LONG,LIQUIDITY_REVERSAL,LIQUIDITY_REVERSAL,0.8,100.0,A+,OVERLAP,1806.973,1798.518,1819.656,1819.656,1798.235,STOP,0.002,1.691,0.3439,8.455,-1.7476,-1.0335,0.281,1.019,156,0.216,1.027,0.05,0.12,0.0,clear,sweep + rejection + CHoCH + displacement,489.9633
2022-12-30 13:28:00+00:00,2022-12-30 18:00:00+00:00,XAUUSD,SHORT,LIQUIDITY_REVERSAL,LIQUIDITY_REVERSAL,1.0,85.0,A,OVERLAP,1816.479,1826.796,1801.003,1801.003,1823.908,SESSION_END,0.002,2.0634,0.4211,10.317,-1.4858,-0.7201,0.225,0.831,272,0.216,1.054,0.05,0.05,0.0,clear,sweep + rejection + CHoCH + displacement,488.4775
2023-01-04 08:08:00+00:00,2023-01-04 15:09:00+00:00,XAUUSD,LONG,BREAKOUT,STRONG_BULL,0.989,70.0,NO_TRADE,LONDON,1859.889,1851.497,1872.476,1872.476,1851.239,STOP,0.002,1.6783,0.3357,8.391,-1.73,-1.0308,0.613,1.021,421,0.261,1.765,0.05,0.12,0.0,clear,compression -> confirmed range break + momentum,498.27
2023-01-05 18:25:00+00:00,2023-01-05 21:00:00+00:00,XAUUSD,LONG,LIQUIDITY_REVERSAL,LIQUIDITY_REVERSAL,0.8,85.0,A,NEWYORK,1837.068,1824.007,1856.659,1856.659,1833.049,SESSION_END,0.001,1.3061,0.2621,13.061,-0.4018,-0.3077,0.02,0.405,155,0.265,1.599,0.05,0.05,0.0,clear,sweep + rejection + CHoCH + displacement,497.8682
2023-01-06 13:34:00+00:00,2023-01-06 15:07:00+00:00,XAUUSD,LONG,LIQUIDITY_REVERSAL,CHOPPY,0.617,85.0,A,OVERLAP,1839.109,1826.917,1857.398,1857.398,1857.179,TP2,0.002,2.4385,0.4898,12.193,3.6139,1.482,1.562,0.155,93,0.223,1.366,0.05,0.0,0.0,clear,sweep + rejection + CHoCH + displacement,501.482
2023-01-12 20:06:00+00:00,2023-01-12 21:00:00+00:00,XAUUSD,SHORT,LIQUIDITY_REVERSAL,CHOPPY,0.578,85.0,A,NEWYORK,1894.927,1904.637,1880.363,1880.363,1899.284,SESSION_END,0.002,1.9419,0.3872,9.71,-0.8714,-0.4487,0.083,0.389,54,0.296,1.391,0.05,0.05,0.0,clear,sweep + rejection + CHoCH + displacement,500.6106
2023-01-17 12:43:00+00:00,2023-01-17 20:43:00+00:00,XAUUSD,SHORT,LIQUIDITY_REVERSAL,LIQUIDITY_REVERSAL,0.8,75.0,B,OVERLAP,1910.104,1919.821,1895.529,1895.529,1908.759,TIME,0.002,1.9433,0.3882,9.717,0.2691,0.1385,0.662,0.663,480,0.208,1.192,0.05,0.05,0.0,clear,sweep + rejection + CHoCH + displacement,500.8797
2023-01-23 11:02:00+00:00,2023-01-23 20:02:00+00:00,XAUUSD,SHORT,LIQUIDITY_REVERSAL,LIQUIDITY_REVERSAL,0.8,85.0,A,LONDON,1924.834,1933.979,1911.117,1911.117,1926.694,TIME,0.002,1.8289,0.3651,9.145,-0.372,-0.2034,1.486,0.509,480,0.242,1.258,0.05,0.05,0.0,clear,sweep + rejection + CHoCH + displacement,500.5077
2023-01-24 11:07:00+00:00,2023-01-24 14:57:00+00:00,XAUUSD,SHORT,LIQUIDITY_REVERSAL,LIQUIDITY_REVERSAL,0.7,85.0,A,LONDON,1935.493,1943.396,1923.64,1923.64,1923.785,TP2,0.003,2.3707,0.4737,7.902,3.5127,1.4817,1.642,0.479,230,0.229,1.112,0.05,0.0,0.0,clear,sweep + rejection + CHoCH + displacement,504.0203
2023-01-26 13:36:00+00:00,2023-01-26 21:00:00+00:00,XAUUSD,SHORT,LIQUIDITY_REVERSAL,LIQUIDITY_REVERSAL,1.0,85.0,A,OVERLAP,1933.686,1945.156,1916.481,1916.481,1929.802,SESSION_END,0.002,2.294,0.4551,11.47,0.7768,0.3386,1.313,0.752,444,0.238,1.649,0.05,0.05,0.0,clear,sweep + rejection + CHoCH + displacement,504.7971
2023-01-27 14:01:00+00:00,2023-01-27 18:00:00+00:00,XAUUSD,SHORT,LIQUIDITY_REVERSAL,LIQUIDITY_REVERSAL,1.0,90.0,A+,OVERLAP,1929.709,1943.581,1908.902,1908.902,1929.345,SESSION_END,0.001,1.3871,0.2748,13.871,0.0364,0.0263,0.95,0.173,239,0.271,1.757,0.05,0.05,0.0,clear,sweep + rejection + CHoCH + displacement,504.8336
2023-02-02 07:06:00+00:00,2023-02-02 13:51:00+00:00,XAUUSD,LONG,LIQUIDITY_REVERSAL,LIQUIDITY_REVERSAL,1.0,100.0,A+,LONDON,1954.858,1945.794,1968.454,1968.454,1945.543,STOP,0.002,1.8128,0.3591,9.064,-1.863,-1.0277,0.526,1.056,405,0.22,1.063,0.05,0.12,0.0,clear,sweep + rejection + CHoCH + displacement,502.9706
2023-02-03 11:26:00+00:00,2023-02-03 13:30:00+00:00,XAUUSD,LONG,LIQUIDITY_REVERSAL,LIQUIDITY_REVERSAL,0.7,85.0,A,LONDON,1912.277,1904.01,1924.676,1924.676,1903.785,STOP,0.003,2.48,0.4931,8.267,-2.5474,-1.0272,0.57,1.819,124,0.223,1.288,0.05,0.12,0.0,clear,sweep + rejection + CHoCH + displacement,500.4232
2023-02-06 08:07:00+00:00,2023-02-06 15:30:00+00:00,XAUUSD,LONG,LIQUIDITY_REVERSAL,LIQUIDITY_REVERSAL,1.0,80.0,B,LONDON,1878.292,1867.413,1894.61,1894.61,1867.164,STOP,0.002,2.1758,0.4348,10.879,-2.2257,-1.0229,0.267,1.047,443,0.234,1.391,0.05,0.12,0.0,clear,sweep + rejection + CHoCH + displacement,498.1975
2023-02-07 12:11:00+00:00,2023-02-07 20:11:00+00:00,XAUUSD,LONG,LIQUIDITY_REVERSAL,LIQUIDITY_REVERSAL,1.0,85.0,A,OVERLAP,1870.676,1857.954,1889.758,1889.758,1868.758,TIME,0.001,1.2722,0.2554,12.722,-0.1918,-0.1508,1.075,0.454,480,0.241,1.694,0.05,0.05,0.0,clear,sweep + rejection + CHoCH + displacement,498.0058
2023-02-08 08:10:00+00:00,2023-02-08 16:10:00+00:00,XAUUSD,SHORT,LIQUIDITY_REVERSAL,LIQUIDITY_REVERSAL,0.7,90.0,A+,LONDON,1880.29,1896.176,1856.461,1856.461,1875.414,TIME,0.001,1.5886,0.319,15.886,0.4876,0.307,0.717,0.36,480,0.29,1.771,0.05,0.05,0.0,clear,sweep + rejection + CHoCH + displacement,498.4934
2023-02-09 14:36:00+00:00,2023-02-09 21:00:00+00:00,XAUUSD,SHORT,LIQUIDITY_REVERSAL,LIQUIDITY_REVERSAL,1.0,85.0,A,OVERLAP,1881.457,1899.916,1853.768,1853.768,1861.257,SESSION_END,0.001,1.8459,0.3703,18.459,2.02,1.0943,1.224,0.106,384,0.256,1.857,0.05,0.05,0.0,clear,sweep + rejection + CHoCH + displacement,500.5134
2023-02-13 14:43:00+00:00,2023-02-13 21:00:00+00:00,XAUUSD,LONG,LIQUIDITY_REVERSAL,LIQUIDITY_REVERSAL,0.7,85.0,A,OVERLAP,1858.754,1843.669,1881.381,1881.381,1853.645,SESSION_END,0.001,1.5085,0.3014,15.085,-0.5108,-0.3386,0.025,0.559,377,0.257,1.814,0.05,0.05,0.0,clear,sweep + rejection + CHoCH + displacement,500.0025
2023-02-15 13:36:00+00:00,2023-02-15 21:00:00+00:00,XAUUSD,SHORT,TREND_CONTINUATION,STRONG_BEAR,0.939,85.0,A,OVERLAP,1833.27,1842.308,1819.713,1819.713,1837.659,SESSION_END,0.002,1.8076,0.3615,9.038,-0.8777,-0.4856,0.309,0.611,444,0.23,1.597,0.05,0.05,0.0,clear,trend pullback + LTF BOS,499.1248
2023-02-24 07:26:00+00:00,2023-02-24 14:45:00+00:00,XAUUSD,SHORT,BREAKOUT,COMPRESSION,0.968,80.0,B,LONDON,1822.834,1831.761,1809.443,1809.443,1809.6,TP2,0.002,1.7854,0.3577,8.927,2.6468,1.4825,1.503,0.298,319,0.223,1.089,0.05,0.0,0.0,clear,compression -> confirmed range break + momentum,501.7716
2023-02-27 09:01:00+00:00,2023-02-27 23:00:00+00:00,XAUUSD,SHORT,LIQUIDITY_REVERSAL,LIQUIDITY_REVERSAL,0.8,100.0,A+,LONDON,1809.417,1820.437,1792.887,1792.887,1816.929,SESSION_END,0.002,2.204,0.4392,11.02,-1.5023,-0.6816,0.109,0.965,419,0.235,1.172,0.05,0.05,0.0,clear,sweep + rejection + CHoCH + displacement,500.2693
2023-02-28 13:51:00+00:00,2023-02-28 17:30:00+00:00,XAUUSD,LONG,LIQUIDITY_REVERSAL,LIQUIDITY_REVERSAL,1.0,85.0,A,OVERLAP,1811.852,1799.383,1830.556,1830.556,1830.365,TP2,0.002,2.4938,0.4985,12.469,3.7025,1.4847,1.506,0.004,99,0.234,1.303,0.05,0.0,0.0,clear,sweep + rejection + CHoCH + displacement,503.9719
2023-03-13 07:36:00+00:00,2023-03-13 13:00:00+00:00,XAUUSD,LONG,LIQUIDITY_REVERSAL,LIQUIDITY_REVERSAL,1.0,100.0,A+,LONDON,1876.77,1862.981,1897.453,1897.453,1897.323,TP2,0.001,1.3789,0.2736,13.789,2.0553,1.4906,1.653,0.188,204,0.25,1.686,0.05,0.0,0.0,clear,sweep + rejection + CHoCH + displacement,506.0272
2023-03-17 11:26:00+00:00,2023-03-17 15:00:00+00:00,XAUUSD,LONG,BREAKOUT,STRONG_BULL,0.912,85.0,A,LONDON,1936.446,1924.129,1954.921,1954.921,1954.783,TP2,0.002,2.4634,0.4868,12.317,3.6675,1.4888,2.195,0.216,94,0.215,1.459,0.05,0.0,0.0,clear,compression -> confirmed range break + momentum,509.6947
2023-03-27 07:00:00+00:00,2023-03-27 10:32:00+00:00,XAUUSD,SHORT,BREAKOUT,COMPRESSION,0.905,50.0,NO_TRADE,LONDON,1969.848,1976.152,1960.392,1960.392,1960.506,TP2,0.004,2.5216,0.4947,6.304,3.7369,1.4819,1.582,0.426,212,0.174,1.105,0.05,0.0,0.0,clear,compression -> confirmed range break + momentum,513.4315
2023-04-04 07:38:00+00:00,2023-04-04 14:44:00+00:00,XAUUSD,LONG,LIQUIDITY_REVERSAL,LIQUIDITY_REVERSAL,0.7,85.0,A,LONDON,1979.893,1971.717,1992.157,1992.157,1992.047,TP2,0.003,2.4528,0.4777,8.176,3.6462,1.4865,1.556,0.181,306,0.196,1.141,0.05,0.0,0.0,clear,sweep + rejection + CHoCH + displacement,517.0777
2023-04-05 08:33:00+00:00,2023-04-05 15:32:00+00:00,XAUUSD,LONG,BREAKOUT,STRONG_BULL,1.0,85.0,A,LONDON,2027.992,2017.792,2043.292,2043.292,2017.476,STOP,0.002,2.04,0.3945,10.2,-2.1032,-1.031,0.385,1.229,299,0.228,1.247,0.05,0.12,0.0,clear,compression -> confirmed range break + momentum,514.9745
2023-04-14 13:36:00+00:00,2023-04-14 13:46:00+00:00,XAUUSD,LONG,LIQUIDITY_REVERSAL,LIQUIDITY_REVERSAL,0.7,80.0,B,OVERLAP,2032.843,2019.49,2052.871,2052.871,2019.157,STOP,0.001,1.3352,0.2593,13.352,-1.3686,-1.0249,0.174,1.039,10,0.335,2.508,0.05,0.12,0.0,clear,sweep + rejection + CHoCH + displacement,513.6059
2023-04-19 09:11:00+00:00,2023-04-19 21:00:00+00:00,XAUUSD,SHORT,BREAKOUT,BEAR,0.968,85.0,A,LONDON,1986.213,1999.574,1966.171,1966.171,1995.176,SESSION_END,0.001,1.3361,0.2601,13.361,-0.8963,-0.6708,1.123,0.781,409,0.345,2.206,0.05,0.05,0.0,clear,compression -> confirmed range break + momentum,512.7097
2023-04-26 10:26:00+00:00,2023-04-26 12:43:00+00:00,XAUUSD,LONG,BREAKOUT,COMPRESSION,1.0,100.0,A+,LONDON,1999.809,1992.385,2010.943,2010.943,1992.165,STOP,0.003,2.227,0.4344,7.423,-2.2932,-1.0298,0.245,1.148,77,0.221,1.328,0.05,0.12,0.0,clear,compression -> confirmed range break + momentum,510.4164
2023-04-27 07:22:00+00:00,2023-04-27 14:00:00+00:00,XAUUSD,LONG,LIQUIDITY_REVERSAL,BULL,0.856,100.0,A+,LONDON,2000.193,1992.079,2012.366,2012.366,1985.527,STOP,0.003,2.4344,0.4769,8.115,-4.3998,-1.8073,0.356,1.814,278,0.217,1.309,0.05,6.454699993133545,0.0,clear,sweep + rejection + CHoCH + displacement,506.0166
2023-05-08 12:51:00+00:00,2023-05-08 23:00:00+00:00,XAUUSD,SHORT,LIQUIDITY_REVERSAL,LIQUIDITY_REVERSAL,1.0,95.0,A+,OVERLAP,2022.334,2029.997,2010.84,2010.84,2021.119,SESSION_END,0.003,2.2988,0.4543,7.663,0.3645,0.1585,0.591,0.899,249,0.202,1.139,0.05,0.05,0.0,clear,sweep + rejection + CHoCH + displacement,506.381
2023-05-11 13:20:00+00:00,2023-05-12 02:29:00+00:00,XAUUSD,SHORT,LIQUIDITY_REVERSAL,LIQUIDITY_REVERSAL,0.8,75.0,B,OVERLAP,2032.733,2046.582,2011.961,2011.961,2012.131,TP2,0.001,1.3848,0.2735,13.848,2.0603,1.4877,1.544,0.612,369,0.321,2.126,0.05,0.0,0.0,clear,sweep + rejection + CHoCH + displacement,508.4413
2023-05-12 10:43:00+00:00,2023-05-12 13:41:00+00:00,XAUUSD,SHORT,BREAKOUT,STRONG_BEAR,0.924,70.0,NO_TRADE,LONDON,2003.405,2011.995,1990.521,1990.521,2012.236,STOP,0.002,1.7179,0.3379,8.59,-1.7661,-1.0281,0.3,1.035,118,0.238,1.353,0.05,0.12,0.0,clear,compression -> confirmed range break + momentum,506.6752
2023-05-18 09:01:00+00:00,2023-05-18 15:29:00+00:00,XAUUSD,SHORT,BREAKOUT,BEAR,1.0,85.0,A,LONDON,1973.785,1984.481,1957.741,1957.741,1957.933,TP2,0.002,2.1392,0.4222,10.696,3.1703,1.482,1.509,0.471,208,0.28,1.371,0.05,0.0,0.0,clear,compression -> confirmed range break + momentum,509.8455
2023-05-23 07:13:00+00:00,2023-05-23 19:13:00+00:00,XAUUSD,LONG,LIQUIDITY_REVERSAL,LIQUIDITY_REVERSAL,1.0,80.0,B,LONDON,1962.76,1953.951,1975.973,1975.973,1975.284,TIME,0.002,1.7618,0.3456,8.809,2.5048,1.4217,1.446,0.985,480,0.21,1.123,0.05,0.05,0.0,clear,sweep + rejection + CHoCH + displacement,512.3503
2023-05-25 13:22:00+00:00,2023-05-25 13:36:00+00:00,XAUUSD,SHORT,LIQUIDITY_REVERSAL,LIQUIDITY_REVERSAL,1.0,100.0,A+,OVERLAP,1959.532,1968.491,1946.095,1946.095,1946.231,TP2,0.002,1.7917,0.3497,8.958,2.6603,1.4849,1.578,0.141,14,0.205,1.213,0.05,0.0,0.0,clear,sweep + rejection + CHoCH + displacement,515.0107
2023-05-29 14:43:00+00:00,2023-05-29 23:00:00+00:00,XAUUSD,SHORT,LIQUIDITY_REVERSAL,CHOPPY,0.59,85.0,A,OVERLAP,1945.616,1952.53,1935.245,1935.245,1943.637,SESSION_END,0.003,2.0742,0.4028,6.914,0.5938,0.2863,0.398,0.372,166,0.178,0.796,0.05,0.05,0.0,clear,sweep + rejection + CHoCH + displacement,515.6045
2023-05-31 19:35:00+00:00,2023-05-31 21:00:00+00:00,XAUUSD,LONG,TREND_CONTINUATION,STRONG_BULL,0.946,85.0,A,NEWYORK,1967.068,1957.803,1980.967,1980.967,1962.34,SESSION_END,0.002,1.8531,0.3594,9.266,-0.9456,-0.5103,0.0,0.464,25,0.287,1.455,0.05,0.05,0.0,clear,trend pullback + LTF BOS,514.6589
2023-06-05 13:59:00+00:00,2023-06-05 15:15:00+00:00,XAUUSD,LONG,LIQUIDITY_REVERSAL,BEAR,0.967,85.0,A,OVERLAP,1942.889,1930.279,1961.803,1961.803,1961.61,TP2,0.002,2.5219,0.49,12.609,3.7443,1.4847,1.503,0.026,76,0.228,1.265,0.05,0.0,0.0,clear,sweep + rejection + CHoCH + displacement,518.4031
2023-06-06 14:01:00+00:00,2023-06-07 04:01:00+00:00,XAUUSD,SHORT,LIQUIDITY_REVERSAL,LIQUIDITY_REVERSAL,0.8,90.0,A+,OVERLAP,1961.298,1970.331,1947.748,1947.748,1963.728,TIME,0.002,1.8067,0.3485,9.033,-0.486,-0.269,0.78,0.597,480,0.194,1.022,0.05,0.05,0.0,clear,sweep + rejection + CHoCH + displacement,517.9171
2023-06-07 09:11:00+00:00,2023-06-07 15:00:00+00:00,XAUUSD,LONG,LIQUIDITY_REVERSAL,LIQUIDITY_REVERSAL,0.8,100.0,A+,LONDON,1958.389,1951.065,1969.375,1969.375,1969.264,TP2,0.003,2.1972,0.4242,7.324,3.2625,1.4848,1.527,0.183,169,0.228,1.112,0.05,0.0,0.0,clear,sweep + rejection + CHoCH + displacement,521.1796
2023-06-09 14:26:00+00:00,2023-06-09 18:00:00+00:00,XAUUSD,SHORT,LIQUIDITY_REVERSAL,LIQUIDITY_REVERSAL,0.7,75.0,B,OVERLAP,1963.547,1972.391,1950.281,1950.281,1961.261,SESSION_END,0.002,1.7688,0.3394,8.844,0.4572,0.2585,0.8,0.204,94,0.256,1.313,0.05,0.05,0.0,clear,sweep + rejection + CHoCH + displacement,521.6367
2023-06-13 07:26:00+00:00,2023-06-13 16:00:00+00:00,XAUUSD,LONG,LIQUIDITY_REVERSAL,CHOPPY,0.567,95.0,A+,LONDON,1961.025,1953.525,1972.276,1972.276,1952.126,STOP,0.003,2.2502,0.4314,7.501,-2.6696,-1.1864,0.676,1.172,334,0.223,0.907,0.05,1.1497999429702759,0.0,clear,sweep + rejection + CHoCH + displacement,518.9671
2023-06-19 09:01:00+00:00,2023-06-19 23:00:00+00:00,XAUUSD,LONG,LIQUIDITY_REVERSAL,LIQUIDITY_REVERSAL,0.8,90.0,A+,LONDON,1955.687,1947.475,1968.004,1968.004,1950.481,SESSION_END,0.003,2.4635,0.4747,8.212,-1.5618,-0.634,0.365,0.825,358,0.224,1.007,0.05,0.05,0.0,clear,sweep + rejection + CHoCH + displacement,517.4052
2023-06-20 07:21:00+00:00,2023-06-20 14:01:00+00:00,XAUUSD,LONG,LIQUIDITY_REVERSAL,CHOPPY,0.555,85.0,A,LONDON,1950.906,1943.444,1962.098,1962.098,1943.221,STOP,0.003,2.2385,0.4326,7.462,-2.3053,-1.0299,0.773,1.11,280,0.235,1.001,0.05,0.12,0.0,clear,sweep + rejection + CHoCH + displacement,515.0999
2023-06-21 10:28:00+00:00,2023-06-21 13:36:00+00:00,XAUUSD,LONG,LIQUIDITY_REVERSAL,LIQUIDITY_REVERSAL,0.7,85.0,A,LONDON,1935.518,1926.328,1949.302,1949.302,1926.059,STOP,0.002,1.8379,0.3568,9.19,-1.8917,-1.0293,0.025,1.048,128,0.245,1.136,0.05,0.12,0.0,clear,sweep + rejection + CHoCH + displacement,513.2082
2023-07-10 14:52:00+00:00,2023-07-10 23:00:00+00:00,XAUUSD,LONG,LIQUIDITY_REVERSAL,LIQUIDITY_REVERSAL,0.7,100.0,A+,OVERLAP,1923.862,1912.947,1940.235,1940.235,1924.883,SESSION_END,0.002,2.1831,0.4366,10.915,0.2041,0.0935,0.265,0.228,188,0.349,1.925,0.05,0.05,0.0,clear,sweep + rejection + CHoCH + displacement,500.2041
2023-07-13 12:31:00+00:00,2023-07-13 23:00:00+00:00,XAUUSD,SHORT,LIQUIDITY_REVERSAL,LIQUIDITY_REVERSAL,0.8,85.0,A,OVERLAP,1958.103,1964.727,1948.166,1948.166,1960.433,SESSION_END,0.003,1.9873,0.3973,6.624,-0.6989,-0.3517,0.525,0.501,209,0.184,0.788,0.05,0.05,0.0,clear,sweep + rejection + CHoCH + displacement,499.5052
2023-07-14 13:39:00+00:00,2023-07-14 20:00:00+00:00,XAUUSD,SHORT,LIQUIDITY_REVERSAL,LIQUIDITY_REVERSAL,0.7,85.0,A,OVERLAP,1957.409,1970.887,1937.191,1937.191,1959.234,SESSION_END,0.001,1.3479,0.2698,13.479,-0.1825,-0.1354,0.485,0.233,141,0.253,1.336,0.05,0.05,0.0,clear,sweep + rejection + CHoCH + displacement,499.3227
2023-07-20 10:16:00+00:00,2023-07-20 15:42:00+00:00,XAUUSD,SHORT,LIQUIDITY_REVERSAL,LIQUIDITY_REVERSAL,0.8,85.0,A,LONDON,1980.461,1988.99,1967.667,1967.667,1967.833,TP2,0.002,1.7058,0.3416,8.529,2.5256,1.4806,1.528,0.308,206,0.248,1.12,0.05,0.0,0.0,clear,sweep + rejection + CHoCH + displacement,501.8483
2023-07-21 15:31:00+00:00,2023-07-21 19:00:00+00:00,XAUUSD,LONG,LIQUIDITY_REVERSAL,BEAR,0.872,75.0,B,OVERLAP,1961.261,1952.334,1974.65,1974.65,1962.661,SESSION_END,0.002,1.7853,0.3557,8.926,0.2801,0.1569,0.449,0.193,89,0.271,1.465,0.05,0.05,0.0,clear,sweep + rejection + CHoCH + displacement,502.1284
2023-08-02 12:11:00+00:00,2023-08-02 15:29:00+00:00,XAUUSD,SHORT,LIQUIDITY_REVERSAL,LIQUIDITY_REVERSAL,0.7,90.0,A+,OVERLAP,1950.637,1961.189,1934.81,1934.81,1934.972,TP2,0.002,2.1103,0.4203,10.551,3.1331,1.4847,1.508,0.24,198,0.216,1.062,0.05,0.0,0.0,clear,sweep + rejection + CHoCH + displacement,505.2615
2023-08-03 08:26:00+00:00,2023-08-03 16:26:00+00:00,XAUUSD,LONG,LIQUIDITY_REVERSAL,LIQUIDITY_REVERSAL,0.7,85.0,A,LONDON,1933.911,1925.791,1946.091,1946.091,1937.033,TIME,0.003,2.436,0.4821,8.12,0.9366,0.3845,0.584,0.552,480,0.252,1.191,0.05,0.05,0.0,clear,sweep + rejection + CHoCH + displacement,506.198
2023-08-07 14:36:00+00:00,2023-08-07 21:00:00+00:00,XAUUSD,SHORT,LIQUIDITY_REVERSAL,LIQUIDITY_REVERSAL,0.7,90.0,A+,OVERLAP,1938.477,1946.875,1925.881,1925.881,1937.022,SESSION_END,0.003,2.5192,0.4977,8.397,0.4365,0.1733,0.847,0.252,384,0.276,1.327,0.05,0.05,0.0,clear,sweep + rejection + CHoCH + displacement,506.6345
2023-08-08 14:46:00+00:00,2023-08-08 21:00:00+00:00,XAUUSD,SHORT,TREND_CONTINUATION,STRONG_BEAR,0.947,80.0,B,OVERLAP,1924.837,1935.997,1908.097,1908.097,1925.347,SESSION_END,0.002,2.232,0.4406,11.16,-0.102,-0.0457,0.118,0.638,374,0.376,2.052,0.05,0.05,0.0,clear,trend pullback + LTF BOS,506.5324
2023-08-11 14:43:00+00:00,2023-08-11 18:00:00+00:00,XAUUSD,LONG,LIQUIDITY_REVERSAL,LIQUIDITY_REVERSAL,0.8,85.0,A,OVERLAP,1917.288,1905.24,1935.36,1935.36,1914.142,SESSION_END,0.002,2.4096,0.4757,12.048,-0.6292,-0.2611,0.29,0.366,197,0.386,1.808,0.05,0.05,0.0,clear,sweep + rejection + CHoCH + displacement,505.9032
2023-08-15 13:21:00+00:00,2023-08-15 15:38:00+00:00,XAUUSD,SHORT,TREND_CONTINUATION,BEAR,0.934,100.0,A+,OVERLAP,1901.255,1909.807,1888.427,1888.427,1910.118,STOP,0.002,1.7104,0.3381,8.552,-1.7725,-1.0363,0.589,1.017,137,0.226,0.938,0.05,0.12,0.0,clear,trend pullback + LTF BOS,504.1306
2023-08-21 13:41:00+00:00,2023-08-21 15:18:00+00:00,XAUUSD,LONG,BREAKOUT,EXPANSION,0.839,70.0,NO_TRADE,OVERLAP,1895.908,1887.344,1908.754,1908.754,1887.058,STOP,0.002,1.7128,0.3398,8.564,-1.7701,-1.0334,0.322,1.022,97,0.266,1.25,0.05,0.12,0.0,clear,compression -> confirmed range break + momentum,502.3606
2023-08-31 13:41:00+00:00,2023-08-31 21:00:00+00:00,XAUUSD,SHORT,LIQUIDITY_REVERSAL,LIQUIDITY_REVERSAL,1.0,85.0,A,OVERLAP,1944.157,1953.724,1929.807,1929.807,1940.537,SESSION_END,0.002,1.9133,0.3809,9.567,0.724,0.3784,0.553,0.221,439,0.316,1.134,0.05,0.05,0.0,clear,sweep + rejection + CHoCH + displacement,503.0845
2023-09-06 14:37:00+00:00,2023-09-06 15:43:00+00:00,XAUUSD,LONG,LIQUIDITY_REVERSAL,LIQUIDITY_REVERSAL,0.7,85.0,A,OVERLAP,1924.454,1915.514,1937.865,1937.865,1915.165,STOP,0.002,1.7882,0.3554,8.941,-1.858,-1.039,0.515,1.023,66,0.279,1.078,0.05,0.12,0.0,clear,sweep + rejection + CHoCH + displacement,501.2266
2023-09-07 14:51:00+00:00,2023-09-07 21:00:00+00:00,XAUUSD,SHORT,LIQUIDITY_REVERSAL,LIQUIDITY_REVERSAL,0.7,100.0,A+,OVERLAP,1918.294,1929.893,1900.897,1900.897,1919.563,SESSION_END,0.002,2.3197,0.4628,11.598,-0.2537,-0.1094,0.102,0.269,369,0.381,1.612,0.05,0.05,0.0,clear,sweep + rejection + CHoCH + displacement,500.9729
2023-09-08 14:49:00+00:00,2023-09-08 18:00:00+00:00,XAUUSD,LONG,LIQUIDITY_REVERSAL,LIQUIDITY_REVERSAL,0.7,85.0,A,OVERLAP,1924.118,1913.499,1940.048,1940.048,1919.019,SESSION_END,0.002,2.1239,0.424,10.62,-1.0199,-0.4802,0.516,0.649,191,0.327,1.29,0.05,0.05,0.0,clear,sweep + rejection + CHoCH + displacement,499.953
2023-09-13 13:40:00+00:00,2023-09-13 21:00:00+00:00,XAUUSD,SHORT,LIQUIDITY_REVERSAL,CHOPPY,0.569,100.0,A+,OVERLAP,1908.911,1921.753,1889.647,1889.647,1908.977,SESSION_END,0.001,1.2843,0.2569,12.843,-0.0066,-0.0051,0.064,0.525,437,0.409,1.58,0.05,0.05,0.0,clear,sweep + rejection + CHoCH + displacement,499.9464
2023-09-15 15:06:00+00:00,2023-09-15 18:00:00+00:00,XAUUSD,LONG,BREAKOUT,BULL,0.903,85.0,A,OVERLAP,1927.944,1915.686,1946.331,1946.331,1925.01,SESSION_END,0.002,2.4516,0.4904,12.258,-0.5868,-0.2394,0.193,0.271,170,0.398,1.727,0.05,0.05,0.0,clear,compression -> confirmed range break + momentum,499.3595
2023-09-19 13:46:00+00:00,2023-09-19 21:00:00+00:00,XAUUSD,SHORT,LIQUIDITY_REVERSAL,LIQUIDITY_REVERSAL,0.8,75.0,B,OVERLAP,1934.046,1942.368,1921.561,1921.561,1932.324,SESSION_END,0.002,1.6646,0.3333,8.323,0.3444,0.2069,0.525,0.267,434,0.265,0.853,0.05,0.05,0.0,clear,sweep + rejection + CHoCH + displacement,499.7039
2023-09-25 15:11:00+00:00,2023-09-25 21:00:00+00:00,XAUUSD,SHORT,LIQUIDITY_REVERSAL,LIQUIDITY_REVERSAL,0.7,95.0,A+,OVERLAP,1921.811,1933.307,1904.566,1904.566,1915.993,SESSION_END,0.002,2.2993,0.4601,11.496,1.1635,0.506,0.589,0.109,349,0.328,1.268,0.05,0.05,0.0,clear,sweep + rejection + CHoCH + displacement,500.8674
2023-10-03 13:36:00+00:00,2023-10-03 21:00:00+00:00,XAUUSD,SHORT,LIQUIDITY_REVERSAL,LIQUIDITY_REVERSAL,1.0,100.0,A+,OVERLAP,1824.676,1837.758,1805.053,1805.053,1824.388,SESSION_END,0.001,1.3082,0.2612,13.082,0.0288,0.022,0.423,0.652,444,0.237,1.421,0.05,0.05,0.0,clear,sweep + rejection + CHoCH + displacement,500.8962
2023-10-04 13:22:00+00:00,2023-10-04 21:00:00+00:00,XAUUSD,SHORT,LIQUIDITY_REVERSAL,LIQUIDITY_REVERSAL,1.0,90.0,A+,OVERLAP,1827.326,1835.937,1814.409,1814.409,1823.491,SESSION_END,0.002,1.7222,0.3438,8.611,0.7669,0.4453,1.26,0.212,458,0.259,1.475,0.05,0.05,0.0,clear,sweep + rejection + CHoCH + displacement,501.6631
2023-10-09 13:06:00+00:00,2023-10-09 18:42:00+00:00,XAUUSD,SHORT,LIQUIDITY_REVERSAL,LIQUIDITY_REVERSAL,0.7,80.0,B,OVERLAP,1847.469,1854.921,1836.293,1836.293,1855.161,STOP,0.003,2.2354,0.4456,7.451,-2.3076,-1.0323,0.447,1.023,336,0.191,0.833,0.05,0.12,0.0,clear,sweep + rejection + CHoCH + displacement,499.3556
2023-10-16 13:36:00+00:00,2023-10-16 21:00:00+00:00,XAUUSD,LONG,LIQUIDITY_REVERSAL,LIQUIDITY_REVERSAL,0.7,90.0,A+,OVERLAP,1919.02,1908.095,1935.407,1935.407,1918.527,SESSION_END,0.002,2.1849,0.4375,10.925,-0.0986,-0.0451,0.337,0.426,444,0.264,1.816,0.05,0.05,0.0,clear,sweep + rejection + CHoCH + displacement,499.2569
2023-10-20 00:11:00+00:00,2023-10-20 08:11:00+00:00,XAUUSD,LONG,LIQUIDITY_REVERSAL,BULL,0.619,95.0,A+,ASIA,1977.254,1964.455,1996.451,1996.451,1979.129,TIME,0.001,1.2798,0.2563,12.798,0.1875,0.1465,0.387,0.418,480,0.457,1.564,0.05,0.05,0.0,clear,sweep + rejection + CHoCH + displacement,499.4444
2023-10-25 16:06:00+00:00,2023-10-25 21:00:00+00:00,XAUUSD,LONG,LIQUIDITY_REVERSAL,LIQUIDITY_REVERSAL,1.0,80.0,B,NEWYORK,1971.625,1948.338,2006.555,2006.555,1979.746,SESSION_END,0.001,2.3287,0.4663,23.287,0.8121,0.3488,0.597,0.06,294,0.52,3.159,0.05,0.05,0.0,clear,sweep + rejection + CHoCH + displacement,500.2566
2023-11-02 12:25:00+00:00,2023-11-02 14:09:00+00:00,XAUUSD,LONG,LIQUIDITY_REVERSAL,LIQUIDITY_REVERSAL,1.0,75.0,B,OVERLAP,1989.824,1981.809,2001.846,2001.846,1981.524,STOP,0.003,2.4044,0.4806,8.015,-2.4899,-1.0356,0.139,1.119,104,0.238,1.266,0.05,0.12,0.0,clear,sweep + rejection + CHoCH + displacement,497.7666
2023-11-03 12:26:00+00:00,2023-11-03 12:32:00+00:00,XAUUSD,LONG,LIQUIDITY_REVERSAL,CHOPPY,0.605,100.0,A+,OVERLAP,1989.886,1981.839,2001.955,2001.955,2001.821,TP2,0.003,2.4139,0.4849,8.046,3.5805,1.4833,1.53,0.546,6,0.222,0.914,0.05,0.0,0.0,clear,sweep + rejection + CHoCH + displacement,501.3472
2023-11-07 10:16:00+00:00,2023-11-07 18:16:00+00:00,XAUUSD,SHORT,TREND_CONTINUATION,STRONG_BEAR,1.0,85.0,A,LONDON,1965.353,1974.465,1951.686,1951.686,1966.051,TIME,0.002,1.8223,0.3635,9.112,-0.1395,-0.0766,0.961,0.283,480,0.249,1.064,0.05,0.05,0.0,clear,trend pullback + LTF BOS,501.2077
2023-11-08 13:06:00+00:00,2023-11-08 15:23:00+00:00,XAUUSD,LONG,LIQUIDITY_REVERSAL,LIQUIDITY_REVERSAL,1.0,85.0,A,OVERLAP,1964.872,1957.089,1976.547,1976.547,1956.825,STOP,0.003,2.3349,0.4659,7.783,-2.4142,-1.0339,0.216,1.206,137,0.215,0.953,0.05,0.12,0.0,clear,sweep + rejection + CHoCH + displacement,498.7935
2023-11-09 08:41:00+00:00,2023-11-09 15:44:00+00:00,XAUUSD,LONG,LIQUIDITY_REVERSAL,LIQUIDITY_REVERSAL,0.7,85.0,A,LONDON,1948.433,1938.474,1963.373,1963.373,1963.202,TP2,0.002,1.9919,0.3994,9.96,2.9537,1.4828,1.51,0.372,423,0.257,1.05,0.05,0.0,0.0,clear,sweep + rejection + CHoCH + displacement,501.7472
2023-11-20 18:06:00+00:00,2023-11-20 21:00:00+00:00,XAUUSD,LONG,LIQUIDITY_REVERSAL,LIQUIDITY_REVERSAL,1.0,85.0,A,NEWYORK,1977.907,1963.675,1999.254,1999.254,1977.105,SESSION_END,0.001,1.4232,0.2836,14.232,-0.0802,-0.0564,0.066,0.164,174,0.303,1.504,0.05,0.05,0.0,clear,sweep + rejection + CHoCH + displacement,501.667
2023-11-22 15:06:00+00:00,2023-11-22 21:00:00+00:00,XAUUSD,SHORT,LIQUIDITY_REVERSAL,LIQUIDITY_REVERSAL,1.0,85.0,A,OVERLAP,1997.215,2010.788,1976.857,1976.857,1990.187,SESSION_END,0.001,1.3572,0.2705,13.572,0.7028,0.5178,0.767,0.0,354,0.279,1.709,0.05,0.05,0.0,clear,sweep + rejection + CHoCH + displacement,502.3698
2023-11-29 13:37:00+00:00,2023-11-29 21:00:00+00:00,XAUUSD,SHORT,LIQUIDITY_REVERSAL,LIQUIDITY_REVERSAL,1.0,85.0,A,OVERLAP,2038.737,2049.641,2022.38,2022.38,2045.268,SESSION_END,0.002,2.1809,0.4341,10.904,-1.3062,-0.599,0.159,0.981,441,0.236,1.322,0.05,0.05,0.0,clear,sweep + rejection + CHoCH + displacement,501.0636
2023-12-04 11:32:00+00:00,2023-12-04 13:50:00+00:00,XAUUSD,LONG,LIQUIDITY_REVERSAL,LIQUIDITY_REVERSAL,0.8,100.0,A+,LONDON,2070.533,2058.009,2089.32,2089.32,2057.773,STOP,0.002,2.5049,0.4999,12.524,-2.5522,-1.0189,0.097,1.174,138,0.257,1.954,0.05,0.12,0.0,clear,sweep + rejection + CHoCH + displacement,498.5114
2023-12-05 15:06:00+00:00,2023-12-05 21:00:00+00:00,XAUUSD,LONG,LIQUIDITY_REVERSAL,LIQUIDITY_REVERSAL,1.0,85.0,A,OVERLAP,2023.229,2002.143,2054.858,2054.858,2018.967,SESSION_END,0.001,2.1086,0.423,21.086,-0.4262,-0.2021,0.0,0.634,354,0.288,2.899,0.05,0.05,0.0,clear,sweep + rejection + CHoCH + displacement,498.0852
2023-12-07 09:29:00+00:00,2023-12-07 13:47:00+00:00,XAUUSD,SHORT,LIQUIDITY_REVERSAL,LIQUIDITY_REVERSAL,0.8,90.0,A+,LONDON,2030.951,2039.737,2017.771,2017.771,2039.999,STOP,0.002,1.7573,0.3528,8.786,-1.8097,-1.0298,0.168,1.005,258,0.235,1.123,0.05,0.12,0.0,clear,sweep + rejection + CHoCH + displacement,496.2755
2023-12-08 14:11:00+00:00,2023-12-08 18:00:00+00:00,XAUUSD,SHORT,BREAKOUT,BEAR,0.833,80.0,B,OVERLAP,2011.763,2030.607,1983.498,1983.498,1997.162,SESSION_END,0.001,1.8844,0.3797,18.844,1.4601,0.7749,0.913,0.159,229,0.423,3.131,0.05,0.05,0.0,clear,compression -> confirmed range break + momentum,497.7356
2023-12-11 07:46:00+00:00,2023-12-11 15:23:00+00:00,XAUUSD,SHORT,LIQUIDITY_REVERSAL,LIQUIDITY_REVERSAL,0.8,90.0,A+,LONDON,1997.366,2005.63,1984.969,1984.969,1985.103,TP2,0.003,2.4794,0.4981,8.265,3.6787,1.4837,1.559,0.042,457,0.219,1.032,0.05,0.0,0.0,clear,sweep + rejection + CHoCH + displacement,501.4143
2023-12-14 08:06:00+00:00,2023-12-14 16:06:00+00:00,XAUUSD,LONG,LIQUIDITY_REVERSAL,LIQUIDITY_REVERSAL,1.0,100.0,A+,LONDON,2035.255,2019.226,2059.3,2059.3,2038.799,TIME,0.001,1.603,0.3197,16.03,0.3544,0.2211,0.781,0.487,480,0.281,1.695,0.05,0.05,0.0,clear,sweep + rejection + CHoCH + displacement,501.7687
2023-12-20 08:06:00+00:00,2023-12-20 16:06:00+00:00,XAUUSD,SHORT,LIQUIDITY_REVERSAL,LIQUIDITY_REVERSAL,0.7,85.0,A,LONDON,2040.276,2048.327,2028.199,2028.199,2033.432,TIME,0.003,2.4154,0.4814,8.051,2.0532,0.8501,1.341,0.26,480,0.239,0.891,0.05,0.05,0.0,clear,sweep + rejection + CHoCH + displacement,503.8219
2023-12-27 12:52:00+00:00,2023-12-27 15:27:00+00:00,XAUUSD,SHORT,LIQUIDITY_REVERSAL,LIQUIDITY_REVERSAL,0.7,85.0,A,OVERLAP,2066.811,2075.685,2053.501,2053.501,2075.975,STOP,0.002,1.7748,0.3523,8.874,-1.8327,-1.0327,0.284,1.013,155,0.228,0.96,0.05,0.12,0.0,clear,sweep + rejection + CHoCH + displacement,501.9892
2024-01-02 14:40:00+00:00,2024-01-02 21:00:00+00:00,XAUUSD,SHORT,LIQUIDITY_REVERSAL,LIQUIDITY_REVERSAL,0.7,70.0,NO_TRADE,OVERLAP,2066.604,2075.898,2052.661,2052.661,2058.86,SESSION_END,0.002,1.859,0.3718,9.295,1.5487,0.8331,1.16,0.429,380,0.283,2.037,0.05,0.05,0.0,clear,sweep + rejection + CHoCH + displacement,501.5487
2024-01-05 10:55:00+00:00,2024-01-05 13:30:00+00:00,XAUUSD,LONG,LIQUIDITY_REVERSAL,LIQUIDITY_REVERSAL,0.8,75.0,B,LONDON,2039.997,2032.746,2050.874,2050.874,2032.517,STOP,0.003,2.1754,0.4337,7.251,-2.2441,-1.0316,0.233,1.709,155,0.225,0.954,0.05,0.12,0.0,clear,sweep + rejection + CHoCH + displacement,499.3045
2024-01-09 13:08:00+00:00,2024-01-09 13:38:00+00:00,XAUUSD,SHORT,LIQUIDITY_REVERSAL,CHOPPY,0.683,100.0,A+,OVERLAP,2033.684,2040.666,2023.211,2023.211,2040.889,STOP,0.003,2.0946,0.4195,6.982,-2.1614,-1.0319,0.308,1.176,30,0.181,1.026,0.05,0.12,0.0,clear,sweep + rejection + CHoCH + displacement,497.1432
2024-01-09 13:52:00+00:00,2024-01-09 21:00:00+00:00,XAUUSD,SHORT,LIQUIDITY_REVERSAL,CHOPPY,0.628,90.0,A+,OVERLAP,2038.253,2048.319,2023.153,2023.153,2029.289,SESSION_END,0.002,2.0133,0.405,10.067,1.7927,0.8904,1.216,0.175,428,0.265,1.891,0.05,0.05,0.0,clear,sweep + rejection + CHoCH + displacement,498.9359
2024-01-22 14:56:00+00:00,2024-01-22 21:00:00+00:00,XAUUSD,LONG,LIQUIDITY_REVERSAL,LIQUIDITY_REVERSAL,0.8,100.0,A+,OVERLAP,2023.753,2004.433,2052.732,2052.732,2020.204,SESSION_END,0.001,1.9319,0.3872,19.319,-0.3549,-0.1837,0.139,0.243,364,0.335,2.184,0.05,0.05,0.0,clear,sweep + rejection + CHoCH + displacement,498.581
2024-01-25 07:29:00+00:00,2024-01-25 15:29:00+00:00,XAUUSD,LONG,LIQUIDITY_REVERSAL,CHOPPY,0.71,80.0,B,LONDON,2016.339,2009.027,2027.306,2027.306,2019.481,TIME,0.003,2.1936,0.44,7.312,0.9425,0.4297,1.208,0.941,480,0.227,0.917,0.05,0.05,0.0,clear,sweep + rejection + CHoCH + displacement,499.5235
2024-02-01 13:31:00+00:00,2024-02-01 14:31:00+00:00,XAUUSD,LONG,LIQUIDITY_REVERSAL,LIQUIDITY_REVERSAL,0.8,90.0,A+,OVERLAP,2034.379,2024.571,2049.09,2049.09,2048.938,TP2,0.002,1.9615,0.3927,9.807,2.9118,1.4845,1.503,0.039,60,0.247,1.478,0.05,0.0,0.0,clear,sweep + rejection + CHoCH + displacement,502.4354
2024-02-01 15:01:00+00:00,2024-02-01 16:43:00+00:00,XAUUSD,SHORT,LIQUIDITY_REVERSAL,LIQUIDITY_REVERSAL,0.7,75.0,B,OVERLAP,2044.361,2061.365,2018.855,2018.855,2061.7,STOP,0.001,1.7004,0.3384,17.004,-1.7339,-1.0197,0.034,1.105,102,0.328,2.327,0.05,0.12,0.0,clear,sweep + rejection + CHoCH + displacement,500.7014
2024-02-02 13:26:00+00:00,2024-02-02 13:36:00+00:00,XAUUSD,SHORT,LIQUIDITY_REVERSAL,LIQUIDITY_REVERSAL,1.0,85.0,A,OVERLAP,2053.542,2064.048,2037.783,2037.783,2037.955,TP2,0.002,2.1012,0.4197,10.506,3.1175,1.4836,1.589,0.017,10,0.226,1.07,0.05,0.0,0.0,clear,sweep + rejection + CHoCH + displacement,503.8189
2024-02-02 14:51:00+00:00,2024-02-02 18:00:00+00:00,XAUUSD,LONG,LIQUIDITY_REVERSAL,LIQUIDITY_REVERSAL,0.8,85.0,A,OVERLAP,2033.292,2018.034,2056.178,2056.178,2034.745,SESSION_END,0.001,1.5257,0.3028,15.257,0.1453,0.0952,0.27,0.321,189,0.473,2.913,0.05,0.05,0.0,clear,sweep + rejection + CHoCH + displacement,503.9642
2024-02-07 14:26:00+00:00,2024-02-07 14:48:00+00:00,XAUUSD,SHORT,LIQUIDITY_REVERSAL,LIQUIDITY_REVERSAL,0.7,85.0,A,OVERLAP,2034.466,2043.748,2020.542,2020.542,2044.047,STOP,0.002,1.8565,0.3684,9.283,-1.9164,-1.0322,0.204,1.071,22,0.285,1.365,0.05,0.12,0.0,clear,sweep + rejection + CHoCH + displacement,502.0478
2024-02-09 13:36:00+00:00,2024-02-09 18:00:00+00:00,XAUUSD,LONG,LIQUIDITY_REVERSAL,LIQUIDITY_REVERSAL,1.0,85.0,A,OVERLAP,2030.917,2016.6,2052.394,2052.394,2024.543,SESSION_END,0.001,1.4318,0.2852,14.318,-0.6375,-0.4452,0.06,0.749,264,0.345,1.649,0.05,0.05,0.0,clear,sweep + rejection + CHoCH + displacement,501.4104
2024-02-16 15:11:00+00:00,2024-02-16 18:00:00+00:00,XAUUSD,LONG,LIQUIDITY_REVERSAL,LIQUIDITY_REVERSAL,1.0,95.0,A+,OVERLAP,2002.325,1983.493,2030.572,2030.572,2012.738,SESSION_END,0.001,1.8831,0.3756,18.831,1.0414,0.553,0.636,0.0,169,0.499,2.259,0.05,0.05,0.0,clear,sweep + rejection + CHoCH + displacement,502.4517
2024-03-05 11:07:00+00:00,2024-03-05 19:07:00+00:00,XAUUSD,LONG,TREND_CONTINUATION,STRONG_BULL,1.0,85.0,A,LONDON,2126.159,2115.479,2142.181,2142.181,2131.371,TIME,0.002,2.1362,0.4252,10.681,1.0423,0.4879,1.459,0.473,480,0.289,1.371,0.05,0.05,0.0,clear,trend pullback + LTF BOS,503.494
2024-03-06 13:30:00+00:00,2024-03-06 14:33:00+00:00,XAUUSD,SHORT,LIQUIDITY_REVERSAL,LIQUIDITY_REVERSAL,0.7,75.0,B,OVERLAP,2134.667,2143.155,2121.934,2121.934,2143.425,STOP,0.002,1.6977,0.3372,8.488,-1.7516,-1.0318,0.26,1.093,63,0.256,1.535,0.05,0.12,0.0,clear,sweep + rejection + CHoCH + displacement,501.7424
2024-03-07 11:06:00+00:00,2024-03-07 13:06:00+00:00,XAUUSD,SHORT,LIQUIDITY_REVERSAL,LIQUIDITY_REVERSAL,0.7,80.0,B,LONDON,2154.768,2163.549,2141.597,2141.597,2163.77,STOP,0.002,1.7562,0.35,8.781,-1.8004,-1.0252,0.187,1.124,120,0.214,1.158,0.05,0.12,0.0,clear,sweep + rejection + CHoCH + displacement,499.9421
2024-03-11 07:37:00+00:00,2024-03-11 15:37:00+00:00,XAUUSD,SHORT,LIQUIDITY_REVERSAL,LIQUIDITY_REVERSAL,0.7,80.0,B,LONDON,2177.976,2185.455,2166.757,2166.757,2184.556,TIME,0.003,2.2437,0.4488,7.479,-1.974,-0.8798,0.439,0.937,480,0.219,1.067,0.05,0.05,0.0,clear,sweep + rejection + CHoCH + displacement,497.9681
2024-03-11 18:58:00+00:00,2024-03-11 22:00:00+00:00,XAUUSD,LONG,LIQUIDITY_REVERSAL,LIQUIDITY_REVERSAL,0.8,90.0,A+,NEWYORK,2180.55,2171.335,2194.372,2194.372,2181.521,SESSION_END,0.002,1.843,0.3701,9.215,0.1942,0.1054,0.38,0.002,121,0.229,1.144,0.05,0.05,0.0,clear,sweep + rejection + CHoCH + displacement,498.1623
2024-03-12 12:22:00+00:00,2024-03-12 12:41:00+00:00,XAUUSD,SHORT,BREAKOUT,EXPANSION,0.876,55.0,NO_TRADE,OVERLAP,2168.642,2181.177,2149.84,2149.84,2181.51,STOP,0.001,1.2535,0.2516,12.535,-1.2868,-1.0266,0.617,1.055,19,0.246,1.443,0.05,0.12,0.0,clear,compression -> confirmed range break + momentum,496.8755
2024-03-19 12:26:00+00:00,2024-03-19 20:26:00+00:00,XAUUSD,SHORT,LIQUIDITY_REVERSAL,LIQUIDITY_REVERSAL,1.0,100.0,A+,OVERLAP,2152.819,2163.558,2136.712,2136.712,2158.326,TIME,0.002,2.1476,0.4322,10.738,-1.1014,-0.5128,0.422,0.54,480,0.231,1.308,0.05,0.05,0.0,clear,sweep + rejection + CHoCH + displacement,495.7741
2024-03-26 11:00:00+00:00,2024-03-26 12:47:00+00:00,XAUUSD,LONG,BREAKOUT,STRONG_BULL,0.898,70.0,NO_TRADE,LONDON,2197.821,2188.63,2211.607,2211.607,2188.372,STOP,0.002,1.8382,0.3708,9.191,-1.8898,-1.0281,0.126,1.019,107,0.312,1.99,0.05,0.12,0.0,clear,compression -> confirmed range break + momentum,493.8843
2024-03-27 11:46:00+00:00,2024-03-27 19:46:00+00:00,XAUUSD,SHORT,LIQUIDITY_REVERSAL,LIQUIDITY_REVERSAL,1.0,85.0,A,LONDON,2190.953,2207.559,2166.044,2166.044,2191.709,TIME,0.001,1.6606,0.3362,16.606,-0.0756,-0.0455,0.453,0.251,480,0.324,1.975,0.05,0.05,0.0,clear,sweep + rejection + CHoCH + displacement,493.8087
2024-04-01 10:28:00+00:00,2024-04-01 15:06:00+00:00,XAUUSD,SHORT,LIQUIDITY_REVERSAL,LIQUIDITY_REVERSAL,0.7,70.0,NO_TRADE,LONDON,2253.483,2266.094,2234.568,2234.568,2234.739,TP2,0.001,1.261,0.2554,12.61,1.8744,1.4864,1.522,0.339,278,0.203,1.302,0.05,0.0,0.0,clear,sweep + rejection + CHoCH + displacement,495.6831
2024-04-02 00:02:00+00:00,2024-04-02 08:02:00+00:00,XAUUSD,SHORT,LIQUIDITY_REVERSAL,BULL,0.866,70.0,NO_TRADE,ASIA,2251.636,2262.48,2235.37,2235.37,2254.956,TIME,0.002,2.1688,0.4375,10.844,-0.6639,-0.3061,0.466,0.753,480,0.338,1.488,0.05,0.05,0.0,clear,sweep + rejection + CHoCH + displacement,495.0192
2024-04-02 13:21:00+00:00,2024-04-02 15:03:00+00:00,XAUUSD,LONG,LIQUIDITY_REVERSAL,LIQUIDITY_REVERSAL,0.8,90.0,A+,OVERLAP,2257.1,2248.521,2269.97,2269.97,2269.815,TP2,0.002,1.716,0.3466,8.58,2.5428,1.4819,1.934,0.451,102,0.251,2.211,0.05,0.0,0.0,clear,sweep + rejection + CHoCH + displacement,497.562
2024-04-04 13:51:00+00:00,2024-04-04 21:00:00+00:00,XAUUSD,LONG,LIQUIDITY_REVERSAL,LIQUIDITY_REVERSAL,0.7,90.0,A+,OVERLAP,2287.443,2274.197,2307.311,2307.311,2284.546,SESSION_END,0.001,1.3246,0.2662,13.246,-0.2897,-0.2187,1.358,0.585,429,0.256,2.265,0.05,0.05,0.0,clear,sweep + rejection + CHoCH + displacement,497.2723
2024-04-05 13:32:00+00:00,2024-04-05 14:18:00+00:00,XAUUSD,LONG,LIQUIDITY_REVERSAL,LIQUIDITY_REVERSAL,0.8,90.0,A+,OVERLAP,2284.941,2277.31,2296.386,2296.386,2296.219,TP2,0.003,2.2891,0.4603,7.63,3.3833,1.478,1.689,0.617,46,0.214,1.89,0.05,0.0,0.0,clear,sweep + rejection + CHoCH + displacement,500.6556
2024-04-08 14:36:00+00:00,2024-04-08 21:00:00+00:00,XAUUSD,SHORT,LIQUIDITY_REVERSAL,LIQUIDITY_REVERSAL,0.8,75.0,B,OVERLAP,2330.63,2345.003,2309.07,2309.07,2338.961,SESSION_END,0.001,1.4373,0.2871,14.373,-0.8331,-0.5796,0.839,0.784,384,0.27,3.821,0.05,0.05,0.0,clear,sweep + rejection + CHoCH + displacement,499.8225
2024-04-09 02:16:00+00:00,2024-04-09 10:16:00+00:00,XAUUSD,LONG,BREAKOUT,COMPRESSION,0.963,80.0,B,ASIA,2343.893,2327.764,2368.085,2368.085,2360.015,TIME,0.001,1.6128,0.3227,16.128,1.6122,0.9996,1.077,0.346,480,0.315,1.633,0.05,0.05,0.0,clear,compression -> confirmed range break + momentum,501.4348
2024-04-09 10:21:00+00:00,2024-04-09 12:36:00+00:00,XAUUSD,LONG,BREAKOUT,STRONG_BULL,1.0,85.0,A,LONDON,2362.325,2351.496,2378.569,2378.569,2351.281,STOP,0.002,2.1659,0.4319,10.829,-2.2088,-1.0198,0.264,1.017,135,0.201,1.934,0.05,0.12,0.0,clear,compression -> confirmed range break + momentum,499.2259
2024-04-09 20:11:00+00:00,2024-04-09 21:00:00+00:00,XAUUSD,SHORT,LIQUIDITY_REVERSAL,LIQUIDITY_REVERSAL,0.8,85.0,A,NEWYORK,2345.978,2356.353,2330.416,2330.416,2351.359,SESSION_END,0.002,2.075,0.4156,10.375,-1.0763,-0.5187,0.081,0.525,49,0.22,1.664,0.05,0.05,0.0,clear,sweep + rejection + CHoCH + displacement,498.1496
2024-04-10 14:18:00+00:00,2024-04-10 15:20:00+00:00,XAUUSD,SHORT,BREAKOUT,EXPANSION,0.95,80.0,B,OVERLAP,2326.851,2348.489,2294.395,2294.395,2348.865,STOP,0.001,2.1637,0.4344,21.637,-2.2014,-1.0174,0.351,1.075,62,0.468,5.374,0.05,0.12,0.0,clear,compression -> confirmed range break + momentum,495.9483
2024-04-12 00:52:00+00:00,2024-04-12 08:09:00+00:00,XAUUSD,LONG,TREND_CONTINUATION,STRONG_BULL,0.933,85.0,A,ASIA,2376.719,2363.894,2395.956,2395.956,2395.843,TP2,0.001,1.2825,0.2586,12.825,1.9124,1.4912,1.664,0.174,437,0.347,1.647,0.05,0.0,0.0,clear,trend pullback + LTF BOS,497.8607
2024-04-12 08:14:00+00:00,2024-04-12 15:14:00+00:00,XAUUSD,LONG,BREAKOUT,STRONG_BULL,1.0,70.0,NO_TRADE,LONDON,2397.483,2386.68,2413.687,2413.687,2413.535,TP2,0.002,2.1606,0.434,10.803,3.2105,1.4859,1.669,0.664,420,0.236,2.208,0.05,0.0,0.0,clear,compression -> confirmed range break + momentum,501.0712
2024-04-12 15:56:00+00:00,2024-04-12 16:24:00+00:00,XAUUSD,LONG,BREAKOUT,BULL,1.0,95.0,A+,OVERLAP,2424.026,2401.724,2457.481,2457.481,2401.359,STOP,0.001,2.2303,0.4451,22.303,-2.2667,-1.0163,0.33,1.056,28,0.337,4.611,0.05,0.12,0.0,clear,compression -> confirmed range break + momentum,498.8045
2024-04-16 13:26:00+00:00,2024-04-16 16:01:00+00:00,XAUUSD,SHORT,LIQUIDITY_REVERSAL,LIQUIDITY_REVERSAL,1.0,80.0,B,OVERLAP,2369.619,2384.729,2346.955,2346.955,2385.042,STOP,0.001,1.511,0.3029,15.11,-1.5423,-1.0207,0.409,1.022,155,0.191,2.13,0.05,0.12,0.0,clear,sweep + rejection + CHoCH + displacement,497.2622
2024-04-16 18:02:00+00:00,2024-04-16 18:52:00+00:00,XAUUSD,LONG,BREAKOUT,BULL,0.765,70.0,NO_TRADE,NEWYORK,2394.99,2382.54,2413.664,2413.664,2382.251,STOP,0.001,1.245,0.2504,12.45,-1.2738,-1.0232,0.033,1.235,50,0.323,3.613,0.05,0.12,0.0,clear,compression -> confirmed range break + momentum,495.9884
2024-04-16 20:36:00+00:00,2024-04-16 21:00:00+00:00,XAUUSD,SHORT,LIQUIDITY_REVERSAL,LIQUIDITY_REVERSAL,1.0,85.0,A,NEWYORK,2389.329,2405.223,2365.486,2365.486,2390.33,SESSION_END,0.001,1.5895,0.3205,15.895,-0.1002,-0.063,0.025,0.146,24,0.273,2.928,0.05,0.05,0.0,clear,sweep + rejection + CHoCH + displacement,495.8882
2024-04-18 11:26:00+00:00,2024-04-18 15:38:00+00:00,XAUUSD,LONG,LIQUIDITY_REVERSAL,LIQUIDITY_REVERSAL,1.0,80.0,B,LONDON,2381.86,2369.483,2400.426,2400.426,2369.186,STOP,0.002,2.4754,0.4992,12.377,-2.5348,-1.024,0.87,1.001,252,0.19,1.331,0.05,0.12,0.0,clear,sweep + rejection + CHoCH + displacement,493.3534
2024-04-22 13:56:00+00:00,2024-04-22 21:00:00+00:00,XAUUSD,SHORT,BREAKOUT,STRONG_BEAR,0.975,85.0,A,OVERLAP,2336.179,2351.548,2313.125,2313.125,2329.944,SESSION_END,0.001,1.5369,0.3115,15.369,0.6234,0.4056,0.756,0.488,424,0.252,3.469,0.05,0.05,0.0,clear,compression -> confirmed range break + momentum,493.9768
2024-04-26 13:47:00+00:00,2024-04-26 15:36:00+00:00,XAUUSD,LONG,LIQUIDITY_REVERSAL,BULL,0.881,90.0,A+,OVERLAP,2345.366,2335.731,2359.82,2359.82,2335.448,STOP,0.002,1.9271,0.3901,9.636,-1.9837,-1.0293,0.504,1.106,109,0.263,2.264,0.05,0.12,0.0,clear,sweep + rejection + CHoCH + displacement,491.9931
2024-04-30 07:06:00+00:00,2024-04-30 13:30:00+00:00,XAUUSD,SHORT,BREAKOUT,STRONG_BEAR,0.935,80.0,B,LONDON,2320.339,2330.043,2305.782,2305.782,2305.89,TP2,0.002,1.9409,0.3945,9.704,2.8897,1.4889,1.617,0.281,384,0.212,1.485,0.05,0.0,0.0,clear,compression -> confirmed range break + momentum,494.8828
2024-05-01 19:09:00+00:00,2024-05-01 21:00:00+00:00,XAUUSD,LONG,LIQUIDITY_REVERSAL,LIQUIDITY_REVERSAL,0.7,85.0,A,NEWYORK,2304.27,2280.765,2339.529,2339.529,2306.833,SESSION_END,0.001,2.3506,0.475,23.506,0.2562,0.109,1.019,0.125,111,0.351,2.825,0.05,0.05,0.0,clear,sweep + rejection + CHoCH + displacement,495.1391
2024-05-02 13:04:00+00:00,2024-05-02 14:52:00+00:00,XAUUSD,SHORT,TREND_CONTINUATION,STRONG_BEAR,0.971,85.0,A,OVERLAP,2298.07,2306.45,2285.502,2285.502,2285.657,TP2,0.002,1.6758,0.3385,8.379,2.4826,1.4814,1.517,0.75,108,0.209,1.72,0.05,0.0,0.0,clear,trend pullback + LTF BOS,497.6217
2024-05-03 08:26:00+00:00,2024-05-03 13:30:00+00:00,XAUUSD,LONG,LIQUIDITY_REVERSAL,LIQUIDITY_REVERSAL,0.7,85.0,A,LONDON,2300.63,2292.528,2312.783,2312.783,2312.672,TP2,0.003,2.4306,0.4884,8.102,3.6125,1.4863,2.458,0.76,304,0.21,1.467,0.05,0.0,0.0,clear,sweep + rejection + CHoCH + displacement,501.2342
2024-05-06 08:31:00+00:00,2024-05-06 16:31:00+00:00,XAUUSD,LONG,TREND_CONTINUATION,STRONG_BULL,0.883,85.0,A,LONDON,2317.033,2304.269,2336.177,2336.177,2322.094,TIME,0.001,1.2763,0.2546,12.763,0.5062,0.3966,1.172,0.2,480,0.235,1.646,0.05,0.05,0.0,clear,trend pullback + LTF BOS,501.7404
2024-05-08 09:46:00+00:00,2024-05-08 17:46:00+00:00,XAUUSD,LONG,LIQUIDITY_REVERSAL,LIQUIDITY_REVERSAL,0.8,75.0,B,LONDON,2309.089,2295.846,2328.953,2328.953,2316.528,TIME,0.001,1.3243,0.2639,13.243,0.7439,0.5617,0.895,0.183,480,0.268,1.785,0.05,0.05,0.0,clear,sweep + rejection + CHoCH + displacement,502.4842
2024-05-10 04:25:00+00:00,2024-05-10 08:00:00+00:00,XAUUSD,LONG,TREND_CONTINUATION,STRONG_BULL,1.0,85.0,A,ASIA,2351.766,2339.788,2369.732,2369.732,2369.578,TP2,0.002,2.3955,0.4767,11.978,3.5625,1.4871,1.511,0.1,215,0.422,1.439,0.05,0.0,0.0,clear,trend pullback + LTF BOS,506.0467
2024-05-10 10:07:00+00:00,2024-05-10 13:52:00+00:00,XAUUSD,LONG,BREAKOUT,STRONG_BULL,1.0,70.0,NO_TRADE,LONDON,2372.277,2363.39,2385.606,2385.606,2363.137,STOP,0.002,1.7772,0.3512,8.886,-1.828,-1.0286,0.685,1.197,225,0.263,1.815,0.05,0.12,0.0,clear,compression -> confirmed range break + momentum,504.2187
2024-05-13 07:18:00+00:00,2024-05-13 09:29:00+00:00,XAUUSD,LONG,LIQUIDITY_REVERSAL,LIQUIDITY_REVERSAL,0.8,85.0,A,LONDON,2351.718,2343.966,2363.346,2363.346,2343.738,STOP,0.003,2.3256,0.4612,7.752,-2.3938,-1.0293,0.077,1.096,131,0.205,1.375,0.05,0.12,0.0,clear,sweep + rejection + CHoCH + displacement,501.8249
2024-05-15 09:25:00+00:00,2024-05-15 14:49:00+00:00,XAUUSD,LONG,BREAKOUT,BULL,0.916,70.0,NO_TRADE,LONDON,2366.881,2357.664,2380.707,2380.707,2357.325,STOP,0.002,1.8434,0.3673,9.217,-1.9112,-1.0368,1.293,1.011,324,0.232,1.365,0.05,0.12,0.0,clear,compression -> confirmed range break + momentum,499.9138
2024-05-15 20:26:00+00:00,2024-05-15 21:00:00+00:00,XAUUSD,LONG,TREND_CONTINUATION,BULL,0.896,85.0,A,NEWYORK,2387.098,2377.283,2401.82,2401.82,2386.718,SESSION_END,0.002,1.9629,0.3927,9.815,-0.0759,-0.0387,0.036,0.344,34,0.285,1.795,0.05,0.05,0.0,clear,trend pullback + LTF BOS,499.8379
2024-05-21 03:01:00+00:00,2024-05-21 11:01:00+00:00,XAUUSD,SHORT,BREAKOUT,COMPRESSION,0.979,65.0,NO_TRADE,ASIA,2420.445,2439.08,2392.493,2392.493,2417.618,TIME,0.001,1.8635,0.3728,18.635,0.2828,0.1517,0.767,0.111,480,0.44,2.804,0.05,0.05,0.0,clear,compression -> confirmed range break + momentum,500.1206
2024-05-21 13:10:00+00:00,2024-05-21 17:03:00+00:00,XAUUSD,LONG,BREAKOUT,COMPRESSION,0.905,65.0,NO_TRADE,OVERLAP,2424.529,2418.049,2434.249,2434.249,2417.78,STOP,0.003,1.9441,0.3887,6.48,-2.0246,-1.0414,1.436,1.027,233,0.168,1.657,0.05,0.12,0.0,clear,compression -> confirmed range break + momentum,498.096
2024-05-22 03:12:00+00:00,2024-05-22 03:57:00+00:00,XAUUSD,LONG,BREAKOUT,COMPRESSION,1.0,80.0,B,ASIA,2425.96,2416.282,2440.477,2440.477,2415.98,STOP,0.002,1.9356,0.3886,9.678,-1.996,-1.0312,0.0,1.059,45,0.332,1.443,0.05,0.12,0.0,clear,compression -> confirmed range break + momentum,496.1
2024-05-22 13:28:00+00:00,2024-05-22 15:16:00+00:00,XAUUSD,LONG,LIQUIDITY_REVERSAL,LIQUIDITY_REVERSAL,1.0,100.0,A+,OVERLAP,2414.031,2392.879,2445.759,2445.759,2392.597,STOP,0.001,2.1152,0.4264,21.152,-2.1434,-1.0133,0.044,1.046,108,0.226,2.194,0.05,0.12,0.0,clear,sweep + rejection + CHoCH + displacement,493.9566
2024-05-23 08:15:00+00:00,2024-05-23 15:51:00+00:00,XAUUSD,SHORT,TREND_CONTINUATION,BEAR,0.636,85.0,A,LONDON,2361.996,2375.661,2341.499,2341.499,2341.698,TP2,0.001,1.3665,0.2766,13.665,2.0298,1.4854,1.506,0.564,456,0.264,2.257,0.05,0.0,0.0,clear,trend pullback + LTF BOS,495.9864
2024-05-24 02:21:00+00:00,2024-05-24 10:21:00+00:00,XAUUSD,LONG,LIQUIDITY_REVERSAL,LIQUIDITY_REVERSAL,1.0,80.0,B,ASIA,2332.549,2316.886,2356.043,2356.043,2341.321,TIME,0.001,1.5663,0.3158,15.663,0.8772,0.56,0.675,0.465,480,0.342,1.622,0.05,0.05,0.0,clear,sweep + rejection + CHoCH + displacement,496.8635
2024-05-27 12:52:00+00:00,2024-05-27 14:18:00+00:00,XAUUSD,SHORT,LIQUIDITY_REVERSAL,CHOPPY,0.641,95.0,A+,OVERLAP,2343.535,2350.049,2333.763,2333.763,2350.275,STOP,0.003,1.9544,0.3934,6.515,-2.0221,-1.0346,0.0,1.03,86,0.181,1.267,0.05,0.12,0.0,clear,sweep + rejection + CHoCH + displacement,494.8414
2024-05-30 06:36:00+00:00,2024-05-30 13:35:00+00:00,XAUUSD,SHORT,BREAKOUT,BEAR,0.898,80.0,B,ASIA,2327.237,2342.851,2303.816,2303.816,2343.106,STOP,0.001,1.5614,0.3155,15.614,-1.5869,-1.0164,0.306,1.097,419,0.436,1.694,0.05,0.12,0.0,clear,compression -> confirmed range break + momentum,493.2545
2024-05-30 18:31:00+00:00,2024-05-30 21:00:00+00:00,XAUUSD,SHORT,LIQUIDITY_REVERSAL,LIQUIDITY_REVERSAL,0.7,100.0,A+,NEWYORK,2345.148,2354.563,2331.027,2331.027,2342.32,SESSION_END,0.002,1.8828,0.3817,9.414,0.5657,0.3004,0.569,0.033,149,0.253,1.796,0.05,0.05,0.0,clear,sweep + rejection + CHoCH + displacement,493.8202
2024-06-04 16:07:00+00:00,2024-06-04 21:00:00+00:00,XAUUSD,LONG,LIQUIDITY_REVERSAL,LIQUIDITY_REVERSAL,0.8,65.0,NO_TRADE,NEWYORK,2322.347,2305.243,2348.004,2348.004,2326.477,SESSION_END,0.001,1.7104,0.3464,17.104,0.4129,0.2414,0.459,0.107,293,0.425,3.635,0.05,0.05,0.0,clear,sweep + rejection + CHoCH + displacement,494.2331
2024-06-10 07:36:00+00:00,2024-06-10 12:55:00+00:00,XAUUSD,SHORT,LIQUIDITY_REVERSAL,LIQUIDITY_REVERSAL,0.7,85.0,A,LONDON,2292.946,2302.632,2278.418,2278.418,2302.84,STOP,0.002,1.9371,0.3919,9.686,-1.9787,-1.0215,0.545,1.228,319,0.218,1.811,0.05,0.12,0.0,clear,sweep + rejection + CHoCH + displacement,492.2544
2024-06-12 13:19:00+00:00,2024-06-12 13:37:00+00:00,XAUUSD,LONG,LIQUIDITY_REVERSAL,CHOPPY,0.716,85.0,A,OVERLAP,2314.916,2305.861,2328.499,2328.499,2328.341,TP2,0.002,1.811,0.3679,9.055,2.6849,1.4826,1.535,0.299,18,0.183,1.07,0.05,0.0,0.0,clear,sweep + rejection + CHoCH + displacement,494.9393
2024-06-14 15:11:00+00:00,2024-06-14 18:00:00+00:00,XAUUSD,LONG,TREND_CONTINUATION,BULL,0.585,85.0,A,OVERLAP,2330.604,2312.854,2357.228,2357.228,2328.663,SESSION_END,0.001,1.775,0.3586,17.75,-0.1941,-0.1093,0.268,0.375,169,0.317,2.789,0.05,0.05,0.0,clear,trend pullback + LTF BOS,494.7452
2024-06-24 10:32:00+00:00,2024-06-24 18:32:00+00:00,XAUUSD,SHORT,LIQUIDITY_REVERSAL,LIQUIDITY_REVERSAL,0.7,100.0,A+,LONDON,2326.584,2337.248,2310.589,2310.589,2331.461,TIME,0.002,2.1328,0.4311,10.664,-0.9752,-0.4573,0.559,0.673,480,0.261,1.726,0.05,0.05,0.0,clear,sweep + rejection + CHoCH + displacement,493.77
2024-06-25 11:16:00+00:00,2024-06-25 12:41:00+00:00,XAUUSD,LONG,BREAKOUT,EXPANSION,0.95,55.0,NO_TRADE,LONDON,2335.922,2328.338,2347.297,2347.297,2328.113,STOP,0.003,2.2751,0.4608,7.584,-2.3426,-1.0297,0.145,1.004,85,0.234,1.396,0.05,0.12,0.0,clear,compression -> confirmed range break + momentum,491.4274
2024-06-26 15:35:00+00:00,2024-06-26 21:00:00+00:00,XAUUSD,SHORT,TREND_CONTINUATION,BEAR,1.0,80.0,B,OVERLAP,2296.781,2309.287,2278.023,2278.023,2299.473,SESSION_END,0.001,1.2505,0.2545,12.505,-0.2691,-0.2152,0.122,0.58,325,0.313,2.925,0.05,0.05,0.0,clear,trend pullback + LTF BOS,491.1582
2024-07-03 07:46:00+00:00,2024-07-03 13:31:00+00:00,XAUUSD,LONG,BREAKOUT,BULL,0.883,85.0,A,LONDON,2337.15,2327.482,2351.653,2351.653,2351.538,TP2,0.002,1.9337,0.3867,9.669,2.8775,1.488,1.531,0.128,345,0.27,1.373,0.05,0.0,0.0,clear,compression -> confirmed range break + momentum,502.8775
2024-07-10 08:31:00+00:00,2024-07-10 14:57:00+00:00,XAUUSD,LONG,BREAKOUT,BULL,0.913,85.0,A,LONDON,2374.75,2366.917,2386.5,2386.5,2386.355,TP2,0.003,2.35,0.4673,7.833,3.4814,1.4815,1.506,0.433,386,0.23,1.229,0.05,0.0,0.0,clear,compression -> confirmed range break + momentum,506.3589
2024-07-12 10:27:00+00:00,2024-07-12 13:31:00+00:00,XAUUSD,SHORT,LIQUIDITY_REVERSAL,LIQUIDITY_REVERSAL,1.0,85.0,A,LONDON,2404.955,2413.339,2392.379,2392.379,2392.484,TP2,0.003,2.5151,0.4967,8.384,3.7413,1.4875,1.549,0.049,184,0.24,1.458,0.05,0.0,0.0,clear,sweep + rejection + CHoCH + displacement,510.1001
2024-07-12 13:36:00+00:00,2024-07-12 17:30:00+00:00,XAUUSD,SHORT,LIQUIDITY_REVERSAL,LIQUIDITY_REVERSAL,1.0,85.0,A,OVERLAP,2397.41,2415.444,2370.358,2370.358,2415.708,STOP,0.001,1.8034,0.3535,18.034,-1.8298,-1.0146,0.337,1.014,234,0.27,2.118,0.05,0.12,0.0,clear,sweep + rejection + CHoCH + displacement,508.2703
2024-07-16 13:57:00+00:00,2024-07-16 15:35:00+00:00,XAUUSD,LONG,LIQUIDITY_REVERSAL,LIQUIDITY_REVERSAL,0.7,90.0,A+,OVERLAP,2433.031,2422.437,2448.922,2448.922,2448.76,TP2,0.002,2.1188,0.4169,10.594,3.1459,1.4848,1.54,0.205,98,0.292,2.461,0.05,0.0,0.0,clear,sweep + rejection + CHoCH + displacement,511.4162
2024-07-16 20:13:00+00:00,2024-07-16 21:00:00+00:00,XAUUSD,LONG,TREND_CONTINUATION,STRONG_BULL,1.0,85.0,A,NEWYORK,2465.502,2456.989,2478.271,2478.271,2467.33,SESSION_END,0.003,2.5539,0.4994,8.513,0.5484,0.2147,0.386,0.284,47,0.254,1.554,0.05,0.05,0.0,clear,trend pullback + LTF BOS,511.9646
2024-07-18 02:16:00+00:00,2024-07-18 10:16:00+00:00,XAUUSD,LONG,BREAKOUT,COMPRESSION,0.974,80.0,B,ASIA,2462.729,2452.524,2478.035,2478.035,2465.957,TIME,0.002,2.0409,0.3986,10.204,0.6457,0.3164,1.183,0.34,480,0.327,1.346,0.05,0.05,0.0,clear,compression -> confirmed range break + momentum,512.6103
2024-07-18 13:46:00+00:00,2024-07-18 20:11:00+00:00,XAUUSD,SHORT,LIQUIDITY_REVERSAL,CHOPPY,0.562,85.0,A,OVERLAP,2463.646,2477.417,2442.989,2442.989,2443.121,TP2,0.001,1.3771,0.2686,13.771,2.0525,1.4904,1.574,0.445,385,0.218,1.964,0.05,0.0,0.0,clear,sweep + rejection + CHoCH + displacement,514.6628
2024-07-22 07:01:00+00:00,2024-07-22 15:01:00+00:00,XAUUSD,SHORT,LIQUIDITY_REVERSAL,LIQUIDITY_REVERSAL,1.0,85.0,A,LONDON,2401.372,2415.302,2380.477,2380.477,2391.905,TIME,0.001,1.393,0.2707,13.93,0.9467,0.6796,0.909,0.495,480,0.206,1.642,0.05,0.05,0.0,clear,sweep + rejection + CHoCH + displacement,515.6095
2024-07-22 15:31:00+00:00,2024-07-22 21:00:00+00:00,XAUUSD,SHORT,BREAKOUT,STRONG_BEAR,0.991,85.0,A,OVERLAP,2386.346,2403.46,2360.676,2360.676,2399.093,SESSION_END,0.001,1.7114,0.3319,17.114,-1.2747,-0.7448,0.154,0.798,329,0.284,2.984,0.05,0.05,0.0,clear,compression -> confirmed range break + momentum,514.3348
2024-07-24 12:43:00+00:00,2024-07-24 20:41:00+00:00,XAUUSD,LONG,LIQUIDITY_REVERSAL,CHOPPY,0.598,100.0,A+,OVERLAP,2414.717,2403.222,2431.96,2431.96,2402.973,STOP,0.002,2.299,0.447,11.495,-2.3488,-1.0217,1.499,1.021,478,0.204,1.541,0.05,0.12,0.0,clear,sweep + rejection + CHoCH + displacement,511.986
2024-07-25 13:36:00+00:00,2024-07-25 18:28:00+00:00,XAUUSD,LONG,LIQUIDITY_REVERSAL,LIQUIDITY_REVERSAL,0.7,75.0,B,OVERLAP,2367.336,2353.908,2387.478,2387.478,2353.648,STOP,0.001,1.3428,0.2623,13.428,-1.3688,-1.0194,0.664,1.061,292,0.302,3.551,0.05,0.12,0.0,clear,sweep + rejection + CHoCH + displacement,510.6172
2024-07-25 20:04:00+00:00,2024-07-25 21:00:00+00:00,XAUUSD,SHORT,TREND_CONTINUATION,BEAR,0.974,100.0,A+,NEWYORK,2355.977,2367.578,2338.575,2338.575,2362.928,SESSION_END,0.002,2.3202,0.4544,11.601,-1.3901,-0.5991,0.0,0.669,56,0.256,2.237,0.05,0.05,0.0,clear,trend pullback + LTF BOS,509.2271
2024-07-26 13:41:00+00:00,2024-07-26 18:00:00+00:00,XAUUSD,LONG,BREAKOUT,COMPRESSION,0.989,65.0,NO_TRADE,OVERLAP,2378.208,2361.713,2402.951,2402.951,2388.804,SESSION_END,0.001,1.6495,0.3239,16.495,1.0597,0.6424,0.755,0.263,259,0.2,2.027,0.05,0.05,0.0,clear,compression -> confirmed range break + momentum,510.2868
2024-07-29 14:49:00+00:00,2024-07-29 21:00:00+00:00,XAUUSD,SHORT,LIQUIDITY_REVERSAL,CHOPPY,0.583,85.0,A,OVERLAP,2390.302,2407.21,2364.94,2364.94,2383.95,SESSION_END,0.001,1.6908,0.3313,16.908,0.6351,0.3756,1.229,0.214,371,0.247,2.408,0.05,0.05,0.0,clear,sweep + rejection + CHoCH + displacement,510.9219
2024-07-30 02:31:00+00:00,2024-07-30 05:31:00+00:00,XAUUSD,SHORT,BREAKOUT,COMPRESSION,0.932,80.0,B,ASIA,2376.676,2387.828,2359.946,2359.946,2388.111,STOP,0.002,2.2306,0.4366,11.153,-2.2871,-1.0253,0.0,1.034,180,0.359,1.461,0.05,0.12,0.0,clear,compression -> confirmed range break + momentum,508.6348
2024-07-30 14:07:00+00:00,2024-07-30 18:01:00+00:00,XAUUSD,LONG,LIQUIDITY_REVERSAL,LIQUIDITY_REVERSAL,1.0,100.0,A+,OVERLAP,2389.996,2378.37,2407.434,2407.434,2407.259,TP2,0.002,2.3251,0.4571,11.625,3.4527,1.485,1.715,0.579,234,0.202,1.56,0.05,0.0,0.0,clear,sweep + rejection + CHoCH + displacement,512.0875
2024-07-31 15:16:00+00:00,2024-07-31 20:33:00+00:00,XAUUSD,LONG,BREAKOUT,BULL,0.941,100.0,A+,OVERLAP,2428.894,2418.579,2444.366,2444.366,2444.179,TP2,0.002,2.0629,0.4028,10.315,3.0571,1.4819,1.575,0.953,317,0.258,2.429,0.05,0.0,0.0,clear,compression -> confirmed range break + momentum,515.1446
2024-08-05 10:49:00+00:00,2024-08-05 11:56:00+00:00,XAUUSD,LONG,LIQUIDITY_REVERSAL,LIQUIDITY_REVERSAL,0.8,85.0,A,LONDON,2425.756,2410.724,2448.305,2448.305,2410.489,STOP,0.001,1.5032,0.2918,15.032,-1.5267,-1.0156,0.025,1.021,67,0.262,3.655,0.05,0.12,0.0,clear,sweep + rejection + CHoCH + displacement,513.6179
2024-08-07 05:28:00+00:00,2024-08-07 13:28:00+00:00,XAUUSD,LONG,BREAKOUT,COMPRESSION,0.995,55.0,NO_TRADE,ASIA,2392.998,2382.545,2408.678,2408.678,2399.476,TIME,0.002,2.0907,0.407,10.453,1.2957,0.6197,1.047,0.474,480,0.366,1.877,0.05,0.05,0.0,clear,compression -> confirmed range break + momentum,514.9135
2024-08-07 13:33:00+00:00,2024-08-07 21:00:00+00:00,XAUUSD,SHORT,LIQUIDITY_REVERSAL,LIQUIDITY_REVERSAL,0.7,100.0,A+,OVERLAP,2399.356,2411.863,2380.595,2380.595,2386.902,SESSION_END,0.002,2.5014,0.4858,12.507,2.4907,0.9957,1.251,0.6,447,0.204,2.012,0.05,0.05,0.0,clear,sweep + rejection + CHoCH + displacement,517.4042
2024-08-08 10:06:00+00:00,2024-08-08 15:24:00+00:00,XAUUSD,LONG,LIQUIDITY_REVERSAL,LIQUIDITY_REVERSAL,1.0,85.0,A,LONDON,2398.66,2383.051,2422.074,2422.074,2421.913,TP2,0.001,1.5609,0.3017,15.609,2.3253,1.4897,1.508,0.316,318,0.21,1.64,0.05,0.0,0.0,clear,sweep + rejection + CHoCH + displacement,519.7296
2024-08-08 15:35:00+00:00,2024-08-08 21:00:00+00:00,XAUUSD,LONG,BREAKOUT,BULL,0.568,65.0,NO_TRADE,OVERLAP,2421.093,2408.209,2440.418,2440.418,2422.727,SESSION_END,0.002,2.5767,0.4958,12.884,0.3268,0.1268,0.395,0.721,325,0.336,3.818,0.05,0.05,0.0,clear,compression -> confirmed range break + momentum,520.0563
2024-08-09 14:09:00+00:00,2024-08-09 18:00:00+00:00,XAUUSD,LONG,TREND_CONTINUATION,BULL,0.899,85.0,A,OVERLAP,2429.304,2414.427,2451.618,2451.618,2434.44,SESSION_END,0.001,1.4876,0.2861,14.876,0.5136,0.3453,0.437,0.561,231,0.217,1.821,0.05,0.05,0.0,clear,trend pullback + LTF BOS,520.57
2024-08-12 07:06:00+00:00,2024-08-12 14:32:00+00:00,XAUUSD,LONG,BREAKOUT,EXPANSION,0.913,85.0,A,LONDON,2435.33,2426.039,2449.266,2449.266,2449.163,TP2,0.002,1.8581,0.3569,9.291,2.7667,1.489,1.577,0.194,446,0.21,1.337,0.05,0.0,0.0,clear,compression -> confirmed range break + momentum,523.3367
2024-08-12 15:43:00+00:00,2024-08-12 21:00:00+00:00,XAUUSD,LONG,TREND_CONTINUATION,STRONG_BULL,1.0,85.0,A,OVERLAP,2451.095,2432.951,2478.309,2478.309,2470.326,SESSION_END,0.001,1.8143,0.3467,18.143,1.9231,1.06,1.156,0.012,317,0.293,2.559,0.05,0.05,0.0,clear,trend pullback + LTF BOS,525.2598
2024-08-13 14:22:00+00:00,2024-08-13 21:00:00+00:00,XAUUSD,SHORT,LIQUIDITY_REVERSAL,BULL,0.872,85.0,A,OVERLAP,2462.342,2486.396,2426.261,2426.261,2467.378,SESSION_END,0.001,2.4054,0.4579,24.054,-0.5036,-0.2094,0.098,0.547,398,0.292,2.505,0.05,0.05,0.0,clear,sweep + rejection + CHoCH + displacement,524.7562
2024-08-14 07:01:00+00:00,2024-08-14 09:44:00+00:00,XAUUSD,LONG,LIQUIDITY_REVERSAL,CHOPPY,0.614,95.0,A+,LONDON,2462.879,2452.884,2477.873,2477.873,2477.756,TP2,0.002,1.9991,0.381,9.996,2.9753,1.4883,1.574,0.268,163,0.203,1.23,0.05,0.0,0.0,clear,sweep + rejection + CHoCH + displacement,527.7315
2024-08-14 13:38:00+00:00,2024-08-14 17:22:00+00:00,XAUUSD,SHORT,LIQUIDITY_REVERSAL,LIQUIDITY_REVERSAL,0.7,75.0,B,OVERLAP,2472.054,2492.193,2441.846,2441.846,2442.032,TP2,0.001,2.0139,0.3816,20.139,3.0023,1.4908,1.568,0.189,224,0.288,2.524,0.05,0.0,0.0,clear,sweep + rejection + CHoCH + displacement,530.7337
2024-08-20 14:38:00+00:00,2024-08-20 16:03:00+00:00,XAUUSD,LONG,TREND_CONTINUATION,STRONG_BULL,0.958,100.0,A+,OVERLAP,2524.087,2512.03,2542.172,2542.172,2511.718,STOP,0.002,2.4114,0.4544,12.057,-2.4738,-1.0259,0.565,1.032,85,0.263,2.524,0.05,0.12,0.0,clear,trend pullback + LTF BOS,528.26
2024-08-22 16:42:00+00:00,2024-08-22 21:00:00+00:00,XAUUSD,SHORT,TREND_CONTINUATION,STRONG_BEAR,0.918,80.0,B,NEWYORK,2478.433,2490.241,2460.722,2460.722,2483.671,SESSION_END,0.002,2.3615,0.447,11.807,-1.0475,-0.4436,0.001,0.631,258,0.403,3.415,0.05,0.05,0.0,clear,trend pullback + LTF BOS,527.2124
2024-08-27 09:07:00+00:00,2024-08-27 17:07:00+00:00,XAUUSD,LONG,LIQUIDITY_REVERSAL,LIQUIDITY_REVERSAL,0.7,90.0,A+,LONDON,2509.291,2493.471,2533.021,2533.021,2510.04,TIME,0.001,1.582,0.3001,15.82,0.0749,0.0474,0.69,0.377,480,0.312,2.278,0.05,0.05,0.0,clear,sweep + rejection + CHoCH + displacement,527.2873
2024-08-28 13:01:00+00:00,2024-08-28 21:00:00+00:00,XAUUSD,SHORT,BREAKOUT,STRONG_BEAR,0.867,85.0,A,OVERLAP,2499.729,2511.187,2482.542,2482.542,2507.928,SESSION_END,0.002,2.2916,0.4346,11.458,-1.6396,-0.7155,0.542,0.94,479,0.211,1.627,0.05,0.05,0.0,clear,compression -> confirmed range break + momentum,525.6477
2024-08-30 13:46:00+00:00,2024-08-30 18:00:00+00:00,XAUUSD,SHORT,LIQUIDITY_REVERSAL,LIQUIDITY_REVERSAL,1.0,75.0,B,OVERLAP,2517.929,2535.575,2491.461,2491.461,2496.897,SESSION_END,0.001,1.7646,0.3357,17.646,2.1032,1.1919,1.241,0.143,254,0.272,2.336,0.05,0.05,0.0,clear,sweep + rejection + CHoCH + displacement,527.7509
2024-09-02 14:37:00+00:00,2024-09-02 23:00:00+00:00,XAUUSD,LONG,LIQUIDITY_REVERSAL,CHOPPY,0.599,80.0,B,OVERLAP,2501.37,2493.377,2513.36,2513.36,2499.335,SESSION_END,0.003,2.398,0.4544,7.993,-0.6105,-0.2546,0.124,0.476,292,0.19,1.43,0.05,0.05,0.0,clear,sweep + rejection + CHoCH + displacement,527.1404
2024-09-05 14:31:00+00:00,2024-09-05 21:00:00+00:00,XAUUSD,LONG,TREND_CONTINUATION,STRONG_BULL,0.957,100.0,A+,OVERLAP,2518.716,2501.376,2544.726,2544.726,2514.852,SESSION_END,0.001,1.734,0.329,17.34,-0.3865,-0.2229,0.1,0.86,389,0.302,2.567,0.05,0.05,0.0,clear,trend pullback + LTF BOS,526.7539
2024-09-11 07:11:00+00:00,2024-09-11 13:30:00+00:00,XAUUSD,LONG,BREAKOUT,COMPRESSION,0.942,85.0,A,LONDON,2523.97,2516.061,2535.834,2535.834,2515.83,STOP,0.003,2.3728,0.4505,7.909,-2.4423,-1.0293,0.621,1.826,379,0.225,1.135,0.05,0.12,0.0,clear,compression -> confirmed range break + momentum,524.3116
2024-09-16 08:46:00+00:00,2024-09-16 16:46:00+00:00,XAUUSD,LONG,LIQUIDITY_REVERSAL,LIQUIDITY_REVERSAL,0.8,90.0,A+,LONDON,2583.586,2572.173,2600.705,2600.705,2579.139,TIME,0.002,2.2826,0.4353,11.413,-0.8892,-0.3896,0.492,0.742,480,0.241,1.675,0.05,0.05,0.0,clear,sweep + rejection + CHoCH + displacement,523.4224
2024-09-17 08:16:00+00:00,2024-09-17 13:39:00+00:00,XAUUSD,SHORT,LIQUIDITY_REVERSAL,LIQUIDITY_REVERSAL,0.8,75.0,B,LONDON,2583.104,2593.012,2568.242,2568.242,2568.386,TP2,0.002,1.9816,0.3786,9.908,2.9434,1.4854,1.505,0.251,323,0.241,1.36,0.05,0.0,0.0,clear,sweep + rejection + CHoCH + displacement,526.3659
2024-09-23 03:38:00+00:00,2024-09-23 11:38:00+00:00,XAUUSD,LONG,BREAKOUT,COMPRESSION,0.979,70.0,NO_TRADE,ASIA,2624.952,2612.333,2643.881,2643.881,2623.15,TIME,0.002,2.5239,0.4795,12.619,-0.3605,-0.1428,0.496,0.893,480,0.376,1.27,0.05,0.05,0.0,clear,compression -> confirmed range break + momentum,526.0054
2024-09-25 04:08:00+00:00,2024-09-25 12:08:00+00:00,XAUUSD,SHORT,LIQUIDITY_REVERSAL,BULL,0.926,70.0,NO_TRADE,ASIA,2664.371,2680.294,2640.486,2640.486,2655.899,TIME,0.001,1.5923,0.3027,15.923,0.8472,0.5321,0.826,0.033,480,0.526,2.347,0.05,0.05,0.0,clear,sweep + rejection + CHoCH + displacement,526.8526
2024-09-25 13:06:00+00:00,2024-09-25 17:46:00+00:00,XAUUSD,LONG,BREAKOUT,COMPRESSION,0.989,95.0,A+,OVERLAP,2659.411,2651.439,2671.369,2671.369,2651.174,STOP,0.003,2.3916,0.4539,7.972,-2.4711,-1.0332,0.995,1.216,280,0.192,1.553,0.05,0.12,0.0,clear,compression -> confirmed range break + momentum,524.3815
2024-09-26 11:38:00+00:00,2024-09-26 12:39:00+00:00,XAUUSD,LONG,BREAKOUT,BULL,0.804,70.0,NO_TRADE,LONDON,2672.451,2664.697,2684.082,2684.082,2683.963,TP2,0.003,2.3262,0.4436,7.754,3.4537,1.4847,1.668,0.172,61,0.231,1.702,0.05,0.0,0.0,clear,compression -> confirmed range break + momentum,527.8352
2024-09-26 12:44:00+00:00,2024-09-26 13:31:00+00:00,XAUUSD,LONG,BREAKOUT,STRONG_BULL,0.845,70.0,NO_TRADE,OVERLAP,2682.165,2672.348,2696.889,2696.889,2672.085,STOP,0.002,1.9633,0.372,9.816,-2.0159,-1.0268,0.318,1.06,47,0.259,2.401,0.05,0.12,0.0,clear,compression -> confirmed range break + momentum,525.8193
2024-10-01 16:19:00+00:00,2024-10-01 21:00:00+00:00,XAUUSD,LONG,LIQUIDITY_REVERSAL,LIQUIDITY_REVERSAL,0.7,75.0,B,NEWYORK,2661.994,2639.316,2696.012,2696.012,2657.809,SESSION_END,0.001,2.2679,0.4313,22.679,-0.4185,-0.1846,0.481,0.201,281,0.492,4.214,0.05,0.05,0.0,clear,sweep + rejection + CHoCH + displacement,525.4008
2024-10-07 07:33:00+00:00,2024-10-07 10:57:00+00:00,XAUUSD,LONG,LIQUIDITY_REVERSAL,LIQUIDITY_REVERSAL,0.7,75.0,B,LONDON,2643.001,2633.851,2656.726,2656.726,2656.603,TP2,0.002,1.83,0.3483,9.15,2.7205,1.4866,1.516,0.155,204,0.232,1.334,0.05,0.0,0.0,clear,sweep + rejection + CHoCH + displacement,528.1212
2024-10-09 10:47:00+00:00,2024-10-09 18:47:00+00:00,XAUUSD,SHORT,LIQUIDITY_REVERSAL,LIQUIDITY_REVERSAL,1.0,100.0,A+,LONDON,2614.935,2624.642,2600.374,2600.374,2607.38,TIME,0.002,1.9415,0.3676,9.708,1.5109,0.7782,1.004,0.754,480,0.206,1.643,0.05,0.05,0.0,clear,sweep + rejection + CHoCH + displacement,529.6322
2024-10-10 08:01:00+00:00,2024-10-10 13:30:00+00:00,XAUUSD,LONG,LIQUIDITY_REVERSAL,CHOPPY,0.623,75.0,B,LONDON,2613.307,2605.614,2624.847,2624.847,2605.393,STOP,0.003,2.3079,0.4358,7.693,-2.3743,-1.0288,1.075,1.504,329,0.205,1.306,0.05,0.12,0.0,clear,sweep + rejection + CHoCH + displacement,527.2579
2024-10-11 13:41:00+00:00,2024-10-11 18:00:00+00:00,XAUUSD,SHORT,LIQUIDITY_REVERSAL,LIQUIDITY_REVERSAL,0.7,85.0,A,OVERLAP,2642.611,2662.209,2613.214,2613.214,2660.606,SESSION_END,0.001,1.9598,0.3717,19.598,-1.7995,-0.9182,0.109,0.951,259,0.268,2.226,0.05,0.05,0.0,clear,sweep + rejection + CHoCH + displacement,525.4583
2024-10-14 10:20:00+00:00,2024-10-14 12:52:00+00:00,XAUUSD,LONG,TREND_CONTINUATION,BULL,0.932,85.0,A,LONDON,2661.908,2652.0,2676.77,2676.77,2651.78,STOP,0.002,1.9816,0.3771,9.908,-2.0255,-1.0222,0.039,1.039,152,0.225,1.553,0.05,0.12,0.0,clear,trend pullback + LTF BOS,523.4328
2024-10-16 14:47:00+00:00,2024-10-16 14:55:00+00:00,XAUUSD,LONG,TREND_CONTINUATION,STRONG_BULL,0.987,85.0,A,OVERLAP,2682.817,2674.161,2695.8,2695.8,2673.906,STOP,0.003,2.5967,0.4961,8.656,-2.6732,-1.0294,0.0,1.036,8,0.243,2.166,0.05,0.12,0.0,clear,trend pullback + LTF BOS,520.7596
2024-10-17 02:43:00+00:00,2024-10-17 10:43:00+00:00,XAUUSD,LONG,BREAKOUT,COMPRESSION,0.926,80.0,B,ASIA,2680.659,2669.518,2697.37,2697.37,2680.636,TIME,0.002,2.2281,0.4279,11.141,-0.0046,-0.0021,0.448,0.56,480,0.348,1.186,0.05,0.05,0.0,clear,compression -> confirmed range break + momentum,520.755
2024-10-17 10:48:00+00:00,2024-10-17 15:38:00+00:00,XAUUSD,LONG,LIQUIDITY_REVERSAL,CHOPPY,0.572,100.0,A+,LONDON,2680.235,2670.791,2694.401,2694.401,2694.246,TP2,0.002,1.8888,0.3627,9.444,2.8022,1.4836,1.511,0.775,290,0.22,1.538,0.05,0.0,0.0,clear,sweep + rejection + CHoCH + displacement,523.5572
2024-10-18 11:37:00+00:00,2024-10-18 18:00:00+00:00,XAUUSD,SHORT,LIQUIDITY_REVERSAL,LIQUIDITY_REVERSAL,1.0,85.0,A,LONDON,2707.919,2721.138,2688.091,2688.091,2718.109,SESSION_END,0.001,1.3219,0.2525,13.219,-1.019,-0.7708,0.235,0.914,383,0.211,1.461,0.05,0.05,0.0,clear,sweep + rejection + CHoCH + displacement,522.5383
2024-10-24 14:31:00+00:00,2024-10-24 14:50:00+00:00,XAUUSD,LONG,BREAKOUT,STRONG_BULL,0.876,85.0,A,OVERLAP,2742.739,2734.687,2754.819,2754.819,2734.434,STOP,0.003,2.4158,0.4623,8.053,-2.4917,-1.0314,0.054,1.166,19,0.243,1.998,0.05,0.12,0.0,clear,compression -> confirmed range break + momentum,520.0466
2024-10-25 02:51:00+00:00,2024-10-25 10:51:00+00:00,XAUUSD,SHORT,BREAKOUT,COMPRESSION,0.932,65.0,NO_TRADE,ASIA,2730.323,2741.478,2713.59,2713.59,2721.174,TIME,0.002,2.231,0.429,11.155,1.8298,0.8202,1.205,0.188,480,0.364,1.284,0.05,0.05,0.0,clear,compression -> confirmed range break + momentum,521.8764
2024-10-29 13:01:00+00:00,2024-10-29 13:46:00+00:00,XAUUSD,SHORT,LIQUIDITY_REVERSAL,LIQUIDITY_REVERSAL,0.7,75.0,B,OVERLAP,2748.798,2760.975,2730.533,2730.533,2761.231,STOP,0.002,2.4354,0.4667,12.177,-2.4866,-1.021,0.0,1.126,45,0.213,1.761,0.05,0.12,0.0,clear,sweep + rejection + CHoCH + displacement,519.3898
2024-10-29 17:58:00+00:00,2024-10-29 22:00:00+00:00,XAUUSD,LONG,TREND_CONTINUATION,BULL,0.944,85.0,A,NEWYORK,2769.89,2759.595,2785.331,2785.331,2772.872,SESSION_END,0.002,2.0589,0.3964,10.294,0.5964,0.2897,0.469,0.173,182,0.289,2.048,0.05,0.05,0.0,clear,trend pullback + LTF BOS,519.9862
2024-10-30 06:11:00+00:00,2024-10-30 12:15:00+00:00,XAUUSD,LONG,BREAKOUT,COMPRESSION,0.942,85.0,A,ASIA,2785.542,2773.803,2803.151,2803.151,2773.586,STOP,0.002,2.3478,0.4515,11.739,-2.3912,-1.0185,0.351,1.058,364,0.415,1.531,0.05,0.12,0.0,clear,compression -> confirmed range break + momentum,517.595
2024-11-01 12:36:00+00:00,2024-11-01 14:39:00+00:00,XAUUSD,SHORT,LIQUIDITY_REVERSAL,LIQUIDITY_REVERSAL,1.0,80.0,B,OVERLAP,2758.715,2767.67,2745.283,2745.283,2745.452,TP2,0.002,1.7909,0.346,8.955,2.6525,1.4811,1.516,0.372,123,0.28,2.597,0.05,0.0,0.0,clear,sweep + rejection + CHoCH + displacement,520.2476
2024-11-04 13:25:00+00:00,2024-11-04 21:00:00+00:00,XAUUSD,SHORT,LIQUIDITY_REVERSAL,CHOPPY,0.624,90.0,A+,OVERLAP,2740.257,2752.268,2722.24,2722.24,2737.871,SESSION_END,0.002,2.4023,0.4618,12.011,0.4771,0.1986,0.718,0.646,455,0.216,1.897,0.05,0.05,0.0,clear,sweep + rejection + CHoCH + displacement,520.7247
2024-11-05 15:06:00+00:00,2024-11-05 21:00:00+00:00,XAUUSD,SHORT,LIQUIDITY_REVERSAL,LIQUIDITY_REVERSAL,0.7,100.0,A+,OVERLAP,2740.17,2765.398,2702.328,2702.328,2743.222,SESSION_END,0.001,2.5228,0.4845,25.228,-0.3052,-0.121,0.288,0.169,354,0.27,2.585,0.05,0.05,0.0,clear,sweep + rejection + CHoCH + displacement,520.4195
2024-11-07 10:01:00+00:00,2024-11-07 12:46:00+00:00,XAUUSD,SHORT,LIQUIDITY_REVERSAL,LIQUIDITY_REVERSAL,0.8,100.0,A+,LONDON,2661.271,2671.417,2646.052,2646.052,2671.621,STOP,0.002,2.0292,0.3899,10.146,-2.0699,-1.02,0.153,1.014,165,0.187,2.068,0.05,0.12,0.0,clear,sweep + rejection + CHoCH + displacement,518.3496
2024-11-07 19:36:00+00:00,2024-11-07 21:00:00+00:00,XAUUSD,LONG,LIQUIDITY_REVERSAL,LIQUIDITY_REVERSAL,1.0,85.0,A,NEWYORK,2694.667,2680.753,2715.539,2715.539,2703.19,SESSION_END,0.001,1.3914,0.2684,13.914,0.8523,0.6125,1.119,0.522,84,0.265,2.684,0.05,0.05,0.0,clear,sweep + rejection + CHoCH + displacement,519.2019
2024-11-11 02:36:00+00:00,2024-11-11 10:36:00+00:00,XAUUSD,SHORT,BREAKOUT,BEAR,0.784,80.0,B,ASIA,2669.632,2681.883,2651.255,2651.255,2669.552,TIME,0.002,2.4502,0.4719,12.251,0.0159,0.0065,0.479,0.457,480,0.427,2.236,0.05,0.05,0.0,clear,compression -> confirmed range break + momentum,519.2178
2024-11-11 11:01:00+00:00,2024-11-11 13:53:00+00:00,XAUUSD,SHORT,BREAKOUT,STRONG_BEAR,0.845,85.0,A,LONDON,2661.512,2679.167,2635.029,2635.029,2635.186,TP2,0.001,1.7655,0.34,17.655,2.6325,1.4911,1.509,0.304,172,0.247,2.251,0.05,0.0,0.0,clear,compression -> confirmed range break + momentum,521.8503
2024-11-12 07:26:00+00:00,2024-11-12 15:26:00+00:00,XAUUSD,SHORT,BREAKOUT,BEAR,0.618,85.0,A,LONDON,2601.319,2619.776,2573.633,2573.633,2606.116,TIME,0.001,1.8457,0.3537,18.457,-0.4798,-0.2599,0.64,0.843,480,0.293,2.777,0.05,0.05,0.0,clear,compression -> confirmed range break + momentum,521.3705
2024-11-14 01:01:00+00:00,2024-11-14 06:47:00+00:00,XAUUSD,SHORT,TREND_CONTINUATION,STRONG_BEAR,0.959,85.0,A,ASIA,2570.23,2581.781,2552.904,2552.904,2553.105,TP2,0.002,2.3101,0.4431,11.551,3.4252,1.4827,1.554,0.0,346,0.409,1.955,0.05,0.0,0.0,clear,trend pullback + LTF BOS,524.7957
2024-11-14 20:06:00+00:00,2024-11-14 21:00:00+00:00,XAUUSD,SHORT,LIQUIDITY_REVERSAL,LIQUIDITY_REVERSAL,0.7,100.0,A+,NEWYORK,2569.43,2588.835,2540.323,2540.323,2568.63,SESSION_END,0.001,1.9405,0.3698,19.405,0.08,0.0412,0.293,0.242,54,0.229,2.033,0.05,0.05,0.0,clear,sweep + rejection + CHoCH + displacement,524.8757
2024-11-15 05:57:00+00:00,2024-11-15 11:36:00+00:00,XAUUSD,SHORT,BREAKOUT,COMPRESSION,0.953,65.0,NO_TRADE,ASIA,2561.458,2570.736,2547.542,2547.542,2570.965,STOP,0.002,1.8555,0.3535,9.277,-1.9013,-1.0247,0.768,1.064,339,0.293,1.225,0.05,0.12,0.0,clear,compression -> confirmed range break + momentum,522.9744
2024-11-15 13:39:00+00:00,2024-11-15 18:00:00+00:00,XAUUSD,SHORT,LIQUIDITY_REVERSAL,CHOPPY,0.577,100.0,A+,OVERLAP,2568.23,2588.342,2538.061,2538.061,2562.402,SESSION_END,0.001,2.0113,0.3846,20.113,0.5828,0.2898,0.407,0.382,261,0.271,3.212,0.05,0.05,0.0,clear,sweep + rejection + CHoCH + displacement,523.5571
2024-11-18 16:58:00+00:00,2024-11-18 21:00:00+00:00,XAUUSD,LONG,TREND_CONTINUATION,BULL,0.611,90.0,A+,NEWYORK,2611.946,2604.256,2623.48,2623.48,2609.704,SESSION_END,0.003,2.3069,0.4406,7.69,-0.6725,-0.2915,0.069,0.615,242,0.242,1.941,0.05,0.05,0.0,clear,trend pullback + LTF BOS,522.8846
2024-11-19 02:38:00+00:00,2024-11-19 10:38:00+00:00,XAUUSD,LONG,BREAKOUT,BULL,0.947,65.0,NO_TRADE,ASIA,2621.757,2610.564,2638.547,2638.547,2633.545,TIME,0.002,2.2387,0.4281,11.194,2.3576,1.0531,1.241,0.369,480,0.364,1.634,0.05,0.05,0.0,clear,compression -> confirmed range break + momentum,525.2422
2024-11-19 13:58:00+00:00,2024-11-19 21:00:00+00:00,XAUUSD,LONG,TREND_CONTINUATION,STRONG_BULL,1.0,95.0,A+,OVERLAP,2636.346,2616.724,2665.779,2665.779,2632.732,SESSION_END,0.001,1.9622,0.3736,19.622,-0.3614,-0.1842,0.025,0.785,422,0.262,2.761,0.05,0.05,0.0,clear,trend pullback + LTF BOS,524.8808
2024-11-20 17:57:00+00:00,2024-11-20 21:00:00+00:00,XAUUSD,LONG,TREND_CONTINUATION,STRONG_BULL,0.995,85.0,A,NEWYORK,2652.181,2643.607,2665.043,2665.043,2648.042,SESSION_END,0.003,2.5724,0.4901,8.575,-1.2419,-0.4828,0.098,0.803,183,0.273,2.081,0.05,0.05,0.0,clear,trend pullback + LTF BOS,523.6389
2024-11-21 07:32:00+00:00,2024-11-21 15:32:00+00:00,XAUUSD,LONG,BREAKOUT,BULL,1.0,80.0,B,LONDON,2663.963,2655.144,2677.191,2677.191,2669.216,TIME,0.002,1.7638,0.3368,8.819,1.0508,0.5958,1.068,0.414,480,0.215,1.49,0.05,0.05,0.0,clear,compression -> confirmed range break + momentum,524.6897
2024-11-22 04:51:00+00:00,2024-11-22 12:51:00+00:00,XAUUSD,LONG,BREAKOUT,STRONG_BULL,0.898,80.0,B,ASIA,2691.778,2672.45,2720.77,2720.77,2703.554,TIME,0.001,1.9328,0.3684,19.328,1.1776,0.6093,0.945,0.458,480,0.465,2.049,0.05,0.05,0.0,clear,compression -> confirmed range break + momentum,525.8673
2024-11-27 13:11:00+00:00,2024-11-27 21:00:00+00:00,XAUUSD,SHORT,LIQUIDITY_REVERSAL,LIQUIDITY_REVERSAL,0.7,100.0,A+,OVERLAP,2647.463,2665.501,2620.407,2620.407,2637.046,SESSION_END,0.001,1.8038,0.343,18.038,1.0418,0.5776,0.752,0.59,469,0.201,1.936,0.05,0.05,0.0,clear,sweep + rejection + CHoCH + displacement,526.9091
2024-11-29 12:26:00+00:00,2024-11-29 15:00:00+00:00,XAUUSD,LONG,LIQUIDITY_REVERSAL,LIQUIDITY_REVERSAL,1.0,100.0,A+,OVERLAP,2663.517,2651.812,2681.074,2681.074,2651.551,STOP,0.002,2.341,0.4443,11.705,-2.3932,-1.0223,0.035,1.062,154,0.224,1.941,0.05,0.12,0.0,clear,sweep + rejection + CHoCH + displacement,524.5158
2024-12-03 11:22:00+00:00,2024-12-03 15:20:00+00:00,XAUUSD,LONG,LIQUIDITY_REVERSAL,CHOPPY,0.641,80.0,B,LONDON,2645.279,2637.391,2657.112,2657.112,2637.136,STOP,0.003,2.3664,0.4512,7.888,-2.4431,-1.0324,1.299,1.289,238,0.189,1.55,0.05,0.12,0.0,clear,sweep + rejection + CHoCH + displacement,522.0727
2024-12-04 13:21:00+00:00,2024-12-04 21:00:00+00:00,XAUUSD,LONG,LIQUIDITY_REVERSAL,LIQUIDITY_REVERSAL,0.7,100.0,A+,OVERLAP,2640.73,2618.135,2674.622,2674.622,2649.246,SESSION_END,0.001,2.2595,0.4328,22.595,0.8516,0.3769,0.72,0.0,459,0.29,2.84,0.05,0.05,0.0,clear,sweep + rejection + CHoCH + displacement,522.9244
2024-12-06 13:46:00+00:00,2024-12-06 18:00:00+00:00,XAUUSD,LONG,LIQUIDITY_REVERSAL,CHOPPY,0.633,85.0,A,OVERLAP,2637.081,2619.911,2662.835,2662.835,2634.117,SESSION_END,0.001,1.717,0.3283,17.17,-0.2963,-0.1726,0.257,0.77,254,0.333,3.579,0.05,0.05,0.0,clear,sweep + rejection + CHoCH + displacement,522.628
2024-12-09 11:29:00+00:00,2024-12-09 15:14:00+00:00,XAUUSD,LONG,TREND_CONTINUATION,BULL,0.921,80.0,B,LONDON,2657.795,2645.885,2675.659,2675.659,2675.536,TP2,0.002,2.3819,0.4558,11.909,3.5483,1.4897,1.529,0.388,225,0.2,1.611,0.05,0.0,0.0,clear,trend pullback + LTF BOS,526.1763
2024-12-10 01:01:00+00:00,2024-12-10 09:01:00+00:00,XAUUSD,LONG,BREAKOUT,COMPRESSION,0.989,80.0,B,ASIA,2665.444,2653.463,2683.415,2683.415,2662.149,TIME,0.002,2.3962,0.4554,11.981,-0.6591,-0.2751,0.683,0.417,480,0.318,1.274,0.05,0.05,0.0,clear,compression -> confirmed range break + momentum,525.5172
2024-12-10 12:16:00+00:00,2024-12-10 14:40:00+00:00,XAUUSD,LONG,BREAKOUT,BULL,0.887,70.0,NO_TRADE,OVERLAP,2677.075,2669.6,2688.287,2688.287,2688.169,TP2,0.003,2.2424,0.4267,7.475,3.3284,1.4843,1.559,0.651,144,0.219,2.167,0.05,0.0,0.0,clear,compression -> confirmed range break + momentum,528.8456
2024-12-10 15:58:00+00:00,2024-12-10 21:00:00+00:00,XAUUSD,LONG,TREND_CONTINUATION,STRONG_BULL,0.947,100.0,A+,OVERLAP,2688.665,2676.828,2706.42,2706.42,2691.499,SESSION_END,0.002,2.3673,0.4476,11.836,0.5667,0.2394,0.567,0.35,302,0.22,2.179,0.05,0.05,0.0,clear,trend pullback + LTF BOS,529.4123
2024-12-11 13:36:00+00:00,2024-12-11 21:00:00+00:00,XAUUSD,LONG,LIQUIDITY_REVERSAL,LIQUIDITY_REVERSAL,1.0,100.0,A+,OVERLAP,2699.141,2675.783,2734.177,2734.177,2716.16,SESSION_END,0.001,2.3358,0.4412,23.358,1.7019,0.7286,0.936,0.118,444,0.233,2.545,0.05,0.05,0.0,clear,sweep + rejection + CHoCH + displacement,531.1143
2024-12-13 07:31:00+00:00,2024-12-13 11:24:00+00:00,XAUUSD,SHORT,BREAKOUT,COMPRESSION,0.958,85.0,A,LONDON,2681.396,2692.907,2664.129,2664.129,2664.243,TP2,0.002,2.3023,0.4335,11.511,3.4306,1.4901,1.501,0.29,233,0.216,1.684,0.05,0.0,0.0,clear,compression -> confirmed range break + momentum,534.5448
2024-12-16 08:26:00+00:00,2024-12-16 16:26:00+00:00,XAUUSD,LONG,BREAKOUT,COMPRESSION,0.953,80.0,B,LONDON,2657.978,2648.302,2672.491,2672.491,2650.329,TIME,0.002,1.9351,0.362,9.676,-1.5296,-0.7905,0.648,0.771,480,0.219,1.621,0.05,0.05,0.0,clear,compression -> confirmed range break + momentum,533.0152
2024-12-17 13:51:00+00:00,2024-12-17 21:00:00+00:00,XAUUSD,SHORT,LIQUIDITY_REVERSAL,BEAR,0.811,100.0,A+,OVERLAP,2637.862,2656.008,2610.642,2610.642,2644.35,SESSION_END,0.001,1.8146,0.3404,18.146,-0.6488,-0.3576,0.279,0.606,429,0.267,2.353,0.05,0.05,0.0,clear,sweep + rejection + CHoCH + displacement,532.3663
2024-12-18 08:22:00+00:00,2024-12-18 15:09:00+00:00,XAUUSD,LONG,LIQUIDITY_REVERSAL,LIQUIDITY_REVERSAL,0.7,85.0,A,LONDON,2646.443,2634.549,2664.284,2664.284,2634.31,STOP,0.002,2.3788,0.4468,11.894,-2.4267,-1.0202,0.26,1.026,407,0.236,1.49,0.05,0.12,0.0,clear,sweep + rejection + CHoCH + displacement,529.9396
2024-12-20 07:36:00+00:00,2024-12-20 14:16:00+00:00,XAUUSD,SHORT,LIQUIDITY_REVERSAL,LIQUIDITY_REVERSAL,1.0,95.0,A+,LONDON,2602.658,2615.16,2583.906,2583.906,2615.405,STOP,0.002,2.5003,0.4718,12.501,-2.5493,-1.0196,0.235,1.004,400,0.193,1.718,0.05,0.12,0.0,clear,sweep + rejection + CHoCH + displacement,527.3903
2025-01-02 09:08:00+00:00,2025-01-02 15:34:00+00:00,XAUUSD,LONG,BREAKOUT,STRONG_BULL,0.912,70.0,NO_TRADE,LONDON,2638.925,2630.37,2651.759,2651.759,2651.618,TP2,0.002,1.7112,0.3422,8.556,2.5385,1.4835,1.616,0.747,386,0.283,1.695,0.05,0.0,0.0,clear,compression -> confirmed range break + momentum,502.5385
2025-01-06 11:16:00+00:00,2025-01-06 13:47:00+00:00,XAUUSD,LONG,LIQUIDITY_REVERSAL,LIQUIDITY_REVERSAL,0.7,75.0,B,LONDON,2638.165,2622.083,2662.289,2662.289,2621.776,STOP,0.001,1.6083,0.32,16.083,-1.639,-1.0191,0.693,1.017,151,0.241,1.773,0.05,0.12,0.0,clear,sweep + rejection + CHoCH + displacement,500.8996
2025-01-08 13:31:00+00:00,2025-01-08 14:37:00+00:00,XAUUSD,SHORT,LIQUIDITY_REVERSAL,LIQUIDITY_REVERSAL,0.7,75.0,B,OVERLAP,2654.708,2667.256,2635.886,2635.886,2667.532,STOP,0.001,1.2548,0.2505,12.548,-1.2825,-1.0221,0.187,1.021,66,0.315,2.625,0.05,0.12,0.0,clear,sweep + rejection + CHoCH + displacement,499.6171
2025-01-10 10:33:00+00:00,2025-01-10 13:30:00+00:00,XAUUSD,LONG,TREND_CONTINUATION,STRONG_BULL,0.877,85.0,A,LONDON,2681.177,2672.583,2694.07,2694.07,2672.337,STOP,0.002,1.719,0.3441,8.595,-1.7682,-1.0286,0.205,1.941,177,0.265,1.696,0.05,0.12,0.0,clear,trend pullback + LTF BOS,497.8489
2025-01-10 13:45:00+00:00,2025-01-10 14:29:00+00:00,XAUUSD,SHORT,LIQUIDITY_REVERSAL,LIQUIDITY_REVERSAL,0.7,85.0,A,OVERLAP,2675.377,2690.381,2652.872,2652.872,2690.705,STOP,0.001,1.5004,0.3014,15.004,-1.5328,-1.0216,0.058,1.011,44,0.361,3.553,0.05,0.12,0.0,clear,sweep + rejection + CHoCH + displacement,496.3161
2025-01-13 08:06:00+00:00,2025-01-13 10:26:00+00:00,XAUUSD,LONG,LIQUIDITY_REVERSAL,LIQUIDITY_REVERSAL,0.7,100.0,A+,LONDON,2688.017,2677.759,2703.404,2703.404,2677.504,STOP,0.002,2.0516,0.4134,10.258,-2.1026,-1.0249,0.141,1.062,140,0.224,1.65,0.05,0.12,0.0,clear,sweep + rejection + CHoCH + displacement,494.2135
2025-01-14 20:20:00+00:00,2025-01-14 21:00:00+00:00,XAUUSD,SHORT,LIQUIDITY_REVERSAL,LIQUIDITY_REVERSAL,0.8,100.0,A+,NEWYORK,2671.943,2681.033,2658.308,2658.308,2677.024,SESSION_END,0.002,1.818,0.3679,9.09,-1.0161,-0.5589,0.029,0.507,40,0.224,1.338,0.05,0.05,0.0,clear,sweep + rejection + CHoCH + displacement,493.1974
2025-01-15 13:34:00+00:00,2025-01-15 21:00:00+00:00,XAUUSD,LONG,LIQUIDITY_REVERSAL,BULL,0.55,90.0,A+,OVERLAP,2687.121,2673.352,2707.774,2707.774,2695.817,SESSION_END,0.001,1.3769,0.2792,13.769,0.8696,0.6316,0.687,0.776,446,0.224,1.708,0.05,0.05,0.0,clear,sweep + rejection + CHoCH + displacement,494.067
2025-01-16 00:21:00+00:00,2025-01-16 08:21:00+00:00,XAUUSD,LONG,LIQUIDITY_REVERSAL,BULL,0.57,100.0,A+,ASIA,2697.669,2684.624,2717.236,2717.236,2702.579,TIME,0.001,1.3045,0.264,13.045,0.491,0.3764,0.404,0.609,480,0.379,1.316,0.05,0.05,0.0,clear,sweep + rejection + CHoCH + displacement,494.558
2025-01-16 10:11:00+00:00,2025-01-16 16:36:00+00:00,XAUUSD,LONG,BREAKOUT,BULL,0.93,85.0,A,LONDON,2707.688,2698.884,2720.894,2720.894,2720.716,TP2,0.002,1.7608,0.356,8.804,2.6056,1.4798,1.512,0.877,385,0.266,1.946,0.05,0.0,0.0,clear,compression -> confirmed range break + momentum,497.1636
2025-01-17 14:46:00+00:00,2025-01-17 18:00:00+00:00,XAUUSD,LONG,LIQUIDITY_REVERSAL,LIQUIDITY_REVERSAL,0.8,100.0,A+,OVERLAP,2710.297,2689.685,2741.215,2741.215,2711.947,SESSION_END,0.001,2.0612,0.4146,20.612,0.165,0.0801,0.334,0.062,194,0.284,2.472,0.05,0.05,0.0,clear,sweep + rejection + CHoCH + displacement,497.3286
2025-01-20 13:34:00+00:00,2025-01-20 23:00:00+00:00,XAUUSD,SHORT,LIQUIDITY_REVERSAL,CHOPPY,0.621,85.0,A,OVERLAP,2705.069,2718.735,2684.57,2684.57,2706.931,SESSION_END,0.001,1.3666,0.2748,13.666,-0.1862,-0.1363,0.261,0.495,355,0.192,1.42,0.05,0.05,0.0,clear,sweep + rejection + CHoCH + displacement,497.1424
2025-01-21 18:27:00+00:00,2025-01-21 21:00:00+00:00,XAUUSD,LONG,TREND_CONTINUATION,STRONG_BULL,0.991,85.0,A,NEWYORK,2743.07,2733.5,2757.425,2757.425,2741.655,SESSION_END,0.002,1.9139,0.385,9.57,-0.283,-0.1478,0.29,0.334,153,0.244,1.904,0.05,0.05,0.0,clear,trend pullback + LTF BOS,496.8594
2025-01-22 07:11:00+00:00,2025-01-22 15:11:00+00:00,XAUUSD,LONG,LIQUIDITY_REVERSAL,LIQUIDITY_REVERSAL,1.0,100.0,A+,LONDON,2749.926,2738.635,2766.864,2766.864,2752.449,TIME,0.002,2.2583,0.4545,11.292,0.5046,0.2234,1.176,0.291,480,0.223,1.912,0.05,0.05,0.0,clear,sweep + rejection + CHoCH + displacement,497.3639
2025-01-23 20:01:00+00:00,2025-01-23 21:00:00+00:00,XAUUSD,SHORT,LIQUIDITY_REVERSAL,LIQUIDITY_REVERSAL,1.0,85.0,A,NEWYORK,2752.646,2764.941,2734.204,2734.204,2754.019,SESSION_END,0.002,2.459,0.4944,12.295,-0.2746,-0.1117,0.128,0.16,59,0.238,1.509,0.05,0.05,0.0,clear,sweep + rejection + CHoCH + displacement,497.0893
2025-01-24 11:36:00+00:00,2025-01-24 16:53:00+00:00,XAUUSD,LONG,BREAKOUT,BULL,0.961,85.0,A,LONDON,2779.26,2770.078,2793.034,2793.034,2769.805,STOP,0.002,1.8365,0.3694,9.182,-1.8911,-1.0298,0.715,1.04,317,0.23,1.788,0.05,0.12,0.0,clear,compression -> confirmed range break + momentum,495.1982
2025-01-29 19:38:00+00:00,2025-01-29 21:00:00+00:00,XAUUSD,LONG,LIQUIDITY_REVERSAL,LIQUIDITY_REVERSAL,0.7,100.0,A+,NEWYORK,2750.08,2736.19,2770.914,2770.914,2753.73,SESSION_END,0.001,1.3889,0.2805,13.889,0.3651,0.2628,0.64,0.0,82,0.369,2.444,0.05,0.05,0.0,clear,sweep + rejection + CHoCH + displacement,495.5633
2025-01-30 08:57:00+00:00,2025-01-30 14:55:00+00:00,XAUUSD,LONG,BREAKOUT,BULL,0.857,85.0,A,LONDON,2775.183,2766.516,2788.185,2788.185,2788.037,TP2,0.002,1.7335,0.3498,8.668,2.5708,1.483,1.545,0.458,358,0.257,1.519,0.05,0.0,0.0,clear,compression -> confirmed range break + momentum,498.1341
2025-01-30 18:25:00+00:00,2025-01-30 21:00:00+00:00,XAUUSD,LONG,TREND_CONTINUATION,STRONG_BULL,1.0,85.0,A,NEWYORK,2796.628,2776.222,2827.238,2827.238,2795.238,SESSION_END,0.001,2.0406,0.4097,20.406,-0.1391,-0.0682,0.071,0.296,155,0.326,2.199,0.05,0.05,0.0,clear,trend pullback + LTF BOS,497.995
2025-02-04 01:46:00+00:00,2025-02-04 06:17:00+00:00,XAUUSD,LONG,BREAKOUT,COMPRESSION,0.937,80.0,B,ASIA,2823.426,2812.615,2839.642,2839.642,2812.326,STOP,0.002,2.1622,0.4342,10.811,-2.2199,-1.0267,0.094,1.011,271,0.321,1.536,0.05,0.12,0.0,clear,compression -> confirmed range break + momentum,495.775
2025-02-04 12:56:00+00:00,2025-02-04 13:30:00+00:00,XAUUSD,LONG,BREAKOUT,COMPRESSION,0.968,85.0,A,OVERLAP,2822.177,2813.306,2835.483,2835.483,2835.368,TP2,0.002,1.7741,0.3579,8.871,2.6383,1.4871,1.608,0.114,34,0.184,1.727,0.05,0.0,0.0,clear,compression -> confirmed range break + momentum,498.4134
2025-02-04 14:36:00+00:00,2025-02-04 21:00:00+00:00,XAUUSD,LONG,BREAKOUT,BULL,0.56,85.0,A,OVERLAP,2838.388,2825.896,2857.126,2857.126,2843.171,SESSION_END,0.001,1.2492,0.2506,12.492,0.4783,0.3829,0.556,0.479,384,0.259,2.935,0.05,0.05,0.0,clear,compression -> confirmed range break + momentum,498.8917
2025-02-05 00:38:00+00:00,2025-02-05 06:27:00+00:00,XAUUSD,LONG,BREAKOUT,COMPRESSION,0.974,65.0,NO_TRADE,ASIA,2846.201,2835.943,2861.587,2861.587,2861.384,TP2,0.002,2.0515,0.4112,10.257,3.0367,1.4802,1.51,0.669,349,0.331,1.307,0.05,0.0,0.0,clear,compression -> confirmed range break + momentum,501.9284
2025-02-06 08:41:00+00:00,2025-02-06 16:41:00+00:00,XAUUSD,LONG,LIQUIDITY_REVERSAL,LIQUIDITY_REVERSAL,1.0,100.0,A+,LONDON,2857.967,2833.132,2895.22,2895.22,2852.382,TIME,0.001,2.4835,0.4948,24.835,-0.5586,-0.2249,0.486,0.967,480,0.285,2.708,0.05,0.05,0.0,clear,sweep + rejection + CHoCH + displacement,501.3699
2025-02-06 19:52:00+00:00,2025-02-06 21:00:00+00:00,XAUUSD,LONG,LIQUIDITY_REVERSAL,LIQUIDITY_REVERSAL,0.7,100.0,A+,NEWYORK,2853.141,2844.908,2865.49,2865.49,2855.734,SESSION_END,0.003,2.4698,0.4926,8.233,0.7781,0.3151,0.492,0.0,68,0.211,1.556,0.05,0.05,0.0,clear,sweep + rejection + CHoCH + displacement,502.148
2025-02-07 15:16:00+00:00,2025-02-07 16:17:00+00:00,XAUUSD,LONG,BREAKOUT,EXPANSION,0.876,65.0,NO_TRADE,OVERLAP,2879.944,2865.416,2901.737,2901.737,2865.035,STOP,0.001,1.4528,0.2893,14.528,-1.491,-1.0262,0.458,1.012,61,0.393,4.267,0.05,0.12,0.0,clear,compression -> confirmed range break + momentum,500.6571
2025-02-10 10:55:00+00:00,2025-02-10 18:55:00+00:00,XAUUSD,LONG,TREND_CONTINUATION,STRONG_BULL,0.946,85.0,A,LONDON,2901.635,2891.485,2916.86,2916.86,2904.833,TIME,0.002,2.03,0.4055,10.15,0.6396,0.3151,0.987,0.535,480,0.24,2.046,0.05,0.05,0.0,clear,trend pullback + LTF BOS,501.2967
2025-02-11 00:57:00+00:00,2025-02-11 02:13:00+00:00,XAUUSD,LONG,BREAKOUT,STRONG_BULL,1.0,70.0,NO_TRADE,ASIA,2923.541,2912.883,2939.527,2939.527,2939.27,TP2,0.002,2.1315,0.4252,10.657,3.1459,1.4759,1.765,0.407,76,0.372,1.842,0.05,0.0,0.0,clear,compression -> confirmed range break + momentum,504.4425
2025-02-12 00:50:00+00:00,2025-02-12 08:50:00+00:00,XAUUSD,SHORT,BREAKOUT,COMPRESSION,0.968,50.0,NO_TRADE,ASIA,2891.697,2900.776,2878.079,2878.079,2891.496,TIME,0.002,1.8157,0.3599,9.079,0.0401,0.0221,0.92,0.666,480,0.296,1.467,0.05,0.05,0.0,clear,compression -> confirmed range break + momentum,504.4826
2025-02-12 13:21:00+00:00,2025-02-12 14:33:00+00:00,XAUUSD,SHORT,BREAKOUT,BEAR,0.915,100.0,A+,OVERLAP,2874.495,2896.305,2841.779,2841.779,2896.586,STOP,0.001,2.1811,0.4323,21.811,-2.2092,-1.0129,0.496,1.0,72,0.221,2.833,0.05,0.12,0.0,clear,compression -> confirmed range break + momentum,502.2734
2025-02-13 01:04:00+00:00,2025-02-13 04:08:00+00:00,XAUUSD,SHORT,LIQUIDITY_REVERSAL,BULL,0.867,80.0,B,ASIA,2903.489,2917.858,2881.937,2881.937,2918.163,STOP,0.001,1.4369,0.2861,14.369,-1.4673,-1.0212,0.16,1.026,184,0.331,1.592,0.05,0.12,0.0,clear,sweep + rejection + CHoCH + displacement,500.8061
2025-02-14 08:21:00+00:00,2025-02-14 13:05:00+00:00,XAUUSD,LONG,BREAKOUT,EXPANSION,0.871,85.0,A,LONDON,2938.316,2926.928,2955.397,2955.397,2926.705,STOP,0.002,2.2776,0.4548,11.388,-2.3221,-1.0196,0.142,1.105,284,0.241,2.06,0.05,0.12,0.0,clear,compression -> confirmed range break + momentum,498.484
2025-02-14 13:36:00+00:00,2025-02-14 14:01:00+00:00,XAUUSD,LONG,LIQUIDITY_REVERSAL,LIQUIDITY_REVERSAL,1.0,100.0,A+,OVERLAP,2932.369,2915.514,2957.651,2957.651,2915.246,STOP,0.001,1.6855,0.3381,16.855,-1.7122,-1.0159,0.046,1.026,25,0.247,2.586,0.05,0.12,0.0,clear,sweep + rejection + CHoCH + displacement,496.7717
2025-02-17 08:37:00+00:00,2025-02-17 16:37:00+00:00,XAUUSD,SHORT,LIQUIDITY_REVERSAL,LIQUIDITY_REVERSAL,0.8,100.0,A+,LONDON,2896.034,2911.544,2872.768,2872.768,2897.694,TIME,0.001,1.5511,0.3122,15.511,-0.166,-0.107,0.045,0.656,480,0.223,1.959,0.05,0.05,0.0,clear,sweep + rejection + CHoCH + displacement,496.6057
2025-02-18 13:46:00+00:00,2025-02-18 21:00:00+00:00,XAUUSD,LONG,BREAKOUT,EXPANSION,0.834,85.0,A,OVERLAP,2920.882,2909.473,2937.996,2937.996,2933.085,SESSION_END,0.002,2.2818,0.4595,11.409,2.4406,1.0696,1.397,0.299,434,0.215,1.999,0.05,0.05,0.0,clear,compression -> confirmed range break + momentum,499.0463
2025-02-19 02:32:00+00:00,2025-02-19 10:32:00+00:00,XAUUSD,SHORT,LIQUIDITY_REVERSAL,LIQUIDITY_REVERSAL,0.8,85.0,A,ASIA,2934.006,2948.326,2912.526,2912.526,2944.273,TIME,0.001,1.432,0.287,14.32,-1.0267,-0.717,0.699,0.898,480,0.398,1.602,0.05,0.05,0.0,clear,sweep + rejection + CHoCH + displacement,498.0196
2025-02-20 06:56:00+00:00,2025-02-20 13:46:00+00:00,XAUUSD,LONG,BREAKOUT,BULL,0.935,80.0,B,ASIA,2948.426,2936.981,2965.595,2965.595,2936.718,STOP,0.002,2.2891,0.4596,11.446,-2.3417,-1.023,0.553,1.108,410,0.382,1.535,0.05,0.12,0.0,clear,compression -> confirmed range break + momentum,495.6779
2025-02-21 00:26:00+00:00,2025-02-21 08:18:00+00:00,XAUUSD,SHORT,LIQUIDITY_REVERSAL,CHOPPY,0.611,80.0,B,ASIA,2938.326,2949.568,2921.464,2921.464,2921.581,TP2,0.002,2.2483,0.4536,11.242,3.349,1.4895,1.507,0.998,472,0.324,1.26,0.05,0.0,0.0,clear,sweep + rejection + CHoCH + displacement,499.0268
2025-02-24 08:56:00+00:00,2025-02-24 16:56:00+00:00,XAUUSD,LONG,BREAKOUT,COMPRESSION,0.968,80.0,B,LONDON,2947.985,2928.093,2977.824,2977.824,2942.279,TIME,0.001,1.9893,0.3986,19.893,-0.5706,-0.2869,0.405,0.875,480,0.241,2.347,0.05,0.05,0.0,clear,compression -> confirmed range break + momentum,498.4562
2025-02-26 13:56:00+00:00,2025-02-26 14:31:00+00:00,XAUUSD,SHORT,BREAKOUT,COMPRESSION,0.963,80.0,B,OVERLAP,2907.621,2918.545,2891.235,2891.235,2891.373,TP2,0.002,2.1848,0.4383,10.924,3.2496,1.4874,1.559,0.0,35,0.208,2.096,0.05,0.0,0.0,clear,compression -> confirmed range break + momentum,501.7057
2025-02-27 04:33:00+00:00,2025-02-27 08:11:00+00:00,XAUUSD,SHORT,BREAKOUT,BEAR,0.554,85.0,A,ASIA,2901.872,2913.462,2884.486,2884.486,2884.63,TP2,0.002,2.3181,0.462,11.59,3.4482,1.4875,1.558,0.008,218,0.387,1.835,0.05,0.0,0.0,clear,compression -> confirmed range break + momentum,505.1539
2025-02-28 03:26:00+00:00,2025-02-28 08:48:00+00:00,XAUUSD,SHORT,BREAKOUT,COMPRESSION,0.963,85.0,A,ASIA,2868.969,2881.038,2850.866,2850.866,2850.971,TP2,0.002,2.4137,0.4778,12.069,3.5996,1.4913,1.502,0.052,322,0.412,2.476,0.05,0.0,0.0,clear,compression -> confirmed range break + momentum,508.7536
2025-02-28 12:01:00+00:00,2025-02-28 12:53:00+00:00,XAUUSD,LONG,LIQUIDITY_REVERSAL,LIQUIDITY_REVERSAL,0.8,70.0,NO_TRADE,OVERLAP,2862.453,2854.486,2874.403,2874.403,2854.274,STOP,0.003,2.39,0.4698,7.967,-2.4536,-1.0266,0.285,1.039,52,0.169,1.762,0.05,0.12,0.0,clear,sweep + rejection + CHoCH + displacement,506.3
2025-02-28 14:01:00+00:00,2025-02-28 18:00:00+00:00,XAUUSD,SHORT,BREAKOUT,BEAR,1.0,85.0,A,OVERLAP,2847.809,2865.676,2821.009,2821.009,2845.189,SESSION_END,0.001,1.7866,0.3529,17.866,0.262,0.1467,0.859,0.335,239,0.238,3.164,0.05,0.05,0.0,clear,compression -> confirmed range break + momentum,506.5621
2025-03-03 08:01:00+00:00,2025-03-03 14:34:00+00:00,XAUUSD,LONG,LIQUIDITY_REVERSAL,LIQUIDITY_REVERSAL,0.8,80.0,B,LONDON,2863.528,2853.796,2878.126,2878.126,2878.026,TP2,0.002,1.9464,0.3842,9.732,2.8997,1.4898,1.595,0.492,393,0.186,1.639,0.05,0.0,0.0,clear,sweep + rejection + CHoCH + displacement,509.4618
2025-03-04 09:31:00+00:00,2025-03-04 14:43:00+00:00,XAUUSD,LONG,BREAKOUT,STRONG_BULL,0.867,85.0,A,LONDON,2920.43,2908.041,2939.013,2939.013,2907.794,STOP,0.002,2.4777,0.4863,12.389,-2.5271,-1.0199,0.588,1.014,312,0.289,3.11,0.05,0.12,0.0,clear,compression -> confirmed range break + momentum,506.9347
2025-03-05 17:01:00+00:00,2025-03-05 21:00:00+00:00,XAUUSD,SHORT,LIQUIDITY_REVERSAL,LIQUIDITY_REVERSAL,0.8,85.0,A,NEWYORK,2923.569,2941.125,2897.235,2897.235,2922.074,SESSION_END,0.001,1.7556,0.3463,17.556,0.1495,0.0851,0.709,0.0,239,0.352,3.796,0.05,0.05,0.0,clear,sweep + rejection + CHoCH + displacement,507.0841
2025-03-07 13:09:00+00:00,2025-03-07 14:01:00+00:00,XAUUSD,SHORT,LIQUIDITY_REVERSAL,LIQUIDITY_REVERSAL,0.8,70.0,NO_TRADE,OVERLAP,2919.577,2927.989,2906.959,2906.959,2907.106,TP2,0.003,2.5235,0.4977,8.412,3.7412,1.4825,1.943,0.774,52,0.196,1.91,0.05,0.0,0.0,clear,sweep + rejection + CHoCH + displacement,510.8253
2025-03-11 12:43:00+00:00,2025-03-11 20:43:00+00:00,XAUUSD,LONG,LIQUIDITY_REVERSAL,LIQUIDITY_REVERSAL,0.8,80.0,B,OVERLAP,2915.497,2901.661,2936.25,2936.25,2916.034,TIME,0.001,1.3835,0.2708,13.835,0.0538,0.0389,0.474,0.638,480,0.183,1.709,0.05,0.05,0.0,clear,sweep + rejection + CHoCH + displacement,510.8791
2025-03-12 12:36:00+00:00,2025-03-12 20:36:00+00:00,XAUUSD,LONG,LIQUIDITY_REVERSAL,LIQUIDITY_REVERSAL,0.7,100.0,A+,OVERLAP,2920.485,2897.902,2954.361,2954.361,2932.364,TIME,0.001,2.2584,0.4421,22.584,1.1879,0.526,0.879,0.652,480,0.241,2.318,0.05,0.05,0.0,clear,sweep + rejection + CHoCH + displacement,512.0669
2025-03-13 11:43:00+00:00,2025-03-13 14:44:00+00:00,XAUUSD,LONG,TREND_CONTINUATION,BULL,0.997,85.0,A,LONDON,2947.815,2938.051,2962.461,2962.461,2962.331,TP2,0.002,1.9528,0.3814,9.764,2.9032,1.4867,1.862,0.93,181,0.22,1.646,0.05,0.0,0.0,clear,trend pullback + LTF BOS,514.9701
2025-03-14 13:36:00+00:00,2025-03-14 18:00:00+00:00,XAUUSD,SHORT,LIQUIDITY_REVERSAL,LIQUIDITY_REVERSAL,0.7,85.0,A,OVERLAP,2989.531,3007.102,2963.173,2963.173,2986.318,SESSION_END,0.001,1.7571,0.3412,17.571,0.3212,0.1828,0.651,0.206,264,0.269,2.928,0.05,0.05,0.0,clear,sweep + rejection + CHoCH + displacement,515.2913
2025-03-18 05:47:00+00:00,2025-03-18 13:47:00+00:00,XAUUSD,LONG,TREND_CONTINUATION,STRONG_BULL,0.938,95.0,A+,ASIA,3013.53,2993.537,3043.519,3043.519,3031.284,TIME,0.001,1.9993,0.388,19.993,1.7754,0.888,1.227,0.159,480,0.489,2.04,0.05,0.05,0.0,clear,trend pullback + LTF BOS,517.0667
2025-03-19 05:36:00+00:00,2025-03-19 08:38:00+00:00,XAUUSD,LONG,BREAKOUT,BULL,1.0,85.0,A,ASIA,3041.319,3029.551,3058.97,3058.97,3029.305,STOP,0.002,2.3535,0.4552,11.768,-2.4029,-1.021,0.326,1.052,182,0.388,1.434,0.05,0.12,0.0,clear,compression -> confirmed range break + momentum,514.6639
2025-03-20 13:39:00+00:00,2025-03-20 22:00:00+00:00,XAUUSD,LONG,LIQUIDITY_REVERSAL,LIQUIDITY_REVERSAL,0.7,100.0,A+,OVERLAP,3037.322,3017.076,3067.69,3067.69,3044.314,SESSION_END,0.001,2.0246,0.3934,20.246,0.6993,0.3454,0.425,0.341,441,0.253,2.85,0.05,0.05,0.0,clear,sweep + rejection + CHoCH + displacement,515.3631
2025-03-26 08:16:00+00:00,2025-03-26 15:01:00+00:00,XAUUSD,SHORT,LIQUIDITY_REVERSAL,LIQUIDITY_REVERSAL,0.7,75.0,B,LONDON,3028.302,3038.06,3013.665,3013.665,3013.8,TP2,0.002,1.9516,0.3787,9.758,2.9004,1.4862,1.541,0.203,405,0.227,1.503,0.05,0.0,0.0,clear,sweep + rejection + CHoCH + displacement,518.2635
2025-03-31 09:58:00+00:00,2025-03-31 10:46:00+00:00,XAUUSD,LONG,TREND_CONTINUATION,STRONG_BULL,1.0,85.0,A,LONDON,3122.565,3114.093,3135.274,3135.274,3113.859,STOP,0.003,2.5416,0.4904,8.472,-2.6119,-1.0277,0.068,1.018,48,0.235,2.461,0.05,0.12,0.0,clear,trend pullback + LTF BOS,515.6516
2025-04-01 03:16:00+00:00,2025-04-01 08:46:00+00:00,XAUUSD,LONG,BREAKOUT,BULL,0.874,85.0,A,ASIA,3138.462,3124.597,3159.259,3159.259,3124.351,STOP,0.001,1.3865,0.2689,13.865,-1.4111,-1.0177,0.748,1.021,330,0.414,2.757,0.05,0.12,0.0,clear,compression -> confirmed range break + momentum,514.2405
2025-04-02 03:24:00+00:00,2025-04-02 06:33:00+00:00,XAUUSD,SHORT,LIQUIDITY_REVERSAL,BULL,0.804,75.0,B,ASIA,3130.858,3143.567,3111.795,3111.795,3111.993,TP2,0.002,2.5418,0.4943,12.709,3.773,1.4844,1.798,0.213,189,0.394,2.355,0.05,0.0,0.0,clear,sweep + rejection + CHoCH + displacement,518.0135
2025-04-03 18:01:00+00:00,2025-04-03 21:00:00+00:00,XAUUSD,SHORT,TREND_CONTINUATION,BEAR,0.952,85.0,A,NEWYORK,3106.196,3123.33,3080.495,3080.495,3108.892,SESSION_END,0.001,1.7134,0.3308,17.134,-0.2696,-0.1574,0.379,0.403,179,0.304,5.017,0.05,0.05,0.0,clear,trend pullback + LTF BOS,517.7438
2025-04-04 03:31:00+00:00,2025-04-04 11:31:00+00:00,XAUUSD,SHORT,BREAKOUT,COMPRESSION,0.979,80.0,B,ASIA,3102.928,3121.262,3075.428,3075.428,3108.221,TIME,0.001,1.8334,0.3541,18.334,-0.5293,-0.2887,1.346,0.369,480,0.334,2.706,0.05,0.05,0.0,clear,compression -> confirmed range break + momentum,517.2145
2025-04-07 14:19:00+00:00,2025-04-07 14:36:00+00:00,XAUUSD,LONG,LIQUIDITY_REVERSAL,CHOPPY,0.641,80.0,B,OVERLAP,3026.494,3007.032,3055.688,3055.688,3006.808,STOP,0.001,1.9462,0.3763,19.462,-1.9686,-1.0115,0.188,1.097,17,0.199,5.708,0.05,0.12,0.0,clear,sweep + rejection + CHoCH + displacement,515.2459
2025-04-08 02:14:00+00:00,2025-04-08 10:14:00+00:00,XAUUSD,LONG,BREAKOUT,COMPRESSION,1.0,50.0,NO_TRADE,ASIA,2995.591,2975.584,3025.602,3025.602,3002.832,TIME,0.001,2.0007,0.3883,20.007,0.7241,0.3619,0.998,0.316,480,0.312,3.786,0.05,0.05,0.0,clear,compression -> confirmed range break + momentum,515.9699
2025-04-08 18:06:00+00:00,2025-04-08 21:00:00+00:00,XAUUSD,SHORT,BREAKOUT,EXPANSION,0.871,85.0,A,NEWYORK,2983.272,2998.937,2959.776,2959.776,2985.137,SESSION_END,0.001,1.5664,0.3036,15.664,-0.1864,-0.119,0.556,0.554,174,0.253,4.339,0.05,0.05,0.0,clear,compression -> confirmed range break + momentum,515.7835
2025-04-09 18:23:00+00:00,2025-04-09 18:25:00+00:00,XAUUSD,LONG,TREND_CONTINUATION,STRONG_BULL,1.0,85.0,A,NEWYORK,3087.2,3070.427,3112.359,3112.359,3070.145,STOP,0.001,1.6773,0.3252,16.773,-1.7055,-1.0168,0.018,1.166,2,0.269,4.859,0.05,0.12,0.0,clear,trend pullback + LTF BOS,514.078
2025-04-10 09:03:00+00:00,2025-04-10 13:09:00+00:00,XAUUSD,SHORT,LIQUIDITY_REVERSAL,LIQUIDITY_REVERSAL,0.7,70.0,NO_TRADE,LONDON,3113.505,3128.072,3091.654,3091.654,3128.277,STOP,0.001,1.4567,0.2834,14.567,-1.4772,-1.014,0.71,1.054,246,0.201,4.263,0.05,0.12,0.0,clear,sweep + rejection + CHoCH + displacement,512.6008
2025-04-10 13:46:00+00:00,2025-04-10 15:36:00+00:00,XAUUSD,SHORT,LIQUIDITY_REVERSAL,LIQUIDITY_REVERSAL,0.7,70.0,NO_TRADE,OVERLAP,3124.913,3149.948,3087.359,3087.359,3150.185,STOP,0.001,2.5036,0.4884,25.036,-2.5272,-1.0094,0.357,1.007,110,0.205,4.989,0.05,0.12,0.0,clear,sweep + rejection + CHoCH + displacement,510.0736
2025-04-11 00:06:00+00:00,2025-04-11 01:43:00+00:00,XAUUSD,LONG,BREAKOUT,STRONG_BULL,1.0,95.0,A+,ASIA,3189.695,3172.93,3214.842,3214.842,3214.653,TP2,0.001,1.6765,0.3287,16.765,2.4958,1.4887,1.68,0.428,97,0.34,3.784,0.05,0.0,0.0,clear,compression -> confirmed range break + momentum,512.5694
2025-04-14 14:19:00+00:00,2025-04-14 21:00:00+00:00,XAUUSD,SHORT,BREAKOUT,EXPANSION,0.95,55.0,NO_TRADE,OVERLAP,3196.932,3222.474,3158.619,3158.619,3212.902,SESSION_END,0.001,2.5542,0.4983,25.542,-1.5971,-0.6253,0.099,0.76,401,0.227,5.173,0.05,0.05,0.0,clear,compression -> confirmed range break + momentum,510.9723
2025-04-15 02:16:00+00:00,2025-04-15 10:16:00+00:00,XAUUSD,LONG,BREAKOUT,COMPRESSION,0.989,95.0,A+,ASIA,3216.885,3203.568,3236.861,3236.861,3228.312,TIME,0.001,1.3317,0.2606,13.317,1.1427,0.8581,1.171,0.011,480,0.3,2.108,0.05,0.05,0.0,clear,compression -> confirmed range break + momentum,512.115
2025-04-16 18:31:00+00:00,2025-04-16 21:00:00+00:00,XAUUSD,LONG,TREND_CONTINUATION,STRONG_BULL,1.0,85.0,A,NEWYORK,3325.079,3313.4,3342.599,3342.599,3337.453,SESSION_END,0.002,2.336,0.4561,11.68,2.4748,1.0594,1.485,0.004,149,0.249,3.409,0.05,0.05,0.0,clear,trend pullback + LTF BOS,514.5898
2025-04-17 13:16:00+00:00,2025-04-17 14:51:00+00:00,XAUUSD,LONG,BREAKOUT,COMPRESSION,0.947,85.0,A,OVERLAP,3334.506,3319.228,3357.423,3357.423,3318.984,STOP,0.001,1.5278,0.2969,15.278,-1.5521,-1.0159,0.253,1.058,95,0.202,3.707,0.05,0.12,0.0,clear,compression -> confirmed range break + momentum,513.0377
2025-04-21 07:42:00+00:00,2025-04-21 13:19:00+00:00,XAUUSD,LONG,BREAKOUT,COMPRESSION,0.932,80.0,B,LONDON,3391.02,3379.966,3407.601,3407.601,3407.508,TP2,0.002,2.2108,0.4309,11.054,3.2975,1.4915,1.508,0.854,337,0.21,3.232,0.05,0.0,0.0,clear,compression -> confirmed range break + momentum,516.3352
2025-04-21 13:51:00+00:00,2025-04-21 21:00:00+00:00,XAUUSD,LONG,BREAKOUT,BULL,0.852,100.0,A+,OVERLAP,3410.293,3387.201,3444.931,3444.931,3420.832,SESSION_END,0.001,2.3092,0.4472,23.092,1.0539,0.4564,0.869,0.238,429,0.216,3.87,0.05,0.05,0.0,clear,compression -> confirmed range break + momentum,517.389
2025-04-23 14:21:00+00:00,2025-04-23 14:50:00+00:00,XAUUSD,SHORT,BREAKOUT,COMPRESSION,0.958,80.0,B,OVERLAP,3304.996,3325.707,3273.93,3273.93,3274.052,TP2,0.001,2.0711,0.4003,20.711,3.0944,1.4941,1.545,0.212,29,0.198,6.059,0.05,0.0,0.0,clear,compression -> confirmed range break + momentum,520.4834
2025-04-25 14:16:00+00:00,2025-04-25 18:00:00+00:00,XAUUSD,SHORT,BREAKOUT,STRONG_BEAR,0.893,70.0,NO_TRADE,OVERLAP,3281.501,3302.32,3250.274,3250.274,3284.665,SESSION_END,0.001,2.0818,0.4,20.818,-0.3164,-0.152,0.803,0.281,224,0.227,5.567,0.05,0.05,0.0,clear,compression -> confirmed range break + momentum,520.167
2025-04-28 06:36:00+00:00,2025-04-28 14:36:00+00:00,XAUUSD,SHORT,LIQUIDITY_REVERSAL,CHOPPY,0.575,90.0,A+,ASIA,3294.524,3312.145,3268.092,3268.092,3294.667,TIME,0.001,1.7621,0.3388,17.621,-0.0143,-0.0081,1.218,0.427,480,0.343,3.457,0.05,0.05,0.0,clear,sweep + rejection + CHoCH + displacement,520.1527
2025-05-01 11:01:00+00:00,2025-05-01 19:01:00+00:00,XAUUSD,SHORT,BREAKOUT,COMPRESSION,0.905,80.0,B,LONDON,3217.808,3234.603,3192.614,3192.614,3213.928,TIME,0.001,1.6796,0.3229,16.796,0.388,0.231,0.96,0.909,480,0.195,3.15,0.05,0.05,0.0,clear,compression -> confirmed range break + momentum,520.5407
2025-05-02 03:26:00+00:00,2025-05-02 10:44:00+00:00,XAUUSD,LONG,BREAKOUT,COMPRESSION,0.995,65.0,NO_TRADE,ASIA,3246.576,3233.653,3265.96,3265.96,3265.859,TP2,0.002,2.5845,0.4965,12.923,3.8566,1.4922,1.514,0.272,438,0.362,3.435,0.05,0.0,0.0,clear,compression -> confirmed range break + momentum,524.3973
2025-05-05 10:56:00+00:00,2025-05-05 18:56:00+00:00,XAUUSD,LONG,BREAKOUT,STRONG_BULL,0.944,85.0,A,LONDON,3305.016,3289.179,3328.77,3328.77,3316.912,TIME,0.001,1.5836,0.302,15.836,1.1897,0.7512,1.478,0.034,480,0.261,4.129,0.05,0.05,0.0,clear,compression -> confirmed range break + momentum,525.587
2025-05-06 20:22:00+00:00,2025-05-06 21:00:00+00:00,XAUUSD,LONG,TREND_CONTINUATION,STRONG_BULL,1.0,85.0,A,NEWYORK,3416.056,3405.721,3431.558,3431.558,3420.966,SESSION_END,0.002,2.0669,0.3933,10.335,0.982,0.4751,0.753,0.147,38,0.202,2.582,0.05,0.05,0.0,clear,trend pullback + LTF BOS,526.569
2025-05-08 20:07:00+00:00,2025-05-08 21:00:00+00:00,XAUUSD,SHORT,TREND_CONTINUATION,STRONG_BEAR,0.949,85.0,A,NEWYORK,3302.181,3324.348,3268.931,3268.931,3309.138,SESSION_END,0.001,2.2167,0.421,22.167,-0.6957,-0.3138,0.62,0.336,53,0.227,3.645,0.05,0.05,0.0,clear,trend pullback + LTF BOS,525.8734
2025-05-13 01:12:00+00:00,2025-05-13 02:32:00+00:00,XAUUSD,LONG,BREAKOUT,COMPRESSION,0.979,65.0,NO_TRADE,ASIA,3242.548,3224.35,3269.846,3269.846,3224.053,STOP,0.001,1.8199,0.3461,18.199,-1.8495,-1.0163,0.03,1.001,80,0.306,2.585,0.05,0.12,0.0,clear,compression -> confirmed range break + momentum,524.0238
2025-05-13 13:01:00+00:00,2025-05-13 21:00:00+00:00,XAUUSD,SHORT,BREAKOUT,COMPRESSION,0.979,95.0,A+,OVERLAP,3248.415,3264.974,3223.577,3223.577,3248.744,SESSION_END,0.001,1.6559,0.316,16.559,-0.0329,-0.0199,1.405,0.557,479,0.18,2.99,0.05,0.05,0.0,clear,compression -> confirmed range break + momentum,523.991
2025-05-14 00:06:00+00:00,2025-05-14 01:05:00+00:00,XAUUSD,LONG,BREAKOUT,COMPRESSION,0.926,65.0,NO_TRADE,ASIA,3256.308,3247.271,3269.863,3269.863,3246.988,STOP,0.002,1.8073,0.3449,9.037,-1.8641,-1.0314,0.025,1.026,59,0.306,1.894,0.05,0.12,0.0,clear,compression -> confirmed range break + momentum,522.1269
2025-05-14 05:16:00+00:00,2025-05-14 07:07:00+00:00,XAUUSD,SHORT,BREAKOUT,STRONG_BEAR,0.9,80.0,B,ASIA,3222.563,3235.885,3202.581,3202.581,3236.117,STOP,0.001,1.3322,0.2551,13.322,-1.3554,-1.0174,0.042,1.016,111,0.423,3.232,0.05,0.12,0.0,clear,compression -> confirmed range break + momentum,520.7715
2025-05-19 00:01:00+00:00,2025-05-19 02:36:00+00:00,XAUUSD,LONG,BREAKOUT,EXPANSION,0.929,50.0,NO_TRADE,ASIA,3237.763,3220.711,3263.342,3263.342,3220.331,STOP,0.001,1.7052,0.3274,17.052,-1.7433,-1.0223,0.689,1.038,155,0.476,4.964,0.05,0.12,0.0,clear,compression -> confirmed range break + momentum,519.0282
2025-05-19 18:35:00+00:00,2025-05-19 21:00:00+00:00,XAUUSD,SHORT,LIQUIDITY_REVERSAL,CHOPPY,0.589,80.0,B,NEWYORK,3229.202,3240.042,3212.943,3212.943,3233.196,SESSION_END,0.002,2.1679,0.4177,10.84,-0.7988,-0.3685,0.384,0.596,145,0.206,2.735,0.05,0.05,0.0,clear,sweep + rejection + CHoCH + displacement,518.2294
2025-05-21 11:46:00+00:00,2025-05-21 19:46:00+00:00,XAUUSD,SHORT,LIQUIDITY_REVERSAL,LIQUIDITY_REVERSAL,0.7,85.0,A,LONDON,3310.401,3331.23,3279.158,3279.158,3314.917,TIME,0.001,2.0829,0.4019,20.829,-0.4516,-0.2168,0.947,0.282,480,0.207,2.863,0.05,0.05,0.0,clear,sweep + rejection + CHoCH + displacement,517.7778
2025-05-22 02:11:00+00:00,2025-05-22 10:11:00+00:00,XAUUSD,LONG,BREAKOUT,COMPRESSION,0.989,80.0,B,ASIA,3328.409,3306.431,3361.375,3361.375,3309.124,TIME,0.001,2.1978,0.4245,21.978,-1.9285,-0.8775,0.764,0.996,480,0.388,2.975,0.05,0.05,0.0,clear,compression -> confirmed range break + momentum,515.8492
2025-05-23 13:42:00+00:00,2025-05-23 18:00:00+00:00,XAUUSD,LONG,BREAKOUT,STRONG_BULL,0.904,85.0,A,OVERLAP,3357.359,3335.935,3389.496,3389.496,3359.456,SESSION_END,0.001,2.1424,0.4153,21.424,0.2097,0.0979,0.329,0.985,258,0.323,6.285,0.05,0.05,0.0,clear,compression -> confirmed range break + momentum,516.059
2025-05-29 00:20:00+00:00,2025-05-29 08:20:00+00:00,XAUUSD,SHORT,BREAKOUT,STRONG_BEAR,0.958,60.0,NO_TRADE,ASIA,3269.697,3290.779,3238.074,3238.074,3278.624,TIME,0.001,2.1082,0.4085,21.082,-0.8927,-0.4235,1.162,0.613,480,0.556,4.684,0.05,0.05,0.0,clear,compression -> confirmed range break + momentum,515.1662
2025-05-29 10:28:00+00:00,2025-05-29 11:16:00+00:00,XAUUSD,LONG,LIQUIDITY_REVERSAL,LIQUIDITY_REVERSAL,0.8,75.0,B,LONDON,3278.598,3269.999,3291.496,3291.496,3291.393,TP2,0.002,1.7197,0.3338,8.599,2.5591,1.4881,1.532,0.081,48,0.199,2.503,0.05,0.0,0.0,clear,sweep + rejection + CHoCH + displacement,517.7254
2025-05-30 01:38:00+00:00,2025-05-30 02:19:00+00:00,XAUUSD,SHORT,BREAKOUT,COMPRESSION,0.989,50.0,NO_TRADE,ASIA,3310.251,3319.839,3295.87,3295.87,3320.137,STOP,0.002,1.9174,0.3704,9.587,-1.9771,-1.0311,0.11,1.037,41,0.308,1.842,0.05,0.12,0.0,clear,compression -> confirmed range break + momentum,515.7483
2025-05-30 03:06:00+00:00,2025-05-30 11:06:00+00:00,XAUUSD,SHORT,BREAKOUT,COMPRESSION,0.979,65.0,NO_TRADE,ASIA,3307.101,3320.848,3286.48,3286.48,3299.697,TIME,0.001,1.3747,0.2666,13.747,0.7403,0.5385,1.451,0.149,480,0.429,3.313,0.05,0.05,0.0,clear,compression -> confirmed range break + momentum,516.4886
2025-06-02 07:06:00+00:00,2025-06-02 07:41:00+00:00,XAUUSD,LONG,BREAKOUT,BULL,0.84,80.0,B,LONDON,3326.457,3315.787,3342.461,3342.461,3342.344,TP2,0.002,2.1339,0.4132,10.669,3.1774,1.489,1.55,0.107,35,0.204,2.38,0.05,0.0,0.0,clear,compression -> confirmed range break + momentum,519.666
2025-06-02 08:06:00+00:00,2025-06-02 14:46:00+00:00,XAUUSD,LONG,BREAKOUT,STRONG_BULL,0.893,85.0,A,LONDON,3346.948,3331.676,3369.856,3369.856,3369.734,TP2,0.001,1.5272,0.2939,15.272,2.2785,1.492,1.508,0.182,400,0.246,3.303,0.05,0.0,0.0,clear,compression -> confirmed range break + momentum,521.9445
2025-06-02 20:59:00+00:00,2025-06-02 21:00:00+00:00,XAUUSD,LONG,BREAKOUT,COMPRESSION,0.953,80.0,B,NEWYORK,3382.269,3375.226,3392.832,3392.832,3380.346,SESSION_END,0.003,2.1127,0.4048,7.042,-0.5769,-0.2731,0.0,0.209,1,0.188,1.74,0.05,0.05,0.0,clear,compression -> confirmed range break + momentum,521.3676
2025-06-03 13:06:00+00:00,2025-06-03 21:00:00+00:00,XAUUSD,SHORT,LIQUIDITY_REVERSAL,LIQUIDITY_REVERSAL,1.0,80.0,B,OVERLAP,3353.766,3371.157,3327.68,3327.68,3353.811,SESSION_END,0.001,1.7391,0.3336,17.391,-0.0045,-0.0026,1.219,0.528,474,0.164,2.013,0.05,0.05,0.0,clear,sweep + rejection + CHoCH + displacement,521.3632
2025-06-05 10:56:00+00:00,2025-06-05 14:01:00+00:00,XAUUSD,LONG,BREAKOUT,EXPANSION,0.855,85.0,A,LONDON,3389.699,3375.01,3411.734,3411.734,3374.736,STOP,0.001,1.469,0.2818,14.69,-1.4963,-1.0186,0.918,1.008,185,0.249,3.088,0.05,0.12,0.0,clear,compression -> confirmed range break + momentum,519.8668
2025-06-06 15:07:00+00:00,2025-06-06 18:00:00+00:00,XAUUSD,SHORT,BREAKOUT,BEAR,0.918,70.0,NO_TRADE,OVERLAP,3337.426,3362.44,3299.905,3299.905,3323.664,SESSION_END,0.001,2.5014,0.4812,25.014,1.3762,0.5502,0.854,0.18,173,0.344,5.78,0.05,0.05,0.0,clear,compression -> confirmed range break + momentum,521.243
2025-06-09 12:56:00+00:00,2025-06-09 16:24:00+00:00,XAUUSD,SHORT,LIQUIDITY_REVERSAL,LIQUIDITY_REVERSAL,0.7,95.0,A+,OVERLAP,3316.058,3330.188,3294.863,3294.863,3330.441,STOP,0.001,1.413,0.2711,14.13,-1.4383,-1.0179,0.392,1.001,208,0.194,2.436,0.05,0.12,0.0,clear,sweep + rejection + CHoCH + displacement,519.8047
2025-06-10 02:07:00+00:00,2025-06-10 02:52:00+00:00,XAUUSD,LONG,LIQUIDITY_REVERSAL,BEAR,0.797,75.0,B,ASIA,3318.563,3303.625,3340.971,3340.971,3303.268,STOP,0.001,1.4938,0.2874,14.938,-1.5296,-1.0239,0.0,1.025,45,0.417,2.676,0.05,0.12,0.0,clear,sweep + rejection + CHoCH + displacement,518.2751
2025-06-12 01:32:00+00:00,2025-06-12 08:44:00+00:00,XAUUSD,LONG,TREND_CONTINUATION,STRONG_BULL,0.927,80.0,B,ASIA,3366.308,3342.26,3402.38,3402.38,3342.007,STOP,0.001,2.4048,0.464,24.048,-2.4301,-1.0105,0.467,1.161,432,0.48,3.607,0.05,0.12,0.0,clear,trend pullback + LTF BOS,515.845
2025-06-12 11:33:00+00:00,2025-06-12 19:33:00+00:00,XAUUSD,LONG,BREAKOUT,BULL,0.882,85.0,A,LONDON,3380.615,3357.196,3415.742,3415.742,3383.497,TIME,0.001,2.3418,0.454,23.418,0.2883,0.1231,0.774,0.327,480,0.279,4.086,0.05,0.05,0.0,clear,compression -> confirmed range break + momentum,516.1333
2025-06-13 00:52:00+00:00,2025-06-13 01:07:00+00:00,XAUUSD,LONG,BREAKOUT,COMPRESSION,0.984,65.0,NO_TRADE,ASIA,3389.998,3377.803,3408.291,3408.291,3408.115,TP2,0.002,2.4391,0.4726,12.195,3.6232,1.4855,1.621,0.0,15,0.287,1.851,0.05,0.0,0.0,clear,compression -> confirmed range break + momentum,519.7565
2025-06-13 01:57:00+00:00,2025-06-13 09:57:00+00:00,XAUUSD,LONG,BREAKOUT,BULL,0.814,65.0,NO_TRADE,ASIA,3417.884,3395.082,3452.086,3452.086,3424.491,TIME,0.001,2.2801,0.4387,22.801,0.6607,0.2898,1.151,0.444,480,0.558,5.724,0.05,0.05,0.0,clear,compression -> confirmed range break + momentum,520.4173
2025-06-13 14:36:00+00:00,2025-06-13 15:14:00+00:00,XAUUSD,LONG,BREAKOUT,BULL,0.981,85.0,A,OVERLAP,3445.651,3427.639,3472.668,3472.668,3427.404,STOP,0.001,1.8012,0.3461,18.012,-1.8246,-1.013,0.055,1.045,38,0.211,4.019,0.05,0.12,0.0,clear,compression -> confirmed range break + momentum,518.5927
2025-06-16 12:36:00+00:00,2025-06-16 14:54:00+00:00,XAUUSD,SHORT,LIQUIDITY_REVERSAL,LIQUIDITY_REVERSAL,0.8,80.0,B,OVERLAP,3418.051,3430.361,3399.587,3399.587,3399.698,TP2,0.002,2.4619,0.4747,12.31,3.6706,1.4909,2.307,0.114,138,0.168,2.641,0.05,0.0,0.0,clear,sweep + rejection + CHoCH + displacement,522.2632
2025-06-18 02:46:00+00:00,2025-06-18 05:30:00+00:00,XAUUSD,SHORT,BREAKOUT,COMPRESSION,0.937,95.0,A+,ASIA,3379.724,3394.999,3356.811,3356.811,3395.292,STOP,0.001,1.5275,0.2925,15.275,-1.5568,-1.0192,0.614,1.032,164,0.362,2.442,0.05,0.12,0.0,clear,compression -> confirmed range break + momentum,520.7064
2025-06-19 07:33:00+00:00,2025-06-19 08:39:00+00:00,XAUUSD,SHORT,BREAKOUT,BEAR,0.841,85.0,A,LONDON,3349.699,3364.838,3326.989,3326.989,3365.105,STOP,0.001,1.514,0.2907,15.14,-1.5406,-1.0176,0.161,1.048,66,0.293,3.813,0.05,0.12,0.0,clear,compression -> confirmed range break + momentum,519.1658
2025-06-19 18:17:00+00:00,2025-06-19 18:42:00+00:00,XAUUSD,LONG,BREAKOUT,COMPRESSION,0.974,50.0,NO_TRADE,NEWYORK,3373.405,3365.89,3384.678,3384.678,3365.652,STOP,0.003,2.2546,0.4343,7.515,-2.326,-1.0317,0.239,1.005,25,0.221,2.179,0.05,0.12,0.0,clear,compression -> confirmed range break + momentum,516.8399
2025-06-23 02:31:00+00:00,2025-06-23 10:31:00+00:00,XAUUSD,SHORT,BREAKOUT,EXPANSION,0.871,60.0,NO_TRADE,ASIA,3354.247,3372.689,3326.584,3326.584,3363.327,TIME,0.001,1.8442,0.3568,18.442,-0.908,-0.4924,0.411,0.793,480,0.555,4.146,0.05,0.05,0.0,clear,compression -> confirmed range break + momentum,515.9319
2025-06-23 19:34:00+00:00,2025-06-23 21:00:00+00:00,XAUUSD,SHORT,LIQUIDITY_REVERSAL,CHOPPY,0.558,85.0,A,NEWYORK,3377.675,3403.347,3339.168,3339.168,3377.676,SESSION_END,0.001,2.5672,0.4976,25.672,-0.0001,-0.0,0.088,0.164,86,0.279,3.212,0.05,0.05,0.0,clear,sweep + rejection + CHoCH + displacement,515.9318
2025-06-24 10:07:00+00:00,2025-06-24 14:39:00+00:00,XAUUSD,SHORT,TREND_CONTINUATION,BEAR,0.608,90.0,A+,LONDON,3323.195,3338.621,3300.056,3300.056,3300.184,TP2,0.001,1.5426,0.299,15.426,2.3011,1.4917,1.529,0.362,272,0.228,3.408,0.05,0.0,0.0,clear,trend pullback + LTF BOS,518.2329
2025-06-24 14:44:00+00:00,2025-06-24 20:38:00+00:00,XAUUSD,SHORT,BREAKOUT,STRONG_BEAR,0.99,70.0,NO_TRADE,OVERLAP,3300.75,3324.791,3264.689,3264.689,3325.003,STOP,0.001,2.4041,0.4639,24.041,-2.4253,-1.0088,0.235,1.008,354,0.27,4.802,0.05,0.12,0.0,clear,compression -> confirmed range break + momentum,515.8076
2025-06-25 02:18:00+00:00,2025-06-25 10:18:00+00:00,XAUUSD,LONG,BREAKOUT,COMPRESSION,0.989,65.0,NO_TRADE,ASIA,3332.093,3321.555,3347.901,3347.901,3322.774,TIME,0.002,2.1077,0.4086,10.539,-1.8638,-0.8843,0.451,0.993,480,0.291,1.738,0.05,0.05,0.0,clear,compression -> confirmed range break + momentum,513.9438
2025-06-26 01:06:00+00:00,2025-06-26 09:06:00+00:00,XAUUSD,SHORT,LIQUIDITY_REVERSAL,LIQUIDITY_REVERSAL,0.7,95.0,A+,ASIA,3334.034,3349.729,3310.491,3310.491,3346.154,TIME,0.001,1.5695,0.3054,15.695,-1.212,-0.7722,0.321,0.83,480,0.382,1.839,0.05,0.05,0.0,clear,sweep + rejection + CHoCH + displacement,512.7318
2025-06-26 13:26:00+00:00,2025-06-26 14:03:00+00:00,XAUUSD,LONG,LIQUIDITY_REVERSAL,LIQUIDITY_REVERSAL,0.8,100.0,A+,OVERLAP,3338.483,3319.134,3367.506,3367.506,3318.857,STOP,0.001,1.9349,0.3774,19.349,-1.9626,-1.0143,0.28,1.055,37,0.216,2.251,0.05,0.12,0.0,clear,sweep + rejection + CHoCH + displacement,510.7691
2025-06-27 03:28:00+00:00,2025-06-27 06:12:00+00:00,XAUUSD,SHORT,TREND_CONTINUATION,BEAR,0.944,80.0,B,ASIA,3314.343,3330.179,3290.588,3290.588,3290.814,TP2,0.001,1.5837,0.3101,15.837,2.3529,1.4857,1.6,0.0,164,0.465,2.582,0.05,0.0,0.0,clear,trend pullback + LTF BOS,513.122
2025-06-27 12:57:00+00:00,2025-06-27 14:01:00+00:00,XAUUSD,SHORT,TREND_CONTINUATION,STRONG_BEAR,1.0,85.0,A,OVERLAP,3282.364,3292.697,3266.864,3266.864,3267.014,TP2,0.002,2.0667,0.4028,10.334,3.0699,1.4854,1.611,0.0,64,0.242,2.993,0.05,0.0,0.0,clear,trend pullback + LTF BOS,516.1919
2025-06-30 00:58:00+00:00,2025-06-30 03:07:00+00:00,XAUUSD,SHORT,TREND_CONTINUATION,BEAR,0.592,70.0,NO_TRADE,ASIA,3264.129,3280.436,3239.669,3239.669,3280.786,STOP,0.001,1.6307,0.3159,16.307,-1.6657,-1.0215,0.303,1.014,129,0.451,3.442,0.05,0.12,0.0,clear,trend pullback + LTF BOS,514.5263
2025-06-30 11:41:00+00:00,2025-06-30 17:42:00+00:00,XAUUSD,SHORT,LIQUIDITY_REVERSAL,LIQUIDITY_REVERSAL,0.8,90.0,A+,LONDON,3283.088,3294.829,3265.477,3265.477,3295.058,STOP,0.002,2.3482,0.4564,11.741,-2.394,-1.0195,0.74,1.01,361,0.194,2.286,0.05,0.12,0.0,clear,sweep + rejection + CHoCH + displacement,512.1323
2025-07-01 03:40:00+00:00,2025-07-01 09:03:00+00:00,XAUUSD,LONG,TREND_CONTINUATION,STRONG_BULL,1.0,75.0,B,ASIA,3316.352,3299.762,3341.237,3341.237,3341.11,TP2,0.001,1.659,0.3318,16.59,2.4758,1.4923,1.519,0.06,323,0.434,2.174,0.05,0.0,0.0,clear,trend pullback + LTF BOS,502.4758
2025-07-01 09:08:00+00:00,2025-07-01 13:20:00+00:00,XAUUSD,LONG,BREAKOUT,STRONG_BULL,1.0,70.0,NO_TRADE,LONDON,3341.127,3332.244,3354.452,3354.452,3354.352,TP2,0.002,1.7766,0.3536,8.883,2.6449,1.4887,1.589,0.515,252,0.259,2.563,0.05,0.0,0.0,clear,compression -> confirmed range break + momentum,505.1206
2025-07-02 08:51:00+00:00,2025-07-02 16:51:00+00:00,XAUUSD,LONG,LIQUIDITY_REVERSAL,LIQUIDITY_REVERSAL,1.0,100.0,A+,LONDON,3335.482,3313.558,3368.369,3368.369,3341.414,TIME,0.001,2.1925,0.434,21.925,0.5931,0.2705,0.705,0.125,480,0.254,2.676,0.05,0.05,0.0,clear,sweep + rejection + CHoCH + displacement,505.7138
2025-07-03 06:51:00+00:00,2025-07-03 10:45:00+00:00,XAUUSD,LONG,BREAKOUT,COMPRESSION,0.968,80.0,B,ASIA,3355.975,3344.194,3373.647,3373.647,3343.96,STOP,0.002,2.3563,0.4659,11.781,-2.4031,-1.0199,0.643,1.042,234,0.34,1.498,0.05,0.12,0.0,clear,compression -> confirmed range break + momentum,503.3107
2025-07-03 18:32:00+00:00,2025-07-03 21:00:00+00:00,XAUUSD,SHORT,LIQUIDITY_REVERSAL,LIQUIDITY_REVERSAL,0.8,75.0,B,NEWYORK,3330.18,3342.489,3311.717,3311.717,3328.735,SESSION_END,0.002,2.4618,0.4891,12.309,0.289,0.1174,0.257,0.039,148,0.23,1.85,0.05,0.05,0.0,clear,sweep + rejection + CHoCH + displacement,503.5998
2025-07-04 02:22:00+00:00,2025-07-04 10:22:00+00:00,XAUUSD,LONG,BREAKOUT,COMPRESSION,0.953,65.0,NO_TRADE,ASIA,3333.526,3321.532,3351.517,3351.517,3339.59,TIME,0.002,2.3988,0.4763,11.994,1.2129,0.5056,0.949,0.637,480,0.355,1.614,0.05,0.05,0.0,clear,compression -> confirmed range break + momentum,504.8127
2025-07-04 10:27:00+00:00,2025-07-06 23:00:00+00:00,XAUUSD,SHORT,LIQUIDITY_REVERSAL,LIQUIDITY_REVERSAL,0.7,75.0,B,LONDON,3338.377,3350.525,3320.155,3320.155,3337.318,SESSION_END,0.002,2.4296,0.4813,12.148,0.2119,0.0872,0.646,0.085,452,0.216,1.804,0.05,0.05,0.0,clear,sweep + rejection + CHoCH + displacement,505.0245
2025-07-07 12:47:00+00:00,2025-07-07 14:53:00+00:00,XAUUSD,SHORT,TREND_CONTINUATION,STRONG_BEAR,1.0,85.0,A,OVERLAP,3303.432,3314.829,3286.337,3286.337,3315.092,STOP,0.002,2.2793,0.4513,11.397,-2.332,-1.0231,0.293,1.114,126,0.266,2.934,0.05,0.12,0.0,clear,trend pullback + LTF BOS,502.6925
2025-07-08 08:11:00+00:00,2025-07-08 09:06:00+00:00,XAUUSD,LONG,BREAKOUT,COMPRESSION,0.937,80.0,B,LONDON,3339.2,3329.164,3354.254,3354.254,3328.938,STOP,0.002,2.0072,0.3993,10.036,-2.0525,-1.0226,0.0,1.051,55,0.204,1.921,0.05,0.12,0.0,clear,compression -> confirmed range break + momentum,500.64
2025-07-09 06:40:00+00:00,2025-07-09 14:40:00+00:00,XAUUSD,SHORT,TREND_CONTINUATION,STRONG_BEAR,0.959,85.0,A,ASIA,3290.609,3308.857,3263.238,3263.238,3292.503,TIME,0.001,1.8248,0.3645,18.248,-0.1893,-0.1038,0.449,0.479,480,0.412,2.231,0.05,0.05,0.0,clear,trend pullback + LTF BOS,500.4507
2025-07-09 19:21:00+00:00,2025-07-09 21:00:00+00:00,XAUUSD,LONG,LIQUIDITY_REVERSAL,LIQUIDITY_REVERSAL,0.8,85.0,A,NEWYORK,3312.103,3299.86,3330.467,3330.467,3314.204,SESSION_END,0.002,2.4486,0.4893,12.243,0.4201,0.1716,0.367,0.177,99,0.216,1.831,0.05,0.05,0.0,clear,sweep + rejection + CHoCH + displacement,500.8708
2025-07-10 09:37:00+00:00,2025-07-10 14:57:00+00:00,XAUUSD,LONG,LIQUIDITY_REVERSAL,LIQUIDITY_REVERSAL,0.8,100.0,A+,LONDON,3323.235,3314.202,3336.785,3336.785,3313.938,STOP,0.002,1.8067,0.3607,9.033,-1.8596,-1.0293,0.758,1.09,320,0.201,1.693,0.05,0.12,0.0,clear,sweep + rejection + CHoCH + displacement,499.0112
2025-07-11 09:56:00+00:00,2025-07-11 13:35:00+00:00,XAUUSD,SHORT,LIQUIDITY_REVERSAL,LIQUIDITY_REVERSAL,0.7,85.0,A,LONDON,3334.758,3351.725,3309.309,3309.309,3351.973,STOP,0.001,1.6966,0.34,16.966,-1.7215,-1.0146,0.126,1.052,219,0.273,2.535,0.05,0.12,0.0,clear,sweep + rejection + CHoCH + displacement,497.2898
2025-07-14 12:35:00+00:00,2025-07-14 13:20:00+00:00,XAUUSD,SHORT,LIQUIDITY_REVERSAL,LIQUIDITY_REVERSAL,0.8,80.0,B,OVERLAP,3370.658,3377.273,3360.736,3360.736,3360.839,TP2,0.003,1.9844,0.3991,6.615,2.9458,1.4844,1.742,0.107,45,0.18,1.849,0.05,0.0,0.0,clear,sweep + rejection + CHoCH + displacement,500.2355
2025-07-14 14:11:00+00:00,2025-07-14 21:00:00+00:00,XAUUSD,SHORT,BREAKOUT,EXPANSION,0.929,70.0,NO_TRADE,OVERLAP,3349.43,3360.451,3332.897,3332.897,3344.762,SESSION_END,0.002,2.2044,0.4407,11.022,0.9335,0.4235,0.787,0.846,409,0.251,3.184,0.05,0.05,0.0,clear,compression -> confirmed range break + momentum,501.1691
2025-07-15 04:06:00+00:00,2025-07-15 12:06:00+00:00,XAUUSD,LONG,BREAKOUT,COMPRESSION,0.921,80.0,B,ASIA,3353.325,3341.129,3371.618,3371.618,3359.862,TIME,0.002,2.4391,0.4867,12.195,1.3073,0.536,1.051,0.106,480,0.36,1.736,0.05,0.05,0.0,clear,compression -> confirmed range break + momentum,502.4764
2025-07-16 12:01:00+00:00,2025-07-16 15:33:00+00:00,XAUUSD,SHORT,BREAKOUT,COMPRESSION,0.958,80.0,B,OVERLAP,3335.029,3344.837,3320.317,3320.317,3320.487,TP2,0.002,1.9616,0.3904,9.808,2.9084,1.4827,1.583,0.589,212,0.192,1.567,0.05,0.0,0.0,clear,compression -> confirmed range break + momentum,505.3848
2025-07-18 12:07:00+00:00,2025-07-18 18:00:00+00:00,XAUUSD,LONG,TREND_CONTINUATION,BULL,0.919,85.0,A,OVERLAP,3353.165,3342.193,3369.622,3369.622,3353.092,SESSION_END,0.002,2.1943,0.4342,10.972,-0.0146,-0.0067,0.717,0.198,353,0.2,1.795,0.05,0.05,0.0,clear,trend pullback + LTF BOS,505.3702
2025-07-21 12:28:00+00:00,2025-07-21 13:26:00+00:00,XAUUSD,LONG,BREAKOUT,BULL,0.964,70.0,NO_TRADE,OVERLAP,3372.359,3365.289,3382.964,3382.964,3382.853,TP2,0.003,2.121,0.4197,7.07,3.1482,1.4843,1.526,0.244,58,0.188,1.489,0.05,0.0,0.0,clear,compression -> confirmed range break + momentum,508.5184
2025-07-21 14:06:00+00:00,2025-07-21 21:00:00+00:00,XAUUSD,LONG,BREAKOUT,STRONG_BULL,1.0,85.0,A,OVERLAP,3388.428,3377.614,3404.649,3404.649,3397.504,SESSION_END,0.002,2.1628,0.4253,10.814,1.8153,0.8393,1.194,0.472,414,0.246,2.278,0.05,0.05,0.0,clear,compression -> confirmed range break + momentum,510.3337
2025-07-22 08:45:00+00:00,2025-07-22 13:21:00+00:00,XAUUSD,LONG,LIQUIDITY_REVERSAL,LIQUIDITY_REVERSAL,0.8,100.0,A+,LONDON,3386.071,3378.008,3398.165,3398.165,3398.068,TP2,0.003,2.4188,0.474,8.063,3.5993,1.488,1.534,0.202,276,0.211,1.511,0.05,0.0,0.0,clear,sweep + rejection + CHoCH + displacement,513.933
2025-07-22 13:54:00+00:00,2025-07-22 14:27:00+00:00,XAUUSD,LONG,BREAKOUT,BULL,0.832,70.0,NO_TRADE,OVERLAP,3403.231,3394.714,3416.006,3416.006,3415.855,TP2,0.003,2.555,0.4971,8.517,3.7874,1.4823,1.552,0.0,33,0.252,2.325,0.05,0.0,0.0,clear,compression -> confirmed range break + momentum,517.7203
2025-07-22 14:32:00+00:00,2025-07-22 18:03:00+00:00,XAUUSD,LONG,BREAKOUT,STRONG_BULL,0.879,70.0,NO_TRADE,OVERLAP,3415.667,3404.28,3432.749,3432.749,3432.587,TP2,0.002,2.2775,0.4399,11.388,3.384,1.4858,1.527,0.993,211,0.304,3.07,0.05,0.0,0.0,clear,compression -> confirmed range break + momentum,521.1043
2025-07-24 13:43:00+00:00,2025-07-24 21:00:00+00:00,XAUUSD,SHORT,TREND_CONTINUATION,STRONG_BEAR,1.0,100.0,A+,OVERLAP,3357.857,3378.171,3327.387,3327.387,3370.788,SESSION_END,0.001,2.0313,0.3898,20.313,-1.2931,-0.6366,0.329,0.95,437,0.216,2.477,0.05,0.05,0.0,clear,trend pullback + LTF BOS,519.8112
2025-07-25 12:06:00+00:00,2025-07-25 18:00:00+00:00,XAUUSD,SHORT,TREND_CONTINUATION,STRONG_BEAR,1.0,85.0,A,OVERLAP,3342.528,3356.652,3321.343,3321.343,3330.142,SESSION_END,0.001,1.4124,0.2717,14.124,1.2387,0.877,1.255,0.345,354,0.193,1.875,0.05,0.05,0.0,clear,trend pullback + LTF BOS,521.0499
2025-07-28 00:01:00+00:00,2025-07-28 08:01:00+00:00,XAUUSD,SHORT,TREND_CONTINUATION,BEAR,0.603,80.0,B,ASIA,3330.733,3352.494,3298.091,3298.091,3341.31,TIME,0.001,2.1761,0.4176,21.761,-1.0577,-0.486,0.15,0.662,480,0.531,2.914,0.05,0.05,0.0,clear,trend pullback + LTF BOS,519.9922
2025-07-29 08:01:00+00:00,2025-07-29 16:01:00+00:00,XAUUSD,SHORT,LIQUIDITY_REVERSAL,LIQUIDITY_REVERSAL,0.7,90.0,A+,LONDON,3316.704,3331.554,3294.429,3294.429,3327.276,TIME,0.001,1.485,0.2856,14.85,-1.0573,-0.712,0.377,0.878,480,0.242,2.314,0.05,0.05,0.0,clear,sweep + rejection + CHoCH + displacement,518.9349
2025-08-01 02:56:00+00:00,2025-08-01 06:50:00+00:00,XAUUSD,SHORT,BREAKOUT,COMPRESSION,0.958,85.0,A,ASIA,3283.115,3296.902,3262.433,3262.433,3297.197,STOP,0.001,1.3788,0.2657,13.788,-1.4082,-1.0213,0.122,1.047,234,0.38,2.195,0.05,0.12,0.0,clear,compression -> confirmed range break + momentum,517.5267
2025-08-04 17:11:00+00:00,2025-08-04 21:00:00+00:00,XAUUSD,LONG,TREND_CONTINUATION,BULL,1.0,85.0,A,NEWYORK,3376.035,3361.234,3398.235,3398.235,3374.527,SESSION_END,0.001,1.4801,0.286,14.801,-0.1508,-0.1019,0.133,0.382,229,0.274,2.49,0.05,0.05,0.0,clear,trend pullback + LTF BOS,517.3759
2025-08-06 13:56:00+00:00,2025-08-06 21:00:00+00:00,XAUUSD,LONG,LIQUIDITY_REVERSAL,LIQUIDITY_REVERSAL,1.0,100.0,A+,OVERLAP,3368.142,3347.699,3398.808,3398.808,3370.464,SESSION_END,0.001,2.0444,0.3951,20.444,0.2321,0.1135,0.57,0.15,424,0.234,2.347,0.05,0.05,0.0,clear,sweep + rejection + CHoCH + displacement,517.6081
2025-08-07 19:21:00+00:00,2025-08-07 21:00:00+00:00,XAUUSD,SHORT,LIQUIDITY_REVERSAL,CHOPPY,0.754,75.0,B,NEWYORK,3389.301,3401.546,3370.934,3370.934,3398.912,SESSION_END,0.002,2.4489,0.4731,12.245,-1.9222,-0.7849,0.19,0.914,99,0.228,1.835,0.05,0.05,0.0,clear,sweep + rejection + CHoCH + displacement,515.6858
2025-08-08 06:01:00+00:00,2025-08-08 14:01:00+00:00,XAUUSD,SHORT,LIQUIDITY_REVERSAL,CHOPPY,0.566,85.0,A,ASIA,3394.3,3407.706,3374.191,3374.191,3392.502,TIME,0.001,1.3406,0.26,13.406,0.1798,0.1341,1.064,0.718,480,0.418,2.467,0.05,0.05,0.0,clear,sweep + rejection + CHoCH + displacement,515.8656
2025-08-11 07:34:00+00:00,2025-08-11 15:34:00+00:00,XAUUSD,SHORT,BREAKOUT,COMPRESSION,0.968,65.0,NO_TRADE,LONDON,3364.949,3379.877,3342.559,3342.559,3350.588,TIME,0.001,1.4927,0.2894,14.927,1.4361,0.9621,1.392,0.281,480,0.191,2.427,0.05,0.05,0.0,clear,compression -> confirmed range break + momentum,517.3017
2025-08-12 07:21:00+00:00,2025-08-12 15:21:00+00:00,XAUUSD,SHORT,BREAKOUT,COMPRESSION,0.989,80.0,B,LONDON,3344.782,3358.908,3323.594,3323.594,3332.074,TIME,0.001,1.4126,0.2731,14.126,1.2708,0.8996,0.983,0.932,480,0.205,2.398,0.05,0.05,0.0,clear,compression -> confirmed range break + momentum,518.5726
2025-08-19 01:17:00+00:00,2025-08-19 09:17:00+00:00,XAUUSD,LONG,BREAKOUT,COMPRESSION,0.937,70.0,NO_TRADE,ASIA,3337.223,3320.995,3361.566,3361.566,3337.795,TIME,0.001,1.6228,0.3129,16.228,0.0571,0.0352,0.273,0.488,480,0.396,1.776,0.05,0.05,0.0,clear,compression -> confirmed range break + momentum,518.6297
2025-08-19 17:10:00+00:00,2025-08-19 21:00:00+00:00,XAUUSD,SHORT,TREND_CONTINUATION,STRONG_BEAR,0.873,85.0,A,NEWYORK,3321.889,3333.462,3304.529,3304.529,3316.963,SESSION_END,0.002,2.3146,0.4463,11.573,0.9852,0.4256,0.615,0.051,230,0.313,2.535,0.05,0.05,0.0,clear,trend pullback + LTF BOS,519.6149
2025-08-21 13:36:00+00:00,2025-08-21 21:00:00+00:00,XAUUSD,LONG,LIQUIDITY_REVERSAL,LIQUIDITY_REVERSAL,0.7,90.0,A+,OVERLAP,3343.148,3324.488,3371.138,3371.138,3338.353,SESSION_END,0.001,1.866,0.3591,18.66,-0.4795,-0.257,0.257,0.394,444,0.3,2.699,0.05,0.05,0.0,clear,sweep + rejection + CHoCH + displacement,519.1354
2025-08-22 13:21:00+00:00,2025-08-22 15:01:00+00:00,XAUUSD,LONG,LIQUIDITY_REVERSAL,LIQUIDITY_REVERSAL,1.0,85.0,A,OVERLAP,3329.31,3317.537,3346.97,3346.97,3346.822,TP2,0.002,2.3546,0.4536,11.773,3.5024,1.4875,1.749,0.702,100,0.224,1.726,0.05,0.0,0.0,clear,sweep + rejection + CHoCH + displacement,522.6378
2025-08-25 14:39:00+00:00,2025-08-25 21:00:00+00:00,XAUUSD,LONG,LIQUIDITY_REVERSAL,LIQUIDITY_REVERSAL,0.8,100.0,A+,OVERLAP,3367.54,3353.314,3388.88,3388.88,3364.556,SESSION_END,0.001,1.4226,0.2722,14.226,-0.2984,-0.2098,0.604,0.179,381,0.231,1.749,0.05,0.05,0.0,clear,sweep + rejection + CHoCH + displacement,522.3394
2025-08-26 07:21:00+00:00,2025-08-26 15:21:00+00:00,XAUUSD,SHORT,LIQUIDITY_REVERSAL,CHOPPY,0.598,85.0,A,LONDON,3373.0,3382.838,3358.244,3358.244,3374.134,TIME,0.002,1.9675,0.3767,9.838,-0.2267,-0.1152,0.611,0.735,480,0.249,1.669,0.05,0.05,0.0,clear,sweep + rejection + CHoCH + displacement,522.1126
2025-08-26 15:40:00+00:00,2025-08-26 16:41:00+00:00,XAUUSD,SHORT,LIQUIDITY_REVERSAL,CHOPPY,0.728,85.0,A,OVERLAP,3374.592,3384.373,3359.92,3359.92,3384.647,STOP,0.002,1.9562,0.3747,9.781,-2.011,-1.028,0.03,1.008,61,0.287,2.839,0.05,0.12,0.0,clear,sweep + rejection + CHoCH + displacement,520.1016
2025-08-27 19:37:00+00:00,2025-08-27 21:00:00+00:00,XAUUSD,LONG,TREND_CONTINUATION,STRONG_BULL,0.879,100.0,A+,NEWYORK,3395.402,3386.309,3409.041,3409.041,3395.654,SESSION_END,0.002,1.8186,0.3497,9.093,0.0505,0.0278,0.088,0.217,83,0.233,1.53,0.05,0.05,0.0,clear,trend pullback + LTF BOS,520.1522
2025-08-28 09:41:00+00:00,2025-08-28 17:30:00+00:00,XAUUSD,LONG,BREAKOUT,BULL,0.896,85.0,A,LONDON,3399.415,3388.269,3416.134,3416.134,3415.989,TP2,0.002,2.2292,0.4286,11.146,3.3147,1.4869,1.536,0.526,469,0.24,1.81,0.05,0.0,0.0,clear,compression -> confirmed range break + momentum,523.4669
2025-09-01 12:52:00+00:00,2025-09-01 15:21:00+00:00,XAUUSD,SHORT,LIQUIDITY_REVERSAL,LIQUIDITY_REVERSAL,0.8,85.0,A,OVERLAP,3469.551,3480.256,3453.492,3453.492,3480.478,STOP,0.002,2.1411,0.409,10.706,-2.1854,-1.0207,0.24,1.023,149,0.209,2.322,0.05,0.12,0.0,clear,sweep + rejection + CHoCH + displacement,521.2815
2025-09-02 01:11:00+00:00,2025-09-02 02:37:00+00:00,XAUUSD,LONG,BREAKOUT,COMPRESSION,0.947,80.0,B,ASIA,3482.156,3471.429,3498.247,3498.247,3498.0,TP2,0.002,2.1454,0.4116,10.727,3.1687,1.477,1.595,0.516,86,0.362,1.945,0.05,0.0,0.0,clear,compression -> confirmed range break + momentum,524.4503
2025-09-03 01:27:00+00:00,2025-09-03 09:27:00+00:00,XAUUSD,LONG,BREAKOUT,COMPRESSION,0.921,60.0,NO_TRADE,ASIA,3540.419,3516.461,3576.355,3576.355,3539.445,TIME,0.001,2.3957,0.4568,23.957,-0.0973,-0.0406,0.221,0.581,480,0.448,2.927,0.05,0.05,0.0,clear,compression -> confirmed range break + momentum,524.3529
2025-09-03 14:31:00+00:00,2025-09-03 19:09:00+00:00,XAUUSD,LONG,BREAKOUT,BULL,1.0,85.0,A,OVERLAP,3558.039,3545.477,3576.88,3576.88,3576.775,TP2,0.002,2.5122,0.4791,12.561,3.7473,1.4916,1.519,0.718,278,0.247,3.67,0.05,0.0,0.0,clear,compression -> confirmed range break + momentum,528.1002
2025-09-05 14:53:00+00:00,2025-09-05 18:00:00+00:00,XAUUSD,LONG,BREAKOUT,STRONG_BULL,0.794,65.0,NO_TRADE,OVERLAP,3592.729,3566.332,3632.324,3632.324,3595.24,SESSION_END,0.001,2.6397,0.4999,26.397,0.2512,0.0951,0.272,0.77,187,0.367,6.221,0.05,0.05,0.0,clear,compression -> confirmed range break + momentum,528.3514
2025-09-08 02:13:00+00:00,2025-09-08 08:39:00+00:00,XAUUSD,SHORT,LIQUIDITY_REVERSAL,LIQUIDITY_REVERSAL,0.7,80.0,B,ASIA,3587.622,3612.359,3550.517,3550.517,3612.601,STOP,0.001,2.4737,0.4682,24.737,-2.4979,-1.0098,0.334,1.039,386,0.486,3.366,0.05,0.12,0.0,clear,sweep + rejection + CHoCH + displacement,525.8535
2025-09-08 12:34:00+00:00,2025-09-08 14:14:00+00:00,XAUUSD,LONG,TREND_CONTINUATION,STRONG_BULL,1.0,80.0,B,OVERLAP,3616.639,3606.777,3631.434,3631.434,3631.322,TP2,0.002,1.9726,0.3751,9.863,2.9366,1.4887,1.536,0.43,100,0.189,2.302,0.05,0.0,0.0,clear,trend pullback + LTF BOS,528.79
2025-09-08 15:40:00+00:00,2025-09-08 21:00:00+00:00,XAUUSD,LONG,TREND_CONTINUATION,STRONG_BULL,1.0,85.0,A,OVERLAP,3634.546,3615.918,3662.488,3662.488,3636.709,SESSION_END,0.001,1.8628,0.3523,18.628,0.2163,0.1161,0.621,0.149,320,0.262,4.086,0.05,0.05,0.0,clear,trend pullback + LTF BOS,529.0063
2025-09-09 02:31:00+00:00,2025-09-09 10:31:00+00:00,XAUUSD,LONG,BREAKOUT,BULL,0.879,85.0,A,ASIA,3644.762,3633.01,3662.388,3662.388,3654.047,TIME,0.002,2.3502,0.4443,11.751,1.8571,0.7902,1.222,0.714,480,0.413,2.888,0.05,0.05,0.0,clear,compression -> confirmed range break + momentum,530.8634
2025-09-09 13:19:00+00:00,2025-09-09 15:00:00+00:00,XAUUSD,LONG,LIQUIDITY_REVERSAL,LIQUIDITY_REVERSAL,0.8,90.0,A+,OVERLAP,3651.892,3637.391,3673.642,3673.642,3673.516,TP2,0.001,1.45,0.2731,14.5,2.1624,1.4913,1.5,0.578,101,0.193,2.533,0.05,0.0,0.0,clear,sweep + rejection + CHoCH + displacement,533.0258
2025-09-10 06:37:00+00:00,2025-09-10 10:45:00+00:00,XAUUSD,SHORT,LIQUIDITY_REVERSAL,BULL,0.806,70.0,NO_TRADE,ASIA,3641.419,3651.164,3626.802,3626.802,3651.375,STOP,0.002,1.949,0.3656,9.745,-1.9911,-1.0216,0.17,1.095,248,0.312,1.718,0.05,0.12,0.0,clear,sweep + rejection + CHoCH + displacement,531.0347
2025-09-10 15:46:00+00:00,2025-09-10 21:00:00+00:00,XAUUSD,SHORT,LIQUIDITY_REVERSAL,LIQUIDITY_REVERSAL,1.0,85.0,A,OVERLAP,3648.458,3667.126,3620.455,3620.455,3642.053,SESSION_END,0.001,1.8668,0.3515,18.668,0.6404,0.3431,0.717,0.061,314,0.235,3.433,0.05,0.05,0.0,clear,sweep + rejection + CHoCH + displacement,531.6752
2025-09-11 02:31:00+00:00,2025-09-11 03:30:00+00:00,XAUUSD,LONG,BREAKOUT,COMPRESSION,0.9,80.0,B,ASIA,3648.52,3636.643,3666.336,3666.336,3636.331,STOP,0.002,2.3754,0.4468,11.877,-2.4379,-1.0263,0.0,1.095,59,0.371,2.075,0.05,0.12,0.0,clear,compression -> confirmed range break + momentum,529.2373
2025-09-11 07:01:00+00:00,2025-09-11 13:32:00+00:00,XAUUSD,SHORT,BREAKOUT,BEAR,0.556,55.0,NO_TRADE,LONDON,3624.227,3637.817,3603.842,3603.842,3638.046,STOP,0.001,1.359,0.2568,13.59,-1.3819,-1.0169,0.939,1.163,391,0.236,2.467,0.05,0.12,0.0,clear,compression -> confirmed range break + momentum,527.8554
2025-09-12 01:46:00+00:00,2025-09-12 04:17:00+00:00,XAUUSD,LONG,LIQUIDITY_REVERSAL,CHOPPY,0.639,80.0,B,ASIA,3634.617,3623.11,3651.877,3651.877,3651.668,TP2,0.002,2.3014,0.436,11.507,3.4102,1.4818,1.511,0.0,151,0.337,1.649,0.05,0.0,0.0,clear,sweep + rejection + CHoCH + displacement,531.2656
2025-09-16 02:07:00+00:00,2025-09-16 10:07:00+00:00,XAUUSD,SHORT,LIQUIDITY_REVERSAL,LIQUIDITY_REVERSAL,1.0,75.0,B,ASIA,3681.078,3702.518,3648.919,3648.919,3694.23,TIME,0.001,2.144,0.4036,21.44,-1.3152,-0.6134,0.309,0.744,480,0.44,2.372,0.05,0.05,0.0,clear,sweep + rejection + CHoCH + displacement,529.9504
2025-09-16 10:34:00+00:00,2025-09-16 14:03:00+00:00,XAUUSD,LONG,TREND_CONTINUATION,BULL,0.922,85.0,A,LONDON,3696.949,3685.456,3714.189,3714.189,3685.222,STOP,0.002,2.2986,0.4337,11.493,-2.3455,-1.0204,0.21,1.011,209,0.229,2.246,0.05,0.12,0.0,clear,trend pullback + LTF BOS,527.6049
2025-09-18 13:37:00+00:00,2025-09-18 14:40:00+00:00,XAUUSD,SHORT,LIQUIDITY_REVERSAL,LIQUIDITY_REVERSAL,1.0,100.0,A+,OVERLAP,3665.521,3683.92,3637.922,3637.922,3638.061,TP2,0.001,1.8399,0.3487,18.399,2.746,1.4924,1.629,0.23,63,0.208,2.804,0.05,0.0,0.0,clear,sweep + rejection + CHoCH + displacement,530.3509
2025-09-22 07:11:00+00:00,2025-09-22 09:44:00+00:00,XAUUSD,LONG,BREAKOUT,STRONG_BULL,1.0,85.0,A,LONDON,3700.347,3686.651,3720.889,3720.889,3720.766,TP2,0.001,1.3695,0.2582,13.695,2.0419,1.491,1.592,0.091,153,0.223,2.165,0.05,0.0,0.0,clear,compression -> confirmed range break + momentum,532.3928
2025-09-22 09:49:00+00:00,2025-09-22 16:53:00+00:00,XAUUSD,LONG,BREAKOUT,STRONG_BULL,1.0,70.0,NO_TRADE,LONDON,3721.33,3711.665,3735.828,3735.828,3735.676,TP2,0.002,1.933,0.3631,9.665,2.8691,1.4842,1.515,0.976,424,0.25,2.806,0.05,0.0,0.0,clear,compression -> confirmed range break + momentum,535.2618
2025-09-22 20:52:00+00:00,2025-09-22 21:00:00+00:00,XAUUSD,LONG,TREND_CONTINUATION,STRONG_BULL,1.0,100.0,A+,NEWYORK,3747.452,3733.485,3768.404,3768.404,3747.372,SESSION_END,0.001,1.3968,0.2609,13.968,-0.0081,-0.0058,0.068,0.003,8,0.215,1.769,0.05,0.05,0.0,clear,trend pullback + LTF BOS,535.2538
2025-09-23 02:06:00+00:00,2025-09-23 10:03:00+00:00,XAUUSD,LONG,BREAKOUT,COMPRESSION,0.937,85.0,A,ASIA,3751.695,3734.876,3776.923,3776.923,3776.794,TP2,0.001,1.6819,0.3142,16.819,2.5099,1.4923,1.689,0.906,477,0.393,2.155,0.05,0.0,0.0,clear,compression -> confirmed range break + momentum,537.7637
2025-09-24 11:26:00+00:00,2025-09-24 17:16:00+00:00,XAUUSD,SHORT,BREAKOUT,COMPRESSION,0.937,65.0,NO_TRADE,LONDON,3760.091,3774.457,3738.541,3738.541,3738.699,TP2,0.001,1.4367,0.2672,14.367,2.1391,1.489,1.525,0.881,350,0.189,2.204,0.05,0.0,0.0,clear,compression -> confirmed range break + momentum,539.9028
2025-09-26 07:05:00+00:00,2025-09-26 13:36:00+00:00,XAUUSD,LONG,LIQUIDITY_REVERSAL,CHOPPY,0.605,70.0,NO_TRADE,LONDON,3744.136,3735.462,3757.147,3757.147,3757.048,TP2,0.003,2.6022,0.482,8.674,3.8736,1.4886,1.507,0.59,391,0.194,2.263,0.05,0.0,0.0,clear,sweep + rejection + CHoCH + displacement,543.7765
2025-09-29 00:55:00+00:00,2025-09-29 01:32:00+00:00,XAUUSD,SHORT,LIQUIDITY_REVERSAL,LIQUIDITY_REVERSAL,0.8,75.0,B,ASIA,3767.878,3779.993,3749.706,3749.706,3780.309,STOP,0.002,2.4229,0.4456,12.115,-2.4861,-1.0261,0.348,1.036,37,0.374,2.533,0.05,0.12,0.0,clear,sweep + rejection + CHoCH + displacement,541.2904
2025-09-29 05:21:00+00:00,2025-09-29 07:12:00+00:00,XAUUSD,LONG,TREND_CONTINUATION,BULL,0.866,80.0,B,ASIA,3796.659,3784.256,3815.265,3815.265,3815.126,TP2,0.002,2.4807,0.4583,12.403,3.6934,1.4888,1.524,0.087,111,0.429,3.142,0.05,0.0,0.0,clear,trend pullback + LTF BOS,544.9837
2025-09-29 08:14:00+00:00,2025-09-29 16:14:00+00:00,XAUUSD,LONG,TREND_CONTINUATION,STRONG_BULL,0.957,85.0,A,LONDON,3817.025,3803.128,3837.869,3837.869,3823.563,TIME,0.001,1.3896,0.255,13.896,0.6538,0.4705,1.113,0.888,480,0.279,4.067,0.05,0.05,0.0,clear,trend pullback + LTF BOS,545.6375
2025-09-30 01:06:00+00:00,2025-09-30 04:45:00+00:00,XAUUSD,LONG,BREAKOUT,COMPRESSION,0.916,80.0,B,ASIA,3837.571,3819.712,3864.36,3864.36,3864.162,TP2,0.001,1.7859,0.3273,17.859,2.6591,1.4889,1.548,0.295,219,0.313,2.049,0.05,0.0,0.0,clear,compression -> confirmed range break + momentum,548.2966
2025-10-01 02:50:00+00:00,2025-10-01 04:35:00+00:00,XAUUSD,LONG,BREAKOUT,COMPRESSION,0.989,65.0,NO_TRADE,ASIA,3868.137,3858.006,3883.334,3883.334,3857.679,STOP,0.002,2.0262,0.3696,10.131,-2.0917,-1.0323,0.707,1.062,105,0.324,2.103,0.05,0.12,0.0,clear,compression -> confirmed range break + momentum,546.2049
2025-10-01 10:22:00+00:00,2025-10-01 18:22:00+00:00,XAUUSD,SHORT,LIQUIDITY_REVERSAL,BULL,0.834,75.0,B,LONDON,3886.137,3910.021,3850.311,3850.311,3871.292,TIME,0.001,2.3884,0.4373,23.884,1.4845,0.6216,1.249,0.218,480,0.236,3.553,0.05,0.05,0.0,clear,sweep + rejection + CHoCH + displacement,547.6894
2025-10-02 06:04:00+00:00,2025-10-02 13:03:00+00:00,XAUUSD,LONG,LIQUIDITY_REVERSAL,CHOPPY,0.608,95.0,A+,ASIA,3866.72,3853.284,3886.874,3886.874,3886.784,TP2,0.002,2.6872,0.4906,13.436,4.0128,1.4933,1.52,0.387,419,0.31,1.818,0.05,0.0,0.0,clear,sweep + rejection + CHoCH + displacement,551.7022
2025-10-03 10:23:00+00:00,2025-10-03 13:45:00+00:00,XAUUSD,LONG,LIQUIDITY_REVERSAL,LIQUIDITY_REVERSAL,0.8,85.0,A,LONDON,3858.914,3850.875,3870.972,3870.972,3870.864,TP2,0.003,2.4117,0.4371,8.039,3.5853,1.4866,1.547,0.543,202,0.197,2.311,0.05,0.0,0.0,clear,sweep + rejection + CHoCH + displacement,555.2875
2025-10-06 02:20:00+00:00,2025-10-06 04:11:00+00:00,XAUUSD,LONG,TREND_CONTINUATION,STRONG_BULL,0.959,80.0,B,ASIA,3904.312,3890.023,3925.746,3925.746,3925.534,TP2,0.001,1.4289,0.2573,14.289,2.1222,1.4852,1.527,0.229,111,0.495,4.11,0.05,0.0,0.0,clear,trend pullback + LTF BOS,557.4097
2025-10-06 08:49:00+00:00,2025-10-06 16:49:00+00:00,XAUUSD,LONG,TREND_CONTINUATION,STRONG_BULL,1.0,85.0,A,LONDON,3937.926,3913.482,3974.593,3974.593,3955.665,TIME,0.001,2.4445,0.4385,24.445,1.7738,0.7257,0.848,0.47,480,0.257,3.853,0.05,0.05,0.0,clear,trend pullback + LTF BOS,559.1835
2025-10-06 17:11:00+00:00,2025-10-06 21:00:00+00:00,XAUUSD,LONG,TREND_CONTINUATION,BULL,1.0,80.0,B,NEWYORK,3955.734,3933.552,3989.007,3989.007,3958.188,SESSION_END,0.001,2.2182,0.3967,22.182,0.2454,0.1106,0.411,0.455,229,0.299,4.784,0.05,0.05,0.0,clear,trend pullback + LTF BOS,559.4289
2025-10-08 00:51:00+00:00,2025-10-08 05:02:00+00:00,XAUUSD,LONG,BREAKOUT,COMPRESSION,0.968,80.0,B,ASIA,3995.039,3979.921,4017.717,4017.717,4017.531,TP2,0.001,1.5118,0.2702,15.118,2.2492,1.4877,1.6,0.727,251,0.309,2.255,0.05,0.0,0.0,clear,compression -> confirmed range break + momentum,561.6781
2025-10-08 05:07:00+00:00,2025-10-08 10:46:00+00:00,XAUUSD,LONG,BREAKOUT,BULL,0.928,65.0,NO_TRADE,ASIA,4017.625,4000.829,4042.819,4042.819,4042.713,TP2,0.001,1.6796,0.299,16.796,2.5088,1.4937,1.627,0.049,339,0.38,3.173,0.05,0.0,0.0,clear,compression -> confirmed range break + momentum,564.1869
2025-10-09 06:58:00+00:00,2025-10-09 07:51:00+00:00,XAUUSD,LONG,TREND_CONTINUATION,BULL,0.907,85.0,A,ASIA,4040.882,4023.568,4066.852,4066.852,4023.334,STOP,0.001,1.7313,0.3069,17.313,-1.7548,-1.0135,0.0,1.026,53,0.393,3.587,0.05,0.12,0.0,clear,trend pullback + LTF BOS,562.4321
2025-10-13 11:51:00+00:00,2025-10-13 15:53:00+00:00,XAUUSD,LONG,BREAKOUT,COMPRESSION,0.989,95.0,A+,LONDON,4082.402,4068.474,4103.296,4103.296,4103.204,TP2,0.002,2.7858,0.4953,13.929,4.1603,1.4934,1.52,0.678,242,0.175,3.234,0.05,0.0,0.0,clear,compression -> confirmed range break + momentum,566.5924
2025-10-13 16:00:00+00:00,2025-10-13 21:00:00+00:00,XAUUSD,LONG,BREAKOUT,STRONG_BULL,1.0,70.0,NO_TRADE,NEWYORK,4097.261,4082.906,4118.794,4118.794,4109.38,SESSION_END,0.001,1.4355,0.2534,14.355,1.2119,0.8442,1.375,0.466,300,0.232,4.234,0.05,0.05,0.0,clear,compression -> confirmed range break + momentum,567.8043
2025-10-14 01:31:00+00:00,2025-10-14 04:51:00+00:00,XAUUSD,LONG,TREND_CONTINUATION,BULL,1.0,100.0,A+,ASIA,4127.922,4103.366,4164.755,4164.755,4164.566,TP2,0.001,2.4556,0.4325,24.556,3.6645,1.4923,1.526,0.207,200,0.393,4.279,0.05,0.0,0.0,clear,trend pullback + LTF BOS,571.4688
2025-10-14 20:36:00+00:00,2025-10-14 21:00:00+00:00,XAUUSD,SHORT,LIQUIDITY_REVERSAL,LIQUIDITY_REVERSAL,0.8,85.0,A,NEWYORK,4143.406,4162.331,4115.018,4115.018,4143.579,SESSION_END,0.001,1.8925,0.3312,18.925,-0.0174,-0.0092,0.487,0.177,24,0.219,3.561,0.05,0.05,0.0,clear,sweep + rejection + CHoCH + displacement,571.4514
2025-10-15 07:51:00+00:00,2025-10-15 10:21:00+00:00,XAUUSD,LONG,BREAKOUT,COMPRESSION,0.937,80.0,B,LONDON,4196.687,4174.024,4230.68,4230.68,4173.792,STOP,0.001,2.2663,0.3966,22.663,-2.2894,-1.0102,0.94,1.48,150,0.203,4.21,0.05,0.12,0.0,clear,compression -> confirmed range break + momentum,569.162
2025-10-16 06:16:00+00:00,2025-10-16 06:33:00+00:00,XAUUSD,SHORT,LIQUIDITY_REVERSAL,CHOPPY,0.689,80.0,B,ASIA,4229.29,4244.668,4206.223,4206.223,4206.413,TP2,0.001,1.5378,0.2702,15.378,2.2877,1.4877,1.631,0.049,17,0.37,3.899,0.05,0.0,0.0,clear,sweep + rejection + CHoCH + displacement,571.4497
2025-10-16 13:41:00+00:00,2025-10-16 15:31:00+00:00,XAUUSD,LONG,LIQUIDITY_REVERSAL,LIQUIDITY_REVERSAL,1.0,95.0,A+,OVERLAP,4234.587,4213.139,4266.76,4266.76,4266.624,TP2,0.001,2.1448,0.3753,21.448,3.2037,1.4937,1.526,0.085,110,0.225,5.242,0.05,0.0,0.0,clear,sweep + rejection + CHoCH + displacement,574.6534
2025-10-16 18:48:00+00:00,2025-10-16 21:00:00+00:00,XAUUSD,LONG,TREND_CONTINUATION,BULL,0.89,85.0,A,NEWYORK,4294.112,4269.654,4330.799,4330.799,4307.913,SESSION_END,0.001,2.4458,0.4256,24.458,1.3801,0.5643,0.758,0.865,132,0.314,7.194,0.05,0.05,0.0,clear,trend pullback + LTF BOS,576.0335
2025-10-20 11:15:00+00:00,2025-10-20 13:19:00+00:00,XAUUSD,LONG,LIQUIDITY_REVERSAL,LIQUIDITY_REVERSAL,0.8,75.0,B,LONDON,4253.707,4230.301,4288.817,4288.817,4288.739,TP2,0.001,2.3406,0.4063,23.406,3.5032,1.4967,1.746,0.13,124,0.164,4.864,0.05,0.0,0.0,clear,sweep + rejection + CHoCH + displacement,579.5367
2025-10-20 16:07:00+00:00,2025-10-20 20:59:00+00:00,XAUUSD,LONG,BREAKOUT,BULL,0.891,70.0,NO_TRADE,NEWYORK,4338.194,4309.55,4381.159,4381.159,4381.072,TP2,0.001,2.8644,0.4942,28.644,4.2878,1.4969,1.505,0.054,292,0.257,8.444,0.05,0.0,0.0,clear,compression -> confirmed range break + momentum,583.8245
2025-10-21 02:41:00+00:00,2025-10-21 08:33:00+00:00,XAUUSD,SHORT,BREAKOUT,COMPRESSION,0.953,70.0,NO_TRADE,ASIA,4344.427,4367.626,4309.629,4309.629,4309.737,TP2,0.001,2.3199,0.3974,23.199,3.469,1.4954,1.679,0.464,352,0.395,6.791,0.05,0.0,0.0,clear,compression -> confirmed range break + momentum,587.2936
2025-10-23 06:56:00+00:00,2025-10-23 14:22:00+00:00,XAUUSD,LONG,BREAKOUT,COMPRESSION,0.963,65.0,NO_TRADE,ASIA,4106.066,4080.268,4144.763,4144.763,4144.67,TP2,0.001,2.5798,0.4393,25.798,3.8604,1.4964,1.507,0.562,446,0.301,4.987,0.05,0.0,0.0,clear,compression -> confirmed range break + momentum,591.1539
2025-10-27 03:16:00+00:00,2025-10-27 08:55:00+00:00,XAUUSD,SHORT,TREND_CONTINUATION,STRONG_BEAR,0.864,85.0,A,ASIA,4071.331,4093.813,4037.609,4037.609,4037.716,TP2,0.001,2.2481,0.3803,22.481,3.3615,1.4952,2.068,0.596,339,0.387,5.548,0.05,0.0,0.0,clear,trend pullback + LTF BOS,594.5154
2025-10-27 09:01:00+00:00,2025-10-27 14:03:00+00:00,XAUUSD,SHORT,BREAKOUT,STRONG_BEAR,0.872,70.0,NO_TRADE,LONDON,4048.256,4073.852,4009.862,4009.862,4009.981,TP2,0.001,2.5596,0.4305,25.596,3.8275,1.4953,1.623,0.072,302,0.238,6.507,0.05,0.0,0.0,clear,compression -> confirmed range break + momentum,598.3429
2025-10-28 19:56:00+00:00,2025-10-28 22:00:00+00:00,XAUUSD,LONG,LIQUIDITY_REVERSAL,LIQUIDITY_REVERSAL,0.8,80.0,B,NEWYORK,3960.58,3932.92,4002.07,4002.07,3954.813,SESSION_END,0.001,2.766,0.4623,27.66,-0.5767,-0.2085,0.036,0.405,64,0.21,4.64,0.05,0.05,0.0,clear,sweep + rejection + CHoCH + displacement,597.7662
2025-10-29 06:46:00+00:00,2025-10-29 08:03:00+00:00,XAUUSD,LONG,BREAKOUT,COMPRESSION,0.932,65.0,NO_TRADE,ASIA,3980.479,3962.865,4006.9,4006.9,4006.797,TP2,0.001,1.7614,0.2947,17.614,2.6318,1.4942,1.502,0.337,77,0.368,5.141,0.05,0.0,0.0,clear,compression -> confirmed range break + momentum,600.398
2025-10-29 09:53:00+00:00,2025-10-29 15:46:00+00:00,XAUUSD,LONG,BREAKOUT,BULL,0.577,50.0,NO_TRADE,LONDON,4028.184,3998.411,4072.843,4072.843,3998.197,STOP,0.001,2.9772,0.4959,29.772,-2.9987,-1.0072,0.059,1.001,353,0.198,4.95,0.05,0.12,0.0,clear,compression -> confirmed range break + momentum,597.3993
2025-10-30 12:36:00+00:00,2025-10-30 14:07:00+00:00,XAUUSD,SHORT,LIQUIDITY_REVERSAL,CHOPPY,0.567,90.0,A+,OVERLAP,3975.692,4003.493,3933.991,3933.991,4003.735,STOP,0.001,2.7801,0.4654,27.801,-2.8043,-1.0087,0.566,1.037,91,0.206,6.381,0.05,0.12,0.0,clear,sweep + rejection + CHoCH + displacement,594.595
2025-10-31 02:13:00+00:00,2025-10-31 10:13:00+00:00,XAUUSD,SHORT,BREAKOUT,COMPRESSION,0.979,70.0,NO_TRADE,ASIA,4015.261,4034.45,3986.477,3986.477,4015.546,TIME,0.001,1.919,0.3227,19.19,-0.0285,-0.0148,1.381,0.602,480,0.368,5.608,0.05,0.05,0.0,clear,compression -> confirmed range break + momentum,594.5665
2025-11-03 14:31:00+00:00,2025-11-03 21:00:00+00:00,XAUUSD,SHORT,LIQUIDITY_REVERSAL,CHOPPY,0.635,80.0,B,OVERLAP,4010.653,4037.897,3969.786,3969.786,4008.234,SESSION_END,0.001,2.7244,0.4582,27.244,0.2418,0.0888,0.575,0.724,389,0.184,4.355,0.05,0.05,0.0,clear,sweep + rejection + CHoCH + displacement,594.8083
2025-11-04 13:36:00+00:00,2025-11-04 14:31:00+00:00,XAUUSD,SHORT,BREAKOUT,COMPRESSION,0.932,85.0,A,OVERLAP,3980.451,4001.913,3948.257,3948.257,3948.388,TP2,0.001,2.1462,0.3608,21.462,3.2063,1.4939,1.504,0.098,55,0.209,4.62,0.05,0.0,0.0,clear,compression -> confirmed range break + momentum,598.0146
2025-11-05 20:45:00+00:00,2025-11-05 21:00:00+00:00,XAUUSD,SHORT,LIQUIDITY_REVERSAL,CHOPPY,0.553,85.0,A,NEWYORK,3984.148,3995.726,3966.782,3966.782,3985.178,SESSION_END,0.002,2.3155,0.3872,11.577,-0.206,-0.089,0.237,0.06,15,0.193,2.576,0.05,0.05,0.0,clear,sweep + rejection + CHoCH + displacement,597.8086
2025-11-07 06:56:00+00:00,2025-11-07 12:50:00+00:00,XAUUSD,LONG,BREAKOUT,COMPRESSION,0.995,85.0,A,ASIA,4006.471,3991.645,4028.711,4028.711,3991.41,STOP,0.002,2.9653,0.496,14.826,-3.0124,-1.0159,0.506,1.007,354,0.413,3.192,0.05,0.12,0.0,clear,compression -> confirmed range break + momentum,594.7962
2025-11-10 12:11:00+00:00,2025-11-10 14:34:00+00:00,XAUUSD,LONG,BREAKOUT,COMPRESSION,0.989,80.0,B,OVERLAP,4088.39,4076.411,4106.358,4106.358,4076.174,STOP,0.002,2.3958,0.4028,11.979,-2.4432,-1.0198,1.446,1.111,143,0.189,3.247,0.05,0.12,0.0,clear,compression -> confirmed range break + momentum,592.353
2025-11-10 20:31:00+00:00,2025-11-10 21:00:00+00:00,XAUUSD,SHORT,LIQUIDITY_REVERSAL,BULL,0.974,80.0,B,NEWYORK,4108.935,4124.168,4086.086,4086.086,4111.632,SESSION_END,0.001,1.5233,0.2572,15.233,-0.2697,-0.177,0.08,0.263,29,0.22,3.005,0.05,0.05,0.0,clear,sweep + rejection + CHoCH + displacement,592.0834
2025-11-11 00:31:00+00:00,2025-11-11 08:31:00+00:00,XAUUSD,LONG,BREAKOUT,COMPRESSION,0.942,95.0,A+,ASIA,4126.236,4108.24,4153.23,4153.23,4133.741,TIME,0.001,1.7996,0.3039,17.996,0.7505,0.4171,1.251,0.095,480,0.342,2.783,0.05,0.05,0.0,clear,compression -> confirmed range break + momentum,592.8339
2025-11-11 10:04:00+00:00,2025-11-11 15:23:00+00:00,XAUUSD,SHORT,LIQUIDITY_REVERSAL,LIQUIDITY_REVERSAL,0.8,75.0,B,LONDON,4137.726,4159.457,4105.129,4105.129,4105.261,TP2,0.001,2.1731,0.3666,21.731,3.2465,1.4939,1.5,0.406,319,0.198,2.987,0.05,0.0,0.0,clear,sweep + rejection + CHoCH + displacement,596.0804
2025-11-13 13:32:00+00:00,2025-11-13 14:44:00+00:00,XAUUSD,SHORT,LIQUIDITY_REVERSAL,BULL,0.948,85.0,A,OVERLAP,4227.955,4255.646,4186.417,4186.417,4186.556,TP2,0.001,2.7691,0.4646,27.691,4.1399,1.495,1.574,0.156,72,0.221,5.049,0.05,0.0,0.0,clear,sweep + rejection + CHoCH + displacement,600.2202
2025-11-17 05:21:00+00:00,2025-11-17 08:02:00+00:00,XAUUSD,SHORT,BREAKOUT,COMPRESSION,0.989,80.0,B,ASIA,4068.259,4090.357,4035.111,4035.111,4090.571,STOP,0.001,2.2098,0.3682,22.098,-2.2312,-1.0097,0.849,1.054,161,0.333,4.179,0.05,0.12,0.0,clear,compression -> confirmed range break + momentum,597.989
2025-11-17 14:40:00+00:00,2025-11-17 19:32:00+00:00,XAUUSD,LONG,LIQUIDITY_REVERSAL,LIQUIDITY_REVERSAL,0.8,85.0,A,OVERLAP,4074.44,4044.588,4119.218,4119.218,4044.357,STOP,0.001,2.9852,0.4992,29.852,-3.0083,-1.0077,0.216,1.038,292,0.21,6.136,0.05,0.12,0.0,clear,sweep + rejection + CHoCH + displacement,594.9807
2025-11-17 20:05:00+00:00,2025-11-17 20:56:00+00:00,XAUUSD,SHORT,BREAKOUT,EXPANSION,0.95,70.0,NO_TRADE,NEWYORK,4014.369,4039.441,3976.761,3976.761,4039.699,STOP,0.001,2.5072,0.4214,25.072,-2.533,-1.0103,0.144,1.096,51,0.292,7.398,0.05,0.12,0.0,clear,compression -> confirmed range break + momentum,592.4477
2025-11-19 01:16:00+00:00,2025-11-19 02:44:00+00:00,XAUUSD,SHORT,BREAKOUT,COMPRESSION,0.984,65.0,NO_TRADE,ASIA,4064.133,4077.38,4044.262,4044.262,4077.682,STOP,0.002,2.6494,0.4472,13.247,-2.7098,-1.0228,0.671,1.082,88,0.329,3.856,0.05,0.12,0.0,clear,compression -> confirmed range break + momentum,589.7379
2025-11-21 01:32:00+00:00,2025-11-21 06:28:00+00:00,XAUUSD,SHORT,BREAKOUT,COMPRESSION,0.974,80.0,B,ASIA,4060.935,4080.293,4031.897,4031.897,4032.113,TP2,0.001,1.9358,0.3283,19.358,2.8822,1.4889,1.574,0.975,296,0.361,4.797,0.05,0.0,0.0,clear,compression -> confirmed range break + momentum,592.6201
2025-11-24 12:46:00+00:00,2025-11-24 18:38:00+00:00,XAUUSD,LONG,BREAKOUT,COMPRESSION,0.958,65.0,NO_TRADE,OVERLAP,4080.346,4062.506,4107.106,4107.106,4107.0,TP2,0.001,1.784,0.301,17.84,2.6654,1.4941,1.58,0.688,352,0.162,3.469,0.05,0.0,0.0,clear,compression -> confirmed range break + momentum,595.2855
2025-11-26 01:11:00+00:00,2025-11-26 03:09:00+00:00,XAUUSD,LONG,BREAKOUT,COMPRESSION,0.979,80.0,B,ASIA,4143.715,4128.328,4166.794,4166.794,4166.596,TP2,0.001,1.5386,0.2585,15.386,2.2881,1.4871,1.502,0.307,118,0.36,3.539,0.05,0.0,0.0,clear,compression -> confirmed range break + momentum,597.5736
2025-11-26 10:34:00+00:00,2025-11-26 18:34:00+00:00,XAUUSD,SHORT,LIQUIDITY_REVERSAL,CHOPPY,0.627,80.0,B,LONDON,4158.81,4175.756,4133.391,4133.391,4159.609,TIME,0.001,1.6946,0.2836,16.946,-0.0799,-0.0472,1.365,0.846,480,0.196,3.297,0.05,0.05,0.0,clear,sweep + rejection + CHoCH + displacement,597.4937
2025-11-27 06:57:00+00:00,2025-11-27 14:57:00+00:00,XAUUSD,LONG,BREAKOUT,COMPRESSION,0.9,80.0,B,ASIA,4158.142,4142.217,4182.031,4182.031,4154.852,TIME,0.001,1.5926,0.2665,15.926,-0.3291,-0.2066,0.545,0.626,480,0.375,3.028,0.05,0.05,0.0,clear,compression -> confirmed range break + momentum,597.1646
2025-12-01 03:01:00+00:00,2025-12-01 05:26:00+00:00,XAUUSD,LONG,TREND_CONTINUATION,BULL,0.971,75.0,B,ASIA,4242.647,4217.839,4279.858,4279.858,4217.477,STOP,0.001,2.4807,0.4154,24.807,-2.517,-1.0146,0.162,1.103,145,0.564,5.609,0.05,0.12,0.0,clear,trend pullback + LTF BOS,594.6476
2025-12-02 00:01:00+00:00,2025-12-02 01:09:00+00:00,XAUUSD,SHORT,BREAKOUT,COMPRESSION,0.979,50.0,NO_TRADE,ASIA,4224.545,4240.647,4200.391,4200.391,4200.58,TP2,0.001,1.6102,0.2708,16.102,2.3964,1.4883,1.655,0.306,68,0.341,3.388,0.05,0.0,0.0,clear,compression -> confirmed range break + momentum,597.0441
2025-12-03 02:12:00+00:00,2025-12-03 05:47:00+00:00,XAUUSD,LONG,BREAKOUT,COMPRESSION,0.942,50.0,NO_TRADE,ASIA,4222.629,4204.78,4249.403,4249.403,4204.475,STOP,0.001,1.7849,0.299,17.849,-1.8154,-1.0171,0.344,1.091,215,0.389,3.774,0.05,0.12,0.0,clear,compression -> confirmed range break + momentum,595.2286
2025-12-03 12:41:00+00:00,2025-12-03 13:54:00+00:00,XAUUSD,LONG,BREAKOUT,COMPRESSION,0.963,65.0,NO_TRADE,OVERLAP,4213.024,4198.09,4235.425,4235.425,4235.319,TP2,0.001,1.4934,0.2509,14.934,2.2295,1.4929,1.523,0.168,73,0.179,2.951,0.05,0.0,0.0,clear,compression -> confirmed range break + momentum,597.4582
2025-12-04 03:07:00+00:00,2025-12-04 11:07:00+00:00,XAUUSD,SHORT,BREAKOUT,BEAR,0.748,65.0,NO_TRADE,ASIA,4193.983,4220.516,4154.185,4154.185,4201.323,TIME,0.001,2.6532,0.4441,26.532,-0.734,-0.2766,0.715,0.322,480,0.443,4.097,0.05,0.05,0.0,clear,compression -> confirmed range break + momentum,596.7241
2025-12-04 13:31:00+00:00,2025-12-04 16:17:00+00:00,XAUUSD,LONG,LIQUIDITY_REVERSAL,LIQUIDITY_REVERSAL,0.8,85.0,A,OVERLAP,4191.235,4173.879,4217.269,4217.269,4217.105,TP2,0.001,1.7356,0.2909,17.356,2.587,1.4906,1.553,0.182,166,0.219,3.905,0.05,0.0,0.0,clear,sweep + rejection + CHoCH + displacement,599.3112
2025-12-05 01:11:00+00:00,2025-12-05 04:33:00+00:00,XAUUSD,SHORT,BREAKOUT,COMPRESSION,0.984,80.0,B,ASIA,4197.248,4215.815,4169.398,4169.398,4216.113,STOP,0.001,1.8567,0.3098,18.567,-1.8864,-1.016,0.15,1.003,202,0.333,2.511,0.05,0.12,0.0,clear,compression -> confirmed range break + momentum,597.4247
2025-12-05 13:37:00+00:00,2025-12-07 23:00:00+00:00,XAUUSD,LONG,BREAKOUT,BULL,0.91,70.0,NO_TRADE,OVERLAP,4235.645,4217.594,4262.721,4262.721,4199.198,STOP,0.001,1.8051,0.3021,18.051,-3.6447,-2.0191,1.3,2.317,143,0.22,3.546,0.05,18.098499298095703,0.0,clear,compression -> confirmed range break + momentum,593.78
2025-12-08 07:39:00+00:00,2025-12-08 15:00:00+00:00,XAUUSD,SHORT,LIQUIDITY_REVERSAL,CHOPPY,0.648,75.0,B,LONDON,4211.939,4224.926,4192.459,4192.459,4192.61,TP2,0.002,2.5973,0.4374,12.987,3.8658,1.4884,1.673,0.344,441,0.212,2.754,0.05,0.0,0.0,clear,sweep + rejection + CHoCH + displacement,597.6459
2025-12-09 04:04:00+00:00,2025-12-09 09:18:00+00:00,XAUUSD,SHORT,LIQUIDITY_REVERSAL,CHOPPY,0.636,95.0,A+,ASIA,4191.83,4208.312,4167.107,4167.107,4208.549,STOP,0.001,1.6482,0.2758,16.482,-1.672,-1.0144,1.334,1.111,314,0.33,2.226,0.05,0.12,0.0,clear,sweep + rejection + CHoCH + displacement,595.9739
2025-12-11 01:05:00+00:00,2025-12-11 03:09:00+00:00,XAUUSD,LONG,TREND_CONTINUATION,BULL,0.857,95.0,A+,ASIA,4244.599,4218.085,4284.371,4284.371,4217.718,STOP,0.001,2.6514,0.4449,26.514,-2.6881,-1.0138,0.018,1.193,124,0.509,4.065,0.05,0.12,0.0,clear,trend pullback + LTF BOS,593.2858
2025-12-11 10:02:00+00:00,2025-12-11 11:53:00+00:00,XAUUSD,LONG,BREAKOUT,COMPRESSION,0.937,70.0,NO_TRADE,LONDON,4220.076,4209.616,4235.767,4235.767,4209.392,STOP,0.002,2.0921,0.3526,10.46,-2.1369,-1.0214,0.545,1.016,111,0.222,3.043,0.05,0.12,0.0,clear,compression -> confirmed range break + momentum,591.1489
2025-12-15 04:10:00+00:00,2025-12-15 12:10:00+00:00,XAUUSD,LONG,TREND_CONTINUATION,BULL,0.887,85.0,A,ASIA,4329.282,4302.256,4369.82,4369.82,4344.155,TIME,0.001,2.7026,0.4572,27.026,1.4873,0.5503,0.766,0.236,480,0.353,3.161,0.05,0.05,0.0,clear,trend pullback + LTF BOS,592.6362
2025-12-15 13:06:00+00:00,2025-12-15 16:22:00+00:00,XAUUSD,SHORT,LIQUIDITY_REVERSAL,LIQUIDITY_REVERSAL,0.7,80.0,B,OVERLAP,4337.69,4364.199,4297.927,4297.927,4298.122,TP2,0.001,2.6509,0.4473,26.509,3.9568,1.4926,1.684,0.248,196,0.17,2.711,0.05,0.0,0.0,clear,sweep + rejection + CHoCH + displacement,596.593
2025-12-17 13:11:00+00:00,2025-12-17 21:00:00+00:00,XAUUSD,LONG,BREAKOUT,COMPRESSION,0.995,80.0,B,OVERLAP,4324.845,4298.16,4364.873,4364.873,4340.471,SESSION_END,0.001,2.6685,0.4473,26.685,1.5626,0.5856,0.893,0.182,469,0.18,3.0,0.05,0.05,0.0,clear,compression -> confirmed range break + momentum,598.1556
2025-12-18 01:21:00+00:00,2025-12-18 09:21:00+00:00,XAUUSD,SHORT,BREAKOUT,COMPRESSION,0.921,70.0,NO_TRADE,ASIA,4326.907,4341.758,4304.629,4304.629,4325.807,TIME,0.002,2.9704,0.4966,14.852,0.2199,0.074,0.353,0.721,480,0.377,3.333,0.05,0.05,0.0,clear,compression -> confirmed range break + momentum,598.3755
2025-12-22 13:07:00+00:00,2025-12-22 16:08:00+00:00,XAUUSD,LONG,BREAKOUT,COMPRESSION,0.968,65.0,NO_TRADE,OVERLAP,4418.67,4406.944,4436.258,4436.258,4436.091,TP2,0.002,2.3451,0.3919,11.726,3.4843,1.4858,1.525,0.592,181,0.19,2.761,0.05,0.0,0.0,clear,compression -> confirmed range break + momentum,601.8598
2025-12-22 16:16:00+00:00,2025-12-22 21:00:00+00:00,XAUUSD,LONG,BREAKOUT,STRONG_BULL,1.0,80.0,B,NEWYORK,4438.777,4410.766,4480.793,4480.793,4438.388,SESSION_END,0.001,2.8011,0.4654,28.011,-0.0389,-0.0139,0.113,0.361,284,0.344,5.398,0.05,0.05,0.0,clear,compression -> confirmed range break + momentum,601.8209
2025-12-23 00:03:00+00:00,2025-12-23 01:03:00+00:00,XAUUSD,LONG,BREAKOUT,STRONG_BULL,0.987,70.0,NO_TRADE,ASIA,4459.955,4448.499,4477.139,4477.139,4476.958,TP2,0.002,2.2912,0.3807,11.456,3.4006,1.4842,1.544,0.0,60,0.381,3.318,0.05,0.0,0.0,clear,compression -> confirmed range break + momentum,605.2215
2025-12-23 02:36:00+00:00,2025-12-23 10:36:00+00:00,XAUUSD,LONG,BREAKOUT,STRONG_BULL,1.0,80.0,B,ASIA,4493.448,4468.432,4530.973,4530.973,4481.079,TIME,0.001,2.5017,0.4133,25.017,-1.237,-0.4945,0.156,0.967,480,0.487,4.878,0.05,0.05,0.0,clear,compression -> confirmed range break + momentum,603.9845
2025-12-26 08:16:00+00:00,2025-12-26 16:04:00+00:00,XAUUSD,LONG,TREND_CONTINUATION,BULL,0.926,80.0,B,LONDON,4515.639,4493.393,4549.009,4549.009,4548.853,TP2,0.001,2.2246,0.3683,22.246,3.3214,1.493,1.502,0.59,468,0.189,3.334,0.05,0.0,0.0,clear,trend pullback + LTF BOS,607.3059
2025-12-29 06:05:00+00:00,2025-12-29 06:45:00+00:00,XAUUSD,LONG,LIQUIDITY_REVERSAL,CHOPPY,0.607,90.0,A+,ASIA,4509.241,4483.745,4547.485,4547.485,4483.39,STOP,0.001,2.5496,0.4198,25.496,-2.5851,-1.0139,0.041,1.039,40,0.391,4.813,0.05,0.12,0.0,clear,sweep + rejection + CHoCH + displacement,604.7208
2025-12-30 01:57:00+00:00,2025-12-30 09:57:00+00:00,XAUUSD,LONG,BREAKOUT,COMPRESSION,0.926,55.0,NO_TRADE,ASIA,4357.864,4329.065,4401.062,4401.062,4373.279,TIME,0.001,2.8799,0.4762,28.799,1.5415,0.5353,0.874,0.322,480,0.418,6.599,0.05,0.05,0.0,clear,compression -> confirmed range break + momentum,606.2623
2025-12-31 18:36:00+00:00,2025-12-31 21:00:00+00:00,XAUUSD,SHORT,LIQUIDITY_REVERSAL,LIQUIDITY_REVERSAL,1.0,100.0,A+,NEWYORK,4320.736,4350.486,4276.111,4276.111,4313.27,SESSION_END,0.001,2.975,0.4907,29.75,0.7466,0.251,0.556,0.165,144,0.238,5.297,0.05,0.05,0.0,clear,sweep + rejection + CHoCH + displacement,607.0089
2026-01-02 08:36:00+00:00,2026-01-02 13:29:00+00:00,XAUUSD,LONG,BREAKOUT,COMPRESSION,0.989,65.0,NO_TRADE,LONDON,4388.648,4373.608,4411.209,4411.209,4373.366,STOP,0.001,1.5041,0.3008,15.041,-1.5283,-1.0161,0.883,1.05,293,0.2,3.411,0.05,0.12,0.0,clear,compression -> confirmed range break + momentum,498.4717
2026-01-05 04:44:00+00:00,2026-01-05 12:44:00+00:00,XAUUSD,LONG,TREND_CONTINUATION,STRONG_BULL,1.0,85.0,A,ASIA,4406.019,4381.13,4443.352,4443.352,4409.608,TIME,0.001,2.4889,0.4993,24.889,0.3588,0.1442,1.352,0.203,480,0.389,4.351,0.05,0.05,0.0,clear,trend pullback + LTF BOS,498.8306
2026-01-06 07:56:00+00:00,2026-01-06 14:37:00+00:00,XAUUSD,SHORT,LIQUIDITY_REVERSAL,LIQUIDITY_REVERSAL,0.8,80.0,B,LONDON,4458.13,4482.075,4422.212,4422.212,4482.312,STOP,0.001,2.3945,0.48,23.945,-2.4183,-1.0099,0.67,1.028,401,0.198,3.696,0.05,0.12,0.0,clear,sweep + rejection + CHoCH + displacement,496.4123
2026-01-06 15:48:00+00:00,2026-01-06 21:00:00+00:00,XAUUSD,SHORT,LIQUIDITY_REVERSAL,BULL,0.799,85.0,A,OVERLAP,4477.436,4500.867,4442.289,4442.289,4493.432,SESSION_END,0.001,2.3431,0.472,23.431,-1.5997,-0.6827,0.267,0.814,312,0.278,6.901,0.05,0.05,0.0,clear,sweep + rejection + CHoCH + displacement,494.8127
2026-01-08 00:11:00+00:00,2026-01-08 00:25:00+00:00,XAUUSD,LONG,BREAKOUT,COMPRESSION,0.974,80.0,B,ASIA,4465.639,4455.676,4480.583,4480.583,4455.4,STOP,0.002,1.9925,0.4027,9.963,-2.0479,-1.0278,0.044,1.007,14,0.308,2.694,0.05,0.12,0.0,clear,compression -> confirmed range break + momentum,492.7648
2026-01-08 02:06:00+00:00,2026-01-08 10:06:00+00:00,XAUUSD,SHORT,BREAKOUT,COMPRESSION,0.921,65.0,NO_TRADE,ASIA,4441.145,4464.221,4406.531,4406.531,4429.446,TIME,0.001,2.3076,0.4683,23.076,1.17,0.507,1.124,0.31,480,0.439,5.066,0.05,0.05,0.0,clear,compression -> confirmed range break + momentum,493.9348
2026-01-08 12:13:00+00:00,2026-01-08 13:22:00+00:00,XAUUSD,SHORT,BREAKOUT,COMPRESSION,0.953,65.0,NO_TRADE,OVERLAP,4413.953,4432.088,4386.751,4386.751,4432.313,STOP,0.001,1.8135,0.3671,18.135,-1.836,-1.0124,0.357,1.026,69,0.184,3.876,0.05,0.12,0.0,clear,compression -> confirmed range break + momentum,492.0988
2026-01-08 15:50:00+00:00,2026-01-08 21:00:00+00:00,XAUUSD,LONG,BREAKOUT,EXPANSION,0.939,55.0,NO_TRADE,OVERLAP,4454.67,4432.213,4488.357,4488.357,4476.712,SESSION_END,0.001,2.2458,0.4564,22.458,2.2042,0.9815,1.089,0.45,310,0.25,6.547,0.05,0.05,0.0,clear,compression -> confirmed range break + momentum,494.303
2026-01-09 05:26:00+00:00,2026-01-09 12:05:00+00:00,XAUUSD,LONG,LIQUIDITY_REVERSAL,CHOPPY,0.608,85.0,A,ASIA,4461.874,4450.525,4478.897,4478.897,4478.817,TP2,0.002,2.2698,0.4592,11.349,3.3886,1.4929,1.594,0.0,399,0.338,3.08,0.05,0.0,0.0,clear,sweep + rejection + CHoCH + displacement,497.6916
2026-01-09 13:21:00+00:00,2026-01-09 14:10:00+00:00,XAUUSD,LONG,LIQUIDITY_REVERSAL,CHOPPY,0.707,90.0,A+,OVERLAP,4467.346,4451.128,4491.673,4491.673,4491.529,TP2,0.001,1.6218,0.3259,16.218,2.4183,1.4911,1.592,0.54,49,0.203,3.908,0.05,0.0,0.0,clear,sweep + rejection + CHoCH + displacement,500.1099
2026-01-12 14:33:00+00:00,2026-01-12 15:33:00+00:00,XAUUSD,SHORT,LIQUIDITY_REVERSAL,LIQUIDITY_REVERSAL,0.7,75.0,B,OVERLAP,4598.886,4622.392,4563.627,4563.627,4622.669,STOP,0.001,2.3506,0.47,23.506,-2.3783,-1.0118,0.293,1.024,60,0.279,6.695,0.05,0.12,0.0,clear,sweep + rejection + CHoCH + displacement,497.7317
2026-01-12 16:20:00+00:00,2026-01-12 18:16:00+00:00,XAUUSD,LONG,BREAKOUT,BULL,0.961,70.0,NO_TRADE,NEWYORK,4628.261,4605.556,4662.319,4662.319,4605.303,STOP,0.001,2.2705,0.4562,22.705,-2.2958,-1.0111,0.058,1.104,116,0.332,6.441,0.05,0.12,0.0,clear,compression -> confirmed range break + momentum,495.4359
2026-01-14 09:36:00+00:00,2026-01-14 17:36:00+00:00,XAUUSD,SHORT,LIQUIDITY_REVERSAL,CHOPPY,0.585,85.0,A,LONDON,4631.398,4654.123,4597.311,4597.311,4609.397,TIME,0.001,2.2725,0.4587,22.725,2.2001,0.9681,1.418,0.449,480,0.199,3.653,0.05,0.05,0.0,clear,sweep + rejection + CHoCH + displacement,497.6359
2026-01-16 00:57:00+00:00,2026-01-16 05:48:00+00:00,XAUUSD,SHORT,BREAKOUT,COMPRESSION,0.905,50.0,NO_TRADE,ASIA,4599.958,4611.185,4583.117,4583.117,4611.468,STOP,0.002,2.2454,0.4512,11.227,-2.3021,-1.0252,0.8,1.073,291,0.314,3.27,0.05,0.12,0.0,clear,compression -> confirmed range break + momentum,495.3339
2026-01-16 05:53:00+00:00,2026-01-16 13:16:00+00:00,XAUUSD,LONG,BREAKOUT,COMPRESSION,0.995,65.0,NO_TRADE,ASIA,4612.055,4591.577,4642.771,4642.771,4591.354,STOP,0.001,2.0478,0.4134,20.478,-2.0701,-1.0109,0.191,1.261,443,0.339,3.281,0.05,0.12,0.0,clear,compression -> confirmed range break + momentum,493.2638
2026-01-16 15:18:00+00:00,2026-01-16 15:23:00+00:00,XAUUSD,LONG,BREAKOUT,EXPANSION,0.855,55.0,NO_TRADE,OVERLAP,4616.904,4595.825,4648.523,4648.523,4595.557,STOP,0.001,2.1079,0.4273,21.079,-2.1347,-1.0127,0.0,1.056,5,0.273,6.184,0.05,0.12,0.0,clear,compression -> confirmed range break + momentum,491.1291
2026-01-19 09:24:00+00:00,2026-01-19 17:24:00+00:00,XAUUSD,SHORT,LIQUIDITY_REVERSAL,LIQUIDITY_REVERSAL,0.8,75.0,B,LONDON,4668.405,4680.896,4649.669,4649.669,4669.852,TIME,0.001,1.2491,0.2543,12.491,-0.1447,-0.1158,0.719,0.604,480,0.2,3.433,0.05,0.05,0.0,clear,sweep + rejection + CHoCH + displacement,490.9844
2026-01-20 11:41:00+00:00,2026-01-20 18:16:00+00:00,XAUUSD,LONG,TREND_CONTINUATION,STRONG_BULL,0.998,85.0,A,LONDON,4730.055,4706.499,4765.388,4765.388,4765.23,TP2,0.001,2.3556,0.4798,23.556,3.5175,1.4933,1.504,0.636,394,0.22,3.465,0.05,0.0,0.0,clear,trend pullback + LTF BOS,494.5019
2026-01-20 18:55:00+00:00,2026-01-20 21:00:00+00:00,XAUUSD,SHORT,LIQUIDITY_REVERSAL,BULL,0.947,75.0,B,NEWYORK,4754.4,4778.251,4718.622,4718.622,4758.354,SESSION_END,0.001,2.3852,0.4823,23.852,-0.3954,-0.1658,0.308,0.492,125,0.291,4.382,0.05,0.05,0.0,clear,sweep + rejection + CHoCH + displacement,494.1065
2026-01-22 19:01:00+00:00,2026-01-22 21:00:00+00:00,XAUUSD,LONG,BREAKOUT,BULL,0.556,70.0,NO_TRADE,NEWYORK,4916.553,4896.243,4947.019,4947.019,4916.364,SESSION_END,0.001,2.0311,0.4111,20.311,-0.0189,-0.0093,0.578,0.532,119,0.237,5.977,0.05,0.05,0.0,clear,compression -> confirmed range break + momentum,494.0877
2026-02-10 08:50:00+00:00,2026-02-10 12:44:00+00:00,XAUUSD,LONG,BREAKOUT,COMPRESSION,0.979,65.0,NO_TRADE,LONDON,5051.06,5027.1,5087.002,5087.002,5026.897,STOP,0.001,2.3961,0.4849,23.961,-2.4164,-1.0085,0.501,1.149,234,0.191,6.791,0.05,0.12,0.0,clear,compression -> confirmed range break + momentum,491.6713
2026-02-11 05:41:00+00:00,2026-02-11 10:44:00+00:00,XAUUSD,LONG,BREAKOUT,COMPRESSION,0.911,80.0,B,ASIA,5062.612,5038.843,5098.265,5098.265,5098.172,TP2,0.001,2.3769,0.4834,23.769,3.556,1.4961,1.573,0.726,303,0.314,4.468,0.05,0.0,0.0,clear,compression -> confirmed range break + momentum,495.2273
2026-02-12 09:57:00+00:00,2026-02-12 12:55:00+00:00,XAUUSD,SHORT,LIQUIDITY_REVERSAL,CHOPPY,0.558,70.0,NO_TRADE,LONDON,5075.001,5091.916,5049.628,5049.628,5049.713,TP2,0.001,1.6915,0.3416,16.915,2.5287,1.495,1.552,0.105,178,0.188,4.913,0.05,0.0,0.0,clear,sweep + rejection + CHoCH + displacement,497.756
2026-02-12 13:02:00+00:00,2026-02-12 16:10:00+00:00,XAUUSD,LONG,LIQUIDITY_REVERSAL,CHOPPY,0.665,85.0,A,OVERLAP,5056.311,5033.991,5089.791,5089.791,5033.722,STOP,0.001,2.232,0.4484,22.32,-2.2589,-1.012,1.217,1.047,188,0.172,4.662,0.05,0.12,0.0,clear,sweep + rejection + CHoCH + displacement,495.4971
2026-02-16 02:56:00+00:00,2026-02-16 10:56:00+00:00,XAUUSD,SHORT,BREAKOUT,COMPRESSION,0.905,80.0,B,ASIA,4996.061,5017.092,4964.513,4964.513,5007.818,TIME,0.001,2.1032,0.4245,21.032,-1.1757,-0.559,1.483,0.998,480,0.329,6.156,0.05,0.05,0.0,clear,compression -> confirmed range break + momentum,494.3214
2026-02-16 19:16:00+00:00,2026-02-16 23:00:00+00:00,XAUUSD,SHORT,LIQUIDITY_REVERSAL,LIQUIDITY_REVERSAL,1.0,95.0,A+,NEWYORK,4993.177,5005.663,4974.449,4974.449,4991.688,SESSION_END,0.001,1.2485,0.2526,12.485,0.1489,0.1193,0.388,0.228,13,0.175,2.948,0.05,0.05,0.0,clear,sweep + rejection + CHoCH + displacement,494.4703
2026-02-17 00:51:00+00:00,2026-02-17 00:58:00+00:00,XAUUSD,SHORT,BREAKOUT,BEAR,0.777,85.0,A,ASIA,4968.834,4988.038,4940.028,4940.028,4940.243,TP2,0.001,1.9204,0.3884,19.204,2.8591,1.4888,1.905,0.005,7,0.383,5.164,0.05,0.0,0.0,clear,compression -> confirmed range break + momentum,497.3294
2026-02-18 09:06:00+00:00,2026-02-18 12:55:00+00:00,XAUUSD,SHORT,BREAKOUT,COMPRESSION,0.989,80.0,B,LONDON,4915.574,4934.051,4887.86,4887.86,4934.256,STOP,0.001,1.8476,0.3715,18.476,-1.8681,-1.0111,0.515,1.154,229,0.181,4.52,0.05,0.12,0.0,clear,compression -> confirmed range break + momentum,495.4613
2026-02-20 03:31:00+00:00,2026-02-20 06:12:00+00:00,XAUUSD,LONG,LIQUIDITY_REVERSAL,CHOPPY,0.682,90.0,A+,ASIA,4994.754,4978.541,5019.073,5019.073,5018.895,TP2,0.001,1.6213,0.3272,16.213,2.4141,1.489,1.532,0.829,161,0.378,4.721,0.05,0.0,0.0,clear,sweep + rejection + CHoCH + displacement,497.8754
2026-02-24 12:27:00+00:00,2026-02-24 13:49:00+00:00,XAUUSD,SHORT,BREAKOUT,COMPRESSION,0.979,50.0,NO_TRADE,OVERLAP,5158.775,5179.476,5127.723,5127.723,5127.841,TP2,0.001,2.0701,0.4158,20.701,3.0934,1.4943,1.652,0.267,82,0.2,6.08,0.05,0.0,0.0,clear,compression -> confirmed range break + momentum,500.9688
2026-02-26 11:57:00+00:00,2026-02-26 15:51:00+00:00,XAUUSD,SHORT,BREAKOUT,COMPRESSION,0.958,65.0,NO_TRADE,LONDON,5163.122,5187.854,5126.024,5126.024,5188.141,STOP,0.001,2.4732,0.4937,24.732,-2.5019,-1.0116,1.36,1.074,234,0.206,4.816,0.05,0.12,0.0,clear,compression -> confirmed range break + momentum,498.4669
2026-02-27 13:06:00+00:00,2026-02-27 13:22:00+00:00,XAUUSD,LONG,BREAKOUT,COMPRESSION,0.974,80.0,B,OVERLAP,5194.461,5171.325,5229.165,5229.165,5229.062,TP2,0.001,2.3136,0.4641,23.136,3.4601,1.4955,1.516,0.0,16,0.171,3.801,0.05,0.0,0.0,clear,compression -> confirmed range break + momentum,501.927
2026-03-05 05:41:00+00:00,2026-03-05 06:09:00+00:00,XAUUSD,SHORT,BREAKOUT,COMPRESSION,0.995,80.0,B,ASIA,5165.154,5183.519,5137.607,5137.607,5137.773,TP2,0.001,1.8365,0.3659,18.365,2.7381,1.4909,1.753,0.221,28,0.302,5.394,0.05,0.0,0.0,clear,compression -> confirmed range break + momentum,504.6651
2026-03-10 13:12:00+00:00,2026-03-10 15:34:00+00:00,XAUUSD,LONG,BREAKOUT,COMPRESSION,0.968,70.0,NO_TRADE,OVERLAP,5200.429,5176.787,5235.89,5235.89,5235.789,TP2,0.001,2.3641,0.4685,23.641,3.536,1.4957,1.518,0.651,142,0.187,6.788,0.05,0.0,0.0,clear,compression -> confirmed range break + momentum,508.2011
2026-03-13 05:48:00+00:00,2026-03-13 08:21:00+00:00,XAUUSD,SHORT,BREAKOUT,COMPRESSION,0.932,85.0,A,ASIA,5100.525,5124.215,5064.991,5064.991,5065.12,TP2,0.001,2.3689,0.4661,23.689,3.5405,1.4946,1.537,0.301,153,0.359,4.367,0.05,0.0,0.0,clear,compression -> confirmed range break + momentum,511.7416
2026-03-18 00:12:00+00:00,2026-03-18 04:34:00+00:00,XAUUSD,LONG,BREAKOUT,COMPRESSION,0.979,65.0,NO_TRADE,ASIA,5010.066,4985.795,5046.473,5046.473,4985.517,STOP,0.001,2.4271,0.4743,24.271,-2.4549,-1.0115,0.231,1.003,262,0.302,3.116,0.05,0.12,0.0,clear,compression -> confirmed range break + momentum,509.2867
2026-03-18 10:28:00+00:00,2026-03-18 11:27:00+00:00,XAUUSD,SHORT,TREND_CONTINUATION,BEAR,0.867,85.0,A,LONDON,4985.871,5010.868,4948.375,4948.375,4948.524,TP2,0.001,2.4997,0.4908,24.997,3.7347,1.4941,1.587,0.064,59,0.209,4.276,0.05,0.0,0.0,clear,trend pullback + LTF BOS,513.0213
2026-03-25 06:12:00+00:00,2026-03-25 11:22:00+00:00,XAUUSD,SHORT,BREAKOUT,COMPRESSION,0.984,50.0,NO_TRADE,ASIA,4544.44,4569.492,4506.861,4506.861,4569.694,STOP,0.001,2.5052,0.4883,25.052,-2.5254,-1.0081,0.67,1.329,310,0.297,7.361,0.05,0.12,0.0,clear,compression -> confirmed range break + momentum,510.4959
2026-04-06 10:06:00+00:00,2026-04-06 12:58:00+00:00,XAUUSD,LONG,BREAKOUT,BULL,0.781,80.0,B,LONDON,4700.576,4677.523,4735.154,4735.154,4677.328,STOP,0.001,2.3052,0.4516,23.052,-2.3247,-1.0085,0.246,1.017,172,0.181,6.806,0.05,0.12,0.0,clear,compression -> confirmed range break + momentum,508.1712
2026-04-10 03:26:00+00:00,2026-04-10 05:19:00+00:00,XAUUSD,SHORT,BREAKOUT,COMPRESSION,0.974,55.0,NO_TRADE,ASIA,4747.478,4770.511,4712.928,4712.928,4770.797,STOP,0.001,2.3033,0.4533,23.033,-2.3319,-1.0124,0.424,1.001,113,0.414,6.728,0.05,0.12,0.0,clear,compression -> confirmed range break + momentum,505.8392
2026-04-10 12:46:00+00:00,2026-04-10 15:25:00+00:00,XAUUSD,LONG,BREAKOUT,COMPRESSION,0.926,95.0,A+,OVERLAP,4766.045,4748.501,4792.36,4792.36,4792.233,TP2,0.001,1.7543,0.3468,17.543,2.6188,1.4928,1.522,0.369,159,0.18,4.517,0.05,0.0,0.0,clear,compression -> confirmed range break + momentum,508.458
2026-04-13 08:11:00+00:00,2026-04-13 12:43:00+00:00,XAUUSD,LONG,LIQUIDITY_REVERSAL,CHOPPY,0.57,85.0,A,LONDON,4729.47,4704.115,4767.502,4767.502,4703.904,STOP,0.001,2.5355,0.4987,25.355,-2.5566,-1.0083,0.408,1.005,272,0.23,5.718,0.05,0.12,0.0,clear,sweep + rejection + CHoCH + displacement,505.9014
2026-04-14 17:23:00+00:00,2026-04-14 21:00:00+00:00,XAUUSD,LONG,TREND_CONTINUATION,BULL,0.87,85.0,A,NEWYORK,4812.651,4788.846,4848.359,4848.359,4844.307,SESSION_END,0.001,2.3805,0.4706,23.805,3.1655,1.3298,1.405,0.161,217,0.293,6.822,0.05,0.05,0.0,clear,trend pullback + LTF BOS,509.067
2026-04-15 01:41:00+00:00,2026-04-15 02:11:00+00:00,XAUUSD,SHORT,BREAKOUT,COMPRESSION,0.974,70.0,NO_TRADE,ASIA,4828.487,4844.655,4804.235,4804.235,4844.976,STOP,0.001,1.6168,0.3176,16.168,-1.6489,-1.0198,0.046,1.47,30,0.376,4.696,0.05,0.12,0.0,clear,compression -> confirmed range break + momentum,507.4181
2026-04-20 11:12:00+00:00,2026-04-20 19:12:00+00:00,XAUUSD,LONG,LIQUIDITY_REVERSAL,LIQUIDITY_REVERSAL,0.8,80.0,B,LONDON,4796.704,4774.427,4830.12,4830.12,4812.653,TIME,0.001,2.2277,0.439,22.277,1.5949,0.7159,1.376,0.466,480,0.219,4.846,0.05,0.05,0.0,clear,sweep + rejection + CHoCH + displacement,509.0129
2026-04-22 11:06:00+00:00,2026-04-22 19:06:00+00:00,XAUUSD,SHORT,BREAKOUT,COMPRESSION,0.932,80.0,B,LONDON,4750.484,4770.637,4720.254,4720.254,4737.536,TIME,0.001,2.0153,0.3959,20.153,1.2948,0.6425,1.33,0.513,480,0.202,3.801,0.05,0.05,0.0,clear,compression -> confirmed range break + momentum,510.3077
2026-04-23 00:06:00+00:00,2026-04-23 01:13:00+00:00,XAUUSD,SHORT,BREAKOUT,COMPRESSION,0.979,80.0,B,ASIA,4724.753,4736.742,4706.77,4706.77,4706.946,TP2,0.002,2.3977,0.4699,11.989,3.5614,1.4853,1.787,0.414,67,0.33,3.334,0.05,0.0,0.0,clear,compression -> confirmed range break + momentum,513.8691
2026-04-23 01:20:00+00:00,2026-04-23 01:26:00+00:00,XAUUSD,SHORT,BREAKOUT,EXPANSION,0.845,70.0,NO_TRADE,ASIA,4722.108,4738.016,4698.246,4698.246,4738.392,STOP,0.001,1.5908,0.3096,15.908,-1.6284,-1.0237,0.0,1.112,6,0.494,6.494,0.05,0.12,0.0,clear,compression -> confirmed range break + momentum,512.2407
2026-04-24 05:26:00+00:00,2026-04-24 06:41:00+00:00,XAUUSD,SHORT,BREAKOUT,BEAR,0.914,85.0,A,ASIA,4662.02,4685.892,4626.212,4626.212,4686.189,STOP,0.001,2.3872,0.466,23.872,-2.4169,-1.0124,0.19,1.051,75,0.37,4.748,0.05,0.12,0.0,clear,compression -> confirmed range break + momentum,509.8238
2026-04-28 00:37:00+00:00,2026-04-28 02:33:00+00:00,XAUUSD,LONG,BREAKOUT,COMPRESSION,0.926,50.0,NO_TRADE,ASIA,4693.087,4684.086,4706.588,4706.588,4683.784,STOP,0.002,1.8001,0.3531,9.001,-1.8605,-1.0335,0.881,1.038,116,0.284,2.069,0.05,0.12,0.0,clear,compression -> confirmed range break + momentum,507.9633
2026-04-28 03:04:00+00:00,2026-04-28 06:06:00+00:00,XAUUSD,LONG,LIQUIDITY_REVERSAL,LIQUIDITY_REVERSAL,0.7,70.0,NO_TRADE,ASIA,4672.268,4654.666,4698.672,4698.672,4654.374,STOP,0.001,1.7603,0.3465,17.603,-1.7894,-1.0166,0.418,1.349,182,0.427,4.199,0.05,0.12,0.0,clear,sweep + rejection + CHoCH + displacement,506.1738
2026-04-28 08:58:00+00:00,2026-04-28 12:13:00+00:00,XAUUSD,SHORT,TREND_CONTINUATION,STRONG_BEAR,0.934,80.0,B,LONDON,4630.134,4650.929,4598.943,4598.943,4599.069,TP2,0.001,2.0794,0.4108,20.794,3.1065,1.4939,1.503,0.248,195,0.301,6.069,0.05,0.0,0.0,clear,trend pullback + LTF BOS,509.2804
2026-04-29 02:12:00+00:00,2026-04-29 06:03:00+00:00,XAUUSD,SHORT,BREAKOUT,COMPRESSION,0.942,55.0,NO_TRADE,ASIA,4584.348,4606.898,4550.524,4550.524,4607.192,STOP,0.001,2.255,0.4428,22.55,-2.2843,-1.013,0.251,1.034,231,0.454,5.349,0.05,0.12,0.0,clear,compression -> confirmed range break + momentum,506.996
2026-05-01 05:51:00+00:00,2026-05-01 08:22:00+00:00,XAUUSD,SHORT,BREAKOUT,COMPRESSION,0.995,65.0,NO_TRADE,ASIA,4609.843,4623.316,4589.632,4589.632,4589.735,TP2,0.001,1.3474,0.2658,13.474,2.0108,1.4924,1.798,0.448,151,0.345,3.725,0.05,0.0,0.0,clear,compression -> confirmed range break + momentum,509.0068
2026-05-05 02:03:00+00:00,2026-05-05 10:03:00+00:00,XAUUSD,LONG,BREAKOUT,COMPRESSION,0.968,65.0,NO_TRADE,ASIA,4531.926,4512.634,4560.864,4560.864,4554.446,TIME,0.001,1.9292,0.379,19.292,2.252,1.1673,1.424,0.218,480,0.322,3.681,0.05,0.05,0.0,clear,compression -> confirmed range break + momentum,511.2588
2026-05-06 03:01:00+00:00,2026-05-06 06:09:00+00:00,XAUUSD,LONG,BREAKOUT,STRONG_BULL,0.93,65.0,NO_TRADE,ASIA,4628.294,4610.668,4654.735,4654.735,4654.541,TP2,0.001,1.7627,0.3448,17.627,2.6247,1.489,1.589,0.109,188,0.439,5.137,0.05,0.0,0.0,clear,compression -> confirmed range break + momentum,513.8834
2026-05-08 12:11:00+00:00,2026-05-08 14:32:00+00:00,XAUUSD,SHORT,LIQUIDITY_REVERSAL,CHOPPY,0.633,70.0,NO_TRADE,OVERLAP,4721.126,4739.179,4694.046,4694.046,4739.409,STOP,0.001,1.8053,0.3513,18.053,-1.8283,-1.0127,1.076,1.049,141,0.179,4.752,0.05,0.12,0.0,clear,sweep + rejection + CHoCH + displacement,512.0551
2026-05-11 14:50:00+00:00,2026-05-11 17:42:00+00:00,XAUUSD,LONG,BREAKOUT,EXPANSION,0.95,70.0,NO_TRADE,OVERLAP,4737.675,4712.084,4776.061,4776.061,4711.846,STOP,0.001,2.5591,0.4998,25.591,-2.5829,-1.0093,0.268,1.046,172,0.26,7.863,0.05,0.12,0.0,clear,compression -> confirmed range break + momentum,509.4723
2026-05-12 00:13:00+00:00,2026-05-12 00:52:00+00:00,XAUUSD,SHORT,LIQUIDITY_REVERSAL,BULL,0.876,70.0,NO_TRADE,ASIA,4748.249,4766.601,4720.722,4720.722,4766.897,STOP,0.001,1.8352,0.3602,18.352,-1.8648,-1.0162,0.021,1.153,39,0.331,3.672,0.05,0.12,0.0,clear,sweep + rejection + CHoCH + displacement,507.6074
2026-05-12 01:21:00+00:00,2026-05-12 01:54:00+00:00,XAUUSD,LONG,BREAKOUT,STRONG_BULL,0.988,85.0,A,ASIA,4771.967,4752.33,4801.421,4801.421,4751.993,STOP,0.001,1.9636,0.3868,19.636,-1.9973,-1.0172,0.0,1.016,33,0.403,5.168,0.05,0.12,0.0,clear,compression -> confirmed range break + momentum,505.6101
2026-05-13 18:05:00+00:00,2026-05-13 21:00:00+00:00,XAUUSD,SHORT,LIQUIDITY_REVERSAL,CHOPPY,0.564,100.0,A+,NEWYORK,4696.425,4718.321,4663.58,4663.58,4687.946,SESSION_END,0.001,2.1896,0.4331,21.896,0.8479,0.3872,0.868,0.213,175,0.241,4.76,0.05,0.05,0.0,clear,sweep + rejection + CHoCH + displacement,506.458
2026-05-14 13:50:00+00:00,2026-05-14 14:42:00+00:00,XAUUSD,SHORT,LIQUIDITY_REVERSAL,CHOPPY,0.729,100.0,A+,OVERLAP,4702.602,4723.784,4670.83,4670.83,4670.953,TP2,0.001,2.1182,0.4182,21.182,3.165,1.4942,1.729,0.227,52,0.226,5.655,0.05,0.0,0.0,clear,sweep + rejection + CHoCH + displacement,509.6229
2026-05-15 04:58:00+00:00,2026-05-15 06:18:00+00:00,XAUUSD,SHORT,TREND_CONTINUATION,STRONG_BEAR,1.0,80.0,B,ASIA,4614.573,4634.68,4584.413,4584.413,4584.629,TP2,0.001,2.0107,0.3945,20.107,2.9943,1.4892,1.512,0.343,80,0.445,5.877,0.05,0.0,0.0,clear,trend pullback + LTF BOS,512.6173
2026-05-18 01:15:00+00:00,2026-05-18 01:34:00+00:00,XAUUSD,SHORT,BREAKOUT,COMPRESSION,0.968,65.0,NO_TRADE,ASIA,4525.934,4549.388,4490.753,4490.753,4490.974,TP2,0.001,2.3454,0.4575,23.454,3.496,1.4906,1.648,0.319,19,0.422,6.834,0.05,0.0,0.0,clear,compression -> confirmed range break + momentum,516.1133
2026-05-21 02:21:00+00:00,2026-05-21 03:29:00+00:00,XAUUSD,LONG,BREAKOUT,COMPRESSION,0.968,55.0,NO_TRADE,ASIA,4558.608,4539.489,4587.286,4587.286,4539.165,STOP,0.001,1.9119,0.3704,19.119,-1.9443,-1.0169,0.634,1.001,68,0.406,5.457,0.05,0.12,0.0,clear,compression -> confirmed range break + momentum,514.169
2026-05-25 15:55:00+00:00,2026-05-25 23:00:00+00:00,XAUUSD,SHORT,LIQUIDITY_REVERSAL,CHOPPY,0.63,80.0,B,OVERLAP,4565.581,4579.433,4544.802,4544.802,4572.082,SESSION_END,0.001,1.3853,0.2694,13.853,-0.6501,-0.4693,0.182,0.885,214,0.168,3.067,0.05,0.05,0.0,clear,sweep + rejection + CHoCH + displacement,513.5189
2026-05-26 00:16:00+00:00,2026-05-26 00:31:00+00:00,XAUUSD,LONG,BREAKOUT,COMPRESSION,0.974,80.0,B,ASIA,4578.962,4565.167,4599.653,4599.653,4564.864,STOP,0.001,1.3794,0.2686,13.794,-1.4097,-1.022,0.092,1.082,15,0.333,2.717,0.05,0.12,0.0,clear,compression -> confirmed range break + momentum,512.1092
2026-05-26 00:38:00+00:00,2026-05-26 05:37:00+00:00,XAUUSD,SHORT,BREAKOUT,COMPRESSION,0.974,50.0,NO_TRADE,ASIA,4560.78,4583.172,4527.192,4527.192,4527.381,TP2,0.001,2.2392,0.4373,22.392,3.34,1.4916,1.57,0.09,299,0.389,3.573,0.05,0.0,0.0,clear,compression -> confirmed range break + momentum,515.4492
2026-05-28 02:10:00+00:00,2026-05-28 02:25:00+00:00,XAUUSD,LONG,LIQUIDITY_REVERSAL,CHOPPY,0.742,55.0,NO_TRADE,ASIA,4444.62,4426.405,4471.943,4471.943,4426.046,STOP,0.001,1.8215,0.3534,18.215,-1.8574,-1.0197,0.079,1.174,15,0.444,5.34,0.05,0.12,0.0,clear,sweep + rejection + CHoCH + displacement,513.5918
2026-05-28 04:01:00+00:00,2026-05-28 12:01:00+00:00,XAUUSD,SHORT,BREAKOUT,BEAR,0.952,80.0,B,ASIA,4394.914,4417.246,4361.416,4361.416,4384.207,TIME,0.001,2.2332,0.4348,22.332,1.0707,0.4795,1.293,0.396,480,0.507,6.527,0.05,0.05,0.0,clear,compression -> confirmed range break + momentum,514.6625
2026-05-29 00:46:00+00:00,2026-05-29 02:01:00+00:00,XAUUSD,SHORT,BREAKOUT,COMPRESSION,0.9,80.0,B,ASIA,4489.253,4503.08,4468.513,4468.513,4503.365,STOP,0.001,1.3827,0.2687,13.827,-1.4112,-1.0206,0.017,1.018,75,0.283,2.743,0.05,0.12,0.0,clear,compression -> confirmed range break + momentum,513.2513
2026-05-29 06:39:00+00:00,2026-05-29 10:13:00+00:00,XAUUSD,SHORT,LIQUIDITY_REVERSAL,BULL,0.581,80.0,B,ASIA,4503.083,4528.745,4464.591,4464.591,4528.968,STOP,0.001,2.5662,0.5,25.662,-2.5885,-1.0087,0.025,1.056,214,0.323,3.312,0.05,0.12,0.0,clear,sweep + rejection + CHoCH + displacement,510.6628
2026-05-29 10:18:00+00:00,2026-05-29 15:53:00+00:00,XAUUSD,LONG,BREAKOUT,BULL,0.995,70.0,NO_TRADE,LONDON,4529.151,4505.189,4565.094,4565.094,4564.966,TP2,0.001,2.3962,0.4692,23.962,3.5815,1.4947,1.658,0.694,335,0.212,4.649,0.05,0.0,0.0,clear,compression -> confirmed range break + momentum,514.2443
2026-06-02 01:11:00+00:00,2026-06-02 04:31:00+00:00,XAUUSD,SHORT,BREAKOUT,COMPRESSION,1.0,80.0,B,ASIA,4477.901,4497.581,4448.382,4448.382,4497.92,STOP,0.001,1.968,0.3827,19.68,-2.0019,-1.0172,0.775,1.032,200,0.328,3.392,0.05,0.12,0.0,clear,compression -> confirmed range break + momentum,512.2424
2026-06-03 19:42:00+00:00,2026-06-03 21:00:00+00:00,XAUUSD,LONG,LIQUIDITY_REVERSAL,BEAR,0.949,85.0,A,NEWYORK,4440.051,4424.695,4463.083,4463.083,4444.179,SESSION_END,0.001,1.5355,0.2998,15.355,0.4129,0.2689,0.778,0.049,78,0.211,3.583,0.05,0.05,0.0,clear,sweep + rejection + CHoCH + displacement,512.6553
2026-06-04 02:31:00+00:00,2026-06-04 10:31:00+00:00,XAUUSD,LONG,BREAKOUT,EXPANSION,0.924,50.0,NO_TRADE,ASIA,4468.307,4446.943,4500.353,4500.353,4462.559,TIME,0.001,2.1364,0.4167,21.364,-0.5748,-0.2691,0.727,0.61,480,0.465,6.229,0.05,0.05,0.0,clear,compression -> confirmed range break + momentum,512.0805
2026-06-04 12:26:00+00:00,2026-06-04 14:45:00+00:00,XAUUSD,LONG,BREAKOUT,COMPRESSION,0.968,65.0,NO_TRADE,OVERLAP,4481.71,4459.453,4515.095,4515.095,4514.977,TP2,0.001,2.2257,0.4346,22.257,3.3267,1.4947,1.504,0.0,139,0.19,4.499,0.05,0.0,0.0,clear,compression -> confirmed range break + momentum,515.4072
2026-06-05 00:01:00+00:00,2026-06-05 01:12:00+00:00,XAUUSD,SHORT,BREAKOUT,COMPRESSION,0.979,65.0,NO_TRADE,ASIA,4470.426,4480.275,4455.653,4455.653,4455.83,TP2,0.002,1.9698,0.3822,9.849,2.9192,1.482,1.663,0.354,71,0.303,2.853,0.05,0.0,0.0,clear,compression -> confirmed range break + momentum,518.3264
2026-06-05 02:47:00+00:00,2026-06-05 10:47:00+00:00,XAUUSD,SHORT,BREAKOUT,BEAR,0.839,65.0,NO_TRADE,ASIA,4447.833,4470.874,4413.272,4413.272,4468.177,TIME,0.001,2.3041,0.4445,23.041,-2.0344,-0.8829,0.846,0.93,480,0.484,6.319,0.05,0.05,0.0,clear,compression -> confirmed range break + momentum,516.292
2026-06-09 00:31:00+00:00,2026-06-09 02:29:00+00:00,XAUUSD,SHORT,BREAKOUT,COMPRESSION,0.984,95.0,A+,ASIA,4320.295,4337.702,4294.184,4294.184,4337.993,STOP,0.001,1.7407,0.3372,17.407,-1.7698,-1.0167,0.442,1.007,118,0.28,2.724,0.05,0.12,0.0,clear,compression -> confirmed range break + momentum,514.5222
2026-06-09 02:37:00+00:00,2026-06-09 10:37:00+00:00,XAUUSD,LONG,BREAKOUT,COMPRESSION,0.984,55.0,NO_TRADE,ASIA,4337.513,4313.354,4373.751,4373.751,4329.54,TIME,0.001,2.4159,0.4695,24.159,-0.7973,-0.33,0.561,0.689,480,0.356,5.377,0.05,0.05,0.0,clear,compression -> confirmed range break + momentum,513.7249
2026-06-15 03:07:00+00:00,2026-06-15 11:07:00+00:00,XAUUSD,LONG,BREAKOUT,STRONG_BULL,0.962,85.0,A,ASIA,4323.212,4298.933,4359.63,4359.63,4337.921,TIME,0.001,2.4279,0.4726,24.279,1.4709,0.6058,0.909,0.929,480,0.394,6.938,0.05,0.05,0.0,clear,compression -> confirmed range break + momentum,515.1958
2026-06-15 12:42:00+00:00,2026-06-15 12:46:00+00:00,XAUUSD,LONG,BREAKOUT,STRONG_BULL,0.975,65.0,NO_TRADE,OVERLAP,4345.515,4332.402,4365.184,4365.184,4332.198,STOP,0.001,1.3113,0.2545,13.113,-1.3317,-1.0156,0.0,1.057,4,0.16,3.86,0.05,0.12,0.0,clear,compression -> confirmed range break + momentum,513.8641
2026-06-15 14:21:00+00:00,2026-06-15 18:01:00+00:00,XAUUSD,LONG,BREAKOUT,COMPRESSION,0.995,80.0,B,OVERLAP,4352.551,4334.069,4380.273,4380.273,4333.833,STOP,0.001,1.8482,0.3597,18.482,-1.8718,-1.0128,0.916,1.01,220,0.192,5.305,0.05,0.12,0.0,clear,compression -> confirmed range break + momentum,511.9924
2026-06-16 04:41:00+00:00,2026-06-16 12:41:00+00:00,XAUUSD,LONG,BREAKOUT,COMPRESSION,0.968,85.0,A,ASIA,4327.234,4305.794,4359.394,4359.394,4338.246,TIME,0.001,2.144,0.4188,21.44,1.1012,0.5136,1.032,0.659,480,0.358,4.065,0.05,0.05,0.0,clear,compression -> confirmed range break + momentum,513.0935
2026-06-16 13:11:00+00:00,2026-06-16 15:19:00+00:00,XAUUSD,LONG,LIQUIDITY_REVERSAL,LIQUIDITY_REVERSAL,0.8,95.0,A+,OVERLAP,4344.36,4323.144,4376.183,4376.183,4322.91,STOP,0.001,2.1216,0.4135,21.216,-2.145,-1.0111,0.497,1.041,128,0.189,3.801,0.05,0.12,0.0,clear,sweep + rejection + CHoCH + displacement,510.9485
2026-06-17 00:46:00+00:00,2026-06-17 02:05:00+00:00,XAUUSD,SHORT,LIQUIDITY_REVERSAL,CHOPPY,0.568,80.0,B,ASIA,4332.041,4344.165,4313.856,4313.856,4344.471,STOP,0.002,2.4247,0.4745,12.123,-2.4859,-1.0253,0.297,1.116,79,0.293,2.192,0.05,0.12,0.0,clear,sweep + rejection + CHoCH + displacement,508.4626
2026-06-19 00:16:00+00:00,2026-06-19 03:15:00+00:00,XAUUSD,SHORT,BREAKOUT,STRONG_BEAR,0.928,95.0,A+,ASIA,4197.916,4211.941,4176.879,4176.879,4177.051,TP2,0.001,1.4025,0.2758,14.025,2.0865,1.4877,1.595,0.069,179,0.338,4.126,0.05,0.0,0.0,clear,compression -> confirmed range break + momentum,510.5491
2026-06-19 03:21:00+00:00,2026-06-19 05:04:00+00:00,XAUUSD,SHORT,BREAKOUT,STRONG_BEAR,1.0,80.0,B,ASIA,4176.821,4199.071,4143.447,4143.447,4143.638,TP2,0.001,2.2249,0.4358,22.249,3.3183,1.4914,1.524,0.306,103,0.347,4.305,0.05,0.0,0.0,clear,compression -> confirmed range break + momentum,513.8674
2026-06-22 11:16:00+00:00,2026-06-22 13:55:00+00:00,XAUUSD,LONG,BREAKOUT,COMPRESSION,0.953,65.0,NO_TRADE,LONDON,4210.808,4196.492,4232.283,4232.283,4196.277,STOP,0.001,1.4316,0.2786,14.316,-1.4531,-1.015,0.293,1.042,159,0.207,4.214,0.05,0.12,0.0,clear,compression -> confirmed range break + momentum,512.4143
2026-06-22 14:31:00+00:00,2026-06-22 15:08:00+00:00,XAUUSD,SHORT,BREAKOUT,COMPRESSION,0.937,85.0,A,OVERLAP,4185.814,4207.328,4153.543,4153.543,4207.564,STOP,0.001,2.1514,0.4199,21.514,-2.175,-1.011,0.143,1.154,37,0.201,4.71,0.05,0.12,0.0,clear,compression -> confirmed range break + momentum,510.2393
2026-06-23 02:09:00+00:00,2026-06-23 02:42:00+00:00,XAUUSD,SHORT,LIQUIDITY_REVERSAL,CHOPPY,0.754,95.0,A+,ASIA,4190.562,4212.472,4157.697,4157.697,4157.939,TP2,0.001,2.191,0.4294,21.91,3.2623,1.489,1.591,0.0,33,0.386,4.244,0.05,0.0,0.0,clear,sweep + rejection + CHoCH + displacement,513.5016
2026-06-23 04:09:00+00:00,2026-06-23 08:44:00+00:00,XAUUSD,SHORT,BREAKOUT,BEAR,0.852,65.0,NO_TRADE,ASIA,4141.361,4166.524,4103.617,4103.617,4103.754,TP2,0.001,2.5163,0.49,25.163,3.7607,1.4945,1.502,0.216,275,0.487,6.269,0.05,0.0,0.0,clear,compression -> confirmed range break + momentum,517.2623
2026-06-26 00:51:00+00:00,2026-06-26 03:53:00+00:00,XAUUSD,SHORT,BREAKOUT,COMPRESSION,0.947,80.0,B,ASIA,4017.393,4036.799,3988.284,3988.284,3988.478,TP2,0.001,1.9406,0.3752,19.406,2.8916,1.49,1.64,0.615,182,0.324,4.566,0.05,0.0,0.0,clear,compression -> confirmed range break + momentum,520.1538
2026-06-30 01:19:00+00:00,2026-06-30 02:06:00+00:00,XAUUSD,SHORT,BREAKOUT,COMPRESSION,1.0,65.0,NO_TRADE,ASIA,4004.908,4028.666,3969.27,3969.27,3969.485,TP2,0.001,2.3758,0.4568,23.758,3.5423,1.491,1.729,0.168,47,0.355,4.112,0.05,0.0,0.0,clear,compression -> confirmed range break + momentum,523.6961
