ts_open,ts_close,symbol,direction,strategy,regime,regime_conf,setup_score,grade,session,entry,stop,tp1,tp2,exit,exit_reason,lots,risk_money,risk_percent,r_distance,pnl,r_multiple,mfe_r,mae_r,bars_held,spread,atr,entry_slippage,exit_slippage,commission,news_status,entry_reason,equity_after
2019-06-25 17:41:00+00:00,2019-06-25 21:00:00+00:00,XAUUSD,SHORT,LIQUIDITY_REVERSAL,LIQUIDITY_REVERSAL,1.0,85.0,A,NEWYORK,1424.8,1443.388,1406.211,1406.211,1423.627,SESSION_END,0.001,1.8589,0.3718,18.589,0.1173,0.0631,0.699,0.079,199,0.331,1.945,0.05,0.05,0.0,clear,sweep + rejection + CHoCH + displacement,500.1173
2019-07-03 13:22:00+00:00,2019-07-03 21:00:00+00:00,XAUUSD,LONG,LIQUIDITY_REVERSAL,LIQUIDITY_REVERSAL,0.7,90.0,A+,OVERLAP,1419.511,1406.964,1432.058,1432.058,1417.145,SESSION_END,0.001,1.2547,0.2509,12.547,-0.2366,-0.1886,0.188,0.601,457,0.266,1.794,0.05,0.05,0.0,clear,sweep + rejection + CHoCH + displacement,499.7634
2019-07-19 15:13:00+00:00,2019-07-19 18:00:00+00:00,XAUUSD,SHORT,LIQUIDITY_REVERSAL,LIQUIDITY_REVERSAL,0.7,85.0,A,OVERLAP,1434.622,1453.346,1415.898,1415.898,1425.869,SESSION_END,0.001,1.8724,0.3747,18.724,0.8753,0.4675,0.617,0.126,167,0.312,2.005,0.05,0.05,0.0,clear,sweep + rejection + CHoCH + displacement,500.6387
2019-08-02 15:13:00+00:00,2019-08-02 18:00:00+00:00,XAUUSD,LONG,BREAKOUT,BULL,0.84,70.0,NO_TRADE,OVERLAP,1443.55,1428.609,1458.49,1458.49,1447.268,SESSION_END,0.001,1.494,0.2984,14.94,0.3718,0.2489,0.294,0.179,167,0.344,2.69,0.05,0.05,0.0,clear,compression -> confirmed range break + momentum,501.0106
2019-08-08 13:37:00+00:00,2019-08-08 19:03:00+00:00,XAUUSD,SHORT,BREAKOUT,COMPRESSION,1.0,50.0,NO_TRADE,OVERLAP,1493.87,1504.126,1483.614,1483.614,1504.373,STOP,0.002,2.0512,0.4094,10.256,-2.1006,-1.0241,0.382,1.098,326,0.195,1.362,0.05,0.12,0.0,clear,compression -> confirmed range break + momentum,498.91
2019-08-14 20:06:00+00:00,2019-08-14 21:00:00+00:00,XAUUSD,SHORT,LIQUIDITY_REVERSAL,LIQUIDITY_REVERSAL,0.7,85.0,A,NEWYORK,1513.707,1532.77,1494.644,1494.644,1515.058,SESSION_END,0.001,1.9063,0.3821,19.063,-0.1351,-0.0709,0.016,0.233,54,0.296,2.035,0.05,0.05,0.0,clear,sweep + rejection + CHoCH + displacement,498.7749
2019-08-19 12:32:00+00:00,2019-08-19 20:32:00+00:00,XAUUSD,SHORT,BREAKOUT,STRONG_BEAR,0.952,85.0,A,OVERLAP,1495.973,1506.993,1484.954,1484.954,1494.938,TIME,0.002,2.2039,0.4419,11.02,0.2071,0.094,0.254,0.669,480,0.209,1.22,0.05,0.05,0.0,clear,compression -> confirmed range break + momentum,498.982
2019-09-26 13:41:00+00:00,2019-09-26 21:00:00+00:00,XAUUSD,LONG,LIQUIDITY_REVERSAL,LIQUIDITY_REVERSAL,0.8,85.0,A,OVERLAP,1505.798,1490.889,1520.708,1520.708,1503.707,SESSION_END,0.001,1.491,0.2988,14.91,-0.2091,-0.1402,0.432,0.273,439,0.326,1.607,0.05,0.05,0.0,clear,sweep + rejection + CHoCH + displacement,498.7729
2019-11-08 15:03:00+00:00,2019-11-08 18:00:00+00:00,XAUUSD,LONG,LIQUIDITY_REVERSAL,LIQUIDITY_REVERSAL,1.0,75.0,B,OVERLAP,1464.7,1448.326,1481.073,1481.073,1461.952,SESSION_END,0.001,1.6373,0.3283,16.373,-0.2748,-0.1678,0.213,0.257,177,0.323,1.95,0.05,0.05,0.0,clear,sweep + rejection + CHoCH + displacement,498.4981
2019-12-13 15:07:00+00:00,2019-12-13 18:00:00+00:00,XAUUSD,SHORT,LIQUIDITY_REVERSAL,CHOPPY,0.562,85.0,A,OVERLAP,1466.39,1485.484,1447.297,1447.297,1474.849,SESSION_END,0.001,1.9094,0.383,19.094,-0.8458,-0.443,0.003,0.6,173,0.389,1.987,0.05,0.05,0.0,clear,sweep + rejection + CHoCH + displacement,497.6523
2020-02-24 14:36:00+00:00,2020-02-24 19:29:00+00:00,XAUUSD,SHORT,LIQUIDITY_REVERSAL,LIQUIDITY_REVERSAL,0.7,85.0,A,OVERLAP,1676.823,1696.513,1657.133,1657.133,1657.264,TP2,0.001,1.969,0.3938,19.69,1.9559,0.9933,1.091,0.135,293,0.325,2.704,0.05,0.0,0.0,clear,sweep + rejection + CHoCH + displacement,501.9559
2020-02-25 16:24:00+00:00,2020-02-25 20:59:00+00:00,XAUUSD,SHORT,LIQUIDITY_REVERSAL,LIQUIDITY_REVERSAL,0.8,85.0,A,NEWYORK,1650.196,1672.105,1628.287,1628.287,1628.435,TP2,0.001,2.1909,0.4365,21.909,2.1762,0.9933,1.155,0.152,275,0.277,2.673,0.05,0.0,0.0,clear,sweep + rejection + CHoCH + displacement,504.132
2020-03-09 19:37:00+00:00,2020-03-09 22:00:00+00:00,XAUUSD,SHORT,LIQUIDITY_REVERSAL,LIQUIDITY_REVERSAL,1.0,80.0,B,NEWYORK,1673.829,1694.529,1653.129,1653.129,1679.598,SESSION_END,0.001,2.07,0.4106,20.7,-0.5769,-0.2787,0.087,0.308,83,0.212,2.954,0.05,0.05,0.0,clear,sweep + rejection + CHoCH + displacement,503.5551
2020-03-10 06:01:00+00:00,2020-03-10 14:01:00+00:00,XAUUSD,SHORT,BREAKOUT,BEAR,0.959,80.0,B,ASIA,1649.938,1668.848,1631.028,1631.028,1654.852,TIME,0.001,1.891,0.3755,18.91,-0.4914,-0.2599,0.0,0.926,480,0.319,2.317,0.05,0.05,0.0,clear,compression -> confirmed range break + momentum,503.0637
2020-03-13 08:13:00+00:00,2020-03-13 15:35:00+00:00,XAUUSD,SHORT,LIQUIDITY_REVERSAL,LIQUIDITY_REVERSAL,0.8,100.0,A+,LONDON,1585.001,1609.917,1560.085,1560.085,1560.211,TP2,0.001,2.4916,0.4953,24.916,2.479,0.9949,1.047,0.515,442,0.228,3.456,0.05,0.0,0.0,clear,sweep + rejection + CHoCH + displacement,505.5427
2020-03-18 05:48:00+00:00,2020-03-18 06:41:00+00:00,XAUUSD,SHORT,BREAKOUT,COMPRESSION,0.989,65.0,NO_TRADE,ASIA,1520.769,1534.993,1506.544,1506.544,1506.741,TP2,0.001,1.4224,0.2814,14.224,1.4027,0.9862,1.086,0.15,53,0.293,2.04,0.05,0.0,0.0,clear,compression -> confirmed range break + momentum,506.9454
2020-03-18 19:58:00+00:00,2020-03-18 22:00:00+00:00,XAUUSD,LONG,LIQUIDITY_REVERSAL,CHOPPY,0.616,85.0,A,NEWYORK,1496.99,1474.15,1519.829,1519.829,1485.148,SESSION_END,0.001,2.284,0.4505,22.84,-1.1842,-0.5185,0.0,0.598,62,0.263,5.057,0.05,0.05,0.0,clear,sweep + rejection + CHoCH + displacement,505.7612
2020-03-20 07:31:00+00:00,2020-03-20 15:31:00+00:00,XAUUSD,LONG,BREAKOUT,EXPANSION,0.934,70.0,NO_TRADE,LONDON,1506.423,1485.648,1527.198,1527.198,1490.377,TIME,0.001,2.0775,0.4108,20.775,-1.6046,-0.7724,0.463,0.992,480,0.21,3.312,0.05,0.05,0.0,clear,compression -> confirmed range break + momentum,504.1566
2020-03-23 13:56:00+00:00,2020-03-23 16:24:00+00:00,XAUUSD,LONG,BREAKOUT,BULL,0.551,85.0,A,OVERLAP,1525.382,1503.69,1547.074,1547.074,1546.934,TP2,0.001,2.1692,0.4303,21.692,2.1552,0.9935,1.027,0.221,148,0.268,4.732,0.05,0.0,0.0,clear,compression -> confirmed range break + momentum,506.3118
2020-03-24 19:31:00+00:00,2020-03-24 22:00:00+00:00,XAUUSD,LONG,TREND_CONTINUATION,BULL,1.0,85.0,A,NEWYORK,1623.898,1604.777,1643.019,1643.019,1624.961,SESSION_END,0.001,1.9121,0.3777,19.121,0.1063,0.0556,0.314,0.46,89,0.3,5.242,0.05,0.05,0.0,clear,trend pullback + LTF BOS,506.4181
2020-03-27 13:46:00+00:00,2020-03-27 18:00:00+00:00,XAUUSD,SHORT,LIQUIDITY_REVERSAL,LIQUIDITY_REVERSAL,0.8,85.0,A,OVERLAP,1622.779,1641.059,1604.499,1604.499,1623.665,SESSION_END,0.001,1.828,0.361,18.28,-0.0886,-0.0485,0.412,0.374,254,0.251,3.866,0.05,0.05,0.0,clear,sweep + rejection + CHoCH + displacement,506.3295
2020-03-30 12:02:00+00:00,2020-03-30 13:14:00+00:00,XAUUSD,LONG,BREAKOUT,EXPANSION,0.85,80.0,B,OVERLAP,1626.992,1615.55,1638.434,1638.434,1615.333,STOP,0.002,2.2884,0.452,11.442,-2.3317,-1.0189,0.016,1.007,72,0.188,2.157,0.05,0.12,0.0,clear,compression -> confirmed range break + momentum,503.9978
2020-03-30 16:17:00+00:00,2020-03-30 21:00:00+00:00,XAUUSD,SHORT,LIQUIDITY_REVERSAL,CHOPPY,0.643,80.0,B,NEWYORK,1618.863,1630.187,1607.539,1607.539,1622.687,SESSION_END,0.002,2.2649,0.4494,11.324,-0.7648,-0.3377,0.679,0.348,283,0.23,2.054,0.05,0.05,0.0,clear,sweep + rejection + CHoCH + displacement,503.233
2020-03-31 11:26:00+00:00,2020-03-31 14:36:00+00:00,XAUUSD,SHORT,BREAKOUT,STRONG_BEAR,0.821,85.0,A,LONDON,1599.684,1611.396,1587.972,1587.972,1611.637,STOP,0.002,2.3424,0.4655,11.712,-2.3906,-1.0206,0.409,1.05,190,0.249,2.436,0.05,0.12,0.0,clear,compression -> confirmed range break + momentum,500.8424
2020-04-01 12:37:00+00:00,2020-04-01 14:21:00+00:00,XAUUSD,LONG,LIQUIDITY_REVERSAL,LIQUIDITY_REVERSAL,1.0,85.0,A,OVERLAP,1594.026,1579.457,1608.594,1608.594,1579.225,STOP,0.001,1.4568,0.2909,14.568,-1.4801,-1.016,0.047,1.085,104,0.176,1.669,0.05,0.12,0.0,clear,sweep + rejection + CHoCH + displacement,499.3623
2020-04-02 07:21:00+00:00,2020-04-02 13:14:00+00:00,XAUUSD,LONG,BREAKOUT,COMPRESSION,0.995,65.0,NO_TRADE,LONDON,1589.396,1578.346,1600.446,1600.446,1600.345,TP2,0.002,2.21,0.4426,11.05,2.1897,0.9908,1.076,0.381,353,0.197,1.618,0.05,0.0,0.0,clear,compression -> confirmed range break + momentum,501.552
2020-04-06 11:58:00+00:00,2020-04-06 14:59:00+00:00,XAUUSD,LONG,TREND_CONTINUATION,STRONG_BULL,0.942,85.0,A,LONDON,1636.698,1624.119,1649.277,1649.277,1649.153,TP2,0.001,1.2579,0.2508,12.579,1.2455,0.9901,1.03,0.103,181,0.201,1.614,0.05,0.0,0.0,clear,trend pullback + LTF BOS,502.7975
2020-04-06 19:38:00+00:00,2020-04-06 21:00:00+00:00,XAUUSD,LONG,TREND_CONTINUATION,STRONG_BULL,1.0,85.0,A,NEWYORK,1656.454,1640.613,1672.295,1672.295,1665.828,SESSION_END,0.001,1.5841,0.3151,15.841,0.9374,0.5917,0.77,0.089,82,0.292,2.872,0.05,0.05,0.0,clear,trend pullback + LTF BOS,503.7348
2020-04-08 01:36:00+00:00,2020-04-08 09:36:00+00:00,XAUUSD,SHORT,LIQUIDITY_REVERSAL,CHOPPY,0.59,80.0,B,ASIA,1643.632,1657.098,1630.166,1630.166,1650.298,TIME,0.001,1.3466,0.2673,13.466,-0.6666,-0.495,0.126,0.833,480,0.286,1.525,0.05,0.05,0.0,clear,sweep + rejection + CHoCH + displacement,503.0682
2020-04-08 10:36:00+00:00,2020-04-08 18:36:00+00:00,XAUUSD,SHORT,LIQUIDITY_REVERSAL,LIQUIDITY_REVERSAL,0.7,85.0,A,LONDON,1650.062,1660.397,1639.726,1639.726,1649.961,TIME,0.002,2.0671,0.4109,10.336,0.0201,0.0097,0.78,0.602,480,0.193,2.075,0.05,0.05,0.0,clear,sweep + rejection + CHoCH + displacement,503.0883
2020-04-13 18:02:00+00:00,2020-04-13 21:00:00+00:00,XAUUSD,LONG,BREAKOUT,STRONG_BULL,0.978,70.0,NO_TRADE,NEWYORK,1715.897,1703.581,1728.212,1728.212,1716.409,SESSION_END,0.002,2.4631,0.4896,12.316,0.1024,0.0416,0.54,0.314,178,0.257,2.699,0.05,0.05,0.0,clear,compression -> confirmed range break + momentum,503.1907
2020-04-14 09:46:00+00:00,2020-04-14 14:49:00+00:00,XAUUSD,SHORT,LIQUIDITY_REVERSAL,LIQUIDITY_REVERSAL,0.8,85.0,A,LONDON,1719.65,1736.042,1703.257,1703.257,1736.284,STOP,0.001,1.6392,0.3258,16.392,-1.6634,-1.0147,0.23,1.017,303,0.251,2.787,0.05,0.12,0.0,clear,sweep + rejection + CHoCH + displacement,501.5273
2020-04-16 07:20:00+00:00,2020-04-16 11:52:00+00:00,XAUUSD,SHORT,LIQUIDITY_REVERSAL,CHOPPY,0.602,70.0,NO_TRADE,LONDON,1718.093,1729.611,1706.576,1706.576,1729.843,STOP,0.002,2.3035,0.4593,11.518,-2.3499,-1.0201,0.0,1.035,272,0.21,1.794,0.05,0.12,0.0,clear,sweep + rejection + CHoCH + displacement,499.1774
2020-04-17 12:28:00+00:00,2020-04-17 13:40:00+00:00,XAUUSD,SHORT,TREND_CONTINUATION,STRONG_BEAR,1.0,85.0,A,OVERLAP,1683.494,1698.595,1668.393,1668.393,1698.829,STOP,0.001,1.5101,0.3025,15.101,-1.5335,-1.0155,0.017,1.018,72,0.207,2.403,0.05,0.12,0.0,clear,trend pullback + LTF BOS,497.6439
2020-04-17 15:06:00+00:00,2020-04-17 18:00:00+00:00,XAUUSD,SHORT,LIQUIDITY_REVERSAL,LIQUIDITY_REVERSAL,1.0,100.0,A+,OVERLAP,1692.944,1716.543,1669.345,1669.345,1686.151,SESSION_END,0.001,2.3599,0.4742,23.599,0.6793,0.2879,0.401,0.085,174,0.248,3.479,0.05,0.05,0.0,clear,sweep + rejection + CHoCH + displacement,498.3233
2020-04-20 14:31:00+00:00,2020-04-20 21:00:00+00:00,XAUUSD,LONG,LIQUIDITY_REVERSAL,LIQUIDITY_REVERSAL,0.7,85.0,A,OVERLAP,1686.387,1669.764,1703.009,1703.009,1695.135,SESSION_END,0.001,1.6622,0.3336,16.622,0.8749,0.5263,0.948,0.24,389,0.217,2.542,0.05,0.05,0.0,clear,sweep + rejection + CHoCH + displacement,499.1982
2020-04-24 07:32:00+00:00,2020-04-24 15:02:00+00:00,XAUUSD,LONG,BREAKOUT,COMPRESSION,0.974,80.0,B,LONDON,1728.37,1716.959,1739.78,1739.78,1716.722,STOP,0.002,2.2821,0.4572,11.411,-2.3296,-1.0208,0.687,1.023,450,0.203,1.63,0.05,0.12,0.0,clear,compression -> confirmed range break + momentum,496.8686
2020-04-29 12:16:00+00:00,2020-04-29 20:16:00+00:00,XAUUSD,LONG,LIQUIDITY_REVERSAL,LIQUIDITY_REVERSAL,0.8,75.0,B,OVERLAP,1706.497,1694.468,1718.526,1718.526,1706.032,TIME,0.002,2.4058,0.4842,12.029,-0.093,-0.0386,0.468,0.723,480,0.198,1.6,0.05,0.05,0.0,clear,sweep + rejection + CHoCH + displacement,496.7756
2020-04-30 08:59:00+00:00,2020-04-30 13:41:00+00:00,XAUUSD,SHORT,LIQUIDITY_REVERSAL,BULL,0.864,75.0,B,LONDON,1717.422,1728.531,1706.312,1706.312,1706.435,TP2,0.002,2.2218,0.4473,11.109,2.1974,0.989,1.037,0.194,282,0.233,1.588,0.05,0.0,0.0,clear,sweep + rejection + CHoCH + displacement,498.973
2020-05-04 11:06:00+00:00,2020-05-04 19:06:00+00:00,XAUUSD,LONG,BREAKOUT,STRONG_BULL,0.898,85.0,A,LONDON,1708.599,1695.326,1721.872,1721.872,1707.67,TIME,0.001,1.3273,0.266,13.273,-0.0929,-0.07,0.349,0.922,480,0.202,1.515,0.05,0.05,0.0,clear,compression -> confirmed range break + momentum,498.8801
2020-05-06 09:26:00+00:00,2020-05-06 14:06:00+00:00,XAUUSD,SHORT,LIQUIDITY_REVERSAL,LIQUIDITY_REVERSAL,1.0,85.0,A,LONDON,1702.583,1716.998,1688.168,1688.168,1688.307,TP2,0.001,1.4415,0.2889,14.415,1.4276,0.9904,1.036,0.186,280,0.25,1.531,0.05,0.0,0.0,clear,sweep + rejection + CHoCH + displacement,500.3077
2020-05-08 13:11:00+00:00,2020-05-08 18:00:00+00:00,XAUUSD,LONG,LIQUIDITY_REVERSAL,LIQUIDITY_REVERSAL,0.8,100.0,A+,OVERLAP,1722.028,1706.122,1737.933,1737.933,1709.906,SESSION_END,0.001,1.5906,0.3179,15.906,-1.2122,-0.7621,0.0,0.994,289,0.219,1.705,0.05,0.05,0.0,clear,sweep + rejection + CHoCH + displacement,499.0955
2020-06-12 13:26:00+00:00,2020-06-12 18:00:00+00:00,XAUUSD,LONG,LIQUIDITY_REVERSAL,LIQUIDITY_REVERSAL,1.0,100.0,A+,OVERLAP,1737.889,1724.125,1751.654,1751.654,1733.217,SESSION_END,0.001,1.3764,0.2758,13.764,-0.4672,-0.3394,0.368,0.544,274,0.229,1.7,0.05,0.05,0.0,clear,sweep + rejection + CHoCH + displacement,498.6283
2020-06-23 14:31:00+00:00,2020-06-23 21:00:00+00:00,XAUUSD,SHORT,LIQUIDITY_REVERSAL,BULL,0.808,75.0,B,OVERLAP,1762.946,1775.348,1750.544,1750.544,1770.502,SESSION_END,0.002,2.4804,0.4974,12.402,-1.5112,-0.6093,0.154,0.636,389,0.264,2.224,0.05,0.05,0.0,clear,sweep + rejection + CHoCH + displacement,497.1171
2020-07-22 13:11:00+00:00,2020-07-22 21:00:00+00:00,XAUUSD,SHORT,LIQUIDITY_REVERSAL,LIQUIDITY_REVERSAL,1.0,85.0,A,OVERLAP,1857.141,1872.483,1841.799,1841.799,1869.029,SESSION_END,0.001,1.5342,0.3068,15.342,-1.1888,-0.7749,0.643,0.862,469,0.268,1.828,0.05,0.05,0.0,clear,sweep + rejection + CHoCH + displacement,498.8112
2020-07-24 15:19:00+00:00,2020-07-24 18:00:00+00:00,XAUUSD,LONG,TREND_CONTINUATION,BULL,0.956,85.0,A,OVERLAP,1902.848,1888.737,1916.959,1916.959,1900.335,SESSION_END,0.001,1.4111,0.2829,14.111,-0.2513,-0.1781,0.071,0.394,161,0.266,2.493,0.05,0.05,0.0,clear,trend pullback + LTF BOS,498.5599
2020-07-29 14:43:00+00:00,2020-07-29 19:39:00+00:00,XAUUSD,SHORT,LIQUIDITY_REVERSAL,CHOPPY,0.654,80.0,B,OVERLAP,1955.493,1972.515,1938.471,1938.471,1972.769,STOP,0.001,1.7022,0.3414,17.022,-1.7276,-1.0149,0.832,1.007,296,0.189,2.116,0.05,0.12,0.0,clear,sweep + rejection + CHoCH + displacement,496.8323
2020-08-05 16:06:00+00:00,2020-08-05 21:00:00+00:00,XAUUSD,SHORT,LIQUIDITY_REVERSAL,BULL,0.611,80.0,B,NEWYORK,2047.42,2068.391,2026.45,2026.45,2038.455,SESSION_END,0.001,2.0971,0.4221,20.971,0.8966,0.4275,0.897,0.104,294,0.369,3.814,0.05,0.05,0.0,clear,sweep + rejection + CHoCH + displacement,497.7289
2020-08-13 12:11:00+00:00,2020-08-13 13:06:00+00:00,XAUUSD,LONG,BREAKOUT,COMPRESSION,1.0,65.0,NO_TRADE,OVERLAP,1937.985,1924.837,1951.132,1951.132,1924.63,STOP,0.001,1.3147,0.2641,13.147,-1.3355,-1.0158,0.0,1.14,55,0.153,2.189,0.05,0.12,0.0,clear,compression -> confirmed range break + momentum,496.3934
2020-08-14 06:48:00+00:00,2020-08-14 14:48:00+00:00,XAUUSD,SHORT,LIQUIDITY_REVERSAL,CHOPPY,0.664,80.0,B,ASIA,1950.92,1966.475,1935.364,1935.364,1949.995,TIME,0.001,1.5556,0.3134,15.556,0.0925,0.0595,0.795,0.344,480,0.317,1.7,0.05,0.05,0.0,clear,sweep + rejection + CHoCH + displacement,496.4859
2020-08-17 13:37:00+00:00,2020-08-17 14:42:00+00:00,XAUUSD,LONG,BREAKOUT,COMPRESSION,0.942,80.0,B,OVERLAP,1960.021,1948.674,1971.369,1971.369,1971.256,TP2,0.002,2.2695,0.4571,11.347,2.247,0.9901,1.067,0.26,65,0.186,1.891,0.05,0.0,0.0,clear,compression -> confirmed range break + momentum,498.7329
2020-08-17 15:06:00+00:00,2020-08-17 15:41:00+00:00,XAUUSD,LONG,BREAKOUT,STRONG_BULL,0.958,100.0,A+,OVERLAP,1974.738,1961.376,1988.101,1988.101,1987.977,TP2,0.001,1.3363,0.2679,13.363,1.3238,0.9907,1.019,0.0,35,0.241,2.868,0.05,0.0,0.0,clear,compression -> confirmed range break + momentum,500.0568
2020-08-20 13:21:00+00:00,2020-08-20 16:38:00+00:00,XAUUSD,SHORT,LIQUIDITY_REVERSAL,LIQUIDITY_REVERSAL,0.8,100.0,A+,OVERLAP,1936.272,1950.453,1922.09,1922.09,1950.727,STOP,0.001,1.4182,0.2836,14.182,-1.4455,-1.0193,0.733,1.027,197,0.213,3.084,0.05,0.12,0.0,clear,sweep + rejection + CHoCH + displacement,498.6112
2020-08-24 07:31:00+00:00,2020-08-24 08:32:00+00:00,XAUUSD,LONG,LIQUIDITY_REVERSAL,LIQUIDITY_REVERSAL,0.7,80.0,B,LONDON,1935.289,1923.822,1946.756,1946.756,1946.628,TP2,0.002,2.2934,0.46,11.467,2.2678,0.9888,1.078,0.234,61,0.208,1.777,0.05,0.0,0.0,clear,sweep + rejection + CHoCH + displacement,500.8791
2020-08-25 10:48:00+00:00,2020-08-25 18:48:00+00:00,XAUUSD,SHORT,BREAKOUT,BEAR,0.822,85.0,A,LONDON,1921.753,1933.728,1909.779,1909.779,1919.053,TIME,0.002,2.3949,0.4781,11.975,0.5401,0.2255,0.639,0.828,480,0.223,1.773,0.05,0.05,0.0,clear,compression -> confirmed range break + momentum,501.4191
2020-08-31 19:07:00+00:00,2020-08-31 21:00:00+00:00,XAUUSD,SHORT,LIQUIDITY_REVERSAL,CHOPPY,0.56,85.0,A,NEWYORK,1968.11,1980.794,1955.426,1955.426,1969.285,SESSION_END,0.001,1.2684,0.253,12.684,-0.1175,-0.0926,0.15,0.298,113,0.236,1.913,0.05,0.05,0.0,clear,sweep + rejection + CHoCH + displacement,501.3017
2020-09-09 12:23:00+00:00,2020-09-09 13:40:00+00:00,XAUUSD,LONG,LIQUIDITY_REVERSAL,LIQUIDITY_REVERSAL,0.7,75.0,B,OVERLAP,1924.102,1912.869,1935.335,1935.335,1935.221,TP2,0.002,2.2467,0.4482,11.233,2.2238,0.9898,1.03,0.209,77,0.214,1.683,0.05,0.0,0.0,clear,sweep + rejection + CHoCH + displacement,503.5255
2020-09-16 13:06:00+00:00,2020-09-16 19:52:00+00:00,XAUUSD,LONG,LIQUIDITY_REVERSAL,LIQUIDITY_REVERSAL,1.0,100.0,A+,OVERLAP,1965.917,1954.029,1977.805,1977.805,1953.631,STOP,0.002,2.3776,0.4722,11.888,-2.4574,-1.0335,0.635,1.093,406,0.219,1.326,0.05,0.12,0.0,clear,sweep + rejection + CHoCH + displacement,501.0681
2020-09-17 13:06:00+00:00,2020-09-17 21:00:00+00:00,XAUUSD,SHORT,LIQUIDITY_REVERSAL,LIQUIDITY_REVERSAL,0.7,100.0,A+,OVERLAP,1943.404,1957.503,1929.305,1929.305,1949.212,SESSION_END,0.001,1.4099,0.2814,14.099,-0.5808,-0.4119,0.756,0.429,474,0.227,1.737,0.05,0.05,0.0,clear,sweep + rejection + CHoCH + displacement,500.4874
2020-09-23 07:11:00+00:00,2020-09-23 15:11:00+00:00,XAUUSD,SHORT,BREAKOUT,STRONG_BEAR,0.969,85.0,A,LONDON,1878.898,1896.154,1861.642,1861.642,1872.04,TIME,0.001,1.7256,0.3448,17.256,0.6858,0.3974,0.489,0.925,480,0.274,2.53,0.05,0.05,0.0,clear,compression -> confirmed range break + momentum,501.1732
2020-09-24 13:41:00+00:00,2020-09-24 18:15:00+00:00,XAUUSD,SHORT,LIQUIDITY_REVERSAL,LIQUIDITY_REVERSAL,0.8,100.0,A+,OVERLAP,1854.173,1873.729,1834.617,1834.617,1873.975,STOP,0.001,1.9556,0.3902,19.556,-1.9803,-1.0126,0.172,1.017,274,0.211,2.481,0.05,0.12,0.0,clear,sweep + rejection + CHoCH + displacement,499.1929
2020-09-25 10:51:00+00:00,2020-09-25 12:05:00+00:00,XAUUSD,SHORT,BREAKOUT,COMPRESSION,0.916,100.0,A+,LONDON,1864.994,1877.26,1852.728,1852.728,1852.846,TP2,0.002,2.4532,0.4914,12.266,2.4297,0.9904,1.001,0.103,74,0.208,1.86,0.05,0.0,0.0,clear,compression -> confirmed range break + momentum,501.6226
2020-10-01 14:37:00+00:00,2020-10-01 21:00:00+00:00,XAUUSD,LONG,TREND_CONTINUATION,BULL,0.92,100.0,A+,OVERLAP,1905.775,1891.171,1920.379,1920.379,1904.528,SESSION_END,0.001,1.4604,0.2911,14.604,-0.1247,-0.0854,0.428,0.659,383,0.28,2.355,0.05,0.05,0.0,clear,trend pullback + LTF BOS,501.4979
2020-10-20 13:41:00+00:00,2020-10-20 21:00:00+00:00,XAUUSD,LONG,LIQUIDITY_REVERSAL,LIQUIDITY_REVERSAL,0.7,85.0,A,OVERLAP,1904.661,1892.711,1916.61,1916.61,1909.243,SESSION_END,0.002,2.3899,0.4765,11.949,0.9165,0.3835,0.78,0.606,439,0.245,1.514,0.05,0.05,0.0,clear,sweep + rejection + CHoCH + displacement,502.4144
2020-10-26 15:04:00+00:00,2020-10-26 22:00:00+00:00,XAUUSD,SHORT,LIQUIDITY_REVERSAL,CHOPPY,0.592,100.0,A+,OVERLAP,1899.435,1917.575,1881.294,1881.294,1902.687,SESSION_END,0.001,1.8141,0.3611,18.141,-0.3252,-0.1793,0.0,0.366,356,0.287,1.924,0.05,0.05,0.0,clear,sweep + rejection + CHoCH + displacement,502.0892
2020-11-09 15:47:00+00:00,2020-11-09 21:00:00+00:00,XAUUSD,SHORT,BREAKOUT,STRONG_BEAR,1.0,65.0,NO_TRADE,OVERLAP,1857.542,1878.245,1836.839,1836.839,1866.196,SESSION_END,0.001,2.0703,0.4123,20.703,-0.8654,-0.418,0.345,0.579,313,0.493,5.53,0.05,0.05,0.0,clear,compression -> confirmed range break + momentum,501.2238
2020-11-10 10:50:00+00:00,2020-11-10 14:29:00+00:00,XAUUSD,SHORT,BREAKOUT,STRONG_BEAR,0.878,70.0,NO_TRADE,LONDON,1870.339,1883.677,1857.0,1857.0,1883.905,STOP,0.001,1.3339,0.2661,13.339,-1.3567,-1.0171,0.225,1.002,219,0.273,2.472,0.05,0.12,0.0,clear,compression -> confirmed range break + momentum,499.8671
2020-11-12 13:36:00+00:00,2020-11-12 21:00:00+00:00,XAUUSD,LONG,LIQUIDITY_REVERSAL,LIQUIDITY_REVERSAL,0.8,85.0,A,OVERLAP,1872.452,1859.13,1885.773,1885.773,1875.361,SESSION_END,0.001,1.3322,0.2665,13.322,0.291,0.2184,0.844,0.132,444,0.227,1.64,0.05,0.05,0.0,clear,sweep + rejection + CHoCH + displacement,500.1581
2020-12-04 13:13:00+00:00,2020-12-04 15:53:00+00:00,XAUUSD,SHORT,LIQUIDITY_REVERSAL,CHOPPY,0.605,85.0,A,OVERLAP,1839.77,1850.471,1829.07,1829.07,1829.247,TP2,0.002,2.1401,0.4279,10.7,2.1047,0.9835,1.008,0.777,160,0.195,1.184,0.05,0.0,0.0,clear,sweep + rejection + CHoCH + displacement,502.2627
2020-12-08 14:01:00+00:00,2020-12-08 21:00:00+00:00,XAUUSD,SHORT,LIQUIDITY_REVERSAL,LIQUIDITY_REVERSAL,0.7,85.0,A,OVERLAP,1866.016,1883.367,1848.664,1848.664,1870.557,SESSION_END,0.001,1.7351,0.3455,17.351,-0.4541,-0.2617,0.236,0.527,419,0.325,2.542,0.05,0.05,0.0,clear,sweep + rejection + CHoCH + displacement,501.8086
2020-12-09 09:21:00+00:00,2020-12-09 14:58:00+00:00,XAUUSD,SHORT,LIQUIDITY_REVERSAL,LIQUIDITY_REVERSAL,0.7,85.0,A,LONDON,1859.883,1876.196,1843.569,1843.569,1843.727,TP2,0.001,1.6313,0.3251,16.313,1.6156,0.9903,1.058,0.254,337,0.291,1.841,0.05,0.0,0.0,clear,sweep + rejection + CHoCH + displacement,503.4242
2020-12-11 14:28:00+00:00,2020-12-11 18:00:00+00:00,XAUUSD,SHORT,LIQUIDITY_REVERSAL,LIQUIDITY_REVERSAL,0.8,100.0,A+,OVERLAP,1835.162,1854.482,1815.842,1815.842,1842.131,SESSION_END,0.001,1.932,0.3838,19.32,-0.6969,-0.3607,0.021,0.646,212,0.272,2.215,0.05,0.05,0.0,clear,sweep + rejection + CHoCH + displacement,502.7273
2020-12-21 14:37:00+00:00,2020-12-21 21:00:00+00:00,XAUUSD,LONG,LIQUIDITY_REVERSAL,LIQUIDITY_REVERSAL,0.7,100.0,A+,OVERLAP,1884.783,1863.236,1906.33,1906.33,1875.055,SESSION_END,0.001,2.1547,0.4286,21.547,-0.9727,-0.4514,0.0,0.507,383,0.406,3.651,0.05,0.05,0.0,clear,sweep + rejection + CHoCH + displacement,501.7546
2020-12-30 13:21:00+00:00,2020-12-30 19:20:00+00:00,XAUUSD,LONG,LIQUIDITY_REVERSAL,LIQUIDITY_REVERSAL,0.7,100.0,A+,OVERLAP,1880.325,1868.893,1891.756,1891.756,1891.646,TP2,0.002,2.2863,0.4557,11.432,2.2643,0.9904,1.01,0.116,359,0.219,1.283,0.05,0.0,0.0,clear,sweep + rejection + CHoCH + displacement,504.0189
2021-01-07 11:06:00+00:00,2021-01-07 19:06:00+00:00,XAUUSD,LONG,LIQUIDITY_REVERSAL,LIQUIDITY_REVERSAL,1.0,85.0,A,LONDON,1915.995,1903.074,1928.917,1928.917,1915.424,TIME,0.001,1.2921,0.2584,12.921,-0.0571,-0.0442,0.392,0.719,480,0.255,2.418,0.05,0.05,0.0,clear,sweep + rejection + CHoCH + displacement,499.9429
2021-01-12 01:06:00+00:00,2021-01-12 05:39:00+00:00,XAUUSD,SHORT,BREAKOUT,COMPRESSION,0.974,80.0,B,ASIA,1841.669,1855.468,1827.87,1827.87,1855.728,STOP,0.001,1.3799,0.276,13.799,-1.4059,-1.0188,0.025,1.051,273,0.313,1.656,0.05,0.12,0.0,clear,compression -> confirmed range break + momentum,498.537
2021-01-13 18:04:00+00:00,2021-01-13 21:00:00+00:00,XAUUSD,LONG,LIQUIDITY_REVERSAL,CHOPPY,0.669,85.0,A,NEWYORK,1857.168,1845.213,1869.123,1869.123,1847.904,SESSION_END,0.002,2.391,0.4796,11.955,-1.8527,-0.7749,0.156,0.961,176,0.232,1.408,0.05,0.05,0.0,clear,sweep + rejection + CHoCH + displacement,496.6843
2021-01-15 13:46:00+00:00,2021-01-15 18:00:00+00:00,XAUUSD,SHORT,LIQUIDITY_REVERSAL,LIQUIDITY_REVERSAL,0.7,90.0,A+,OVERLAP,1842.272,1863.846,1820.697,1820.697,1831.619,SESSION_END,0.001,2.1575,0.4344,21.575,1.0653,0.4938,0.882,0.143,254,0.247,2.181,0.05,0.05,0.0,clear,sweep + rejection + CHoCH + displacement,497.7496
2021-01-19 14:40:00+00:00,2021-01-19 21:00:00+00:00,XAUUSD,SHORT,LIQUIDITY_REVERSAL,LIQUIDITY_REVERSAL,0.7,85.0,A,OVERLAP,1836.935,1853.897,1819.974,1819.974,1840.051,SESSION_END,0.001,1.6962,0.3408,16.962,-0.3115,-0.1837,0.22,0.376,380,0.273,2.096,0.05,0.05,0.0,clear,sweep + rejection + CHoCH + displacement,497.438
2021-01-20 12:53:00+00:00,2021-01-20 13:10:00+00:00,XAUUSD,SHORT,LIQUIDITY_REVERSAL,LIQUIDITY_REVERSAL,0.7,85.0,A,OVERLAP,1846.834,1858.728,1834.94,1834.94,1835.101,TP2,0.002,2.3789,0.4782,11.894,2.3465,0.9864,1.018,0.0,17,0.236,1.456,0.05,0.0,0.0,clear,sweep + rejection + CHoCH + displacement,499.7846
2021-01-26 13:28:00+00:00,2021-01-26 21:00:00+00:00,XAUUSD,LONG,LIQUIDITY_REVERSAL,LIQUIDITY_REVERSAL,0.7,85.0,A,OVERLAP,1856.442,1844.64,1868.244,1868.244,1850.987,SESSION_END,0.002,2.3604,0.4723,11.802,-1.0911,-0.4623,0.292,0.603,452,0.229,1.436,0.05,0.05,0.0,clear,sweep + rejection + CHoCH + displacement,498.6934
2021-02-01 08:16:00+00:00,2021-02-01 16:16:00+00:00,XAUUSD,LONG,BREAKOUT,BULL,0.867,85.0,A,LONDON,1869.539,1847.271,1891.807,1891.807,1861.851,TIME,0.001,2.2268,0.4465,22.268,-0.7688,-0.3453,0.0,0.597,480,0.276,2.624,0.05,0.05,0.0,clear,compression -> confirmed range break + momentum,497.9246
2021-02-01 18:31:00+00:00,2021-02-01 21:00:00+00:00,XAUUSD,SHORT,LIQUIDITY_REVERSAL,LIQUIDITY_REVERSAL,0.8,85.0,A,NEWYORK,1860.509,1876.687,1844.332,1844.332,1859.171,SESSION_END,0.001,1.6177,0.3249,16.177,0.1338,0.0827,0.157,0.124,149,0.232,2.051,0.05,0.05,0.0,clear,sweep + rejection + CHoCH + displacement,498.0585
2021-02-09 14:41:00+00:00,2021-02-09 21:00:00+00:00,XAUUSD,SHORT,LIQUIDITY_REVERSAL,LIQUIDITY_REVERSAL,1.0,75.0,B,OVERLAP,1834.489,1857.02,1811.957,1811.957,1835.563,SESSION_END,0.001,2.2531,0.4524,22.531,-0.1074,-0.0477,0.102,0.496,379,0.333,2.487,0.05,0.05,0.0,clear,sweep + rejection + CHoCH + displacement,497.951
2021-02-10 14:26:00+00:00,2021-02-10 21:00:00+00:00,XAUUSD,SHORT,LIQUIDITY_REVERSAL,LIQUIDITY_REVERSAL,1.0,85.0,A,OVERLAP,1847.732,1863.642,1831.822,1831.822,1842.798,SESSION_END,0.001,1.591,0.3195,15.91,0.4935,0.3102,0.807,0.0,394,0.366,2.672,0.05,0.05,0.0,clear,sweep + rejection + CHoCH + displacement,498.4445
2021-02-12 14:36:00+00:00,2021-02-12 15:51:00+00:00,XAUUSD,SHORT,TREND_CONTINUATION,BEAR,0.577,85.0,A,OVERLAP,1813.591,1826.673,1800.509,1800.509,1826.954,STOP,0.001,1.3082,0.2625,13.082,-1.3363,-1.0215,0.114,1.006,75,0.268,1.853,0.05,0.12,0.0,clear,trend pullback + LTF BOS,497.1082
2021-02-17 14:17:00+00:00,2021-02-17 21:00:00+00:00,XAUUSD,LONG,LIQUIDITY_REVERSAL,BEAR,0.881,75.0,B,OVERLAP,1780.292,1764.735,1795.849,1795.849,1774.716,SESSION_END,0.001,1.5557,0.313,15.557,-0.5576,-0.3584,0.297,0.699,403,0.344,3.012,0.05,0.05,0.0,clear,sweep + rejection + CHoCH + displacement,496.5506
2021-02-18 08:46:00+00:00,2021-02-18 15:16:00+00:00,XAUUSD,LONG,LIQUIDITY_REVERSAL,LIQUIDITY_REVERSAL,0.8,75.0,B,LONDON,1786.098,1770.437,1801.76,1801.76,1770.153,STOP,0.001,1.5662,0.3154,15.662,-1.5945,-1.0181,0.215,1.014,390,0.246,1.565,0.05,0.12,0.0,clear,sweep + rejection + CHoCH + displacement,494.9561
2021-02-22 13:32:00+00:00,2021-02-22 21:00:00+00:00,XAUUSD,SHORT,LIQUIDITY_REVERSAL,BULL,0.555,85.0,A,OVERLAP,1794.916,1814.537,1775.296,1775.296,1808.892,SESSION_END,0.001,1.962,0.3964,19.62,-1.3976,-0.7123,0.068,0.898,448,0.237,1.962,0.05,0.05,0.0,clear,sweep + rejection + CHoCH + displacement,493.5585
2021-02-26 10:37:00+00:00,2021-02-26 14:33:00+00:00,XAUUSD,LONG,LIQUIDITY_REVERSAL,LIQUIDITY_REVERSAL,0.8,85.0,A,LONDON,1766.189,1754.926,1777.452,1777.452,1754.688,STOP,0.002,2.2526,0.4564,11.263,-2.3003,-1.0212,0.063,1.057,236,0.228,2.09,0.05,0.12,0.0,clear,sweep + rejection + CHoCH + displacement,491.2582
2021-03-01 12:06:00+00:00,2021-03-01 13:22:00+00:00,XAUUSD,LONG,LIQUIDITY_REVERSAL,LIQUIDITY_REVERSAL,0.7,80.0,B,OVERLAP,1745.996,1734.594,1757.397,1757.397,1734.364,STOP,0.002,2.2804,0.4642,11.402,-2.3264,-1.0202,0.128,1.098,76,0.181,1.498,0.05,0.12,0.0,clear,sweep + rejection + CHoCH + displacement,488.9318
2021-03-04 13:26:00+00:00,2021-03-04 18:50:00+00:00,XAUUSD,SHORT,LIQUIDITY_REVERSAL,LIQUIDITY_REVERSAL,0.8,100.0,A+,OVERLAP,1715.542,1735.528,1695.557,1695.557,1695.774,TP2,0.001,1.9986,0.4088,19.986,1.9768,0.9891,1.026,0.336,324,0.245,2.049,0.05,0.0,0.0,clear,sweep + rejection + CHoCH + displacement,490.9086
2021-03-05 09:07:00+00:00,2021-03-05 17:07:00+00:00,XAUUSD,LONG,LIQUIDITY_REVERSAL,BEAR,0.557,85.0,A,LONDON,1695.9,1682.802,1708.999,1708.999,1697.509,TIME,0.001,1.3098,0.2668,13.098,0.1608,0.1228,0.898,0.669,480,0.231,1.768,0.05,0.05,0.0,clear,sweep + rejection + CHoCH + displacement,491.0694
2021-03-11 18:06:00+00:00,2021-03-11 21:00:00+00:00,XAUUSD,LONG,LIQUIDITY_REVERSAL,LIQUIDITY_REVERSAL,1.0,100.0,A+,NEWYORK,1727.559,1712.159,1742.958,1742.958,1723.308,SESSION_END,0.001,1.54,0.3136,15.4,-0.425,-0.276,0.022,0.347,174,0.309,1.84,0.05,0.05,0.0,clear,sweep + rejection + CHoCH + displacement,490.6444
2021-03-19 12:43:00+00:00,2021-03-19 18:00:00+00:00,XAUUSD,SHORT,LIQUIDITY_REVERSAL,LIQUIDITY_REVERSAL,0.8,85.0,A,OVERLAP,1739.222,1751.067,1727.378,1727.378,1743.075,SESSION_END,0.002,2.3689,0.4828,11.844,-0.7705,-0.3253,0.512,0.348,317,0.232,1.694,0.05,0.05,0.0,clear,sweep + rejection + CHoCH + displacement,489.8739
2021-03-30 07:16:00+00:00,2021-03-30 08:46:00+00:00,XAUUSD,LONG,LIQUIDITY_REVERSAL,LIQUIDITY_REVERSAL,1.0,75.0,B,LONDON,1708.18,1696.021,1720.339,1720.339,1695.731,STOP,0.002,2.4318,0.4964,12.159,-2.4897,-1.0238,0.011,1.063,90,0.263,1.224,0.05,0.12,0.0,clear,sweep + rejection + CHoCH + displacement,487.3842
2021-04-05 13:26:00+00:00,2021-04-05 21:00:00+00:00,XAUUSD,LONG,LIQUIDITY_REVERSAL,LIQUIDITY_REVERSAL,1.0,100.0,A+,OVERLAP,1727.138,1713.076,1741.199,1741.199,1727.612,SESSION_END,0.001,1.4061,0.2885,14.061,0.0474,0.0337,0.449,0.343,454,0.245,1.406,0.05,0.05,0.0,clear,sweep + rejection + CHoCH + displacement,487.4316
2021-04-13 12:06:00+00:00,2021-04-13 13:42:00+00:00,XAUUSD,LONG,LIQUIDITY_REVERSAL,LIQUIDITY_REVERSAL,1.0,85.0,A,OVERLAP,1728.617,1717.969,1739.264,1739.264,1739.108,TP2,0.002,2.1295,0.4369,10.648,2.0983,0.9853,1.032,0.18,96,0.218,1.166,0.05,0.0,0.0,clear,sweep + rejection + CHoCH + displacement,489.5299
2021-05-18 14:11:00+00:00,2021-05-18 21:00:00+00:00,XAUUSD,SHORT,LIQUIDITY_REVERSAL,LIQUIDITY_REVERSAL,0.7,85.0,A,OVERLAP,1868.823,1882.731,1854.915,1854.915,1868.957,SESSION_END,0.001,1.3908,0.2841,13.908,-0.0134,-0.0096,0.411,0.169,409,0.289,1.713,0.05,0.05,0.0,clear,sweep + rejection + CHoCH + displacement,489.5165
2021-05-24 14:41:00+00:00,2021-05-24 21:00:00+00:00,XAUUSD,LONG,LIQUIDITY_REVERSAL,LIQUIDITY_REVERSAL,0.7,100.0,A+,OVERLAP,1884.531,1867.343,1901.718,1901.718,1882.757,SESSION_END,0.001,1.7188,0.3511,17.188,-0.1774,-0.1032,0.059,0.393,379,0.326,1.871,0.05,0.05,0.0,clear,sweep + rejection + CHoCH + displacement,489.339
2021-05-27 13:36:00+00:00,2021-05-27 21:00:00+00:00,XAUUSD,LONG,LIQUIDITY_REVERSAL,LIQUIDITY_REVERSAL,0.8,100.0,A+,OVERLAP,1897.308,1876.55,1918.066,1918.066,1897.153,SESSION_END,0.001,2.0758,0.4242,20.758,-0.0155,-0.0075,0.069,0.439,444,0.306,2.14,0.05,0.05,0.0,clear,sweep + rejection + CHoCH + displacement,489.3236
2021-05-28 13:36:00+00:00,2021-05-28 18:00:00+00:00,XAUUSD,LONG,LIQUIDITY_REVERSAL,LIQUIDITY_REVERSAL,0.7,85.0,A,OVERLAP,1889.821,1869.552,1910.091,1910.091,1900.861,SESSION_END,0.001,2.0269,0.4142,20.269,1.104,0.5447,0.56,0.064,264,0.326,2.078,0.05,0.05,0.0,clear,sweep + rejection + CHoCH + displacement,490.4276
2021-06-04 13:30:00+00:00,2021-06-04 13:44:00+00:00,XAUUSD,SHORT,LIQUIDITY_REVERSAL,LIQUIDITY_REVERSAL,0.7,100.0,A+,OVERLAP,1869.861,1882.005,1857.717,1857.717,1882.298,STOP,0.002,2.4288,0.4952,12.144,-2.4874,-1.0241,0.0,1.09,14,0.233,1.489,0.05,0.12,0.0,clear,sweep + rejection + CHoCH + displacement,487.9402
2021-06-22 14:09:00+00:00,2021-06-22 21:00:00+00:00,XAUUSD,LONG,LIQUIDITY_REVERSAL,LIQUIDITY_REVERSAL,0.7,75.0,B,OVERLAP,1780.459,1760.833,1800.086,1800.086,1774.5,SESSION_END,0.001,1.9626,0.4022,19.626,-0.596,-0.3037,0.13,0.362,411,0.262,1.993,0.05,0.05,0.0,clear,sweep + rejection + CHoCH + displacement,487.3442
2021-06-30 14:51:00+00:00,2021-06-30 21:00:00+00:00,XAUUSD,LONG,LIQUIDITY_REVERSAL,LIQUIDITY_REVERSAL,1.0,85.0,A,OVERLAP,1761.02,1745.626,1776.414,1776.414,1769.009,SESSION_END,0.001,1.5394,0.3159,15.394,0.7989,0.519,0.861,0.229,369,0.324,2.21,0.05,0.05,0.0,clear,sweep + rejection + CHoCH + displacement,488.1431
2021-07-01 15:16:00+00:00,2021-07-01 21:00:00+00:00,XAUUSD,SHORT,LIQUIDITY_REVERSAL,LIQUIDITY_REVERSAL,1.0,70.0,NO_TRADE,OVERLAP,1776.2,1793.531,1758.869,1758.869,1776.422,SESSION_END,0.001,1.7331,0.3466,17.331,-0.0222,-0.0128,0.461,0.079,344,0.337,2.388,0.05,0.05,0.0,clear,sweep + rejection + CHoCH + displacement,499.9778
2021-07-28 19:41:00+00:00,2021-07-28 21:00:00+00:00,XAUUSD,LONG,LIQUIDITY_REVERSAL,LIQUIDITY_REVERSAL,1.0,75.0,B,NEWYORK,1803.968,1783.238,1824.699,1824.699,1807.737,SESSION_END,0.001,2.073,0.4146,20.73,0.3769,0.1818,0.277,0.24,79,0.44,2.056,0.05,0.05,0.0,clear,sweep + rejection + CHoCH + displacement,500.3546
2021-08-26 14:17:00+00:00,2021-08-26 21:00:00+00:00,XAUUSD,LONG,LIQUIDITY_REVERSAL,LIQUIDITY_REVERSAL,0.7,85.0,A,OVERLAP,1786.203,1769.43,1802.976,1802.976,1792.016,SESSION_END,0.001,1.6773,0.3352,16.773,0.5813,0.3465,0.709,0.172,403,0.382,2.219,0.05,0.05,0.0,clear,sweep + rejection + CHoCH + displacement,500.9359
2021-09-01 15:02:00+00:00,2021-09-01 21:00:00+00:00,XAUUSD,SHORT,LIQUIDITY_REVERSAL,CHOPPY,0.551,75.0,B,OVERLAP,1811.708,1827.025,1796.392,1796.392,1814.802,SESSION_END,0.001,1.5317,0.3058,15.317,-0.3094,-0.202,0.205,0.308,358,0.354,2.055,0.05,0.05,0.0,clear,sweep + rejection + CHoCH + displacement,500.6265
2021-09-17 13:25:00+00:00,2021-09-17 14:28:00+00:00,XAUUSD,LONG,LIQUIDITY_REVERSAL,LIQUIDITY_REVERSAL,1.0,85.0,A,OVERLAP,1762.927,1749.578,1776.276,1776.276,1749.31,STOP,0.001,1.3349,0.2666,13.349,-1.3616,-1.02,0.041,1.007,63,0.259,1.529,0.05,0.12,0.0,clear,sweep + rejection + CHoCH + displacement,499.2649
2021-09-24 15:06:00+00:00,2021-09-24 18:00:00+00:00,XAUUSD,LONG,LIQUIDITY_REVERSAL,LIQUIDITY_REVERSAL,1.0,85.0,A,OVERLAP,1746.72,1729.616,1763.823,1763.823,1750.856,SESSION_END,0.001,1.7104,0.3426,17.104,0.4136,0.2418,0.423,0.194,174,0.343,2.237,0.05,0.05,0.0,clear,sweep + rejection + CHoCH + displacement,499.6785
2021-10-28 14:31:00+00:00,2021-10-28 21:00:00+00:00,XAUUSD,LONG,BREAKOUT,BULL,0.833,85.0,A,OVERLAP,1809.247,1789.678,1828.817,1828.817,1797.35,SESSION_END,0.001,1.9569,0.3916,19.569,-1.1897,-0.6079,0.056,0.871,389,0.399,2.625,0.05,0.05,0.0,clear,compression -> confirmed range break + momentum,498.4888
2021-11-08 14:32:00+00:00,2021-11-08 21:00:00+00:00,XAUUSD,LONG,TREND_CONTINUATION,BULL,0.906,85.0,A,OVERLAP,1824.286,1810.058,1838.515,1838.515,1823.671,SESSION_END,0.001,1.4229,0.2854,14.229,-0.0615,-0.0433,0.149,0.346,388,0.317,2.116,0.05,0.05,0.0,clear,trend pullback + LTF BOS,498.4273
2021-11-12 13:41:00+00:00,2021-11-12 18:00:00+00:00,XAUUSD,SHORT,LIQUIDITY_REVERSAL,LIQUIDITY_REVERSAL,0.8,85.0,A,OVERLAP,1853.284,1867.355,1839.213,1839.213,1864.439,SESSION_END,0.001,1.4071,0.2823,14.071,-1.1155,-0.7928,0.0,0.895,259,0.288,1.811,0.05,0.05,0.0,clear,sweep + rejection + CHoCH + displacement,497.3118
2021-11-23 09:35:00+00:00,2021-11-23 17:35:00+00:00,XAUUSD,SHORT,BREAKOUT,BEAR,0.888,70.0,NO_TRADE,LONDON,1796.123,1812.998,1779.248,1779.248,1784.358,TIME,0.001,1.6875,0.3393,16.875,1.1765,0.6972,0.845,0.173,480,0.31,2.059,0.05,0.05,0.0,clear,compression -> confirmed range break + momentum,498.4882
2021-11-24 14:49:00+00:00,2021-11-24 21:00:00+00:00,XAUUSD,SHORT,TREND_CONTINUATION,STRONG_BEAR,0.986,85.0,A,OVERLAP,1781.136,1798.589,1763.683,1763.683,1788.577,SESSION_END,0.001,1.7453,0.3501,17.453,-0.744,-0.4263,0.096,0.582,371,0.298,2.282,0.05,0.05,0.0,clear,trend pullback + LTF BOS,497.7442
2021-12-02 16:43:00+00:00,2021-12-02 21:00:00+00:00,XAUUSD,SHORT,TREND_CONTINUATION,BEAR,0.55,85.0,A,NEWYORK,1765.212,1785.302,1745.122,1745.122,1768.922,SESSION_END,0.001,2.009,0.4036,20.09,-0.371,-0.1847,0.169,0.201,257,0.332,2.151,0.05,0.05,0.0,clear,trend pullback + LTF BOS,497.3732
2021-12-06 15:06:00+00:00,2021-12-06 21:00:00+00:00,XAUUSD,LONG,LIQUIDITY_REVERSAL,LIQUIDITY_REVERSAL,1.0,100.0,A+,OVERLAP,1780.808,1766.803,1794.814,1794.814,1778.581,SESSION_END,0.001,1.4006,0.2816,14.006,-0.2228,-0.1591,0.291,0.254,354,0.287,1.916,0.05,0.05,0.0,clear,sweep + rejection + CHoCH + displacement,497.1504
2021-12-15 19:41:00+00:00,2021-12-15 21:00:00+00:00,XAUUSD,LONG,LIQUIDITY_REVERSAL,LIQUIDITY_REVERSAL,0.7,75.0,B,NEWYORK,1767.473,1744.333,1790.614,1790.614,1776.78,SESSION_END,0.001,2.3141,0.4655,23.141,0.9306,0.4022,0.574,0.161,79,0.59,2.745,0.05,0.05,0.0,clear,sweep + rejection + CHoCH + displacement,498.081
2022-01-07 13:44:00+00:00,2022-01-07 18:00:00+00:00,XAUUSD,SHORT,LIQUIDITY_REVERSAL,LIQUIDITY_REVERSAL,1.0,90.0,A+,OVERLAP,1787.81,1809.472,1766.148,1766.148,1795.826,SESSION_END,0.001,2.1662,0.4332,21.662,-0.8016,-0.37,0.065,0.406,256,0.376,2.334,0.05,0.05,0.0,clear,sweep + rejection + CHoCH + displacement,499.1984
2022-01-10 13:26:00+00:00,2022-01-10 21:00:00+00:00,XAUUSD,LONG,LIQUIDITY_REVERSAL,LIQUIDITY_REVERSAL,0.8,85.0,A,OVERLAP,1797.217,1782.478,1811.956,1811.956,1800.717,SESSION_END,0.001,1.4739,0.2953,14.739,0.35,0.2375,0.296,0.474,454,0.278,1.521,0.05,0.05,0.0,clear,sweep + rejection + CHoCH + displacement,499.5485
2022-01-24 13:48:00+00:00,2022-01-24 21:00:00+00:00,XAUUSD,SHORT,LIQUIDITY_REVERSAL,LIQUIDITY_REVERSAL,1.0,75.0,B,OVERLAP,1836.786,1852.939,1820.633,1820.633,1842.215,SESSION_END,0.001,1.6153,0.3234,16.153,-0.5429,-0.3361,0.447,0.384,432,0.285,1.688,0.05,0.05,0.0,clear,sweep + rejection + CHoCH + displacement,499.0056
2022-02-04 14:20:00+00:00,2022-02-04 18:00:00+00:00,XAUUSD,LONG,LIQUIDITY_REVERSAL,LIQUIDITY_REVERSAL,0.7,90.0,A+,OVERLAP,1800.808,1777.623,1823.993,1823.993,1806.125,SESSION_END,0.001,2.3185,0.4646,23.185,0.5317,0.2293,0.412,0.09,220,0.56,3.116,0.05,0.05,0.0,clear,sweep + rejection + CHoCH + displacement,499.5373
2022-02-14 14:37:00+00:00,2022-02-14 21:00:00+00:00,XAUUSD,SHORT,LIQUIDITY_REVERSAL,LIQUIDITY_REVERSAL,0.7,75.0,B,OVERLAP,1861.289,1875.135,1847.443,1847.443,1872.012,SESSION_END,0.001,1.3846,0.2772,13.846,-1.0723,-0.7744,0.088,0.919,383,0.298,2.156,0.05,0.05,0.0,clear,sweep + rejection + CHoCH + displacement,498.465
2022-02-21 12:01:00+00:00,2022-02-21 19:01:00+00:00,XAUUSD,SHORT,LIQUIDITY_REVERSAL,LIQUIDITY_REVERSAL,1.0,85.0,A,OVERLAP,1894.256,1905.514,1882.999,1882.999,1905.766,STOP,0.002,2.2515,0.4517,11.258,-2.3019,-1.0224,0.17,1.006,420,0.203,1.21,0.05,0.12,0.0,clear,sweep + rejection + CHoCH + displacement,496.163
2022-02-25 07:01:00+00:00,2022-02-25 08:16:00+00:00,XAUUSD,LONG,BREAKOUT,COMPRESSION,0.979,80.0,B,LONDON,1918.975,1910.441,1927.509,1927.509,1910.231,STOP,0.002,1.7068,0.344,8.534,-1.7488,-1.0246,0.26,1.184,75,0.154,1.348,0.05,0.12,0.0,clear,compression -> confirmed range break + momentum,494.4143
2022-03-01 10:34:00+00:00,2022-03-01 16:43:00+00:00,XAUUSD,LONG,BREAKOUT,STRONG_BULL,0.901,70.0,NO_TRADE,LONDON,1921.061,1910.181,1931.941,1931.941,1931.782,TP2,0.002,2.1759,0.4401,10.88,2.1442,0.9854,1.075,0.915,369,0.226,1.771,0.05,0.0,0.0,clear,compression -> confirmed range break + momentum,496.5585
2022-03-02 13:06:00+00:00,2022-03-02 21:00:00+00:00,XAUUSD,LONG,LIQUIDITY_REVERSAL,LIQUIDITY_REVERSAL,1.0,100.0,A+,OVERLAP,1929.441,1914.2,1944.682,1944.682,1926.263,SESSION_END,0.001,1.5241,0.3069,15.241,-0.3179,-0.2085,0.399,0.948,474,0.239,2.481,0.05,0.05,0.0,clear,sweep + rejection + CHoCH + displacement,496.2406
2022-03-03 07:22:00+00:00,2022-03-03 11:31:00+00:00,XAUUSD,SHORT,LIQUIDITY_REVERSAL,CHOPPY,0.601,80.0,B,LONDON,1925.266,1936.124,1914.407,1914.407,1936.344,STOP,0.002,2.1717,0.4376,10.858,-2.2156,-1.0202,0.157,1.027,249,0.186,1.333,0.05,0.12,0.0,clear,sweep + rejection + CHoCH + displacement,494.025
2022-03-04 15:10:00+00:00,2022-03-04 18:00:00+00:00,XAUUSD,SHORT,LIQUIDITY_REVERSAL,LIQUIDITY_REVERSAL,1.0,80.0,B,OVERLAP,1950.467,1974.494,1926.439,1926.439,1962.148,SESSION_END,0.001,2.4027,0.4864,24.027,-1.1682,-0.4862,0.0,0.631,170,0.363,3.949,0.05,0.05,0.0,clear,sweep + rejection + CHoCH + displacement,492.8569
2022-03-10 08:07:00+00:00,2022-03-10 11:09:00+00:00,XAUUSD,LONG,LIQUIDITY_REVERSAL,LIQUIDITY_REVERSAL,0.7,80.0,B,LONDON,1982.602,1960.045,2005.159,2005.159,2005.03,TP2,0.001,2.2557,0.4577,22.557,2.2428,0.9943,1.076,0.268,182,0.225,2.904,0.05,0.0,0.0,clear,sweep + rejection + CHoCH + displacement,495.0996
2022-03-14 11:27:00+00:00,2022-03-14 19:27:00+00:00,XAUUSD,SHORT,BREAKOUT,BEAR,0.938,70.0,NO_TRADE,LONDON,1957.219,1969.238,1945.201,1945.201,1952.305,TIME,0.002,2.4037,0.4855,12.018,0.9828,0.4089,0.632,0.887,480,0.257,2.623,0.05,0.05,0.0,clear,compression -> confirmed range break + momentum,496.0825
2022-03-15 12:26:00+00:00,2022-03-15 20:26:00+00:00,XAUUSD,SHORT,TREND_CONTINUATION,BEAR,0.644,100.0,A+,OVERLAP,1921.904,1940.387,1903.421,1903.421,1914.806,TIME,0.001,1.8483,0.3726,18.483,0.7098,0.384,0.809,0.487,480,0.238,2.674,0.05,0.05,0.0,clear,trend pullback + LTF BOS,496.7922
2022-03-16 18:06:00+00:00,2022-03-16 22:00:00+00:00,XAUUSD,LONG,LIQUIDITY_REVERSAL,LIQUIDITY_REVERSAL,1.0,85.0,A,NEWYORK,1912.462,1888.575,1936.349,1936.349,1927.049,SESSION_END,0.001,2.3887,0.4808,23.887,1.4587,0.6107,0.706,0.733,174,0.287,2.546,0.05,0.05,0.0,clear,sweep + rejection + CHoCH + displacement,498.251
2022-03-23 11:28:00+00:00,2022-03-23 19:28:00+00:00,XAUUSD,SHORT,LIQUIDITY_REVERSAL,LIQUIDITY_REVERSAL,0.8,100.0,A+,LONDON,1929.552,1943.598,1915.506,1915.506,1941.557,TIME,0.001,1.4046,0.2819,14.046,-1.2005,-0.8547,0.336,0.893,480,0.252,1.493,0.05,0.05,0.0,clear,sweep + rejection + CHoCH + displacement,497.0504
2022-04-06 19:40:00+00:00,2022-04-06 21:00:00+00:00,XAUUSD,SHORT,LIQUIDITY_REVERSAL,LIQUIDITY_REVERSAL,0.7,75.0,B,NEWYORK,1918.742,1938.156,1899.327,1899.327,1926.339,SESSION_END,0.001,1.9414,0.3906,19.414,-0.7598,-0.3913,0.042,0.432,80,0.433,3.49,0.05,0.05,0.0,clear,sweep + rejection + CHoCH + displacement,496.2906
2022-04-07 15:37:00+00:00,2022-04-07 21:00:00+00:00,XAUUSD,LONG,TREND_CONTINUATION,BULL,0.826,85.0,A,OVERLAP,1935.213,1920.928,1949.498,1949.498,1931.171,SESSION_END,0.001,1.4285,0.2878,14.285,-0.4042,-0.283,0.175,0.407,323,0.29,2.392,0.05,0.05,0.0,clear,trend pullback + LTF BOS,495.8864
2022-04-19 13:41:00+00:00,2022-04-19 15:38:00+00:00,XAUUSD,SHORT,LIQUIDITY_REVERSAL,LIQUIDITY_REVERSAL,1.0,85.0,A,OVERLAP,1974.835,1993.306,1956.365,1956.365,1956.551,TP2,0.001,1.8471,0.3725,18.471,1.8284,0.9899,1.162,0.0,117,0.273,1.917,0.05,0.0,0.0,clear,sweep + rejection + CHoCH + displacement,497.7149
2022-04-26 08:26:00+00:00,2022-04-26 16:26:00+00:00,XAUUSD,SHORT,BREAKOUT,COMPRESSION,0.979,85.0,A,LONDON,1897.808,1912.494,1883.122,1883.122,1901.74,TIME,0.001,1.4686,0.2951,14.686,-0.3932,-0.2678,0.15,0.906,480,0.231,1.633,0.05,0.05,0.0,clear,compression -> confirmed range break + momentum,497.3216
2022-05-02 18:57:00+00:00,2022-05-02 21:00:00+00:00,XAUUSD,LONG,LIQUIDITY_REVERSAL,BEAR,0.618,85.0,A,NEWYORK,1866.671,1853.207,1880.135,1880.135,1860.976,SESSION_END,0.001,1.3464,0.2707,13.464,-0.5695,-0.423,0.0,0.51,123,0.277,1.813,0.05,0.05,0.0,clear,sweep + rejection + CHoCH + displacement,496.7521
2022-05-06 14:51:00+00:00,2022-05-06 18:00:00+00:00,XAUUSD,LONG,LIQUIDITY_REVERSAL,LIQUIDITY_REVERSAL,1.0,85.0,A,OVERLAP,1883.497,1859.088,1907.906,1907.906,1888.218,SESSION_END,0.001,2.4409,0.4914,24.409,0.4721,0.1934,0.364,0.158,189,0.339,3.283,0.05,0.05,0.0,clear,sweep + rejection + CHoCH + displacement,497.2242
2022-05-12 11:46:00+00:00,2022-05-12 17:07:00+00:00,XAUUSD,SHORT,LIQUIDITY_REVERSAL,LIQUIDITY_REVERSAL,0.8,100.0,A+,LONDON,1846.86,1860.546,1833.174,1833.174,1833.322,TP2,0.001,1.3686,0.2752,13.686,1.3539,0.9892,1.005,0.18,321,0.286,1.973,0.05,0.0,0.0,clear,sweep + rejection + CHoCH + displacement,498.578
2022-05-18 08:09:00+00:00,2022-05-18 16:09:00+00:00,XAUUSD,LONG,LIQUIDITY_REVERSAL,LIQUIDITY_REVERSAL,0.7,85.0,A,LONDON,1813.57,1802.285,1824.856,1824.856,1815.92,TIME,0.002,2.257,0.4527,11.285,0.4698,0.2082,0.6,0.562,480,0.225,1.268,0.05,0.05,0.0,clear,sweep + rejection + CHoCH + displacement,499.0479
2022-05-26 14:44:00+00:00,2022-05-26 21:00:00+00:00,XAUUSD,SHORT,LIQUIDITY_REVERSAL,LIQUIDITY_REVERSAL,1.0,90.0,A+,OVERLAP,1843.321,1855.599,1831.043,1831.043,1852.248,SESSION_END,0.002,2.4556,0.4921,12.278,-1.7853,-0.727,0.0,0.847,376,0.263,1.787,0.05,0.05,0.0,clear,sweep + rejection + CHoCH + displacement,497.2625
2022-06-06 13:26:00+00:00,2022-06-06 21:00:00+00:00,XAUUSD,SHORT,LIQUIDITY_REVERSAL,LIQUIDITY_REVERSAL,0.7,100.0,A+,OVERLAP,1852.393,1866.383,1838.404,1838.404,1842.387,SESSION_END,0.001,1.399,0.2813,13.99,1.0007,0.7153,0.845,0.149,454,0.27,1.383,0.05,0.05,0.0,clear,sweep + rejection + CHoCH + displacement,498.2632
2022-06-14 12:21:00+00:00,2022-06-14 19:41:00+00:00,XAUUSD,SHORT,TREND_CONTINUATION,BEAR,0.913,100.0,A+,OVERLAP,1820.816,1832.777,1808.856,1808.856,1808.962,TP2,0.002,2.3921,0.4801,11.961,2.3709,0.9911,1.028,0.175,440,0.223,1.847,0.05,0.0,0.0,clear,trend pullback + LTF BOS,500.6341
2022-06-27 09:29:00+00:00,2022-06-27 15:22:00+00:00,XAUUSD,LONG,LIQUIDITY_REVERSAL,LIQUIDITY_REVERSAL,0.7,100.0,A+,LONDON,1838.515,1825.717,1851.313,1851.313,1825.463,STOP,0.001,1.2798,0.2556,12.798,-1.3052,-1.0198,0.148,1.019,353,0.282,1.55,0.05,0.12,0.0,clear,sweep + rejection + CHoCH + displacement,499.3289
2022-06-28 13:01:00+00:00,2022-06-28 21:00:00+00:00,XAUUSD,LONG,LIQUIDITY_REVERSAL,LIQUIDITY_REVERSAL,1.0,75.0,B,OVERLAP,1825.506,1813.71,1837.301,1837.301,1819.007,SESSION_END,0.002,2.3591,0.4725,11.795,-1.2997,-0.5509,0.098,0.614,479,0.235,1.276,0.05,0.05,0.0,clear,sweep + rejection + CHoCH + displacement,498.0292
2022-07-08 13:37:00+00:00,2022-07-08 18:00:00+00:00,XAUUSD,SHORT,LIQUIDITY_REVERSAL,CHOPPY,0.582,90.0,A+,OVERLAP,1738.185,1757.527,1718.843,1718.843,1742.919,SESSION_END,0.001,1.9342,0.3868,19.342,-0.4734,-0.2448,0.209,0.734,263,0.326,2.303,0.05,0.05,0.0,clear,sweep + rejection + CHoCH + displacement,499.5266
2022-07-14 13:25:00+00:00,2022-07-14 21:00:00+00:00,XAUUSD,SHORT,TREND_CONTINUATION,STRONG_BEAR,0.966,85.0,A,OVERLAP,1710.019,1725.375,1694.664,1694.664,1709.727,SESSION_END,0.001,1.5356,0.3074,15.356,0.0292,0.019,0.819,0.319,455,0.298,2.245,0.05,0.05,0.0,clear,trend pullback + LTF BOS,499.5558
2022-07-15 13:36:00+00:00,2022-07-15 18:00:00+00:00,XAUUSD,LONG,LIQUIDITY_REVERSAL,LIQUIDITY_REVERSAL,1.0,75.0,B,OVERLAP,1704.667,1691.913,1717.422,1717.422,1704.831,SESSION_END,0.001,1.2754,0.2553,12.754,0.0164,0.0128,0.729,0.448,264,0.241,1.738,0.05,0.05,0.0,clear,sweep + rejection + CHoCH + displacement,499.5722
2022-08-12 15:06:00+00:00,2022-08-12 18:00:00+00:00,XAUUSD,SHORT,LIQUIDITY_REVERSAL,LIQUIDITY_REVERSAL,1.0,85.0,A,OVERLAP,1791.286,1810.547,1772.025,1772.025,1797.5,SESSION_END,0.001,1.9261,0.3856,19.261,-0.6214,-0.3226,0.05,0.374,174,0.336,2.023,0.05,0.05,0.0,clear,sweep + rejection + CHoCH + displacement,498.9508
2022-08-23 13:43:00+00:00,2022-08-23 15:05:00+00:00,XAUUSD,LONG,LIQUIDITY_REVERSAL,LIQUIDITY_REVERSAL,0.7,75.0,B,OVERLAP,1736.368,1721.46,1751.275,1751.275,1751.095,TP2,0.001,1.4908,0.2988,14.908,1.4727,0.9879,1.007,0.062,82,0.28,1.612,0.05,0.0,0.0,clear,sweep + rejection + CHoCH + displacement,500.4234
2022-09-15 14:22:00+00:00,2022-09-15 15:57:00+00:00,XAUUSD,SHORT,TREND_CONTINUATION,BEAR,1.0,80.0,B,OVERLAP,1684.361,1705.195,1663.526,1663.526,1663.731,TP2,0.001,2.0835,0.4163,20.835,2.063,0.9902,1.004,0.312,95,0.347,2.322,0.05,0.0,0.0,clear,trend pullback + LTF BOS,502.4864
2022-09-27 14:56:00+00:00,2022-09-27 21:00:00+00:00,XAUUSD,LONG,LIQUIDITY_REVERSAL,LIQUIDITY_REVERSAL,0.8,85.0,A,OVERLAP,1639.067,1626.519,1651.616,1651.616,1627.366,SESSION_END,0.002,2.5097,0.4994,12.548,-2.3403,-0.9325,0.014,0.995,364,0.259,2.198,0.05,0.05,0.0,clear,sweep + rejection + CHoCH + displacement,500.1461
2022-09-28 08:16:00+00:00,2022-09-28 13:19:00+00:00,XAUUSD,SHORT,BREAKOUT,STRONG_BEAR,0.956,85.0,A,LONDON,1617.82,1631.686,1603.954,1603.954,1631.955,STOP,0.001,1.3866,0.2772,13.866,-1.4135,-1.0194,0.224,1.032,303,0.26,1.562,0.05,0.12,0.0,clear,compression -> confirmed range break + momentum,498.7327
2022-10-04 14:22:00+00:00,2022-10-04 15:49:00+00:00,XAUUSD,SHORT,LIQUIDITY_REVERSAL,BULL,0.962,75.0,B,OVERLAP,1708.791,1722.438,1695.143,1695.143,1722.697,STOP,0.001,1.3647,0.2736,13.647,-1.3906,-1.019,0.188,1.015,87,0.247,2.018,0.05,0.12,0.0,clear,sweep + rejection + CHoCH + displacement,497.3421
2022-10-07 14:34:00+00:00,2022-10-07 18:00:00+00:00,XAUUSD,LONG,LIQUIDITY_REVERSAL,BEAR,0.79,70.0,NO_TRADE,OVERLAP,1702.2,1684.849,1719.551,1719.551,1699.213,SESSION_END,0.001,1.7351,0.3489,17.351,-0.2987,-0.1721,0.283,0.485,206,0.412,3.479,0.05,0.05,0.0,clear,sweep + rejection + CHoCH + displacement,497.0434
2022-10-10 08:46:00+00:00,2022-10-10 15:38:00+00:00,XAUUSD,SHORT,TREND_CONTINUATION,STRONG_BEAR,0.97,100.0,A+,LONDON,1683.776,1696.501,1671.051,1671.051,1671.193,TP2,0.001,1.2725,0.256,12.725,1.2583,0.9888,1.124,0.117,412,0.265,1.562,0.05,0.0,0.0,clear,trend pullback + LTF BOS,498.3017
2022-10-13 12:33:00+00:00,2022-10-13 13:30:00+00:00,XAUUSD,LONG,LIQUIDITY_REVERSAL,LIQUIDITY_REVERSAL,0.8,75.0,B,OVERLAP,1677.453,1666.677,1688.229,1688.229,1666.436,STOP,0.002,2.1552,0.4325,10.776,-2.2034,-1.0224,0.453,2.39,57,0.191,1.073,0.05,0.12,0.0,clear,sweep + rejection + CHoCH + displacement,496.0982
2022-10-14 12:56:00+00:00,2022-10-14 18:00:00+00:00,XAUUSD,SHORT,LIQUIDITY_REVERSAL,LIQUIDITY_REVERSAL,0.8,100.0,A+,OVERLAP,1654.904,1669.091,1640.717,1640.717,1644.155,SESSION_END,0.001,1.4187,0.286,14.187,1.0749,0.7576,0.961,0.631,304,0.268,1.822,0.05,0.05,0.0,clear,sweep + rejection + CHoCH + displacement,497.1731
2022-10-20 15:06:00+00:00,2022-10-20 21:00:00+00:00,XAUUSD,LONG,LIQUIDITY_REVERSAL,LIQUIDITY_REVERSAL,1.0,85.0,A,OVERLAP,1636.476,1621.48,1651.472,1651.472,1626.261,SESSION_END,0.001,1.4996,0.3016,14.996,-1.0214,-0.6812,0.598,0.795,354,0.258,1.869,0.05,0.05,0.0,clear,sweep + rejection + CHoCH + displacement,496.1517
2022-10-25 15:26:00+00:00,2022-10-25 21:00:00+00:00,XAUUSD,SHORT,LIQUIDITY_REVERSAL,LIQUIDITY_REVERSAL,0.8,75.0,B,OVERLAP,1655.516,1673.395,1637.637,1637.637,1653.762,SESSION_END,0.001,1.7879,0.3604,17.879,0.1754,0.0981,0.202,0.15,334,0.342,2.6,0.05,0.05,0.0,clear,sweep + rejection + CHoCH + displacement,496.327
2022-11-30 13:23:00+00:00,2022-11-30 15:06:00+00:00,XAUUSD,LONG,TREND_CONTINUATION,BULL,0.575,90.0,A+,OVERLAP,1763.837,1751.699,1775.975,1775.975,1751.393,STOP,0.002,2.4276,0.4891,12.138,-2.4888,-1.0252,0.058,1.031,103,0.239,1.362,0.05,0.12,0.0,clear,trend pullback + LTF BOS,493.8382
2022-12-07 15:37:00+00:00,2022-12-07 21:00:00+00:00,XAUUSD,SHORT,LIQUIDITY_REVERSAL,LIQUIDITY_REVERSAL,0.8,95.0,A+,OVERLAP,1778.46,1802.75,1754.171,1754.171,1787.981,SESSION_END,0.001,2.4289,0.4918,24.289,-0.9521,-0.392,0.096,0.49,323,0.355,2.483,0.05,0.05,0.0,clear,sweep + rejection + CHoCH + displacement,492.8861
2023-01-05 18:25:00+00:00,2023-01-05 21:00:00+00:00,XAUUSD,LONG,LIQUIDITY_REVERSAL,LIQUIDITY_REVERSAL,0.8,85.0,A,NEWYORK,1837.068,1824.007,1850.128,1850.128,1833.049,SESSION_END,0.001,1.3061,0.2612,13.061,-0.4018,-0.3077,0.02,0.405,155,0.265,1.599,0.05,0.05,0.0,clear,sweep + rejection + CHoCH + displacement,499.5982
2023-01-06 13:34:00+00:00,2023-01-06 13:55:00+00:00,XAUUSD,LONG,LIQUIDITY_REVERSAL,CHOPPY,0.617,85.0,A,OVERLAP,1839.109,1826.917,1851.302,1851.302,1851.118,TP2,0.002,2.4385,0.4881,12.193,2.4017,0.9849,1.008,0.155,21,0.223,1.366,0.05,0.0,0.0,clear,sweep + rejection + CHoCH + displacement,501.9999
2023-01-06 14:46:00+00:00,2023-01-06 15:15:00+00:00,XAUUSD,SHORT,LIQUIDITY_REVERSAL,LIQUIDITY_REVERSAL,0.8,95.0,A+,OVERLAP,1841.38,1861.508,1821.252,1821.252,1861.862,STOP,0.001,2.0128,0.401,20.128,-2.0482,-1.0176,0.02,1.008,29,0.389,3.061,0.05,0.12,0.0,clear,sweep + rejection + CHoCH + displacement,499.9517
2023-01-17 12:46:00+00:00,2023-01-17 20:46:00+00:00,XAUUSD,SHORT,LIQUIDITY_REVERSAL,LIQUIDITY_REVERSAL,0.7,75.0,B,OVERLAP,1909.339,1920.805,1897.872,1897.872,1908.866,TIME,0.002,2.2934,0.4587,11.467,0.0946,0.0412,0.494,0.628,480,0.219,1.296,0.05,0.05,0.0,clear,sweep + rejection + CHoCH + displacement,500.0463
2023-01-23 13:33:00+00:00,2023-01-23 15:05:00+00:00,XAUUSD,SHORT,LIQUIDITY_REVERSAL,LIQUIDITY_REVERSAL,1.0,85.0,A,OVERLAP,1923.618,1934.208,1913.028,1913.028,1913.203,TP2,0.002,2.118,0.4236,10.59,2.083,0.9835,1.021,0.054,92,0.214,1.236,0.05,0.0,0.0,clear,sweep + rejection + CHoCH + displacement,502.1293
2023-01-26 13:36:00+00:00,2023-01-26 16:23:00+00:00,XAUUSD,SHORT,LIQUIDITY_REVERSAL,LIQUIDITY_REVERSAL,1.0,85.0,A,OVERLAP,1933.686,1945.156,1922.216,1922.216,1922.42,TP2,0.002,2.294,0.4569,11.47,2.2532,0.9822,1.009,0.752,167,0.238,1.649,0.05,0.0,0.0,clear,sweep + rejection + CHoCH + displacement,504.3825
2023-01-27 14:01:00+00:00,2023-01-27 18:00:00+00:00,XAUUSD,SHORT,LIQUIDITY_REVERSAL,LIQUIDITY_REVERSAL,1.0,90.0,A+,OVERLAP,1929.709,1943.581,1915.838,1915.838,1929.345,SESSION_END,0.001,1.3871,0.275,13.871,0.0364,0.0263,0.95,0.173,239,0.271,1.757,0.05,0.05,0.0,clear,sweep + rejection + CHoCH + displacement,504.419
2023-02-07 12:11:00+00:00,2023-02-07 17:47:00+00:00,XAUUSD,LONG,LIQUIDITY_REVERSAL,LIQUIDITY_REVERSAL,1.0,85.0,A,OVERLAP,1870.676,1857.954,1883.397,1883.397,1883.229,TP2,0.001,1.2722,0.2522,12.722,1.2554,0.9868,1.028,0.399,336,0.241,1.694,0.05,0.0,0.0,clear,sweep + rejection + CHoCH + displacement,505.6744
2023-02-08 08:10:00+00:00,2023-02-08 16:10:00+00:00,XAUUSD,SHORT,LIQUIDITY_REVERSAL,LIQUIDITY_REVERSAL,0.7,90.0,A+,LONDON,1880.29,1896.176,1864.404,1864.404,1875.414,TIME,0.001,1.5886,0.3142,15.886,0.4876,0.307,0.717,0.36,480,0.29,1.771,0.05,0.05,0.0,clear,sweep + rejection + CHoCH + displacement,506.162
2023-02-09 14:36:00+00:00,2023-02-09 17:46:00+00:00,XAUUSD,SHORT,LIQUIDITY_REVERSAL,LIQUIDITY_REVERSAL,1.0,85.0,A,OVERLAP,1881.457,1899.916,1862.998,1862.998,1863.178,TP2,0.001,1.8459,0.3647,18.459,1.8278,0.9902,1.006,0.106,190,0.256,1.857,0.05,0.0,0.0,clear,sweep + rejection + CHoCH + displacement,507.9898
2023-02-13 14:43:00+00:00,2023-02-13 21:00:00+00:00,XAUUSD,LONG,LIQUIDITY_REVERSAL,LIQUIDITY_REVERSAL,0.7,85.0,A,OVERLAP,1858.754,1843.669,1873.839,1873.839,1853.645,SESSION_END,0.001,1.5085,0.297,15.085,-0.5108,-0.3386,0.025,0.559,377,0.257,1.814,0.05,0.05,0.0,clear,sweep + rejection + CHoCH + displacement,507.479
2023-02-28 13:51:00+00:00,2023-02-28 15:03:00+00:00,XAUUSD,LONG,LIQUIDITY_REVERSAL,LIQUIDITY_REVERSAL,1.0,85.0,A,OVERLAP,1811.852,1799.383,1824.321,1824.321,1824.202,TP2,0.002,2.4938,0.4914,12.469,2.4699,0.9904,1.037,0.004,12,0.234,1.303,0.05,0.0,0.0,clear,sweep + rejection + CHoCH + displacement,509.9489
2023-03-13 07:36:00+00:00,2023-03-13 09:33:00+00:00,XAUUSD,LONG,LIQUIDITY_REVERSAL,LIQUIDITY_REVERSAL,1.0,100.0,A+,LONDON,1876.77,1862.981,1890.559,1890.559,1890.424,TP2,0.001,1.3789,0.2704,13.789,1.3654,0.9902,1.048,0.188,117,0.25,1.686,0.05,0.0,0.0,clear,sweep + rejection + CHoCH + displacement,511.3142
2023-03-17 11:26:00+00:00,2023-03-17 13:10:00+00:00,XAUUSD,LONG,BREAKOUT,STRONG_BULL,0.912,85.0,A,LONDON,1936.446,1924.129,1948.763,1948.763,1948.634,TP2,0.002,2.4634,0.4818,12.317,2.4377,0.9896,1.06,0.216,44,0.215,1.459,0.05,0.0,0.0,clear,compression -> confirmed range break + momentum,513.752
2023-04-04 07:41:00+00:00,2023-04-04 14:44:00+00:00,XAUUSD,LONG,LIQUIDITY_REVERSAL,LIQUIDITY_REVERSAL,1.0,95.0,A+,LONDON,1981.002,1970.013,1991.992,1991.992,1991.881,TP2,0.002,2.1979,0.4278,10.989,2.1758,0.99,1.057,0.235,303,0.209,1.275,0.05,0.0,0.0,clear,sweep + rejection + CHoCH + displacement,515.9278
2023-04-05 15:07:00+00:00,2023-04-06 05:07:00+00:00,XAUUSD,SHORT,LIQUIDITY_REVERSAL,LIQUIDITY_REVERSAL,1.0,85.0,A,OVERLAP,2023.961,2044.971,2002.951,2002.951,2011.356,TIME,0.001,2.101,0.4072,21.01,1.2605,0.5999,0.764,0.143,480,0.328,2.29,0.05,0.05,0.0,clear,sweep + rejection + CHoCH + displacement,517.1883
2023-04-27 07:28:00+00:00,2023-04-27 14:00:00+00:00,XAUUSD,LONG,LIQUIDITY_REVERSAL,BULL,0.856,100.0,A+,LONDON,2001.484,1990.151,2012.816,2012.816,1985.527,STOP,0.002,2.2665,0.4382,11.332,-3.1913,-1.408,0.141,1.413,272,0.218,1.318,0.05,4.527299880981445,0.0,clear,sweep + rejection + CHoCH + displacement,513.997
2023-05-23 07:15:00+00:00,2023-05-23 17:46:00+00:00,XAUUSD,LONG,LIQUIDITY_REVERSAL,LIQUIDITY_REVERSAL,1.0,80.0,B,LONDON,1963.554,1952.751,1974.357,1974.357,1974.193,TP2,0.002,2.1606,0.4204,10.803,2.1279,0.9849,1.012,0.877,451,0.217,1.195,0.05,0.0,0.0,clear,sweep + rejection + CHoCH + displacement,516.1249
2023-06-05 13:59:00+00:00,2023-06-05 15:01:00+00:00,XAUUSD,LONG,LIQUIDITY_REVERSAL,BEAR,0.967,85.0,A,OVERLAP,1942.889,1930.279,1955.498,1955.498,1955.356,TP2,0.002,2.5219,0.4886,12.609,2.4934,0.9887,1.092,0.026,62,0.228,1.265,0.05,0.0,0.0,clear,sweep + rejection + CHoCH + displacement,518.6183
2023-07-14 13:39:00+00:00,2023-07-14 20:00:00+00:00,XAUUSD,SHORT,LIQUIDITY_REVERSAL,LIQUIDITY_REVERSAL,0.7,85.0,A,OVERLAP,1957.409,1970.887,1943.93,1943.93,1959.234,SESSION_END,0.001,1.3479,0.2696,13.479,-0.1825,-0.1354,0.485,0.233,141,0.253,1.336,0.05,0.05,0.0,clear,sweep + rejection + CHoCH + displacement,499.8175
2023-07-21 15:36:00+00:00,2023-07-21 19:00:00+00:00,XAUUSD,LONG,LIQUIDITY_REVERSAL,BEAR,0.872,85.0,A,OVERLAP,1963.176,1949.418,1976.934,1976.934,1962.661,SESSION_END,0.001,1.3758,0.2753,13.758,-0.0515,-0.0374,0.152,0.265,84,0.282,1.548,0.05,0.05,0.0,clear,sweep + rejection + CHoCH + displacement,499.766
2023-08-02 12:11:00+00:00,2023-08-02 15:14:00+00:00,XAUUSD,SHORT,LIQUIDITY_REVERSAL,LIQUIDITY_REVERSAL,0.7,90.0,A+,OVERLAP,1950.637,1961.189,1940.086,1940.086,1940.232,TP2,0.002,2.1103,0.4222,10.551,2.0811,0.9862,1.018,0.24,183,0.216,1.062,0.05,0.0,0.0,clear,sweep + rejection + CHoCH + displacement,501.8471
2023-09-06 15:06:00+00:00,2023-09-06 21:00:00+00:00,XAUUSD,SHORT,LIQUIDITY_REVERSAL,LIQUIDITY_REVERSAL,1.0,95.0,A+,OVERLAP,1921.5,1941.154,1901.847,1901.847,1917.285,SESSION_END,0.001,1.9654,0.3916,19.654,0.4215,0.2145,0.322,0.099,354,0.435,1.958,0.05,0.05,0.0,clear,sweep + rejection + CHoCH + displacement,502.2686
2023-10-03 13:36:00+00:00,2023-10-03 21:00:00+00:00,XAUUSD,SHORT,LIQUIDITY_REVERSAL,LIQUIDITY_REVERSAL,1.0,100.0,A+,OVERLAP,1824.676,1837.758,1811.594,1811.594,1824.388,SESSION_END,0.001,1.3082,0.2605,13.082,0.0288,0.022,0.423,0.652,444,0.237,1.421,0.05,0.05,0.0,clear,sweep + rejection + CHoCH + displacement,502.2974
2023-10-25 16:06:00+00:00,2023-10-25 21:00:00+00:00,XAUUSD,LONG,LIQUIDITY_REVERSAL,LIQUIDITY_REVERSAL,1.0,80.0,B,NEWYORK,1971.625,1948.338,1994.912,1994.912,1979.746,SESSION_END,0.001,2.3287,0.4636,23.287,0.8121,0.3488,0.597,0.06,294,0.52,3.159,0.05,0.05,0.0,clear,sweep + rejection + CHoCH + displacement,503.1096
2023-11-09 13:56:00+00:00,2023-11-09 21:00:00+00:00,XAUUSD,LONG,LIQUIDITY_REVERSAL,LIQUIDITY_REVERSAL,1.0,85.0,A,OVERLAP,1950.601,1935.166,1966.036,1966.036,1956.679,SESSION_END,0.001,1.5435,0.3068,15.435,0.6078,0.3938,0.965,0.137,424,0.305,1.68,0.05,0.05,0.0,clear,sweep + rejection + CHoCH + displacement,503.7174
2023-11-20 18:06:00+00:00,2023-11-20 21:00:00+00:00,XAUUSD,LONG,LIQUIDITY_REVERSAL,LIQUIDITY_REVERSAL,1.0,85.0,A,NEWYORK,1977.907,1963.675,1992.138,1992.138,1977.105,SESSION_END,0.001,1.4232,0.2825,14.232,-0.0802,-0.0564,0.066,0.164,174,0.303,1.504,0.05,0.05,0.0,clear,sweep + rejection + CHoCH + displacement,503.6372
2023-11-22 15:06:00+00:00,2023-11-22 21:00:00+00:00,XAUUSD,SHORT,LIQUIDITY_REVERSAL,LIQUIDITY_REVERSAL,1.0,85.0,A,OVERLAP,1997.215,2010.788,1983.643,1983.643,1990.187,SESSION_END,0.001,1.3572,0.2695,13.572,0.7028,0.5178,0.767,0.0,354,0.279,1.709,0.05,0.05,0.0,clear,sweep + rejection + CHoCH + displacement,504.34
2023-12-04 11:32:00+00:00,2023-12-04 13:50:00+00:00,XAUUSD,LONG,LIQUIDITY_REVERSAL,LIQUIDITY_REVERSAL,0.8,100.0,A+,LONDON,2070.533,2058.009,2083.058,2083.058,2057.773,STOP,0.002,2.5049,0.4967,12.524,-2.5522,-1.0189,0.097,1.174,138,0.257,1.954,0.05,0.12,0.0,clear,sweep + rejection + CHoCH + displacement,501.7878
2023-12-05 15:06:00+00:00,2023-12-05 21:00:00+00:00,XAUUSD,LONG,LIQUIDITY_REVERSAL,LIQUIDITY_REVERSAL,1.0,85.0,A,OVERLAP,2023.229,2002.143,2044.315,2044.315,2018.967,SESSION_END,0.001,2.1086,0.4202,21.086,-0.4262,-0.2021,0.0,0.634,354,0.288,2.899,0.05,0.05,0.0,clear,sweep + rejection + CHoCH + displacement,501.3617
2023-12-08 14:11:00+00:00,2023-12-08 18:00:00+00:00,XAUUSD,SHORT,BREAKOUT,BEAR,0.833,80.0,B,OVERLAP,2011.763,2030.607,1992.92,1992.92,1997.162,SESSION_END,0.001,1.8844,0.3758,18.844,1.4601,0.7749,0.913,0.159,229,0.423,3.131,0.05,0.05,0.0,clear,compression -> confirmed range break + momentum,502.8218
2023-12-11 08:26:00+00:00,2023-12-11 15:28:00+00:00,XAUUSD,LONG,LIQUIDITY_REVERSAL,LIQUIDITY_REVERSAL,0.7,85.0,A,LONDON,1996.922,1982.065,2011.778,2011.778,1981.804,STOP,0.001,1.4857,0.2955,14.857,-1.5117,-1.0175,0.051,1.004,422,0.273,1.464,0.05,0.12,0.0,clear,sweep + rejection + CHoCH + displacement,501.3101
2023-12-14 08:06:00+00:00,2023-12-14 16:06:00+00:00,XAUUSD,LONG,LIQUIDITY_REVERSAL,LIQUIDITY_REVERSAL,1.0,100.0,A+,LONDON,2035.255,2019.226,2051.285,2051.285,2038.799,TIME,0.001,1.603,0.3198,16.03,0.3544,0.2211,0.781,0.487,480,0.281,1.695,0.05,0.05,0.0,clear,sweep + rejection + CHoCH + displacement,501.6645
2024-01-22 14:56:00+00:00,2024-01-22 21:00:00+00:00,XAUUSD,LONG,LIQUIDITY_REVERSAL,LIQUIDITY_REVERSAL,0.8,100.0,A+,OVERLAP,2023.753,2004.433,2043.072,2043.072,2020.204,SESSION_END,0.001,1.9319,0.3864,19.319,-0.3549,-0.1837,0.139,0.243,364,0.335,2.184,0.05,0.05,0.0,clear,sweep + rejection + CHoCH + displacement,499.6451
2024-02-01 13:34:00+00:00,2024-02-01 14:30:00+00:00,XAUUSD,LONG,LIQUIDITY_REVERSAL,LIQUIDITY_REVERSAL,0.8,90.0,A+,OVERLAP,2035.569,2022.786,2048.351,2048.351,2048.199,TP2,0.001,1.2783,0.2558,12.783,1.2631,0.9881,1.024,0.0,56,0.247,1.478,0.05,0.0,0.0,clear,sweep + rejection + CHoCH + displacement,500.9081
2024-02-01 15:01:00+00:00,2024-02-01 16:43:00+00:00,XAUUSD,SHORT,LIQUIDITY_REVERSAL,LIQUIDITY_REVERSAL,0.7,75.0,B,OVERLAP,2044.361,2061.365,2027.357,2027.357,2061.7,STOP,0.001,1.7004,0.3395,17.004,-1.7339,-1.0197,0.034,1.105,102,0.328,2.327,0.05,0.12,0.0,clear,sweep + rejection + CHoCH + displacement,499.1742
2024-03-06 13:31:00+00:00,2024-03-06 14:47:00+00:00,XAUUSD,SHORT,LIQUIDITY_REVERSAL,LIQUIDITY_REVERSAL,0.7,75.0,B,OVERLAP,2132.28,2146.949,2117.611,2117.611,2147.238,STOP,0.001,1.4669,0.2939,14.669,-1.4958,-1.0197,0.0,1.005,76,0.256,1.535,0.05,0.12,0.0,clear,sweep + rejection + CHoCH + displacement,497.6784
2024-03-12 12:22:00+00:00,2024-03-12 12:41:00+00:00,XAUUSD,SHORT,BREAKOUT,EXPANSION,0.876,55.0,NO_TRADE,OVERLAP,2168.642,2181.177,2156.107,2156.107,2181.51,STOP,0.001,1.2535,0.2519,12.535,-1.2868,-1.0266,0.617,1.055,19,0.246,1.443,0.05,0.12,0.0,clear,compression -> confirmed range break + momentum,496.3916
2024-03-27 11:46:00+00:00,2024-03-27 19:46:00+00:00,XAUUSD,SHORT,LIQUIDITY_REVERSAL,LIQUIDITY_REVERSAL,1.0,85.0,A,LONDON,2190.953,2207.559,2174.347,2174.347,2191.709,TIME,0.001,1.6606,0.3345,16.606,-0.0756,-0.0455,0.453,0.251,480,0.324,1.975,0.05,0.05,0.0,clear,sweep + rejection + CHoCH + displacement,496.316
2024-04-01 10:28:00+00:00,2024-04-01 14:50:00+00:00,XAUUSD,SHORT,LIQUIDITY_REVERSAL,LIQUIDITY_REVERSAL,0.7,70.0,NO_TRADE,LONDON,2253.483,2266.094,2240.873,2240.873,2241.018,TP2,0.001,1.261,0.2541,12.61,1.2465,0.9885,1.133,0.339,262,0.203,1.302,0.05,0.0,0.0,clear,sweep + rejection + CHoCH + displacement,497.5625
2024-04-04 13:51:00+00:00,2024-04-04 19:20:00+00:00,XAUUSD,LONG,LIQUIDITY_REVERSAL,LIQUIDITY_REVERSAL,0.7,90.0,A+,OVERLAP,2287.443,2274.197,2300.689,2300.689,2300.547,TP2,0.001,1.3246,0.2662,13.246,1.3105,0.9893,1.129,0.21,329,0.256,2.265,0.05,0.0,0.0,clear,sweep + rejection + CHoCH + displacement,498.873
2024-04-05 13:39:00+00:00,2024-04-05 15:24:00+00:00,XAUUSD,SHORT,LIQUIDITY_REVERSAL,LIQUIDITY_REVERSAL,1.0,85.0,A,OVERLAP,2290.244,2305.809,2274.678,2274.678,2306.117,STOP,0.001,1.5565,0.312,15.565,-1.5873,-1.0198,0.392,1.124,105,0.283,2.87,0.05,0.12,0.0,clear,sweep + rejection + CHoCH + displacement,497.2857
2024-04-08 14:36:00+00:00,2024-04-08 21:00:00+00:00,XAUUSD,SHORT,LIQUIDITY_REVERSAL,LIQUIDITY_REVERSAL,0.8,75.0,B,OVERLAP,2330.63,2345.003,2316.257,2316.257,2338.961,SESSION_END,0.001,1.4373,0.289,14.373,-0.8331,-0.5796,0.839,0.784,384,0.27,3.821,0.05,0.05,0.0,clear,sweep + rejection + CHoCH + displacement,496.4526
2024-04-09 02:16:00+00:00,2024-04-09 10:15:00+00:00,XAUUSD,LONG,BREAKOUT,COMPRESSION,0.963,80.0,B,ASIA,2343.893,2327.764,2360.021,2360.021,2359.921,TP2,0.001,1.6128,0.3249,16.128,1.6028,0.9938,1.077,0.346,479,0.315,1.633,0.05,0.0,0.0,clear,compression -> confirmed range break + momentum,498.0554
2024-04-09 10:21:00+00:00,2024-04-09 12:36:00+00:00,XAUUSD,LONG,BREAKOUT,STRONG_BULL,1.0,85.0,A,LONDON,2362.325,2351.496,2373.155,2373.155,2351.281,STOP,0.002,2.1659,0.4349,10.829,-2.2088,-1.0198,0.264,1.017,135,0.201,1.934,0.05,0.12,0.0,clear,compression -> confirmed range break + momentum,495.8466
2024-04-10 14:18:00+00:00,2024-04-10 15:20:00+00:00,XAUUSD,SHORT,BREAKOUT,EXPANSION,0.95,80.0,B,OVERLAP,2326.851,2348.489,2305.214,2305.214,2348.865,STOP,0.001,2.1637,0.4364,21.637,-2.2014,-1.0174,0.351,1.075,62,0.468,5.374,0.05,0.12,0.0,clear,compression -> confirmed range break + momentum,493.6452
2024-04-12 08:15:00+00:00,2024-04-12 15:11:00+00:00,XAUUSD,LONG,BREAKOUT,STRONG_BULL,1.0,70.0,NO_TRADE,LONDON,2398.165,2386.74,2409.59,2409.59,2409.438,TP2,0.002,2.285,0.4629,11.425,2.2546,0.9867,1.037,0.687,416,0.239,2.257,0.05,0.0,0.0,clear,compression -> confirmed range break + momentum,495.8998
2024-04-12 15:56:00+00:00,2024-04-12 16:24:00+00:00,XAUUSD,LONG,BREAKOUT,BULL,1.0,95.0,A+,OVERLAP,2424.026,2401.724,2446.329,2446.329,2401.359,STOP,0.001,2.2303,0.4497,22.303,-2.2667,-1.0163,0.33,1.056,28,0.337,4.611,0.05,0.12,0.0,clear,compression -> confirmed range break + momentum,493.6331
2024-04-16 13:26:00+00:00,2024-04-16 16:01:00+00:00,XAUUSD,SHORT,LIQUIDITY_REVERSAL,LIQUIDITY_REVERSAL,1.0,80.0,B,OVERLAP,2369.619,2384.729,2354.509,2354.509,2385.042,STOP,0.001,1.511,0.3061,15.11,-1.5423,-1.0207,0.409,1.022,155,0.191,2.13,0.05,0.12,0.0,clear,sweep + rejection + CHoCH + displacement,492.0908
2024-04-16 20:36:00+00:00,2024-04-16 21:00:00+00:00,XAUUSD,SHORT,LIQUIDITY_REVERSAL,LIQUIDITY_REVERSAL,1.0,85.0,A,NEWYORK,2389.329,2405.223,2373.434,2373.434,2390.33,SESSION_END,0.001,1.5895,0.323,15.895,-0.1002,-0.063,0.025,0.146,24,0.273,2.928,0.05,0.05,0.0,clear,sweep + rejection + CHoCH + displacement,491.9907
2024-04-18 11:26:00+00:00,2024-04-18 15:38:00+00:00,XAUUSD,LONG,LIQUIDITY_REVERSAL,LIQUIDITY_REVERSAL,1.0,80.0,B,LONDON,2381.86,2369.483,2394.237,2394.237,2369.186,STOP,0.001,1.2377,0.2516,12.377,-1.2674,-1.024,0.87,1.001,252,0.19,1.331,0.05,0.12,0.0,clear,sweep + rejection + CHoCH + displacement,490.7232
2024-04-22 13:56:00+00:00,2024-04-22 21:00:00+00:00,XAUUSD,SHORT,BREAKOUT,STRONG_BEAR,0.975,85.0,A,OVERLAP,2336.179,2351.548,2320.81,2320.81,2329.944,SESSION_END,0.001,1.5369,0.3132,15.369,0.6234,0.4056,0.756,0.488,424,0.252,3.469,0.05,0.05,0.0,clear,compression -> confirmed range break + momentum,491.3467
2024-04-30 07:08:00+00:00,2024-04-30 13:24:00+00:00,XAUUSD,SHORT,BREAKOUT,STRONG_BEAR,0.935,80.0,B,LONDON,2319.522,2330.973,2308.07,2308.07,2308.173,TP2,0.002,2.2903,0.4661,11.452,2.2697,0.991,1.002,0.309,376,0.212,1.485,0.05,0.0,0.0,clear,compression -> confirmed range break + momentum,493.6164
2024-05-01 19:09:00+00:00,2024-05-01 19:55:00+00:00,XAUUSD,LONG,LIQUIDITY_REVERSAL,LIQUIDITY_REVERSAL,0.7,85.0,A,NEWYORK,2304.27,2280.765,2327.776,2327.776,2327.533,TP2,0.001,2.3506,0.4762,23.506,2.3263,0.9897,1.019,0.125,46,0.351,2.825,0.05,0.0,0.0,clear,sweep + rejection + CHoCH + displacement,495.9427
2024-05-06 08:31:00+00:00,2024-05-06 13:46:00+00:00,XAUUSD,LONG,TREND_CONTINUATION,STRONG_BULL,0.883,85.0,A,LONDON,2317.033,2304.269,2329.796,2329.796,2329.679,TP2,0.001,1.2763,0.2574,12.763,1.2647,0.9909,1.031,0.2,315,0.235,1.646,0.05,0.0,0.0,clear,trend pullback + LTF BOS,497.2073
2024-05-08 09:46:00+00:00,2024-05-08 17:46:00+00:00,XAUUSD,LONG,LIQUIDITY_REVERSAL,LIQUIDITY_REVERSAL,0.8,75.0,B,LONDON,2309.089,2295.846,2322.332,2322.332,2316.528,TIME,0.001,1.3243,0.2663,13.243,0.7439,0.5617,0.895,0.183,480,0.268,1.785,0.05,0.05,0.0,clear,sweep + rejection + CHoCH + displacement,497.9512
2024-05-21 03:01:00+00:00,2024-05-21 11:01:00+00:00,XAUUSD,SHORT,BREAKOUT,COMPRESSION,0.979,65.0,NO_TRADE,ASIA,2420.445,2439.08,2401.81,2401.81,2417.618,TIME,0.001,1.8635,0.3742,18.635,0.2828,0.1517,0.767,0.111,480,0.44,2.804,0.05,0.05,0.0,clear,compression -> confirmed range break + momentum,498.234
2024-05-22 13:28:00+00:00,2024-05-22 15:16:00+00:00,XAUUSD,LONG,LIQUIDITY_REVERSAL,LIQUIDITY_REVERSAL,1.0,100.0,A+,OVERLAP,2414.031,2392.879,2435.183,2435.183,2392.597,STOP,0.001,2.1152,0.4245,21.152,-2.1434,-1.0133,0.044,1.046,108,0.226,2.194,0.05,0.12,0.0,clear,sweep + rejection + CHoCH + displacement,496.0905
2024-05-23 08:15:00+00:00,2024-05-23 15:17:00+00:00,XAUUSD,SHORT,TREND_CONTINUATION,BEAR,0.636,85.0,A,LONDON,2361.996,2375.661,2348.331,2348.331,2348.519,TP2,0.001,1.3665,0.2755,13.665,1.3477,0.9862,1.125,0.564,422,0.264,2.257,0.05,0.0,0.0,clear,trend pullback + LTF BOS,497.4382
2024-05-24 02:21:00+00:00,2024-05-24 10:21:00+00:00,XAUUSD,LONG,LIQUIDITY_REVERSAL,LIQUIDITY_REVERSAL,1.0,80.0,B,ASIA,2332.549,2316.886,2348.212,2348.212,2341.321,TIME,0.001,1.5663,0.3149,15.663,0.8772,0.56,0.675,0.465,480,0.342,1.622,0.05,0.05,0.0,clear,sweep + rejection + CHoCH + displacement,498.3154
2024-06-04 16:10:00+00:00,2024-06-04 21:00:00+00:00,XAUUSD,LONG,LIQUIDITY_REVERSAL,LIQUIDITY_REVERSAL,0.8,65.0,NO_TRADE,NEWYORK,2323.375,2305.043,2341.706,2341.706,2326.477,SESSION_END,0.001,1.8332,0.3679,18.332,0.3102,0.1692,0.372,0.053,290,0.419,3.59,0.05,0.05,0.0,clear,sweep + rejection + CHoCH + displacement,498.6256
2024-06-10 07:37:00+00:00,2024-06-10 12:55:00+00:00,XAUUSD,SHORT,LIQUIDITY_REVERSAL,LIQUIDITY_REVERSAL,0.7,85.0,A,LONDON,2292.006,2303.922,2280.091,2280.091,2304.13,STOP,0.002,2.3831,0.4779,11.915,-2.4247,-1.0174,0.364,1.077,318,0.218,1.811,0.05,0.12,0.0,clear,sweep + rejection + CHoCH + displacement,496.2009
2024-06-12 13:28:00+00:00,2024-06-12 13:30:00+00:00,XAUUSD,LONG,LIQUIDITY_REVERSAL,CHOPPY,0.716,85.0,A,OVERLAP,2315.201,2304.983,2325.419,2325.419,2325.312,TP2,0.002,2.0436,0.4119,10.218,2.0222,0.9895,1.239,0.293,2,0.206,1.302,0.05,0.0,0.0,clear,sweep + rejection + CHoCH + displacement,498.2232
2024-06-14 15:11:00+00:00,2024-06-14 18:00:00+00:00,XAUUSD,LONG,TREND_CONTINUATION,BULL,0.585,85.0,A,OVERLAP,2330.604,2312.854,2348.353,2348.353,2328.663,SESSION_END,0.001,1.775,0.3563,17.75,-0.1941,-0.1093,0.268,0.375,169,0.317,2.789,0.05,0.05,0.0,clear,trend pullback + LTF BOS,498.0291
2024-07-12 13:36:00+00:00,2024-07-12 17:30:00+00:00,XAUUSD,SHORT,LIQUIDITY_REVERSAL,LIQUIDITY_REVERSAL,1.0,85.0,A,OVERLAP,2397.41,2415.444,2379.375,2379.375,2415.708,STOP,0.001,1.8034,0.3607,18.034,-1.8298,-1.0146,0.337,1.014,234,0.27,2.118,0.05,0.12,0.0,clear,sweep + rejection + CHoCH + displacement,498.1702
2024-07-18 13:46:00+00:00,2024-07-18 20:04:00+00:00,XAUUSD,SHORT,LIQUIDITY_REVERSAL,CHOPPY,0.562,85.0,A,OVERLAP,2463.646,2477.417,2449.875,2449.875,2449.99,TP2,0.001,1.3771,0.2764,13.771,1.3657,0.9917,1.095,0.445,378,0.218,1.964,0.05,0.0,0.0,clear,sweep + rejection + CHoCH + displacement,499.5359
2024-07-22 07:01:00+00:00,2024-07-22 15:01:00+00:00,XAUUSD,SHORT,LIQUIDITY_REVERSAL,LIQUIDITY_REVERSAL,1.0,85.0,A,LONDON,2401.372,2415.302,2387.442,2387.442,2391.905,TIME,0.001,1.393,0.2789,13.93,0.9467,0.6796,0.909,0.495,480,0.206,1.642,0.05,0.05,0.0,clear,sweep + rejection + CHoCH + displacement,500.4826
2024-07-22 15:31:00+00:00,2024-07-22 21:00:00+00:00,XAUUSD,SHORT,BREAKOUT,STRONG_BEAR,0.991,85.0,A,OVERLAP,2386.346,2403.46,2369.232,2369.232,2399.093,SESSION_END,0.001,1.7114,0.3419,17.114,-1.2747,-0.7448,0.154,0.798,329,0.284,2.984,0.05,0.05,0.0,clear,compression -> confirmed range break + momentum,499.2079
2024-07-24 12:43:00+00:00,2024-07-24 14:49:00+00:00,XAUUSD,LONG,LIQUIDITY_REVERSAL,CHOPPY,0.598,100.0,A+,OVERLAP,2414.717,2403.222,2426.212,2426.212,2426.075,TP2,0.002,2.299,0.4605,11.495,2.2716,0.9881,1.03,0.101,126,0.204,1.541,0.05,0.0,0.0,clear,sweep + rejection + CHoCH + displacement,501.4795
2024-07-25 13:36:00+00:00,2024-07-25 18:28:00+00:00,XAUUSD,LONG,LIQUIDITY_REVERSAL,LIQUIDITY_REVERSAL,0.7,75.0,B,OVERLAP,2367.336,2353.908,2380.764,2380.764,2353.648,STOP,0.001,1.3428,0.2678,13.428,-1.3688,-1.0194,0.664,1.061,292,0.302,3.551,0.05,0.12,0.0,clear,sweep + rejection + CHoCH + displacement,500.1107
2024-07-26 13:41:00+00:00,2024-07-26 18:00:00+00:00,XAUUSD,LONG,BREAKOUT,COMPRESSION,0.989,65.0,NO_TRADE,OVERLAP,2378.208,2361.713,2394.703,2394.703,2388.804,SESSION_END,0.001,1.6495,0.3298,16.495,1.0597,0.6424,0.755,0.263,259,0.2,2.027,0.05,0.05,0.0,clear,compression -> confirmed range break + momentum,501.1704
2024-07-29 14:49:00+00:00,2024-07-29 16:15:00+00:00,XAUUSD,SHORT,LIQUIDITY_REVERSAL,CHOPPY,0.583,85.0,A,OVERLAP,2390.302,2407.21,2373.394,2373.394,2373.569,TP2,0.001,1.6908,0.3374,16.908,1.6733,0.9897,1.069,0.214,86,0.247,2.408,0.05,0.0,0.0,clear,sweep + rejection + CHoCH + displacement,502.8437
2024-07-30 14:07:00+00:00,2024-07-30 18:00:00+00:00,XAUUSD,LONG,LIQUIDITY_REVERSAL,LIQUIDITY_REVERSAL,1.0,100.0,A+,OVERLAP,2389.996,2378.37,2401.621,2401.621,2401.447,TP2,0.002,2.3251,0.4624,11.625,2.2902,0.985,1.029,0.579,233,0.202,1.56,0.05,0.0,0.0,clear,sweep + rejection + CHoCH + displacement,505.1339
2024-08-05 10:49:00+00:00,2024-08-05 11:56:00+00:00,XAUUSD,LONG,LIQUIDITY_REVERSAL,LIQUIDITY_REVERSAL,0.8,85.0,A,LONDON,2425.756,2410.724,2440.788,2440.788,2410.489,STOP,0.001,1.5032,0.2976,15.032,-1.5267,-1.0156,0.025,1.021,67,0.262,3.655,0.05,0.12,0.0,clear,sweep + rejection + CHoCH + displacement,503.6071
2024-08-07 13:31:00+00:00,2024-08-07 19:36:00+00:00,XAUUSD,SHORT,LIQUIDITY_REVERSAL,LIQUIDITY_REVERSAL,0.7,100.0,A+,OVERLAP,2399.203,2412.133,2386.273,2386.273,2386.405,TP2,0.001,1.293,0.2568,12.93,1.2798,0.9898,1.147,0.592,365,0.204,2.012,0.05,0.0,0.0,clear,sweep + rejection + CHoCH + displacement,504.8869
2024-08-08 10:06:00+00:00,2024-08-08 13:15:00+00:00,XAUUSD,LONG,LIQUIDITY_REVERSAL,LIQUIDITY_REVERSAL,1.0,85.0,A,LONDON,2398.66,2383.051,2414.27,2414.27,2414.153,TP2,0.001,1.5609,0.3092,15.609,1.5493,0.9925,1.003,0.316,189,0.21,1.64,0.05,0.0,0.0,clear,sweep + rejection + CHoCH + displacement,506.4362
2024-08-08 15:16:00+00:00,2024-08-08 21:00:00+00:00,XAUUSD,LONG,BREAKOUT,BULL,0.566,80.0,B,OVERLAP,2418.439,2393.185,2443.693,2443.693,2422.727,SESSION_END,0.001,2.5254,0.4987,25.254,0.4288,0.1698,0.306,0.263,344,0.328,3.7,0.05,0.05,0.0,clear,compression -> confirmed range break + momentum,506.865
2024-08-09 14:09:00+00:00,2024-08-09 18:00:00+00:00,XAUUSD,LONG,TREND_CONTINUATION,BULL,0.899,85.0,A,OVERLAP,2429.304,2414.427,2444.18,2444.18,2434.44,SESSION_END,0.001,1.4876,0.2935,14.876,0.5136,0.3453,0.437,0.561,231,0.217,1.821,0.05,0.05,0.0,clear,trend pullback + LTF BOS,507.3786
2024-08-12 15:43:00+00:00,2024-08-12 19:10:00+00:00,XAUUSD,LONG,TREND_CONTINUATION,STRONG_BULL,1.0,85.0,A,OVERLAP,2451.095,2432.951,2469.238,2469.238,2469.096,TP2,0.001,1.8143,0.3576,18.143,1.8002,0.9922,1.007,0.012,207,0.293,2.559,0.05,0.0,0.0,clear,trend pullback + LTF BOS,509.1788
2024-08-13 14:22:00+00:00,2024-08-13 21:00:00+00:00,XAUUSD,SHORT,LIQUIDITY_REVERSAL,BULL,0.872,85.0,A,OVERLAP,2462.342,2486.396,2438.288,2438.288,2467.378,SESSION_END,0.001,2.4054,0.4724,24.054,-0.5036,-0.2094,0.098,0.547,398,0.292,2.505,0.05,0.05,0.0,clear,sweep + rejection + CHoCH + displacement,508.6752
2024-08-14 13:38:00+00:00,2024-08-14 14:21:00+00:00,XAUUSD,SHORT,LIQUIDITY_REVERSAL,LIQUIDITY_REVERSAL,0.7,75.0,B,OVERLAP,2472.054,2492.193,2451.915,2451.915,2452.115,TP2,0.001,2.0139,0.3959,20.139,1.9939,0.9901,1.07,0.189,43,0.288,2.524,0.05,0.0,0.0,clear,sweep + rejection + CHoCH + displacement,510.6691
2024-08-27 09:07:00+00:00,2024-08-27 17:07:00+00:00,XAUUSD,LONG,LIQUIDITY_REVERSAL,LIQUIDITY_REVERSAL,0.7,90.0,A+,LONDON,2509.291,2493.471,2525.111,2525.111,2510.04,TIME,0.001,1.582,0.3098,15.82,0.0749,0.0474,0.69,0.377,480,0.312,2.278,0.05,0.05,0.0,clear,sweep + rejection + CHoCH + displacement,510.744
2024-08-28 13:01:00+00:00,2024-08-28 21:00:00+00:00,XAUUSD,SHORT,BREAKOUT,STRONG_BEAR,0.867,85.0,A,OVERLAP,2499.729,2511.187,2488.271,2488.271,2507.928,SESSION_END,0.002,2.2916,0.4487,11.458,-1.6396,-0.7155,0.542,0.94,479,0.211,1.627,0.05,0.05,0.0,clear,compression -> confirmed range break + momentum,509.1044
2024-08-30 13:46:00+00:00,2024-08-30 16:52:00+00:00,XAUUSD,SHORT,LIQUIDITY_REVERSAL,LIQUIDITY_REVERSAL,1.0,75.0,B,OVERLAP,2517.929,2535.575,2500.283,2500.283,2500.479,TP2,0.001,1.7646,0.3466,17.646,1.745,0.9889,1.008,0.143,186,0.272,2.336,0.05,0.0,0.0,clear,sweep + rejection + CHoCH + displacement,510.8493
2024-09-05 14:31:00+00:00,2024-09-05 21:00:00+00:00,XAUUSD,LONG,TREND_CONTINUATION,STRONG_BULL,0.957,100.0,A+,OVERLAP,2518.716,2501.376,2536.056,2536.056,2514.852,SESSION_END,0.001,1.734,0.3394,17.34,-0.3865,-0.2229,0.1,0.86,389,0.302,2.567,0.05,0.05,0.0,clear,trend pullback + LTF BOS,510.4629
2024-09-16 08:46:00+00:00,2024-09-16 16:46:00+00:00,XAUUSD,LONG,LIQUIDITY_REVERSAL,LIQUIDITY_REVERSAL,0.8,90.0,A+,LONDON,2583.586,2572.173,2594.998,2594.998,2579.139,TIME,0.002,2.2826,0.4472,11.413,-0.8892,-0.3896,0.492,0.742,480,0.241,1.675,0.05,0.05,0.0,clear,sweep + rejection + CHoCH + displacement,509.5737
2024-09-25 13:07:00+00:00,2024-09-25 17:46:00+00:00,XAUUSD,LONG,BREAKOUT,COMPRESSION,0.989,80.0,B,OVERLAP,2660.564,2650.502,2670.626,2670.626,2650.237,STOP,0.002,2.0124,0.3949,10.062,-2.0654,-1.0263,0.674,1.078,279,0.192,1.553,0.05,0.12,0.0,clear,compression -> confirmed range break + momentum,507.5083
2024-09-26 11:51:00+00:00,2024-09-26 14:13:00+00:00,XAUUSD,LONG,BREAKOUT,BULL,0.811,70.0,NO_TRADE,LONDON,2675.415,2663.847,2686.982,2686.982,2663.541,STOP,0.002,2.3135,0.4559,11.568,-2.3748,-1.0265,0.864,1.024,142,0.239,1.812,0.05,0.12,0.0,clear,compression -> confirmed range break + momentum,505.1335
2024-10-01 16:19:00+00:00,2024-10-01 21:00:00+00:00,XAUUSD,LONG,LIQUIDITY_REVERSAL,LIQUIDITY_REVERSAL,0.7,75.0,B,NEWYORK,2661.994,2639.316,2684.673,2684.673,2657.809,SESSION_END,0.001,2.2679,0.449,22.679,-0.4185,-0.1846,0.481,0.201,281,0.492,4.214,0.05,0.05,0.0,clear,sweep + rejection + CHoCH + displacement,504.7149
2024-10-11 13:41:00+00:00,2024-10-11 18:00:00+00:00,XAUUSD,SHORT,LIQUIDITY_REVERSAL,LIQUIDITY_REVERSAL,0.7,85.0,A,OVERLAP,2642.611,2662.209,2623.013,2623.013,2660.606,SESSION_END,0.001,1.9598,0.3883,19.598,-1.7995,-0.9182,0.109,0.951,259,0.268,2.226,0.05,0.05,0.0,clear,sweep + rejection + CHoCH + displacement,502.9154
2024-10-14 10:31:00+00:00,2024-10-14 15:20:00+00:00,XAUUSD,SHORT,LIQUIDITY_REVERSAL,LIQUIDITY_REVERSAL,0.7,75.0,B,LONDON,2658.634,2669.996,2647.271,2647.271,2647.412,TP2,0.002,2.2725,0.4519,11.363,2.2443,0.9876,1.099,0.214,289,0.229,1.594,0.05,0.0,0.0,clear,sweep + rejection + CHoCH + displacement,505.1597
2024-10-17 12:46:00+00:00,2024-10-17 13:31:00+00:00,XAUUSD,SHORT,LIQUIDITY_REVERSAL,LIQUIDITY_REVERSAL,0.7,75.0,B,OVERLAP,2684.386,2694.989,2673.782,2673.782,2673.888,TP2,0.002,2.1207,0.4198,10.603,2.0996,0.9901,1.082,0.051,45,0.199,1.534,0.05,0.0,0.0,clear,sweep + rejection + CHoCH + displacement,507.2593
2024-10-18 11:37:00+00:00,2024-10-18 18:00:00+00:00,XAUUSD,SHORT,LIQUIDITY_REVERSAL,LIQUIDITY_REVERSAL,1.0,85.0,A,LONDON,2707.919,2721.138,2694.701,2694.701,2718.109,SESSION_END,0.001,1.3219,0.2606,13.219,-1.019,-0.7708,0.235,0.914,383,0.211,1.461,0.05,0.05,0.0,clear,sweep + rejection + CHoCH + displacement,506.2403
2024-10-29 13:01:00+00:00,2024-10-29 13:46:00+00:00,XAUUSD,SHORT,LIQUIDITY_REVERSAL,LIQUIDITY_REVERSAL,0.7,75.0,B,OVERLAP,2748.798,2760.975,2736.621,2736.621,2761.231,STOP,0.002,2.4354,0.4811,12.177,-2.4866,-1.021,0.0,1.126,45,0.213,1.761,0.05,0.12,0.0,clear,sweep + rejection + CHoCH + displacement,503.7537
2024-11-04 13:25:00+00:00,2024-11-04 21:00:00+00:00,XAUUSD,SHORT,LIQUIDITY_REVERSAL,CHOPPY,0.624,90.0,A+,OVERLAP,2740.257,2752.268,2728.246,2728.246,2737.871,SESSION_END,0.002,2.4023,0.4769,12.011,0.4771,0.1986,0.718,0.646,455,0.216,1.897,0.05,0.05,0.0,clear,sweep + rejection + CHoCH + displacement,504.2308
2024-11-07 10:01:00+00:00,2024-11-07 12:46:00+00:00,XAUUSD,SHORT,LIQUIDITY_REVERSAL,LIQUIDITY_REVERSAL,0.8,100.0,A+,LONDON,2661.271,2671.417,2651.125,2651.125,2671.621,STOP,0.002,2.0292,0.4024,10.146,-2.0699,-1.02,0.153,1.014,165,0.187,2.068,0.05,0.12,0.0,clear,sweep + rejection + CHoCH + displacement,502.1609
2024-11-07 19:36:00+00:00,2024-11-07 20:21:00+00:00,XAUUSD,LONG,LIQUIDITY_REVERSAL,LIQUIDITY_REVERSAL,1.0,85.0,A,NEWYORK,2694.667,2680.753,2708.582,2708.582,2708.426,TP2,0.001,1.3914,0.2771,13.914,1.3758,0.9888,1.001,0.522,45,0.265,2.684,0.05,0.0,0.0,clear,sweep + rejection + CHoCH + displacement,503.5368
2024-11-11 11:01:00+00:00,2024-11-11 13:34:00+00:00,XAUUSD,SHORT,BREAKOUT,STRONG_BEAR,0.845,85.0,A,LONDON,2661.512,2679.167,2643.856,2643.856,2643.992,TP2,0.001,1.7655,0.3506,17.655,1.752,0.9923,1.111,0.304,153,0.247,2.251,0.05,0.0,0.0,clear,compression -> confirmed range break + momentum,505.2888
2024-11-12 07:26:00+00:00,2024-11-12 15:26:00+00:00,XAUUSD,SHORT,BREAKOUT,BEAR,0.618,85.0,A,LONDON,2601.319,2619.776,2582.861,2582.861,2606.116,TIME,0.001,1.8457,0.3653,18.457,-0.4798,-0.2599,0.64,0.843,480,0.293,2.777,0.05,0.05,0.0,clear,compression -> confirmed range break + momentum,504.809
2024-11-14 20:06:00+00:00,2024-11-14 21:00:00+00:00,XAUUSD,SHORT,LIQUIDITY_REVERSAL,LIQUIDITY_REVERSAL,0.7,100.0,A+,NEWYORK,2569.43,2588.835,2550.025,2550.025,2568.63,SESSION_END,0.001,1.9405,0.3844,19.405,0.08,0.0412,0.293,0.242,54,0.229,2.033,0.05,0.05,0.0,clear,sweep + rejection + CHoCH + displacement,504.889
2024-11-15 13:39:00+00:00,2024-11-15 18:00:00+00:00,XAUUSD,SHORT,LIQUIDITY_REVERSAL,CHOPPY,0.577,100.0,A+,OVERLAP,2568.23,2588.342,2548.117,2548.117,2562.402,SESSION_END,0.001,2.0113,0.3984,20.113,0.5828,0.2898,0.407,0.382,261,0.271,3.212,0.05,0.05,0.0,clear,sweep + rejection + CHoCH + displacement,505.4718
2024-11-19 13:58:00+00:00,2024-11-19 21:00:00+00:00,XAUUSD,LONG,TREND_CONTINUATION,STRONG_BULL,1.0,95.0,A+,OVERLAP,2636.346,2616.724,2655.968,2655.968,2632.732,SESSION_END,0.001,1.9622,0.3882,19.622,-0.3614,-0.1842,0.025,0.785,422,0.262,2.761,0.05,0.05,0.0,clear,trend pullback + LTF BOS,505.1103
2024-11-21 13:16:00+00:00,2024-11-21 21:00:00+00:00,XAUUSD,LONG,LIQUIDITY_REVERSAL,BULL,0.595,100.0,A+,OVERLAP,2667.48,2648.464,2686.496,2686.496,2670.737,SESSION_END,0.001,1.9016,0.3765,19.016,0.3257,0.1713,0.307,0.332,464,0.229,2.09,0.05,0.05,0.0,clear,sweep + rejection + CHoCH + displacement,505.4361
2024-11-22 04:51:00+00:00,2024-11-22 12:51:00+00:00,XAUUSD,LONG,BREAKOUT,STRONG_BULL,0.898,80.0,B,ASIA,2691.778,2672.45,2711.106,2711.106,2703.554,TIME,0.001,1.9328,0.3824,19.328,1.1776,0.6093,0.945,0.458,480,0.465,2.049,0.05,0.05,0.0,clear,compression -> confirmed range break + momentum,506.6136
2024-11-27 13:11:00+00:00,2024-11-27 21:00:00+00:00,XAUUSD,SHORT,LIQUIDITY_REVERSAL,LIQUIDITY_REVERSAL,0.7,100.0,A+,OVERLAP,2647.463,2665.501,2629.426,2629.426,2637.046,SESSION_END,0.001,1.8038,0.356,18.038,1.0418,0.5776,0.752,0.59,469,0.201,1.936,0.05,0.05,0.0,clear,sweep + rejection + CHoCH + displacement,507.6554
2024-11-29 12:26:00+00:00,2024-11-29 15:00:00+00:00,XAUUSD,LONG,LIQUIDITY_REVERSAL,LIQUIDITY_REVERSAL,1.0,100.0,A+,OVERLAP,2663.517,2651.812,2675.222,2675.222,2651.551,STOP,0.002,2.341,0.4611,11.705,-2.3932,-1.0223,0.035,1.062,154,0.224,1.941,0.05,0.12,0.0,clear,sweep + rejection + CHoCH + displacement,505.2622
2024-12-03 12:26:00+00:00,2024-12-03 13:46:00+00:00,XAUUSD,SHORT,BREAKOUT,COMPRESSION,0.995,95.0,A+,OVERLAP,2638.819,2648.065,2629.573,2629.573,2648.283,STOP,0.002,1.8492,0.366,9.246,-1.8928,-1.0236,0.13,1.116,80,0.173,1.536,0.05,0.12,0.0,clear,compression -> confirmed range break + momentum,503.3693
2024-12-04 13:21:00+00:00,2024-12-04 21:00:00+00:00,XAUUSD,LONG,LIQUIDITY_REVERSAL,LIQUIDITY_REVERSAL,0.7,100.0,A+,OVERLAP,2640.73,2618.135,2663.325,2663.325,2649.246,SESSION_END,0.001,2.2595,0.4489,22.595,0.8516,0.3769,0.72,0.0,459,0.29,2.84,0.05,0.05,0.0,clear,sweep + rejection + CHoCH + displacement,504.221
2024-12-06 13:46:00+00:00,2024-12-06 18:00:00+00:00,XAUUSD,LONG,LIQUIDITY_REVERSAL,CHOPPY,0.633,85.0,A,OVERLAP,2637.081,2619.911,2654.25,2654.25,2634.117,SESSION_END,0.001,1.717,0.3405,17.17,-0.2963,-0.1726,0.257,0.77,254,0.333,3.579,0.05,0.05,0.0,clear,sweep + rejection + CHoCH + displacement,503.9246
2024-12-09 11:29:00+00:00,2024-12-09 14:32:00+00:00,XAUUSD,LONG,TREND_CONTINUATION,BULL,0.921,80.0,B,LONDON,2657.795,2645.885,2669.704,2669.704,2669.587,TP2,0.002,2.3819,0.4727,11.909,2.3584,0.9901,1.083,0.388,183,0.2,1.611,0.05,0.0,0.0,clear,trend pullback + LTF BOS,506.283
2024-12-10 15:58:00+00:00,2024-12-10 21:00:00+00:00,XAUUSD,LONG,TREND_CONTINUATION,STRONG_BULL,0.947,100.0,A+,OVERLAP,2688.665,2676.828,2700.501,2700.501,2691.499,SESSION_END,0.002,2.3673,0.4676,11.836,0.5667,0.2394,0.567,0.35,302,0.22,2.179,0.05,0.05,0.0,clear,trend pullback + LTF BOS,506.8498
2024-12-11 13:36:00+00:00,2024-12-11 21:00:00+00:00,XAUUSD,LONG,LIQUIDITY_REVERSAL,LIQUIDITY_REVERSAL,1.0,100.0,A+,OVERLAP,2699.141,2675.783,2722.498,2722.498,2716.16,SESSION_END,0.001,2.3358,0.4608,23.358,1.7019,0.7286,0.936,0.118,444,0.233,2.545,0.05,0.05,0.0,clear,sweep + rejection + CHoCH + displacement,508.5517
2024-12-13 07:31:00+00:00,2024-12-13 09:42:00+00:00,XAUUSD,SHORT,BREAKOUT,COMPRESSION,0.958,85.0,A,LONDON,2681.396,2692.907,2669.884,2669.884,2670.01,TP2,0.002,2.3023,0.4527,11.511,2.2771,0.9891,1.008,0.29,131,0.216,1.684,0.05,0.0,0.0,clear,compression -> confirmed range break + momentum,510.8288
2024-12-16 08:29:00+00:00,2024-12-16 16:29:00+00:00,XAUUSD,LONG,BREAKOUT,COMPRESSION,0.953,65.0,NO_TRADE,LONDON,2658.364,2647.717,2669.012,2669.012,2649.66,TIME,0.002,2.1296,0.4169,10.648,-1.7408,-0.8174,0.553,0.839,480,0.219,1.621,0.05,0.05,0.0,clear,compression -> confirmed range break + momentum,509.088
2024-12-17 13:51:00+00:00,2024-12-17 21:00:00+00:00,XAUUSD,SHORT,LIQUIDITY_REVERSAL,BEAR,0.811,100.0,A+,OVERLAP,2637.862,2656.008,2619.715,2619.715,2644.35,SESSION_END,0.001,1.8146,0.3565,18.146,-0.6488,-0.3576,0.279,0.606,429,0.267,2.353,0.05,0.05,0.0,clear,sweep + rejection + CHoCH + displacement,508.4391
2024-12-18 08:22:00+00:00,2024-12-18 15:09:00+00:00,XAUUSD,LONG,LIQUIDITY_REVERSAL,LIQUIDITY_REVERSAL,0.7,85.0,A,LONDON,2646.443,2634.549,2658.337,2658.337,2634.31,STOP,0.002,2.3788,0.4679,11.894,-2.4267,-1.0202,0.26,1.026,407,0.236,1.49,0.05,0.12,0.0,clear,sweep + rejection + CHoCH + displacement,506.0124
2024-12-20 07:36:00+00:00,2024-12-20 14:16:00+00:00,XAUUSD,SHORT,LIQUIDITY_REVERSAL,LIQUIDITY_REVERSAL,1.0,95.0,A+,LONDON,2602.658,2615.16,2590.157,2590.157,2615.405,STOP,0.002,2.5003,0.4941,12.501,-2.5493,-1.0196,0.235,1.004,400,0.193,1.718,0.05,0.12,0.0,clear,sweep + rejection + CHoCH + displacement,503.4631
2025-01-06 11:16:00+00:00,2025-01-06 13:47:00+00:00,XAUUSD,LONG,LIQUIDITY_REVERSAL,LIQUIDITY_REVERSAL,0.7,75.0,B,LONDON,2638.165,2622.083,2654.248,2654.248,2621.776,STOP,0.001,1.6083,0.3217,16.083,-1.639,-1.0191,0.693,1.017,151,0.241,1.773,0.05,0.12,0.0,clear,sweep + rejection + CHoCH + displacement,498.361
2025-01-08 13:34:00+00:00,2025-01-08 16:48:00+00:00,XAUUSD,SHORT,LIQUIDITY_REVERSAL,LIQUIDITY_REVERSAL,0.7,75.0,B,OVERLAP,2653.908,2668.436,2639.379,2639.379,2668.722,STOP,0.001,1.4529,0.2915,14.529,-1.4815,-1.0197,0.106,1.038,194,0.315,2.625,0.05,0.12,0.0,clear,sweep + rejection + CHoCH + displacement,496.8796
2025-01-13 08:08:00+00:00,2025-01-13 11:40:00+00:00,XAUUSD,LONG,LIQUIDITY_REVERSAL,LIQUIDITY_REVERSAL,0.7,100.0,A+,LONDON,2688.987,2676.319,2701.655,2701.655,2676.08,STOP,0.001,1.2668,0.2549,12.668,-1.2907,-1.0189,0.037,1.001,212,0.224,1.65,0.05,0.12,0.0,clear,sweep + rejection + CHoCH + displacement,495.5888
2025-01-15 13:34:00+00:00,2025-01-15 21:00:00+00:00,XAUUSD,LONG,LIQUIDITY_REVERSAL,BULL,0.55,90.0,A+,OVERLAP,2687.121,2673.352,2700.89,2700.89,2695.817,SESSION_END,0.001,1.3769,0.2778,13.769,0.8696,0.6316,0.687,0.776,446,0.224,1.708,0.05,0.05,0.0,clear,sweep + rejection + CHoCH + displacement,496.4584
2025-01-17 14:46:00+00:00,2025-01-17 18:00:00+00:00,XAUUSD,LONG,LIQUIDITY_REVERSAL,LIQUIDITY_REVERSAL,0.8,100.0,A+,OVERLAP,2710.297,2689.685,2730.909,2730.909,2711.947,SESSION_END,0.001,2.0612,0.4152,20.612,0.165,0.0801,0.334,0.062,194,0.284,2.472,0.05,0.05,0.0,clear,sweep + rejection + CHoCH + displacement,496.6235
2025-01-20 13:34:00+00:00,2025-01-20 23:00:00+00:00,XAUUSD,SHORT,LIQUIDITY_REVERSAL,CHOPPY,0.621,85.0,A,OVERLAP,2705.069,2718.735,2691.403,2691.403,2706.931,SESSION_END,0.001,1.3666,0.2752,13.666,-0.1862,-0.1363,0.261,0.495,355,0.192,1.42,0.05,0.05,0.0,clear,sweep + rejection + CHoCH + displacement,496.4372
2025-01-22 07:11:00+00:00,2025-01-22 09:28:00+00:00,XAUUSD,LONG,LIQUIDITY_REVERSAL,LIQUIDITY_REVERSAL,1.0,100.0,A+,LONDON,2749.926,2738.635,2761.218,2761.218,2761.101,TP2,0.002,2.2583,0.4549,11.292,2.2349,0.9896,1.061,0.291,137,0.223,1.912,0.05,0.0,0.0,clear,sweep + rejection + CHoCH + displacement,498.6721
2025-01-23 20:01:00+00:00,2025-01-23 21:00:00+00:00,XAUUSD,SHORT,LIQUIDITY_REVERSAL,LIQUIDITY_REVERSAL,1.0,85.0,A,NEWYORK,2752.646,2764.941,2740.351,2740.351,2754.019,SESSION_END,0.002,2.459,0.4931,12.295,-0.2746,-0.1117,0.128,0.16,59,0.238,1.509,0.05,0.05,0.0,clear,sweep + rejection + CHoCH + displacement,498.3975
2025-01-29 19:39:00+00:00,2025-01-29 21:00:00+00:00,XAUUSD,LONG,LIQUIDITY_REVERSAL,LIQUIDITY_REVERSAL,0.7,100.0,A+,NEWYORK,2753.11,2731.585,2774.634,2774.634,2753.73,SESSION_END,0.001,2.1525,0.4319,21.525,0.0621,0.0288,0.272,0.104,81,0.369,2.444,0.05,0.05,0.0,clear,sweep + rejection + CHoCH + displacement,498.4596
2025-01-30 18:25:00+00:00,2025-01-30 21:00:00+00:00,XAUUSD,LONG,TREND_CONTINUATION,STRONG_BULL,1.0,85.0,A,NEWYORK,2796.628,2776.222,2817.035,2817.035,2795.238,SESSION_END,0.001,2.0406,0.4094,20.406,-0.1391,-0.0682,0.071,0.296,155,0.326,2.199,0.05,0.05,0.0,clear,trend pullback + LTF BOS,498.3205
2025-02-04 14:36:00+00:00,2025-02-04 21:00:00+00:00,XAUUSD,LONG,BREAKOUT,BULL,0.56,85.0,A,OVERLAP,2838.388,2825.896,2850.88,2850.88,2843.171,SESSION_END,0.001,1.2492,0.2507,12.492,0.4783,0.3829,0.556,0.479,384,0.259,2.935,0.05,0.05,0.0,clear,compression -> confirmed range break + momentum,498.7988
2025-02-06 08:41:00+00:00,2025-02-06 16:41:00+00:00,XAUUSD,LONG,LIQUIDITY_REVERSAL,LIQUIDITY_REVERSAL,1.0,100.0,A+,LONDON,2857.967,2833.132,2882.803,2882.803,2852.382,TIME,0.001,2.4835,0.4979,24.835,-0.5586,-0.2249,0.486,0.967,480,0.285,2.708,0.05,0.05,0.0,clear,sweep + rejection + CHoCH + displacement,498.2403
2025-02-10 11:02:00+00:00,2025-02-10 19:02:00+00:00,XAUUSD,LONG,TREND_CONTINUATION,STRONG_BULL,0.954,85.0,A,LONDON,2902.335,2890.438,2914.231,2914.231,2904.946,TIME,0.002,2.3794,0.4776,11.897,0.5224,0.2195,0.783,0.515,480,0.239,2.032,0.05,0.05,0.0,clear,trend pullback + LTF BOS,498.7627
2025-02-12 13:21:00+00:00,2025-02-12 14:33:00+00:00,XAUUSD,SHORT,BREAKOUT,BEAR,0.915,100.0,A+,OVERLAP,2874.495,2896.305,2852.684,2852.684,2896.586,STOP,0.001,2.1811,0.4373,21.811,-2.2092,-1.0129,0.496,1.0,72,0.221,2.833,0.05,0.12,0.0,clear,compression -> confirmed range break + momentum,496.5535
2025-02-14 08:21:00+00:00,2025-02-14 13:05:00+00:00,XAUUSD,LONG,BREAKOUT,EXPANSION,0.871,85.0,A,LONDON,2938.316,2926.928,2949.703,2949.703,2926.705,STOP,0.002,2.2776,0.4587,11.388,-2.3221,-1.0196,0.142,1.105,284,0.241,2.06,0.05,0.12,0.0,clear,compression -> confirmed range break + momentum,494.2313
2025-02-14 13:36:00+00:00,2025-02-14 14:01:00+00:00,XAUUSD,LONG,LIQUIDITY_REVERSAL,LIQUIDITY_REVERSAL,1.0,100.0,A+,OVERLAP,2932.369,2915.514,2949.224,2949.224,2915.246,STOP,0.001,1.6855,0.341,16.855,-1.7122,-1.0159,0.046,1.026,25,0.247,2.586,0.05,0.12,0.0,clear,sweep + rejection + CHoCH + displacement,492.5191
2025-02-17 08:37:00+00:00,2025-02-17 16:37:00+00:00,XAUUSD,SHORT,LIQUIDITY_REVERSAL,LIQUIDITY_REVERSAL,0.8,100.0,A+,LONDON,2896.034,2911.544,2880.523,2880.523,2897.694,TIME,0.001,1.5511,0.3149,15.511,-0.166,-0.107,0.045,0.656,480,0.223,1.959,0.05,0.05,0.0,clear,sweep + rejection + CHoCH + displacement,492.3531
2025-02-18 13:46:00+00:00,2025-02-18 16:49:00+00:00,XAUUSD,LONG,BREAKOUT,EXPANSION,0.834,85.0,A,OVERLAP,2920.882,2909.473,2932.291,2932.291,2932.148,TP2,0.002,2.2818,0.4634,11.409,2.2531,0.9874,1.003,0.299,183,0.215,1.999,0.05,0.0,0.0,clear,compression -> confirmed range break + momentum,494.6062
2025-02-24 08:56:00+00:00,2025-02-24 16:56:00+00:00,XAUUSD,LONG,BREAKOUT,COMPRESSION,0.968,80.0,B,LONDON,2947.985,2928.093,2967.878,2967.878,2942.279,TIME,0.001,1.9893,0.4022,19.893,-0.5706,-0.2869,0.405,0.875,480,0.241,2.347,0.05,0.05,0.0,clear,compression -> confirmed range break + momentum,494.0356
2025-02-26 13:56:00+00:00,2025-02-26 14:09:00+00:00,XAUUSD,SHORT,BREAKOUT,COMPRESSION,0.963,80.0,B,OVERLAP,2907.621,2918.545,2896.697,2896.697,2896.808,TP2,0.002,2.1848,0.4422,10.924,2.1626,0.9898,1.016,0.0,13,0.208,2.096,0.05,0.0,0.0,clear,compression -> confirmed range break + momentum,496.1982
2025-02-28 12:02:00+00:00,2025-02-28 13:32:00+00:00,XAUUSD,LONG,LIQUIDITY_REVERSAL,LIQUIDITY_REVERSAL,0.8,70.0,NO_TRADE,OVERLAP,2863.133,2853.526,2872.739,2872.739,2853.3,STOP,0.002,1.9214,0.3872,9.607,-1.9665,-1.0235,0.166,1.115,90,0.169,1.762,0.05,0.12,0.0,clear,sweep + rejection + CHoCH + displacement,494.2316
2025-02-28 14:01:00+00:00,2025-02-28 18:00:00+00:00,XAUUSD,SHORT,BREAKOUT,BEAR,1.0,85.0,A,OVERLAP,2847.809,2865.676,2829.943,2829.943,2845.189,SESSION_END,0.001,1.7866,0.3615,17.866,0.262,0.1467,0.859,0.335,239,0.238,3.164,0.05,0.05,0.0,clear,compression -> confirmed range break + momentum,494.4937
2025-03-03 08:01:00+00:00,2025-03-03 10:54:00+00:00,XAUUSD,LONG,LIQUIDITY_REVERSAL,LIQUIDITY_REVERSAL,0.8,80.0,B,LONDON,2863.528,2853.796,2873.26,2873.26,2873.156,TP2,0.002,1.9464,0.3936,9.732,1.9256,0.9893,1.005,0.492,173,0.186,1.639,0.05,0.0,0.0,clear,sweep + rejection + CHoCH + displacement,496.4193
2025-03-05 17:01:00+00:00,2025-03-05 21:00:00+00:00,XAUUSD,SHORT,LIQUIDITY_REVERSAL,LIQUIDITY_REVERSAL,0.8,85.0,A,NEWYORK,2923.569,2941.125,2906.013,2906.013,2922.074,SESSION_END,0.001,1.7556,0.3537,17.556,0.1495,0.0851,0.709,0.0,239,0.352,3.796,0.05,0.05,0.0,clear,sweep + rejection + CHoCH + displacement,496.5687
2025-03-11 12:43:00+00:00,2025-03-11 20:43:00+00:00,XAUUSD,LONG,LIQUIDITY_REVERSAL,LIQUIDITY_REVERSAL,0.8,80.0,B,OVERLAP,2915.497,2901.661,2929.332,2929.332,2916.034,TIME,0.001,1.3835,0.2786,13.835,0.0538,0.0389,0.474,0.638,480,0.183,1.709,0.05,0.05,0.0,clear,sweep + rejection + CHoCH + displacement,496.6225
2025-03-12 12:36:00+00:00,2025-03-12 20:36:00+00:00,XAUUSD,LONG,LIQUIDITY_REVERSAL,LIQUIDITY_REVERSAL,0.7,100.0,A+,OVERLAP,2920.485,2897.902,2943.069,2943.069,2932.364,TIME,0.001,2.2584,0.4547,22.584,1.1879,0.526,0.879,0.652,480,0.241,2.318,0.05,0.05,0.0,clear,sweep + rejection + CHoCH + displacement,497.8103
2025-03-14 13:36:00+00:00,2025-03-14 18:00:00+00:00,XAUUSD,SHORT,LIQUIDITY_REVERSAL,LIQUIDITY_REVERSAL,0.7,85.0,A,OVERLAP,2989.531,3007.102,2971.959,2971.959,2986.318,SESSION_END,0.001,1.7571,0.353,17.571,0.3212,0.1828,0.651,0.206,264,0.269,2.928,0.05,0.05,0.0,clear,sweep + rejection + CHoCH + displacement,498.1316
2025-03-18 05:47:00+00:00,2025-03-18 12:43:00+00:00,XAUUSD,LONG,TREND_CONTINUATION,STRONG_BULL,0.938,95.0,A+,ASIA,3013.53,2993.537,3033.523,3033.523,3033.384,TP2,0.001,1.9993,0.4014,19.993,1.9854,0.993,1.011,0.159,416,0.489,2.04,0.05,0.0,0.0,clear,trend pullback + LTF BOS,500.117
2025-03-20 13:39:00+00:00,2025-03-20 22:00:00+00:00,XAUUSD,LONG,LIQUIDITY_REVERSAL,LIQUIDITY_REVERSAL,0.7,100.0,A+,OVERLAP,3037.322,3017.076,3057.567,3057.567,3044.314,SESSION_END,0.001,2.0246,0.4048,20.246,0.6993,0.3454,0.425,0.341,441,0.253,2.85,0.05,0.05,0.0,clear,sweep + rejection + CHoCH + displacement,500.8162
2025-03-26 08:18:00+00:00,2025-03-26 13:56:00+00:00,XAUUSD,SHORT,LIQUIDITY_REVERSAL,LIQUIDITY_REVERSAL,0.7,75.0,B,LONDON,3027.752,3038.96,3016.543,3016.543,3016.679,TP2,0.002,2.2416,0.4476,11.208,2.2146,0.9879,1.026,0.226,338,0.227,1.503,0.05,0.0,0.0,clear,sweep + rejection + CHoCH + displacement,503.0308
2025-04-03 18:01:00+00:00,2025-04-03 21:00:00+00:00,XAUUSD,SHORT,TREND_CONTINUATION,BEAR,0.952,85.0,A,NEWYORK,3106.196,3123.33,3089.062,3089.062,3108.892,SESSION_END,0.001,1.7134,0.3406,17.134,-0.2696,-0.1574,0.379,0.403,179,0.304,5.017,0.05,0.05,0.0,clear,trend pullback + LTF BOS,502.7611
2025-04-04 03:31:00+00:00,2025-04-04 09:21:00+00:00,XAUUSD,SHORT,BREAKOUT,COMPRESSION,0.979,80.0,B,ASIA,3102.928,3121.262,3084.594,3084.594,3084.7,TP2,0.001,1.8334,0.3647,18.334,1.8228,0.9942,1.099,0.369,350,0.334,2.706,0.05,0.0,0.0,clear,compression -> confirmed range break + momentum,504.5839
2025-04-07 14:19:00+00:00,2025-04-07 14:36:00+00:00,XAUUSD,LONG,LIQUIDITY_REVERSAL,CHOPPY,0.641,80.0,B,OVERLAP,3026.494,3007.032,3045.957,3045.957,3006.808,STOP,0.001,1.9462,0.3857,19.462,-1.9686,-1.0115,0.188,1.097,17,0.199,5.708,0.05,0.12,0.0,clear,sweep + rejection + CHoCH + displacement,502.6153
2025-04-08 02:14:00+00:00,2025-04-08 10:14:00+00:00,XAUUSD,LONG,BREAKOUT,COMPRESSION,1.0,50.0,NO_TRADE,ASIA,2995.591,2975.584,3015.598,3015.598,3002.832,TIME,0.001,2.0007,0.3981,20.007,0.7241,0.3619,0.998,0.316,480,0.312,3.786,0.05,0.05,0.0,clear,compression -> confirmed range break + momentum,503.3394
2025-04-08 18:06:00+00:00,2025-04-08 21:00:00+00:00,XAUUSD,SHORT,BREAKOUT,EXPANSION,0.871,85.0,A,NEWYORK,2983.272,2998.937,2967.608,2967.608,2985.137,SESSION_END,0.001,1.5664,0.3112,15.664,-0.1864,-0.119,0.556,0.554,174,0.253,4.339,0.05,0.05,0.0,clear,compression -> confirmed range break + momentum,503.1529
2025-04-09 18:23:00+00:00,2025-04-09 18:25:00+00:00,XAUUSD,LONG,TREND_CONTINUATION,STRONG_BULL,1.0,85.0,A,NEWYORK,3087.2,3070.427,3103.972,3103.972,3070.145,STOP,0.001,1.6773,0.3334,16.773,-1.7055,-1.0168,0.018,1.166,2,0.269,4.859,0.05,0.12,0.0,clear,trend pullback + LTF BOS,501.4474
2025-04-10 09:03:00+00:00,2025-04-10 13:09:00+00:00,XAUUSD,SHORT,LIQUIDITY_REVERSAL,LIQUIDITY_REVERSAL,0.7,70.0,NO_TRADE,LONDON,3113.505,3128.072,3098.937,3098.937,3128.277,STOP,0.001,1.4567,0.2905,14.567,-1.4772,-1.014,0.71,1.054,246,0.201,4.263,0.05,0.12,0.0,clear,sweep + rejection + CHoCH + displacement,499.9703
2025-04-10 13:47:00+00:00,2025-04-10 15:20:00+00:00,XAUUSD,SHORT,LIQUIDITY_REVERSAL,LIQUIDITY_REVERSAL,0.7,70.0,NO_TRADE,OVERLAP,3127.933,3145.313,3110.552,3110.552,3145.554,STOP,0.001,1.7381,0.3476,17.381,-1.7622,-1.0139,0.689,1.042,93,0.205,4.989,0.05,0.12,0.0,clear,sweep + rejection + CHoCH + displacement,498.2081
2025-04-11 00:06:00+00:00,2025-04-11 01:38:00+00:00,XAUUSD,LONG,BREAKOUT,STRONG_BULL,1.0,95.0,A+,ASIA,3189.695,3172.93,3206.46,3206.46,3206.274,TP2,0.001,1.6765,0.3365,16.765,1.6579,0.9889,1.028,0.428,92,0.34,3.784,0.05,0.0,0.0,clear,compression -> confirmed range break + momentum,499.866
2025-04-14 14:20:00+00:00,2025-04-14 18:38:00+00:00,XAUUSD,SHORT,BREAKOUT,EXPANSION,0.95,55.0,NO_TRADE,OVERLAP,3198.628,3216.095,3181.161,3181.161,3216.318,STOP,0.001,1.7467,0.3494,17.467,-1.769,-1.0128,0.241,1.015,258,0.234,5.428,0.05,0.12,0.0,clear,compression -> confirmed range break + momentum,498.097
2025-04-15 02:17:00+00:00,2025-04-15 10:17:00+00:00,XAUUSD,LONG,BREAKOUT,COMPRESSION,0.989,80.0,B,ASIA,3218.175,3203.357,3232.993,3232.993,3227.962,TIME,0.001,1.4818,0.2975,14.818,0.9787,0.6605,0.965,0.097,480,0.3,2.108,0.05,0.05,0.0,clear,compression -> confirmed range break + momentum,499.0757
2025-04-16 18:31:00+00:00,2025-04-16 19:25:00+00:00,XAUUSD,LONG,TREND_CONTINUATION,STRONG_BULL,1.0,85.0,A,NEWYORK,3325.079,3313.4,3336.759,3336.759,3336.633,TP2,0.002,2.336,0.4681,11.68,2.3108,0.9892,1.15,0.004,54,0.249,3.409,0.05,0.0,0.0,clear,trend pullback + LTF BOS,501.3865
2025-04-17 13:16:00+00:00,2025-04-17 14:51:00+00:00,XAUUSD,LONG,BREAKOUT,COMPRESSION,0.947,85.0,A,OVERLAP,3334.506,3319.228,3349.784,3349.784,3318.984,STOP,0.001,1.5278,0.3047,15.278,-1.5521,-1.0159,0.253,1.058,95,0.202,3.707,0.05,0.12,0.0,clear,compression -> confirmed range break + momentum,499.8343
2025-04-21 07:42:00+00:00,2025-04-21 12:42:00+00:00,XAUUSD,LONG,BREAKOUT,COMPRESSION,0.932,80.0,B,LONDON,3391.02,3379.966,3402.074,3402.074,3401.978,TP2,0.002,2.2108,0.4423,11.054,2.1916,0.9913,1.011,0.854,300,0.21,3.232,0.05,0.0,0.0,clear,compression -> confirmed range break + momentum,502.0259
2025-04-21 12:47:00+00:00,2025-04-21 14:08:00+00:00,XAUUSD,LONG,BREAKOUT,COMPRESSION,0.942,85.0,A,OVERLAP,3402.733,3381.42,3424.047,3424.047,3423.934,TP2,0.001,2.1314,0.4246,21.314,2.12,0.9947,1.008,0.25,81,0.197,3.345,0.05,0.0,0.0,clear,compression -> confirmed range break + momentum,504.146
2025-04-21 15:12:00+00:00,2025-04-21 21:00:00+00:00,XAUUSD,LONG,BREAKOUT,BULL,0.939,85.0,A,OVERLAP,3427.157,3403.78,3450.535,3450.535,3420.832,SESSION_END,0.001,2.3377,0.4637,23.377,-0.6326,-0.2706,0.137,0.913,348,0.285,5.832,0.05,0.05,0.0,clear,compression -> confirmed range break + momentum,503.5134
2025-04-23 14:21:00+00:00,2025-04-23 14:38:00+00:00,XAUUSD,SHORT,BREAKOUT,COMPRESSION,0.958,80.0,B,OVERLAP,3304.996,3325.707,3284.285,3284.285,3284.391,TP2,0.001,2.0711,0.4113,20.711,2.0605,0.9949,1.031,0.212,17,0.198,6.059,0.05,0.0,0.0,clear,compression -> confirmed range break + momentum,505.5739
2025-04-25 14:16:00+00:00,2025-04-25 18:00:00+00:00,XAUUSD,SHORT,BREAKOUT,STRONG_BEAR,0.893,70.0,NO_TRADE,OVERLAP,3281.501,3302.32,3260.683,3260.683,3284.665,SESSION_END,0.001,2.0818,0.4118,20.818,-0.3164,-0.152,0.803,0.281,224,0.227,5.567,0.05,0.05,0.0,clear,compression -> confirmed range break + momentum,505.2575
2025-04-28 06:36:00+00:00,2025-04-28 10:32:00+00:00,XAUUSD,SHORT,LIQUIDITY_REVERSAL,CHOPPY,0.575,90.0,A+,ASIA,3294.524,3312.145,3276.902,3276.902,3276.998,TP2,0.001,1.7621,0.3488,17.621,1.7526,0.9946,1.035,0.108,236,0.343,3.457,0.05,0.0,0.0,clear,sweep + rejection + CHoCH + displacement,507.0101
2025-05-01 11:01:00+00:00,2025-05-01 19:01:00+00:00,XAUUSD,SHORT,BREAKOUT,COMPRESSION,0.905,80.0,B,LONDON,3217.808,3234.603,3201.012,3201.012,3213.928,TIME,0.001,1.6796,0.3313,16.796,0.388,0.231,0.96,0.909,480,0.195,3.15,0.05,0.05,0.0,clear,compression -> confirmed range break + momentum,507.3981
2025-05-05 10:56:00+00:00,2025-05-05 13:42:00+00:00,XAUUSD,LONG,BREAKOUT,STRONG_BULL,0.944,85.0,A,LONDON,3305.016,3289.179,3320.852,3320.852,3320.746,TP2,0.001,1.5836,0.3121,15.836,1.5731,0.9933,1.003,0.034,166,0.261,4.129,0.05,0.0,0.0,clear,compression -> confirmed range break + momentum,508.9712
2025-05-06 20:22:00+00:00,2025-05-06 21:00:00+00:00,XAUUSD,LONG,TREND_CONTINUATION,STRONG_BULL,1.0,85.0,A,NEWYORK,3416.056,3405.721,3426.39,3426.39,3420.966,SESSION_END,0.002,2.0669,0.4061,10.335,0.982,0.4751,0.753,0.147,38,0.202,2.582,0.05,0.05,0.0,clear,trend pullback + LTF BOS,509.9532
2025-05-08 20:07:00+00:00,2025-05-08 21:00:00+00:00,XAUUSD,SHORT,TREND_CONTINUATION,STRONG_BEAR,0.949,85.0,A,NEWYORK,3302.181,3324.348,3280.014,3280.014,3309.138,SESSION_END,0.001,2.2167,0.4347,22.167,-0.6957,-0.3138,0.62,0.336,53,0.227,3.645,0.05,0.05,0.0,clear,trend pullback + LTF BOS,509.2576
2025-05-13 01:12:00+00:00,2025-05-13 02:32:00+00:00,XAUUSD,LONG,BREAKOUT,COMPRESSION,0.979,65.0,NO_TRADE,ASIA,3242.548,3224.35,3260.747,3260.747,3224.053,STOP,0.001,1.8199,0.3574,18.199,-1.8495,-1.0163,0.03,1.001,80,0.306,2.585,0.05,0.12,0.0,clear,compression -> confirmed range break + momentum,507.408
2025-05-13 13:01:00+00:00,2025-05-13 14:40:00+00:00,XAUUSD,SHORT,BREAKOUT,COMPRESSION,0.979,95.0,A+,OVERLAP,3248.415,3264.974,3231.856,3231.856,3231.971,TP2,0.001,1.6559,0.3263,16.559,1.6444,0.9931,1.015,0.016,99,0.18,2.99,0.05,0.0,0.0,clear,compression -> confirmed range break + momentum,509.0524
2025-05-14 06:13:00+00:00,2025-05-14 09:07:00+00:00,XAUUSD,SHORT,TREND_CONTINUATION,STRONG_BEAR,0.917,85.0,A,ASIA,3223.708,3241.345,3206.071,3206.071,3241.585,STOP,0.001,1.7637,0.3465,17.637,-1.7877,-1.0136,0.097,1.041,174,0.415,3.128,0.05,0.12,0.0,clear,trend pullback + LTF BOS,507.2647
2025-05-19 00:04:00+00:00,2025-05-19 02:34:00+00:00,XAUUSD,LONG,BREAKOUT,EXPANSION,0.929,50.0,NO_TRADE,ASIA,3243.813,3222.072,3265.554,3265.554,3221.695,STOP,0.001,2.1741,0.4286,21.741,-2.2118,-1.0173,0.262,1.004,150,0.476,4.964,0.05,0.12,0.0,clear,compression -> confirmed range break + momentum,505.0529
2025-05-19 18:35:00+00:00,2025-05-19 21:00:00+00:00,XAUUSD,SHORT,LIQUIDITY_REVERSAL,CHOPPY,0.589,80.0,B,NEWYORK,3229.202,3240.042,3218.362,3218.362,3233.196,SESSION_END,0.002,2.1679,0.4292,10.84,-0.7988,-0.3685,0.384,0.596,145,0.206,2.735,0.05,0.05,0.0,clear,sweep + rejection + CHoCH + displacement,504.2541
2025-05-21 11:46:00+00:00,2025-05-21 19:46:00+00:00,XAUUSD,SHORT,LIQUIDITY_REVERSAL,LIQUIDITY_REVERSAL,0.7,85.0,A,LONDON,3310.401,3331.23,3289.573,3289.573,3314.917,TIME,0.001,2.0829,0.4131,20.829,-0.4516,-0.2168,0.947,0.282,480,0.207,2.863,0.05,0.05,0.0,clear,sweep + rejection + CHoCH + displacement,503.8025
2025-05-22 02:11:00+00:00,2025-05-22 10:11:00+00:00,XAUUSD,LONG,BREAKOUT,COMPRESSION,0.989,80.0,B,ASIA,3328.409,3306.431,3350.387,3350.387,3309.124,TIME,0.001,2.1978,0.4362,21.978,-1.9285,-0.8775,0.764,0.996,480,0.388,2.975,0.05,0.05,0.0,clear,compression -> confirmed range break + momentum,501.874
2025-05-23 13:42:00+00:00,2025-05-23 18:00:00+00:00,XAUUSD,LONG,BREAKOUT,STRONG_BULL,0.904,85.0,A,OVERLAP,3357.359,3335.935,3378.784,3378.784,3359.456,SESSION_END,0.001,2.1424,0.4269,21.424,0.2097,0.0979,0.329,0.985,258,0.323,6.285,0.05,0.05,0.0,clear,compression -> confirmed range break + momentum,502.0837
2025-05-30 03:12:00+00:00,2025-05-30 11:12:00+00:00,XAUUSD,SHORT,BREAKOUT,COMPRESSION,0.979,50.0,NO_TRADE,ASIA,3304.756,3324.618,3284.895,3284.895,3298.543,TIME,0.001,1.9861,0.3956,19.861,0.6213,0.3128,0.887,0.055,480,0.424,3.255,0.05,0.05,0.0,clear,compression -> confirmed range break + momentum,502.705
2025-06-02 07:06:00+00:00,2025-06-02 07:27:00+00:00,XAUUSD,LONG,BREAKOUT,BULL,0.84,80.0,B,LONDON,3326.457,3315.787,3337.126,3337.126,3337.014,TP2,0.002,2.1339,0.4245,10.669,2.1114,0.9895,1.033,0.107,21,0.204,2.38,0.05,0.0,0.0,clear,compression -> confirmed range break + momentum,504.8164
2025-06-02 08:06:00+00:00,2025-06-02 13:23:00+00:00,XAUUSD,LONG,BREAKOUT,STRONG_BULL,0.893,85.0,A,LONDON,3346.948,3331.676,3362.22,3362.22,3362.114,TP2,0.001,1.5272,0.3025,15.272,1.5166,0.9931,1.011,0.182,317,0.246,3.303,0.05,0.0,0.0,clear,compression -> confirmed range break + momentum,506.333
2025-06-03 13:06:00+00:00,2025-06-03 15:03:00+00:00,XAUUSD,SHORT,LIQUIDITY_REVERSAL,LIQUIDITY_REVERSAL,1.0,80.0,B,OVERLAP,3353.766,3371.157,3336.375,3336.375,3336.501,TP2,0.001,1.7391,0.3435,17.391,1.7265,0.9928,1.123,0.528,117,0.164,2.013,0.05,0.0,0.0,clear,sweep + rejection + CHoCH + displacement,508.0595
2025-06-05 10:56:00+00:00,2025-06-05 14:01:00+00:00,XAUUSD,LONG,BREAKOUT,EXPANSION,0.855,85.0,A,LONDON,3389.699,3375.01,3404.389,3404.389,3374.736,STOP,0.001,1.469,0.2891,14.69,-1.4963,-1.0186,0.918,1.008,185,0.249,3.088,0.05,0.12,0.0,clear,compression -> confirmed range break + momentum,506.5632
2025-06-06 15:07:00+00:00,2025-06-06 18:00:00+00:00,XAUUSD,SHORT,BREAKOUT,BEAR,0.918,70.0,NO_TRADE,OVERLAP,3337.426,3362.44,3312.412,3312.412,3323.664,SESSION_END,0.001,2.5014,0.4938,25.014,1.3762,0.5502,0.854,0.18,173,0.344,5.78,0.05,0.05,0.0,clear,compression -> confirmed range break + momentum,507.9394
2025-06-09 12:56:00+00:00,2025-06-09 16:24:00+00:00,XAUUSD,SHORT,LIQUIDITY_REVERSAL,LIQUIDITY_REVERSAL,0.7,95.0,A+,OVERLAP,3316.058,3330.188,3301.928,3301.928,3330.441,STOP,0.001,1.413,0.2782,14.13,-1.4383,-1.0179,0.392,1.001,208,0.194,2.436,0.05,0.12,0.0,clear,sweep + rejection + CHoCH + displacement,506.5011
2025-06-12 01:32:00+00:00,2025-06-12 08:44:00+00:00,XAUUSD,LONG,TREND_CONTINUATION,STRONG_BULL,0.927,80.0,B,ASIA,3366.308,3342.26,3390.356,3390.356,3342.007,STOP,0.001,2.4048,0.4748,24.048,-2.4301,-1.0105,0.467,1.161,432,0.48,3.607,0.05,0.12,0.0,clear,trend pullback + LTF BOS,504.071
2025-06-12 11:33:00+00:00,2025-06-12 19:33:00+00:00,XAUUSD,LONG,BREAKOUT,BULL,0.882,85.0,A,LONDON,3380.615,3357.196,3404.033,3404.033,3383.497,TIME,0.001,2.3418,0.4646,23.418,0.2883,0.1231,0.774,0.327,480,0.279,4.086,0.05,0.05,0.0,clear,compression -> confirmed range break + momentum,504.3593
2025-06-13 00:53:00+00:00,2025-06-13 01:07:00+00:00,XAUUSD,LONG,BREAKOUT,COMPRESSION,0.984,65.0,NO_TRADE,ASIA,3390.488,3377.083,3403.894,3403.894,3403.717,TP2,0.001,1.3405,0.2658,13.405,1.3228,0.9868,1.438,0.0,14,0.287,1.851,0.05,0.0,0.0,clear,compression -> confirmed range break + momentum,505.6821
2025-06-13 01:57:00+00:00,2025-06-13 03:53:00+00:00,XAUUSD,LONG,BREAKOUT,BULL,0.814,65.0,NO_TRADE,ASIA,3417.884,3395.082,3440.685,3440.685,3440.439,TP2,0.001,2.2801,0.4509,22.801,2.2555,0.9892,1.017,0.194,116,0.558,5.724,0.05,0.0,0.0,clear,compression -> confirmed range break + momentum,507.9376
2025-06-13 14:36:00+00:00,2025-06-13 15:14:00+00:00,XAUUSD,LONG,BREAKOUT,BULL,0.981,85.0,A,OVERLAP,3445.651,3427.639,3463.662,3463.662,3427.404,STOP,0.001,1.8012,0.3546,18.012,-1.8246,-1.013,0.055,1.045,38,0.211,4.019,0.05,0.12,0.0,clear,compression -> confirmed range break + momentum,506.113
2025-06-16 12:36:00+00:00,2025-06-16 14:16:00+00:00,XAUUSD,SHORT,LIQUIDITY_REVERSAL,LIQUIDITY_REVERSAL,0.8,80.0,B,OVERLAP,3418.051,3430.361,3405.741,3405.741,3405.831,TP2,0.002,2.4619,0.4864,12.31,2.444,0.9927,1.0,0.114,100,0.168,2.641,0.05,0.0,0.0,clear,sweep + rejection + CHoCH + displacement,508.557
2025-06-19 07:33:00+00:00,2025-06-19 08:39:00+00:00,XAUUSD,SHORT,BREAKOUT,BEAR,0.841,85.0,A,LONDON,3349.699,3364.838,3334.559,3334.559,3365.105,STOP,0.001,1.514,0.2977,15.14,-1.5406,-1.0176,0.161,1.048,66,0.293,3.813,0.05,0.12,0.0,clear,compression -> confirmed range break + momentum,507.0164
2025-06-23 19:36:00+00:00,2025-06-23 21:00:00+00:00,XAUUSD,SHORT,LIQUIDITY_REVERSAL,CHOPPY,0.558,85.0,A,NEWYORK,3378.976,3401.608,3356.345,3356.345,3377.676,SESSION_END,0.001,2.2632,0.4464,22.632,0.13,0.0574,0.157,0.129,84,0.298,3.549,0.05,0.05,0.0,clear,sweep + rejection + CHoCH + displacement,507.1463
2025-06-24 10:07:00+00:00,2025-06-24 13:32:00+00:00,XAUUSD,SHORT,TREND_CONTINUATION,BEAR,0.608,90.0,A+,LONDON,3323.195,3338.621,3307.769,3307.769,3307.879,TP2,0.001,1.5426,0.3042,15.426,1.5315,0.9928,1.039,0.362,205,0.228,3.408,0.05,0.0,0.0,clear,trend pullback + LTF BOS,508.6779
2025-06-24 14:44:00+00:00,2025-06-24 20:38:00+00:00,XAUUSD,SHORT,BREAKOUT,STRONG_BEAR,0.99,70.0,NO_TRADE,OVERLAP,3300.75,3324.791,3276.709,3276.709,3325.003,STOP,0.001,2.4041,0.4726,24.041,-2.4253,-1.0088,0.235,1.008,354,0.27,4.802,0.05,0.12,0.0,clear,compression -> confirmed range break + momentum,506.2526
2025-06-26 13:26:00+00:00,2025-06-26 14:03:00+00:00,XAUUSD,LONG,LIQUIDITY_REVERSAL,LIQUIDITY_REVERSAL,0.8,100.0,A+,OVERLAP,3338.483,3319.134,3357.832,3357.832,3318.857,STOP,0.001,1.9349,0.3822,19.349,-1.9626,-1.0143,0.28,1.055,37,0.216,2.251,0.05,0.12,0.0,clear,sweep + rejection + CHoCH + displacement,504.29
2025-06-30 11:41:00+00:00,2025-06-30 17:42:00+00:00,XAUUSD,SHORT,LIQUIDITY_REVERSAL,LIQUIDITY_REVERSAL,0.8,90.0,A+,LONDON,3283.088,3294.829,3271.347,3271.347,3295.058,STOP,0.002,2.3482,0.4656,11.741,-2.394,-1.0195,0.74,1.01,361,0.194,2.286,0.05,0.12,0.0,clear,sweep + rejection + CHoCH + displacement,501.896
2025-07-01 07:51:00+00:00,2025-07-01 10:52:00+00:00,XAUUSD,LONG,BREAKOUT,STRONG_BULL,1.0,85.0,A,LONDON,3334.178,3321.947,3346.408,3346.408,3346.298,TP2,0.002,2.4461,0.4892,12.23,2.4241,0.991,1.045,0.304,181,0.226,1.984,0.05,0.0,0.0,clear,compression -> confirmed range break + momentum,502.4241
2025-07-02 08:51:00+00:00,2025-07-02 16:51:00+00:00,XAUUSD,LONG,LIQUIDITY_REVERSAL,LIQUIDITY_REVERSAL,1.0,100.0,A+,LONDON,3335.482,3313.558,3357.407,3357.407,3341.414,TIME,0.001,2.1925,0.4364,21.925,0.5931,0.2705,0.705,0.125,480,0.254,2.676,0.05,0.05,0.0,clear,sweep + rejection + CHoCH + displacement,503.0173
2025-07-03 18:32:00+00:00,2025-07-03 21:00:00+00:00,XAUUSD,SHORT,LIQUIDITY_REVERSAL,LIQUIDITY_REVERSAL,0.8,75.0,B,NEWYORK,3330.18,3342.489,3317.871,3317.871,3328.735,SESSION_END,0.002,2.4618,0.4894,12.309,0.289,0.1174,0.257,0.039,148,0.23,1.85,0.05,0.05,0.0,clear,sweep + rejection + CHoCH + displacement,503.3063
2025-07-04 07:06:00+00:00,2025-07-04 15:06:00+00:00,XAUUSD,LONG,LIQUIDITY_REVERSAL,LIQUIDITY_REVERSAL,0.8,70.0,NO_TRADE,LONDON,3343.2,3329.934,3356.466,3356.466,3332.711,TIME,0.001,1.3266,0.2636,13.266,-1.049,-0.7907,0.129,0.905,480,0.191,1.398,0.05,0.05,0.0,clear,sweep + rejection + CHoCH + displacement,502.2573
2025-07-09 06:40:00+00:00,2025-07-09 14:40:00+00:00,XAUUSD,SHORT,TREND_CONTINUATION,STRONG_BEAR,0.959,85.0,A,ASIA,3290.609,3308.857,3272.362,3272.362,3292.503,TIME,0.001,1.8248,0.3633,18.248,-0.1893,-0.1038,0.449,0.479,480,0.412,2.231,0.05,0.05,0.0,clear,trend pullback + LTF BOS,502.068
2025-07-09 19:21:00+00:00,2025-07-09 21:00:00+00:00,XAUUSD,LONG,LIQUIDITY_REVERSAL,LIQUIDITY_REVERSAL,0.8,85.0,A,NEWYORK,3312.103,3299.86,3324.346,3324.346,3314.204,SESSION_END,0.002,2.4486,0.4877,12.243,0.4201,0.1716,0.367,0.177,99,0.216,1.831,0.05,0.05,0.0,clear,sweep + rejection + CHoCH + displacement,502.4881
2025-07-10 09:39:00+00:00,2025-07-10 14:58:00+00:00,XAUUSD,LONG,LIQUIDITY_REVERSAL,LIQUIDITY_REVERSAL,0.8,100.0,A+,LONDON,3324.046,3313.077,3335.014,3335.014,3312.813,STOP,0.002,2.1937,0.4366,10.968,-2.2466,-1.0241,0.551,1.019,319,0.201,1.693,0.05,0.12,0.0,clear,sweep + rejection + CHoCH + displacement,500.2415
2025-07-11 09:56:00+00:00,2025-07-11 13:35:00+00:00,XAUUSD,SHORT,LIQUIDITY_REVERSAL,LIQUIDITY_REVERSAL,0.7,85.0,A,LONDON,3334.758,3351.725,3317.792,3317.792,3351.973,STOP,0.001,1.6966,0.3392,16.966,-1.7215,-1.0146,0.126,1.052,219,0.273,2.535,0.05,0.12,0.0,clear,sweep + rejection + CHoCH + displacement,498.52
2025-07-16 12:01:00+00:00,2025-07-16 14:48:00+00:00,XAUUSD,SHORT,BREAKOUT,COMPRESSION,0.958,80.0,B,OVERLAP,3335.029,3344.837,3325.221,3325.221,3325.375,TP2,0.002,1.9616,0.3935,9.808,1.9308,0.9843,1.187,0.589,167,0.192,1.567,0.05,0.0,0.0,clear,compression -> confirmed range break + momentum,500.4508
2025-07-18 12:07:00+00:00,2025-07-18 18:00:00+00:00,XAUUSD,LONG,TREND_CONTINUATION,BULL,0.919,85.0,A,OVERLAP,3353.165,3342.193,3364.136,3364.136,3353.092,SESSION_END,0.002,2.1943,0.4385,10.972,-0.0146,-0.0067,0.717,0.198,353,0.2,1.795,0.05,0.05,0.0,clear,trend pullback + LTF BOS,500.4362
2025-07-21 12:30:00+00:00,2025-07-21 13:34:00+00:00,XAUUSD,LONG,BREAKOUT,BULL,0.964,70.0,NO_TRADE,OVERLAP,3373.551,3363.56,3383.542,3383.542,3383.429,TP2,0.002,1.9982,0.3993,9.991,1.9756,0.9887,1.091,0.292,64,0.192,1.543,0.05,0.0,0.0,clear,compression -> confirmed range break + momentum,502.4118
2025-07-21 14:07:00+00:00,2025-07-21 15:40:00+00:00,XAUUSD,LONG,BREAKOUT,STRONG_BULL,1.0,70.0,NO_TRADE,OVERLAP,3388.918,3376.984,3400.852,3400.852,3400.711,TP2,0.002,2.3868,0.4751,11.934,2.3585,0.9881,1.015,0.468,93,0.246,2.278,0.05,0.0,0.0,clear,compression -> confirmed range break + momentum,504.7703
2025-07-22 14:01:00+00:00,2025-07-22 15:32:00+00:00,XAUUSD,LONG,BREAKOUT,BULL,0.851,85.0,A,OVERLAP,3407.48,3389.159,3425.801,3425.801,3425.622,TP2,0.001,1.8321,0.363,18.321,1.8142,0.9902,1.003,0.17,91,0.264,2.49,0.05,0.0,0.0,clear,compression -> confirmed range break + momentum,506.5845
2025-07-24 13:43:00+00:00,2025-07-24 21:00:00+00:00,XAUUSD,SHORT,TREND_CONTINUATION,STRONG_BEAR,1.0,100.0,A+,OVERLAP,3357.857,3378.171,3337.544,3337.544,3370.788,SESSION_END,0.001,2.0313,0.401,20.313,-1.2931,-0.6366,0.329,0.95,437,0.216,2.477,0.05,0.05,0.0,clear,trend pullback + LTF BOS,505.2914
2025-07-25 12:06:00+00:00,2025-07-25 16:00:00+00:00,XAUUSD,SHORT,TREND_CONTINUATION,STRONG_BEAR,1.0,85.0,A,OVERLAP,3342.528,3356.652,3328.405,3328.405,3328.586,TP2,0.001,1.4124,0.2795,14.124,1.3942,0.9871,1.013,0.345,234,0.193,1.875,0.05,0.0,0.0,clear,trend pullback + LTF BOS,506.6856
2025-07-28 00:01:00+00:00,2025-07-28 08:01:00+00:00,XAUUSD,SHORT,TREND_CONTINUATION,BEAR,0.603,80.0,B,ASIA,3330.733,3352.494,3308.971,3308.971,3341.31,TIME,0.001,2.1761,0.4295,21.761,-1.0577,-0.486,0.15,0.662,480,0.531,2.914,0.05,0.05,0.0,clear,trend pullback + LTF BOS,505.6279
2025-07-29 08:01:00+00:00,2025-07-29 16:01:00+00:00,XAUUSD,SHORT,LIQUIDITY_REVERSAL,LIQUIDITY_REVERSAL,0.7,90.0,A+,LONDON,3316.704,3331.554,3301.854,3301.854,3327.276,TIME,0.001,1.485,0.2937,14.85,-1.0573,-0.712,0.377,0.878,480,0.242,2.314,0.05,0.05,0.0,clear,sweep + rejection + CHoCH + displacement,504.5707
2025-08-04 17:11:00+00:00,2025-08-04 21:00:00+00:00,XAUUSD,LONG,TREND_CONTINUATION,BULL,1.0,85.0,A,NEWYORK,3376.035,3361.234,3390.835,3390.835,3374.527,SESSION_END,0.001,1.4801,0.2933,14.801,-0.1508,-0.1019,0.133,0.382,229,0.274,2.49,0.05,0.05,0.0,clear,trend pullback + LTF BOS,504.4199
2025-08-06 13:56:00+00:00,2025-08-06 21:00:00+00:00,XAUUSD,LONG,LIQUIDITY_REVERSAL,LIQUIDITY_REVERSAL,1.0,100.0,A+,OVERLAP,3368.142,3347.699,3388.586,3388.586,3370.464,SESSION_END,0.001,2.0444,0.4053,20.444,0.2321,0.1135,0.57,0.15,424,0.234,2.347,0.05,0.05,0.0,clear,sweep + rejection + CHoCH + displacement,504.652
2025-08-07 19:21:00+00:00,2025-08-07 21:00:00+00:00,XAUUSD,SHORT,LIQUIDITY_REVERSAL,CHOPPY,0.754,75.0,B,NEWYORK,3389.301,3401.546,3377.057,3377.057,3398.912,SESSION_END,0.002,2.4489,0.4853,12.245,-1.9222,-0.7849,0.19,0.914,99,0.228,1.835,0.05,0.05,0.0,clear,sweep + rejection + CHoCH + displacement,502.7298
2025-08-11 07:34:00+00:00,2025-08-11 12:27:00+00:00,XAUUSD,SHORT,BREAKOUT,COMPRESSION,0.968,65.0,NO_TRADE,LONDON,3364.949,3379.877,3350.022,3350.022,3350.115,TP2,0.001,1.4927,0.2969,14.927,1.4834,0.9938,1.007,0.281,293,0.191,2.427,0.05,0.0,0.0,clear,compression -> confirmed range break + momentum,504.2132
2025-08-12 07:21:00+00:00,2025-08-12 15:21:00+00:00,XAUUSD,SHORT,BREAKOUT,COMPRESSION,0.989,80.0,B,LONDON,3344.782,3358.908,3330.657,3330.657,3332.074,TIME,0.001,1.4126,0.2802,14.126,1.2708,0.8996,0.983,0.932,480,0.205,2.398,0.05,0.05,0.0,clear,compression -> confirmed range break + momentum,505.484
2025-08-21 13:36:00+00:00,2025-08-21 21:00:00+00:00,XAUUSD,LONG,LIQUIDITY_REVERSAL,LIQUIDITY_REVERSAL,0.7,90.0,A+,OVERLAP,3343.148,3324.488,3361.808,3361.808,3338.353,SESSION_END,0.001,1.866,0.3692,18.66,-0.4795,-0.257,0.257,0.394,444,0.3,2.699,0.05,0.05,0.0,clear,sweep + rejection + CHoCH + displacement,505.0045
2025-08-22 13:21:00+00:00,2025-08-22 15:00:00+00:00,XAUUSD,LONG,LIQUIDITY_REVERSAL,LIQUIDITY_REVERSAL,1.0,85.0,A,OVERLAP,3329.31,3317.537,3341.083,3341.083,3340.936,TP2,0.002,2.3546,0.4663,11.773,2.3251,0.9875,1.417,0.702,99,0.224,1.726,0.05,0.0,0.0,clear,sweep + rejection + CHoCH + displacement,507.3296
2025-08-25 14:39:00+00:00,2025-08-25 21:00:00+00:00,XAUUSD,LONG,LIQUIDITY_REVERSAL,LIQUIDITY_REVERSAL,0.8,100.0,A+,OVERLAP,3367.54,3353.314,3381.767,3381.767,3364.556,SESSION_END,0.001,1.4226,0.2804,14.226,-0.2984,-0.2098,0.604,0.179,381,0.231,1.749,0.05,0.05,0.0,clear,sweep + rejection + CHoCH + displacement,507.0312
2025-08-26 10:01:00+00:00,2025-08-26 16:56:00+00:00,XAUUSD,SHORT,LIQUIDITY_REVERSAL,CHOPPY,0.75,85.0,A,LONDON,3374.676,3388.291,3361.061,3361.061,3388.559,STOP,0.001,1.3615,0.2685,13.615,-1.3883,-1.0197,0.56,1.065,415,0.279,2.041,0.05,0.12,0.0,clear,sweep + rejection + CHoCH + displacement,505.6428
2025-09-01 12:52:00+00:00,2025-09-01 15:21:00+00:00,XAUUSD,SHORT,LIQUIDITY_REVERSAL,LIQUIDITY_REVERSAL,0.8,85.0,A,OVERLAP,3469.551,3480.256,3458.845,3458.845,3480.478,STOP,0.002,2.1411,0.4234,10.706,-2.1854,-1.0207,0.24,1.023,149,0.209,2.322,0.05,0.12,0.0,clear,sweep + rejection + CHoCH + displacement,503.4574
2025-09-03 01:27:00+00:00,2025-09-03 09:27:00+00:00,XAUUSD,LONG,BREAKOUT,COMPRESSION,0.921,60.0,NO_TRADE,ASIA,3540.419,3516.461,3564.376,3564.376,3539.445,TIME,0.001,2.3957,0.4759,23.957,-0.0973,-0.0406,0.221,0.581,480,0.448,2.927,0.05,0.05,0.0,clear,compression -> confirmed range break + momentum,503.3601
2025-09-03 14:31:00+00:00,2025-09-03 17:56:00+00:00,XAUUSD,LONG,BREAKOUT,BULL,1.0,85.0,A,OVERLAP,3558.039,3545.477,3570.6,3570.6,3570.483,TP2,0.002,2.5122,0.4991,12.561,2.489,0.9907,1.028,0.718,205,0.247,3.67,0.05,0.0,0.0,clear,compression -> confirmed range break + momentum,505.8491
2025-09-05 14:54:00+00:00,2025-09-05 18:00:00+00:00,XAUUSD,LONG,BREAKOUT,STRONG_BULL,0.794,65.0,NO_TRADE,OVERLAP,3590.929,3569.407,3612.45,3612.45,3595.24,SESSION_END,0.001,2.1522,0.4255,21.522,0.4312,0.2003,0.417,0.861,186,0.367,6.221,0.05,0.05,0.0,clear,compression -> confirmed range break + momentum,506.2802
2025-09-08 02:13:00+00:00,2025-09-08 08:39:00+00:00,XAUUSD,SHORT,LIQUIDITY_REVERSAL,LIQUIDITY_REVERSAL,0.7,80.0,B,ASIA,3587.622,3612.359,3562.886,3562.886,3612.601,STOP,0.001,2.4737,0.4886,24.737,-2.4979,-1.0098,0.334,1.039,386,0.486,3.366,0.05,0.12,0.0,clear,sweep + rejection + CHoCH + displacement,503.7823
2025-09-08 12:34:00+00:00,2025-09-08 14:02:00+00:00,XAUUSD,LONG,TREND_CONTINUATION,STRONG_BULL,1.0,80.0,B,OVERLAP,3616.639,3606.777,3626.502,3626.502,3626.4,TP2,0.002,1.9726,0.3916,9.863,1.952,0.9896,1.246,0.43,88,0.189,2.302,0.05,0.0,0.0,clear,trend pullback + LTF BOS,505.7344
2025-09-08 15:40:00+00:00,2025-09-08 21:00:00+00:00,XAUUSD,LONG,TREND_CONTINUATION,STRONG_BULL,1.0,85.0,A,OVERLAP,3634.546,3615.918,3653.174,3653.174,3636.709,SESSION_END,0.001,1.8628,0.3683,18.628,0.2163,0.1161,0.621,0.149,320,0.262,4.086,0.05,0.05,0.0,clear,trend pullback + LTF BOS,505.9506
2025-09-09 13:19:00+00:00,2025-09-09 14:37:00+00:00,XAUUSD,LONG,LIQUIDITY_REVERSAL,LIQUIDITY_REVERSAL,0.8,90.0,A+,OVERLAP,3651.892,3637.391,3666.392,3666.392,3666.271,TP2,0.001,1.45,0.2866,14.5,1.4379,0.9916,1.059,0.578,78,0.193,2.533,0.05,0.0,0.0,clear,sweep + rejection + CHoCH + displacement,507.3885
2025-09-10 15:46:00+00:00,2025-09-10 21:00:00+00:00,XAUUSD,SHORT,LIQUIDITY_REVERSAL,LIQUIDITY_REVERSAL,1.0,85.0,A,OVERLAP,3648.458,3667.126,3629.789,3629.789,3642.053,SESSION_END,0.001,1.8668,0.3679,18.668,0.6404,0.3431,0.717,0.061,314,0.235,3.433,0.05,0.05,0.0,clear,sweep + rejection + CHoCH + displacement,508.029
2025-09-11 07:01:00+00:00,2025-09-11 13:32:00+00:00,XAUUSD,SHORT,BREAKOUT,BEAR,0.556,55.0,NO_TRADE,LONDON,3624.227,3637.817,3610.637,3610.637,3638.046,STOP,0.001,1.359,0.2675,13.59,-1.3819,-1.0169,0.939,1.163,391,0.236,2.467,0.05,0.12,0.0,clear,compression -> confirmed range break + momentum,506.6471
2025-09-12 01:49:00+00:00,2025-09-12 04:56:00+00:00,XAUUSD,LONG,LIQUIDITY_REVERSAL,CHOPPY,0.639,80.0,B,ASIA,3636.404,3620.444,3652.363,3652.363,3652.175,TP2,0.001,1.596,0.315,15.96,1.5771,0.9882,1.017,0.089,187,0.337,1.649,0.05,0.0,0.0,clear,sweep + rejection + CHoCH + displacement,508.2242
2025-09-16 02:07:00+00:00,2025-09-16 10:07:00+00:00,XAUUSD,SHORT,LIQUIDITY_REVERSAL,LIQUIDITY_REVERSAL,1.0,75.0,B,ASIA,3681.078,3702.518,3659.638,3659.638,3694.23,TIME,0.001,2.144,0.4219,21.44,-1.3152,-0.6134,0.309,0.744,480,0.44,2.372,0.05,0.05,0.0,clear,sweep + rejection + CHoCH + displacement,506.909
2025-09-16 10:34:00+00:00,2025-09-16 14:03:00+00:00,XAUUSD,LONG,TREND_CONTINUATION,BULL,0.922,85.0,A,LONDON,3696.949,3685.456,3708.442,3708.442,3685.222,STOP,0.002,2.2986,0.4535,11.493,-2.3455,-1.0204,0.21,1.011,209,0.229,2.246,0.05,0.12,0.0,clear,trend pullback + LTF BOS,504.5635
2025-09-18 13:37:00+00:00,2025-09-18 14:33:00+00:00,XAUUSD,SHORT,LIQUIDITY_REVERSAL,LIQUIDITY_REVERSAL,1.0,100.0,A+,OVERLAP,3665.521,3683.92,3647.121,3647.121,3647.244,TP2,0.001,1.8399,0.3647,18.399,1.8276,0.9933,1.007,0.23,56,0.208,2.804,0.05,0.0,0.0,clear,sweep + rejection + CHoCH + displacement,506.3912
2025-09-22 07:11:00+00:00,2025-09-22 07:38:00+00:00,XAUUSD,LONG,BREAKOUT,STRONG_BULL,1.0,85.0,A,LONDON,3700.347,3686.651,3714.042,3714.042,3713.925,TP2,0.001,1.3695,0.2704,13.695,1.3578,0.9915,1.0,0.091,27,0.223,2.165,0.05,0.0,0.0,clear,compression -> confirmed range break + momentum,507.749
2025-09-22 10:21:00+00:00,2025-09-22 13:24:00+00:00,XAUUSD,LONG,BREAKOUT,STRONG_BULL,1.0,85.0,A,LONDON,3724.162,3712.46,3735.865,3735.865,3712.237,STOP,0.002,2.3405,0.461,11.702,-2.3851,-1.0191,0.34,1.039,183,0.234,2.568,0.05,0.12,0.0,clear,compression -> confirmed range break + momentum,505.3639
2025-09-22 20:52:00+00:00,2025-09-22 21:00:00+00:00,XAUUSD,LONG,TREND_CONTINUATION,STRONG_BULL,1.0,100.0,A+,NEWYORK,3747.452,3733.485,3761.42,3761.42,3747.372,SESSION_END,0.001,1.3968,0.2764,13.968,-0.0081,-0.0058,0.068,0.003,8,0.215,1.769,0.05,0.05,0.0,clear,trend pullback + LTF BOS,505.3558
2025-09-23 02:06:00+00:00,2025-09-23 09:40:00+00:00,XAUUSD,LONG,BREAKOUT,COMPRESSION,0.937,85.0,A,ASIA,3751.695,3734.876,3768.513,3768.513,3768.389,TP2,0.001,1.6819,0.3328,16.819,1.6695,0.9926,1.047,0.906,454,0.393,2.155,0.05,0.0,0.0,clear,compression -> confirmed range break + momentum,507.0253
2025-09-24 11:26:00+00:00,2025-09-24 16:34:00+00:00,XAUUSD,SHORT,BREAKOUT,COMPRESSION,0.937,65.0,NO_TRADE,LONDON,3760.091,3774.457,3745.724,3745.724,3745.876,TP2,0.001,1.4367,0.2834,14.367,1.4215,0.9894,1.014,0.881,308,0.189,2.204,0.05,0.0,0.0,clear,compression -> confirmed range break + momentum,508.4467
2025-09-26 07:09:00+00:00,2025-09-26 14:15:00+00:00,XAUUSD,LONG,LIQUIDITY_REVERSAL,CHOPPY,0.605,80.0,B,LONDON,3747.572,3730.256,3764.889,3764.889,3764.773,TP2,0.001,1.7316,0.3406,17.316,1.72,0.9933,1.048,0.494,426,0.194,2.263,0.05,0.0,0.0,clear,sweep + rejection + CHoCH + displacement,510.1668
2025-09-29 08:14:00+00:00,2025-09-29 12:57:00+00:00,XAUUSD,LONG,TREND_CONTINUATION,STRONG_BULL,0.957,85.0,A,LONDON,3817.025,3803.128,3830.921,3830.921,3830.821,TP2,0.001,1.3896,0.2724,13.896,1.3796,0.9928,1.02,0.888,283,0.279,4.067,0.05,0.0,0.0,clear,trend pullback + LTF BOS,511.5464
2025-09-30 01:06:00+00:00,2025-09-30 04:18:00+00:00,XAUUSD,LONG,BREAKOUT,COMPRESSION,0.916,80.0,B,ASIA,3837.571,3819.712,3855.431,3855.431,3855.229,TP2,0.001,1.7859,0.3491,17.859,1.7658,0.9887,1.01,0.295,192,0.313,2.049,0.05,0.0,0.0,clear,compression -> confirmed range break + momentum,513.3122
2025-10-01 10:22:00+00:00,2025-10-01 15:47:00+00:00,XAUUSD,SHORT,LIQUIDITY_REVERSAL,BULL,0.834,75.0,B,LONDON,3886.137,3910.021,3862.253,3862.253,3862.374,TP2,0.001,2.3884,0.4653,23.884,2.3763,0.9949,1.025,0.218,325,0.236,3.553,0.05,0.0,0.0,clear,sweep + rejection + CHoCH + displacement,515.6885
2025-10-02 08:27:00+00:00,2025-10-02 12:56:00+00:00,XAUUSD,SHORT,LIQUIDITY_REVERSAL,CHOPPY,0.574,80.0,B,LONDON,3868.196,3885.777,3850.615,3850.615,3885.987,STOP,0.001,1.7581,0.3409,17.581,-1.7791,-1.012,0.38,1.028,269,0.218,2.836,0.05,0.12,0.0,clear,sweep + rejection + CHoCH + displacement,513.9093
2025-10-06 08:49:00+00:00,2025-10-06 16:49:00+00:00,XAUUSD,LONG,TREND_CONTINUATION,STRONG_BULL,1.0,85.0,A,LONDON,3937.926,3913.482,3962.371,3962.371,3955.665,TIME,0.001,2.4445,0.4757,24.445,1.7738,0.7257,0.848,0.47,480,0.257,3.853,0.05,0.05,0.0,clear,trend pullback + LTF BOS,515.6832
2025-10-06 17:11:00+00:00,2025-10-06 21:00:00+00:00,XAUUSD,LONG,TREND_CONTINUATION,BULL,1.0,80.0,B,NEWYORK,3955.734,3933.552,3977.916,3977.916,3958.188,SESSION_END,0.001,2.2182,0.4301,22.182,0.2454,0.1106,0.411,0.455,229,0.299,4.784,0.05,0.05,0.0,clear,trend pullback + LTF BOS,515.9286
2025-10-08 00:51:00+00:00,2025-10-08 03:54:00+00:00,XAUUSD,LONG,BREAKOUT,COMPRESSION,0.968,80.0,B,ASIA,3995.039,3979.921,4010.158,4010.158,4009.97,TP2,0.001,1.5118,0.293,15.118,1.4931,0.9876,1.03,0.727,183,0.309,2.255,0.05,0.0,0.0,clear,compression -> confirmed range break + momentum,517.4217
2025-10-08 05:06:00+00:00,2025-10-08 08:10:00+00:00,XAUUSD,LONG,BREAKOUT,BULL,0.928,80.0,B,ASIA,4018.195,3998.105,4038.286,4038.286,4038.17,TP2,0.001,2.0091,0.3883,20.091,1.9975,0.9942,1.03,0.07,184,0.38,3.173,0.05,0.0,0.0,clear,compression -> confirmed range break + momentum,519.4192
2025-10-09 06:58:00+00:00,2025-10-09 07:51:00+00:00,XAUUSD,LONG,TREND_CONTINUATION,BULL,0.907,85.0,A,ASIA,4040.882,4023.568,4058.195,4058.195,4023.334,STOP,0.001,1.7313,0.3333,17.313,-1.7548,-1.0135,0.0,1.026,53,0.393,3.587,0.05,0.12,0.0,clear,trend pullback + LTF BOS,517.6644
2025-10-13 11:51:00+00:00,2025-10-13 15:00:00+00:00,XAUUSD,LONG,BREAKOUT,COMPRESSION,0.989,95.0,A+,LONDON,4082.402,4068.474,4096.331,4096.331,4096.233,TP2,0.001,1.3929,0.2691,13.929,1.383,0.9929,1.005,0.678,189,0.175,3.234,0.05,0.0,0.0,clear,compression -> confirmed range break + momentum,519.0474
2025-10-13 15:05:00+00:00,2025-10-13 17:09:00+00:00,XAUUSD,LONG,BREAKOUT,STRONG_BULL,1.0,70.0,NO_TRADE,OVERLAP,4095.043,4078.707,4111.379,4111.379,4111.263,TP2,0.001,1.6336,0.3147,16.336,1.622,0.9929,1.096,0.28,124,0.196,4.713,0.05,0.0,0.0,clear,compression -> confirmed range break + momentum,520.6694
2025-10-14 01:31:00+00:00,2025-10-14 04:09:00+00:00,XAUUSD,LONG,TREND_CONTINUATION,BULL,1.0,100.0,A+,ASIA,4127.922,4103.366,4152.477,4152.477,4152.27,TP2,0.001,2.4556,0.4716,24.556,2.4348,0.9916,1.032,0.207,158,0.393,4.279,0.05,0.0,0.0,clear,trend pullback + LTF BOS,523.1042
2025-10-14 04:14:00+00:00,2025-10-14 06:16:00+00:00,XAUUSD,LONG,BREAKOUT,STRONG_BULL,1.0,85.0,A,ASIA,4155.124,4131.305,4178.944,4178.944,4178.737,TP2,0.001,2.3819,0.4553,23.819,2.3612,0.9913,1.001,0.023,122,0.418,4.679,0.05,0.0,0.0,clear,compression -> confirmed range break + momentum,525.4655
2025-10-14 20:36:00+00:00,2025-10-14 21:00:00+00:00,XAUUSD,SHORT,LIQUIDITY_REVERSAL,LIQUIDITY_REVERSAL,0.8,85.0,A,NEWYORK,4143.406,4162.331,4124.481,4124.481,4143.579,SESSION_END,0.001,1.8925,0.3602,18.925,-0.0174,-0.0092,0.487,0.177,24,0.219,3.561,0.05,0.05,0.0,clear,sweep + rejection + CHoCH + displacement,525.4481
2025-10-15 07:51:00+00:00,2025-10-15 10:21:00+00:00,XAUUSD,LONG,BREAKOUT,COMPRESSION,0.937,80.0,B,LONDON,4196.687,4174.024,4219.349,4219.349,4173.792,STOP,0.001,2.2663,0.4313,22.663,-2.2894,-1.0102,0.94,1.48,150,0.203,4.21,0.05,0.12,0.0,clear,compression -> confirmed range break + momentum,523.1587
2025-10-16 13:41:00+00:00,2025-10-16 14:41:00+00:00,XAUUSD,LONG,LIQUIDITY_REVERSAL,LIQUIDITY_REVERSAL,1.0,95.0,A+,OVERLAP,4234.587,4213.139,4256.036,4256.036,4255.905,TP2,0.001,2.1448,0.41,21.448,2.1317,0.9939,1.009,0.085,60,0.225,5.242,0.05,0.0,0.0,clear,sweep + rejection + CHoCH + displacement,525.2904
2025-10-16 18:48:00+00:00,2025-10-16 21:00:00+00:00,XAUUSD,LONG,TREND_CONTINUATION,BULL,0.89,85.0,A,NEWYORK,4294.112,4269.654,4318.57,4318.57,4307.913,SESSION_END,0.001,2.4458,0.4656,24.458,1.3801,0.5643,0.758,0.865,132,0.314,7.194,0.05,0.05,0.0,clear,trend pullback + LTF BOS,526.6706
2025-10-20 11:15:00+00:00,2025-10-20 12:59:00+00:00,XAUUSD,LONG,LIQUIDITY_REVERSAL,LIQUIDITY_REVERSAL,0.8,75.0,B,LONDON,4253.707,4230.301,4277.113,4277.113,4277.043,TP2,0.001,2.3406,0.4444,23.406,2.3336,0.997,1.091,0.13,104,0.164,4.864,0.05,0.0,0.0,clear,sweep + rejection + CHoCH + displacement,529.0041
2025-10-20 13:16:00+00:00,2025-10-20 13:33:00+00:00,XAUUSD,LONG,BREAKOUT,COMPRESSION,0.963,80.0,B,OVERLAP,4280.043,4257.838,4302.247,4302.247,4302.163,TP2,0.001,2.2204,0.4197,22.204,2.212,0.9962,1.162,0.091,17,0.155,5.107,0.05,0.0,0.0,clear,compression -> confirmed range break + momentum,531.2161
2025-10-20 18:12:00+00:00,2025-10-20 20:07:00+00:00,XAUUSD,LONG,TREND_CONTINUATION,STRONG_BULL,0.923,85.0,A,NEWYORK,4347.382,4330.008,4364.757,4364.757,4364.664,TP2,0.001,1.7375,0.3271,17.375,1.7282,0.9947,1.066,0.601,115,0.195,5.143,0.05,0.0,0.0,clear,trend pullback + LTF BOS,532.9443
2025-10-21 02:41:00+00:00,2025-10-21 06:34:00+00:00,XAUUSD,SHORT,BREAKOUT,COMPRESSION,0.953,70.0,NO_TRADE,ASIA,4344.427,4367.626,4321.229,4321.229,4321.391,TP2,0.001,2.3199,0.4353,23.199,2.3037,0.993,1.148,0.464,233,0.395,6.791,0.05,0.0,0.0,clear,compression -> confirmed range break + momentum,535.248
2025-10-23 06:56:00+00:00,2025-10-23 07:13:00+00:00,XAUUSD,LONG,BREAKOUT,COMPRESSION,0.963,65.0,NO_TRADE,ASIA,4106.066,4080.268,4131.864,4131.864,4131.774,TP2,0.001,2.5798,0.482,25.798,2.5708,0.9965,1.043,0.0,17,0.301,4.987,0.05,0.0,0.0,clear,compression -> confirmed range break + momentum,537.8188
2025-10-23 10:21:00+00:00,2025-10-23 13:23:00+00:00,XAUUSD,SHORT,LIQUIDITY_REVERSAL,LIQUIDITY_REVERSAL,0.8,85.0,A,LONDON,4122.228,4143.753,4100.703,4100.703,4100.791,TP2,0.001,2.1525,0.4002,21.525,2.1437,0.9959,1.034,0.14,182,0.194,6.328,0.05,0.0,0.0,clear,sweep + rejection + CHoCH + displacement,539.9625
2025-10-27 03:16:00+00:00,2025-10-27 08:53:00+00:00,XAUUSD,SHORT,TREND_CONTINUATION,STRONG_BEAR,0.864,85.0,A,ASIA,4071.331,4093.813,4048.85,4048.85,4048.945,TP2,0.001,2.2481,0.4164,22.481,2.2386,0.9958,1.46,0.596,337,0.387,5.548,0.05,0.0,0.0,clear,trend pullback + LTF BOS,542.2011
2025-10-27 09:01:00+00:00,2025-10-27 11:11:00+00:00,XAUUSD,SHORT,BREAKOUT,STRONG_BEAR,0.872,70.0,NO_TRADE,LONDON,4048.256,4073.852,4022.66,4022.66,4022.777,TP2,0.001,2.5596,0.4721,25.596,2.5479,0.9954,1.09,0.043,130,0.238,6.507,0.05,0.0,0.0,clear,compression -> confirmed range break + momentum,544.749
2025-10-27 11:45:00+00:00,2025-10-27 12:49:00+00:00,XAUUSD,SHORT,BREAKOUT,STRONG_BEAR,0.936,70.0,NO_TRADE,LONDON,4020.054,4044.167,3995.941,3995.941,4044.391,STOP,0.001,2.4113,0.4426,24.113,-2.4337,-1.0093,0.0,1.017,64,0.243,6.973,0.05,0.12,0.0,clear,compression -> confirmed range break + momentum,542.3153
2025-10-28 19:57:00+00:00,2025-10-28 22:00:00+00:00,XAUUSD,LONG,LIQUIDITY_REVERSAL,LIQUIDITY_REVERSAL,0.8,80.0,B,NEWYORK,3960.31,3933.265,3987.355,3987.355,3954.813,SESSION_END,0.001,2.7045,0.4987,27.045,-0.5497,-0.2033,0.047,0.405,63,0.21,4.64,0.05,0.05,0.0,clear,sweep + rejection + CHoCH + displacement,541.7656
2025-10-29 06:46:00+00:00,2025-10-29 07:28:00+00:00,XAUUSD,LONG,BREAKOUT,COMPRESSION,0.932,65.0,NO_TRADE,ASIA,3980.479,3962.865,3998.093,3998.093,3997.986,TP2,0.001,1.7614,0.3251,17.614,1.7507,0.994,1.014,0.337,42,0.368,5.141,0.05,0.0,0.0,clear,compression -> confirmed range break + momentum,543.5163
2025-10-29 09:55:00+00:00,2025-10-29 13:40:00+00:00,XAUUSD,LONG,BREAKOUT,BULL,0.577,50.0,NO_TRADE,LONDON,4027.542,4003.206,4051.878,4051.878,4002.986,STOP,0.001,2.4336,0.4477,24.336,-2.4556,-1.009,0.099,1.033,225,0.194,4.787,0.05,0.12,0.0,clear,compression -> confirmed range break + momentum,541.0607
2025-10-30 12:37:00+00:00,2025-10-30 14:07:00+00:00,XAUUSD,SHORT,LIQUIDITY_REVERSAL,CHOPPY,0.567,90.0,A+,OVERLAP,3976.282,4002.623,3949.942,3949.942,4002.865,STOP,0.001,2.634,0.4868,26.34,-2.6583,-1.0092,0.62,1.073,90,0.206,6.381,0.05,0.12,0.0,clear,sweep + rejection + CHoCH + displacement,538.4024
2025-10-31 02:13:00+00:00,2025-10-31 03:13:00+00:00,XAUUSD,SHORT,BREAKOUT,COMPRESSION,0.979,70.0,NO_TRADE,ASIA,4015.261,4034.45,3996.071,3996.071,3996.27,TP2,0.001,1.919,0.3564,19.19,1.8991,0.9896,1.268,0.125,60,0.368,5.608,0.05,0.0,0.0,clear,compression -> confirmed range break + momentum,540.3015
2025-11-03 14:45:00+00:00,2025-11-03 21:00:00+00:00,XAUUSD,SHORT,LIQUIDITY_REVERSAL,CHOPPY,0.635,80.0,B,OVERLAP,4012.017,4035.362,3988.672,3988.672,4008.234,SESSION_END,0.001,2.3345,0.4321,23.345,0.3782,0.162,0.729,0.787,375,0.196,4.846,0.05,0.05,0.0,clear,sweep + rejection + CHoCH + displacement,540.6797
2025-11-04 13:36:00+00:00,2025-11-04 14:29:00+00:00,XAUUSD,SHORT,BREAKOUT,COMPRESSION,0.932,85.0,A,OVERLAP,3980.451,4001.913,3958.988,3958.988,3959.105,TP2,0.001,2.1462,0.3969,21.462,2.1345,0.9946,1.371,0.098,53,0.209,4.62,0.05,0.0,0.0,clear,compression -> confirmed range break + momentum,542.8143
2025-11-05 20:45:00+00:00,2025-11-05 21:00:00+00:00,XAUUSD,SHORT,LIQUIDITY_REVERSAL,CHOPPY,0.553,85.0,A,NEWYORK,3984.148,3995.726,3972.571,3972.571,3985.178,SESSION_END,0.002,2.3155,0.4266,11.577,-0.206,-0.089,0.237,0.06,15,0.193,2.576,0.05,0.05,0.0,clear,sweep + rejection + CHoCH + displacement,542.6082
2025-11-07 07:00:00+00:00,2025-11-07 11:40:00+00:00,XAUUSD,LONG,BREAKOUT,COMPRESSION,0.995,70.0,NO_TRADE,LONDON,4006.727,3994.649,4018.806,4018.806,3994.405,STOP,0.002,2.4157,0.4452,12.079,-2.4644,-1.0201,0.6,1.062,280,0.225,3.148,0.05,0.12,0.0,clear,compression -> confirmed range break + momentum,540.1439
2025-11-10 12:11:00+00:00,2025-11-10 13:02:00+00:00,XAUUSD,LONG,BREAKOUT,COMPRESSION,0.989,80.0,B,OVERLAP,4088.39,4076.411,4100.368,4100.368,4100.274,TP2,0.002,2.3958,0.4435,11.979,2.377,0.9922,1.342,0.093,51,0.189,3.247,0.05,0.0,0.0,clear,compression -> confirmed range break + momentum,542.5208
2025-11-10 20:31:00+00:00,2025-11-10 21:00:00+00:00,XAUUSD,SHORT,LIQUIDITY_REVERSAL,BULL,0.974,80.0,B,NEWYORK,4108.935,4124.168,4093.703,4093.703,4111.632,SESSION_END,0.001,1.5233,0.2808,15.233,-0.2697,-0.177,0.08,0.263,29,0.22,3.005,0.05,0.05,0.0,clear,sweep + rejection + CHoCH + displacement,542.2512
2025-11-11 00:31:00+00:00,2025-11-11 03:15:00+00:00,XAUUSD,LONG,BREAKOUT,COMPRESSION,0.942,95.0,A+,ASIA,4126.236,4108.24,4144.232,4144.232,4144.024,TP2,0.001,1.7996,0.3319,17.996,1.7788,0.9884,1.007,0.056,164,0.342,2.783,0.05,0.0,0.0,clear,compression -> confirmed range break + momentum,544.0299
2025-11-11 10:04:00+00:00,2025-11-11 15:19:00+00:00,XAUUSD,SHORT,LIQUIDITY_REVERSAL,LIQUIDITY_REVERSAL,0.8,75.0,B,LONDON,4137.726,4159.457,4115.994,4115.994,4116.126,TP2,0.001,2.1731,0.3995,21.731,2.16,0.9939,1.03,0.406,315,0.198,2.987,0.05,0.0,0.0,clear,sweep + rejection + CHoCH + displacement,546.1899
2025-11-13 13:45:00+00:00,2025-11-13 14:42:00+00:00,XAUUSD,SHORT,LIQUIDITY_REVERSAL,BULL,0.948,85.0,A,OVERLAP,4228.041,4254.942,4201.14,4201.14,4201.279,TP2,0.001,2.6901,0.4925,26.901,2.6762,0.9948,1.259,0.157,57,0.248,6.006,0.05,0.0,0.0,clear,sweep + rejection + CHoCH + displacement,548.8661
2025-11-17 05:21:00+00:00,2025-11-17 08:02:00+00:00,XAUUSD,SHORT,BREAKOUT,COMPRESSION,0.989,80.0,B,ASIA,4068.259,4090.357,4046.16,4046.16,4090.571,STOP,0.001,2.2098,0.4026,22.098,-2.2312,-1.0097,0.849,1.054,161,0.333,4.179,0.05,0.12,0.0,clear,compression -> confirmed range break + momentum,546.6349
2025-11-17 20:05:00+00:00,2025-11-17 20:56:00+00:00,XAUUSD,SHORT,BREAKOUT,EXPANSION,0.95,70.0,NO_TRADE,NEWYORK,4014.369,4039.441,3989.297,3989.297,4039.699,STOP,0.001,2.5072,0.4587,25.072,-2.533,-1.0103,0.144,1.096,51,0.292,7.398,0.05,0.12,0.0,clear,compression -> confirmed range break + momentum,544.1019
2025-11-19 02:03:00+00:00,2025-11-19 02:36:00+00:00,XAUUSD,SHORT,BREAKOUT,COMPRESSION,0.958,65.0,NO_TRADE,ASIA,4057.428,4072.661,4042.195,4042.195,4072.962,STOP,0.001,1.5233,0.28,15.233,-1.5534,-1.0198,0.143,1.035,33,0.354,4.356,0.05,0.12,0.0,clear,compression -> confirmed range break + momentum,542.5485
2025-11-21 01:32:00+00:00,2025-11-21 05:53:00+00:00,XAUUSD,SHORT,BREAKOUT,COMPRESSION,0.974,80.0,B,ASIA,4060.935,4080.293,4041.576,4041.576,4041.757,TP2,0.001,1.9358,0.3568,19.358,1.9178,0.9907,1.05,0.975,261,0.361,4.797,0.05,0.0,0.0,clear,compression -> confirmed range break + momentum,544.4662
2025-11-24 12:46:00+00:00,2025-11-24 16:35:00+00:00,XAUUSD,LONG,BREAKOUT,COMPRESSION,0.958,65.0,NO_TRADE,OVERLAP,4080.346,4062.506,4098.186,4098.186,4098.073,TP2,0.001,1.784,0.3277,17.84,1.7727,0.9937,1.006,0.688,229,0.162,3.469,0.05,0.0,0.0,clear,compression -> confirmed range break + momentum,546.2389
2025-11-26 01:11:00+00:00,2025-11-26 02:25:00+00:00,XAUUSD,LONG,BREAKOUT,COMPRESSION,0.979,80.0,B,ASIA,4143.715,4128.328,4159.101,4159.101,4158.919,TP2,0.001,1.5386,0.2817,15.386,1.5204,0.9882,1.211,0.307,74,0.36,3.539,0.05,0.0,0.0,clear,compression -> confirmed range break + momentum,547.7593
2025-11-26 10:34:00+00:00,2025-11-26 14:08:00+00:00,XAUUSD,SHORT,LIQUIDITY_REVERSAL,CHOPPY,0.627,80.0,B,LONDON,4158.81,4175.756,4141.864,4141.864,4141.977,TP2,0.001,1.6946,0.3094,16.946,1.6833,0.9933,1.11,0.846,214,0.196,3.297,0.05,0.0,0.0,clear,sweep + rejection + CHoCH + displacement,549.4427
2025-11-26 17:37:00+00:00,2025-11-26 21:00:00+00:00,XAUUSD,SHORT,LIQUIDITY_REVERSAL,CHOPPY,0.649,75.0,B,NEWYORK,4165.832,4177.513,4154.151,4154.151,4162.973,SESSION_END,0.002,2.3362,0.4252,11.681,0.5719,0.2448,0.683,0.484,203,0.226,3.404,0.05,0.05,0.0,clear,sweep + rejection + CHoCH + displacement,550.0145
2025-11-27 06:57:00+00:00,2025-11-27 14:57:00+00:00,XAUUSD,LONG,BREAKOUT,COMPRESSION,0.9,80.0,B,ASIA,4158.142,4142.217,4174.068,4174.068,4154.852,TIME,0.001,1.5926,0.2896,15.926,-0.3291,-0.2066,0.545,0.626,480,0.375,3.028,0.05,0.05,0.0,clear,compression -> confirmed range break + momentum,549.6854
2025-12-01 03:01:00+00:00,2025-12-01 05:26:00+00:00,XAUUSD,LONG,TREND_CONTINUATION,BULL,0.971,75.0,B,ASIA,4242.647,4217.839,4267.454,4267.454,4217.477,STOP,0.001,2.4807,0.4513,24.807,-2.517,-1.0146,0.162,1.103,145,0.564,5.609,0.05,0.12,0.0,clear,trend pullback + LTF BOS,547.1685
2025-12-02 00:01:00+00:00,2025-12-02 01:09:00+00:00,XAUUSD,SHORT,BREAKOUT,COMPRESSION,0.979,50.0,NO_TRADE,ASIA,4224.545,4240.647,4208.442,4208.442,4208.631,TP2,0.001,1.6102,0.2943,16.102,1.5913,0.9883,1.655,0.306,68,0.341,3.388,0.05,0.0,0.0,clear,compression -> confirmed range break + momentum,548.7598
2025-12-03 02:12:00+00:00,2025-12-03 05:47:00+00:00,XAUUSD,LONG,BREAKOUT,COMPRESSION,0.942,50.0,NO_TRADE,ASIA,4222.629,4204.78,4240.479,4240.479,4204.475,STOP,0.001,1.7849,0.3253,17.849,-1.8154,-1.0171,0.344,1.091,215,0.389,3.774,0.05,0.12,0.0,clear,compression -> confirmed range break + momentum,546.9443
2025-12-03 12:41:00+00:00,2025-12-03 13:52:00+00:00,XAUUSD,LONG,BREAKOUT,COMPRESSION,0.963,65.0,NO_TRADE,OVERLAP,4213.024,4198.09,4227.958,4227.958,4227.852,TP2,0.001,1.4934,0.273,14.934,1.4828,0.9929,1.274,0.168,71,0.179,2.951,0.05,0.0,0.0,clear,compression -> confirmed range break + momentum,548.4272
2025-12-04 03:07:00+00:00,2025-12-04 11:07:00+00:00,XAUUSD,SHORT,BREAKOUT,BEAR,0.748,65.0,NO_TRADE,ASIA,4193.983,4220.516,4167.451,4167.451,4201.323,TIME,0.001,2.6532,0.4838,26.532,-0.734,-0.2766,0.715,0.322,480,0.443,4.097,0.05,0.05,0.0,clear,compression -> confirmed range break + momentum,547.6932
2025-12-04 13:31:00+00:00,2025-12-04 14:22:00+00:00,XAUUSD,LONG,LIQUIDITY_REVERSAL,LIQUIDITY_REVERSAL,0.8,85.0,A,OVERLAP,4191.235,4173.879,4208.591,4208.591,4208.472,TP2,0.001,1.7356,0.3169,17.356,1.7237,0.9931,1.075,0.182,51,0.219,3.905,0.05,0.0,0.0,clear,sweep + rejection + CHoCH + displacement,549.4169
2025-12-05 01:11:00+00:00,2025-12-05 04:33:00+00:00,XAUUSD,SHORT,BREAKOUT,COMPRESSION,0.984,80.0,B,ASIA,4197.248,4215.815,4178.681,4178.681,4216.113,STOP,0.001,1.8567,0.3379,18.567,-1.8864,-1.016,0.15,1.003,202,0.333,2.511,0.05,0.12,0.0,clear,compression -> confirmed range break + momentum,547.5304
2025-12-05 13:37:00+00:00,2025-12-05 15:36:00+00:00,XAUUSD,LONG,BREAKOUT,BULL,0.91,70.0,NO_TRADE,OVERLAP,4235.645,4217.594,4253.696,4253.696,4253.561,TP2,0.001,1.8051,0.3297,18.051,1.7916,0.9925,1.066,0.421,119,0.22,3.546,0.05,0.0,0.0,clear,compression -> confirmed range break + momentum,549.322
2025-12-08 07:39:00+00:00,2025-12-08 13:51:00+00:00,XAUUSD,SHORT,LIQUIDITY_REVERSAL,CHOPPY,0.648,75.0,B,LONDON,4211.939,4224.926,4198.953,4198.953,4199.067,TP2,0.002,2.5973,0.4728,12.987,2.5744,0.9912,1.055,0.344,372,0.212,2.754,0.05,0.0,0.0,clear,sweep + rejection + CHoCH + displacement,551.8964
2025-12-09 04:04:00+00:00,2025-12-09 06:09:00+00:00,XAUUSD,SHORT,LIQUIDITY_REVERSAL,CHOPPY,0.636,95.0,A+,ASIA,4191.83,4208.312,4175.348,4175.348,4175.527,TP2,0.001,1.6482,0.2986,16.482,1.6302,0.9891,1.084,0.219,125,0.33,2.226,0.05,0.0,0.0,clear,sweep + rejection + CHoCH + displacement,553.5267
2025-12-11 01:05:00+00:00,2025-12-11 03:09:00+00:00,XAUUSD,LONG,TREND_CONTINUATION,BULL,0.857,95.0,A+,ASIA,4244.599,4218.085,4271.114,4271.114,4217.718,STOP,0.001,2.6514,0.479,26.514,-2.6881,-1.0138,0.018,1.193,124,0.509,4.065,0.05,0.12,0.0,clear,trend pullback + LTF BOS,550.8386
2025-12-11 10:04:00+00:00,2025-12-11 13:16:00+00:00,XAUUSD,LONG,BREAKOUT,COMPRESSION,0.937,70.0,NO_TRADE,LONDON,4222.266,4207.473,4237.059,4237.059,4207.253,STOP,0.001,1.4793,0.2686,14.793,-1.5013,-1.0149,0.237,1.165,192,0.222,3.043,0.05,0.12,0.0,clear,compression -> confirmed range break + momentum,549.3373
2025-12-15 04:10:00+00:00,2025-12-15 12:10:00+00:00,XAUUSD,LONG,TREND_CONTINUATION,BULL,0.887,85.0,A,ASIA,4329.282,4302.256,4356.307,4356.307,4344.155,TIME,0.001,2.7026,0.492,27.026,1.4873,0.5503,0.766,0.236,480,0.353,3.161,0.05,0.05,0.0,clear,trend pullback + LTF BOS,550.8245
2025-12-15 13:06:00+00:00,2025-12-15 16:04:00+00:00,XAUUSD,SHORT,LIQUIDITY_REVERSAL,LIQUIDITY_REVERSAL,0.7,80.0,B,OVERLAP,4337.69,4364.199,4311.181,4311.181,4311.375,TP2,0.001,2.6509,0.4813,26.509,2.6315,0.9927,1.15,0.248,178,0.17,2.711,0.05,0.0,0.0,clear,sweep + rejection + CHoCH + displacement,553.456
2025-12-17 13:11:00+00:00,2025-12-17 21:00:00+00:00,XAUUSD,LONG,BREAKOUT,COMPRESSION,0.995,80.0,B,OVERLAP,4324.845,4298.16,4351.53,4351.53,4340.471,SESSION_END,0.001,2.6685,0.4822,26.685,1.5626,0.5856,0.893,0.182,469,0.18,3.0,0.05,0.05,0.0,clear,compression -> confirmed range break + momentum,555.0186
2025-12-18 01:25:00+00:00,2025-12-18 09:25:00+00:00,XAUUSD,SHORT,BREAKOUT,COMPRESSION,0.921,55.0,NO_TRADE,ASIA,4325.427,4342.518,4308.335,4308.335,4324.807,TIME,0.001,1.7091,0.3079,17.091,0.0619,0.0362,0.22,0.713,480,0.377,3.331,0.05,0.05,0.0,clear,compression -> confirmed range break + momentum,555.0806
2025-12-22 13:07:00+00:00,2025-12-22 15:45:00+00:00,XAUUSD,LONG,BREAKOUT,COMPRESSION,0.968,65.0,NO_TRADE,OVERLAP,4418.67,4406.944,4430.395,4430.395,4430.25,TP2,0.002,2.3451,0.4225,11.726,2.3161,0.9876,1.063,0.592,158,0.19,2.761,0.05,0.0,0.0,clear,compression -> confirmed range break + momentum,557.3967
2025-12-22 15:51:00+00:00,2025-12-22 21:00:00+00:00,XAUUSD,LONG,BREAKOUT,STRONG_BULL,1.0,80.0,B,OVERLAP,4430.587,4411.748,4449.427,4449.427,4438.388,SESSION_END,0.001,1.8839,0.338,18.839,0.78,0.414,0.603,0.139,309,0.285,5.516,0.05,0.05,0.0,clear,compression -> confirmed range break + momentum,558.1767
2025-12-23 00:07:00+00:00,2025-12-23 01:06:00+00:00,XAUUSD,LONG,BREAKOUT,STRONG_BULL,0.987,70.0,NO_TRADE,ASIA,4463.668,4447.051,4480.285,4480.285,4480.088,TP2,0.001,1.6617,0.2977,16.617,1.6419,0.9881,1.028,0.103,59,0.387,3.415,0.05,0.0,0.0,clear,compression -> confirmed range break + momentum,559.8187
2025-12-23 02:36:00+00:00,2025-12-23 10:36:00+00:00,XAUUSD,LONG,BREAKOUT,STRONG_BULL,1.0,80.0,B,ASIA,4493.448,4468.432,4518.465,4518.465,4481.079,TIME,0.001,2.5017,0.4469,25.017,-1.237,-0.4945,0.156,0.967,480,0.487,4.878,0.05,0.05,0.0,clear,compression -> confirmed range break + momentum,558.5817
2025-12-26 08:16:00+00:00,2025-12-26 15:32:00+00:00,XAUUSD,LONG,TREND_CONTINUATION,BULL,0.926,80.0,B,LONDON,4515.639,4493.393,4537.886,4537.886,4537.766,TP2,0.001,2.2246,0.3983,22.246,2.2126,0.9946,1.008,0.59,436,0.189,3.334,0.05,0.0,0.0,clear,trend pullback + LTF BOS,560.7943
2025-12-29 06:05:00+00:00,2025-12-29 06:45:00+00:00,XAUUSD,LONG,LIQUIDITY_REVERSAL,CHOPPY,0.607,90.0,A+,ASIA,4509.241,4483.745,4534.737,4534.737,4483.39,STOP,0.001,2.5496,0.4546,25.496,-2.5851,-1.0139,0.041,1.039,40,0.391,4.813,0.05,0.12,0.0,clear,sweep + rejection + CHoCH + displacement,558.2092
2025-12-30 01:59:00+00:00,2025-12-30 05:38:00+00:00,XAUUSD,LONG,BREAKOUT,COMPRESSION,0.926,55.0,NO_TRADE,ASIA,4356.884,4334.283,4379.485,4379.485,4379.317,TP2,0.001,2.2601,0.4049,22.601,2.2433,0.9926,1.012,0.367,219,0.418,6.599,0.05,0.0,0.0,clear,compression -> confirmed range break + momentum,560.4525
2025-12-31 18:39:00+00:00,2025-12-31 20:02:00+00:00,XAUUSD,SHORT,LIQUIDITY_REVERSAL,LIQUIDITY_REVERSAL,1.0,100.0,A+,NEWYORK,4324.376,4344.516,4304.236,4304.236,4304.344,TP2,0.001,2.014,0.3593,20.14,2.0032,0.9947,1.002,0.063,83,0.238,5.297,0.05,0.0,0.0,clear,sweep + rejection + CHoCH + displacement,562.4557
2026-01-02 08:36:00+00:00,2026-01-02 13:29:00+00:00,XAUUSD,LONG,BREAKOUT,COMPRESSION,0.989,65.0,NO_TRADE,LONDON,4388.648,4373.608,4403.689,4403.689,4373.366,STOP,0.001,1.5041,0.3008,15.041,-1.5283,-1.0161,0.883,1.05,293,0.2,3.411,0.05,0.12,0.0,clear,compression -> confirmed range break + momentum,498.4717
2026-01-05 04:44:00+00:00,2026-01-05 08:45:00+00:00,XAUUSD,LONG,TREND_CONTINUATION,STRONG_BULL,1.0,85.0,A,ASIA,4406.019,4381.13,4430.908,4430.908,4430.805,TP2,0.001,2.4889,0.4993,24.889,2.4786,0.9959,1.029,0.203,241,0.389,4.351,0.05,0.0,0.0,clear,trend pullback + LTF BOS,500.9503
2026-01-05 10:30:00+00:00,2026-01-05 11:26:00+00:00,XAUUSD,LONG,TREND_CONTINUATION,STRONG_BULL,1.0,85.0,A,LONDON,4432.94,4422.087,4443.792,4443.792,4421.865,STOP,0.002,2.1705,0.4333,10.853,-2.215,-1.0205,0.621,1.645,56,0.19,3.236,0.05,0.12,0.0,clear,trend pullback + LTF BOS,498.7354
2026-01-06 07:56:00+00:00,2026-01-06 14:37:00+00:00,XAUUSD,SHORT,LIQUIDITY_REVERSAL,LIQUIDITY_REVERSAL,0.8,80.0,B,LONDON,4458.13,4482.075,4434.184,4434.184,4482.312,STOP,0.001,2.3945,0.4801,23.945,-2.4183,-1.0099,0.67,1.028,401,0.198,3.696,0.05,0.12,0.0,clear,sweep + rejection + CHoCH + displacement,496.3171
2026-01-06 15:48:00+00:00,2026-01-06 21:00:00+00:00,XAUUSD,SHORT,LIQUIDITY_REVERSAL,BULL,0.799,85.0,A,OVERLAP,4477.436,4500.867,4454.005,4454.005,4493.432,SESSION_END,0.001,2.3431,0.4721,23.431,-1.5997,-0.6827,0.267,0.814,312,0.278,6.901,0.05,0.05,0.0,clear,sweep + rejection + CHoCH + displacement,494.7175
2026-01-08 02:06:00+00:00,2026-01-08 05:43:00+00:00,XAUUSD,SHORT,BREAKOUT,COMPRESSION,0.921,65.0,NO_TRADE,ASIA,4441.145,4464.221,4418.069,4418.069,4418.264,TP2,0.001,2.3076,0.4664,23.076,2.2882,0.9916,1.077,0.31,217,0.439,5.066,0.05,0.0,0.0,clear,compression -> confirmed range break + momentum,497.0056
2026-01-08 12:13:00+00:00,2026-01-08 13:22:00+00:00,XAUUSD,SHORT,BREAKOUT,COMPRESSION,0.953,65.0,NO_TRADE,OVERLAP,4413.953,4432.088,4395.819,4395.819,4432.313,STOP,0.001,1.8135,0.3649,18.135,-1.836,-1.0124,0.357,1.026,69,0.184,3.876,0.05,0.12,0.0,clear,compression -> confirmed range break + momentum,495.1697
2026-01-08 15:50:00+00:00,2026-01-08 20:34:00+00:00,XAUUSD,LONG,BREAKOUT,EXPANSION,0.939,55.0,NO_TRADE,OVERLAP,4454.67,4432.213,4477.128,4477.128,4477.016,TP2,0.001,2.2458,0.4535,22.458,2.2345,0.995,1.011,0.45,284,0.25,6.547,0.05,0.0,0.0,clear,compression -> confirmed range break + momentum,497.4042
2026-01-09 13:21:00+00:00,2026-01-09 13:32:00+00:00,XAUUSD,LONG,LIQUIDITY_REVERSAL,CHOPPY,0.707,90.0,A+,OVERLAP,4467.346,4451.128,4483.564,4483.564,4483.454,TP2,0.001,1.6218,0.3261,16.218,1.6108,0.9932,1.207,0.54,11,0.203,3.908,0.05,0.0,0.0,clear,sweep + rejection + CHoCH + displacement,499.015
2026-01-12 14:33:00+00:00,2026-01-12 15:33:00+00:00,XAUUSD,SHORT,LIQUIDITY_REVERSAL,LIQUIDITY_REVERSAL,0.7,75.0,B,OVERLAP,4598.886,4622.392,4575.38,4575.38,4622.669,STOP,0.001,2.3506,0.471,23.506,-2.3783,-1.0118,0.293,1.024,60,0.279,6.695,0.05,0.12,0.0,clear,sweep + rejection + CHoCH + displacement,496.6367
2026-01-12 16:20:00+00:00,2026-01-12 18:16:00+00:00,XAUUSD,LONG,BREAKOUT,BULL,0.961,70.0,NO_TRADE,NEWYORK,4628.261,4605.556,4650.966,4650.966,4605.303,STOP,0.001,2.2705,0.4572,22.705,-2.2958,-1.0111,0.058,1.104,116,0.332,6.441,0.05,0.12,0.0,clear,compression -> confirmed range break + momentum,494.3409
2026-01-14 09:36:00+00:00,2026-01-14 14:48:00+00:00,XAUUSD,SHORT,LIQUIDITY_REVERSAL,CHOPPY,0.585,85.0,A,LONDON,4631.398,4654.123,4608.673,4608.673,4608.803,TP2,0.001,2.2725,0.4597,22.725,2.2595,0.9943,1.013,0.449,312,0.199,3.653,0.05,0.0,0.0,clear,sweep + rejection + CHoCH + displacement,496.6005
2026-01-16 05:51:00+00:00,2026-01-16 13:16:00+00:00,XAUUSD,LONG,BREAKOUT,COMPRESSION,0.995,80.0,B,ASIA,4611.875,4587.315,4636.434,4636.434,4587.091,STOP,0.001,2.456,0.4946,24.56,-2.4783,-1.0091,0.167,1.044,445,0.339,3.281,0.05,0.12,0.0,clear,compression -> confirmed range break + momentum,494.1221
2026-01-16 15:18:00+00:00,2026-01-16 15:23:00+00:00,XAUUSD,LONG,BREAKOUT,EXPANSION,0.855,55.0,NO_TRADE,OVERLAP,4616.904,4595.825,4637.983,4637.983,4595.557,STOP,0.001,2.1079,0.4266,21.079,-2.1347,-1.0127,0.0,1.056,5,0.273,6.184,0.05,0.12,0.0,clear,compression -> confirmed range break + momentum,491.9874
2026-01-19 09:24:00+00:00,2026-01-19 17:24:00+00:00,XAUUSD,SHORT,LIQUIDITY_REVERSAL,LIQUIDITY_REVERSAL,0.8,75.0,B,LONDON,4668.405,4680.896,4655.914,4655.914,4669.852,TIME,0.001,1.2491,0.2539,12.491,-0.1447,-0.1158,0.719,0.604,480,0.2,3.433,0.05,0.05,0.0,clear,sweep + rejection + CHoCH + displacement,491.8428
2026-01-20 11:41:00+00:00,2026-01-20 16:56:00+00:00,XAUUSD,LONG,TREND_CONTINUATION,STRONG_BULL,0.998,85.0,A,LONDON,4730.055,4706.499,4753.61,4753.61,4753.42,TP2,0.001,2.3556,0.4789,23.556,2.3365,0.9919,1.057,0.636,314,0.22,3.465,0.05,0.0,0.0,clear,trend pullback + LTF BOS,494.1793
2026-01-20 18:55:00+00:00,2026-01-20 21:00:00+00:00,XAUUSD,SHORT,LIQUIDITY_REVERSAL,BULL,0.947,75.0,B,NEWYORK,4754.4,4778.251,4730.548,4730.548,4758.354,SESSION_END,0.001,2.3852,0.4827,23.852,-0.3954,-0.1658,0.308,0.492,125,0.291,4.382,0.05,0.05,0.0,clear,sweep + rejection + CHoCH + displacement,493.7839
2026-01-22 19:01:00+00:00,2026-01-22 21:00:00+00:00,XAUUSD,LONG,BREAKOUT,BULL,0.556,70.0,NO_TRADE,NEWYORK,4916.553,4896.243,4936.864,4936.864,4916.364,SESSION_END,0.001,2.0311,0.4113,20.311,-0.0189,-0.0093,0.578,0.532,119,0.237,5.977,0.05,0.05,0.0,clear,compression -> confirmed range break + momentum,493.765
2026-02-10 08:50:00+00:00,2026-02-10 12:44:00+00:00,XAUUSD,LONG,BREAKOUT,COMPRESSION,0.979,65.0,NO_TRADE,LONDON,5051.06,5027.1,5075.021,5075.021,5026.897,STOP,0.001,2.3961,0.4853,23.961,-2.4164,-1.0085,0.501,1.149,234,0.191,6.791,0.05,0.12,0.0,clear,compression -> confirmed range break + momentum,491.3487
2026-02-11 05:41:00+00:00,2026-02-11 10:44:00+00:00,XAUUSD,LONG,BREAKOUT,COMPRESSION,0.911,80.0,B,ASIA,5062.612,5038.843,5086.381,5086.381,5086.287,TP2,0.001,2.3769,0.4837,23.769,2.3675,0.9961,1.573,0.726,303,0.314,4.468,0.05,0.0,0.0,clear,compression -> confirmed range break + momentum,493.7162
2026-02-12 09:57:00+00:00,2026-02-12 10:48:00+00:00,XAUUSD,SHORT,LIQUIDITY_REVERSAL,CHOPPY,0.558,70.0,NO_TRADE,LONDON,5075.001,5091.916,5058.086,5058.086,5058.178,TP2,0.001,1.6915,0.3426,16.915,1.6823,0.9946,1.117,0.105,51,0.188,4.913,0.05,0.0,0.0,clear,sweep + rejection + CHoCH + displacement,495.3985
2026-02-12 13:02:00+00:00,2026-02-12 13:46:00+00:00,XAUUSD,LONG,LIQUIDITY_REVERSAL,CHOPPY,0.665,85.0,A,OVERLAP,5056.311,5033.991,5078.631,5078.631,5078.531,TP2,0.001,2.232,0.4506,22.32,2.222,0.9955,1.009,0.122,44,0.172,4.662,0.05,0.0,0.0,clear,sweep + rejection + CHoCH + displacement,497.6205
2026-02-16 02:56:00+00:00,2026-02-16 03:49:00+00:00,XAUUSD,SHORT,BREAKOUT,COMPRESSION,0.905,80.0,B,ASIA,4996.061,5017.092,4975.029,4975.029,4975.189,TP2,0.001,2.1032,0.4227,21.032,2.0872,0.9924,1.367,0.171,53,0.329,6.156,0.05,0.0,0.0,clear,compression -> confirmed range break + momentum,499.7076
2026-02-16 04:04:00+00:00,2026-02-16 08:03:00+00:00,XAUUSD,SHORT,BREAKOUT,STRONG_BEAR,0.874,65.0,NO_TRADE,ASIA,4987.355,5011.911,4962.799,4962.799,5012.111,STOP,0.001,2.4556,0.4914,24.556,-2.4756,-1.0081,0.916,1.045,239,0.361,7.216,0.05,0.12,0.0,clear,compression -> confirmed range break + momentum,497.2321
2026-02-16 19:16:00+00:00,2026-02-16 23:00:00+00:00,XAUUSD,SHORT,LIQUIDITY_REVERSAL,LIQUIDITY_REVERSAL,1.0,95.0,A+,NEWYORK,4993.177,5005.663,4980.692,4980.692,4991.688,SESSION_END,0.001,1.2485,0.2511,12.485,0.1489,0.1193,0.388,0.228,13,0.175,2.948,0.05,0.05,0.0,clear,sweep + rejection + CHoCH + displacement,497.381
2026-02-17 00:51:00+00:00,2026-02-17 00:52:00+00:00,XAUUSD,SHORT,BREAKOUT,BEAR,0.777,85.0,A,ASIA,4968.834,4988.038,4949.63,4949.63,4949.821,TP2,0.001,1.9204,0.3861,19.204,1.9013,0.99,1.019,0.005,1,0.383,5.164,0.05,0.0,0.0,clear,compression -> confirmed range break + momentum,499.2823
2026-02-18 09:06:00+00:00,2026-02-18 12:55:00+00:00,XAUUSD,SHORT,BREAKOUT,COMPRESSION,0.989,80.0,B,LONDON,4915.574,4934.051,4897.098,4897.098,4934.256,STOP,0.001,1.8476,0.3701,18.476,-1.8681,-1.0111,0.515,1.154,229,0.181,4.52,0.05,0.12,0.0,clear,compression -> confirmed range break + momentum,497.4141
2026-02-20 03:31:00+00:00,2026-02-20 05:59:00+00:00,XAUUSD,LONG,LIQUIDITY_REVERSAL,CHOPPY,0.682,90.0,A+,ASIA,4994.754,4978.541,5010.967,5010.967,5010.791,TP2,0.001,1.6213,0.3259,16.213,1.6037,0.9892,1.036,0.829,148,0.378,4.721,0.05,0.0,0.0,clear,sweep + rejection + CHoCH + displacement,499.0178
2026-02-24 12:27:00+00:00,2026-02-24 13:39:00+00:00,XAUUSD,SHORT,BREAKOUT,COMPRESSION,0.979,50.0,NO_TRADE,OVERLAP,5158.775,5179.476,5138.073,5138.073,5138.177,TP2,0.001,2.0701,0.4148,20.701,2.0597,0.995,1.241,0.267,72,0.2,6.08,0.05,0.0,0.0,clear,compression -> confirmed range break + momentum,501.0776
2026-02-26 11:57:00+00:00,2026-02-26 15:27:00+00:00,XAUUSD,SHORT,BREAKOUT,COMPRESSION,0.958,65.0,NO_TRADE,LONDON,5163.122,5187.854,5138.39,5138.39,5138.535,TP2,0.001,2.4732,0.4936,24.732,2.4587,0.9941,1.36,0.989,210,0.206,4.816,0.05,0.0,0.0,clear,compression -> confirmed range break + momentum,503.5363
2026-02-27 13:06:00+00:00,2026-02-27 13:15:00+00:00,XAUUSD,LONG,BREAKOUT,COMPRESSION,0.974,80.0,B,OVERLAP,5194.461,5171.325,5217.597,5217.597,5217.497,TP2,0.001,2.3136,0.4595,23.136,2.3036,0.9957,1.114,0.0,9,0.171,3.801,0.05,0.0,0.0,clear,compression -> confirmed range break + momentum,505.8399
2026-03-05 05:41:00+00:00,2026-03-05 06:00:00+00:00,XAUUSD,SHORT,BREAKOUT,COMPRESSION,0.995,80.0,B,ASIA,5165.154,5183.519,5146.789,5146.789,5146.952,TP2,0.001,1.8365,0.3631,18.365,1.8202,0.9911,1.038,0.221,19,0.302,5.394,0.05,0.0,0.0,clear,compression -> confirmed range break + momentum,507.6601
2026-03-06 10:04:00+00:00,2026-03-06 13:30:00+00:00,XAUUSD,SHORT,BREAKOUT,BEAR,0.876,70.0,NO_TRADE,LONDON,5085.573,5110.875,5060.27,5060.27,5111.1,STOP,0.001,2.5302,0.4984,25.302,-2.5528,-1.0089,0.927,1.434,206,0.224,7.443,0.05,0.12,0.0,clear,compression -> confirmed range break + momentum,505.1074
2026-03-10 13:12:00+00:00,2026-03-10 13:25:00+00:00,XAUUSD,LONG,BREAKOUT,COMPRESSION,0.968,70.0,NO_TRADE,OVERLAP,5200.429,5176.787,5224.07,5224.07,5223.97,TP2,0.001,2.3641,0.468,23.641,2.3541,0.9958,1.008,0.064,13,0.187,6.788,0.05,0.0,0.0,clear,compression -> confirmed range break + momentum,507.4615
2026-03-13 05:48:00+00:00,2026-03-13 07:19:00+00:00,XAUUSD,SHORT,BREAKOUT,COMPRESSION,0.932,85.0,A,ASIA,5100.525,5124.215,5076.836,5076.836,5076.95,TP2,0.001,2.3689,0.4668,23.689,2.3576,0.9952,1.081,0.301,91,0.359,4.367,0.05,0.0,0.0,clear,compression -> confirmed range break + momentum,509.8191
2026-03-18 00:12:00+00:00,2026-03-18 04:34:00+00:00,XAUUSD,LONG,BREAKOUT,COMPRESSION,0.979,65.0,NO_TRADE,ASIA,5010.066,4985.795,5034.337,5034.337,4985.517,STOP,0.001,2.4271,0.4761,24.271,-2.4549,-1.0115,0.231,1.003,262,0.302,3.116,0.05,0.12,0.0,clear,compression -> confirmed range break + momentum,507.3641
2026-03-18 10:28:00+00:00,2026-03-18 10:35:00+00:00,XAUUSD,SHORT,TREND_CONTINUATION,BEAR,0.867,85.0,A,LONDON,4985.871,5010.868,4960.874,4960.874,4960.986,TP2,0.001,2.4997,0.4927,24.997,2.4885,0.9955,1.038,0.064,7,0.209,4.276,0.05,0.0,0.0,clear,trend pullback + LTF BOS,509.8526
2026-03-25 06:12:00+00:00,2026-03-25 11:22:00+00:00,XAUUSD,SHORT,BREAKOUT,COMPRESSION,0.984,50.0,NO_TRADE,ASIA,4544.44,4569.492,4519.388,4519.388,4569.694,STOP,0.001,2.5052,0.4914,25.052,-2.5254,-1.0081,0.67,1.329,310,0.297,7.361,0.05,0.12,0.0,clear,compression -> confirmed range break + momentum,507.3272
2026-04-06 10:06:00+00:00,2026-04-06 12:58:00+00:00,XAUUSD,LONG,BREAKOUT,BULL,0.781,80.0,B,LONDON,4700.576,4677.523,4723.628,4723.628,4677.328,STOP,0.001,2.3052,0.4544,23.052,-2.3247,-1.0085,0.246,1.017,172,0.181,6.806,0.05,0.12,0.0,clear,compression -> confirmed range break + momentum,505.0025
2026-04-10 03:26:00+00:00,2026-04-10 05:19:00+00:00,XAUUSD,SHORT,BREAKOUT,COMPRESSION,0.974,55.0,NO_TRADE,ASIA,4747.478,4770.511,4724.444,4724.444,4770.797,STOP,0.001,2.3033,0.4561,23.033,-2.3319,-1.0124,0.424,1.001,113,0.414,6.728,0.05,0.12,0.0,clear,compression -> confirmed range break + momentum,502.6705
2026-04-10 12:46:00+00:00,2026-04-10 15:15:00+00:00,XAUUSD,LONG,BREAKOUT,COMPRESSION,0.926,95.0,A+,OVERLAP,4766.045,4748.501,4783.588,4783.588,4783.46,TP2,0.001,1.7543,0.349,17.543,1.7415,0.9927,1.154,0.369,149,0.18,4.517,0.05,0.0,0.0,clear,compression -> confirmed range break + momentum,504.4121
2026-04-13 08:12:00+00:00,2026-04-13 12:41:00+00:00,XAUUSD,LONG,LIQUIDITY_REVERSAL,CHOPPY,0.57,85.0,A,LONDON,4727.98,4706.545,4749.414,4749.414,4706.334,STOP,0.001,2.1434,0.4249,21.434,-2.1646,-1.0099,0.552,1.018,269,0.23,5.718,0.05,0.12,0.0,clear,sweep + rejection + CHoCH + displacement,502.2475
2026-04-14 17:23:00+00:00,2026-04-14 18:38:00+00:00,XAUUSD,LONG,TREND_CONTINUATION,BULL,0.87,85.0,A,NEWYORK,4812.651,4788.846,4836.457,4836.457,4836.314,TP2,0.001,2.3805,0.474,23.805,2.3663,0.994,1.103,0.161,75,0.293,6.822,0.05,0.0,0.0,clear,trend pullback + LTF BOS,504.6138
2026-04-15 01:41:00+00:00,2026-04-15 02:11:00+00:00,XAUUSD,SHORT,BREAKOUT,COMPRESSION,0.974,70.0,NO_TRADE,ASIA,4828.487,4844.655,4812.319,4812.319,4844.976,STOP,0.001,1.6168,0.3204,16.168,-1.6489,-1.0198,0.046,1.47,30,0.376,4.696,0.05,0.12,0.0,clear,compression -> confirmed range break + momentum,502.9649
2026-04-20 11:12:00+00:00,2026-04-20 13:20:00+00:00,XAUUSD,LONG,LIQUIDITY_REVERSAL,LIQUIDITY_REVERSAL,0.8,80.0,B,LONDON,4796.704,4774.427,4818.982,4818.982,4818.878,TP2,0.001,2.2277,0.4429,22.277,2.2174,0.9954,1.026,0.466,128,0.219,4.846,0.05,0.0,0.0,clear,sweep + rejection + CHoCH + displacement,505.1823
2026-04-22 11:06:00+00:00,2026-04-22 15:35:00+00:00,XAUUSD,SHORT,BREAKOUT,COMPRESSION,0.932,80.0,B,LONDON,4750.484,4770.637,4730.331,4730.331,4730.454,TP2,0.001,2.0153,0.3989,20.153,2.0029,0.9939,1.011,0.513,269,0.202,3.801,0.05,0.0,0.0,clear,compression -> confirmed range break + momentum,507.1852
2026-04-22 16:41:00+00:00,2026-04-22 19:48:00+00:00,XAUUSD,SHORT,BREAKOUT,BEAR,0.867,85.0,A,NEWYORK,4727.543,4748.989,4706.096,4706.096,4749.22,STOP,0.001,2.1447,0.4229,21.447,-2.1677,-1.0108,0.18,1.027,187,0.284,6.016,0.05,0.12,0.0,clear,compression -> confirmed range break + momentum,505.0175
2026-04-24 05:26:00+00:00,2026-04-24 06:41:00+00:00,XAUUSD,SHORT,BREAKOUT,BEAR,0.914,85.0,A,ASIA,4662.02,4685.892,4638.148,4638.148,4686.189,STOP,0.001,2.3872,0.4727,23.872,-2.4169,-1.0124,0.19,1.051,75,0.37,4.748,0.05,0.12,0.0,clear,compression -> confirmed range break + momentum,502.6006
2026-04-28 03:04:00+00:00,2026-04-28 06:06:00+00:00,XAUUSD,LONG,LIQUIDITY_REVERSAL,LIQUIDITY_REVERSAL,0.7,70.0,NO_TRADE,ASIA,4672.268,4654.666,4689.871,4689.871,4654.374,STOP,0.001,1.7603,0.3502,17.603,-1.7894,-1.0166,0.418,1.349,182,0.427,4.199,0.05,0.12,0.0,clear,sweep + rejection + CHoCH + displacement,500.8111
2026-04-28 08:58:00+00:00,2026-04-28 10:40:00+00:00,XAUUSD,SHORT,TREND_CONTINUATION,STRONG_BEAR,0.934,80.0,B,LONDON,4630.134,4650.929,4609.34,4609.34,4609.491,TP2,0.001,2.0794,0.4152,20.794,2.0643,0.9927,1.039,0.248,102,0.301,6.069,0.05,0.0,0.0,clear,trend pullback + LTF BOS,502.8755
2026-04-29 02:12:00+00:00,2026-04-29 06:03:00+00:00,XAUUSD,SHORT,BREAKOUT,COMPRESSION,0.942,55.0,NO_TRADE,ASIA,4584.348,4606.898,4561.798,4561.798,4607.192,STOP,0.001,2.255,0.4484,22.55,-2.2843,-1.013,0.251,1.034,231,0.454,5.349,0.05,0.12,0.0,clear,compression -> confirmed range break + momentum,500.5911
2026-05-05 02:03:00+00:00,2026-05-05 06:42:00+00:00,XAUUSD,LONG,BREAKOUT,COMPRESSION,0.968,65.0,NO_TRADE,ASIA,4531.926,4512.634,4551.218,4551.218,4551.048,TP2,0.001,1.9292,0.3854,19.292,1.9122,0.9912,1.007,0.218,279,0.322,3.681,0.05,0.0,0.0,clear,compression -> confirmed range break + momentum,502.5033
2026-05-06 03:09:00+00:00,2026-05-06 04:14:00+00:00,XAUUSD,LONG,BREAKOUT,STRONG_BULL,0.93,65.0,NO_TRADE,ASIA,4631.232,4612.64,4649.824,4649.824,4649.616,TP2,0.001,1.8592,0.37,18.592,1.8384,0.9888,1.019,0.252,65,0.435,5.056,0.05,0.0,0.0,clear,compression -> confirmed range break + momentum,504.3417
2026-05-08 12:11:00+00:00,2026-05-08 13:15:00+00:00,XAUUSD,SHORT,LIQUIDITY_REVERSAL,CHOPPY,0.633,70.0,NO_TRADE,OVERLAP,4721.126,4739.179,4703.072,4703.072,4703.161,TP2,0.001,1.8053,0.358,18.053,1.7965,0.9951,1.019,0.256,64,0.179,4.752,0.05,0.0,0.0,clear,sweep + rejection + CHoCH + displacement,506.1382
2026-05-12 00:13:00+00:00,2026-05-12 00:52:00+00:00,XAUUSD,SHORT,LIQUIDITY_REVERSAL,BULL,0.876,70.0,NO_TRADE,ASIA,4748.249,4766.601,4729.898,4729.898,4766.897,STOP,0.001,1.8352,0.3626,18.352,-1.8648,-1.0162,0.021,1.153,39,0.331,3.672,0.05,0.12,0.0,clear,sweep + rejection + CHoCH + displacement,504.2734
2026-05-12 01:21:00+00:00,2026-05-12 01:54:00+00:00,XAUUSD,LONG,BREAKOUT,STRONG_BULL,0.988,85.0,A,ASIA,4771.967,4752.33,4791.603,4791.603,4751.993,STOP,0.001,1.9636,0.3894,19.636,-1.9973,-1.0172,0.0,1.016,33,0.403,5.168,0.05,0.12,0.0,clear,compression -> confirmed range break + momentum,502.276
2026-05-13 18:05:00+00:00,2026-05-13 21:00:00+00:00,XAUUSD,SHORT,LIQUIDITY_REVERSAL,CHOPPY,0.564,100.0,A+,NEWYORK,4696.425,4718.321,4674.529,4674.529,4687.946,SESSION_END,0.001,2.1896,0.4359,21.896,0.8479,0.3872,0.868,0.213,175,0.241,4.76,0.05,0.05,0.0,clear,sweep + rejection + CHoCH + displacement,503.1239
2026-05-14 13:50:00+00:00,2026-05-14 14:31:00+00:00,XAUUSD,SHORT,LIQUIDITY_REVERSAL,CHOPPY,0.729,100.0,A+,OVERLAP,4702.602,4723.784,4681.421,4681.421,4681.542,TP2,0.001,2.1182,0.421,21.182,2.106,0.9943,1.0,0.227,41,0.226,5.655,0.05,0.0,0.0,clear,sweep + rejection + CHoCH + displacement,505.2299
2026-05-15 04:58:00+00:00,2026-05-15 06:08:00+00:00,XAUUSD,SHORT,TREND_CONTINUATION,STRONG_BEAR,1.0,80.0,B,ASIA,4614.573,4634.68,4594.466,4594.466,4594.679,TP2,0.001,2.0107,0.398,20.107,1.9894,0.9894,1.112,0.343,70,0.445,5.877,0.05,0.0,0.0,clear,trend pullback + LTF BOS,507.2194
2026-05-18 01:15:00+00:00,2026-05-18 01:33:00+00:00,XAUUSD,SHORT,BREAKOUT,COMPRESSION,0.968,65.0,NO_TRADE,ASIA,4525.934,4549.388,4502.48,4502.48,4502.701,TP2,0.001,2.3454,0.4624,23.454,2.3233,0.9906,1.103,0.319,18,0.422,6.834,0.05,0.0,0.0,clear,compression -> confirmed range break + momentum,509.5427
2026-05-21 02:21:00+00:00,2026-05-21 03:29:00+00:00,XAUUSD,LONG,BREAKOUT,COMPRESSION,0.968,55.0,NO_TRADE,ASIA,4558.608,4539.489,4577.727,4577.727,4539.165,STOP,0.001,1.9119,0.3752,19.119,-1.9443,-1.0169,0.634,1.001,68,0.406,5.457,0.05,0.12,0.0,clear,compression -> confirmed range break + momentum,507.5984
2026-05-25 15:55:00+00:00,2026-05-25 23:00:00+00:00,XAUUSD,SHORT,LIQUIDITY_REVERSAL,CHOPPY,0.63,80.0,B,OVERLAP,4565.581,4579.433,4551.728,4551.728,4572.082,SESSION_END,0.001,1.3853,0.2729,13.853,-0.6501,-0.4693,0.182,0.885,214,0.168,3.067,0.05,0.05,0.0,clear,sweep + rejection + CHoCH + displacement,506.9483
2026-05-26 00:38:00+00:00,2026-05-26 02:33:00+00:00,XAUUSD,SHORT,BREAKOUT,COMPRESSION,0.974,50.0,NO_TRADE,ASIA,4560.78,4583.172,4538.388,4538.388,4538.642,TP2,0.001,2.2392,0.4417,22.392,2.2138,0.9887,1.023,0.09,115,0.389,3.573,0.05,0.0,0.0,clear,compression -> confirmed range break + momentum,509.1621
2026-05-26 02:45:00+00:00,2026-05-26 10:45:00+00:00,XAUUSD,SHORT,BREAKOUT,EXPANSION,0.855,50.0,NO_TRADE,ASIA,4531.766,4555.351,4508.18,4508.18,4515.966,TIME,0.001,2.3585,0.4632,23.585,1.5799,0.6699,0.836,0.574,480,0.539,5.903,0.05,0.05,0.0,clear,compression -> confirmed range break + momentum,510.7421
2026-05-28 02:10:00+00:00,2026-05-28 02:25:00+00:00,XAUUSD,LONG,LIQUIDITY_REVERSAL,CHOPPY,0.742,55.0,NO_TRADE,ASIA,4444.62,4426.405,4462.835,4462.835,4426.046,STOP,0.001,1.8215,0.3566,18.215,-1.8574,-1.0197,0.079,1.174,15,0.444,5.34,0.05,0.12,0.0,clear,sweep + rejection + CHoCH + displacement,508.8847
2026-05-28 04:01:00+00:00,2026-05-28 04:38:00+00:00,XAUUSD,SHORT,BREAKOUT,BEAR,0.952,80.0,B,ASIA,4394.914,4417.246,4372.582,4372.582,4372.836,TP2,0.001,2.2332,0.4388,22.332,2.2078,0.9886,1.084,0.117,37,0.507,6.527,0.05,0.0,0.0,clear,compression -> confirmed range break + momentum,511.0925
2026-05-29 00:46:00+00:00,2026-05-29 02:01:00+00:00,XAUUSD,SHORT,BREAKOUT,COMPRESSION,0.9,80.0,B,ASIA,4489.253,4503.08,4475.426,4475.426,4503.365,STOP,0.001,1.3827,0.2705,13.827,-1.4112,-1.0206,0.017,1.018,75,0.283,2.743,0.05,0.12,0.0,clear,compression -> confirmed range break + momentum,509.6813
2026-05-29 08:46:00+00:00,2026-05-29 11:37:00+00:00,XAUUSD,LONG,BREAKOUT,STRONG_BULL,1.0,85.0,A,LONDON,4525.494,4508.761,4542.226,4542.226,4542.117,TP2,0.001,1.6732,0.3283,16.732,1.6624,0.9935,1.048,0.945,171,0.217,4.838,0.05,0.0,0.0,clear,compression -> confirmed range break + momentum,511.3437
2026-06-02 01:11:00+00:00,2026-06-02 04:31:00+00:00,XAUUSD,SHORT,BREAKOUT,COMPRESSION,1.0,80.0,B,ASIA,4477.901,4497.581,4458.221,4458.221,4497.92,STOP,0.001,1.968,0.3849,19.68,-2.0019,-1.0172,0.775,1.032,200,0.328,3.392,0.05,0.12,0.0,clear,compression -> confirmed range break + momentum,509.3418
2026-06-03 19:42:00+00:00,2026-06-03 21:00:00+00:00,XAUUSD,LONG,LIQUIDITY_REVERSAL,BEAR,0.949,85.0,A,NEWYORK,4440.051,4424.695,4455.406,4455.406,4444.179,SESSION_END,0.001,1.5355,0.3015,15.355,0.4129,0.2689,0.778,0.049,78,0.211,3.583,0.05,0.05,0.0,clear,sweep + rejection + CHoCH + displacement,509.7547
2026-06-04 02:31:00+00:00,2026-06-04 10:31:00+00:00,XAUUSD,LONG,BREAKOUT,EXPANSION,0.924,50.0,NO_TRADE,ASIA,4468.307,4446.943,4489.671,4489.671,4462.559,TIME,0.001,2.1364,0.4191,21.364,-0.5748,-0.2691,0.727,0.61,480,0.465,6.229,0.05,0.05,0.0,clear,compression -> confirmed range break + momentum,509.1799
2026-06-04 12:26:00+00:00,2026-06-04 12:51:00+00:00,XAUUSD,LONG,BREAKOUT,COMPRESSION,0.968,65.0,NO_TRADE,OVERLAP,4481.71,4459.453,4503.967,4503.967,4503.854,TP2,0.001,2.2257,0.4371,22.257,2.2144,0.9949,1.03,0.0,25,0.19,4.499,0.05,0.0,0.0,clear,compression -> confirmed range break + momentum,511.3942
2026-06-05 00:02:00+00:00,2026-06-05 01:16:00+00:00,XAUUSD,SHORT,BREAKOUT,COMPRESSION,0.979,65.0,NO_TRADE,ASIA,4467.446,4481.128,4453.765,4453.765,4453.951,TP2,0.001,1.3681,0.2675,13.681,1.3496,0.9864,1.111,0.473,74,0.303,2.853,0.05,0.0,0.0,clear,compression -> confirmed range break + momentum,512.7438
2026-06-05 02:47:00+00:00,2026-06-05 10:47:00+00:00,XAUUSD,SHORT,BREAKOUT,BEAR,0.839,65.0,NO_TRADE,ASIA,4447.833,4470.874,4424.792,4424.792,4468.177,TIME,0.001,2.3041,0.4494,23.041,-2.0344,-0.8829,0.846,0.93,480,0.484,6.319,0.05,0.05,0.0,clear,compression -> confirmed range break + momentum,510.7094
2026-06-09 00:31:00+00:00,2026-06-09 02:29:00+00:00,XAUUSD,SHORT,BREAKOUT,COMPRESSION,0.984,95.0,A+,ASIA,4320.295,4337.702,4302.887,4302.887,4337.993,STOP,0.001,1.7407,0.3408,17.407,-1.7698,-1.0167,0.442,1.007,118,0.28,2.724,0.05,0.12,0.0,clear,compression -> confirmed range break + momentum,508.9396
2026-06-09 02:37:00+00:00,2026-06-09 10:37:00+00:00,XAUUSD,LONG,BREAKOUT,COMPRESSION,0.984,55.0,NO_TRADE,ASIA,4337.513,4313.354,4361.672,4361.672,4329.54,TIME,0.001,2.4159,0.4747,24.159,-0.7973,-0.33,0.561,0.689,480,0.356,5.377,0.05,0.05,0.0,clear,compression -> confirmed range break + momentum,508.1423
2026-06-15 03:07:00+00:00,2026-06-15 11:07:00+00:00,XAUUSD,LONG,BREAKOUT,STRONG_BULL,0.962,85.0,A,ASIA,4323.212,4298.933,4347.491,4347.491,4337.921,TIME,0.001,2.4279,0.4778,24.279,1.4709,0.6058,0.909,0.929,480,0.394,6.938,0.05,0.05,0.0,clear,compression -> confirmed range break + momentum,509.6132
2026-06-15 12:42:00+00:00,2026-06-15 12:46:00+00:00,XAUUSD,LONG,BREAKOUT,STRONG_BULL,0.975,65.0,NO_TRADE,OVERLAP,4345.515,4332.402,4358.627,4358.627,4332.198,STOP,0.001,1.3113,0.2573,13.113,-1.3317,-1.0156,0.0,1.057,4,0.16,3.86,0.05,0.12,0.0,clear,compression -> confirmed range break + momentum,508.2815
2026-06-15 14:21:00+00:00,2026-06-15 18:01:00+00:00,XAUUSD,LONG,BREAKOUT,COMPRESSION,0.995,80.0,B,OVERLAP,4352.551,4334.069,4371.032,4371.032,4333.833,STOP,0.001,1.8482,0.3636,18.482,-1.8718,-1.0128,0.916,1.01,220,0.192,5.305,0.05,0.12,0.0,clear,compression -> confirmed range break + momentum,506.4097
2026-06-16 04:41:00+00:00,2026-06-16 11:50:00+00:00,XAUUSD,LONG,BREAKOUT,COMPRESSION,0.968,85.0,A,ASIA,4327.234,4305.794,4348.674,4348.674,4348.583,TP2,0.001,2.144,0.4234,21.44,2.1349,0.9958,1.001,0.659,429,0.358,4.065,0.05,0.0,0.0,clear,compression -> confirmed range break + momentum,508.5446
2026-06-16 13:11:00+00:00,2026-06-16 15:19:00+00:00,XAUUSD,LONG,LIQUIDITY_REVERSAL,LIQUIDITY_REVERSAL,0.8,95.0,A+,OVERLAP,4344.36,4323.144,4365.575,4365.575,4322.91,STOP,0.001,2.1216,0.4172,21.216,-2.145,-1.0111,0.497,1.041,128,0.189,3.801,0.05,0.12,0.0,clear,sweep + rejection + CHoCH + displacement,506.3996
2026-06-17 00:51:00+00:00,2026-06-17 02:06:00+00:00,XAUUSD,SHORT,LIQUIDITY_REVERSAL,CHOPPY,0.568,80.0,B,ASIA,4330.671,4346.026,4315.315,4315.315,4346.333,STOP,0.001,1.5355,0.3032,15.355,-1.5662,-1.02,0.146,1.1,75,0.295,2.219,0.05,0.12,0.0,clear,sweep + rejection + CHoCH + displacement,504.8335
2026-06-19 00:17:00+00:00,2026-06-19 03:15:00+00:00,XAUUSD,SHORT,BREAKOUT,STRONG_BEAR,0.928,95.0,A+,ASIA,4195.306,4214.281,4176.331,4176.331,4176.503,TP2,0.001,1.8975,0.3759,18.975,1.8803,0.9909,1.041,0.189,178,0.338,4.126,0.05,0.0,0.0,clear,compression -> confirmed range break + momentum,506.7137
2026-06-19 03:21:00+00:00,2026-06-19 04:58:00+00:00,XAUUSD,SHORT,BREAKOUT,STRONG_BEAR,1.0,80.0,B,ASIA,4176.821,4199.071,4154.572,4154.572,4154.747,TP2,0.001,2.2249,0.4391,22.249,2.2074,0.9921,1.415,0.306,97,0.347,4.305,0.05,0.0,0.0,clear,compression -> confirmed range break + momentum,508.9211
2026-06-22 11:16:00+00:00,2026-06-22 13:55:00+00:00,XAUUSD,LONG,BREAKOUT,COMPRESSION,0.953,65.0,NO_TRADE,LONDON,4210.808,4196.492,4225.124,4225.124,4196.277,STOP,0.001,1.4316,0.2813,14.316,-1.4531,-1.015,0.293,1.042,159,0.207,4.214,0.05,0.12,0.0,clear,compression -> confirmed range break + momentum,507.4681
2026-06-22 14:31:00+00:00,2026-06-22 15:08:00+00:00,XAUUSD,SHORT,BREAKOUT,COMPRESSION,0.937,85.0,A,OVERLAP,4185.814,4207.328,4164.3,4164.3,4207.564,STOP,0.001,2.1514,0.424,21.514,-2.175,-1.011,0.143,1.154,37,0.201,4.71,0.05,0.12,0.0,clear,compression -> confirmed range break + momentum,505.293
2026-06-23 02:09:00+00:00,2026-06-23 02:33:00+00:00,XAUUSD,SHORT,LIQUIDITY_REVERSAL,CHOPPY,0.754,95.0,A+,ASIA,4190.562,4212.472,4168.652,4168.652,4168.877,TP2,0.001,2.191,0.4336,21.91,2.1685,0.9897,1.032,0.0,24,0.386,4.244,0.05,0.0,0.0,clear,sweep + rejection + CHoCH + displacement,507.4616
2026-06-23 04:09:00+00:00,2026-06-23 05:59:00+00:00,XAUUSD,SHORT,BREAKOUT,BEAR,0.852,65.0,NO_TRADE,ASIA,4141.361,4166.524,4116.198,4116.198,4116.393,TP2,0.001,2.5163,0.4959,25.163,2.4968,0.9923,1.068,0.216,110,0.487,6.269,0.05,0.0,0.0,clear,compression -> confirmed range break + momentum,509.9584
2026-06-23 06:09:00+00:00,2026-06-23 08:44:00+00:00,XAUUSD,SHORT,BREAKOUT,STRONG_BEAR,0.999,65.0,NO_TRADE,ASIA,4128.966,4152.755,4105.178,4105.178,4105.316,TP2,0.001,2.3788,0.4665,23.788,2.3651,0.9942,1.067,0.194,155,0.497,6.551,0.05,0.0,0.0,clear,compression -> confirmed range break + momentum,512.3235
2026-06-26 00:51:00+00:00,2026-06-26 03:37:00+00:00,XAUUSD,SHORT,BREAKOUT,COMPRESSION,0.947,80.0,B,ASIA,4017.393,4036.799,3997.987,3997.987,3998.175,TP2,0.001,1.9406,0.3788,19.406,1.9218,0.9903,1.165,0.615,166,0.324,4.566,0.05,0.0,0.0,clear,compression -> confirmed range break + momentum,514.2453
2026-06-30 01:19:00+00:00,2026-06-30 01:56:00+00:00,XAUUSD,SHORT,BREAKOUT,COMPRESSION,1.0,65.0,NO_TRADE,ASIA,4004.908,4028.666,3981.15,3981.15,3981.34,TP2,0.001,2.3758,0.462,23.758,2.3567,0.992,1.063,0.168,37,0.355,4.112,0.05,0.0,0.0,clear,compression -> confirmed range break + momentum,516.602
