ts_open,ts_close,symbol,direction,strategy,regime,regime_conf,setup_score,grade,session,entry,stop,tp1,tp2,exit,exit_reason,lots,risk_money,risk_percent,r_distance,pnl,r_multiple,mfe_r,mae_r,bars_held,spread,atr,entry_slippage,exit_slippage,commission,news_status,entry_reason,equity_after
2019-01-02 13:40:00+00:00,2019-01-02 21:00:00+00:00,XAUUSD,SHORT,LIQUIDITY_REVERSAL,LIQUIDITY_REVERSAL,0.7,85.0,A,OVERLAP,1284.012,1294.133,1271.36,1271.36,1283.29,SESSION_END,0.002,2.0243,0.4049,10.122,0.1443,0.0713,0.532,0.359,440,0.272,0.925,0.05,0.05,0.0,clear,sweep + rejection + CHoCH + displacement,500.1443
2019-01-14 14:23:00+00:00,2019-01-14 21:00:00+00:00,XAUUSD,LONG,LIQUIDITY_REVERSAL,LIQUIDITY_REVERSAL,0.7,95.0,A+,OVERLAP,1292.254,1280.323,1307.168,1307.168,1291.044,SESSION_END,0.002,2.3863,0.4771,11.931,-0.2421,-0.1015,0.069,0.25,397,0.312,0.982,0.05,0.05,0.0,clear,sweep + rejection + CHoCH + displacement,499.9022
2019-06-24 19:52:00+00:00,2019-06-24 21:00:00+00:00,XAUUSD,LONG,BREAKOUT,BULL,1.0,65.0,NO_TRADE,NEWYORK,1418.488,1409.59,1429.61,1429.61,1418.602,SESSION_END,0.002,1.7796,0.356,8.898,0.0229,0.0129,0.199,0.182,68,0.22,0.944,0.05,0.05,0.0,clear,compression -> confirmed range break + momentum,499.9251
2019-06-25 17:41:00+00:00,2019-06-25 21:00:00+00:00,XAUUSD,SHORT,LIQUIDITY_REVERSAL,LIQUIDITY_REVERSAL,1.0,85.0,A,NEWYORK,1424.8,1447.053,1396.983,1396.983,1423.627,SESSION_END,0.001,2.2253,0.4451,22.253,0.1173,0.0527,0.584,0.066,199,0.331,1.945,0.05,0.05,0.0,clear,sweep + rejection + CHoCH + displacement,500.0423
2019-06-26 10:11:00+00:00,2019-06-26 18:11:00+00:00,XAUUSD,SHORT,LIQUIDITY_REVERSAL,LIQUIDITY_REVERSAL,1.0,80.0,B,LONDON,1407.57,1418.492,1393.917,1393.917,1410.531,TIME,0.002,2.1845,0.4369,10.922,-0.5921,-0.2711,0.522,0.698,480,0.21,1.357,0.05,0.05,0.0,clear,sweep + rejection + CHoCH + displacement,499.4502
2019-07-02 12:58:00+00:00,2019-07-02 16:21:00+00:00,XAUUSD,SHORT,LIQUIDITY_REVERSAL,LIQUIDITY_REVERSAL,0.8,85.0,A,OVERLAP,1391.91,1399.515,1382.405,1382.405,1399.807,STOP,0.003,2.2813,0.4563,7.604,-2.3691,-1.0385,0.282,1.064,203,0.175,0.708,0.05,0.12,0.0,clear,sweep + rejection + CHoCH + displacement,497.6309
2019-07-03 13:21:00+00:00,2019-07-03 21:00:00+00:00,XAUUSD,LONG,LIQUIDITY_REVERSAL,LIQUIDITY_REVERSAL,0.7,90.0,A+,OVERLAP,1418.958,1405.699,1435.531,1435.531,1417.145,SESSION_END,0.001,1.3259,0.2664,13.259,-0.1813,-0.1367,0.219,0.527,458,0.266,1.794,0.05,0.05,0.0,clear,sweep + rejection + CHoCH + displacement,497.4496
2019-07-04 15:26:00+00:00,2019-07-04 21:41:00+00:00,XAUUSD,LONG,BREAKOUT,COMPRESSION,1.0,80.0,B,OVERLAP,1417.433,1409.013,1427.96,1427.96,1414.365,SESSION_END,0.002,1.6842,0.3386,8.421,-0.6137,-0.3644,0.0,0.357,165,0.191,0.835,0.05,0.05,0.0,clear,compression -> confirmed range break + momentum,496.8359
2019-07-11 15:41:00+00:00,2019-07-11 21:00:00+00:00,XAUUSD,SHORT,BREAKOUT,BEAR,0.613,70.0,NO_TRADE,OVERLAP,1409.825,1424.737,1391.186,1391.186,1407.54,SESSION_END,0.001,1.4912,0.3001,14.912,0.2285,0.1532,0.425,0.204,319,0.306,1.644,0.05,0.05,0.0,clear,compression -> confirmed range break + momentum,497.0644
2019-07-18 13:36:00+00:00,2019-07-18 19:02:00+00:00,XAUUSD,SHORT,LIQUIDITY_REVERSAL,LIQUIDITY_REVERSAL,1.0,85.0,A,OVERLAP,1417.655,1431.377,1400.502,1400.502,1431.631,STOP,0.001,1.3722,0.2761,13.722,-1.3976,-1.0185,0.224,1.018,326,0.3,1.429,0.05,0.12,0.0,clear,sweep + rejection + CHoCH + displacement,495.6668
2019-07-19 10:46:00+00:00,2019-07-19 15:43:00+00:00,XAUUSD,LONG,LIQUIDITY_REVERSAL,LIQUIDITY_REVERSAL,0.7,100.0,A+,LONDON,1440.289,1428.685,1454.793,1454.793,1428.395,STOP,0.002,2.3207,0.4682,11.603,-2.3786,-1.025,0.127,1.165,297,0.221,1.007,0.05,0.12,0.0,clear,sweep + rejection + CHoCH + displacement,493.2882
2019-07-26 15:22:00+00:00,2019-07-26 18:00:00+00:00,XAUUSD,SHORT,LIQUIDITY_REVERSAL,CHOPPY,0.579,100.0,A+,OVERLAP,1418.452,1432.591,1400.78,1400.78,1418.828,SESSION_END,0.001,1.4138,0.2866,14.138,-0.0376,-0.0266,0.078,0.206,158,0.411,1.636,0.05,0.05,0.0,clear,sweep + rejection + CHoCH + displacement,493.2506
2019-07-31 14:51:00+00:00,2019-07-31 19:52:00+00:00,XAUUSD,SHORT,LIQUIDITY_REVERSAL,LIQUIDITY_REVERSAL,1.0,85.0,A,OVERLAP,1429.57,1444.14,1411.358,1411.358,1411.708,TP2,0.001,1.457,0.2954,14.57,1.7862,1.226,1.317,0.09,301,0.356,1.255,0.05,0.0,0.0,clear,sweep + rejection + CHoCH + displacement,495.0368
2019-08-02 08:32:00+00:00,2019-08-02 16:32:00+00:00,XAUUSD,LONG,BREAKOUT,COMPRESSION,0.968,70.0,NO_TRADE,LONDON,1437.064,1426.956,1449.7,1449.7,1443.924,TIME,0.002,2.0217,0.4084,10.109,1.372,0.6786,1.052,0.61,480,0.219,1.243,0.05,0.05,0.0,clear,compression -> confirmed range break + momentum,496.4088
2019-08-05 15:25:00+00:00,2019-08-05 16:05:00+00:00,XAUUSD,LONG,BREAKOUT,STRONG_BULL,1.0,70.0,NO_TRADE,OVERLAP,1467.267,1458.176,1478.631,1478.631,1457.877,STOP,0.002,1.8182,0.3663,9.091,-1.8779,-1.0329,0.257,1.041,40,0.238,1.605,0.05,0.12,0.0,clear,compression -> confirmed range break + momentum,494.5308
2019-08-06 15:21:00+00:00,2019-08-06 21:00:00+00:00,XAUUSD,LONG,BREAKOUT,COMPRESSION,0.932,85.0,A,OVERLAP,1469.739,1458.812,1483.398,1483.398,1472.009,SESSION_END,0.002,2.1855,0.4419,10.927,0.4539,0.2077,0.369,0.179,339,0.228,1.697,0.05,0.05,0.0,clear,compression -> confirmed range break + momentum,494.9848
2019-08-07 10:51:00+00:00,2019-08-07 12:30:00+00:00,XAUUSD,SHORT,LIQUIDITY_REVERSAL,LIQUIDITY_REVERSAL,0.8,85.0,A,LONDON,1486.085,1494.656,1475.371,1475.371,1494.868,STOP,0.002,1.7142,0.3463,8.571,-1.7567,-1.0248,0.0,1.088,99,0.2,1.096,0.05,0.12,0.0,clear,sweep + rejection + CHoCH + displacement,493.2281
2019-08-08 13:36:00+00:00,2019-08-08 19:07:00+00:00,XAUUSD,SHORT,BREAKOUT,COMPRESSION,1.0,65.0,NO_TRADE,OVERLAP,1494.31,1505.28,1480.598,1480.598,1505.534,STOP,0.002,2.1939,0.4448,10.97,-2.2447,-1.0232,0.398,1.013,331,0.195,1.362,0.05,0.12,0.0,clear,compression -> confirmed range break + momentum,490.9833
2019-08-09 07:44:00+00:00,2019-08-09 15:44:00+00:00,XAUUSD,SHORT,BREAKOUT,COMPRESSION,0.937,50.0,NO_TRADE,LONDON,1500.259,1508.933,1489.415,1489.415,1503.607,TIME,0.002,1.7349,0.3534,8.675,-0.6697,-0.386,0.641,0.541,480,0.199,1.14,0.05,0.05,0.0,clear,compression -> confirmed range break + momentum,490.3137
2019-08-14 20:06:00+00:00,2019-08-14 21:00:00+00:00,XAUUSD,SHORT,LIQUIDITY_REVERSAL,LIQUIDITY_REVERSAL,0.7,85.0,A,NEWYORK,1513.707,1536.54,1485.165,1485.165,1515.058,SESSION_END,0.001,2.2834,0.4657,22.834,-0.1351,-0.0592,0.014,0.195,54,0.296,2.035,0.05,0.05,0.0,clear,sweep + rejection + CHoCH + displacement,490.1785
2019-08-19 12:31:00+00:00,2019-08-19 20:31:00+00:00,XAUUSD,SHORT,BREAKOUT,STRONG_BEAR,0.952,85.0,A,OVERLAP,1496.82,1507.5,1483.471,1483.471,1494.838,TIME,0.002,2.1359,0.4357,10.68,0.3965,0.1856,0.341,0.611,480,0.209,1.22,0.05,0.05,0.0,clear,compression -> confirmed range break + momentum,490.575
2019-08-27 10:32:00+00:00,2019-08-27 16:29:00+00:00,XAUUSD,LONG,LIQUIDITY_REVERSAL,LIQUIDITY_REVERSAL,0.8,100.0,A+,LONDON,1531.891,1524.237,1541.458,1541.458,1541.279,TP2,0.003,2.2961,0.468,7.654,2.8166,1.2267,1.322,0.463,357,0.185,0.942,0.05,0.0,0.0,clear,sweep + rejection + CHoCH + displacement,493.3916
2019-08-27 18:41:00+00:00,2019-08-27 21:00:00+00:00,XAUUSD,SHORT,LIQUIDITY_REVERSAL,LIQUIDITY_REVERSAL,0.8,85.0,A,NEWYORK,1540.139,1551.686,1525.704,1525.704,1543.936,SESSION_END,0.002,2.3096,0.4681,11.548,-0.7595,-0.3289,0.248,0.269,139,0.293,1.283,0.05,0.05,0.0,clear,sweep + rejection + CHoCH + displacement,492.6321
2019-08-30 14:21:00+00:00,2019-08-30 18:00:00+00:00,XAUUSD,SHORT,LIQUIDITY_REVERSAL,LIQUIDITY_REVERSAL,1.0,100.0,A+,OVERLAP,1526.768,1538.401,1512.225,1512.225,1523.095,SESSION_END,0.002,2.3268,0.4723,11.634,0.7345,0.3157,0.372,0.515,219,0.235,1.471,0.05,0.05,0.0,clear,sweep + rejection + CHoCH + displacement,493.3666
2019-09-05 11:41:00+00:00,2019-09-05 14:37:00+00:00,XAUUSD,LONG,LIQUIDITY_REVERSAL,LIQUIDITY_REVERSAL,0.7,100.0,A+,LONDON,1541.359,1531.12,1554.158,1554.158,1530.869,STOP,0.002,2.0478,0.4151,10.239,-2.0979,-1.0245,0.318,1.008,176,0.247,1.272,0.05,0.12,0.0,clear,sweep + rejection + CHoCH + displacement,491.2687
2019-09-09 09:12:00+00:00,2019-09-09 15:52:00+00:00,XAUUSD,LONG,LIQUIDITY_REVERSAL,LIQUIDITY_REVERSAL,1.0,80.0,B,LONDON,1507.057,1498.582,1517.651,1517.651,1498.336,STOP,0.002,1.6951,0.345,8.475,-1.7443,-1.029,0.986,1.12,400,0.205,1.057,0.05,0.12,0.0,clear,sweep + rejection + CHoCH + displacement,489.5244
2019-09-17 11:56:00+00:00,2019-09-17 19:56:00+00:00,XAUUSD,LONG,LIQUIDITY_REVERSAL,LIQUIDITY_REVERSAL,1.0,80.0,B,LONDON,1498.493,1490.042,1509.058,1509.058,1502.54,TIME,0.002,1.6903,0.3453,8.452,0.8094,0.4788,1.007,0.082,480,0.191,0.77,0.05,0.05,0.0,clear,sweep + rejection + CHoCH + displacement,490.3338
2019-09-19 13:36:00+00:00,2019-09-19 21:00:00+00:00,XAUUSD,SHORT,LIQUIDITY_REVERSAL,LIQUIDITY_REVERSAL,0.8,100.0,A+,OVERLAP,1500.166,1512.329,1484.963,1484.963,1499.038,SESSION_END,0.002,2.4326,0.4961,12.163,0.2257,0.0928,0.302,0.354,444,0.263,1.175,0.05,0.05,0.0,clear,sweep + rejection + CHoCH + displacement,490.5595
2019-09-26 13:41:00+00:00,2019-09-26 21:00:00+00:00,XAUUSD,LONG,LIQUIDITY_REVERSAL,LIQUIDITY_REVERSAL,0.8,85.0,A,OVERLAP,1505.798,1487.949,1528.109,1528.109,1503.707,SESSION_END,0.001,1.7849,0.3638,17.849,-0.2091,-0.1171,0.361,0.228,439,0.326,1.607,0.05,0.05,0.0,clear,sweep + rejection + CHoCH + displacement,490.3504
2019-09-30 12:47:00+00:00,2019-09-30 16:25:00+00:00,XAUUSD,SHORT,BREAKOUT,STRONG_BEAR,1.0,70.0,NO_TRADE,OVERLAP,1483.543,1494.229,1470.186,1470.186,1470.395,TP2,0.002,2.1371,0.4358,10.686,2.6298,1.2305,1.251,0.357,218,0.243,1.258,0.05,0.0,0.0,clear,compression -> confirmed range break + momentum,492.9802
2019-10-08 12:06:00+00:00,2019-10-08 20:06:00+00:00,XAUUSD,LONG,BREAKOUT,EXPANSION,0.945,70.0,NO_TRADE,OVERLAP,1505.222,1495.426,1517.468,1517.468,1505.298,TIME,0.002,1.9594,0.3975,9.797,0.0152,0.0077,0.449,0.766,480,0.249,1.177,0.05,0.05,0.0,clear,compression -> confirmed range break + momentum,492.9953
2019-10-09 20:46:00+00:00,2019-10-09 21:00:00+00:00,XAUUSD,SHORT,LIQUIDITY_REVERSAL,LIQUIDITY_REVERSAL,0.7,75.0,B,NEWYORK,1507.782,1522.298,1489.636,1489.636,1508.007,SESSION_END,0.001,1.4516,0.2945,14.516,-0.0225,-0.0155,0.19,0.032,14,0.266,1.219,0.05,0.05,0.0,clear,sweep + rejection + CHoCH + displacement,492.9728
2019-10-18 14:21:00+00:00,2019-10-18 18:00:00+00:00,XAUUSD,SHORT,LIQUIDITY_REVERSAL,LIQUIDITY_REVERSAL,1.0,85.0,A,OVERLAP,1489.613,1501.509,1474.743,1474.743,1491.581,SESSION_END,0.002,2.3792,0.4826,11.896,-0.3936,-0.1654,0.075,0.274,219,0.264,1.14,0.05,0.05,0.0,clear,sweep + rejection + CHoCH + displacement,492.5792
2019-11-06 16:46:00+00:00,2019-11-06 21:00:00+00:00,XAUUSD,LONG,LIQUIDITY_REVERSAL,LIQUIDITY_REVERSAL,0.7,75.0,B,NEWYORK,1489.75,1477.081,1505.587,1505.587,1490.363,SESSION_END,0.001,1.2669,0.2572,12.669,0.0613,0.0484,0.345,0.068,254,0.304,1.063,0.05,0.05,0.0,clear,sweep + rejection + CHoCH + displacement,492.6405
2019-11-08 15:03:00+00:00,2019-11-08 18:00:00+00:00,XAUUSD,LONG,LIQUIDITY_REVERSAL,LIQUIDITY_REVERSAL,1.0,75.0,B,OVERLAP,1464.7,1445.096,1489.204,1489.204,1461.952,SESSION_END,0.001,1.9604,0.3979,19.604,-0.2748,-0.1402,0.178,0.214,177,0.323,1.95,0.05,0.05,0.0,clear,sweep + rejection + CHoCH + displacement,492.3657
2019-11-14 07:22:00+00:00,2019-11-14 15:22:00+00:00,XAUUSD,LONG,BREAKOUT,COMPRESSION,0.921,95.0,A+,LONDON,1467.628,1458.322,1479.26,1479.26,1465.783,TIME,0.002,1.8612,0.378,9.306,-0.369,-0.1983,0.305,0.328,480,0.24,0.769,0.05,0.05,0.0,clear,compression -> confirmed range break + momentum,491.9967
2019-11-20 18:56:00+00:00,2019-11-20 21:00:00+00:00,XAUUSD,SHORT,LIQUIDITY_REVERSAL,LIQUIDITY_REVERSAL,1.0,75.0,B,NEWYORK,1470.132,1486.674,1449.455,1449.455,1473.538,SESSION_END,0.001,1.6542,0.3362,16.542,-0.3406,-0.2059,0.026,0.201,124,0.425,1.627,0.05,0.05,0.0,clear,sweep + rejection + CHoCH + displacement,491.656
2019-12-13 15:07:00+00:00,2019-12-13 18:00:00+00:00,XAUUSD,SHORT,LIQUIDITY_REVERSAL,CHOPPY,0.562,85.0,A,OVERLAP,1466.39,1489.254,1437.811,1437.811,1474.849,SESSION_END,0.001,2.2864,0.465,22.864,-0.8458,-0.3699,0.003,0.501,173,0.389,1.987,0.05,0.05,0.0,clear,sweep + rejection + CHoCH + displacement,490.8102
2020-01-08 15:36:00+00:00,2020-01-08 16:45:00+00:00,XAUUSD,SHORT,LIQUIDITY_REVERSAL,LIQUIDITY_REVERSAL,1.0,85.0,A,OVERLAP,1570.379,1584.257,1553.032,1553.032,1553.265,TP2,0.001,1.3878,0.2776,13.878,1.7114,1.2332,1.271,0.287,69,0.252,2.003,0.05,0.0,0.0,clear,sweep + rejection + CHoCH + displacement,501.7114
2020-01-15 14:52:00+00:00,2020-01-15 21:00:00+00:00,XAUUSD,SHORT,LIQUIDITY_REVERSAL,LIQUIDITY_REVERSAL,0.7,85.0,A,OVERLAP,1549.298,1563.01,1532.159,1532.159,1557.106,SESSION_END,0.001,1.3712,0.2733,13.712,-0.7808,-0.5694,0.047,0.645,368,0.313,1.435,0.05,0.05,0.0,clear,sweep + rejection + CHoCH + displacement,500.9307
2020-02-03 01:27:00+00:00,2020-02-03 09:27:00+00:00,XAUUSD,LONG,LIQUIDITY_REVERSAL,LIQUIDITY_REVERSAL,0.8,90.0,A+,ASIA,1587.43,1570.394,1608.726,1608.726,1577.272,TIME,0.001,1.7036,0.3401,17.036,-1.0158,-0.5963,0.03,0.834,480,0.53,1.894,0.05,0.05,0.0,clear,sweep + rejection + CHoCH + displacement,499.9148
2020-02-03 14:56:00+00:00,2020-02-03 21:00:00+00:00,XAUUSD,SHORT,BREAKOUT,COMPRESSION,0.979,65.0,NO_TRADE,OVERLAP,1574.449,1584.2,1562.259,1562.259,1576.978,SESSION_END,0.002,1.9503,0.3901,9.752,-0.5059,-0.2594,0.539,0.534,363,0.213,1.18,0.05,0.05,0.0,clear,compression -> confirmed range break + momentum,499.4089
2020-02-24 10:40:00+00:00,2020-02-24 18:40:00+00:00,XAUUSD,LONG,TREND_CONTINUATION,STRONG_BULL,1.0,100.0,A+,LONDON,1683.285,1669.545,1700.459,1700.459,1673.015,TIME,0.001,1.3739,0.2751,13.739,-1.0269,-0.7474,0.325,0.998,480,0.34,2.253,0.05,0.05,0.0,clear,trend pullback + LTF BOS,498.382
2020-03-04 00:16:00+00:00,2020-03-04 08:16:00+00:00,XAUUSD,LONG,TREND_CONTINUATION,STRONG_BULL,1.0,95.0,A+,ASIA,1647.625,1630.331,1669.243,1669.243,1636.3,TIME,0.001,1.7294,0.347,17.294,-1.1325,-0.6548,0.0,0.915,480,0.514,2.73,0.05,0.05,0.0,clear,trend pullback + LTF BOS,497.2495
2020-03-04 11:31:00+00:00,2020-03-04 19:31:00+00:00,XAUUSD,LONG,TREND_CONTINUATION,BULL,0.953,100.0,A+,LONDON,1644.008,1632.16,1658.818,1658.818,1638.834,TIME,0.002,2.3696,0.4765,11.848,-1.0349,-0.4367,0.444,0.859,480,0.22,1.732,0.05,0.05,0.0,clear,trend pullback + LTF BOS,496.2147
2020-03-05 19:13:00+00:00,2020-03-05 21:00:00+00:00,XAUUSD,LONG,TREND_CONTINUATION,STRONG_BULL,0.99,85.0,A,NEWYORK,1668.438,1657.294,1682.368,1682.368,1672.77,SESSION_END,0.002,2.2288,0.4492,11.144,0.8663,0.3887,0.544,0.052,107,0.26,1.707,0.05,0.05,0.0,clear,trend pullback + LTF BOS,497.081
2020-03-06 11:24:00+00:00,2020-03-06 13:48:00+00:00,XAUUSD,SHORT,LIQUIDITY_REVERSAL,BULL,0.948,70.0,NO_TRADE,LONDON,1685.033,1696.099,1671.2,1671.2,1671.377,TP2,0.002,2.2132,0.4452,11.066,2.7312,1.234,1.493,0.403,144,0.31,2.679,0.05,0.0,0.0,clear,sweep + rejection + CHoCH + displacement,499.8122
2020-03-09 19:37:00+00:00,2020-03-09 22:00:00+00:00,XAUUSD,SHORT,LIQUIDITY_REVERSAL,LIQUIDITY_REVERSAL,1.0,80.0,B,NEWYORK,1673.829,1698.64,1642.815,1642.815,1679.598,SESSION_END,0.001,2.4811,0.4964,24.811,-0.5769,-0.2325,0.073,0.257,83,0.212,2.954,0.05,0.05,0.0,clear,sweep + rejection + CHoCH + displacement,499.2352
2020-03-10 06:01:00+00:00,2020-03-10 14:01:00+00:00,XAUUSD,SHORT,BREAKOUT,BEAR,0.959,80.0,B,ASIA,1649.938,1672.576,1621.641,1621.641,1654.852,TIME,0.001,2.2638,0.4535,22.638,-0.4914,-0.2171,0.0,0.774,480,0.319,2.317,0.05,0.05,0.0,clear,compression -> confirmed range break + momentum,498.7438
2020-03-12 07:56:00+00:00,2020-03-12 12:02:00+00:00,XAUUSD,LONG,BREAKOUT,COMPRESSION,0.974,70.0,NO_TRADE,LONDON,1641.723,1629.33,1657.214,1657.214,1629.098,STOP,0.002,2.4786,0.497,12.393,-2.5249,-1.0187,0.301,1.617,246,0.216,1.766,0.05,0.12,0.0,clear,compression -> confirmed range break + momentum,496.2189
2020-03-12 20:29:00+00:00,2020-03-12 22:00:00+00:00,XAUUSD,SHORT,TREND_CONTINUATION,BEAR,1.0,85.0,A,NEWYORK,1570.323,1586.684,1549.871,1549.871,1577.003,SESSION_END,0.001,1.6361,0.3297,16.361,-0.6681,-0.4083,0.22,0.582,31,0.351,3.98,0.05,0.05,0.0,clear,trend pullback + LTF BOS,495.5508
2020-03-18 05:46:00+00:00,2020-03-18 06:42:00+00:00,XAUUSD,SHORT,BREAKOUT,COMPRESSION,0.989,80.0,B,ASIA,1522.579,1536.575,1505.083,1505.083,1505.28,TP2,0.001,1.3997,0.2824,13.997,1.7299,1.2359,1.27,0.023,56,0.293,2.04,0.05,0.0,0.0,clear,compression -> confirmed range break + momentum,497.2807
2020-03-18 19:59:00+00:00,2020-03-18 22:00:00+00:00,XAUUSD,LONG,LIQUIDITY_REVERSAL,CHOPPY,0.616,85.0,A,NEWYORK,1495.13,1473.256,1522.471,1522.471,1485.148,SESSION_END,0.001,2.1873,0.4399,21.873,-0.9982,-0.4564,0.027,0.539,61,0.263,5.057,0.05,0.05,0.0,clear,sweep + rejection + CHoCH + displacement,496.2825
2020-03-19 05:28:00+00:00,2020-03-19 06:49:00+00:00,XAUUSD,LONG,LIQUIDITY_REVERSAL,BEAR,0.798,70.0,NO_TRADE,ASIA,1472.228,1460.43,1486.975,1486.975,1486.803,TP2,0.002,2.3595,0.4754,11.798,2.915,1.2354,1.438,0.286,81,0.299,2.411,0.05,0.0,0.0,clear,sweep + rejection + CHoCH + displacement,499.1975
2020-03-20 07:31:00+00:00,2020-03-20 15:31:00+00:00,XAUUSD,LONG,BREAKOUT,EXPANSION,0.934,70.0,NO_TRADE,LONDON,1506.423,1481.514,1537.559,1537.559,1490.377,TIME,0.001,2.4909,0.499,24.909,-1.6046,-0.6442,0.386,0.828,480,0.21,3.312,0.05,0.05,0.0,clear,compression -> confirmed range break + momentum,497.5929
2020-03-23 06:55:00+00:00,2020-03-23 12:00:00+00:00,XAUUSD,SHORT,BREAKOUT,COMPRESSION,0.989,65.0,NO_TRADE,ASIA,1485.102,1497.389,1469.743,1469.743,1497.587,STOP,0.002,2.4575,0.4939,12.287,-2.4971,-1.0161,0.0,1.013,305,0.312,1.972,0.05,0.12,0.0,clear,compression -> confirmed range break + momentum,495.0958
2020-03-23 14:01:00+00:00,2020-03-23 16:48:00+00:00,XAUUSD,LONG,BREAKOUT,BULL,0.563,70.0,NO_TRADE,OVERLAP,1526.041,1506.788,1550.108,1550.108,1549.964,TP2,0.001,1.9253,0.3889,19.253,2.3923,1.2425,1.302,0.284,167,0.267,4.709,0.05,0.0,0.0,clear,compression -> confirmed range break + momentum,497.488
2020-03-24 19:31:00+00:00,2020-03-24 22:00:00+00:00,XAUUSD,LONG,TREND_CONTINUATION,BULL,1.0,85.0,A,NEWYORK,1623.898,1600.956,1652.575,1652.575,1624.961,SESSION_END,0.001,2.2941,0.4611,22.941,0.1063,0.0464,0.262,0.383,89,0.3,5.242,0.05,0.05,0.0,clear,trend pullback + LTF BOS,497.5944
2020-03-27 13:46:00+00:00,2020-03-27 18:00:00+00:00,XAUUSD,SHORT,LIQUIDITY_REVERSAL,LIQUIDITY_REVERSAL,0.8,85.0,A,OVERLAP,1622.779,1644.674,1595.411,1595.411,1623.665,SESSION_END,0.001,2.1895,0.44,21.895,-0.0886,-0.0405,0.344,0.312,254,0.251,3.866,0.05,0.05,0.0,clear,sweep + rejection + CHoCH + displacement,497.5058
2020-03-30 12:01:00+00:00,2020-03-30 13:14:00+00:00,XAUUSD,LONG,BREAKOUT,EXPANSION,0.85,80.0,B,OVERLAP,1625.872,1615.69,1638.599,1638.599,1615.474,STOP,0.002,2.0364,0.4093,10.182,-2.0797,-1.0213,0.128,1.022,73,0.188,2.157,0.05,0.12,0.0,clear,compression -> confirmed range break + momentum,495.4261
2020-03-30 16:17:00+00:00,2020-03-30 21:00:00+00:00,XAUUSD,SHORT,LIQUIDITY_REVERSAL,CHOPPY,0.643,80.0,B,NEWYORK,1618.863,1632.419,1601.918,1601.918,1622.687,SESSION_END,0.001,1.3556,0.2736,13.556,-0.3824,-0.2821,0.567,0.29,283,0.23,2.054,0.05,0.05,0.0,clear,sweep + rejection + CHoCH + displacement,495.0437
2020-03-31 11:26:00+00:00,2020-03-31 19:26:00+00:00,XAUUSD,SHORT,BREAKOUT,STRONG_BEAR,0.821,85.0,A,LONDON,1599.684,1613.685,1582.182,1582.182,1589.659,TIME,0.001,1.4002,0.2828,14.002,1.0025,0.716,1.217,0.984,480,0.249,2.436,0.05,0.05,0.0,clear,compression -> confirmed range break + momentum,496.0462
2020-04-01 12:37:00+00:00,2020-04-01 14:24:00+00:00,XAUUSD,LONG,LIQUIDITY_REVERSAL,LIQUIDITY_REVERSAL,1.0,85.0,A,OVERLAP,1594.026,1576.567,1615.849,1615.849,1576.335,STOP,0.001,1.7458,0.352,17.458,-1.7691,-1.0133,0.039,1.092,107,0.176,1.669,0.05,0.12,0.0,clear,sweep + rejection + CHoCH + displacement,494.2771
2020-04-02 07:21:00+00:00,2020-04-02 13:19:00+00:00,XAUUSD,LONG,BREAKOUT,COMPRESSION,0.995,65.0,NO_TRADE,LONDON,1589.396,1576.174,1605.924,1605.924,1605.818,TP2,0.001,1.3222,0.2675,13.222,1.6422,1.242,1.355,0.318,358,0.197,1.618,0.05,0.0,0.0,clear,compression -> confirmed range break + momentum,495.9193
2020-04-06 08:51:00+00:00,2020-04-06 14:50:00+00:00,XAUUSD,LONG,BREAKOUT,BULL,0.85,85.0,A,LONDON,1630.74,1619.639,1644.616,1644.616,1644.496,TP2,0.002,2.2202,0.4477,11.101,2.7512,1.2392,1.347,0.193,359,0.284,2.708,0.05,0.0,0.0,clear,compression -> confirmed range break + momentum,498.6705
2020-04-06 19:38:00+00:00,2020-04-06 21:00:00+00:00,XAUUSD,LONG,TREND_CONTINUATION,STRONG_BULL,1.0,85.0,A,NEWYORK,1656.454,1637.484,1680.167,1680.167,1665.828,SESSION_END,0.001,1.897,0.3804,18.97,0.9374,0.4941,0.643,0.074,82,0.292,2.872,0.05,0.05,0.0,clear,trend pullback + LTF BOS,499.6078
2020-04-08 01:36:00+00:00,2020-04-08 09:36:00+00:00,XAUUSD,SHORT,LIQUIDITY_REVERSAL,CHOPPY,0.59,80.0,B,ASIA,1643.632,1659.759,1623.473,1623.473,1650.298,TIME,0.001,1.6127,0.3228,16.127,-0.6666,-0.4134,0.105,0.695,480,0.286,1.525,0.05,0.05,0.0,clear,sweep + rejection + CHoCH + displacement,498.9412
2020-04-08 10:36:00+00:00,2020-04-08 18:36:00+00:00,XAUUSD,SHORT,LIQUIDITY_REVERSAL,LIQUIDITY_REVERSAL,0.7,85.0,A,LONDON,1650.062,1662.415,1634.62,1634.62,1649.961,TIME,0.002,2.4707,0.4952,12.354,0.0201,0.0081,0.653,0.504,480,0.193,2.075,0.05,0.05,0.0,clear,sweep + rejection + CHoCH + displacement,498.9613
2020-04-09 08:53:00+00:00,2020-04-09 13:42:00+00:00,XAUUSD,LONG,BREAKOUT,STRONG_BULL,0.776,70.0,NO_TRADE,LONDON,1658.823,1648.585,1671.621,1671.621,1671.489,TP2,0.002,2.0476,0.4104,10.238,2.5332,1.2372,1.289,0.371,289,0.237,1.838,0.05,0.0,0.0,clear,compression -> confirmed range break + momentum,501.4945
2020-04-13 13:10:00+00:00,2020-04-13 16:19:00+00:00,XAUUSD,LONG,BREAKOUT,COMPRESSION,0.984,85.0,A,OVERLAP,1693.439,1683.781,1705.511,1705.511,1705.37,TP2,0.002,1.9316,0.3852,9.658,2.3863,1.2354,1.259,0.752,189,0.208,2.357,0.05,0.0,0.0,clear,compression -> confirmed range break + momentum,503.8808
2020-04-13 17:27:00+00:00,2020-04-13 21:00:00+00:00,XAUUSD,LONG,BREAKOUT,BULL,0.939,70.0,NO_TRADE,NEWYORK,1712.134,1699.429,1728.014,1728.014,1716.409,SESSION_END,0.001,1.2704,0.2521,12.704,0.4275,0.3365,0.82,0.13,213,0.271,2.865,0.05,0.05,0.0,clear,compression -> confirmed range break + momentum,504.3083
2020-04-14 09:46:00+00:00,2020-04-14 15:02:00+00:00,XAUUSD,SHORT,LIQUIDITY_REVERSAL,LIQUIDITY_REVERSAL,0.8,85.0,A,LONDON,1719.65,1739.285,1695.105,1695.105,1739.529,STOP,0.001,1.9636,0.3894,19.636,-1.988,-1.0124,0.192,1.021,316,0.251,2.787,0.05,0.12,0.0,clear,sweep + rejection + CHoCH + displacement,502.3203
2020-04-16 07:20:00+00:00,2020-04-16 11:54:00+00:00,XAUUSD,SHORT,LIQUIDITY_REVERSAL,CHOPPY,0.602,70.0,NO_TRADE,LONDON,1718.093,1731.909,1700.823,1700.823,1732.141,STOP,0.001,1.3816,0.275,13.816,-1.4048,-1.0168,0.0,1.005,274,0.21,1.794,0.05,0.12,0.0,clear,sweep + rejection + CHoCH + displacement,500.9155
2020-04-17 06:37:00+00:00,2020-04-17 07:03:00+00:00,XAUUSD,SHORT,TREND_CONTINUATION,STRONG_BEAR,0.981,85.0,A,ASIA,1705.07,1718.113,1688.766,1688.766,1688.888,TP2,0.001,1.3043,0.2604,13.043,1.6182,1.2406,1.324,0.035,26,0.371,1.82,0.05,0.0,0.0,clear,trend pullback + LTF BOS,502.5337
2020-04-17 12:28:00+00:00,2020-04-17 14:58:00+00:00,XAUUSD,SHORT,TREND_CONTINUATION,STRONG_BEAR,1.0,85.0,A,OVERLAP,1683.494,1701.58,1660.887,1660.887,1701.816,STOP,0.001,1.8086,0.3599,18.086,-1.8322,-1.0131,0.014,1.002,150,0.207,2.403,0.05,0.12,0.0,clear,trend pullback + LTF BOS,500.7015
2020-04-20 14:31:00+00:00,2020-04-20 21:00:00+00:00,XAUUSD,LONG,LIQUIDITY_REVERSAL,LIQUIDITY_REVERSAL,0.7,85.0,A,OVERLAP,1686.387,1666.472,1711.28,1711.28,1695.135,SESSION_END,0.001,1.9915,0.3977,19.915,0.8749,0.4393,0.791,0.2,389,0.217,2.542,0.05,0.05,0.0,clear,sweep + rejection + CHoCH + displacement,501.5764
2020-04-21 02:07:00+00:00,2020-04-21 10:07:00+00:00,XAUUSD,SHORT,LIQUIDITY_REVERSAL,CHOPPY,0.65,95.0,A+,ASIA,1688.868,1699.154,1676.01,1676.01,1692.245,TIME,0.002,2.0573,0.4102,10.287,-0.6754,-0.3283,0.326,0.868,480,0.28,1.102,0.05,0.05,0.0,clear,sweep + rejection + CHoCH + displacement,500.901
2020-04-22 19:09:00+00:00,2020-04-22 21:00:00+00:00,XAUUSD,LONG,TREND_CONTINUATION,STRONG_BULL,1.0,85.0,A,NEWYORK,1714.418,1703.867,1727.608,1727.608,1717.813,SESSION_END,0.002,2.1103,0.4213,10.552,0.679,0.3218,0.392,0.176,111,0.241,2.508,0.05,0.05,0.0,clear,trend pullback + LTF BOS,501.58
2020-04-23 11:33:00+00:00,2020-04-23 19:33:00+00:00,XAUUSD,LONG,TREND_CONTINUATION,BULL,1.0,85.0,A,LONDON,1726.632,1716.085,1739.817,1739.817,1728.419,TIME,0.002,2.1096,0.4206,10.548,0.3572,0.1693,1.131,0.543,480,0.209,1.951,0.05,0.05,0.0,clear,trend pullback + LTF BOS,501.9372
2020-04-24 07:32:00+00:00,2020-04-24 15:32:00+00:00,XAUUSD,LONG,BREAKOUT,COMPRESSION,0.974,80.0,B,LONDON,1728.37,1714.732,1745.417,1745.417,1723.994,TIME,0.001,1.3638,0.2717,13.638,-0.4375,-0.3208,0.575,0.934,480,0.203,1.63,0.05,0.05,0.0,clear,compression -> confirmed range break + momentum,501.4997
2020-04-27 18:22:00+00:00,2020-04-27 21:00:00+00:00,XAUUSD,SHORT,TREND_CONTINUATION,BEAR,0.981,85.0,A,NEWYORK,1710.33,1720.67,1697.405,1697.405,1717.991,SESSION_END,0.002,2.068,0.4124,10.34,-1.5322,-0.7409,0.035,0.754,158,0.236,1.736,0.05,0.05,0.0,clear,trend pullback + LTF BOS,499.9675
2020-04-28 01:26:00+00:00,2020-04-28 09:26:00+00:00,XAUUSD,SHORT,BREAKOUT,BEAR,0.973,85.0,A,ASIA,1705.068,1721.752,1684.213,1684.213,1702.428,TIME,0.001,1.6684,0.3337,16.684,0.2639,0.1582,0.768,0.256,480,0.37,1.592,0.05,0.05,0.0,clear,compression -> confirmed range break + momentum,500.2315
2020-04-29 08:58:00+00:00,2020-04-29 16:58:00+00:00,XAUUSD,SHORT,BREAKOUT,COMPRESSION,0.963,85.0,A,LONDON,1706.362,1717.387,1692.58,1692.58,1703.372,TIME,0.002,2.205,0.4408,11.025,0.598,0.2712,0.776,0.523,480,0.227,1.644,0.05,0.05,0.0,clear,compression -> confirmed range break + momentum,500.8295
2020-04-30 08:59:00+00:00,2020-04-30 13:42:00+00:00,XAUUSD,SHORT,LIQUIDITY_REVERSAL,BULL,0.864,75.0,B,LONDON,1717.422,1730.709,1700.812,1700.812,1700.934,TP2,0.001,1.3288,0.2653,13.288,1.6487,1.2408,1.732,0.162,283,0.233,1.588,0.05,0.0,0.0,clear,sweep + rejection + CHoCH + displacement,502.4782
2020-05-04 05:26:00+00:00,2020-05-04 11:17:00+00:00,XAUUSD,SHORT,LIQUIDITY_REVERSAL,LIQUIDITY_REVERSAL,0.8,95.0,A+,ASIA,1696.987,1710.365,1680.264,1680.264,1710.585,STOP,0.001,1.3378,0.2662,13.378,-1.3598,-1.0165,0.048,1.214,351,0.303,1.209,0.05,0.12,0.0,clear,sweep + rejection + CHoCH + displacement,501.1184
2020-05-05 15:24:00+00:00,2020-05-05 20:49:00+00:00,XAUUSD,SHORT,LIQUIDITY_REVERSAL,CHOPPY,0.684,100.0,A+,OVERLAP,1696.974,1710.841,1679.641,1679.641,1711.078,STOP,0.001,1.3866,0.2767,13.866,-1.4104,-1.0171,0.161,1.009,325,0.288,2.696,0.05,0.12,0.0,clear,sweep + rejection + CHoCH + displacement,499.708
2020-05-06 09:26:00+00:00,2020-05-06 17:26:00+00:00,XAUUSD,SHORT,LIQUIDITY_REVERSAL,LIQUIDITY_REVERSAL,1.0,85.0,A,LONDON,1702.583,1719.846,1681.005,1681.005,1684.757,TIME,0.001,1.7263,0.3455,17.263,1.7826,1.0326,1.192,0.155,480,0.25,1.531,0.05,0.05,0.0,clear,sweep + rejection + CHoCH + displacement,501.4905
2020-05-08 12:01:00+00:00,2020-05-08 13:48:00+00:00,XAUUSD,SHORT,LIQUIDITY_REVERSAL,LIQUIDITY_REVERSAL,0.7,80.0,B,OVERLAP,1719.599,1727.989,1709.111,1709.111,1709.262,TP2,0.002,1.678,0.3346,8.39,2.0673,1.232,1.302,0.34,107,0.178,1.201,0.05,0.0,0.0,clear,sweep + rejection + CHoCH + displacement,503.5579
2020-05-11 12:45:00+00:00,2020-05-11 20:45:00+00:00,XAUUSD,SHORT,TREND_CONTINUATION,BEAR,0.573,75.0,B,OVERLAP,1697.284,1709.82,1681.614,1681.614,1697.631,TIME,0.002,2.5072,0.4979,12.536,-0.0694,-0.0277,0.435,0.868,480,0.223,1.795,0.05,0.05,0.0,clear,trend pullback + LTF BOS,503.4885
2020-05-14 15:16:00+00:00,2020-05-14 21:00:00+00:00,XAUUSD,LONG,BREAKOUT,EXPANSION,0.95,80.0,B,OVERLAP,1732.826,1717.688,1751.75,1751.75,1731.261,SESSION_END,0.001,1.5139,0.3007,15.139,-0.1566,-0.1034,0.233,0.289,344,0.377,2.921,0.05,0.05,0.0,clear,compression -> confirmed range break + momentum,503.3319
2020-05-20 08:26:00+00:00,2020-05-20 16:26:00+00:00,XAUUSD,LONG,BREAKOUT,COMPRESSION,0.953,85.0,A,LONDON,1751.763,1741.933,1764.051,1764.051,1749.226,TIME,0.002,1.966,0.3906,9.83,-0.5075,-0.2582,0.16,0.939,480,0.251,1.433,0.05,0.05,0.0,clear,compression -> confirmed range break + momentum,502.8244
2020-05-21 09:22:00+00:00,2020-05-21 15:35:00+00:00,XAUUSD,SHORT,TREND_CONTINUATION,BEAR,0.592,90.0,A+,LONDON,1734.824,1746.713,1719.962,1719.962,1720.125,TP2,0.002,2.3779,0.4729,11.889,2.9397,1.2362,1.299,0.593,373,0.253,1.477,0.05,0.0,0.0,clear,trend pullback + LTF BOS,505.764
2020-05-27 11:06:00+00:00,2020-05-27 12:47:00+00:00,XAUUSD,LONG,LIQUIDITY_REVERSAL,LIQUIDITY_REVERSAL,0.8,85.0,A,LONDON,1707.888,1699.191,1718.76,1718.76,1698.964,STOP,0.002,1.7395,0.3439,8.697,-1.7849,-1.0261,0.109,1.188,101,0.226,1.231,0.05,0.12,0.0,clear,sweep + rejection + CHoCH + displacement,503.9792
2020-05-28 08:16:00+00:00,2020-05-28 16:16:00+00:00,XAUUSD,LONG,BREAKOUT,BULL,0.572,80.0,B,LONDON,1721.314,1711.64,1733.406,1733.406,1722.248,TIME,0.002,1.9348,0.3839,9.674,0.1868,0.0966,0.632,0.34,480,0.232,1.279,0.05,0.05,0.0,clear,compression -> confirmed range break + momentum,504.166
2020-06-01 19:46:00+00:00,2020-06-01 21:00:00+00:00,XAUUSD,SHORT,LIQUIDITY_REVERSAL,LIQUIDITY_REVERSAL,1.0,75.0,B,NEWYORK,1735.442,1744.864,1723.665,1723.665,1739.609,SESSION_END,0.002,1.8843,0.3738,9.422,-0.8333,-0.4422,0.083,0.541,74,0.212,1.075,0.05,0.05,0.0,clear,sweep + rejection + CHoCH + displacement,503.3327
2020-06-03 07:49:00+00:00,2020-06-03 13:57:00+00:00,XAUUSD,SHORT,TREND_CONTINUATION,BEAR,0.965,85.0,A,LONDON,1722.053,1733.873,1707.277,1707.277,1707.436,TP2,0.002,2.3641,0.4697,11.82,2.9234,1.2366,1.365,0.34,368,0.205,0.985,0.05,0.0,0.0,clear,trend pullback + LTF BOS,506.2561
2020-06-05 07:00:00+00:00,2020-06-05 13:30:00+00:00,XAUUSD,SHORT,LIQUIDITY_REVERSAL,BEAR,0.811,85.0,A,LONDON,1709.198,1719.486,1696.339,1696.339,1696.473,TP2,0.002,2.0575,0.4064,10.288,2.545,1.2369,1.638,0.394,390,0.214,1.11,0.05,0.0,0.0,clear,sweep + rejection + CHoCH + displacement,508.8011
2020-06-09 07:04:00+00:00,2020-06-09 09:33:00+00:00,XAUUSD,SHORT,LIQUIDITY_REVERSAL,CHOPPY,0.621,90.0,A+,LONDON,1696.845,1706.274,1685.058,1685.058,1706.532,STOP,0.002,1.8858,0.3706,9.429,-1.9375,-1.0274,0.511,1.004,149,0.201,1.04,0.05,0.12,0.0,clear,sweep + rejection + CHoCH + displacement,506.8636
2020-06-10 07:46:00+00:00,2020-06-10 15:19:00+00:00,XAUUSD,SHORT,LIQUIDITY_REVERSAL,LIQUIDITY_REVERSAL,0.8,70.0,NO_TRADE,LONDON,1716.72,1726.996,1703.876,1703.876,1727.242,STOP,0.002,2.0551,0.4055,10.276,-2.1044,-1.024,0.11,1.004,453,0.25,1.334,0.05,0.12,0.0,clear,sweep + rejection + CHoCH + displacement,504.7592
2020-06-12 13:14:00+00:00,2020-06-12 18:00:00+00:00,XAUUSD,LONG,LIQUIDITY_REVERSAL,LIQUIDITY_REVERSAL,0.8,85.0,A,OVERLAP,1735.34,1726.664,1746.186,1746.186,1733.217,SESSION_END,0.002,1.7352,0.3438,8.676,-0.4247,-0.2447,0.877,0.569,286,0.205,1.426,0.05,0.05,0.0,clear,sweep + rejection + CHoCH + displacement,504.3346
2020-06-18 08:40:00+00:00,2020-06-18 16:40:00+00:00,XAUUSD,LONG,LIQUIDITY_REVERSAL,CHOPPY,0.705,100.0,A+,LONDON,1727.995,1717.169,1741.528,1741.528,1723.168,TIME,0.002,2.1652,0.4293,10.826,-0.9653,-0.4458,0.872,0.975,480,0.24,1.138,0.05,0.05,0.0,clear,sweep + rejection + CHoCH + displacement,503.3692
2020-06-22 14:46:00+00:00,2020-06-22 21:00:00+00:00,XAUUSD,LONG,BREAKOUT,BULL,1.0,85.0,A,OVERLAP,1759.886,1749.273,1773.152,1773.152,1754.626,SESSION_END,0.002,2.1226,0.4217,10.613,-1.0519,-0.4956,0.299,0.984,374,0.256,1.94,0.05,0.05,0.0,clear,compression -> confirmed range break + momentum,502.3173
2020-06-23 14:26:00+00:00,2020-06-23 21:00:00+00:00,XAUUSD,SHORT,LIQUIDITY_REVERSAL,BULL,0.799,75.0,B,OVERLAP,1764.188,1775.078,1750.575,1750.575,1770.502,SESSION_END,0.002,2.1781,0.4336,10.89,-1.2629,-0.5798,0.325,0.611,394,0.235,1.872,0.05,0.05,0.0,clear,sweep + rejection + CHoCH + displacement,501.0544
2020-07-02 13:06:00+00:00,2020-07-02 14:01:00+00:00,XAUUSD,SHORT,LIQUIDITY_REVERSAL,LIQUIDITY_REVERSAL,0.7,100.0,A+,OVERLAP,1770.531,1780.293,1758.328,1758.328,1758.505,TP2,0.002,1.9525,0.3905,9.762,2.4051,1.2318,1.253,0.0,55,0.214,1.14,0.05,0.0,0.0,clear,sweep + rejection + CHoCH + displacement,502.4051
2020-07-08 09:39:00+00:00,2020-07-08 14:33:00+00:00,XAUUSD,LONG,BREAKOUT,BULL,0.862,70.0,NO_TRADE,LONDON,1800.087,1788.713,1814.306,1814.306,1814.159,TP2,0.002,2.275,0.4528,11.375,2.8143,1.2371,1.275,0.17,294,0.305,1.309,0.05,0.0,0.0,clear,compression -> confirmed range break + momentum,505.2194
2020-07-14 19:41:00+00:00,2020-07-14 21:00:00+00:00,XAUUSD,SHORT,LIQUIDITY_REVERSAL,LIQUIDITY_REVERSAL,1.0,85.0,A,NEWYORK,1808.037,1816.683,1797.23,1797.23,1810.741,SESSION_END,0.002,1.7291,0.3423,8.646,-0.5408,-0.3128,0.125,0.316,79,0.222,0.927,0.05,0.05,0.0,clear,sweep + rejection + CHoCH + displacement,504.6786
2020-07-16 13:03:00+00:00,2020-07-16 21:00:00+00:00,XAUUSD,SHORT,LIQUIDITY_REVERSAL,LIQUIDITY_REVERSAL,0.7,85.0,A,OVERLAP,1804.698,1813.649,1793.51,1793.51,1796.202,SESSION_END,0.002,1.7902,0.3547,8.951,1.6993,0.9492,1.107,0.449,477,0.219,1.014,0.05,0.05,0.0,clear,sweep + rejection + CHoCH + displacement,506.3779
2020-07-22 13:11:00+00:00,2020-07-22 21:00:00+00:00,XAUUSD,SHORT,LIQUIDITY_REVERSAL,LIQUIDITY_REVERSAL,1.0,85.0,A,OVERLAP,1857.141,1875.496,1834.196,1834.196,1869.029,SESSION_END,0.001,1.8355,0.3625,18.355,-1.1888,-0.6477,0.537,0.72,469,0.268,1.828,0.05,0.05,0.0,clear,sweep + rejection + CHoCH + displacement,505.1891
2020-07-23 09:06:00+00:00,2020-07-23 16:28:00+00:00,XAUUSD,LONG,BREAKOUT,BULL,1.0,85.0,A,LONDON,1878.431,1866.748,1893.035,1893.035,1892.868,TP2,0.002,2.3366,0.4625,11.683,2.8874,1.2357,1.292,0.745,442,0.232,1.662,0.05,0.0,0.0,clear,compression -> confirmed range break + momentum,508.0765
2020-07-24 10:40:00+00:00,2020-07-24 14:05:00+00:00,XAUUSD,SHORT,LIQUIDITY_REVERSAL,LIQUIDITY_REVERSAL,0.8,85.0,A,LONDON,1892.083,1901.932,1879.772,1879.772,1902.178,STOP,0.002,1.9698,0.3877,9.849,-2.0189,-1.0249,0.505,1.304,205,0.21,1.465,0.05,0.12,0.0,clear,sweep + rejection + CHoCH + displacement,506.0575
2020-07-24 15:19:00+00:00,2020-07-24 18:00:00+00:00,XAUUSD,LONG,TREND_CONTINUATION,BULL,0.956,85.0,A,OVERLAP,1902.848,1885.929,1923.997,1923.997,1900.335,SESSION_END,0.001,1.6919,0.3343,16.919,-0.2513,-0.1485,0.059,0.329,161,0.266,2.493,0.05,0.05,0.0,clear,trend pullback + LTF BOS,505.8062
2020-07-29 14:43:00+00:00,2020-07-29 19:44:00+00:00,XAUUSD,SHORT,LIQUIDITY_REVERSAL,CHOPPY,0.654,80.0,B,OVERLAP,1955.493,1975.925,1929.954,1929.954,1976.184,STOP,0.001,2.0431,0.4039,20.431,-2.069,-1.0127,0.693,1.108,301,0.189,2.116,0.05,0.12,0.0,clear,sweep + rejection + CHoCH + displacement,503.7372
2020-08-05 16:06:00+00:00,2020-08-05 21:00:00+00:00,XAUUSD,SHORT,LIQUIDITY_REVERSAL,BULL,0.611,80.0,B,NEWYORK,2047.42,2072.534,2016.028,2016.028,2038.455,SESSION_END,0.001,2.5114,0.4985,25.114,0.8966,0.357,0.749,0.087,294,0.369,3.814,0.05,0.05,0.0,clear,sweep + rejection + CHoCH + displacement,504.6337
2020-08-11 17:46:00+00:00,2020-08-11 18:59:00+00:00,XAUUSD,SHORT,TREND_CONTINUATION,STRONG_BEAR,1.0,100.0,A+,NEWYORK,1945.104,1962.152,1923.795,1923.795,1923.974,TP2,0.001,1.7048,0.3378,17.048,2.113,1.2395,1.332,0.014,73,0.362,3.93,0.05,0.0,0.0,clear,trend pullback + LTF BOS,506.7468
2020-08-12 04:28:00+00:00,2020-08-12 05:29:00+00:00,XAUUSD,SHORT,TREND_CONTINUATION,STRONG_BEAR,1.0,75.0,B,ASIA,1889.172,1909.177,1864.167,1864.167,1864.391,TP2,0.001,2.0005,0.3948,20.005,2.4782,1.2388,1.342,0.243,61,0.505,4.879,0.05,0.0,0.0,clear,trend pullback + LTF BOS,509.2249
2020-08-13 12:11:00+00:00,2020-08-13 13:21:00+00:00,XAUUSD,LONG,BREAKOUT,COMPRESSION,1.0,65.0,NO_TRADE,OVERLAP,1937.985,1922.247,1957.656,1957.656,1922.036,STOP,0.001,1.5737,0.309,15.737,-1.5948,-1.0134,0.0,1.0,70,0.153,2.189,0.05,0.12,0.0,clear,compression -> confirmed range break + momentum,507.6301
2020-08-14 06:48:00+00:00,2020-08-14 14:48:00+00:00,XAUUSD,SHORT,LIQUIDITY_REVERSAL,CHOPPY,0.664,80.0,B,ASIA,1950.92,1969.553,1927.628,1927.628,1949.995,TIME,0.001,1.8633,0.3671,18.633,0.0925,0.0496,0.663,0.288,480,0.317,1.7,0.05,0.05,0.0,clear,sweep + rejection + CHoCH + displacement,507.7226
2020-08-17 13:22:00+00:00,2020-08-17 14:34:00+00:00,XAUUSD,LONG,BREAKOUT,COMPRESSION,0.963,80.0,B,OVERLAP,1958.146,1950.416,1967.809,1967.809,1967.697,TP2,0.003,2.319,0.4567,7.73,2.8652,1.2355,1.277,0.294,72,0.177,1.722,0.05,0.0,0.0,clear,compression -> confirmed range break + momentum,510.5879
2020-08-17 15:06:00+00:00,2020-08-17 21:00:00+00:00,XAUUSD,LONG,BREAKOUT,STRONG_BULL,0.958,100.0,A+,OVERLAP,1974.738,1958.737,1994.74,1994.74,1982.763,SESSION_END,0.001,1.6001,0.3134,16.001,0.8024,0.5015,0.984,0.0,354,0.241,2.868,0.05,0.05,0.0,clear,compression -> confirmed range break + momentum,511.3903
2020-08-20 13:21:00+00:00,2020-08-20 20:34:00+00:00,XAUUSD,SHORT,LIQUIDITY_REVERSAL,LIQUIDITY_REVERSAL,0.8,100.0,A+,OVERLAP,1936.272,1953.262,1915.033,1915.033,1953.501,STOP,0.001,1.6991,0.3322,16.991,-1.7229,-1.014,0.612,1.036,433,0.213,3.084,0.05,0.12,0.0,clear,sweep + rejection + CHoCH + displacement,509.6674
2020-08-21 05:38:00+00:00,2020-08-21 09:23:00+00:00,XAUUSD,SHORT,LIQUIDITY_REVERSAL,CHOPPY,0.635,85.0,A,ASIA,1947.768,1959.595,1932.984,1932.984,1933.098,TP2,0.002,2.3655,0.4641,11.827,2.934,1.2403,1.333,0.178,225,0.28,1.128,0.05,0.0,0.0,clear,sweep + rejection + CHoCH + displacement,512.6014
2020-08-24 03:22:00+00:00,2020-08-24 08:28:00+00:00,XAUUSD,SHORT,TREND_CONTINUATION,BEAR,0.885,95.0,A+,ASIA,1931.321,1944.183,1915.242,1915.242,1944.429,STOP,0.001,1.2863,0.2509,12.863,-1.3109,-1.0191,0.068,1.066,306,0.355,1.807,0.05,0.12,0.0,clear,trend pullback + LTF BOS,511.2905
2020-08-25 10:48:00+00:00,2020-08-25 18:48:00+00:00,XAUUSD,SHORT,BREAKOUT,BEAR,0.822,85.0,A,LONDON,1921.753,1936.095,1903.827,1903.827,1919.053,TIME,0.001,1.4341,0.2805,14.341,0.27,0.1883,0.533,0.691,480,0.223,1.773,0.05,0.05,0.0,clear,compression -> confirmed range break + momentum,511.5605
2020-08-31 01:02:00+00:00,2020-08-31 07:29:00+00:00,XAUUSD,LONG,TREND_CONTINUATION,BULL,0.942,85.0,A,ASIA,1975.731,1963.542,1990.966,1990.966,1963.325,STOP,0.002,2.4377,0.4765,12.188,-2.4811,-1.0178,0.052,1.03,387,0.345,1.849,0.05,0.12,0.0,clear,trend pullback + LTF BOS,509.0794
2020-08-31 18:11:00+00:00,2020-08-31 21:00:00+00:00,XAUUSD,SHORT,LIQUIDITY_REVERSAL,CHOPPY,0.582,85.0,A,NEWYORK,1969.47,1981.354,1954.615,1954.615,1969.285,SESSION_END,0.002,2.3768,0.4669,11.884,0.0371,0.0156,0.274,0.331,169,0.256,2.208,0.05,0.05,0.0,clear,sweep + rejection + CHoCH + displacement,509.1165
2020-09-01 02:42:00+00:00,2020-09-01 08:43:00+00:00,XAUUSD,LONG,BREAKOUT,COMPRESSION,0.911,80.0,B,ASIA,1974.701,1961.769,1990.866,1990.866,1990.759,TP2,0.001,1.2932,0.254,12.932,1.6058,1.2417,1.251,0.096,361,0.366,1.585,0.05,0.0,0.0,clear,compression -> confirmed range break + momentum,510.7223
2020-09-03 12:11:00+00:00,2020-09-03 14:28:00+00:00,XAUUSD,SHORT,TREND_CONTINUATION,BEAR,0.965,85.0,A,OVERLAP,1930.005,1940.398,1917.014,1917.014,1940.649,STOP,0.002,2.0785,0.407,10.393,-2.1287,-1.0242,0.27,1.014,137,0.185,1.52,0.05,0.12,0.0,clear,trend pullback + LTF BOS,508.5935
2020-09-04 13:30:00+00:00,2020-09-04 13:31:00+00:00,XAUUSD,LONG,LIQUIDITY_REVERSAL,CHOPPY,0.783,80.0,B,OVERLAP,1940.217,1929.057,1954.167,1954.167,1928.845,STOP,0.002,2.232,0.4389,11.16,-2.2744,-1.019,0.0,1.001,1,0.184,1.501,0.05,0.12,0.0,clear,sweep + rejection + CHoCH + displacement,506.3191
2020-09-08 14:53:00+00:00,2020-09-08 16:13:00+00:00,XAUUSD,SHORT,TREND_CONTINUATION,STRONG_BEAR,0.95,80.0,B,OVERLAP,1912.388,1926.704,1894.493,1894.493,1927.116,STOP,0.001,1.4316,0.2827,14.316,-1.4728,-1.0288,0.174,1.045,80,0.414,3.471,0.05,0.12,0.0,clear,trend pullback + LTF BOS,504.8463
2020-09-09 12:22:00+00:00,2020-09-09 14:11:00+00:00,XAUUSD,LONG,LIQUIDITY_REVERSAL,LIQUIDITY_REVERSAL,0.7,75.0,B,OVERLAP,1923.722,1911.413,1939.108,1939.108,1938.978,TP2,0.002,2.4617,0.4876,12.309,3.0513,1.2395,1.258,0.16,109,0.214,1.683,0.05,0.0,0.0,clear,sweep + rejection + CHoCH + displacement,507.8976
2020-09-14 12:25:00+00:00,2020-09-14 13:43:00+00:00,XAUUSD,SHORT,LIQUIDITY_REVERSAL,LIQUIDITY_REVERSAL,0.7,75.0,B,OVERLAP,1942.228,1951.871,1930.175,1930.175,1952.106,STOP,0.002,1.9285,0.3797,9.642,-1.9755,-1.0244,0.006,1.057,78,0.214,1.408,0.05,0.12,0.0,clear,sweep + rejection + CHoCH + displacement,505.9221
2020-09-16 13:06:00+00:00,2020-09-16 21:00:00+00:00,XAUUSD,LONG,LIQUIDITY_REVERSAL,LIQUIDITY_REVERSAL,1.0,100.0,A+,OVERLAP,1965.917,1951.683,1983.71,1983.71,1956.867,SESSION_END,0.001,1.4234,0.2813,14.234,-0.905,-0.6358,0.53,0.938,474,0.219,1.326,0.05,0.05,0.0,clear,sweep + rejection + CHoCH + displacement,505.0171
2020-09-17 13:06:00+00:00,2020-09-17 21:00:00+00:00,XAUUSD,SHORT,LIQUIDITY_REVERSAL,LIQUIDITY_REVERSAL,0.7,100.0,A+,OVERLAP,1943.404,1960.29,1922.297,1922.297,1949.212,SESSION_END,0.001,1.6886,0.3344,16.886,-0.5808,-0.3439,0.631,0.358,474,0.227,1.737,0.05,0.05,0.0,clear,sweep + rejection + CHoCH + displacement,504.4363
2020-09-23 05:46:00+00:00,2020-09-23 13:46:00+00:00,XAUUSD,SHORT,BREAKOUT,BEAR,0.923,80.0,B,ASIA,1884.357,1903.17,1860.84,1860.84,1878.193,TIME,0.001,1.8814,0.373,18.814,0.6164,0.3276,0.603,0.559,480,0.502,2.563,0.05,0.05,0.0,clear,compression -> confirmed range break + momentum,505.0527
2020-09-23 20:01:00+00:00,2020-09-23 21:00:00+00:00,XAUUSD,SHORT,TREND_CONTINUATION,STRONG_BEAR,1.0,100.0,A+,NEWYORK,1863.828,1877.409,1846.853,1846.853,1862.357,SESSION_END,0.001,1.3581,0.2689,13.581,0.1472,0.1084,0.6,0.0,59,0.253,2.365,0.05,0.05,0.0,clear,trend pullback + LTF BOS,505.1999
2020-09-24 13:41:00+00:00,2020-09-24 21:00:00+00:00,XAUUSD,SHORT,LIQUIDITY_REVERSAL,LIQUIDITY_REVERSAL,0.8,100.0,A+,OVERLAP,1854.173,1877.609,1824.878,1824.878,1869.778,SESSION_END,0.001,2.3436,0.4639,23.436,-1.5605,-0.6659,0.143,0.974,439,0.211,2.481,0.05,0.05,0.0,clear,sweep + rejection + CHoCH + displacement,503.6394
2020-09-25 02:02:00+00:00,2020-09-25 10:02:00+00:00,XAUUSD,LONG,LIQUIDITY_REVERSAL,CHOPPY,0.693,80.0,B,ASIA,1868.457,1857.835,1881.734,1881.734,1870.441,TIME,0.002,2.1244,0.4218,10.622,0.3969,0.1868,0.623,0.639,480,0.283,1.187,0.05,0.05,0.0,clear,sweep + rejection + CHoCH + displacement,504.0363
2020-09-25 10:51:00+00:00,2020-09-25 18:00:00+00:00,XAUUSD,SHORT,BREAKOUT,COMPRESSION,0.916,100.0,A+,LONDON,1864.994,1879.683,1846.634,1846.634,1861.01,SESSION_END,0.001,1.4689,0.2914,14.689,0.3985,0.2713,0.864,0.086,429,0.208,1.86,0.05,0.05,0.0,clear,compression -> confirmed range break + momentum,504.4348
2020-09-28 20:58:00+00:00,2020-09-28 21:00:00+00:00,XAUUSD,LONG,TREND_CONTINUATION,STRONG_BULL,0.941,100.0,A+,NEWYORK,1880.913,1869.173,1895.59,1895.59,1880.706,SESSION_END,0.002,2.3482,0.4655,11.741,-0.0415,-0.0177,0.061,0.02,2,0.231,1.475,0.05,0.05,0.0,clear,trend pullback + LTF BOS,504.3933
2020-10-01 14:37:00+00:00,2020-10-01 21:00:00+00:00,XAUUSD,LONG,TREND_CONTINUATION,BULL,0.92,100.0,A+,OVERLAP,1905.775,1888.281,1927.642,1927.642,1904.528,SESSION_END,0.001,1.7493,0.3468,17.493,-0.1247,-0.0713,0.357,0.55,383,0.28,2.355,0.05,0.05,0.0,clear,trend pullback + LTF BOS,504.2686
2020-10-05 02:04:00+00:00,2020-10-05 10:04:00+00:00,XAUUSD,SHORT,LIQUIDITY_REVERSAL,CHOPPY,0.573,85.0,A,ASIA,1898.189,1911.391,1881.687,1881.687,1899.541,TIME,0.001,1.3202,0.2618,13.202,-0.1352,-0.1024,0.855,0.21,480,0.357,1.391,0.05,0.05,0.0,clear,sweep + rejection + CHoCH + displacement,504.1334
2020-10-09 11:31:00+00:00,2020-10-09 15:06:00+00:00,XAUUSD,LONG,TREND_CONTINUATION,STRONG_BULL,0.97,85.0,A,LONDON,1914.926,1904.648,1927.774,1927.774,1927.612,TP2,0.002,2.0557,0.4078,10.278,2.5372,1.2342,1.255,0.262,215,0.223,1.101,0.05,0.0,0.0,clear,trend pullback + LTF BOS,506.6706
2020-10-20 07:08:00+00:00,2020-10-20 15:08:00+00:00,XAUUSD,SHORT,LIQUIDITY_REVERSAL,BEAR,0.86,100.0,A+,LONDON,1899.954,1909.125,1888.489,1888.489,1902.124,TIME,0.002,1.8343,0.362,9.172,-0.434,-0.2366,0.276,0.881,480,0.222,1.041,0.05,0.05,0.0,clear,sweep + rejection + CHoCH + displacement,506.2366
2020-10-22 15:01:00+00:00,2020-10-22 21:00:00+00:00,XAUUSD,SHORT,BREAKOUT,BEAR,0.573,70.0,NO_TRADE,OVERLAP,1899.998,1914.774,1881.53,1881.53,1905.485,SESSION_END,0.001,1.4775,0.2919,14.775,-0.5486,-0.3713,0.392,0.378,359,0.319,2.247,0.05,0.05,0.0,clear,compression -> confirmed range break + momentum,505.6879
2020-10-26 13:31:00+00:00,2020-10-26 22:00:00+00:00,XAUUSD,LONG,LIQUIDITY_REVERSAL,LIQUIDITY_REVERSAL,1.0,75.0,B,OVERLAP,1903.747,1891.475,1919.087,1919.087,1901.589,SESSION_END,0.002,2.4543,0.4853,12.272,-0.4315,-0.1758,0.384,0.406,449,0.278,1.804,0.05,0.05,0.0,clear,sweep + rejection + CHoCH + displacement,505.2564
2020-11-02 12:16:00+00:00,2020-11-02 20:16:00+00:00,XAUUSD,LONG,BREAKOUT,STRONG_BULL,0.942,85.0,A,OVERLAP,1892.437,1880.637,1907.187,1907.187,1894.82,TIME,0.002,2.36,0.4671,11.8,0.4765,0.2019,0.217,0.571,480,0.199,1.282,0.05,0.05,0.0,clear,compression -> confirmed range break + momentum,505.7329
2020-11-05 08:53:00+00:00,2020-11-05 13:24:00+00:00,XAUUSD,LONG,BREAKOUT,BULL,0.851,70.0,NO_TRADE,LONDON,1917.258,1907.299,1929.707,1929.707,1929.599,TP2,0.002,1.9918,0.3938,9.959,2.4683,1.2392,1.279,0.279,271,0.206,1.82,0.05,0.0,0.0,clear,compression -> confirmed range break + momentum,508.2012
2020-11-05 14:37:00+00:00,2020-11-05 15:19:00+00:00,XAUUSD,LONG,TREND_CONTINUATION,STRONG_BULL,0.959,85.0,A,OVERLAP,1930.218,1918.979,1944.267,1944.267,1944.144,TP2,0.002,2.2478,0.4423,11.239,2.7852,1.2391,1.382,0.004,42,0.221,2.159,0.05,0.0,0.0,clear,trend pullback + LTF BOS,510.9864
2020-11-05 20:49:00+00:00,2020-11-05 21:00:00+00:00,XAUUSD,LONG,TREND_CONTINUATION,STRONG_BULL,1.0,100.0,A+,NEWYORK,1951.182,1939.989,1965.174,1965.174,1949.947,SESSION_END,0.002,2.2387,0.4381,11.193,-0.247,-0.1103,0.049,0.238,11,0.268,2.039,0.05,0.05,0.0,clear,trend pullback + LTF BOS,510.7395
2020-11-09 15:47:00+00:00,2020-11-09 21:00:00+00:00,XAUUSD,SHORT,BREAKOUT,STRONG_BEAR,1.0,65.0,NO_TRADE,OVERLAP,1857.542,1882.326,1826.561,1826.561,1866.196,SESSION_END,0.001,2.4784,0.4853,24.784,-0.8654,-0.3492,0.288,0.484,313,0.493,5.53,0.05,0.05,0.0,clear,compression -> confirmed range break + momentum,509.874
2020-11-10 10:33:00+00:00,2020-11-10 13:01:00+00:00,XAUUSD,SHORT,BREAKOUT,STRONG_BEAR,0.876,70.0,NO_TRADE,LONDON,1873.024,1882.935,1860.634,1860.634,1883.16,STOP,0.002,1.9823,0.3888,9.912,-2.0272,-1.0227,0.574,1.046,148,0.268,2.402,0.05,0.12,0.0,clear,compression -> confirmed range break + momentum,507.8468
2020-11-12 08:21:00+00:00,2020-11-12 13:56:00+00:00,XAUUSD,SHORT,BREAKOUT,COMPRESSION,0.911,85.0,A,LONDON,1866.234,1878.293,1851.159,1851.159,1878.535,STOP,0.002,2.412,0.4749,12.06,-2.4603,-1.02,0.26,1.039,335,0.263,1.746,0.05,0.12,0.0,clear,compression -> confirmed range break + momentum,505.3865
2020-11-13 13:06:00+00:00,2020-11-13 18:00:00+00:00,XAUUSD,LONG,BREAKOUT,EXPANSION,0.871,85.0,A,OVERLAP,1888.148,1877.642,1901.281,1901.281,1890.334,SESSION_END,0.002,2.1012,0.4158,10.506,0.4371,0.208,0.81,0.199,294,0.246,1.67,0.05,0.05,0.0,clear,compression -> confirmed range break + momentum,505.8236
2020-11-23 10:36:00+00:00,2020-11-23 14:51:00+00:00,XAUUSD,SHORT,BREAKOUT,EXPANSION,0.855,70.0,NO_TRADE,LONDON,1865.387,1876.672,1851.281,1851.281,1851.455,TP2,0.002,2.257,0.4462,11.285,2.7865,1.2346,1.598,0.321,255,0.262,1.431,0.05,0.0,0.0,clear,compression -> confirmed range break + momentum,508.6101
2020-11-25 01:07:00+00:00,2020-11-25 09:07:00+00:00,XAUUSD,LONG,BREAKOUT,COMPRESSION,0.926,40.0,NO_TRADE,ASIA,1811.168,1792.235,1834.835,1834.835,1811.174,TIME,0.001,1.8933,0.3723,18.933,0.0006,0.0003,0.202,0.511,480,0.406,1.559,0.05,0.05,0.0,clear,compression -> confirmed range break + momentum,508.6107
2020-12-04 13:12:00+00:00,2020-12-04 18:00:00+00:00,XAUUSD,SHORT,LIQUIDITY_REVERSAL,CHOPPY,0.605,85.0,A,OVERLAP,1840.126,1851.901,1825.408,1825.408,1834.165,SESSION_END,0.002,2.3549,0.463,11.775,1.1922,0.5063,0.946,0.676,288,0.195,1.184,0.05,0.05,0.0,clear,sweep + rejection + CHoCH + displacement,509.8029
2020-12-08 14:01:00+00:00,2020-12-08 21:00:00+00:00,XAUUSD,SHORT,LIQUIDITY_REVERSAL,LIQUIDITY_REVERSAL,0.7,85.0,A,OVERLAP,1866.016,1886.785,1840.054,1840.054,1870.557,SESSION_END,0.001,2.0769,0.4074,20.769,-0.4541,-0.2187,0.197,0.441,419,0.325,2.542,0.05,0.05,0.0,clear,sweep + rejection + CHoCH + displacement,509.3488
2020-12-09 09:21:00+00:00,2020-12-09 17:21:00+00:00,XAUUSD,SHORT,LIQUIDITY_REVERSAL,LIQUIDITY_REVERSAL,0.7,85.0,A,LONDON,1859.883,1879.42,1835.461,1835.461,1842.511,TIME,0.001,1.9537,0.3836,19.537,1.7372,0.8892,1.157,0.212,480,0.291,1.841,0.05,0.05,0.0,clear,sweep + rejection + CHoCH + displacement,511.086
2020-12-10 07:00:00+00:00,2020-12-10 13:39:00+00:00,XAUUSD,SHORT,BREAKOUT,COMPRESSION,0.989,65.0,NO_TRADE,LONDON,1834.738,1843.959,1823.212,1823.212,1844.2,STOP,0.002,1.8442,0.3608,9.221,-1.8923,-1.0261,0.673,1.051,399,0.22,1.323,0.05,0.12,0.0,clear,compression -> confirmed range break + momentum,509.1937
2020-12-11 14:28:00+00:00,2020-12-11 18:00:00+00:00,XAUUSD,SHORT,LIQUIDITY_REVERSAL,LIQUIDITY_REVERSAL,0.8,100.0,A+,OVERLAP,1835.162,1858.309,1806.229,1806.229,1842.131,SESSION_END,0.001,2.3147,0.4546,23.147,-0.6969,-0.3011,0.018,0.539,212,0.272,2.215,0.05,0.05,0.0,clear,sweep + rejection + CHoCH + displacement,508.4968
2020-12-14 10:04:00+00:00,2020-12-14 18:04:00+00:00,XAUUSD,SHORT,TREND_CONTINUATION,STRONG_BEAR,0.92,100.0,A+,LONDON,1826.765,1839.134,1811.304,1811.304,1829.148,TIME,0.002,2.4738,0.4865,12.369,-0.4767,-0.1927,0.687,0.983,480,0.266,1.41,0.05,0.05,0.0,clear,trend pullback + LTF BOS,508.0201
2020-12-17 09:46:00+00:00,2020-12-17 14:49:00+00:00,XAUUSD,LONG,TREND_CONTINUATION,STRONG_BULL,0.972,85.0,A,LONDON,1878.315,1865.947,1893.774,1893.774,1893.632,TP2,0.002,2.4736,0.4869,12.368,3.0635,1.2385,1.296,0.525,303,0.273,1.683,0.05,0.0,0.0,clear,trend pullback + LTF BOS,511.0836
2020-12-18 12:02:00+00:00,2020-12-18 18:00:00+00:00,XAUUSD,LONG,BREAKOUT,COMPRESSION,0.9,70.0,NO_TRADE,OVERLAP,1884.756,1876.019,1895.678,1895.678,1883.738,SESSION_END,0.002,1.7475,0.3419,8.737,-0.2037,-0.1166,0.547,0.834,358,0.203,1.182,0.05,0.05,0.0,clear,compression -> confirmed range break + momentum,510.8798
2020-12-30 13:21:00+00:00,2020-12-30 21:00:00+00:00,XAUUSD,LONG,LIQUIDITY_REVERSAL,LIQUIDITY_REVERSAL,0.7,100.0,A+,OVERLAP,1880.325,1866.643,1897.427,1897.427,1891.844,SESSION_END,0.001,1.3682,0.2678,13.682,1.152,0.8419,0.962,0.097,459,0.219,1.283,0.05,0.05,0.0,clear,sweep + rejection + CHoCH + displacement,512.0318
2021-01-07 11:06:00+00:00,2021-01-07 19:06:00+00:00,XAUUSD,LONG,LIQUIDITY_REVERSAL,LIQUIDITY_REVERSAL,1.0,85.0,A,LONDON,1915.995,1900.572,1935.275,1935.275,1915.424,TIME,0.001,1.5424,0.3085,15.424,-0.0571,-0.037,0.328,0.602,480,0.255,2.418,0.05,0.05,0.0,clear,sweep + rejection + CHoCH + displacement,499.9429
2021-01-12 01:06:00+00:00,2021-01-12 06:44:00+00:00,XAUUSD,SHORT,BREAKOUT,COMPRESSION,0.974,80.0,B,ASIA,1841.669,1858.186,1821.022,1821.022,1858.455,STOP,0.001,1.6518,0.3304,16.518,-1.6786,-1.0163,0.021,1.053,338,0.313,1.656,0.05,0.12,0.0,clear,compression -> confirmed range break + momentum,498.2643
2021-01-13 08:06:00+00:00,2021-01-13 16:06:00+00:00,XAUUSD,SHORT,BREAKOUT,COMPRESSION,0.979,85.0,A,LONDON,1855.027,1866.318,1840.914,1840.914,1859.106,TIME,0.002,2.2582,0.4532,11.291,-0.8158,-0.3613,0.51,0.537,480,0.235,1.579,0.05,0.05,0.0,clear,compression -> confirmed range break + momentum,497.4485
2021-01-13 18:04:00+00:00,2021-01-13 21:00:00+00:00,XAUUSD,LONG,LIQUIDITY_REVERSAL,CHOPPY,0.669,85.0,A,NEWYORK,1857.168,1842.832,1875.088,1875.088,1847.904,SESSION_END,0.001,1.4336,0.2882,14.336,-0.9264,-0.6462,0.13,0.802,176,0.232,1.408,0.05,0.05,0.0,clear,sweep + rejection + CHoCH + displacement,496.5222
2021-01-14 20:52:00+00:00,2021-01-14 21:00:00+00:00,XAUUSD,LONG,LIQUIDITY_REVERSAL,CHOPPY,0.612,85.0,A,NEWYORK,1847.753,1838.495,1859.327,1859.327,1847.128,SESSION_END,0.002,1.8518,0.373,9.259,-0.1251,-0.0676,0.053,0.196,8,0.237,1.521,0.05,0.05,0.0,clear,sweep + rejection + CHoCH + displacement,496.397
2021-01-19 14:40:00+00:00,2021-01-19 21:00:00+00:00,XAUUSD,SHORT,LIQUIDITY_REVERSAL,LIQUIDITY_REVERSAL,0.7,85.0,A,OVERLAP,1836.935,1857.267,1811.521,1811.521,1840.051,SESSION_END,0.001,2.0332,0.4096,20.332,-0.3115,-0.1532,0.184,0.313,380,0.273,2.096,0.05,0.05,0.0,clear,sweep + rejection + CHoCH + displacement,496.0855
2021-01-20 10:57:00+00:00,2021-01-20 12:54:00+00:00,XAUUSD,LONG,TREND_CONTINUATION,BULL,0.586,85.0,A,LONDON,1854.768,1844.804,1867.223,1867.223,1844.566,STOP,0.002,1.9928,0.4017,9.964,-2.0404,-1.0239,0.0,1.089,117,0.226,1.16,0.05,0.12,0.0,clear,trend pullback + LTF BOS,494.0451
2021-01-21 08:06:00+00:00,2021-01-21 16:06:00+00:00,XAUUSD,LONG,LIQUIDITY_REVERSAL,LIQUIDITY_REVERSAL,0.7,100.0,A+,LONDON,1870.445,1857.587,1886.517,1886.517,1863.3,TIME,0.001,1.2857,0.2602,12.857,-0.7145,-0.5557,0.233,0.958,480,0.3,1.712,0.05,0.05,0.0,clear,sweep + rejection + CHoCH + displacement,493.3306
2021-01-25 18:21:00+00:00,2021-01-25 21:00:00+00:00,XAUUSD,SHORT,LIQUIDITY_REVERSAL,LIQUIDITY_REVERSAL,0.7,100.0,A+,NEWYORK,1855.035,1867.37,1839.616,1839.616,1855.748,SESSION_END,0.001,1.2335,0.25,12.335,-0.0713,-0.0578,0.131,0.2,159,0.272,1.654,0.05,0.05,0.0,clear,sweep + rejection + CHoCH + displacement,493.2593
2021-01-26 13:11:00+00:00,2021-01-26 21:00:00+00:00,XAUUSD,SHORT,LIQUIDITY_REVERSAL,LIQUIDITY_REVERSAL,0.8,100.0,A+,OVERLAP,1852.636,1865.274,1836.838,1836.838,1851.983,SESSION_END,0.001,1.2638,0.2562,12.638,0.0653,0.0517,0.262,0.574,469,0.218,1.331,0.05,0.05,0.0,clear,sweep + rejection + CHoCH + displacement,493.3246
2021-01-27 18:31:00+00:00,2021-01-27 21:00:00+00:00,XAUUSD,LONG,LIQUIDITY_REVERSAL,LIQUIDITY_REVERSAL,0.8,85.0,A,NEWYORK,1847.357,1836.712,1860.662,1860.662,1840.815,SESSION_END,0.002,2.1289,0.4315,10.644,-1.3084,-0.6146,0.146,0.78,149,0.269,1.47,0.05,0.05,0.0,clear,sweep + rejection + CHoCH + displacement,492.0162
2021-02-01 08:17:00+00:00,2021-02-01 16:17:00+00:00,XAUUSD,LONG,BREAKOUT,BULL,0.867,70.0,NO_TRADE,LONDON,1868.153,1846.351,1895.406,1895.406,1861.868,TIME,0.001,2.1802,0.4431,21.802,-0.6285,-0.2883,0.06,0.546,480,0.276,2.624,0.05,0.05,0.0,clear,compression -> confirmed range break + momentum,491.3877
2021-02-01 18:31:00+00:00,2021-02-01 21:00:00+00:00,XAUUSD,SHORT,LIQUIDITY_REVERSAL,LIQUIDITY_REVERSAL,0.8,85.0,A,NEWYORK,1860.509,1879.889,1836.284,1836.284,1859.171,SESSION_END,0.001,1.938,0.3944,19.38,0.1338,0.0691,0.131,0.104,149,0.232,2.051,0.05,0.05,0.0,clear,sweep + rejection + CHoCH + displacement,491.5216
2021-02-03 07:59:00+00:00,2021-02-03 15:59:00+00:00,XAUUSD,LONG,LIQUIDITY_REVERSAL,CHOPPY,0.597,70.0,NO_TRADE,LONDON,1837.461,1828.28,1848.937,1848.937,1833.3,TIME,0.002,1.8362,0.3736,9.181,-0.8321,-0.4532,0.516,0.881,480,0.211,1.139,0.05,0.05,0.0,clear,sweep + rejection + CHoCH + displacement,490.6894
2021-02-09 09:20:00+00:00,2021-02-09 14:39:00+00:00,XAUUSD,LONG,BREAKOUT,BULL,1.0,70.0,NO_TRADE,LONDON,1845.51,1836.129,1857.237,1857.237,1835.865,STOP,0.002,1.8763,0.3824,9.381,-1.929,-1.0281,0.315,1.146,319,0.251,1.41,0.05,0.12,0.0,clear,compression -> confirmed range break + momentum,488.7604
2021-02-10 08:11:00+00:00,2021-02-10 13:36:00+00:00,XAUUSD,SHORT,LIQUIDITY_REVERSAL,LIQUIDITY_REVERSAL,1.0,85.0,A,LONDON,1842.358,1854.38,1827.33,1827.33,1854.662,STOP,0.002,2.4045,0.492,12.022,-2.4609,-1.0235,0.391,1.015,325,0.234,1.141,0.05,0.12,0.0,clear,sweep + rejection + CHoCH + displacement,486.2996
2021-02-10 14:26:00+00:00,2021-02-10 21:00:00+00:00,XAUUSD,SHORT,LIQUIDITY_REVERSAL,LIQUIDITY_REVERSAL,1.0,85.0,A,OVERLAP,1847.732,1866.79,1823.91,1823.91,1842.798,SESSION_END,0.001,1.9057,0.3919,19.057,0.4935,0.2589,0.674,0.0,394,0.366,2.672,0.05,0.05,0.0,clear,sweep + rejection + CHoCH + displacement,486.793
2021-02-12 14:36:00+00:00,2021-02-12 15:55:00+00:00,XAUUSD,SHORT,TREND_CONTINUATION,BEAR,0.577,85.0,A,OVERLAP,1813.591,1829.257,1794.009,1794.009,1829.547,STOP,0.001,1.5666,0.3218,15.666,-1.5956,-1.0186,0.095,1.087,79,0.268,1.853,0.05,0.12,0.0,clear,trend pullback + LTF BOS,485.1974
2021-02-15 10:26:00+00:00,2021-02-15 23:00:00+00:00,XAUUSD,LONG,LIQUIDITY_REVERSAL,LIQUIDITY_REVERSAL,1.0,80.0,B,LONDON,1819.741,1807.668,1834.832,1834.832,1818.304,SESSION_END,0.002,2.4146,0.4976,12.073,-0.2874,-0.119,0.366,0.313,454,0.226,1.081,0.05,0.05,0.0,clear,sweep + rejection + CHoCH + displacement,484.9099
2021-02-17 14:17:00+00:00,2021-02-17 21:00:00+00:00,XAUUSD,LONG,LIQUIDITY_REVERSAL,BEAR,0.881,75.0,B,OVERLAP,1780.292,1761.682,1803.554,1803.554,1774.716,SESSION_END,0.001,1.861,0.3838,18.61,-0.5576,-0.2996,0.248,0.584,403,0.344,3.012,0.05,0.05,0.0,clear,sweep + rejection + CHoCH + displacement,484.3524
2021-02-18 08:46:00+00:00,2021-02-18 16:46:00+00:00,XAUUSD,LONG,LIQUIDITY_REVERSAL,LIQUIDITY_REVERSAL,0.8,75.0,B,LONDON,1786.098,1767.341,1809.545,1809.545,1774.202,TIME,0.001,1.8757,0.3873,18.757,-1.1896,-0.6342,0.179,0.949,480,0.246,1.565,0.05,0.05,0.0,clear,sweep + rejection + CHoCH + displacement,483.1628
2021-02-19 00:02:00+00:00,2021-02-19 08:02:00+00:00,XAUUSD,SHORT,BREAKOUT,COMPRESSION,0.926,85.0,A,ASIA,1770.598,1783.534,1754.428,1754.428,1775.001,TIME,0.001,1.2936,0.2677,12.936,-0.4403,-0.3403,0.785,0.528,480,0.356,1.161,0.05,0.05,0.0,clear,compression -> confirmed range break + momentum,482.7225
2021-02-22 09:25:00+00:00,2021-02-22 15:41:00+00:00,XAUUSD,LONG,BREAKOUT,BULL,0.89,85.0,A,LONDON,1797.002,1787.397,1809.008,1809.008,1808.861,TP2,0.002,1.9209,0.3979,9.605,2.3717,1.2347,1.263,0.379,376,0.234,1.712,0.05,0.0,0.0,clear,compression -> confirmed range break + momentum,485.0943
2021-02-23 01:46:00+00:00,2021-02-23 09:46:00+00:00,XAUUSD,LONG,BREAKOUT,COMPRESSION,0.9,80.0,B,ASIA,1813.63,1800.359,1830.219,1830.219,1806.663,TIME,0.001,1.3271,0.2736,13.271,-0.6967,-0.525,0.169,0.648,480,0.391,1.471,0.05,0.05,0.0,clear,compression -> confirmed range break + momentum,484.3975
2021-02-26 01:07:00+00:00,2021-02-26 09:07:00+00:00,XAUUSD,SHORT,LIQUIDITY_REVERSAL,BEAR,0.606,95.0,A+,ASIA,1768.445,1782.814,1750.483,1750.483,1768.202,TIME,0.001,1.4369,0.2966,14.369,0.0243,0.0169,0.921,0.498,480,0.421,2.078,0.05,0.05,0.0,clear,sweep + rejection + CHoCH + displacement,484.4218
2021-02-26 10:36:00+00:00,2021-02-26 14:47:00+00:00,XAUUSD,LONG,LIQUIDITY_REVERSAL,LIQUIDITY_REVERSAL,0.8,85.0,A,LONDON,1765.459,1753.767,1780.075,1780.075,1753.517,STOP,0.002,2.3385,0.4827,11.692,-2.3884,-1.0213,0.123,1.117,251,0.228,2.09,0.05,0.12,0.0,clear,sweep + rejection + CHoCH + displacement,482.0334
2021-03-01 07:32:00+00:00,2021-03-01 08:44:00+00:00,XAUUSD,LONG,BREAKOUT,COMPRESSION,0.968,50.0,NO_TRADE,LONDON,1758.183,1749.819,1768.637,1768.637,1749.601,STOP,0.002,1.6727,0.347,8.363,-1.7164,-1.0262,0.183,1.076,72,0.175,1.267,0.05,0.12,0.0,clear,compression -> confirmed range break + momentum,480.317
2021-03-01 12:06:00+00:00,2021-03-01 13:28:00+00:00,XAUUSD,LONG,LIQUIDITY_REVERSAL,LIQUIDITY_REVERSAL,0.7,80.0,B,OVERLAP,1745.996,1732.342,1763.063,1763.063,1732.104,STOP,0.001,1.3654,0.2843,13.654,-1.3892,-1.0174,0.107,1.004,82,0.181,1.498,0.05,0.12,0.0,clear,sweep + rejection + CHoCH + displacement,478.9278
2021-03-03 01:33:00+00:00,2021-03-03 09:33:00+00:00,XAUUSD,SHORT,BREAKOUT,COMPRESSION,0.921,65.0,NO_TRADE,ASIA,1730.655,1742.548,1715.788,1715.788,1727.613,TIME,0.002,2.3787,0.4967,11.894,0.6084,0.2558,0.429,0.436,480,0.341,1.404,0.05,0.05,0.0,clear,compression -> confirmed range break + momentum,479.5362
2021-03-03 09:46:00+00:00,2021-03-03 13:03:00+00:00,XAUUSD,LONG,LIQUIDITY_REVERSAL,LIQUIDITY_REVERSAL,1.0,85.0,A,LONDON,1729.469,1719.897,1741.434,1741.434,1719.688,STOP,0.002,1.9143,0.3992,9.572,-1.9561,-1.0218,0.07,1.057,197,0.208,1.517,0.05,0.12,0.0,clear,sweep + rejection + CHoCH + displacement,477.5801
2021-03-05 01:04:00+00:00,2021-03-05 09:04:00+00:00,XAUUSD,SHORT,TREND_CONTINUATION,BEAR,0.594,100.0,A+,ASIA,1690.245,1705.713,1670.91,1670.91,1694.804,TIME,0.001,1.5468,0.3239,15.468,-0.4558,-0.2947,0.197,0.65,480,0.378,1.688,0.05,0.05,0.0,clear,trend pullback + LTF BOS,477.1242
2021-03-05 09:09:00+00:00,2021-03-05 17:09:00+00:00,XAUUSD,LONG,LIQUIDITY_REVERSAL,BEAR,0.557,85.0,A,LONDON,1695.45,1681.078,1713.416,1713.416,1697.833,TIME,0.001,1.4373,0.3012,14.373,0.2382,0.1657,0.85,0.578,480,0.231,1.768,0.05,0.05,0.0,clear,sweep + rejection + CHoCH + displacement,477.3624
2021-03-11 18:06:00+00:00,2021-03-11 21:00:00+00:00,XAUUSD,LONG,LIQUIDITY_REVERSAL,LIQUIDITY_REVERSAL,1.0,100.0,A+,NEWYORK,1727.559,1709.116,1750.612,1750.612,1723.308,SESSION_END,0.001,1.8443,0.3863,18.443,-0.425,-0.2305,0.018,0.29,174,0.309,1.84,0.05,0.05,0.0,clear,sweep + rejection + CHoCH + displacement,476.9374
2021-03-12 11:04:00+00:00,2021-03-12 16:25:00+00:00,XAUUSD,SHORT,TREND_CONTINUATION,STRONG_BEAR,0.978,100.0,A+,LONDON,1702.313,1712.062,1690.125,1690.125,1712.358,STOP,0.002,1.95,0.4088,9.75,-2.0091,-1.0303,0.301,1.13,321,0.243,1.487,0.05,0.12,0.0,clear,trend pullback + LTF BOS,474.9283
2021-03-15 01:11:00+00:00,2021-03-15 09:11:00+00:00,XAUUSD,LONG,BREAKOUT,COMPRESSION,0.916,85.0,A,ASIA,1731.08,1717.886,1747.572,1747.572,1728.734,TIME,0.001,1.3194,0.2778,13.194,-0.2346,-0.1778,0.217,0.722,480,0.39,1.337,0.05,0.05,0.0,clear,compression -> confirmed range break + momentum,474.6937
2021-03-17 14:06:00+00:00,2021-03-17 18:11:00+00:00,XAUUSD,SHORT,BREAKOUT,EXPANSION,0.95,70.0,NO_TRADE,OVERLAP,1725.421,1739.168,1708.237,1708.237,1739.469,STOP,0.001,1.3747,0.2896,13.747,-1.4048,-1.0219,0.0,1.052,245,0.326,2.082,0.05,0.12,0.0,clear,compression -> confirmed range break + momentum,473.2889
2021-03-19 12:41:00+00:00,2021-03-19 18:00:00+00:00,XAUUSD,SHORT,LIQUIDITY_REVERSAL,LIQUIDITY_REVERSAL,0.8,85.0,A,OVERLAP,1740.022,1751.608,1725.54,1725.54,1743.075,SESSION_END,0.002,2.3172,0.4896,11.586,-0.6105,-0.2635,0.592,0.287,319,0.232,1.694,0.05,0.05,0.0,clear,sweep + rejection + CHoCH + displacement,472.6784
2021-03-30 07:16:00+00:00,2021-03-30 11:50:00+00:00,XAUUSD,LONG,LIQUIDITY_REVERSAL,LIQUIDITY_REVERSAL,1.0,75.0,B,LONDON,1708.18,1693.631,1726.365,1726.365,1693.393,STOP,0.001,1.4548,0.3078,14.548,-1.4786,-1.0164,0.01,1.015,274,0.263,1.224,0.05,0.12,0.0,clear,sweep + rejection + CHoCH + displacement,471.1997
2021-04-05 13:26:00+00:00,2021-04-05 21:00:00+00:00,XAUUSD,LONG,LIQUIDITY_REVERSAL,LIQUIDITY_REVERSAL,1.0,100.0,A+,OVERLAP,1727.138,1710.301,1748.184,1748.184,1727.612,SESSION_END,0.001,1.6837,0.3573,16.837,0.0474,0.0282,0.375,0.286,454,0.245,1.406,0.05,0.05,0.0,clear,sweep + rejection + CHoCH + displacement,471.2472
2021-04-12 08:29:00+00:00,2021-04-12 16:29:00+00:00,XAUUSD,SHORT,LIQUIDITY_REVERSAL,LIQUIDITY_REVERSAL,0.8,90.0,A+,LONDON,1739.018,1748.493,1727.174,1727.174,1734.704,TIME,0.002,1.895,0.4021,9.475,0.8627,0.4552,0.908,0.625,480,0.24,1.02,0.05,0.05,0.0,clear,sweep + rejection + CHoCH + displacement,472.1099
2021-04-13 12:06:00+00:00,2021-04-13 14:35:00+00:00,XAUUSD,LONG,LIQUIDITY_REVERSAL,LIQUIDITY_REVERSAL,1.0,85.0,A,OVERLAP,1728.617,1715.883,1744.533,1744.533,1744.362,TP2,0.001,1.2733,0.2697,12.733,1.5745,1.2365,1.326,0.15,149,0.218,1.166,0.05,0.0,0.0,clear,sweep + rejection + CHoCH + displacement,473.6844
2021-04-15 13:06:00+00:00,2021-04-15 15:08:00+00:00,XAUUSD,LONG,LIQUIDITY_REVERSAL,LIQUIDITY_REVERSAL,0.7,100.0,A+,OVERLAP,1747.569,1737.762,1759.828,1759.828,1759.642,TP2,0.002,1.9614,0.4141,9.807,2.4146,1.2311,1.296,0.189,122,0.222,1.116,0.05,0.0,0.0,clear,sweep + rejection + CHoCH + displacement,476.099
2021-04-19 08:11:00+00:00,2021-04-19 10:24:00+00:00,XAUUSD,SHORT,LIQUIDITY_REVERSAL,LIQUIDITY_REVERSAL,0.8,85.0,A,LONDON,1777.684,1789.127,1763.381,1763.381,1789.376,STOP,0.002,2.2886,0.4807,11.443,-2.3383,-1.0217,0.0,1.045,133,0.261,1.256,0.05,0.12,0.0,clear,sweep + rejection + CHoCH + displacement,473.7607
2021-04-27 10:29:00+00:00,2021-04-27 18:29:00+00:00,XAUUSD,LONG,LIQUIDITY_REVERSAL,CHOPPY,0.55,85.0,A,LONDON,1780.951,1772.521,1791.489,1791.489,1778.631,TIME,0.002,1.686,0.3559,8.43,-0.4641,-0.2753,0.535,0.411,480,0.213,0.884,0.05,0.05,0.0,clear,sweep + rejection + CHoCH + displacement,473.2966
2021-04-28 14:41:00+00:00,2021-04-28 21:00:00+00:00,XAUUSD,SHORT,LIQUIDITY_REVERSAL,LIQUIDITY_REVERSAL,0.7,100.0,A+,OVERLAP,1766.961,1783.477,1746.316,1746.316,1782.255,SESSION_END,0.001,1.6516,0.349,16.516,-1.5294,-0.926,0.0,0.932,379,0.334,2.038,0.05,0.05,0.0,clear,sweep + rejection + CHoCH + displacement,471.7672
2021-05-03 12:01:00+00:00,2021-05-03 14:51:00+00:00,XAUUSD,SHORT,LIQUIDITY_REVERSAL,BULL,0.868,85.0,A,OVERLAP,1778.465,1791.389,1762.311,1762.311,1791.662,STOP,0.001,1.2924,0.2739,12.924,-1.3197,-1.0212,0.083,1.012,170,0.226,1.201,0.05,0.12,0.0,clear,sweep + rejection + CHoCH + displacement,470.4475
2021-05-10 19:42:00+00:00,2021-05-10 21:00:00+00:00,XAUUSD,SHORT,LIQUIDITY_REVERSAL,LIQUIDITY_REVERSAL,0.8,85.0,A,NEWYORK,1834.065,1845.583,1819.667,1819.667,1838.371,SESSION_END,0.002,2.3036,0.4897,11.518,-0.8613,-0.3739,0.014,0.394,78,0.247,1.126,0.05,0.05,0.0,clear,sweep + rejection + CHoCH + displacement,469.5861
2021-05-13 11:02:00+00:00,2021-05-13 13:31:00+00:00,XAUUSD,SHORT,BREAKOUT,BEAR,0.931,70.0,NO_TRADE,LONDON,1810.751,1820.275,1798.846,1798.846,1820.509,STOP,0.002,1.9048,0.4056,9.524,-1.9516,-1.0246,0.22,1.08,149,0.249,1.415,0.05,0.12,0.0,clear,compression -> confirmed range break + momentum,467.6345
2021-05-18 09:13:00+00:00,2021-05-18 17:13:00+00:00,XAUUSD,SHORT,LIQUIDITY_REVERSAL,LIQUIDITY_REVERSAL,1.0,85.0,A,LONDON,1867.561,1876.577,1856.291,1856.291,1866.271,TIME,0.002,1.8033,0.3856,9.016,0.2579,0.143,0.494,0.808,480,0.234,1.119,0.05,0.05,0.0,clear,sweep + rejection + CHoCH + displacement,467.8924
2021-05-20 10:24:00+00:00,2021-05-20 14:49:00+00:00,XAUUSD,SHORT,BREAKOUT,COMPRESSION,0.926,50.0,NO_TRADE,LONDON,1868.561,1876.775,1858.294,1858.294,1877.024,STOP,0.002,1.6428,0.3511,8.214,-1.6925,-1.0302,0.421,1.01,265,0.207,1.161,0.05,0.12,0.0,clear,compression -> confirmed range break + momentum,466.1999
2021-05-24 14:41:00+00:00,2021-05-24 21:00:00+00:00,XAUUSD,LONG,LIQUIDITY_REVERSAL,LIQUIDITY_REVERSAL,0.7,100.0,A+,OVERLAP,1884.531,1863.965,1910.239,1910.239,1882.757,SESSION_END,0.001,2.0566,0.4412,20.566,-0.1774,-0.0863,0.049,0.328,379,0.326,1.871,0.05,0.05,0.0,clear,sweep + rejection + CHoCH + displacement,466.0225
2021-05-26 10:37:00+00:00,2021-05-26 18:37:00+00:00,XAUUSD,LONG,LIQUIDITY_REVERSAL,LIQUIDITY_REVERSAL,0.7,100.0,A+,LONDON,1907.376,1895.285,1922.489,1922.489,1899.632,TIME,0.001,1.2091,0.2594,12.091,-0.7744,-0.6405,0.436,0.691,480,0.236,1.232,0.05,0.05,0.0,clear,sweep + rejection + CHoCH + displacement,465.2482
2021-05-28 13:37:00+00:00,2021-05-28 18:00:00+00:00,XAUUSD,LONG,LIQUIDITY_REVERSAL,LIQUIDITY_REVERSAL,0.7,85.0,A,OVERLAP,1888.981,1867.236,1916.162,1916.162,1900.861,SESSION_END,0.001,2.1745,0.4674,21.745,1.188,0.5463,0.56,0.009,263,0.326,2.078,0.05,0.05,0.0,clear,sweep + rejection + CHoCH + displacement,466.4362
2021-06-04 07:02:00+00:00,2021-06-04 13:44:00+00:00,XAUUSD,LONG,LIQUIDITY_REVERSAL,BEAR,0.957,75.0,B,LONDON,1868.901,1858.214,1882.261,1882.261,1882.088,TP2,0.002,2.1375,0.4583,10.688,2.6372,1.2338,1.328,0.067,402,0.253,1.2,0.05,0.0,0.0,clear,sweep + rejection + CHoCH + displacement,469.0734
2021-06-07 07:01:00+00:00,2021-06-07 15:01:00+00:00,XAUUSD,SHORT,BREAKOUT,BEAR,0.928,85.0,A,LONDON,1882.781,1892.206,1871.0,1871.0,1888.439,TIME,0.002,1.885,0.4019,9.425,-1.1315,-0.6003,0.145,0.875,480,0.214,0.944,0.05,0.05,0.0,clear,compression -> confirmed range break + momentum,467.9419
2021-06-08 11:17:00+00:00,2021-06-08 14:57:00+00:00,XAUUSD,LONG,LIQUIDITY_REVERSAL,LIQUIDITY_REVERSAL,0.8,100.0,A+,LONDON,1894.402,1883.894,1907.536,1907.536,1883.591,STOP,0.002,2.1015,0.4491,10.508,-2.1622,-1.0289,0.884,1.026,220,0.228,1.013,0.05,0.12,0.0,clear,sweep + rejection + CHoCH + displacement,465.7797
2021-06-09 08:39:00+00:00,2021-06-09 16:39:00+00:00,XAUUSD,LONG,LIQUIDITY_REVERSAL,CHOPPY,0.572,100.0,A+,LONDON,1892.717,1882.579,1905.39,1905.39,1892.559,TIME,0.002,2.0277,0.4353,10.138,-0.0315,-0.0156,0.612,0.54,480,0.238,0.999,0.05,0.05,0.0,clear,sweep + rejection + CHoCH + displacement,465.7482
2021-06-22 14:10:00+00:00,2021-06-22 21:00:00+00:00,XAUUSD,LONG,LIQUIDITY_REVERSAL,LIQUIDITY_REVERSAL,0.7,75.0,B,OVERLAP,1779.733,1758.164,1806.694,1806.694,1774.5,SESSION_END,0.001,2.1569,0.4631,21.569,-0.5233,-0.2426,0.152,0.296,410,0.269,2.068,0.05,0.05,0.0,clear,sweep + rejection + CHoCH + displacement,465.2249
2021-06-28 16:07:00+00:00,2021-06-28 21:00:00+00:00,XAUUSD,LONG,LIQUIDITY_REVERSAL,LIQUIDITY_REVERSAL,0.7,80.0,B,NEWYORK,1781.409,1767.052,1799.355,1799.355,1778.701,SESSION_END,0.001,1.4357,0.3086,14.357,-0.2708,-0.1886,0.067,0.269,293,0.362,1.808,0.05,0.05,0.0,clear,sweep + rejection + CHoCH + displacement,464.9541
2021-06-30 14:51:00+00:00,2021-06-30 21:00:00+00:00,XAUUSD,LONG,LIQUIDITY_REVERSAL,LIQUIDITY_REVERSAL,1.0,85.0,A,OVERLAP,1761.02,1742.59,1784.058,1784.058,1769.009,SESSION_END,0.001,1.843,0.3964,18.43,0.7989,0.4335,0.719,0.192,369,0.324,2.21,0.05,0.05,0.0,clear,sweep + rejection + CHoCH + displacement,465.753
2021-07-01 15:16:00+00:00,2021-07-01 21:00:00+00:00,XAUUSD,SHORT,LIQUIDITY_REVERSAL,LIQUIDITY_REVERSAL,1.0,70.0,NO_TRADE,OVERLAP,1776.2,1796.949,1750.263,1750.263,1776.422,SESSION_END,0.001,2.0749,0.415,20.749,-0.0222,-0.0107,0.385,0.066,344,0.337,2.388,0.05,0.05,0.0,clear,sweep + rejection + CHoCH + displacement,499.9778
2021-07-09 12:55:00+00:00,2021-07-09 18:00:00+00:00,XAUUSD,LONG,LIQUIDITY_REVERSAL,CHOPPY,0.572,90.0,A+,OVERLAP,1801.143,1791.362,1813.369,1813.369,1810.156,SESSION_END,0.002,1.9562,0.3913,9.781,1.8026,0.9215,1.062,0.284,305,0.23,1.427,0.05,0.05,0.0,clear,sweep + rejection + CHoCH + displacement,501.7804
2021-07-19 10:08:00+00:00,2021-07-19 14:13:00+00:00,XAUUSD,SHORT,TREND_CONTINUATION,STRONG_BEAR,1.0,85.0,A,LONDON,1802.713,1812.714,1790.213,1790.213,1813.002,STOP,0.002,2.0001,0.3986,10.0,-2.0578,-1.0289,0.785,1.042,245,0.249,1.181,0.05,0.12,0.0,clear,trend pullback + LTF BOS,499.7226
2021-07-20 07:21:00+00:00,2021-07-20 15:21:00+00:00,XAUUSD,LONG,LIQUIDITY_REVERSAL,LIQUIDITY_REVERSAL,0.8,85.0,A,LONDON,1817.545,1808.396,1828.98,1828.98,1820.536,TIME,0.002,1.8297,0.3661,9.148,0.5983,0.327,0.804,0.661,480,0.213,0.884,0.05,0.05,0.0,clear,sweep + rejection + CHoCH + displacement,500.3209
2021-07-28 19:41:00+00:00,2021-07-28 21:00:00+00:00,XAUUSD,LONG,LIQUIDITY_REVERSAL,LIQUIDITY_REVERSAL,1.0,75.0,B,NEWYORK,1803.968,1779.146,1834.996,1834.996,1807.737,SESSION_END,0.001,2.4822,0.4961,24.822,0.3769,0.1518,0.232,0.2,79,0.44,2.056,0.05,0.05,0.0,clear,sweep + rejection + CHoCH + displacement,500.6978
2021-07-29 09:46:00+00:00,2021-07-29 17:46:00+00:00,XAUUSD,LONG,BREAKOUT,STRONG_BULL,0.824,85.0,A,LONDON,1821.794,1807.912,1839.145,1839.145,1830.636,TIME,0.001,1.3882,0.2772,13.882,0.8842,0.637,0.778,0.171,480,0.291,1.368,0.05,0.05,0.0,clear,compression -> confirmed range break + momentum,501.5821
2021-08-02 07:06:00+00:00,2021-08-02 15:06:00+00:00,XAUUSD,SHORT,LIQUIDITY_REVERSAL,LIQUIDITY_REVERSAL,1.0,90.0,A+,LONDON,1809.495,1821.223,1794.835,1794.835,1811.68,TIME,0.002,2.3456,0.4676,11.728,-0.4371,-0.1863,0.329,0.251,480,0.246,0.98,0.05,0.05,0.0,clear,sweep + rejection + CHoCH + displacement,501.145
2021-08-02 18:36:00+00:00,2021-08-02 21:00:00+00:00,XAUUSD,SHORT,LIQUIDITY_REVERSAL,LIQUIDITY_REVERSAL,1.0,100.0,A+,NEWYORK,1816.458,1825.544,1805.101,1805.101,1813.49,SESSION_END,0.002,1.8171,0.3626,9.085,0.5936,0.3267,0.429,0.008,144,0.24,0.941,0.05,0.05,0.0,clear,sweep + rejection + CHoCH + displacement,501.7386
2021-08-10 08:06:00+00:00,2021-08-10 13:44:00+00:00,XAUUSD,SHORT,LIQUIDITY_REVERSAL,LIQUIDITY_REVERSAL,0.7,100.0,A+,LONDON,1735.806,1743.276,1726.469,1726.469,1726.573,TP2,0.003,2.2408,0.4466,7.469,2.7699,1.2361,1.29,0.161,338,0.178,1.17,0.05,0.0,0.0,clear,sweep + rejection + CHoCH + displacement,504.5085
2021-08-16 13:06:00+00:00,2021-08-16 14:37:00+00:00,XAUUSD,LONG,LIQUIDITY_REVERSAL,LIQUIDITY_REVERSAL,0.8,100.0,A+,OVERLAP,1773.618,1764.226,1785.359,1785.359,1785.206,TP2,0.002,1.8785,0.3724,9.393,2.3176,1.2337,1.275,0.025,91,0.247,1.282,0.05,0.0,0.0,clear,sweep + rejection + CHoCH + displacement,506.8262
2021-08-17 09:52:00+00:00,2021-08-17 15:13:00+00:00,XAUUSD,LONG,TREND_CONTINUATION,STRONG_BULL,1.0,85.0,A,LONDON,1794.304,1783.654,1807.616,1807.616,1783.366,STOP,0.002,2.13,0.4203,10.65,-2.1875,-1.027,0.106,1.078,321,0.234,0.994,0.05,0.12,0.0,clear,trend pullback + LTF BOS,504.6386
2021-08-23 13:32:00+00:00,2021-08-23 21:00:00+00:00,XAUUSD,LONG,BREAKOUT,STRONG_BULL,0.96,85.0,A,OVERLAP,1794.674,1784.593,1807.275,1807.275,1804.01,SESSION_END,0.002,2.0161,0.3995,10.081,1.8672,0.9261,1.161,0.0,448,0.217,1.048,0.05,0.05,0.0,clear,compression -> confirmed range break + momentum,506.5058
2021-08-24 13:26:00+00:00,2021-08-24 21:00:00+00:00,XAUUSD,SHORT,LIQUIDITY_REVERSAL,LIQUIDITY_REVERSAL,1.0,85.0,A,OVERLAP,1803.515,1815.636,1788.364,1788.364,1803.843,SESSION_END,0.002,2.4242,0.4786,12.121,-0.0656,-0.0271,0.172,0.491,454,0.26,1.26,0.05,0.05,0.0,clear,sweep + rejection + CHoCH + displacement,506.4402
2021-08-25 12:41:00+00:00,2021-08-25 20:41:00+00:00,XAUUSD,LONG,LIQUIDITY_REVERSAL,LIQUIDITY_REVERSAL,1.0,100.0,A+,OVERLAP,1794.295,1781.529,1810.252,1810.252,1790.687,TIME,0.001,1.2766,0.2521,12.766,-0.3608,-0.2826,0.264,0.928,480,0.242,1.129,0.05,0.05,0.0,clear,sweep + rejection + CHoCH + displacement,506.0794
2021-08-26 14:16:00+00:00,2021-08-26 21:00:00+00:00,XAUUSD,LONG,LIQUIDITY_REVERSAL,LIQUIDITY_REVERSAL,0.7,85.0,A,OVERLAP,1785.449,1767.704,1807.631,1807.631,1792.016,SESSION_END,0.001,1.7745,0.3506,17.745,0.6567,0.37,0.713,0.12,404,0.382,2.219,0.05,0.05,0.0,clear,sweep + rejection + CHoCH + displacement,506.736
2021-08-31 15:10:00+00:00,2021-08-31 21:00:00+00:00,XAUUSD,SHORT,LIQUIDITY_REVERSAL,BEAR,0.554,65.0,NO_TRADE,OVERLAP,1810.518,1827.468,1789.329,1789.329,1815.077,SESSION_END,0.001,1.6951,0.3345,16.951,-0.456,-0.269,0.382,0.347,350,0.495,2.599,0.05,0.05,0.0,clear,sweep + rejection + CHoCH + displacement,506.2801
2021-09-01 15:00:00+00:00,2021-09-01 21:00:00+00:00,XAUUSD,SHORT,LIQUIDITY_REVERSAL,CHOPPY,0.556,85.0,A,OVERLAP,1812.661,1827.633,1793.947,1793.947,1814.802,SESSION_END,0.001,1.4972,0.2957,14.972,-0.2141,-0.143,0.273,0.252,360,0.354,2.055,0.05,0.05,0.0,clear,sweep + rejection + CHoCH + displacement,506.066
2021-09-02 13:28:00+00:00,2021-09-02 21:00:00+00:00,XAUUSD,SHORT,LIQUIDITY_REVERSAL,CHOPPY,0.632,85.0,A,OVERLAP,1812.792,1823.488,1799.423,1799.423,1810.08,SESSION_END,0.002,2.1391,0.4227,10.696,0.5424,0.2536,0.739,0.09,452,0.226,0.884,0.05,0.05,0.0,clear,sweep + rejection + CHoCH + displacement,506.6084
2021-09-13 13:28:00+00:00,2021-09-13 15:11:00+00:00,XAUUSD,SHORT,LIQUIDITY_REVERSAL,LIQUIDITY_REVERSAL,0.7,100.0,A+,OVERLAP,1788.772,1797.623,1777.708,1777.708,1797.909,STOP,0.002,1.7702,0.3494,8.851,-1.8274,-1.0324,0.41,1.072,103,0.211,0.958,0.05,0.12,0.0,clear,sweep + rejection + CHoCH + displacement,504.7809
2021-09-17 13:25:00+00:00,2021-09-17 18:00:00+00:00,XAUUSD,LONG,LIQUIDITY_REVERSAL,LIQUIDITY_REVERSAL,1.0,85.0,A,OVERLAP,1762.927,1746.944,1782.905,1782.905,1751.08,SESSION_END,0.001,1.5983,0.3166,15.983,-1.1847,-0.7412,0.034,0.98,275,0.259,1.529,0.05,0.05,0.0,clear,sweep + rejection + CHoCH + displacement,503.5963
2021-09-21 13:23:00+00:00,2021-09-21 21:00:00+00:00,XAUUSD,LONG,BREAKOUT,BULL,0.931,70.0,NO_TRADE,OVERLAP,1769.942,1759.145,1783.437,1783.437,1774.602,SESSION_END,0.002,2.1592,0.4288,10.796,0.932,0.4316,1.085,0.033,457,0.247,1.364,0.05,0.05,0.0,clear,compression -> confirmed range break + momentum,504.5282
2021-09-24 15:06:00+00:00,2021-09-24 18:00:00+00:00,XAUUSD,LONG,LIQUIDITY_REVERSAL,LIQUIDITY_REVERSAL,1.0,85.0,A,OVERLAP,1746.72,1726.228,1772.334,1772.334,1750.856,SESSION_END,0.001,2.0491,0.4061,20.491,0.4136,0.2019,0.353,0.162,174,0.343,2.237,0.05,0.05,0.0,clear,sweep + rejection + CHoCH + displacement,504.9419
2021-10-06 08:03:00+00:00,2021-10-06 15:50:00+00:00,XAUUSD,SHORT,TREND_CONTINUATION,STRONG_BEAR,0.89,100.0,A+,LONDON,1751.149,1762.347,1737.151,1737.151,1762.617,STOP,0.002,2.2396,0.4435,11.198,-2.2936,-1.0241,0.48,1.147,467,0.278,1.212,0.05,0.12,0.0,clear,trend pullback + LTF BOS,502.6482
2021-10-07 07:10:00+00:00,2021-10-07 15:10:00+00:00,XAUUSD,LONG,LIQUIDITY_REVERSAL,LIQUIDITY_REVERSAL,0.7,100.0,A+,LONDON,1758.863,1749.806,1770.185,1770.185,1762.547,TIME,0.002,1.8115,0.3604,9.058,0.7367,0.4067,0.882,0.776,480,0.231,0.879,0.05,0.05,0.0,clear,sweep + rejection + CHoCH + displacement,503.385
2021-10-12 08:16:00+00:00,2021-10-12 16:16:00+00:00,XAUUSD,SHORT,LIQUIDITY_REVERSAL,LIQUIDITY_REVERSAL,1.0,90.0,A+,LONDON,1758.85,1770.321,1744.512,1744.512,1763.054,TIME,0.002,2.2941,0.4557,11.471,-0.8407,-0.3665,0.435,0.906,480,0.255,1.084,0.05,0.05,0.0,clear,sweep + rejection + CHoCH + displacement,502.5443
2021-10-20 18:07:00+00:00,2021-10-20 21:00:00+00:00,XAUUSD,SHORT,LIQUIDITY_REVERSAL,LIQUIDITY_REVERSAL,1.0,85.0,A,NEWYORK,1783.771,1795.623,1768.956,1768.956,1786.25,SESSION_END,0.002,2.3704,0.4717,11.852,-0.4958,-0.2092,0.065,0.258,173,0.315,1.419,0.05,0.05,0.0,clear,sweep + rejection + CHoCH + displacement,502.0484
2021-10-25 13:34:00+00:00,2021-10-25 21:00:00+00:00,XAUUSD,LONG,TREND_CONTINUATION,BULL,0.926,80.0,B,OVERLAP,1804.078,1794.006,1816.667,1816.667,1806.108,SESSION_END,0.002,2.0143,0.4012,10.072,0.4061,0.2016,0.585,0.254,446,0.22,1.149,0.05,0.05,0.0,clear,trend pullback + LTF BOS,502.4545
2021-10-28 14:31:00+00:00,2021-10-28 21:00:00+00:00,XAUUSD,LONG,BREAKOUT,BULL,0.833,85.0,A,OVERLAP,1809.247,1785.807,1838.548,1838.548,1797.35,SESSION_END,0.001,2.3441,0.4665,23.441,-1.1897,-0.5075,0.047,0.727,389,0.399,2.625,0.05,0.05,0.0,clear,compression -> confirmed range break + momentum,501.2648
2021-10-29 10:11:00+00:00,2021-10-29 13:30:00+00:00,XAUUSD,LONG,LIQUIDITY_REVERSAL,LIQUIDITY_REVERSAL,0.8,85.0,A,LONDON,1794.257,1783.652,1807.513,1807.513,1783.395,STOP,0.002,2.121,0.4231,10.605,-2.1725,-1.0243,0.453,1.127,199,0.258,1.194,0.05,0.12,0.0,clear,sweep + rejection + CHoCH + displacement,499.0923
2021-11-01 07:56:00+00:00,2021-11-01 14:00:00+00:00,XAUUSD,SHORT,LIQUIDITY_REVERSAL,LIQUIDITY_REVERSAL,0.7,95.0,A+,LONDON,1782.336,1792.448,1769.697,1769.697,1792.728,STOP,0.002,2.0223,0.4052,10.111,-2.0784,-1.0278,0.144,1.184,364,0.236,1.018,0.05,0.12,0.0,clear,sweep + rejection + CHoCH + displacement,497.0139
2021-11-08 14:21:00+00:00,2021-11-08 21:00:00+00:00,XAUUSD,LONG,BREAKOUT,BULL,0.897,85.0,A,OVERLAP,1825.738,1813.898,1840.538,1840.538,1823.671,SESSION_END,0.002,2.368,0.4764,11.84,-0.4134,-0.1746,0.056,0.538,399,0.32,2.133,0.05,0.05,0.0,clear,compression -> confirmed range break + momentum,496.6005
2021-11-11 11:01:00+00:00,2021-11-11 19:01:00+00:00,XAUUSD,LONG,TREND_CONTINUATION,STRONG_BULL,1.0,80.0,B,LONDON,1863.008,1853.747,1874.583,1874.583,1862.141,TIME,0.002,1.8521,0.373,9.261,-0.1733,-0.0936,0.312,0.884,480,0.219,1.025,0.05,0.05,0.0,clear,trend pullback + LTF BOS,496.4272
2021-11-12 13:41:00+00:00,2021-11-12 18:00:00+00:00,XAUUSD,SHORT,LIQUIDITY_REVERSAL,LIQUIDITY_REVERSAL,0.8,85.0,A,OVERLAP,1853.284,1870.126,1832.231,1832.231,1864.439,SESSION_END,0.001,1.6842,0.3393,16.842,-1.1155,-0.6623,0.0,0.748,259,0.288,1.811,0.05,0.05,0.0,clear,sweep + rejection + CHoCH + displacement,495.3117
2021-11-16 13:22:00+00:00,2021-11-16 14:13:00+00:00,XAUUSD,LONG,LIQUIDITY_REVERSAL,BULL,0.791,90.0,A+,OVERLAP,1872.911,1861.287,1887.442,1887.442,1860.96,STOP,0.002,2.3249,0.4694,11.624,-2.3901,-1.0281,0.095,1.07,51,0.286,1.612,0.05,0.12,0.0,clear,sweep + rejection + CHoCH + displacement,492.9216
2021-11-19 08:16:00+00:00,2021-11-19 16:16:00+00:00,XAUUSD,LONG,LIQUIDITY_REVERSAL,LIQUIDITY_REVERSAL,0.7,75.0,B,LONDON,1859.287,1848.69,1872.532,1872.532,1858.625,TIME,0.002,2.1193,0.4299,10.596,-0.1324,-0.0625,0.602,0.742,480,0.247,1.018,0.05,0.05,0.0,clear,sweep + rejection + CHoCH + displacement,492.7892
2021-11-22 13:29:00+00:00,2021-11-22 14:17:00+00:00,XAUUSD,SHORT,TREND_CONTINUATION,BEAR,0.586,85.0,A,OVERLAP,1838.265,1850.7,1822.721,1822.721,1822.884,TP2,0.001,1.2435,0.2523,12.435,1.5381,1.2369,1.808,0.257,48,0.226,1.562,0.05,0.0,0.0,clear,trend pullback + LTF BOS,494.3273
2021-11-23 09:31:00+00:00,2021-11-23 16:17:00+00:00,XAUUSD,SHORT,BREAKOUT,BEAR,0.888,85.0,A,LONDON,1798.507,1811.485,1782.285,1782.285,1782.451,TP2,0.001,1.2978,0.2625,12.978,1.6056,1.2372,1.277,0.042,406,0.302,1.985,0.05,0.0,0.0,clear,compression -> confirmed range break + momentum,495.9329
2021-11-24 14:49:00+00:00,2021-11-24 21:00:00+00:00,XAUUSD,SHORT,TREND_CONTINUATION,STRONG_BEAR,0.986,85.0,A,OVERLAP,1781.136,1802.04,1755.007,1755.007,1788.577,SESSION_END,0.001,2.0903,0.4215,20.903,-0.744,-0.3559,0.08,0.486,371,0.298,2.282,0.05,0.05,0.0,clear,trend pullback + LTF BOS,495.1889
2021-11-29 13:41:00+00:00,2021-11-29 21:00:00+00:00,XAUUSD,SHORT,BREAKOUT,BEAR,0.553,80.0,B,OVERLAP,1788.447,1799.879,1774.156,1774.156,1784.158,SESSION_END,0.002,2.2865,0.4618,11.433,0.8576,0.3751,0.651,0.185,439,0.203,1.495,0.05,0.05,0.0,clear,compression -> confirmed range break + momentum,496.0465
2021-12-02 14:46:00+00:00,2021-12-02 21:00:00+00:00,XAUUSD,LONG,LIQUIDITY_REVERSAL,BEAR,0.855,75.0,B,OVERLAP,1769.389,1758.456,1783.056,1783.056,1767.798,SESSION_END,0.002,2.1867,0.4408,10.933,-0.3183,-0.1456,0.313,0.693,374,0.309,2.557,0.05,0.05,0.0,clear,sweep + rejection + CHoCH + displacement,495.7282
2021-12-03 08:09:00+00:00,2021-12-03 13:30:00+00:00,XAUUSD,SHORT,BREAKOUT,COMPRESSION,0.932,65.0,NO_TRADE,LONDON,1768.179,1777.609,1756.392,1756.392,1777.857,STOP,0.002,1.8859,0.3804,9.429,-1.9356,-1.0264,0.229,1.038,321,0.218,0.993,0.05,0.12,0.0,clear,compression -> confirmed range break + momentum,493.7926
2021-12-06 15:06:00+00:00,2021-12-06 21:00:00+00:00,XAUUSD,LONG,LIQUIDITY_REVERSAL,LIQUIDITY_REVERSAL,1.0,100.0,A+,OVERLAP,1780.808,1764.034,1801.776,1801.776,1778.581,SESSION_END,0.001,1.6774,0.3397,16.774,-0.2228,-0.1328,0.243,0.212,354,0.287,1.916,0.05,0.05,0.0,clear,sweep + rejection + CHoCH + displacement,493.5698
2021-12-16 14:37:00+00:00,2021-12-16 21:00:00+00:00,XAUUSD,LONG,TREND_CONTINUATION,BULL,0.94,85.0,A,OVERLAP,1790.659,1774.52,1810.833,1810.833,1797.679,SESSION_END,0.001,1.6139,0.327,16.139,0.702,0.435,0.537,0.114,383,0.308,1.779,0.05,0.05,0.0,clear,trend pullback + LTF BOS,494.2718
2021-12-23 12:17:00+00:00,2021-12-23 20:17:00+00:00,XAUUSD,SHORT,LIQUIDITY_REVERSAL,LIQUIDITY_REVERSAL,1.0,75.0,B,OVERLAP,1803.71,1812.241,1793.047,1793.047,1808.953,TIME,0.002,1.7061,0.3452,8.53,-1.0487,-0.6147,0.578,0.811,480,0.21,0.741,0.05,0.05,0.0,clear,sweep + rejection + CHoCH + displacement,493.2232
2021-12-27 13:44:00+00:00,2021-12-27 21:00:00+00:00,XAUUSD,LONG,LIQUIDITY_REVERSAL,LIQUIDITY_REVERSAL,0.8,100.0,A+,OVERLAP,1806.775,1794.598,1821.995,1821.995,1811.516,SESSION_END,0.002,2.4353,0.4937,12.176,0.9484,0.3894,0.543,0.034,436,0.273,1.054,0.05,0.05,0.0,clear,sweep + rejection + CHoCH + displacement,494.1715
2021-12-31 14:36:00+00:00,2021-12-31 18:00:00+00:00,XAUUSD,SHORT,LIQUIDITY_REVERSAL,BULL,0.928,75.0,B,OVERLAP,1823.076,1834.268,1809.087,1809.087,1826.179,SESSION_END,0.002,2.2383,0.4529,11.192,-0.6206,-0.2772,0.258,0.379,204,0.304,1.269,0.05,0.05,0.0,clear,sweep + rejection + CHoCH + displacement,493.551
2022-01-05 13:21:00+00:00,2022-01-05 14:41:00+00:00,XAUUSD,SHORT,LIQUIDITY_REVERSAL,LIQUIDITY_REVERSAL,1.0,85.0,A,OVERLAP,1816.497,1828.033,1802.077,1802.077,1828.304,STOP,0.002,2.3072,0.4614,11.536,-2.3614,-1.0235,0.0,1.065,80,0.241,1.117,0.05,0.12,0.0,clear,sweep + rejection + CHoCH + displacement,497.6386
2022-01-06 12:11:00+00:00,2022-01-06 13:05:00+00:00,XAUUSD,LONG,LIQUIDITY_REVERSAL,LIQUIDITY_REVERSAL,0.8,85.0,A,OVERLAP,1799.845,1788.81,1813.64,1813.64,1788.545,STOP,0.002,2.2071,0.4435,11.036,-2.26,-1.0239,0.044,1.132,54,0.254,1.318,0.05,0.12,0.0,clear,sweep + rejection + CHoCH + displacement,495.3787
2022-01-07 12:46:00+00:00,2022-01-07 18:00:00+00:00,XAUUSD,SHORT,LIQUIDITY_REVERSAL,LIQUIDITY_REVERSAL,1.0,90.0,A+,OVERLAP,1790.333,1799.693,1778.633,1778.633,1795.826,SESSION_END,0.002,1.872,0.3779,9.36,-1.0985,-0.5868,0.837,0.671,314,0.209,0.981,0.05,0.05,0.0,clear,sweep + rejection + CHoCH + displacement,494.2802
2022-01-10 13:26:00+00:00,2022-01-10 21:00:00+00:00,XAUUSD,LONG,LIQUIDITY_REVERSAL,LIQUIDITY_REVERSAL,0.8,85.0,A,OVERLAP,1797.217,1779.568,1819.278,1819.278,1800.717,SESSION_END,0.001,1.7649,0.3571,17.649,0.35,0.1983,0.247,0.396,454,0.278,1.521,0.05,0.05,0.0,clear,sweep + rejection + CHoCH + displacement,494.6303
2022-01-13 13:41:00+00:00,2022-01-13 21:00:00+00:00,XAUUSD,LONG,LIQUIDITY_REVERSAL,LIQUIDITY_REVERSAL,0.7,100.0,A+,OVERLAP,1824.055,1808.467,1843.54,1843.54,1820.936,SESSION_END,0.001,1.5588,0.3152,15.588,-0.3119,-0.2001,0.0,0.759,439,0.334,1.506,0.05,0.05,0.0,clear,sweep + rejection + CHoCH + displacement,494.3184
2022-01-17 15:01:00+00:00,2022-01-17 23:00:00+00:00,XAUUSD,SHORT,LIQUIDITY_REVERSAL,CHOPPY,0.581,100.0,A+,OVERLAP,1818.329,1826.572,1808.026,1808.026,1818.452,SESSION_END,0.002,1.6485,0.3335,8.242,-0.0246,-0.0149,0.09,0.191,178,0.198,0.727,0.05,0.05,0.0,clear,sweep + rejection + CHoCH + displacement,494.2938
2022-01-18 14:56:00+00:00,2022-01-18 21:00:00+00:00,XAUUSD,LONG,LIQUIDITY_REVERSAL,LIQUIDITY_REVERSAL,0.7,75.0,B,OVERLAP,1818.516,1798.288,1843.801,1843.801,1813.321,SESSION_END,0.001,2.0228,0.4092,20.228,-0.5195,-0.2568,0.076,0.397,364,0.504,2.504,0.05,0.05,0.0,clear,sweep + rejection + CHoCH + displacement,493.7743
2022-01-24 12:41:00+00:00,2022-01-24 20:41:00+00:00,XAUUSD,SHORT,LIQUIDITY_REVERSAL,LIQUIDITY_REVERSAL,0.8,85.0,A,OVERLAP,1837.931,1846.706,1826.963,1826.963,1839.776,TIME,0.002,1.755,0.3554,8.775,-0.3689,-0.2102,0.954,0.576,480,0.225,1.177,0.05,0.05,0.0,clear,sweep + rejection + CHoCH + displacement,493.4054
2022-01-25 08:33:00+00:00,2022-01-25 14:45:00+00:00,XAUUSD,SHORT,BREAKOUT,COMPRESSION,0.984,85.0,A,LONDON,1839.853,1849.341,1827.992,1827.992,1849.589,STOP,0.002,1.8977,0.3846,9.488,-1.9472,-1.0261,0.529,1.157,372,0.224,0.943,0.05,0.12,0.0,clear,compression -> confirmed range break + momentum,491.4582
2022-01-25 15:36:00+00:00,2022-01-25 21:00:00+00:00,XAUUSD,LONG,TREND_CONTINUATION,BULL,0.844,80.0,B,OVERLAP,1846.009,1829.374,1866.802,1866.802,1846.895,SESSION_END,0.001,1.6635,0.3385,16.635,0.0886,0.0533,0.465,0.06,324,0.402,2.722,0.05,0.05,0.0,clear,trend pullback + LTF BOS,491.5468
2022-01-27 11:58:00+00:00,2022-01-27 13:54:00+00:00,XAUUSD,LONG,LIQUIDITY_REVERSAL,LIQUIDITY_REVERSAL,0.7,85.0,A,LONDON,1810.586,1800.528,1823.16,1823.16,1800.263,STOP,0.002,2.0117,0.4093,10.059,-2.0646,-1.0263,0.301,1.083,116,0.245,1.355,0.05,0.12,0.0,clear,sweep + rejection + CHoCH + displacement,489.4821
2022-01-31 12:21:00+00:00,2022-01-31 20:21:00+00:00,XAUUSD,SHORT,LIQUIDITY_REVERSAL,CHOPPY,0.555,100.0,A+,OVERLAP,1790.291,1800.514,1777.512,1777.512,1797.6,TIME,0.002,2.0447,0.4177,10.223,-1.4618,-0.7149,0.08,0.931,480,0.214,1.009,0.05,0.05,0.0,clear,sweep + rejection + CHoCH + displacement,488.0203
2022-02-14 07:22:00+00:00,2022-02-14 14:33:00+00:00,XAUUSD,LONG,LIQUIDITY_REVERSAL,LIQUIDITY_REVERSAL,0.8,100.0,A+,LONDON,1853.762,1844.166,1865.758,1865.758,1865.624,TP2,0.002,1.9193,0.3933,9.596,2.3723,1.236,1.321,0.263,431,0.209,0.949,0.05,0.0,0.0,clear,sweep + rejection + CHoCH + displacement,490.3926
2022-02-14 14:40:00+00:00,2022-02-14 21:00:00+00:00,XAUUSD,SHORT,LIQUIDITY_REVERSAL,LIQUIDITY_REVERSAL,0.7,75.0,B,OVERLAP,1860.298,1879.895,1835.801,1835.801,1872.012,SESSION_END,0.001,1.9597,0.3996,19.597,-1.1714,-0.5978,0.006,0.7,380,0.321,2.386,0.05,0.05,0.0,clear,sweep + rejection + CHoCH + displacement,489.2211
2022-02-18 08:11:00+00:00,2022-02-18 10:30:00+00:00,XAUUSD,LONG,BREAKOUT,COMPRESSION,0.979,80.0,B,LONDON,1894.871,1886.981,1904.734,1904.734,1886.756,STOP,0.003,2.3671,0.4839,7.89,-2.4345,-1.0285,0.109,1.056,139,0.186,0.97,0.05,0.12,0.0,clear,compression -> confirmed range break + momentum,486.7866
2022-02-21 12:01:00+00:00,2022-02-21 23:00:00+00:00,XAUUSD,SHORT,LIQUIDITY_REVERSAL,LIQUIDITY_REVERSAL,1.0,85.0,A,OVERLAP,1894.256,1907.735,1877.408,1877.408,1909.1,STOP,0.001,1.3479,0.2769,13.479,-1.4843,-1.1012,0.142,1.338,448,0.203,1.21,0.05,1.1327999830245972,0.0,clear,sweep + rejection + CHoCH + displacement,485.3022
2022-02-23 20:51:00+00:00,2022-02-23 21:00:00+00:00,XAUUSD,LONG,LIQUIDITY_REVERSAL,LIQUIDITY_REVERSAL,1.0,100.0,A+,NEWYORK,1908.639,1895.735,1924.768,1924.768,1908.437,SESSION_END,0.001,1.2904,0.2659,12.904,-0.0202,-0.0156,0.126,0.049,9,0.242,1.19,0.05,0.05,0.0,clear,sweep + rejection + CHoCH + displacement,485.282
2022-02-25 07:01:00+00:00,2022-02-25 09:33:00+00:00,XAUUSD,LONG,BREAKOUT,COMPRESSION,0.979,80.0,B,LONDON,1918.975,1908.761,1931.742,1931.742,1908.545,STOP,0.002,2.0427,0.4209,10.214,-2.086,-1.0212,0.218,1.004,152,0.154,1.348,0.05,0.12,0.0,clear,compression -> confirmed range break + momentum,483.196
2022-03-01 10:31:00+00:00,2022-03-01 18:15:00+00:00,XAUUSD,LONG,BREAKOUT,STRONG_BULL,0.901,85.0,A,LONDON,1920.961,1908.264,1936.832,1936.832,1936.687,TP2,0.001,1.2697,0.2628,12.697,1.5726,1.2386,1.289,0.776,464,0.226,1.771,0.05,0.0,0.0,clear,compression -> confirmed range break + momentum,484.7687
2022-03-01 20:08:00+00:00,2022-03-01 21:00:00+00:00,XAUUSD,LONG,TREND_CONTINUATION,STRONG_BULL,0.997,85.0,A,NEWYORK,1941.182,1929.711,1955.52,1955.52,1945.649,SESSION_END,0.002,2.2942,0.4732,11.471,0.8935,0.3894,0.457,0.176,52,0.277,2.183,0.05,0.05,0.0,clear,trend pullback + LTF BOS,485.6621
2022-03-02 13:06:00+00:00,2022-03-02 21:00:00+00:00,XAUUSD,LONG,LIQUIDITY_REVERSAL,LIQUIDITY_REVERSAL,1.0,100.0,A+,OVERLAP,1929.441,1911.176,1952.272,1952.272,1926.263,SESSION_END,0.001,1.8265,0.3761,18.265,-0.3179,-0.174,0.333,0.791,474,0.239,2.481,0.05,0.05,0.0,clear,sweep + rejection + CHoCH + displacement,485.3443
2022-03-03 07:22:00+00:00,2022-03-03 11:32:00+00:00,XAUUSD,SHORT,LIQUIDITY_REVERSAL,CHOPPY,0.601,80.0,B,LONDON,1925.266,1938.268,1909.013,1909.013,1938.487,STOP,0.001,1.3002,0.2679,13.002,-1.3222,-1.0169,0.131,1.03,250,0.186,1.333,0.05,0.12,0.0,clear,sweep + rejection + CHoCH + displacement,484.0221
2022-03-03 13:22:00+00:00,2022-03-03 21:00:00+00:00,XAUUSD,LONG,LIQUIDITY_REVERSAL,LIQUIDITY_REVERSAL,0.7,100.0,A+,OVERLAP,1933.222,1921.262,1948.173,1948.173,1936.701,SESSION_END,0.002,2.3922,0.4942,11.961,0.6956,0.2908,0.667,0.836,458,0.211,1.876,0.05,0.05,0.0,clear,sweep + rejection + CHoCH + displacement,484.7177
2022-03-04 15:12:00+00:00,2022-03-04 18:00:00+00:00,XAUUSD,SHORT,LIQUIDITY_REVERSAL,BULL,0.858,80.0,B,OVERLAP,1951.957,1974.472,1923.812,1923.812,1962.148,SESSION_END,0.001,2.2515,0.4645,22.515,-1.0192,-0.4527,0.0,0.608,168,0.363,3.949,0.05,0.05,0.0,clear,sweep + rejection + CHoCH + displacement,483.6986
2022-03-09 07:44:00+00:00,2022-03-09 09:22:00+00:00,XAUUSD,SHORT,BREAKOUT,COMPRESSION,0.963,55.0,NO_TRADE,LONDON,2042.532,2054.673,2027.357,2027.357,2027.487,TP2,0.001,1.214,0.251,12.14,1.5045,1.2393,1.293,0.55,98,0.231,2.969,0.05,0.0,0.0,clear,compression -> confirmed range break + momentum,485.2031
2022-03-10 06:26:00+00:00,2022-03-10 07:59:00+00:00,XAUUSD,LONG,BREAKOUT,COMPRESSION,0.995,80.0,B,ASIA,1986.251,1975.018,2000.293,2000.293,1974.797,STOP,0.002,2.2466,0.463,11.233,-2.2908,-1.0197,0.243,1.072,93,0.306,1.76,0.05,0.12,0.0,clear,compression -> confirmed range break + momentum,482.9123
2022-03-10 08:08:00+00:00,2022-03-10 12:39:00+00:00,XAUUSD,LONG,LIQUIDITY_REVERSAL,LIQUIDITY_REVERSAL,0.7,80.0,B,LONDON,1980.792,1959.122,2007.88,2007.88,2007.776,TP2,0.001,2.167,0.4487,21.67,2.6983,1.2452,1.272,0.195,271,0.225,2.904,0.05,0.0,0.0,clear,sweep + rejection + CHoCH + displacement,485.6106
2022-03-11 01:06:00+00:00,2022-03-11 09:06:00+00:00,XAUUSD,SHORT,BREAKOUT,COMPRESSION,0.979,65.0,NO_TRADE,ASIA,1990.794,2001.199,1977.788,1977.788,1992.957,TIME,0.002,2.0809,0.4285,10.405,-0.4326,-0.2079,0.956,0.537,480,0.288,1.668,0.05,0.05,0.0,clear,compression -> confirmed range break + momentum,485.1779
2022-03-14 11:26:00+00:00,2022-03-14 19:26:00+00:00,XAUUSD,SHORT,BREAKOUT,BEAR,0.938,85.0,A,LONDON,1959.77,1970.272,1946.642,1946.642,1952.761,TIME,0.002,2.1005,0.4329,10.502,1.4016,0.6673,0.966,0.772,480,0.257,2.623,0.05,0.05,0.0,clear,compression -> confirmed range break + momentum,486.5795
2022-03-15 01:21:00+00:00,2022-03-15 09:21:00+00:00,XAUUSD,SHORT,BREAKOUT,STRONG_BEAR,0.952,85.0,A,ASIA,1943.189,1961.999,1919.677,1919.677,1931.54,TIME,0.001,1.881,0.3866,18.81,1.1649,0.6193,0.976,0.115,480,0.386,2.054,0.05,0.05,0.0,clear,compression -> confirmed range break + momentum,487.7445
2022-03-15 12:26:00+00:00,2022-03-15 20:26:00+00:00,XAUUSD,SHORT,TREND_CONTINUATION,BEAR,0.644,100.0,A+,OVERLAP,1921.904,1944.068,1894.2,1894.2,1914.806,TIME,0.001,2.2163,0.4544,22.163,0.7098,0.3203,0.675,0.406,480,0.238,2.674,0.05,0.05,0.0,clear,trend pullback + LTF BOS,488.4543
2022-03-16 09:37:00+00:00,2022-03-16 13:43:00+00:00,XAUUSD,LONG,BREAKOUT,COMPRESSION,0.968,55.0,NO_TRADE,LONDON,1921.71,1912.921,1932.697,1932.697,1912.681,STOP,0.002,1.7579,0.3599,8.789,-1.8059,-1.0273,0.594,1.031,246,0.224,1.891,0.05,0.12,0.0,clear,compression -> confirmed range break + momentum,486.6484
2022-03-22 10:11:00+00:00,2022-03-22 14:05:00+00:00,XAUUSD,LONG,LIQUIDITY_REVERSAL,LIQUIDITY_REVERSAL,0.8,100.0,A+,LONDON,1928.294,1914.684,1945.307,1945.307,1914.399,STOP,0.001,1.361,0.2797,13.61,-1.3895,-1.0209,0.184,1.079,234,0.263,1.672,0.05,0.12,0.0,clear,sweep + rejection + CHoCH + displacement,485.2588
2022-03-23 11:28:00+00:00,2022-03-23 19:28:00+00:00,XAUUSD,SHORT,LIQUIDITY_REVERSAL,LIQUIDITY_REVERSAL,0.8,100.0,A+,LONDON,1929.552,1946.372,1908.526,1908.526,1941.557,TIME,0.001,1.682,0.3466,16.82,-1.2005,-0.7137,0.281,0.746,480,0.252,1.493,0.05,0.05,0.0,clear,sweep + rejection + CHoCH + displacement,484.0583
2022-03-28 11:52:00+00:00,2022-03-28 13:16:00+00:00,XAUUSD,SHORT,TREND_CONTINUATION,STRONG_BEAR,0.967,85.0,A,LONDON,1929.183,1941.851,1913.347,1913.347,1942.109,STOP,0.001,1.2668,0.2617,12.668,-1.2927,-1.0204,0.183,1.021,84,0.251,1.653,0.05,0.12,0.0,clear,trend pullback + LTF BOS,482.7656
2022-04-01 07:46:00+00:00,2022-04-01 15:31:00+00:00,XAUUSD,SHORT,BREAKOUT,COMPRESSION,0.926,70.0,NO_TRADE,LONDON,1932.642,1941.416,1921.674,1921.674,1921.838,TP2,0.002,1.7549,0.3635,8.774,2.1608,1.2313,1.304,0.424,465,0.213,1.25,0.05,0.0,0.0,clear,compression -> confirmed range break + momentum,484.9264
2022-04-04 15:09:00+00:00,2022-04-04 21:00:00+00:00,XAUUSD,LONG,LIQUIDITY_REVERSAL,LIQUIDITY_REVERSAL,0.7,85.0,A,OVERLAP,1926.808,1914.516,1942.173,1942.173,1931.646,SESSION_END,0.001,1.2292,0.2535,12.292,0.4838,0.3936,0.764,0.032,351,0.341,2.989,0.05,0.05,0.0,clear,sweep + rejection + CHoCH + displacement,485.4102
2022-04-06 19:40:00+00:00,2022-04-06 21:00:00+00:00,XAUUSD,SHORT,LIQUIDITY_REVERSAL,LIQUIDITY_REVERSAL,0.7,75.0,B,NEWYORK,1918.742,1941.987,1889.684,1889.684,1926.339,SESSION_END,0.001,2.3246,0.4789,23.246,-0.7598,-0.3268,0.035,0.361,80,0.433,3.49,0.05,0.05,0.0,clear,sweep + rejection + CHoCH + displacement,484.6504
2022-04-07 15:37:00+00:00,2022-04-07 21:00:00+00:00,XAUUSD,LONG,TREND_CONTINUATION,BULL,0.826,85.0,A,OVERLAP,1935.213,1918.11,1956.591,1956.591,1931.171,SESSION_END,0.001,1.7103,0.3529,17.103,-0.4042,-0.2363,0.146,0.34,323,0.29,2.392,0.05,0.05,0.0,clear,trend pullback + LTF BOS,484.2462
2022-04-08 15:07:00+00:00,2022-04-08 18:00:00+00:00,XAUUSD,LONG,BREAKOUT,EXPANSION,0.887,65.0,NO_TRADE,OVERLAP,1943.73,1928.377,1962.922,1962.922,1941.165,SESSION_END,0.001,1.5354,0.3171,15.354,-0.2566,-0.1671,0.284,0.225,173,0.345,2.551,0.05,0.05,0.0,clear,compression -> confirmed range break + momentum,483.9897
2022-04-13 13:07:00+00:00,2022-04-13 21:00:00+00:00,XAUUSD,LONG,TREND_CONTINUATION,BULL,0.882,85.0,A,OVERLAP,1979.689,1966.958,1995.602,1995.602,1976.656,SESSION_END,0.001,1.273,0.263,12.73,-0.3033,-0.2382,0.141,0.626,473,0.222,1.496,0.05,0.05,0.0,clear,trend pullback + LTF BOS,483.6864
2022-04-18 13:11:00+00:00,2022-04-18 15:37:00+00:00,XAUUSD,LONG,BREAKOUT,COMPRESSION,0.937,80.0,B,OVERLAP,1994.393,1985.797,2005.137,2005.137,1985.547,STOP,0.002,1.719,0.3554,8.595,-1.7691,-1.0291,0.451,1.039,146,0.189,1.137,0.05,0.12,0.0,clear,compression -> confirmed range break + momentum,481.9172
2022-04-19 13:41:00+00:00,2022-04-19 20:20:00+00:00,XAUUSD,SHORT,LIQUIDITY_REVERSAL,LIQUIDITY_REVERSAL,1.0,85.0,A,OVERLAP,1974.835,1996.965,1947.172,1947.172,1947.299,TP2,0.001,2.213,0.4592,22.13,2.7536,1.2443,1.371,0.0,399,0.273,1.917,0.05,0.0,0.0,clear,sweep + rejection + CHoCH + displacement,484.6709
2022-04-20 16:43:00+00:00,2022-04-20 21:00:00+00:00,XAUUSD,SHORT,LIQUIDITY_REVERSAL,LIQUIDITY_REVERSAL,0.8,100.0,A+,NEWYORK,1950.658,1963.008,1935.222,1935.222,1957.967,SESSION_END,0.001,1.2349,0.2548,12.349,-0.7309,-0.5918,0.117,0.6,257,0.287,1.808,0.05,0.05,0.0,clear,sweep + rejection + CHoCH + displacement,483.94
2022-04-21 12:16:00+00:00,2022-04-21 19:46:00+00:00,XAUUSD,SHORT,BREAKOUT,STRONG_BEAR,0.951,85.0,A,OVERLAP,1939.902,1950.564,1926.576,1926.576,1950.829,STOP,0.002,2.1323,0.4406,10.661,-2.1852,-1.0248,0.307,1.044,450,0.231,1.725,0.05,0.12,0.0,clear,compression -> confirmed range break + momentum,481.7548
2022-04-26 08:26:00+00:00,2022-04-26 16:26:00+00:00,XAUUSD,SHORT,BREAKOUT,COMPRESSION,0.979,85.0,A,LONDON,1897.808,1915.398,1875.82,1875.82,1901.74,TIME,0.001,1.759,0.3651,17.59,-0.3932,-0.2236,0.125,0.756,480,0.231,1.633,0.05,0.05,0.0,clear,compression -> confirmed range break + momentum,481.3615
2022-05-02 09:31:00+00:00,2022-05-02 13:20:00+00:00,XAUUSD,SHORT,BREAKOUT,COMPRESSION,0.979,100.0,A+,LONDON,1881.738,1891.162,1869.957,1869.957,1870.079,TP2,0.002,1.8849,0.3916,9.424,2.3317,1.237,1.322,0.051,229,0.221,1.419,0.05,0.0,0.0,clear,compression -> confirmed range break + momentum,483.6932
2022-05-02 16:16:00+00:00,2022-05-02 21:00:00+00:00,XAUUSD,SHORT,TREND_CONTINUATION,STRONG_BEAR,1.0,85.0,A,NEWYORK,1860.124,1875.949,1840.343,1840.343,1862.19,SESSION_END,0.001,1.5825,0.3272,15.825,-0.2066,-0.1306,0.024,0.751,284,0.358,2.548,0.05,0.05,0.0,clear,trend pullback + LTF BOS,483.4866
2022-05-03 19:06:00+00:00,2022-05-03 21:00:00+00:00,XAUUSD,SHORT,LIQUIDITY_REVERSAL,LIQUIDITY_REVERSAL,0.7,100.0,A+,NEWYORK,1868.099,1878.451,1855.158,1855.158,1867.062,SESSION_END,0.002,2.0705,0.4282,10.352,0.2074,0.1002,0.283,0.17,114,0.258,1.551,0.05,0.05,0.0,clear,sweep + rejection + CHoCH + displacement,483.694
2022-05-04 08:01:00+00:00,2022-05-04 16:01:00+00:00,XAUUSD,LONG,BREAKOUT,COMPRESSION,0.947,70.0,NO_TRADE,LONDON,1866.949,1855.808,1880.875,1880.875,1866.783,TIME,0.002,2.2282,0.4607,11.141,-0.0333,-0.015,0.454,0.486,480,0.243,1.226,0.05,0.05,0.0,clear,compression -> confirmed range break + momentum,483.6607
2022-05-10 19:33:00+00:00,2022-05-10 21:00:00+00:00,XAUUSD,SHORT,TREND_CONTINUATION,STRONG_BEAR,0.898,100.0,A+,NEWYORK,1843.791,1853.736,1831.361,1831.361,1838.643,SESSION_END,0.002,1.9889,0.4112,9.945,1.0298,0.5177,0.845,0.101,87,0.263,1.707,0.05,0.05,0.0,clear,trend pullback + LTF BOS,484.6904
2022-05-12 01:41:00+00:00,2022-05-12 08:16:00+00:00,XAUUSD,LONG,BREAKOUT,COMPRESSION,0.916,65.0,NO_TRADE,ASIA,1857.643,1845.908,1872.311,1872.311,1845.648,STOP,0.002,2.3469,0.4842,11.734,-2.3988,-1.0221,0.091,1.124,395,0.329,1.104,0.05,0.12,0.0,clear,compression -> confirmed range break + momentum,482.2916
2022-05-12 11:46:00+00:00,2022-05-12 17:56:00+00:00,XAUUSD,SHORT,LIQUIDITY_REVERSAL,LIQUIDITY_REVERSAL,0.8,100.0,A+,LONDON,1846.86,1863.245,1826.379,1826.379,1826.532,TP2,0.001,1.6385,0.3397,16.385,2.0329,1.2407,1.351,0.15,370,0.286,1.973,0.05,0.0,0.0,clear,sweep + rejection + CHoCH + displacement,484.3245
2022-05-18 08:09:00+00:00,2022-05-18 16:09:00+00:00,XAUUSD,LONG,LIQUIDITY_REVERSAL,LIQUIDITY_REVERSAL,0.7,85.0,A,LONDON,1813.57,1800.057,1830.462,1830.462,1815.92,TIME,0.001,1.3514,0.279,13.514,0.2349,0.1738,0.501,0.469,480,0.225,1.268,0.05,0.05,0.0,clear,sweep + rejection + CHoCH + displacement,484.5594
2022-05-23 12:49:00+00:00,2022-05-23 14:07:00+00:00,XAUUSD,LONG,TREND_CONTINUATION,STRONG_BULL,1.0,100.0,A+,OVERLAP,1862.423,1853.245,1873.896,1873.896,1852.997,STOP,0.002,1.8356,0.3788,9.178,-1.8852,-1.027,0.224,1.05,78,0.21,1.364,0.05,0.12,0.0,clear,trend pullback + LTF BOS,482.6742
2022-05-24 13:22:00+00:00,2022-05-24 14:48:00+00:00,XAUUSD,SHORT,LIQUIDITY_REVERSAL,LIQUIDITY_REVERSAL,1.0,85.0,A,OVERLAP,1855.969,1867.086,1842.073,1842.073,1867.338,STOP,0.002,2.2234,0.4606,11.117,-2.2737,-1.0226,0.176,1.011,86,0.198,1.118,0.05,0.12,0.0,clear,sweep + rejection + CHoCH + displacement,480.4004
2022-05-26 10:50:00+00:00,2022-05-26 18:50:00+00:00,XAUUSD,LONG,LIQUIDITY_REVERSAL,BEAR,0.89,75.0,B,LONDON,1846.152,1835.479,1859.494,1859.494,1849.566,TIME,0.002,2.1347,0.4444,10.673,0.6827,0.3198,0.676,0.502,480,0.249,1.263,0.05,0.05,0.0,clear,sweep + rejection + CHoCH + displacement,481.0831
2022-05-27 10:32:00+00:00,2022-05-27 18:00:00+00:00,XAUUSD,LONG,TREND_CONTINUATION,STRONG_BULL,0.967,85.0,A,LONDON,1859.582,1849.954,1871.616,1871.616,1852.897,SESSION_END,0.002,1.9255,0.4002,9.628,-1.3369,-0.6943,0.234,0.948,448,0.247,1.232,0.05,0.05,0.0,clear,trend pullback + LTF BOS,479.7462
2022-05-31 11:46:00+00:00,2022-05-31 15:26:00+00:00,XAUUSD,LONG,LIQUIDITY_REVERSAL,LIQUIDITY_REVERSAL,0.7,70.0,NO_TRADE,LONDON,1850.631,1839.858,1864.099,1864.099,1839.555,STOP,0.002,2.1548,0.4491,10.774,-2.2154,-1.0281,0.435,1.001,220,0.267,1.294,0.05,0.12,0.0,clear,sweep + rejection + CHoCH + displacement,477.5308
2022-06-01 13:15:00+00:00,2022-06-01 14:08:00+00:00,XAUUSD,LONG,LIQUIDITY_REVERSAL,LIQUIDITY_REVERSAL,0.7,85.0,A,OVERLAP,1832.386,1820.932,1846.704,1846.704,1846.556,TP2,0.002,2.2908,0.4797,11.454,2.834,1.2371,1.333,0.0,53,0.216,1.265,0.05,0.0,0.0,clear,sweep + rejection + CHoCH + displacement,480.3648
2022-06-06 11:45:00+00:00,2022-06-06 19:45:00+00:00,XAUUSD,SHORT,LIQUIDITY_REVERSAL,LIQUIDITY_REVERSAL,0.8,100.0,A+,LONDON,1852.25,1862.333,1839.647,1839.647,1841.757,TIME,0.002,2.0166,0.4198,10.083,2.0986,1.0407,1.132,0.545,480,0.252,1.085,0.05,0.05,0.0,clear,sweep + rejection + CHoCH + displacement,482.4633
2022-06-14 12:21:00+00:00,2022-06-14 20:21:00+00:00,XAUUSD,SHORT,TREND_CONTINUATION,BEAR,0.913,100.0,A+,OVERLAP,1820.816,1835.137,1802.916,1802.916,1805.61,TIME,0.001,1.432,0.2968,14.32,1.5206,1.0619,1.107,0.146,480,0.223,1.847,0.05,0.05,0.0,clear,trend pullback + LTF BOS,483.9839
2022-06-15 08:51:00+00:00,2022-06-15 12:40:00+00:00,XAUUSD,SHORT,LIQUIDITY_REVERSAL,LIQUIDITY_REVERSAL,1.0,100.0,A+,LONDON,1819.549,1833.695,1801.867,1801.867,1833.941,STOP,0.001,1.4146,0.2923,14.146,-1.4392,-1.0175,0.161,1.119,229,0.258,1.718,0.05,0.12,0.0,clear,sweep + rejection + CHoCH + displacement,482.5447
2022-06-15 19:10:00+00:00,2022-06-15 19:41:00+00:00,XAUUSD,SHORT,LIQUIDITY_REVERSAL,LIQUIDITY_REVERSAL,1.0,100.0,A+,NEWYORK,1818.473,1834.88,1797.963,1797.963,1835.243,STOP,0.001,1.6408,0.34,16.408,-1.6771,-1.0221,0.03,1.004,31,0.331,2.426,0.05,0.12,0.0,clear,sweep + rejection + CHoCH + displacement,480.8676
2022-06-17 08:40:00+00:00,2022-06-17 15:13:00+00:00,XAUUSD,LONG,BREAKOUT,COMPRESSION,0.947,85.0,A,LONDON,1849.136,1839.645,1861.0,1861.0,1839.376,STOP,0.002,1.8982,0.3947,9.491,-1.952,-1.0283,0.402,1.068,393,0.237,1.46,0.05,0.12,0.0,clear,compression -> confirmed range break + momentum,478.9156
2022-06-20 08:11:00+00:00,2022-06-20 16:11:00+00:00,XAUUSD,SHORT,LIQUIDITY_REVERSAL,CHOPPY,0.566,85.0,A,LONDON,1840.644,1851.557,1827.003,1827.003,1837.955,TIME,0.002,2.1826,0.4557,10.913,0.5379,0.2464,0.437,0.275,480,0.219,1.201,0.05,0.05,0.0,clear,sweep + rejection + CHoCH + displacement,479.4535
2022-06-24 15:05:00+00:00,2022-06-24 18:00:00+00:00,XAUUSD,SHORT,LIQUIDITY_REVERSAL,LIQUIDITY_REVERSAL,0.8,85.0,A,OVERLAP,1825.377,1837.325,1810.442,1810.442,1826.865,SESSION_END,0.002,2.3896,0.4984,11.948,-0.2976,-0.1246,0.268,0.489,175,0.332,2.763,0.05,0.05,0.0,clear,sweep + rejection + CHoCH + displacement,479.1558
2022-06-27 09:26:00+00:00,2022-06-27 15:00:00+00:00,XAUUSD,LONG,LIQUIDITY_REVERSAL,LIQUIDITY_REVERSAL,0.7,100.0,A+,LONDON,1837.249,1825.86,1851.485,1851.485,1825.609,STOP,0.002,2.2777,0.4754,11.389,-2.328,-1.0221,0.278,1.008,334,0.282,1.55,0.05,0.12,0.0,clear,sweep + rejection + CHoCH + displacement,476.8279
2022-06-28 13:01:00+00:00,2022-06-28 21:00:00+00:00,XAUUSD,LONG,LIQUIDITY_REVERSAL,LIQUIDITY_REVERSAL,1.0,75.0,B,OVERLAP,1825.506,1811.381,1843.162,1843.162,1819.007,SESSION_END,0.001,1.4125,0.2962,14.125,-0.6498,-0.4601,0.082,0.512,479,0.235,1.276,0.05,0.05,0.0,clear,sweep + rejection + CHoCH + displacement,476.1781
2022-06-29 19:06:00+00:00,2022-06-29 21:00:00+00:00,XAUUSD,LONG,LIQUIDITY_REVERSAL,LIQUIDITY_REVERSAL,1.0,85.0,A,NEWYORK,1819.036,1808.321,1832.43,1832.43,1818.128,SESSION_END,0.002,2.143,0.45,10.715,-0.1816,-0.0848,0.018,0.162,114,0.237,0.982,0.05,0.05,0.0,clear,sweep + rejection + CHoCH + displacement,475.9964
2022-06-30 20:35:00+00:00,2022-06-30 21:00:00+00:00,XAUUSD,LONG,LIQUIDITY_REVERSAL,CHOPPY,0.58,75.0,B,NEWYORK,1808.236,1799.226,1819.499,1819.499,1806.124,SESSION_END,0.002,1.802,0.3786,9.01,-0.4225,-0.2344,0.044,0.258,25,0.237,1.083,0.05,0.05,0.0,clear,sweep + rejection + CHoCH + displacement,475.5739
2022-07-05 20:01:00+00:00,2022-07-05 21:00:00+00:00,XAUUSD,SHORT,TREND_CONTINUATION,STRONG_BEAR,0.999,100.0,A+,NEWYORK,1765.321,1776.696,1751.102,1751.102,1768.572,SESSION_END,0.002,2.275,0.455,11.375,-0.6503,-0.2858,0.0,0.237,59,0.295,1.317,0.05,0.05,0.0,clear,trend pullback + LTF BOS,499.3497
2022-07-08 13:36:00+00:00,2022-07-08 18:00:00+00:00,XAUUSD,SHORT,LIQUIDITY_REVERSAL,CHOPPY,0.582,90.0,A+,OVERLAP,1741.335,1755.053,1724.187,1724.187,1742.919,SESSION_END,0.001,1.3718,0.2747,13.718,-0.1584,-0.1155,0.525,0.806,264,0.326,2.303,0.05,0.05,0.0,clear,sweep + rejection + CHoCH + displacement,499.1913
2022-07-14 13:25:00+00:00,2022-07-14 21:00:00+00:00,XAUUSD,SHORT,TREND_CONTINUATION,STRONG_BEAR,0.966,85.0,A,OVERLAP,1710.019,1728.414,1687.026,1687.026,1709.727,SESSION_END,0.001,1.8395,0.3685,18.395,0.0292,0.0159,0.684,0.266,455,0.298,2.245,0.05,0.05,0.0,clear,trend pullback + LTF BOS,499.2205
2022-07-15 12:41:00+00:00,2022-07-15 14:14:00+00:00,XAUUSD,SHORT,LIQUIDITY_REVERSAL,LIQUIDITY_REVERSAL,1.0,100.0,A+,OVERLAP,1704.724,1713.63,1693.592,1693.592,1713.907,STOP,0.002,1.7812,0.3568,8.906,-1.8365,-1.0311,0.542,1.004,93,0.199,1.286,0.05,0.12,0.0,clear,sweep + rejection + CHoCH + displacement,497.384
2022-07-19 17:06:00+00:00,2022-07-19 21:00:00+00:00,XAUUSD,SHORT,LIQUIDITY_REVERSAL,LIQUIDITY_REVERSAL,1.0,100.0,A+,NEWYORK,1711.808,1722.371,1698.604,1698.604,1712.41,SESSION_END,0.002,2.1126,0.4247,10.563,-0.1205,-0.057,0.205,0.185,234,0.284,1.395,0.05,0.05,0.0,clear,sweep + rejection + CHoCH + displacement,497.2635
2022-07-21 11:52:00+00:00,2022-07-21 13:24:00+00:00,XAUUSD,SHORT,TREND_CONTINUATION,STRONG_BEAR,1.0,85.0,A,LONDON,1682.48,1693.148,1669.144,1669.144,1693.386,STOP,0.002,2.1337,0.4291,10.669,-2.1812,-1.0223,0.162,1.027,92,0.276,1.481,0.05,0.12,0.0,clear,trend pullback + LTF BOS,495.0823
2022-07-22 14:13:00+00:00,2022-07-22 15:12:00+00:00,XAUUSD,LONG,TREND_CONTINUATION,BULL,0.624,75.0,B,OVERLAP,1726.272,1716.067,1739.028,1739.028,1738.854,TP2,0.002,2.0409,0.4122,10.205,2.5163,1.2329,1.272,0.409,59,0.248,1.694,0.05,0.0,0.0,clear,trend pullback + LTF BOS,497.5986
2022-07-25 11:01:00+00:00,2022-07-25 14:38:00+00:00,XAUUSD,LONG,BREAKOUT,BULL,0.985,85.0,A,LONDON,1734.842,1720.19,1753.156,1753.156,1719.952,STOP,0.001,1.4652,0.2944,14.652,-1.489,-1.0162,0.0,1.075,217,0.272,1.459,0.05,0.12,0.0,clear,compression -> confirmed range break + momentum,496.1096
2022-07-27 13:36:00+00:00,2022-07-27 19:40:00+00:00,XAUUSD,SHORT,LIQUIDITY_REVERSAL,LIQUIDITY_REVERSAL,1.0,100.0,A+,OVERLAP,1718.94,1732.072,1702.526,1702.526,1732.425,STOP,0.001,1.3132,0.2647,13.132,-1.3485,-1.0269,0.581,1.022,364,0.236,1.263,0.05,0.12,0.0,clear,sweep + rejection + CHoCH + displacement,494.7612
2022-07-28 08:11:00+00:00,2022-07-28 16:11:00+00:00,XAUUSD,LONG,BREAKOUT,BULL,0.923,80.0,B,LONDON,1743.4,1731.426,1758.368,1758.368,1752.406,TIME,0.002,2.3949,0.4841,11.975,1.8011,0.752,1.096,0.618,480,0.252,1.223,0.05,0.05,0.0,clear,compression -> confirmed range break + momentum,496.5623
2022-07-29 07:11:00+00:00,2022-07-29 13:31:00+00:00,XAUUSD,LONG,BREAKOUT,STRONG_BULL,1.0,85.0,A,LONDON,1766.354,1756.161,1779.096,1779.096,1755.919,STOP,0.002,2.0387,0.4106,10.193,-2.0869,-1.0237,0.14,1.053,380,0.22,1.1,0.05,0.12,0.0,clear,compression -> confirmed range break + momentum,494.4754
2022-08-01 09:02:00+00:00,2022-08-01 11:00:00+00:00,XAUUSD,SHORT,LIQUIDITY_REVERSAL,CHOPPY,0.554,85.0,A,LONDON,1762.389,1773.9,1747.999,1747.999,1774.157,STOP,0.002,2.3023,0.4656,11.511,-2.3538,-1.0224,0.023,1.014,118,0.253,1.235,0.05,0.12,0.0,clear,sweep + rejection + CHoCH + displacement,492.1216
2022-08-03 09:42:00+00:00,2022-08-03 17:42:00+00:00,XAUUSD,SHORT,BREAKOUT,COMPRESSION,0.979,55.0,NO_TRADE,LONDON,1764.24,1773.113,1753.149,1753.149,1759.559,TIME,0.002,1.7746,0.3606,8.873,0.9363,0.5276,1.132,0.949,480,0.228,1.3,0.05,0.05,0.0,clear,compression -> confirmed range break + momentum,493.0579
2022-08-04 09:57:00+00:00,2022-08-04 13:05:00+00:00,XAUUSD,LONG,BREAKOUT,BULL,0.556,70.0,NO_TRADE,LONDON,1776.86,1767.695,1788.317,1788.317,1788.195,TP2,0.002,1.8331,0.3718,9.165,2.267,1.2367,1.267,0.113,188,0.206,0.976,0.05,0.0,0.0,clear,compression -> confirmed range break + momentum,495.3248
2022-08-12 13:13:00+00:00,2022-08-12 18:00:00+00:00,XAUUSD,LONG,LIQUIDITY_REVERSAL,CHOPPY,0.554,85.0,A,OVERLAP,1788.92,1775.863,1805.242,1805.242,1797.128,SESSION_END,0.001,1.3058,0.2636,13.058,0.8207,0.6285,0.745,0.063,287,0.252,1.338,0.05,0.05,0.0,clear,sweep + rejection + CHoCH + displacement,496.1456
2022-08-16 14:35:00+00:00,2022-08-16 21:00:00+00:00,XAUUSD,LONG,LIQUIDITY_REVERSAL,CHOPPY,0.577,85.0,A,OVERLAP,1777.262,1766.24,1791.039,1791.039,1774.869,SESSION_END,0.002,2.2043,0.4443,11.021,-0.4785,-0.2171,0.115,0.413,385,0.308,1.891,0.05,0.05,0.0,clear,sweep + rejection + CHoCH + displacement,495.6671
2022-08-19 12:46:00+00:00,2022-08-19 18:00:00+00:00,XAUUSD,LONG,LIQUIDITY_REVERSAL,LIQUIDITY_REVERSAL,0.7,75.0,B,OVERLAP,1752.852,1743.031,1765.129,1765.129,1749.694,SESSION_END,0.002,1.9642,0.3963,9.821,-0.6316,-0.3216,0.524,0.74,314,0.227,1.125,0.05,0.05,0.0,clear,sweep + rejection + CHoCH + displacement,495.0354
2022-08-23 13:43:00+00:00,2022-08-23 21:00:00+00:00,XAUUSD,LONG,LIQUIDITY_REVERSAL,LIQUIDITY_REVERSAL,0.7,75.0,B,OVERLAP,1736.368,1718.519,1758.679,1758.679,1746.577,SESSION_END,0.001,1.7849,0.3606,17.849,1.021,0.572,0.986,0.052,437,0.28,1.612,0.05,0.05,0.0,clear,sweep + rejection + CHoCH + displacement,496.0564
2022-08-24 10:43:00+00:00,2022-08-24 18:43:00+00:00,XAUUSD,SHORT,LIQUIDITY_REVERSAL,LIQUIDITY_REVERSAL,0.8,75.0,B,LONDON,1750.142,1760.602,1737.069,1737.069,1749.184,TIME,0.002,2.0918,0.4217,10.459,0.1918,0.0917,0.745,0.541,480,0.243,1.007,0.05,0.05,0.0,clear,sweep + rejection + CHoCH + displacement,496.2482
2022-08-26 07:53:00+00:00,2022-08-26 15:02:00+00:00,XAUUSD,SHORT,LIQUIDITY_REVERSAL,CHOPPY,0.597,75.0,B,LONDON,1755.525,1765.121,1743.529,1743.529,1743.696,TP2,0.002,1.9193,0.3868,9.596,2.3658,1.2326,1.419,0.053,429,0.227,0.796,0.05,0.0,0.0,clear,sweep + rejection + CHoCH + displacement,498.614
2022-09-01 15:25:00+00:00,2022-09-01 21:00:00+00:00,XAUUSD,LONG,LIQUIDITY_REVERSAL,BEAR,0.845,70.0,NO_TRADE,OVERLAP,1695.162,1680.854,1713.048,1713.048,1693.902,SESSION_END,0.001,1.4309,0.287,14.309,-0.126,-0.0881,0.309,0.454,335,0.357,2.533,0.05,0.05,0.0,clear,sweep + rejection + CHoCH + displacement,498.488
2022-09-02 13:36:00+00:00,2022-09-02 18:00:00+00:00,XAUUSD,LONG,LIQUIDITY_REVERSAL,LIQUIDITY_REVERSAL,0.7,85.0,A,OVERLAP,1708.654,1694.189,1726.736,1726.736,1713.544,SESSION_END,0.001,1.4465,0.2902,14.465,0.489,0.3381,0.638,0.311,264,0.292,1.61,0.05,0.05,0.0,clear,sweep + rejection + CHoCH + displacement,498.977
2022-09-07 14:41:00+00:00,2022-09-07 18:22:00+00:00,XAUUSD,LONG,LIQUIDITY_REVERSAL,LIQUIDITY_REVERSAL,1.0,85.0,A,OVERLAP,1700.748,1688.457,1716.113,1716.113,1715.984,TP2,0.002,2.4583,0.4927,12.292,3.0471,1.2395,1.253,0.03,221,0.251,1.565,0.05,0.0,0.0,clear,sweep + rejection + CHoCH + displacement,502.0241
2022-09-13 11:26:00+00:00,2022-09-13 13:36:00+00:00,XAUUSD,SHORT,LIQUIDITY_REVERSAL,LIQUIDITY_REVERSAL,1.0,85.0,A,LONDON,1724.21,1735.014,1710.705,1710.705,1710.888,TP2,0.002,2.1608,0.4304,10.804,2.6645,1.2331,1.459,0.694,130,0.215,0.99,0.05,0.0,0.0,clear,sweep + rejection + CHoCH + displacement,504.6886
2022-09-15 13:35:00+00:00,2022-09-15 15:52:00+00:00,XAUUSD,SHORT,TREND_CONTINUATION,STRONG_BEAR,1.0,100.0,A+,OVERLAP,1683.959,1696.543,1668.23,1668.23,1668.41,TP2,0.002,2.5168,0.4987,12.584,3.1098,1.2356,1.299,0.659,137,0.29,1.823,0.05,0.0,0.0,clear,trend pullback + LTF BOS,507.7985
2022-09-20 07:31:00+00:00,2022-09-20 14:35:00+00:00,XAUUSD,LONG,LIQUIDITY_REVERSAL,LIQUIDITY_REVERSAL,1.0,75.0,B,LONDON,1673.802,1662.264,1688.224,1688.224,1662.016,STOP,0.002,2.3075,0.4544,11.538,-2.3572,-1.0215,0.172,1.015,424,0.228,0.992,0.05,0.12,0.0,clear,sweep + rejection + CHoCH + displacement,505.4413
2022-09-27 14:56:00+00:00,2022-09-27 21:00:00+00:00,XAUUSD,LONG,LIQUIDITY_REVERSAL,LIQUIDITY_REVERSAL,0.8,85.0,A,OVERLAP,1639.067,1624.053,1657.835,1657.835,1627.366,SESSION_END,0.001,1.5014,0.297,15.014,-1.1701,-0.7794,0.011,0.831,364,0.259,2.198,0.05,0.05,0.0,clear,sweep + rejection + CHoCH + displacement,504.2711
2022-09-28 08:16:00+00:00,2022-09-28 13:20:00+00:00,XAUUSD,SHORT,BREAKOUT,STRONG_BEAR,0.956,85.0,A,LONDON,1617.82,1634.423,1597.066,1597.066,1634.695,STOP,0.001,1.6603,0.3293,16.603,-1.6875,-1.0164,0.187,1.084,304,0.26,1.562,0.05,0.12,0.0,clear,compression -> confirmed range break + momentum,502.5836
2022-09-29 15:13:00+00:00,2022-09-29 21:00:00+00:00,XAUUSD,LONG,TREND_CONTINUATION,BULL,0.88,100.0,A+,OVERLAP,1654.809,1639.734,1673.653,1673.653,1660.136,SESSION_END,0.001,1.5075,0.2999,15.075,0.5326,0.3533,0.659,0.686,347,0.282,2.557,0.05,0.05,0.0,clear,trend pullback + LTF BOS,503.1163
2022-09-30 07:22:00+00:00,2022-09-30 15:22:00+00:00,XAUUSD,SHORT,LIQUIDITY_REVERSAL,LIQUIDITY_REVERSAL,0.7,80.0,B,LONDON,1664.877,1676.668,1650.138,1650.138,1671.504,TIME,0.002,2.3581,0.4687,11.791,-1.3254,-0.5621,0.251,0.786,480,0.217,1.178,0.05,0.05,0.0,clear,sweep + rejection + CHoCH + displacement,501.7908
2022-10-04 14:22:00+00:00,2022-10-04 16:16:00+00:00,XAUUSD,SHORT,LIQUIDITY_REVERSAL,BULL,0.962,75.0,B,OVERLAP,1708.791,1725.13,1688.367,1688.367,1725.427,STOP,0.001,1.6339,0.3256,16.339,-1.6636,-1.0182,0.157,1.008,114,0.247,2.018,0.05,0.12,0.0,clear,sweep + rejection + CHoCH + displacement,500.1272
2022-10-05 07:41:00+00:00,2022-10-05 08:53:00+00:00,XAUUSD,LONG,BREAKOUT,BULL,0.88,85.0,A,LONDON,1725.335,1715.859,1737.179,1737.179,1715.6,STOP,0.002,1.8951,0.3789,9.476,-1.9469,-1.0273,0.246,1.002,72,0.233,1.332,0.05,0.12,0.0,clear,compression -> confirmed range break + momentum,498.1804
2022-10-07 07:22:00+00:00,2022-10-07 13:46:00+00:00,XAUUSD,SHORT,LIQUIDITY_REVERSAL,CHOPPY,0.629,85.0,A,LONDON,1711.226,1720.008,1700.248,1700.248,1700.427,TP2,0.002,1.7564,0.3526,8.782,2.1598,1.2296,1.564,0.398,384,0.218,1.086,0.05,0.0,0.0,clear,sweep + rejection + CHoCH + displacement,500.3402
2022-10-07 14:34:00+00:00,2022-10-07 18:00:00+00:00,XAUUSD,LONG,LIQUIDITY_REVERSAL,BEAR,0.79,70.0,NO_TRADE,OVERLAP,1702.2,1681.427,1728.167,1728.167,1699.213,SESSION_END,0.001,2.0773,0.4152,20.773,-0.2987,-0.1438,0.237,0.405,206,0.412,3.479,0.05,0.05,0.0,clear,sweep + rejection + CHoCH + displacement,500.0415
2022-10-10 08:46:00+00:00,2022-10-10 16:46:00+00:00,XAUUSD,SHORT,TREND_CONTINUATION,STRONG_BEAR,0.97,100.0,A+,LONDON,1683.776,1699.008,1664.735,1664.735,1666.723,TIME,0.001,1.5232,0.3046,15.232,1.7052,1.1195,1.201,0.098,480,0.265,1.562,0.05,0.05,0.0,clear,trend pullback + LTF BOS,501.7467
2022-10-13 12:33:00+00:00,2022-10-13 13:30:00+00:00,XAUUSD,LONG,LIQUIDITY_REVERSAL,LIQUIDITY_REVERSAL,0.8,75.0,B,OVERLAP,1677.453,1664.553,1693.579,1693.579,1664.312,STOP,0.001,1.29,0.2571,12.9,-1.3141,-1.0187,0.379,1.997,57,0.191,1.073,0.05,0.12,0.0,clear,sweep + rejection + CHoCH + displacement,500.4326
2022-10-14 12:56:00+00:00,2022-10-14 18:00:00+00:00,XAUUSD,SHORT,LIQUIDITY_REVERSAL,LIQUIDITY_REVERSAL,0.8,100.0,A+,OVERLAP,1654.904,1671.885,1633.679,1633.679,1644.155,SESSION_END,0.001,1.698,0.3393,16.98,1.0749,0.633,0.803,0.527,304,0.268,1.822,0.05,0.05,0.0,clear,sweep + rejection + CHoCH + displacement,501.5074
2022-10-20 15:06:00+00:00,2022-10-20 21:00:00+00:00,XAUUSD,LONG,LIQUIDITY_REVERSAL,LIQUIDITY_REVERSAL,1.0,85.0,A,OVERLAP,1636.476,1618.507,1658.937,1658.937,1626.261,SESSION_END,0.001,1.7969,0.3583,17.969,-1.0214,-0.5684,0.499,0.663,354,0.258,1.869,0.05,0.05,0.0,clear,sweep + rejection + CHoCH + displacement,500.486
2022-10-21 08:15:00+00:00,2022-10-21 13:58:00+00:00,XAUUSD,SHORT,BREAKOUT,STRONG_BEAR,0.925,85.0,A,LONDON,1617.842,1628.49,1604.532,1604.532,1628.744,STOP,0.002,2.1296,0.4255,10.648,-2.1805,-1.0239,0.0,1.456,343,0.25,1.33,0.05,0.12,0.0,clear,compression -> confirmed range break + momentum,498.3055
2022-10-25 15:26:00+00:00,2022-10-25 21:00:00+00:00,XAUUSD,SHORT,LIQUIDITY_REVERSAL,LIQUIDITY_REVERSAL,0.8,75.0,B,OVERLAP,1655.516,1676.915,1628.767,1628.767,1653.762,SESSION_END,0.001,2.1399,0.4294,21.399,0.1754,0.0819,0.169,0.125,334,0.342,2.6,0.05,0.05,0.0,clear,sweep + rejection + CHoCH + displacement,498.4809
2022-10-27 13:30:00+00:00,2022-10-27 21:00:00+00:00,XAUUSD,SHORT,LIQUIDITY_REVERSAL,CHOPPY,0.596,85.0,A,OVERLAP,1660.478,1672.864,1644.997,1644.997,1662.722,SESSION_END,0.002,2.4771,0.4969,12.385,-0.4488,-0.1812,0.378,0.413,450,0.293,2.027,0.05,0.05,0.0,clear,sweep + rejection + CHoCH + displacement,498.0321
2022-11-02 12:06:00+00:00,2022-11-02 14:54:00+00:00,XAUUSD,LONG,BREAKOUT,STRONG_BULL,0.922,85.0,A,OVERLAP,1657.838,1648.279,1669.787,1669.787,1648.039,STOP,0.002,1.9118,0.3839,9.559,-1.9598,-1.0251,0.096,1.01,168,0.221,1.168,0.05,0.12,0.0,clear,compression -> confirmed range break + momentum,496.0723
2022-11-09 20:06:00+00:00,2022-11-09 21:00:00+00:00,XAUUSD,LONG,LIQUIDITY_REVERSAL,LIQUIDITY_REVERSAL,0.8,90.0,A+,NEWYORK,1706.136,1693.011,1722.542,1722.542,1704.524,SESSION_END,0.001,1.3125,0.2646,13.125,-0.1612,-0.1228,0.088,0.144,54,0.276,1.489,0.05,0.05,0.0,clear,sweep + rejection + CHoCH + displacement,495.9111
2022-11-15 18:32:00+00:00,2022-11-15 18:37:00+00:00,XAUUSD,SHORT,LIQUIDITY_REVERSAL,LIQUIDITY_REVERSAL,1.0,75.0,B,NEWYORK,1770.248,1782.764,1754.604,1754.604,1783.062,STOP,0.001,1.2515,0.2524,12.515,-1.2814,-1.0239,0.0,1.013,5,0.298,1.834,0.05,0.12,0.0,clear,sweep + rejection + CHoCH + displacement,494.6297
2022-11-16 12:46:00+00:00,2022-11-16 20:46:00+00:00,XAUUSD,SHORT,LIQUIDITY_REVERSAL,LIQUIDITY_REVERSAL,1.0,75.0,B,OVERLAP,1780.279,1788.755,1769.685,1769.685,1774.542,TIME,0.002,1.6951,0.3427,8.476,1.1474,0.6769,1.122,0.137,480,0.196,1.288,0.05,0.05,0.0,clear,sweep + rejection + CHoCH + displacement,495.7771
2022-11-21 07:46:00+00:00,2022-11-21 15:46:00+00:00,XAUUSD,SHORT,BREAKOUT,BEAR,0.918,100.0,A+,LONDON,1742.217,1752.744,1729.058,1729.058,1737.958,TIME,0.002,2.1054,0.4247,10.527,0.8517,0.4046,0.615,0.44,480,0.262,1.159,0.05,0.05,0.0,clear,compression -> confirmed range break + momentum,496.6289
2022-11-22 14:41:00+00:00,2022-11-22 21:00:00+00:00,XAUUSD,LONG,LIQUIDITY_REVERSAL,LIQUIDITY_REVERSAL,0.7,85.0,A,OVERLAP,1745.31,1733.333,1760.281,1760.281,1738.92,SESSION_END,0.002,2.3954,0.4823,11.977,-1.278,-0.5335,0.106,0.705,379,0.244,1.376,0.05,0.05,0.0,clear,sweep + rejection + CHoCH + displacement,495.3509
2022-11-30 13:22:00+00:00,2022-11-30 15:06:00+00:00,XAUUSD,LONG,TREND_CONTINUATION,BULL,0.575,90.0,A+,OVERLAP,1762.667,1751.573,1776.535,1776.535,1751.267,STOP,0.002,2.2188,0.4479,11.094,-2.28,-1.0276,0.169,1.023,104,0.239,1.362,0.05,0.12,0.0,clear,trend pullback + LTF BOS,493.0709
2022-11-30 18:33:00+00:00,2022-11-30 19:50:00+00:00,XAUUSD,SHORT,LIQUIDITY_REVERSAL,LIQUIDITY_REVERSAL,0.7,75.0,B,NEWYORK,1751.123,1767.33,1730.864,1730.864,1767.677,STOP,0.001,1.6207,0.3287,16.207,-1.6554,-1.0214,0.0,1.06,77,0.31,1.537,0.05,0.12,0.0,clear,sweep + rejection + CHoCH + displacement,491.4154
2022-12-01 13:31:00+00:00,2022-12-01 14:29:00+00:00,XAUUSD,LONG,BREAKOUT,BULL,0.974,85.0,A,OVERLAP,1788.248,1779.292,1799.443,1799.443,1799.288,TP2,0.002,1.7912,0.3645,8.956,2.208,1.2327,1.256,0.265,58,0.222,1.314,0.05,0.0,0.0,clear,compression -> confirmed range break + momentum,493.6234
2022-12-01 14:51:00+00:00,2022-12-01 21:00:00+00:00,XAUUSD,LONG,BREAKOUT,STRONG_BULL,1.0,85.0,A,OVERLAP,1801.66,1785.823,1821.455,1821.455,1802.495,SESSION_END,0.001,1.5836,0.3208,15.836,0.0835,0.0527,0.148,0.483,369,0.326,2.339,0.05,0.05,0.0,clear,compression -> confirmed range break + momentum,493.7069
2022-12-07 12:38:00+00:00,2022-12-07 14:36:00+00:00,XAUUSD,LONG,LIQUIDITY_REVERSAL,CHOPPY,0.704,85.0,A,OVERLAP,1773.133,1765.269,1782.962,1782.962,1782.821,TP2,0.003,2.3591,0.4778,7.864,2.9066,1.2321,1.265,0.037,118,0.189,0.971,0.05,0.0,0.0,clear,sweep + rejection + CHoCH + displacement,496.6135
2022-12-12 14:51:00+00:00,2022-12-12 21:00:00+00:00,XAUUSD,LONG,LIQUIDITY_REVERSAL,LIQUIDITY_REVERSAL,0.7,100.0,A+,OVERLAP,1789.479,1775.285,1807.223,1807.223,1779.275,SESSION_END,0.001,1.4195,0.2858,14.195,-1.0205,-0.7189,0.039,0.85,369,0.303,1.778,0.05,0.05,0.0,clear,sweep + rejection + CHoCH + displacement,495.593
2022-12-14 08:19:00+00:00,2022-12-14 16:19:00+00:00,XAUUSD,LONG,LIQUIDITY_REVERSAL,LIQUIDITY_REVERSAL,0.7,100.0,A+,LONDON,1809.933,1798.792,1823.861,1823.861,1811.225,TIME,0.002,2.2284,0.4496,11.142,0.2582,0.1159,0.271,0.517,480,0.271,1.15,0.05,0.05,0.0,clear,sweep + rejection + CHoCH + displacement,495.8513
2022-12-16 07:22:00+00:00,2022-12-16 14:57:00+00:00,XAUUSD,SHORT,LIQUIDITY_REVERSAL,LIQUIDITY_REVERSAL,1.0,85.0,A,LONDON,1781.318,1792.461,1767.389,1767.389,1792.717,STOP,0.002,2.2286,0.4495,11.143,-2.2798,-1.023,0.638,1.104,455,0.201,0.941,0.05,0.12,0.0,clear,sweep + rejection + CHoCH + displacement,493.5715
2022-12-21 07:32:00+00:00,2022-12-21 15:32:00+00:00,XAUUSD,LONG,LIQUIDITY_REVERSAL,LIQUIDITY_REVERSAL,1.0,90.0,A+,LONDON,1815.5,1804.008,1829.864,1829.864,1820.491,TIME,0.002,2.2983,0.4656,11.491,0.9983,0.4344,0.452,0.33,480,0.23,1.044,0.05,0.05,0.0,clear,sweep + rejection + CHoCH + displacement,494.5697
2022-12-23 13:39:00+00:00,2022-12-23 18:00:00+00:00,XAUUSD,SHORT,LIQUIDITY_REVERSAL,LIQUIDITY_REVERSAL,1.0,100.0,A+,OVERLAP,1796.871,1806.769,1784.498,1784.498,1797.126,SESSION_END,0.002,1.9797,0.4003,9.898,-0.051,-0.0258,0.587,0.629,261,0.249,1.287,0.05,0.05,0.0,clear,sweep + rejection + CHoCH + displacement,494.5188
2022-12-28 13:22:00+00:00,2022-12-28 21:00:00+00:00,XAUUSD,LONG,LIQUIDITY_REVERSAL,LIQUIDITY_REVERSAL,0.8,100.0,A+,OVERLAP,1806.973,1796.861,1819.614,1819.614,1803.775,SESSION_END,0.002,2.0225,0.409,10.113,-0.6397,-0.3163,0.235,0.996,458,0.216,1.027,0.05,0.05,0.0,clear,sweep + rejection + CHoCH + displacement,493.879
2022-12-30 13:28:00+00:00,2022-12-30 18:00:00+00:00,XAUUSD,SHORT,LIQUIDITY_REVERSAL,LIQUIDITY_REVERSAL,1.0,85.0,A,OVERLAP,1816.479,1828.827,1801.043,1801.043,1823.908,SESSION_END,0.001,1.2349,0.25,12.349,-0.7429,-0.6016,0.188,0.694,272,0.216,1.054,0.05,0.05,0.0,clear,sweep + rejection + CHoCH + displacement,493.1361
2023-01-04 08:08:00+00:00,2023-01-04 15:13:00+00:00,XAUUSD,LONG,BREAKOUT,STRONG_BULL,0.989,70.0,NO_TRADE,LONDON,1859.889,1849.855,1872.431,1872.431,1849.591,STOP,0.002,2.0067,0.4013,10.034,-2.0595,-1.0263,0.513,1.044,425,0.261,1.765,0.05,0.12,0.0,clear,compression -> confirmed range break + momentum,497.9405
2023-01-05 18:25:00+00:00,2023-01-05 21:00:00+00:00,XAUUSD,LONG,LIQUIDITY_REVERSAL,LIQUIDITY_REVERSAL,0.8,85.0,A,NEWYORK,1837.068,1821.423,1856.623,1856.623,1833.049,SESSION_END,0.001,1.5645,0.3142,15.645,-0.4018,-0.2569,0.016,0.338,155,0.265,1.599,0.05,0.05,0.0,clear,sweep + rejection + CHoCH + displacement,497.5386
2023-01-06 13:34:00+00:00,2023-01-06 15:07:00+00:00,XAUUSD,LONG,LIQUIDITY_REVERSAL,CHOPPY,0.617,85.0,A,OVERLAP,1839.109,1824.51,1857.358,1857.358,1857.138,TP2,0.001,1.4599,0.2934,14.599,1.8029,1.235,1.305,0.13,93,0.223,1.366,0.05,0.0,0.0,clear,sweep + rejection + CHoCH + displacement,499.3415
2023-01-12 20:06:00+00:00,2023-01-12 21:00:00+00:00,XAUUSD,SHORT,LIQUIDITY_REVERSAL,CHOPPY,0.578,85.0,A,NEWYORK,1894.927,1906.537,1880.415,1880.415,1899.284,SESSION_END,0.002,2.322,0.465,11.61,-0.8714,-0.3753,0.069,0.325,54,0.296,1.391,0.05,0.05,0.0,clear,sweep + rejection + CHoCH + displacement,498.4701
2023-01-17 12:43:00+00:00,2023-01-17 20:43:00+00:00,XAUUSD,SHORT,LIQUIDITY_REVERSAL,LIQUIDITY_REVERSAL,0.8,75.0,B,OVERLAP,1910.104,1921.733,1895.568,1895.568,1908.759,TIME,0.002,2.3258,0.4666,11.629,0.2691,0.1157,0.553,0.554,480,0.208,1.192,0.05,0.05,0.0,clear,sweep + rejection + CHoCH + displacement,498.7392
2023-01-23 11:02:00+00:00,2023-01-23 20:02:00+00:00,XAUUSD,SHORT,LIQUIDITY_REVERSAL,LIQUIDITY_REVERSAL,0.8,85.0,A,LONDON,1924.834,1935.778,1911.155,1911.155,1926.694,TIME,0.002,2.1887,0.4388,10.943,-0.372,-0.17,1.241,0.425,480,0.242,1.258,0.05,0.05,0.0,clear,sweep + rejection + CHoCH + displacement,498.3672
2023-01-24 11:07:00+00:00,2023-01-24 14:57:00+00:00,XAUUSD,SHORT,LIQUIDITY_REVERSAL,LIQUIDITY_REVERSAL,0.7,85.0,A,LONDON,1935.493,1944.943,1923.681,1923.681,1923.826,TP2,0.002,1.89,0.3792,9.45,2.3335,1.2347,1.373,0.4,230,0.229,1.112,0.05,0.0,0.0,clear,sweep + rejection + CHoCH + displacement,500.7007
2023-01-26 13:36:00+00:00,2023-01-26 21:00:00+00:00,XAUUSD,SHORT,LIQUIDITY_REVERSAL,LIQUIDITY_REVERSAL,1.0,85.0,A,OVERLAP,1933.686,1947.418,1916.521,1916.521,1929.802,SESSION_END,0.001,1.3732,0.2743,13.732,0.3884,0.2828,1.097,0.628,444,0.238,1.649,0.05,0.05,0.0,clear,sweep + rejection + CHoCH + displacement,501.0891
2023-01-27 14:01:00+00:00,2023-01-27 18:00:00+00:00,XAUUSD,SHORT,LIQUIDITY_REVERSAL,LIQUIDITY_REVERSAL,1.0,90.0,A+,OVERLAP,1929.709,1946.322,1908.944,1908.944,1929.345,SESSION_END,0.001,1.6612,0.3315,16.612,0.0364,0.0219,0.794,0.144,239,0.271,1.757,0.05,0.05,0.0,clear,sweep + rejection + CHoCH + displacement,501.1256
2023-02-02 07:06:00+00:00,2023-02-02 13:56:00+00:00,XAUUSD,LONG,LIQUIDITY_REVERSAL,LIQUIDITY_REVERSAL,1.0,100.0,A+,LONDON,1954.858,1944.021,1968.404,1968.404,1943.766,STOP,0.002,2.1674,0.4325,10.837,-2.2184,-1.0235,0.44,1.072,410,0.22,1.063,0.05,0.12,0.0,clear,sweep + rejection + CHoCH + displacement,498.9072
2023-02-03 11:26:00+00:00,2023-02-03 13:30:00+00:00,XAUUSD,LONG,LIQUIDITY_REVERSAL,LIQUIDITY_REVERSAL,0.7,85.0,A,LONDON,1912.277,1902.389,1924.636,1924.636,1902.164,STOP,0.002,1.9775,0.3964,9.887,-2.0225,-1.0227,0.476,1.521,124,0.223,1.288,0.05,0.12,0.0,clear,sweep + rejection + CHoCH + displacement,496.8847
2023-02-06 08:07:00+00:00,2023-02-06 15:47:00+00:00,XAUUSD,LONG,LIQUIDITY_REVERSAL,LIQUIDITY_REVERSAL,1.0,80.0,B,LONDON,1878.292,1865.271,1894.569,1894.569,1865.02,STOP,0.001,1.3021,0.2621,13.021,-1.3272,-1.0192,0.223,1.021,460,0.234,1.391,0.05,0.12,0.0,clear,sweep + rejection + CHoCH + displacement,495.5576
2023-02-07 12:11:00+00:00,2023-02-07 20:11:00+00:00,XAUUSD,LONG,LIQUIDITY_REVERSAL,LIQUIDITY_REVERSAL,1.0,85.0,A,OVERLAP,1870.676,1855.444,1889.716,1889.716,1868.758,TIME,0.001,1.5232,0.3074,15.232,-0.1918,-0.1259,0.898,0.379,480,0.241,1.694,0.05,0.05,0.0,clear,sweep + rejection + CHoCH + displacement,495.3658
2023-02-08 08:10:00+00:00,2023-02-08 16:10:00+00:00,XAUUSD,SHORT,LIQUIDITY_REVERSAL,LIQUIDITY_REVERSAL,0.7,90.0,A+,LONDON,1880.29,1899.318,1856.505,1856.505,1875.414,TIME,0.001,1.9028,0.3841,19.028,0.4876,0.2563,0.599,0.3,480,0.29,1.771,0.05,0.05,0.0,clear,sweep + rejection + CHoCH + displacement,495.8534
2023-02-09 14:36:00+00:00,2023-02-09 21:00:00+00:00,XAUUSD,SHORT,LIQUIDITY_REVERSAL,LIQUIDITY_REVERSAL,1.0,85.0,A,OVERLAP,1881.457,1903.568,1853.818,1853.818,1861.257,SESSION_END,0.001,2.2111,0.4459,22.111,2.02,0.9136,1.022,0.089,384,0.256,1.857,0.05,0.05,0.0,clear,sweep + rejection + CHoCH + displacement,497.8734
2023-02-13 14:43:00+00:00,2023-02-13 21:00:00+00:00,XAUUSD,LONG,LIQUIDITY_REVERSAL,LIQUIDITY_REVERSAL,0.7,85.0,A,OVERLAP,1858.754,1840.683,1881.342,1881.342,1853.645,SESSION_END,0.001,1.807,0.363,18.07,-0.5108,-0.2827,0.021,0.466,377,0.257,1.814,0.05,0.05,0.0,clear,sweep + rejection + CHoCH + displacement,497.3626
2023-02-15 13:36:00+00:00,2023-02-15 21:00:00+00:00,XAUUSD,SHORT,TREND_CONTINUATION,STRONG_BEAR,0.939,85.0,A,OVERLAP,1833.27,1844.083,1819.754,1819.754,1837.659,SESSION_END,0.002,2.1625,0.4348,10.813,-0.8777,-0.4059,0.259,0.511,444,0.23,1.597,0.05,0.05,0.0,clear,trend pullback + LTF BOS,496.4849
2023-02-24 07:26:00+00:00,2023-02-24 14:44:00+00:00,XAUUSD,SHORT,BREAKOUT,COMPRESSION,0.968,80.0,B,LONDON,1822.834,1833.512,1809.486,1809.486,1809.633,TP2,0.002,2.1356,0.4301,10.678,2.6401,1.2362,1.254,0.249,318,0.223,1.089,0.05,0.0,0.0,clear,compression -> confirmed range break + momentum,499.1249
2023-02-27 09:01:00+00:00,2023-02-27 23:00:00+00:00,XAUUSD,SHORT,LIQUIDITY_REVERSAL,LIQUIDITY_REVERSAL,0.8,100.0,A+,LONDON,1809.417,1822.614,1792.922,1792.922,1816.929,SESSION_END,0.001,1.3197,0.2644,13.197,-0.7511,-0.5692,0.091,0.806,419,0.235,1.172,0.05,0.05,0.0,clear,sweep + rejection + CHoCH + displacement,498.3738
2023-02-28 13:51:00+00:00,2023-02-28 17:30:00+00:00,XAUUSD,LONG,LIQUIDITY_REVERSAL,LIQUIDITY_REVERSAL,1.0,85.0,A,OVERLAP,1811.852,1796.917,1830.522,1830.522,1830.33,TP2,0.001,1.4935,0.2997,14.935,1.8478,1.2372,1.257,0.003,99,0.234,1.303,0.05,0.0,0.0,clear,sweep + rejection + CHoCH + displacement,500.2216
2023-03-13 07:36:00+00:00,2023-03-13 13:00:00+00:00,XAUUSD,LONG,LIQUIDITY_REVERSAL,LIQUIDITY_REVERSAL,1.0,100.0,A+,LONDON,1876.77,1860.261,1897.407,1897.407,1897.277,TP2,0.001,1.6509,0.33,16.509,2.0507,1.2421,1.381,0.157,204,0.25,1.686,0.05,0.0,0.0,clear,sweep + rejection + CHoCH + displacement,502.2723
2023-03-17 11:26:00+00:00,2023-03-17 15:00:00+00:00,XAUUSD,LONG,BREAKOUT,STRONG_BULL,0.912,85.0,A,LONDON,1936.446,1921.715,1954.859,1954.859,1954.721,TP2,0.001,1.4731,0.2933,14.731,1.8276,1.2406,1.835,0.181,94,0.215,1.459,0.05,0.0,0.0,clear,compression -> confirmed range break + momentum,504.0998
2023-03-27 07:00:00+00:00,2023-03-27 10:32:00+00:00,XAUUSD,SHORT,BREAKOUT,COMPRESSION,0.905,50.0,NO_TRADE,LONDON,1969.848,1977.375,1960.439,1960.439,1960.553,TP2,0.003,2.2582,0.448,7.527,2.7886,1.2349,1.325,0.357,212,0.174,1.105,0.05,0.0,0.0,clear,compression -> confirmed range break + momentum,506.8885
2023-04-04 07:38:00+00:00,2023-04-04 14:44:00+00:00,XAUUSD,LONG,LIQUIDITY_REVERSAL,LIQUIDITY_REVERSAL,0.7,85.0,A,LONDON,1979.893,1970.109,1992.123,1992.123,1992.012,TP2,0.002,1.9568,0.386,9.784,2.4239,1.2387,1.3,0.151,306,0.196,1.141,0.05,0.0,0.0,clear,sweep + rejection + CHoCH + displacement,509.3124
2023-04-05 08:33:00+00:00,2023-04-05 15:32:00+00:00,XAUUSD,LONG,BREAKOUT,STRONG_BULL,1.0,85.0,A,LONDON,2027.992,2015.782,2043.255,2043.255,2015.466,STOP,0.002,2.4421,0.4795,12.21,-2.5053,-1.0259,0.321,1.027,299,0.228,1.247,0.05,0.12,0.0,clear,compression -> confirmed range break + momentum,506.8071
2023-04-14 13:36:00+00:00,2023-04-14 15:05:00+00:00,XAUUSD,LONG,LIQUIDITY_REVERSAL,LIQUIDITY_REVERSAL,0.7,80.0,B,OVERLAP,2032.843,2016.871,2052.807,2052.807,2016.508,STOP,0.001,1.5971,0.3151,15.971,-1.6335,-1.0228,0.145,1.057,29,0.335,2.508,0.05,0.12,0.0,clear,sweep + rejection + CHoCH + displacement,505.1736
2023-04-19 09:11:00+00:00,2023-04-19 21:00:00+00:00,XAUUSD,SHORT,BREAKOUT,BEAR,0.968,85.0,A,LONDON,1986.213,2002.2,1966.229,1966.229,1995.176,SESSION_END,0.001,1.5987,0.3165,15.987,-0.8963,-0.5606,0.939,0.653,409,0.345,2.206,0.05,0.05,0.0,clear,compression -> confirmed range break + momentum,504.2773
2023-04-26 10:26:00+00:00,2023-04-26 17:01:00+00:00,XAUUSD,LONG,BREAKOUT,COMPRESSION,1.0,100.0,A+,LONDON,1999.809,1990.933,2010.903,2010.903,1990.624,STOP,0.002,1.7751,0.352,8.876,-1.837,-1.0348,1.059,1.149,215,0.221,1.328,0.05,0.12,0.0,clear,compression -> confirmed range break + momentum,502.4403
2023-04-27 07:22:00+00:00,2023-04-27 14:00:00+00:00,XAUUSD,LONG,LIQUIDITY_REVERSAL,BULL,0.856,100.0,A+,LONDON,2000.193,1990.486,2012.328,2012.328,1985.527,STOP,0.002,1.9416,0.3864,9.708,-2.9332,-1.5108,0.298,1.516,278,0.217,1.309,0.05,4.861599922180176,0.0,clear,sweep + rejection + CHoCH + displacement,499.5071
2023-05-08 12:51:00+00:00,2023-05-08 23:00:00+00:00,XAUUSD,SHORT,LIQUIDITY_REVERSAL,LIQUIDITY_REVERSAL,1.0,95.0,A+,OVERLAP,2022.334,2031.499,2010.878,2010.878,2021.119,SESSION_END,0.002,1.833,0.367,9.165,0.243,0.1326,0.494,0.752,249,0.202,1.139,0.05,0.05,0.0,clear,sweep + rejection + CHoCH + displacement,499.75
2023-05-11 13:20:00+00:00,2023-05-12 02:29:00+00:00,XAUUSD,SHORT,LIQUIDITY_REVERSAL,LIQUIDITY_REVERSAL,0.8,75.0,B,OVERLAP,2032.733,2049.311,2012.011,2012.011,2012.181,TP2,0.001,1.6578,0.3317,16.578,2.0552,1.2397,1.29,0.512,369,0.321,2.126,0.05,0.0,0.0,clear,sweep + rejection + CHoCH + displacement,501.8053
2023-05-12 10:43:00+00:00,2023-05-12 13:43:00+00:00,XAUUSD,SHORT,BREAKOUT,STRONG_BEAR,0.924,70.0,NO_TRADE,LONDON,2003.405,2013.679,1990.563,1990.563,2013.92,STOP,0.002,2.0547,0.4095,10.274,-2.103,-1.0235,0.251,1.007,120,0.238,1.353,0.05,0.12,0.0,clear,compression -> confirmed range break + momentum,499.7023
2023-05-18 09:01:00+00:00,2023-05-18 15:29:00+00:00,XAUUSD,SHORT,BREAKOUT,BEAR,1.0,85.0,A,LONDON,1973.785,1986.572,1957.801,1957.801,1957.993,TP2,0.001,1.2787,0.2559,12.787,1.5792,1.235,1.262,0.394,208,0.28,1.371,0.05,0.0,0.0,clear,compression -> confirmed range break + momentum,501.2815
2023-05-23 07:13:00+00:00,2023-05-23 19:13:00+00:00,XAUUSD,LONG,LIQUIDITY_REVERSAL,LIQUIDITY_REVERSAL,1.0,80.0,B,LONDON,1962.76,1952.222,1975.932,1975.932,1975.284,TIME,0.002,2.1076,0.4204,10.538,2.5048,1.1885,1.209,0.823,480,0.21,1.123,0.05,0.05,0.0,clear,sweep + rejection + CHoCH + displacement,503.7863
2023-05-25 13:22:00+00:00,2023-05-25 13:36:00+00:00,XAUUSD,SHORT,LIQUIDITY_REVERSAL,LIQUIDITY_REVERSAL,1.0,100.0,A+,OVERLAP,1959.532,1970.234,1946.156,1946.156,1946.291,TP2,0.002,2.1403,0.4248,10.701,2.6482,1.2373,1.321,0.118,14,0.205,1.213,0.05,0.0,0.0,clear,sweep + rejection + CHoCH + displacement,506.4346
2023-05-29 14:43:00+00:00,2023-05-29 23:00:00+00:00,XAUUSD,SHORT,LIQUIDITY_REVERSAL,CHOPPY,0.59,85.0,A,OVERLAP,1945.616,1953.889,1935.275,1935.275,1943.637,SESSION_END,0.003,2.4819,0.4901,8.273,0.5938,0.2393,0.333,0.311,166,0.178,0.796,0.05,0.05,0.0,clear,sweep + rejection + CHoCH + displacement,507.0284
2023-05-31 19:35:00+00:00,2023-05-31 21:00:00+00:00,XAUUSD,LONG,TREND_CONTINUATION,STRONG_BULL,0.946,85.0,A,NEWYORK,1967.068,1955.978,1980.931,1980.931,1962.34,SESSION_END,0.002,2.2181,0.4375,11.091,-0.9456,-0.4263,0.0,0.388,25,0.287,1.455,0.05,0.05,0.0,clear,trend pullback + LTF BOS,506.0828
2023-06-05 13:59:00+00:00,2023-06-05 15:15:00+00:00,XAUUSD,LONG,LIQUIDITY_REVERSAL,BEAR,0.967,85.0,A,OVERLAP,1942.889,1927.796,1961.754,1961.754,1961.562,TP2,0.001,1.5092,0.2982,15.092,1.8673,1.2372,1.256,0.022,76,0.228,1.265,0.05,0.0,0.0,clear,sweep + rejection + CHoCH + displacement,507.95
2023-06-06 14:01:00+00:00,2023-06-07 04:01:00+00:00,XAUUSD,SHORT,LIQUIDITY_REVERSAL,LIQUIDITY_REVERSAL,0.8,90.0,A+,OVERLAP,1961.298,1972.111,1947.782,1947.782,1963.728,TIME,0.002,2.1625,0.4257,10.813,-0.486,-0.2248,0.651,0.498,480,0.194,1.022,0.05,0.05,0.0,clear,sweep + rejection + CHoCH + displacement,507.464
2023-06-07 09:11:00+00:00,2023-06-07 15:00:00+00:00,XAUUSD,LONG,LIQUIDITY_REVERSAL,LIQUIDITY_REVERSAL,0.8,100.0,A+,LONDON,1958.389,1949.631,1969.336,1969.336,1969.225,TP2,0.002,1.7516,0.3452,8.758,2.1673,1.2373,1.277,0.153,169,0.228,1.112,0.05,0.0,0.0,clear,sweep + rejection + CHoCH + displacement,509.6313
2023-06-09 14:26:00+00:00,2023-06-09 18:00:00+00:00,XAUUSD,SHORT,LIQUIDITY_REVERSAL,LIQUIDITY_REVERSAL,0.7,75.0,B,OVERLAP,1963.547,1974.13,1950.318,1950.318,1961.261,SESSION_END,0.002,2.1166,0.4153,10.583,0.4572,0.216,0.668,0.171,94,0.256,1.313,0.05,0.05,0.0,clear,sweep + rejection + CHoCH + displacement,510.0884
2023-06-13 07:26:00+00:00,2023-06-13 16:02:00+00:00,XAUUSD,LONG,LIQUIDITY_REVERSAL,CHOPPY,0.567,95.0,A+,LONDON,1961.025,1952.057,1972.236,1972.236,1951.688,STOP,0.002,1.7937,0.3516,8.968,-1.8674,-1.0411,0.566,1.027,336,0.223,0.907,0.05,0.12,0.0,clear,sweep + rejection + CHoCH + displacement,508.2211
2023-06-19 09:01:00+00:00,2023-06-19 23:00:00+00:00,XAUUSD,LONG,LIQUIDITY_REVERSAL,LIQUIDITY_REVERSAL,0.8,90.0,A+,LONDON,1955.687,1945.859,1967.971,1967.971,1950.481,SESSION_END,0.002,1.9655,0.3867,9.827,-1.0412,-0.5298,0.305,0.689,358,0.224,1.007,0.05,0.05,0.0,clear,sweep + rejection + CHoCH + displacement,507.1798
2023-06-21 10:28:00+00:00,2023-06-21 15:04:00+00:00,XAUUSD,LONG,LIQUIDITY_REVERSAL,LIQUIDITY_REVERSAL,0.7,85.0,A,LONDON,1935.518,1924.544,1949.235,1949.235,1924.257,STOP,0.002,2.1947,0.4327,10.973,-2.2522,-1.0262,0.021,1.036,156,0.245,1.136,0.05,0.12,0.0,clear,sweep + rejection + CHoCH + displacement,504.9276
2023-07-10 14:52:00+00:00,2023-07-10 23:00:00+00:00,XAUUSD,LONG,LIQUIDITY_REVERSAL,LIQUIDITY_REVERSAL,0.7,100.0,A+,OVERLAP,1923.862,1910.801,1940.189,1940.189,1924.883,SESSION_END,0.001,1.3061,0.2612,13.061,0.1021,0.0781,0.221,0.19,188,0.349,1.925,0.05,0.05,0.0,clear,sweep + rejection + CHoCH + displacement,500.1021
2023-07-13 12:31:00+00:00,2023-07-13 23:00:00+00:00,XAUUSD,SHORT,LIQUIDITY_REVERSAL,LIQUIDITY_REVERSAL,0.8,85.0,A,OVERLAP,1958.103,1966.026,1948.199,1948.199,1960.433,SESSION_END,0.003,2.3769,0.4753,7.923,-0.6989,-0.2941,0.439,0.419,209,0.184,0.788,0.05,0.05,0.0,clear,sweep + rejection + CHoCH + displacement,499.4031
2023-07-14 13:39:00+00:00,2023-07-14 20:00:00+00:00,XAUUSD,SHORT,LIQUIDITY_REVERSAL,LIQUIDITY_REVERSAL,0.7,85.0,A,OVERLAP,1957.409,1973.544,1937.24,1937.24,1959.234,SESSION_END,0.001,1.6135,0.3231,16.135,-0.1825,-0.1131,0.405,0.195,141,0.253,1.336,0.05,0.05,0.0,clear,sweep + rejection + CHoCH + displacement,499.2206
2023-07-20 10:16:00+00:00,2023-07-20 15:42:00+00:00,XAUUSD,SHORT,LIQUIDITY_REVERSAL,LIQUIDITY_REVERSAL,0.8,85.0,A,LONDON,1980.461,1990.665,1967.706,1967.706,1967.872,TP2,0.002,2.0408,0.4088,10.204,2.5179,1.2338,1.278,0.257,206,0.248,1.12,0.05,0.0,0.0,clear,sweep + rejection + CHoCH + displacement,501.7385
2023-07-21 15:31:00+00:00,2023-07-21 19:00:00+00:00,XAUUSD,LONG,LIQUIDITY_REVERSAL,BEAR,0.872,75.0,B,OVERLAP,1961.261,1950.586,1974.604,1974.604,1962.661,SESSION_END,0.002,2.1349,0.4255,10.675,0.2801,0.1312,0.375,0.162,89,0.271,1.465,0.05,0.05,0.0,clear,sweep + rejection + CHoCH + displacement,502.0186
2023-08-02 12:11:00+00:00,2023-08-02 15:29:00+00:00,XAUUSD,SHORT,LIQUIDITY_REVERSAL,LIQUIDITY_REVERSAL,0.7,90.0,A+,OVERLAP,1950.637,1963.271,1934.845,1934.845,1935.006,TP2,0.001,1.2634,0.2517,12.634,1.5631,1.2372,1.259,0.2,198,0.216,1.062,0.05,0.0,0.0,clear,sweep + rejection + CHoCH + displacement,503.5817
2023-08-03 08:26:00+00:00,2023-08-03 16:26:00+00:00,XAUUSD,LONG,LIQUIDITY_REVERSAL,LIQUIDITY_REVERSAL,0.7,85.0,A,LONDON,1933.911,1924.206,1946.043,1946.043,1937.033,TIME,0.002,1.941,0.3854,9.705,0.6244,0.3217,0.489,0.462,480,0.252,1.191,0.05,0.05,0.0,clear,sweep + rejection + CHoCH + displacement,504.2061
2023-08-07 14:36:00+00:00,2023-08-07 21:00:00+00:00,XAUUSD,SHORT,LIQUIDITY_REVERSAL,LIQUIDITY_REVERSAL,0.7,90.0,A+,OVERLAP,1938.477,1948.521,1925.923,1925.923,1937.022,SESSION_END,0.002,2.0086,0.3984,10.043,0.291,0.1449,0.708,0.211,384,0.276,1.327,0.05,0.05,0.0,clear,sweep + rejection + CHoCH + displacement,504.4971
2023-08-08 14:46:00+00:00,2023-08-08 21:00:00+00:00,XAUUSD,SHORT,TREND_CONTINUATION,STRONG_BEAR,0.947,80.0,B,OVERLAP,1924.837,1938.194,1908.141,1908.141,1925.347,SESSION_END,0.001,1.3357,0.2647,13.357,-0.051,-0.0382,0.098,0.533,374,0.376,2.052,0.05,0.05,0.0,clear,trend pullback + LTF BOS,504.446
2023-08-11 14:43:00+00:00,2023-08-11 18:00:00+00:00,XAUUSD,LONG,LIQUIDITY_REVERSAL,LIQUIDITY_REVERSAL,0.8,85.0,A,OVERLAP,1917.288,1902.879,1935.3,1935.3,1914.142,SESSION_END,0.001,1.4409,0.2856,14.409,-0.3146,-0.2183,0.243,0.306,197,0.386,1.808,0.05,0.05,0.0,clear,sweep + rejection + CHoCH + displacement,504.1314
2023-08-15 13:21:00+00:00,2023-08-15 15:55:00+00:00,XAUUSD,SHORT,TREND_CONTINUATION,BEAR,0.934,100.0,A+,OVERLAP,1901.255,1911.483,1888.47,1888.47,1911.799,STOP,0.002,2.0456,0.4058,10.228,-2.1089,-1.031,0.493,1.004,154,0.226,0.938,0.05,0.12,0.0,clear,trend pullback + LTF BOS,502.0225
2023-08-21 13:41:00+00:00,2023-08-21 15:32:00+00:00,XAUUSD,LONG,BREAKOUT,EXPANSION,0.839,70.0,NO_TRADE,OVERLAP,1895.908,1885.668,1908.709,1908.709,1885.387,STOP,0.002,2.0481,0.408,10.24,-2.1043,-1.0275,0.269,1.0,111,0.266,1.25,0.05,0.12,0.0,clear,compression -> confirmed range break + momentum,499.9182
2023-08-31 13:41:00+00:00,2023-08-31 21:00:00+00:00,XAUUSD,SHORT,LIQUIDITY_REVERSAL,LIQUIDITY_REVERSAL,1.0,85.0,A,OVERLAP,1944.157,1955.596,1929.859,1929.859,1940.537,SESSION_END,0.002,2.2877,0.4576,11.439,0.724,0.3165,0.463,0.185,439,0.316,1.134,0.05,0.05,0.0,clear,sweep + rejection + CHoCH + displacement,500.6422
2023-09-06 14:37:00+00:00,2023-09-06 21:00:00+00:00,XAUUSD,LONG,LIQUIDITY_REVERSAL,LIQUIDITY_REVERSAL,0.7,85.0,A,OVERLAP,1924.454,1913.765,1937.816,1937.816,1916.225,SESSION_END,0.002,2.1378,0.427,10.689,-1.6459,-0.7699,0.43,0.868,383,0.279,1.078,0.05,0.05,0.0,clear,sweep + rejection + CHoCH + displacement,498.9963
2023-09-07 14:51:00+00:00,2023-09-07 21:00:00+00:00,XAUUSD,SHORT,LIQUIDITY_REVERSAL,LIQUIDITY_REVERSAL,0.7,100.0,A+,OVERLAP,1918.294,1932.164,1900.957,1900.957,1919.563,SESSION_END,0.001,1.387,0.278,13.87,-0.1268,-0.0914,0.086,0.225,369,0.381,1.612,0.05,0.05,0.0,clear,sweep + rejection + CHoCH + displacement,498.8695
2023-09-08 14:49:00+00:00,2023-09-08 18:00:00+00:00,XAUUSD,LONG,LIQUIDITY_REVERSAL,LIQUIDITY_REVERSAL,0.7,85.0,A,OVERLAP,1924.118,1911.417,1939.995,1939.995,1919.019,SESSION_END,0.001,1.2701,0.2546,12.701,-0.51,-0.4015,0.431,0.543,191,0.327,1.29,0.05,0.05,0.0,clear,sweep + rejection + CHoCH + displacement,498.3595
2023-09-13 13:40:00+00:00,2023-09-13 21:00:00+00:00,XAUUSD,SHORT,LIQUIDITY_REVERSAL,CHOPPY,0.569,100.0,A+,OVERLAP,1908.911,1924.269,1889.713,1889.713,1908.977,SESSION_END,0.001,1.5358,0.3082,15.358,-0.0066,-0.0043,0.053,0.439,437,0.409,1.58,0.05,0.05,0.0,clear,sweep + rejection + CHoCH + displacement,498.3529
2023-09-15 15:06:00+00:00,2023-09-15 18:00:00+00:00,XAUUSD,LONG,BREAKOUT,BULL,0.903,85.0,A,OVERLAP,1927.944,1913.29,1946.261,1946.261,1925.01,SESSION_END,0.001,1.4654,0.294,14.654,-0.2934,-0.2002,0.161,0.226,170,0.398,1.727,0.05,0.05,0.0,clear,compression -> confirmed range break + momentum,498.0595
2023-09-19 13:46:00+00:00,2023-09-19 21:00:00+00:00,XAUUSD,SHORT,LIQUIDITY_REVERSAL,LIQUIDITY_REVERSAL,0.8,75.0,B,OVERLAP,1934.046,1943.995,1921.609,1921.609,1932.324,SESSION_END,0.002,1.9899,0.3995,9.95,0.3444,0.1731,0.439,0.223,434,0.265,0.853,0.05,0.05,0.0,clear,sweep + rejection + CHoCH + displacement,498.4039
2023-09-25 15:11:00+00:00,2023-09-25 21:00:00+00:00,XAUUSD,SHORT,LIQUIDITY_REVERSAL,LIQUIDITY_REVERSAL,0.7,95.0,A+,OVERLAP,1921.811,1935.566,1904.618,1904.618,1915.993,SESSION_END,0.001,1.3755,0.276,13.755,0.5817,0.4229,0.492,0.091,349,0.328,1.268,0.05,0.05,0.0,clear,sweep + rejection + CHoCH + displacement,498.9856
2023-10-03 13:36:00+00:00,2023-10-03 21:00:00+00:00,XAUUSD,SHORT,LIQUIDITY_REVERSAL,LIQUIDITY_REVERSAL,1.0,100.0,A+,OVERLAP,1824.676,1840.341,1805.095,1805.095,1824.388,SESSION_END,0.001,1.5665,0.3139,15.665,0.0288,0.0184,0.353,0.544,444,0.237,1.421,0.05,0.05,0.0,clear,sweep + rejection + CHoCH + displacement,499.0144
2023-10-04 13:22:00+00:00,2023-10-04 21:00:00+00:00,XAUUSD,SHORT,LIQUIDITY_REVERSAL,LIQUIDITY_REVERSAL,1.0,90.0,A+,OVERLAP,1827.326,1837.641,1814.431,1814.431,1823.491,SESSION_END,0.002,2.0631,0.4134,10.315,0.7669,0.3717,1.052,0.177,458,0.259,1.475,0.05,0.05,0.0,clear,sweep + rejection + CHoCH + displacement,499.7813
2023-10-09 13:06:00+00:00,2023-10-09 19:55:00+00:00,XAUUSD,SHORT,LIQUIDITY_REVERSAL,LIQUIDITY_REVERSAL,0.7,80.0,B,OVERLAP,1847.469,1856.38,1836.331,1836.331,1856.603,STOP,0.002,1.7821,0.3566,8.91,-1.8267,-1.025,0.374,1.014,409,0.191,0.833,0.05,0.12,0.0,clear,sweep + rejection + CHoCH + displacement,497.9547
2023-10-16 13:36:00+00:00,2023-10-16 21:00:00+00:00,XAUUSD,LONG,LIQUIDITY_REVERSAL,LIQUIDITY_REVERSAL,0.7,90.0,A+,OVERLAP,1919.02,1905.947,1935.362,1935.362,1918.527,SESSION_END,0.001,1.3073,0.2625,13.073,-0.0493,-0.0377,0.282,0.356,444,0.264,1.816,0.05,0.05,0.0,clear,sweep + rejection + CHoCH + displacement,497.9053
2023-10-20 00:11:00+00:00,2023-10-20 08:11:00+00:00,XAUUSD,LONG,LIQUIDITY_REVERSAL,BULL,0.619,95.0,A+,ASIA,1977.254,1961.952,1996.381,1996.381,1979.129,TIME,0.001,1.5302,0.3073,15.302,0.1875,0.1225,0.324,0.35,480,0.457,1.564,0.05,0.05,0.0,clear,sweep + rejection + CHoCH + displacement,498.0929
2023-11-02 12:25:00+00:00,2023-11-02 15:29:00+00:00,XAUUSD,LONG,LIQUIDITY_REVERSAL,LIQUIDITY_REVERSAL,1.0,75.0,B,OVERLAP,1989.824,1980.244,2001.799,2001.799,1979.98,STOP,0.002,1.916,0.3847,9.58,-1.9687,-1.0275,0.116,1.021,184,0.238,1.266,0.05,0.12,0.0,clear,sweep + rejection + CHoCH + displacement,496.1241
2023-11-03 12:26:00+00:00,2023-11-03 12:32:00+00:00,XAUUSD,LONG,LIQUIDITY_REVERSAL,CHOPPY,0.605,100.0,A+,OVERLAP,1989.886,1980.264,2001.913,2001.913,2001.779,TP2,0.002,1.9244,0.3879,9.622,2.3786,1.236,1.279,0.456,6,0.222,0.914,0.05,0.0,0.0,clear,sweep + rejection + CHoCH + displacement,498.5028
2023-11-07 10:16:00+00:00,2023-11-07 18:16:00+00:00,XAUUSD,SHORT,TREND_CONTINUATION,STRONG_BEAR,1.0,85.0,A,LONDON,1965.353,1976.256,1951.725,1951.725,1966.051,TIME,0.002,2.1806,0.4374,10.903,-0.1395,-0.064,0.803,0.237,480,0.249,1.064,0.05,0.05,0.0,clear,trend pullback + LTF BOS,498.3632
2023-11-08 13:06:00+00:00,2023-11-08 15:23:00+00:00,XAUUSD,LONG,LIQUIDITY_REVERSAL,LIQUIDITY_REVERSAL,1.0,85.0,A,OVERLAP,1964.872,1955.56,1976.512,1976.512,1955.296,STOP,0.002,1.8624,0.3737,9.312,-1.9153,-1.0284,0.181,1.008,137,0.215,0.953,0.05,0.12,0.0,clear,sweep + rejection + CHoCH + displacement,496.448
2023-11-09 08:41:00+00:00,2023-11-09 15:44:00+00:00,XAUUSD,LONG,LIQUIDITY_REVERSAL,LIQUIDITY_REVERSAL,0.7,85.0,A,LONDON,1948.433,1936.527,1963.316,1963.316,1963.145,TP2,0.002,2.3812,0.4796,11.906,2.9423,1.2356,1.263,0.311,423,0.257,1.05,0.05,0.0,0.0,clear,sweep + rejection + CHoCH + displacement,499.3902
2023-11-20 18:06:00+00:00,2023-11-20 21:00:00+00:00,XAUUSD,LONG,LIQUIDITY_REVERSAL,LIQUIDITY_REVERSAL,1.0,85.0,A,NEWYORK,1977.907,1960.877,1999.194,1999.194,1977.105,SESSION_END,0.001,1.703,0.341,17.03,-0.0802,-0.0471,0.055,0.137,174,0.303,1.504,0.05,0.05,0.0,clear,sweep + rejection + CHoCH + displacement,499.31
2023-11-22 15:06:00+00:00,2023-11-22 21:00:00+00:00,XAUUSD,SHORT,LIQUIDITY_REVERSAL,LIQUIDITY_REVERSAL,1.0,85.0,A,OVERLAP,1997.215,2013.467,1976.902,1976.902,1990.187,SESSION_END,0.001,1.6251,0.3255,16.251,0.7028,0.4325,0.641,0.0,354,0.279,1.709,0.05,0.05,0.0,clear,sweep + rejection + CHoCH + displacement,500.0129
2023-11-29 13:37:00+00:00,2023-11-29 21:00:00+00:00,XAUUSD,SHORT,LIQUIDITY_REVERSAL,LIQUIDITY_REVERSAL,1.0,85.0,A,OVERLAP,2038.737,2051.787,2022.425,2022.425,2045.268,SESSION_END,0.001,1.305,0.261,13.05,-0.6531,-0.5005,0.133,0.82,441,0.236,1.322,0.05,0.05,0.0,clear,sweep + rejection + CHoCH + displacement,499.3598
2023-12-04 11:32:00+00:00,2023-12-04 14:01:00+00:00,XAUUSD,LONG,LIQUIDITY_REVERSAL,LIQUIDITY_REVERSAL,0.8,100.0,A+,LONDON,2070.533,2055.54,2089.276,2089.276,2055.298,STOP,0.001,1.4994,0.3003,14.994,-1.5235,-1.0161,0.081,1.045,149,0.257,1.954,0.05,0.12,0.0,clear,sweep + rejection + CHoCH + displacement,497.8362
2023-12-05 15:07:00+00:00,2023-12-05 21:00:00+00:00,XAUUSD,LONG,LIQUIDITY_REVERSAL,LIQUIDITY_REVERSAL,1.0,85.0,A,OVERLAP,2021.852,2000.835,2048.124,2048.124,2018.967,SESSION_END,0.001,2.1017,0.4222,21.017,-0.2885,-0.1372,0.029,0.571,353,0.288,2.899,0.05,0.05,0.0,clear,sweep + rejection + CHoCH + displacement,497.5478
2023-12-07 09:29:00+00:00,2023-12-07 17:29:00+00:00,XAUUSD,SHORT,LIQUIDITY_REVERSAL,LIQUIDITY_REVERSAL,0.8,90.0,A+,LONDON,2030.951,2041.461,2017.813,2017.813,2024.487,TIME,0.002,2.1021,0.4225,10.51,1.2928,0.615,1.035,0.84,480,0.235,1.123,0.05,0.05,0.0,clear,sweep + rejection + CHoCH + displacement,498.8406
2023-12-08 14:11:00+00:00,2023-12-08 18:00:00+00:00,XAUUSD,SHORT,BREAKOUT,BEAR,0.833,80.0,B,OVERLAP,2011.763,2034.303,1983.589,1983.589,1997.162,SESSION_END,0.001,2.254,0.4518,22.54,1.4601,0.6478,0.763,0.133,229,0.423,3.131,0.05,0.05,0.0,clear,compression -> confirmed range break + momentum,500.3007
2023-12-11 07:46:00+00:00,2023-12-11 15:23:00+00:00,XAUUSD,SHORT,LIQUIDITY_REVERSAL,LIQUIDITY_REVERSAL,0.8,90.0,A+,LONDON,1997.366,2007.249,1985.011,1985.011,1985.146,TP2,0.002,1.9767,0.3951,9.884,2.444,1.2364,1.303,0.035,457,0.219,1.032,0.05,0.0,0.0,clear,sweep + rejection + CHoCH + displacement,502.7447
2023-12-14 08:06:00+00:00,2023-12-14 16:06:00+00:00,XAUUSD,LONG,LIQUIDITY_REVERSAL,LIQUIDITY_REVERSAL,1.0,100.0,A+,LONDON,2035.255,2016.054,2059.257,2059.257,2038.799,TIME,0.001,1.9201,0.3819,19.201,0.3544,0.1846,0.652,0.407,480,0.281,1.695,0.05,0.05,0.0,clear,sweep + rejection + CHoCH + displacement,503.0991
2023-12-20 08:06:00+00:00,2023-12-20 16:06:00+00:00,XAUUSD,SHORT,LIQUIDITY_REVERSAL,LIQUIDITY_REVERSAL,0.7,85.0,A,LONDON,2040.276,2049.903,2028.241,2028.241,2033.432,TIME,0.002,1.9255,0.3827,9.628,1.3688,0.7109,1.122,0.217,480,0.239,0.891,0.05,0.05,0.0,clear,sweep + rejection + CHoCH + displacement,504.4679
2023-12-27 12:52:00+00:00,2023-12-27 15:29:00+00:00,XAUUSD,SHORT,LIQUIDITY_REVERSAL,LIQUIDITY_REVERSAL,0.7,85.0,A,OVERLAP,2066.811,2077.435,2053.531,2053.531,2077.725,STOP,0.002,2.1248,0.4212,10.624,-2.1827,-1.0273,0.237,1.012,157,0.228,0.96,0.05,0.12,0.0,clear,sweep + rejection + CHoCH + displacement,502.2852
2024-01-02 14:40:00+00:00,2024-01-02 21:00:00+00:00,XAUUSD,SHORT,LIQUIDITY_REVERSAL,LIQUIDITY_REVERSAL,0.7,70.0,NO_TRADE,OVERLAP,2066.604,2077.718,2052.71,2052.71,2058.86,SESSION_END,0.002,2.223,0.4446,11.115,1.5487,0.6967,0.97,0.359,380,0.283,2.037,0.05,0.05,0.0,clear,sweep + rejection + CHoCH + displacement,501.5487
2024-01-05 10:55:00+00:00,2024-01-05 13:30:00+00:00,XAUUSD,LONG,LIQUIDITY_REVERSAL,LIQUIDITY_REVERSAL,0.8,75.0,B,LONDON,2039.997,2031.324,2050.839,2050.839,2031.095,STOP,0.002,1.7346,0.3459,8.673,-1.7805,-1.0264,0.195,1.429,155,0.225,0.954,0.05,0.12,0.0,clear,sweep + rejection + CHoCH + displacement,499.7682
2024-01-09 13:08:00+00:00,2024-01-09 21:00:00+00:00,XAUUSD,SHORT,LIQUIDITY_REVERSAL,CHOPPY,0.683,100.0,A+,OVERLAP,2033.684,2042.024,2023.259,2023.259,2029.289,SESSION_END,0.002,1.668,0.3338,8.34,0.8791,0.527,0.92,0.985,472,0.181,1.026,0.05,0.05,0.0,clear,sweep + rejection + CHoCH + displacement,500.6473
2024-01-22 14:56:00+00:00,2024-01-22 21:00:00+00:00,XAUUSD,LONG,LIQUIDITY_REVERSAL,LIQUIDITY_REVERSAL,0.8,100.0,A+,OVERLAP,2023.753,2000.61,2052.681,2052.681,2020.204,SESSION_END,0.001,2.3142,0.4622,23.142,-0.3549,-0.1534,0.116,0.203,364,0.335,2.184,0.05,0.05,0.0,clear,sweep + rejection + CHoCH + displacement,500.2924
2024-01-25 07:29:00+00:00,2024-01-25 15:29:00+00:00,XAUUSD,LONG,LIQUIDITY_REVERSAL,CHOPPY,0.71,80.0,B,LONDON,2016.339,2007.607,2027.253,2027.253,2019.481,TIME,0.002,1.7463,0.3491,8.731,0.6284,0.3598,1.012,0.788,480,0.227,0.917,0.05,0.05,0.0,clear,sweep + rejection + CHoCH + displacement,500.9208
2024-02-01 13:31:00+00:00,2024-02-01 14:31:00+00:00,XAUUSD,LONG,LIQUIDITY_REVERSAL,LIQUIDITY_REVERSAL,0.8,90.0,A+,OVERLAP,2034.379,2022.636,2049.056,2049.056,2048.904,TP2,0.002,2.3484,0.4688,11.742,2.9051,1.2371,1.255,0.033,60,0.247,1.478,0.05,0.0,0.0,clear,sweep + rejection + CHoCH + displacement,503.8259
2024-02-01 15:01:00+00:00,2024-02-01 16:45:00+00:00,XAUUSD,SHORT,LIQUIDITY_REVERSAL,LIQUIDITY_REVERSAL,0.7,75.0,B,OVERLAP,2044.361,2064.721,2018.911,2018.911,2065.061,STOP,0.001,2.036,0.4041,20.36,-2.07,-1.0167,0.029,1.022,104,0.328,2.327,0.05,0.12,0.0,clear,sweep + rejection + CHoCH + displacement,501.7559
2024-02-02 13:26:00+00:00,2024-02-02 13:36:00+00:00,XAUUSD,SHORT,LIQUIDITY_REVERSAL,LIQUIDITY_REVERSAL,1.0,85.0,A,OVERLAP,2053.542,2066.127,2037.811,2037.811,2037.983,TP2,0.001,1.2585,0.2508,12.585,1.5559,1.2363,1.327,0.015,10,0.226,1.07,0.05,0.0,0.0,clear,sweep + rejection + CHoCH + displacement,503.3118
2024-02-02 14:51:00+00:00,2024-02-02 18:00:00+00:00,XAUUSD,LONG,LIQUIDITY_REVERSAL,LIQUIDITY_REVERSAL,0.8,85.0,A,OVERLAP,2033.292,2015.04,2056.106,2056.106,2034.745,SESSION_END,0.001,1.8252,0.3626,18.252,0.1453,0.0796,0.226,0.268,189,0.473,2.913,0.05,0.05,0.0,clear,sweep + rejection + CHoCH + displacement,503.4571
2024-02-07 14:26:00+00:00,2024-02-07 21:00:00+00:00,XAUUSD,SHORT,LIQUIDITY_REVERSAL,LIQUIDITY_REVERSAL,0.7,85.0,A,OVERLAP,2034.466,2045.562,2020.595,2020.595,2035.337,SESSION_END,0.002,2.2193,0.4408,11.097,-0.1743,-0.0786,0.17,0.901,394,0.285,1.365,0.05,0.05,0.0,clear,sweep + rejection + CHoCH + displacement,503.2828
2024-02-09 13:36:00+00:00,2024-02-09 18:00:00+00:00,XAUUSD,LONG,LIQUIDITY_REVERSAL,LIQUIDITY_REVERSAL,1.0,85.0,A,OVERLAP,2030.917,2013.779,2052.341,2052.341,2024.543,SESSION_END,0.001,1.7139,0.3405,17.139,-0.6375,-0.3719,0.05,0.626,264,0.345,1.649,0.05,0.05,0.0,clear,sweep + rejection + CHoCH + displacement,502.6453
2024-02-16 15:11:00+00:00,2024-02-16 18:00:00+00:00,XAUUSD,LONG,LIQUIDITY_REVERSAL,LIQUIDITY_REVERSAL,1.0,95.0,A+,OVERLAP,2002.325,1979.781,2030.504,2030.504,2012.738,SESSION_END,0.001,2.2544,0.4485,22.544,1.0414,0.4619,0.531,0.0,169,0.499,2.259,0.05,0.05,0.0,clear,sweep + rejection + CHoCH + displacement,503.6867
2024-03-05 11:07:00+00:00,2024-03-05 19:07:00+00:00,XAUUSD,LONG,TREND_CONTINUATION,STRONG_BULL,1.0,85.0,A,LONDON,2126.159,2113.367,2142.15,2142.15,2131.371,TIME,0.001,1.2792,0.254,12.792,0.5212,0.4074,1.219,0.395,480,0.289,1.371,0.05,0.05,0.0,clear,trend pullback + LTF BOS,504.2078
2024-03-06 13:30:00+00:00,2024-03-06 14:34:00+00:00,XAUUSD,SHORT,LIQUIDITY_REVERSAL,LIQUIDITY_REVERSAL,0.7,75.0,B,OVERLAP,2134.667,2144.815,2121.981,2121.981,2145.085,STOP,0.002,2.0297,0.4025,10.148,-2.0836,-1.0266,0.218,1.042,64,0.256,1.535,0.05,0.12,0.0,clear,sweep + rejection + CHoCH + displacement,502.1242
2024-03-07 11:06:00+00:00,2024-03-07 19:06:00+00:00,XAUUSD,SHORT,LIQUIDITY_REVERSAL,LIQUIDITY_REVERSAL,0.7,80.0,B,LONDON,2154.768,2165.294,2141.611,2141.611,2157.313,TIME,0.002,2.1051,0.4192,10.526,-0.509,-0.2418,0.66,0.937,480,0.214,1.158,0.05,0.05,0.0,clear,sweep + rejection + CHoCH + displacement,501.6152
2024-03-11 07:37:00+00:00,2024-03-11 15:37:00+00:00,XAUUSD,SHORT,LIQUIDITY_REVERSAL,LIQUIDITY_REVERSAL,0.7,80.0,B,LONDON,2177.976,2186.924,2166.79,2166.79,2184.556,TIME,0.002,1.7898,0.3568,8.949,-1.316,-0.7353,0.367,0.783,480,0.219,1.067,0.05,0.05,0.0,clear,sweep + rejection + CHoCH + displacement,500.2992
2024-03-11 18:58:00+00:00,2024-03-11 22:00:00+00:00,XAUUSD,LONG,LIQUIDITY_REVERSAL,LIQUIDITY_REVERSAL,0.8,90.0,A+,NEWYORK,2180.55,2169.527,2194.328,2194.328,2181.521,SESSION_END,0.002,2.2046,0.4407,11.023,0.1942,0.0881,0.317,0.002,121,0.229,1.144,0.05,0.05,0.0,clear,sweep + rejection + CHoCH + displacement,500.4934
2024-03-12 12:22:00+00:00,2024-03-12 20:22:00+00:00,XAUUSD,SHORT,BREAKOUT,EXPANSION,0.876,55.0,NO_TRADE,OVERLAP,2168.642,2183.647,2149.886,2149.886,2156.569,TIME,0.001,1.5005,0.2998,15.005,1.2073,0.8046,1.212,0.881,480,0.246,1.443,0.05,0.05,0.0,clear,compression -> confirmed range break + momentum,501.7007
2024-03-19 12:26:00+00:00,2024-03-19 20:26:00+00:00,XAUUSD,SHORT,LIQUIDITY_REVERSAL,LIQUIDITY_REVERSAL,1.0,100.0,A+,OVERLAP,2152.819,2165.666,2136.761,2136.761,2158.326,TIME,0.001,1.2847,0.2561,12.847,-0.5507,-0.4287,0.353,0.451,480,0.231,1.308,0.05,0.05,0.0,clear,sweep + rejection + CHoCH + displacement,501.15
2024-03-27 11:46:00+00:00,2024-03-27 19:46:00+00:00,XAUUSD,SHORT,LIQUIDITY_REVERSAL,LIQUIDITY_REVERSAL,1.0,85.0,A,LONDON,2190.953,2210.746,2166.212,2166.212,2191.709,TIME,0.001,1.9793,0.395,19.793,-0.0756,-0.0382,0.38,0.211,480,0.324,1.975,0.05,0.05,0.0,clear,sweep + rejection + CHoCH + displacement,501.0744
2024-04-01 10:28:00+00:00,2024-04-01 15:06:00+00:00,XAUUSD,SHORT,LIQUIDITY_REVERSAL,LIQUIDITY_REVERSAL,0.7,70.0,NO_TRADE,LONDON,2253.483,2268.591,2234.598,2234.598,2234.77,TP2,0.001,1.5108,0.3015,15.108,1.8714,1.2386,1.27,0.283,278,0.203,1.302,0.05,0.0,0.0,clear,sweep + rejection + CHoCH + displacement,502.9458
2024-04-02 00:02:00+00:00,2024-04-02 08:02:00+00:00,XAUUSD,SHORT,LIQUIDITY_REVERSAL,BULL,0.866,70.0,NO_TRADE,ASIA,2251.636,2264.601,2235.429,2235.429,2254.956,TIME,0.001,1.2965,0.2578,12.965,-0.332,-0.256,0.39,0.63,480,0.338,1.488,0.05,0.05,0.0,clear,sweep + rejection + CHoCH + displacement,502.6138
2024-04-02 13:21:00+00:00,2024-04-02 15:03:00+00:00,XAUUSD,LONG,LIQUIDITY_REVERSAL,LIQUIDITY_REVERSAL,0.8,90.0,A+,OVERLAP,2257.1,2246.846,2269.919,2269.919,2269.763,TP2,0.002,2.0509,0.4081,10.255,2.5326,1.2348,1.618,0.377,102,0.251,2.211,0.05,0.0,0.0,clear,sweep + rejection + CHoCH + displacement,505.1464
2024-04-04 13:51:00+00:00,2024-04-04 21:00:00+00:00,XAUUSD,LONG,LIQUIDITY_REVERSAL,LIQUIDITY_REVERSAL,0.7,90.0,A+,OVERLAP,2287.443,2271.583,2307.267,2307.267,2284.546,SESSION_END,0.001,1.586,0.314,15.86,-0.2897,-0.1827,1.134,0.489,429,0.256,2.265,0.05,0.05,0.0,clear,sweep + rejection + CHoCH + displacement,504.8567
2024-04-05 13:32:00+00:00,2024-04-05 14:18:00+00:00,XAUUSD,LONG,LIQUIDITY_REVERSAL,LIQUIDITY_REVERSAL,0.8,90.0,A+,OVERLAP,2284.941,2275.779,2296.392,2296.392,2296.224,TP2,0.002,1.8323,0.3629,9.161,2.2567,1.2317,1.407,0.514,46,0.214,1.89,0.05,0.0,0.0,clear,sweep + rejection + CHoCH + displacement,507.1134
2024-04-08 14:36:00+00:00,2024-04-08 21:00:00+00:00,XAUUSD,SHORT,LIQUIDITY_REVERSAL,LIQUIDITY_REVERSAL,0.8,75.0,B,OVERLAP,2330.63,2347.83,2309.129,2309.129,2338.961,SESSION_END,0.001,1.7201,0.3392,17.201,-0.8331,-0.4843,0.701,0.656,384,0.27,3.821,0.05,0.05,0.0,clear,sweep + rejection + CHoCH + displacement,506.2803
2024-04-09 02:16:00+00:00,2024-04-09 10:16:00+00:00,XAUUSD,LONG,BREAKOUT,COMPRESSION,0.963,80.0,B,ASIA,2343.893,2324.58,2368.034,2368.034,2360.015,TIME,0.001,1.9313,0.3815,19.313,1.6122,0.8348,0.9,0.289,480,0.315,1.633,0.05,0.05,0.0,clear,compression -> confirmed range break + momentum,507.8925
2024-04-09 10:21:00+00:00,2024-04-09 13:24:00+00:00,XAUUSD,LONG,BREAKOUT,STRONG_BULL,1.0,85.0,A,LONDON,2362.325,2349.364,2378.527,2378.527,2349.141,STOP,0.001,1.2961,0.2552,12.961,-1.3185,-1.0173,0.221,1.005,183,0.201,1.934,0.05,0.12,0.0,clear,compression -> confirmed range break + momentum,506.574
2024-04-09 20:11:00+00:00,2024-04-09 21:00:00+00:00,XAUUSD,SHORT,LIQUIDITY_REVERSAL,LIQUIDITY_REVERSAL,0.8,85.0,A,NEWYORK,2345.978,2358.372,2330.485,2330.485,2351.359,SESSION_END,0.002,2.4789,0.4893,12.394,-1.0763,-0.4342,0.068,0.44,49,0.22,1.664,0.05,0.05,0.0,clear,sweep + rejection + CHoCH + displacement,505.4977
2024-04-10 14:22:00+00:00,2024-04-10 15:20:00+00:00,XAUUSD,SHORT,BREAKOUT,EXPANSION,0.95,65.0,NO_TRADE,OVERLAP,2326.293,2348.54,2298.484,2298.484,2348.916,STOP,0.001,2.2247,0.4401,22.247,-2.2623,-1.0169,0.316,1.071,58,0.471,5.416,0.05,0.12,0.0,clear,compression -> confirmed range break + momentum,503.2354
2024-04-12 00:52:00+00:00,2024-04-12 08:09:00+00:00,XAUUSD,LONG,TREND_CONTINUATION,STRONG_BULL,0.933,85.0,A,ASIA,2376.719,2361.367,2395.908,2395.908,2395.795,TP2,0.001,1.5351,0.3051,15.351,1.9076,1.2426,1.39,0.145,437,0.347,1.647,0.05,0.0,0.0,clear,trend pullback + LTF BOS,505.143
2024-04-12 08:14:00+00:00,2024-04-12 15:14:00+00:00,XAUUSD,LONG,BREAKOUT,STRONG_BULL,1.0,70.0,NO_TRADE,LONDON,2397.483,2384.569,2413.625,2413.625,2413.474,TP2,0.001,1.2914,0.2557,12.914,1.5991,1.2382,1.396,0.555,420,0.236,2.208,0.05,0.0,0.0,clear,compression -> confirmed range break + momentum,506.7421
2024-04-16 13:26:00+00:00,2024-04-16 16:03:00+00:00,XAUUSD,SHORT,LIQUIDITY_REVERSAL,LIQUIDITY_REVERSAL,1.0,80.0,B,OVERLAP,2369.619,2387.712,2347.003,2347.003,2388.025,STOP,0.001,1.8093,0.357,18.093,-1.8406,-1.0173,0.342,1.028,157,0.191,2.13,0.05,0.12,0.0,clear,sweep + rejection + CHoCH + displacement,504.9015
2024-04-16 18:02:00+00:00,2024-04-16 18:52:00+00:00,XAUUSD,LONG,BREAKOUT,BULL,0.765,70.0,NO_TRADE,NEWYORK,2394.99,2380.101,2413.6,2413.6,2379.812,STOP,0.001,1.4889,0.2949,14.889,-1.5177,-1.0194,0.028,1.033,50,0.323,3.613,0.05,0.12,0.0,clear,compression -> confirmed range break + momentum,503.3838
2024-04-16 20:36:00+00:00,2024-04-16 21:00:00+00:00,XAUUSD,SHORT,LIQUIDITY_REVERSAL,LIQUIDITY_REVERSAL,1.0,85.0,A,NEWYORK,2389.329,2408.364,2365.534,2365.534,2390.33,SESSION_END,0.001,1.9036,0.3782,19.036,-0.1002,-0.0526,0.021,0.122,24,0.273,2.928,0.05,0.05,0.0,clear,sweep + rejection + CHoCH + displacement,503.2836
2024-04-18 11:26:00+00:00,2024-04-18 19:26:00+00:00,XAUUSD,LONG,LIQUIDITY_REVERSAL,LIQUIDITY_REVERSAL,1.0,80.0,B,LONDON,2381.86,2367.037,2400.389,2400.389,2380.8,TIME,0.001,1.4823,0.2945,14.823,-0.106,-0.0715,0.726,0.836,480,0.19,1.331,0.05,0.05,0.0,clear,sweep + rejection + CHoCH + displacement,503.1776
2024-04-22 13:56:00+00:00,2024-04-22 21:00:00+00:00,XAUUSD,SHORT,BREAKOUT,STRONG_BEAR,0.975,85.0,A,OVERLAP,2336.179,2354.596,2313.157,2313.157,2329.944,SESSION_END,0.001,1.8418,0.366,18.418,0.6234,0.3385,0.631,0.408,424,0.252,3.469,0.05,0.05,0.0,clear,compression -> confirmed range break + momentum,503.801
2024-04-26 13:47:00+00:00,2024-04-26 15:37:00+00:00,XAUUSD,LONG,LIQUIDITY_REVERSAL,BULL,0.881,90.0,A+,OVERLAP,2345.366,2333.831,2359.785,2359.785,2333.549,STOP,0.002,2.307,0.4579,11.535,-2.3636,-1.0245,0.421,1.103,110,0.263,2.264,0.05,0.12,0.0,clear,sweep + rejection + CHoCH + displacement,501.4375
2024-04-30 07:06:00+00:00,2024-04-30 13:30:00+00:00,XAUUSD,SHORT,BREAKOUT,STRONG_BEAR,0.935,80.0,B,LONDON,2320.339,2331.949,2305.826,2305.826,2305.934,TP2,0.002,2.322,0.4631,11.61,2.8809,1.2407,1.351,0.235,384,0.212,1.485,0.05,0.0,0.0,clear,compression -> confirmed range break + momentum,504.3184
2024-05-01 19:10:00+00:00,2024-05-01 19:55:00+00:00,XAUUSD,LONG,LIQUIDITY_REVERSAL,LIQUIDITY_REVERSAL,0.7,85.0,A,NEWYORK,2301.881,2280.846,2328.175,2328.175,2327.932,TP2,0.001,2.1035,0.4171,21.035,2.6051,1.2385,1.252,0.006,45,0.372,3.076,0.05,0.0,0.0,clear,sweep + rejection + CHoCH + displacement,506.9235
2024-05-02 13:04:00+00:00,2024-05-02 14:52:00+00:00,XAUUSD,SHORT,TREND_CONTINUATION,STRONG_BEAR,0.971,85.0,A,OVERLAP,2298.07,2308.095,2285.54,2285.54,2285.696,TP2,0.002,2.0048,0.3955,10.024,2.4749,1.2345,1.268,0.627,108,0.209,1.72,0.05,0.0,0.0,clear,trend pullback + LTF BOS,509.3983
2024-05-03 08:26:00+00:00,2024-05-03 13:30:00+00:00,XAUUSD,LONG,LIQUIDITY_REVERSAL,LIQUIDITY_REVERSAL,0.7,85.0,A,LONDON,2300.63,2290.935,2312.75,2312.75,2312.638,TP2,0.002,1.9391,0.3807,9.695,2.4016,1.2385,2.054,0.635,304,0.21,1.467,0.05,0.0,0.0,clear,sweep + rejection + CHoCH + displacement,511.7999
2024-05-06 08:31:00+00:00,2024-05-06 16:31:00+00:00,XAUUSD,LONG,TREND_CONTINUATION,STRONG_BULL,0.883,85.0,A,LONDON,2317.033,2301.744,2336.144,2336.144,2322.094,TIME,0.001,1.5289,0.2987,15.289,0.5062,0.3311,0.978,0.167,480,0.235,1.646,0.05,0.05,0.0,clear,trend pullback + LTF BOS,512.3061
2024-05-08 09:46:00+00:00,2024-05-08 17:46:00+00:00,XAUUSD,LONG,LIQUIDITY_REVERSAL,LIQUIDITY_REVERSAL,0.8,75.0,B,LONDON,2309.089,2293.235,2328.907,2328.907,2316.528,TIME,0.001,1.5854,0.3095,15.854,0.7439,0.4692,0.748,0.153,480,0.268,1.785,0.05,0.05,0.0,clear,sweep + rejection + CHoCH + displacement,513.05
2024-05-10 04:25:00+00:00,2024-05-10 08:00:00+00:00,XAUUSD,LONG,TREND_CONTINUATION,STRONG_BULL,1.0,85.0,A,ASIA,2351.766,2337.462,2369.645,2369.645,2369.491,TP2,0.001,1.4304,0.2788,14.304,1.7725,1.2392,1.265,0.084,215,0.422,1.439,0.05,0.0,0.0,clear,trend pullback + LTF BOS,514.8225
2024-05-10 10:07:00+00:00,2024-05-10 13:52:00+00:00,XAUUSD,LONG,BREAKOUT,STRONG_BULL,1.0,70.0,NO_TRADE,LONDON,2372.277,2361.644,2385.568,2385.568,2361.39,STOP,0.002,2.1266,0.4131,10.633,-2.1774,-1.0239,0.573,1.001,225,0.263,1.815,0.05,0.12,0.0,clear,compression -> confirmed range break + momentum,512.6451
2024-05-13 07:18:00+00:00,2024-05-13 09:40:00+00:00,XAUUSD,LONG,LIQUIDITY_REVERSAL,LIQUIDITY_REVERSAL,0.8,85.0,A,LONDON,2351.718,2342.444,2363.31,2363.31,2342.209,STOP,0.002,1.8548,0.3618,9.274,-1.9016,-1.0253,0.064,1.063,142,0.205,1.375,0.05,0.12,0.0,clear,sweep + rejection + CHoCH + displacement,510.7435
2024-05-15 09:25:00+00:00,2024-05-15 14:51:00+00:00,XAUUSD,LONG,BREAKOUT,BULL,0.916,70.0,NO_TRADE,LONDON,2366.881,2355.86,2380.658,2380.658,2355.512,STOP,0.002,2.2042,0.4316,11.021,-2.2738,-1.0316,1.081,1.014,326,0.232,1.365,0.05,0.12,0.0,clear,compression -> confirmed range break + momentum,508.4697
2024-05-15 20:26:00+00:00,2024-05-15 21:00:00+00:00,XAUUSD,LONG,TREND_CONTINUATION,BULL,0.896,85.0,A,NEWYORK,2387.098,2375.359,2401.771,2401.771,2386.718,SESSION_END,0.002,2.3478,0.4617,11.739,-0.0759,-0.0323,0.03,0.288,34,0.285,1.795,0.05,0.05,0.0,clear,trend pullback + LTF BOS,508.3938
2024-05-21 03:01:00+00:00,2024-05-21 11:01:00+00:00,XAUUSD,SHORT,BREAKOUT,COMPRESSION,0.979,65.0,NO_TRADE,ASIA,2420.445,2442.757,2392.556,2392.556,2417.618,TIME,0.001,2.2312,0.4389,22.312,0.2828,0.1267,0.64,0.092,480,0.44,2.804,0.05,0.05,0.0,clear,compression -> confirmed range break + momentum,508.6766
2024-05-21 13:10:00+00:00,2024-05-21 21:00:00+00:00,XAUUSD,LONG,BREAKOUT,COMPRESSION,0.905,65.0,NO_TRADE,OVERLAP,2424.529,2416.775,2434.221,2434.221,2422.415,SESSION_END,0.003,2.3261,0.4573,7.754,-0.6343,-0.2727,1.201,0.94,470,0.168,1.657,0.05,0.05,0.0,clear,compression -> confirmed range break + momentum,508.0423
2024-05-22 03:12:00+00:00,2024-05-22 04:47:00+00:00,XAUUSD,LONG,BREAKOUT,COMPRESSION,1.0,80.0,B,ASIA,2425.96,2414.402,2440.408,2440.408,2414.104,STOP,0.002,2.3117,0.455,11.558,-2.3712,-1.0258,0.0,1.006,95,0.332,1.443,0.05,0.12,0.0,clear,compression -> confirmed range break + momentum,505.671
2024-05-23 08:15:00+00:00,2024-05-23 15:51:00+00:00,XAUUSD,SHORT,TREND_CONTINUATION,BEAR,0.636,85.0,A,LONDON,2361.996,2378.356,2341.547,2341.547,2341.746,TP2,0.001,1.636,0.3235,16.36,2.025,1.2378,1.258,0.471,456,0.264,2.257,0.05,0.0,0.0,clear,trend pullback + LTF BOS,507.696
2024-05-24 02:21:00+00:00,2024-05-24 10:21:00+00:00,XAUUSD,LONG,LIQUIDITY_REVERSAL,LIQUIDITY_REVERSAL,1.0,80.0,B,ASIA,2332.549,2313.778,2356.012,2356.012,2341.321,TIME,0.001,1.8771,0.3697,18.771,0.8772,0.4673,0.563,0.388,480,0.342,1.622,0.05,0.05,0.0,clear,sweep + rejection + CHoCH + displacement,508.5732
2024-05-27 12:52:00+00:00,2024-05-27 14:23:00+00:00,XAUUSD,SHORT,LIQUIDITY_REVERSAL,CHOPPY,0.641,95.0,A+,OVERLAP,2343.535,2351.324,2333.798,2333.798,2351.559,STOP,0.003,2.3369,0.4595,7.79,-2.4072,-1.0301,0.0,1.026,91,0.181,1.267,0.05,0.12,0.0,clear,sweep + rejection + CHoCH + displacement,506.166
2024-05-30 06:36:00+00:00,2024-05-30 14:36:00+00:00,XAUUSD,SHORT,BREAKOUT,BEAR,0.898,80.0,B,ASIA,2327.237,2345.924,2303.878,2303.878,2346.184,STOP,0.001,1.8687,0.3692,18.687,-1.8948,-1.0139,0.256,1.002,480,0.436,1.694,0.05,0.12,0.0,clear,compression -> confirmed range break + momentum,504.2712
2024-05-30 18:31:00+00:00,2024-05-30 21:00:00+00:00,XAUUSD,SHORT,LIQUIDITY_REVERSAL,LIQUIDITY_REVERSAL,0.7,100.0,A+,NEWYORK,2345.148,2356.402,2331.081,2331.081,2342.32,SESSION_END,0.002,2.2507,0.4463,11.254,0.5657,0.2513,0.476,0.028,149,0.253,1.796,0.05,0.05,0.0,clear,sweep + rejection + CHoCH + displacement,504.8369
2024-06-04 16:07:00+00:00,2024-06-04 21:00:00+00:00,XAUUSD,LONG,LIQUIDITY_REVERSAL,LIQUIDITY_REVERSAL,0.8,65.0,NO_TRADE,NEWYORK,2322.347,2301.868,2347.946,2347.946,2326.477,SESSION_END,0.001,2.0479,0.4057,20.479,0.4129,0.2016,0.383,0.089,293,0.425,3.635,0.05,0.05,0.0,clear,sweep + rejection + CHoCH + displacement,505.2498
2024-06-10 07:36:00+00:00,2024-06-10 12:55:00+00:00,XAUUSD,SHORT,LIQUIDITY_REVERSAL,LIQUIDITY_REVERSAL,0.7,85.0,A,LONDON,2292.946,2304.553,2278.437,2278.437,2304.761,STOP,0.002,2.3214,0.4595,11.607,-2.363,-1.0179,0.455,1.025,319,0.218,1.811,0.05,0.12,0.0,clear,sweep + rejection + CHoCH + displacement,502.8868
2024-06-12 13:19:00+00:00,2024-06-12 13:37:00+00:00,XAUUSD,LONG,LIQUIDITY_REVERSAL,CHOPPY,0.716,85.0,A,OVERLAP,2314.916,2304.083,2328.458,2328.458,2328.301,TP2,0.002,2.1667,0.4309,10.834,2.6768,1.2354,1.283,0.25,18,0.183,1.07,0.05,0.0,0.0,clear,sweep + rejection + CHoCH + displacement,505.5636
2024-06-14 15:11:00+00:00,2024-06-14 18:00:00+00:00,XAUUSD,LONG,TREND_CONTINUATION,BULL,0.585,85.0,A,OVERLAP,2330.604,2309.342,2357.181,2357.181,2328.663,SESSION_END,0.001,2.1262,0.4206,21.262,-0.1941,-0.0913,0.224,0.313,169,0.317,2.789,0.05,0.05,0.0,clear,trend pullback + LTF BOS,505.3696
2024-06-24 10:32:00+00:00,2024-06-24 18:32:00+00:00,XAUUSD,SHORT,LIQUIDITY_REVERSAL,LIQUIDITY_REVERSAL,0.7,100.0,A+,LONDON,2326.584,2339.349,2310.629,2310.629,2331.461,TIME,0.001,1.2765,0.2526,12.765,-0.4876,-0.382,0.467,0.563,480,0.261,1.726,0.05,0.05,0.0,clear,sweep + rejection + CHoCH + displacement,504.882
2024-06-25 11:16:00+00:00,2024-06-25 13:31:00+00:00,XAUUSD,LONG,BREAKOUT,EXPANSION,0.95,55.0,NO_TRADE,LONDON,2335.922,2326.852,2347.259,2347.259,2326.622,STOP,0.002,1.8139,0.3593,9.07,-1.86,-1.0254,0.121,1.126,135,0.234,1.396,0.05,0.12,0.0,clear,compression -> confirmed range break + momentum,503.0219
2024-06-26 15:35:00+00:00,2024-06-26 21:00:00+00:00,XAUUSD,SHORT,TREND_CONTINUATION,BEAR,1.0,80.0,B,OVERLAP,2296.781,2311.745,2278.077,2278.077,2299.473,SESSION_END,0.001,1.4964,0.2975,14.964,-0.2691,-0.1799,0.102,0.485,325,0.313,2.925,0.05,0.05,0.0,clear,trend pullback + LTF BOS,502.7528
2024-07-03 07:46:00+00:00,2024-07-03 13:31:00+00:00,XAUUSD,LONG,BREAKOUT,BULL,0.883,85.0,A,LONDON,2337.15,2325.585,2351.607,2351.607,2351.491,TP2,0.002,2.3131,0.4626,11.565,2.8682,1.24,1.28,0.107,345,0.27,1.373,0.05,0.0,0.0,clear,compression -> confirmed range break + momentum,502.8682
2024-07-10 08:31:00+00:00,2024-07-10 14:57:00+00:00,XAUUSD,LONG,BREAKOUT,BULL,0.913,85.0,A,LONDON,2374.75,2365.383,2386.459,2386.459,2386.313,TP2,0.002,1.8734,0.3725,9.367,2.3127,1.2345,1.26,0.362,386,0.23,1.229,0.05,0.0,0.0,clear,compression -> confirmed range break + momentum,505.1809
2024-07-12 10:27:00+00:00,2024-07-12 13:31:00+00:00,XAUUSD,SHORT,LIQUIDITY_REVERSAL,LIQUIDITY_REVERSAL,1.0,85.0,A,LONDON,2404.955,2414.948,2392.464,2392.464,2392.569,TP2,0.002,1.9985,0.3956,9.993,2.4772,1.2395,1.3,0.041,184,0.24,1.458,0.05,0.0,0.0,clear,sweep + rejection + CHoCH + displacement,507.6581
2024-07-12 13:36:00+00:00,2024-07-12 18:00:00+00:00,XAUUSD,SHORT,LIQUIDITY_REVERSAL,LIQUIDITY_REVERSAL,1.0,85.0,A,OVERLAP,2397.41,2419.014,2370.404,2370.404,2415.621,SESSION_END,0.001,2.1604,0.4256,21.604,-1.8211,-0.8429,0.282,0.9,264,0.27,2.118,0.05,0.05,0.0,clear,sweep + rejection + CHoCH + displacement,505.837
2024-07-16 13:57:00+00:00,2024-07-16 15:35:00+00:00,XAUUSD,LONG,LIQUIDITY_REVERSAL,LIQUIDITY_REVERSAL,0.7,90.0,A+,OVERLAP,2433.031,2420.359,2448.87,2448.87,2448.709,TP2,0.001,1.2671,0.2505,12.671,1.5678,1.2373,1.287,0.172,98,0.292,2.461,0.05,0.0,0.0,clear,sweep + rejection + CHoCH + displacement,507.4048
2024-07-16 20:13:00+00:00,2024-07-16 21:00:00+00:00,XAUUSD,LONG,TREND_CONTINUATION,STRONG_BULL,1.0,85.0,A,NEWYORK,2465.502,2455.319,2478.23,2478.23,2467.33,SESSION_END,0.002,2.0365,0.4014,10.182,0.3656,0.1795,0.322,0.237,47,0.254,1.554,0.05,0.05,0.0,clear,trend pullback + LTF BOS,507.7704
2024-07-18 02:16:00+00:00,2024-07-18 10:16:00+00:00,XAUUSD,LONG,BREAKOUT,COMPRESSION,0.974,80.0,B,ASIA,2462.729,2450.526,2477.982,2477.982,2465.957,TIME,0.002,2.4405,0.4806,12.203,0.6457,0.2646,0.99,0.284,480,0.327,1.346,0.05,0.05,0.0,clear,compression -> confirmed range break + momentum,508.416
2024-07-18 13:46:00+00:00,2024-07-18 20:11:00+00:00,XAUUSD,SHORT,LIQUIDITY_REVERSAL,CHOPPY,0.562,85.0,A,OVERLAP,2463.646,2480.138,2443.032,2443.032,2443.164,TP2,0.001,1.6492,0.3244,16.492,2.0483,1.242,1.314,0.372,385,0.218,1.964,0.05,0.0,0.0,clear,sweep + rejection + CHoCH + displacement,510.4643
2024-07-22 07:01:00+00:00,2024-07-22 15:01:00+00:00,XAUUSD,SHORT,LIQUIDITY_REVERSAL,LIQUIDITY_REVERSAL,1.0,85.0,A,LONDON,2401.372,2418.057,2380.516,2380.516,2391.905,TIME,0.001,1.6685,0.3269,16.685,0.9467,0.5674,0.759,0.413,480,0.206,1.642,0.05,0.05,0.0,clear,sweep + rejection + CHoCH + displacement,511.411
2024-07-22 15:31:00+00:00,2024-07-22 21:00:00+00:00,XAUUSD,SHORT,BREAKOUT,STRONG_BEAR,0.991,85.0,A,OVERLAP,2386.346,2406.833,2360.738,2360.738,2399.093,SESSION_END,0.001,2.0487,0.4006,20.487,-1.2747,-0.6222,0.128,0.666,329,0.284,2.984,0.05,0.05,0.0,clear,compression -> confirmed range break + momentum,510.1363
2024-07-24 12:43:00+00:00,2024-07-24 15:55:00+00:00,XAUUSD,LONG,LIQUIDITY_REVERSAL,CHOPPY,0.598,100.0,A+,OVERLAP,2414.717,2400.95,2431.927,2431.927,2431.755,TP2,0.001,1.3768,0.2699,13.768,1.7037,1.2375,1.251,0.084,192,0.204,1.541,0.05,0.0,0.0,clear,sweep + rejection + CHoCH + displacement,511.8401
2024-07-25 13:36:00+00:00,2024-07-25 21:00:00+00:00,XAUUSD,LONG,LIQUIDITY_REVERSAL,LIQUIDITY_REVERSAL,0.7,75.0,B,OVERLAP,2367.336,2351.271,2387.417,2387.417,2361.728,SESSION_END,0.001,1.6065,0.3139,16.065,-0.5608,-0.3491,0.555,0.892,444,0.302,3.551,0.05,0.05,0.0,clear,sweep + rejection + CHoCH + displacement,511.2793
2024-07-26 13:41:00+00:00,2024-07-26 18:00:00+00:00,XAUUSD,LONG,BREAKOUT,COMPRESSION,0.989,65.0,NO_TRADE,OVERLAP,2378.208,2358.444,2402.912,2402.912,2388.804,SESSION_END,0.001,1.9763,0.3865,19.763,1.0597,0.5362,0.63,0.22,259,0.2,2.027,0.05,0.05,0.0,clear,compression -> confirmed range break + momentum,512.3389
2024-07-29 14:49:00+00:00,2024-07-29 21:00:00+00:00,XAUUSD,SHORT,LIQUIDITY_REVERSAL,CHOPPY,0.583,85.0,A,OVERLAP,2390.302,2410.551,2364.99,2364.99,2383.95,SESSION_END,0.001,2.0249,0.3952,20.249,0.6351,0.3137,1.026,0.179,371,0.247,2.408,0.05,0.05,0.0,clear,sweep + rejection + CHoCH + displacement,512.9741
2024-07-30 02:31:00+00:00,2024-07-30 07:02:00+00:00,XAUUSD,SHORT,BREAKOUT,COMPRESSION,0.932,80.0,B,ASIA,2376.676,2390.011,2360.006,2360.006,2390.227,STOP,0.001,1.3336,0.26,13.336,-1.3552,-1.0162,0.0,1.006,271,0.359,1.461,0.05,0.12,0.0,clear,compression -> confirmed range break + momentum,511.6189
2024-07-30 14:07:00+00:00,2024-07-30 18:01:00+00:00,XAUUSD,LONG,LIQUIDITY_REVERSAL,LIQUIDITY_REVERSAL,1.0,100.0,A+,OVERLAP,2389.996,2376.075,2407.396,2407.396,2407.222,TP2,0.001,1.392,0.2721,13.92,1.7226,1.2375,1.432,0.484,234,0.202,1.56,0.05,0.0,0.0,clear,sweep + rejection + CHoCH + displacement,513.3415
2024-07-31 15:16:00+00:00,2024-07-31 20:33:00+00:00,XAUUSD,LONG,BREAKOUT,BULL,0.941,100.0,A+,OVERLAP,2428.894,2416.552,2444.321,2444.321,2444.135,TP2,0.002,2.4684,0.4808,12.342,3.0481,1.2349,1.316,0.796,317,0.258,2.429,0.05,0.0,0.0,clear,compression -> confirmed range break + momentum,516.3896
2024-08-05 10:49:00+00:00,2024-08-05 12:00:00+00:00,XAUUSD,LONG,LIQUIDITY_REVERSAL,LIQUIDITY_REVERSAL,0.8,85.0,A,LONDON,2425.756,2407.753,2448.259,2448.259,2407.523,STOP,0.001,1.8003,0.3486,18.003,-1.8233,-1.0128,0.021,1.286,71,0.262,3.655,0.05,0.12,0.0,clear,sweep + rejection + CHoCH + displacement,514.5664
2024-08-07 05:28:00+00:00,2024-08-07 13:28:00+00:00,XAUUSD,LONG,BREAKOUT,COMPRESSION,0.995,55.0,NO_TRADE,ASIA,2392.998,2380.496,2408.625,2408.625,2399.476,TIME,0.002,2.5003,0.4859,12.501,1.2957,0.5182,0.876,0.397,480,0.366,1.877,0.05,0.05,0.0,clear,compression -> confirmed range break + momentum,515.8621
2024-08-07 13:33:00+00:00,2024-08-07 21:00:00+00:00,XAUUSD,SHORT,LIQUIDITY_REVERSAL,LIQUIDITY_REVERSAL,0.7,100.0,A+,OVERLAP,2399.356,2414.335,2380.632,2380.632,2386.902,SESSION_END,0.001,1.4979,0.2904,14.979,1.2453,0.8314,1.044,0.501,447,0.204,2.012,0.05,0.05,0.0,clear,sweep + rejection + CHoCH + displacement,517.1074
2024-08-08 10:06:00+00:00,2024-08-08 15:24:00+00:00,XAUUSD,LONG,LIQUIDITY_REVERSAL,LIQUIDITY_REVERSAL,1.0,85.0,A,LONDON,2398.66,2379.956,2422.041,2422.041,2421.88,TP2,0.001,1.8704,0.3617,18.704,2.3219,1.2414,1.259,0.263,318,0.21,1.64,0.05,0.0,0.0,clear,sweep + rejection + CHoCH + displacement,519.4293
2024-08-08 15:35:00+00:00,2024-08-08 21:00:00+00:00,XAUUSD,LONG,BREAKOUT,BULL,0.568,65.0,NO_TRADE,OVERLAP,2421.093,2405.672,2440.369,2440.369,2422.727,SESSION_END,0.001,1.5421,0.2969,15.421,0.1634,0.106,0.33,0.603,325,0.336,3.818,0.05,0.05,0.0,clear,compression -> confirmed range break + momentum,519.5927
2024-08-09 14:09:00+00:00,2024-08-09 18:00:00+00:00,XAUUSD,LONG,TREND_CONTINUATION,BULL,0.899,85.0,A,OVERLAP,2429.304,2411.49,2451.571,2451.571,2434.44,SESSION_END,0.001,1.7814,0.3428,17.814,0.5136,0.2883,0.365,0.468,231,0.217,1.821,0.05,0.05,0.0,clear,trend pullback + LTF BOS,520.1064
2024-08-12 07:06:00+00:00,2024-08-12 14:32:00+00:00,XAUUSD,LONG,BREAKOUT,EXPANSION,0.913,85.0,A,LONDON,2435.33,2424.212,2449.227,2449.227,2449.125,TP2,0.002,2.2236,0.4275,11.118,2.7589,1.2408,1.318,0.162,446,0.21,1.337,0.05,0.0,0.0,clear,compression -> confirmed range break + momentum,522.8653
2024-08-12 15:43:00+00:00,2024-08-12 21:00:00+00:00,XAUUSD,LONG,TREND_CONTINUATION,STRONG_BULL,1.0,85.0,A,OVERLAP,2451.095,2429.35,2478.275,2478.275,2470.326,SESSION_END,0.001,2.1744,0.4159,21.744,1.9231,0.8844,0.964,0.01,317,0.293,2.559,0.05,0.05,0.0,clear,trend pullback + LTF BOS,524.7884
2024-08-14 07:01:00+00:00,2024-08-14 09:44:00+00:00,XAUUSD,LONG,LIQUIDITY_REVERSAL,CHOPPY,0.614,95.0,A+,LONDON,2462.879,2450.915,2477.835,2477.835,2477.718,TP2,0.002,2.3929,0.456,11.964,2.9677,1.2402,1.315,0.224,163,0.203,1.23,0.05,0.0,0.0,clear,sweep + rejection + CHoCH + displacement,527.7562
2024-08-14 13:38:00+00:00,2024-08-14 17:22:00+00:00,XAUUSD,SHORT,LIQUIDITY_REVERSAL,LIQUIDITY_REVERSAL,0.7,75.0,B,OVERLAP,2472.054,2496.142,2441.944,2441.944,2442.13,TP2,0.001,2.4088,0.4564,24.088,2.9924,1.2423,1.311,0.158,224,0.288,2.524,0.05,0.0,0.0,clear,sweep + rejection + CHoCH + displacement,530.7486
2024-08-20 14:38:00+00:00,2024-08-20 16:06:00+00:00,XAUUSD,LONG,TREND_CONTINUATION,STRONG_BULL,0.958,100.0,A+,OVERLAP,2524.087,2509.668,2542.109,2542.109,2509.328,STOP,0.001,1.4418,0.2717,14.418,-1.4759,-1.0236,0.473,1.038,88,0.263,2.524,0.05,0.12,0.0,clear,trend pullback + LTF BOS,529.2727
2024-08-22 16:42:00+00:00,2024-08-22 21:00:00+00:00,XAUUSD,SHORT,TREND_CONTINUATION,STRONG_BEAR,0.918,80.0,B,NEWYORK,2478.433,2492.546,2460.793,2460.793,2483.671,SESSION_END,0.001,1.4112,0.2666,14.112,-0.5238,-0.3711,0.001,0.528,258,0.403,3.415,0.05,0.05,0.0,clear,trend pullback + LTF BOS,528.749
2024-08-27 09:07:00+00:00,2024-08-27 17:07:00+00:00,XAUUSD,LONG,LIQUIDITY_REVERSAL,LIQUIDITY_REVERSAL,0.7,90.0,A+,LONDON,2509.291,2490.346,2532.972,2532.972,2510.04,TIME,0.001,1.8945,0.3583,18.945,0.0749,0.0396,0.576,0.315,480,0.312,2.278,0.05,0.05,0.0,clear,sweep + rejection + CHoCH + displacement,528.8239
2024-08-28 13:01:00+00:00,2024-08-28 21:00:00+00:00,XAUUSD,SHORT,BREAKOUT,STRONG_BEAR,0.867,85.0,A,OVERLAP,2499.729,2513.439,2482.592,2482.592,2507.928,SESSION_END,0.001,1.371,0.2593,13.71,-0.8198,-0.598,0.453,0.786,479,0.211,1.627,0.05,0.05,0.0,clear,compression -> confirmed range break + momentum,528.0041
2024-08-30 13:46:00+00:00,2024-08-30 18:00:00+00:00,XAUUSD,SHORT,LIQUIDITY_REVERSAL,LIQUIDITY_REVERSAL,1.0,75.0,B,OVERLAP,2517.929,2539.047,2491.532,2491.532,2496.897,SESSION_END,0.001,2.1118,0.4,21.118,2.1032,0.9959,1.037,0.119,254,0.272,2.336,0.05,0.05,0.0,clear,sweep + rejection + CHoCH + displacement,530.1073
2024-09-02 14:37:00+00:00,2024-09-02 23:00:00+00:00,XAUUSD,LONG,LIQUIDITY_REVERSAL,CHOPPY,0.599,80.0,B,OVERLAP,2501.37,2491.797,2513.337,2513.337,2499.335,SESSION_END,0.002,1.9147,0.3612,9.573,-0.407,-0.2126,0.104,0.397,292,0.19,1.43,0.05,0.05,0.0,clear,sweep + rejection + CHoCH + displacement,529.7002
2024-09-05 14:31:00+00:00,2024-09-05 21:00:00+00:00,XAUUSD,LONG,TREND_CONTINUATION,STRONG_BULL,0.957,100.0,A+,OVERLAP,2518.716,2497.94,2544.686,2544.686,2514.852,SESSION_END,0.001,2.0776,0.3922,20.776,-0.3865,-0.186,0.083,0.718,389,0.302,2.567,0.05,0.05,0.0,clear,trend pullback + LTF BOS,529.3138
2024-09-11 07:11:00+00:00,2024-09-11 13:30:00+00:00,XAUUSD,LONG,BREAKOUT,COMPRESSION,0.942,85.0,A,LONDON,2523.97,2514.514,2535.791,2535.791,2514.283,STOP,0.002,1.8912,0.3573,9.456,-1.9375,-1.0245,0.52,1.527,379,0.225,1.135,0.05,0.12,0.0,clear,compression -> confirmed range break + momentum,527.3762
2024-09-16 08:46:00+00:00,2024-09-16 16:46:00+00:00,XAUUSD,LONG,LIQUIDITY_REVERSAL,LIQUIDITY_REVERSAL,0.8,90.0,A+,LONDON,2583.586,2569.928,2600.657,2600.657,2579.139,TIME,0.001,1.3657,0.259,13.657,-0.4446,-0.3256,0.411,0.62,480,0.241,1.675,0.05,0.05,0.0,clear,sweep + rejection + CHoCH + displacement,526.9316
2024-09-17 08:16:00+00:00,2024-09-17 13:39:00+00:00,XAUUSD,SHORT,LIQUIDITY_REVERSAL,LIQUIDITY_REVERSAL,0.8,75.0,B,LONDON,2583.104,2594.957,2568.287,2568.287,2568.431,TP2,0.002,2.3707,0.4499,11.854,2.9344,1.2378,1.258,0.21,323,0.241,1.36,0.05,0.0,0.0,clear,sweep + rejection + CHoCH + displacement,529.8661
2024-09-23 03:38:00+00:00,2024-09-23 11:38:00+00:00,XAUUSD,LONG,BREAKOUT,COMPRESSION,0.979,70.0,NO_TRADE,ASIA,2624.952,2609.854,2643.824,2643.824,2623.15,TIME,0.001,1.5098,0.2849,15.098,-0.1802,-0.1194,0.414,0.746,480,0.376,1.27,0.05,0.05,0.0,clear,compression -> confirmed range break + momentum,529.6858
2024-09-25 04:08:00+00:00,2024-09-25 12:08:00+00:00,XAUUSD,SHORT,LIQUIDITY_REVERSAL,BULL,0.926,70.0,NO_TRADE,ASIA,2664.371,2683.414,2640.567,2640.567,2655.899,TIME,0.001,1.9043,0.3595,19.043,0.8472,0.4449,0.691,0.028,480,0.526,2.347,0.05,0.05,0.0,clear,sweep + rejection + CHoCH + displacement,530.533
2024-09-25 13:06:00+00:00,2024-09-25 17:46:00+00:00,XAUUSD,LONG,BREAKOUT,COMPRESSION,0.989,95.0,A+,OVERLAP,2659.411,2649.879,2671.325,2671.325,2649.614,STOP,0.002,1.9063,0.3593,9.531,-1.9593,-1.0278,0.832,1.017,280,0.192,1.553,0.05,0.12,0.0,clear,compression -> confirmed range break + momentum,528.5738
2024-09-26 11:38:00+00:00,2024-09-26 12:39:00+00:00,XAUUSD,LONG,BREAKOUT,BULL,0.804,70.0,NO_TRADE,LONDON,2672.451,2663.179,2684.04,2684.04,2683.921,TP2,0.002,1.8543,0.3508,9.272,2.2942,1.2372,1.395,0.144,61,0.231,1.702,0.05,0.0,0.0,clear,compression -> confirmed range break + momentum,530.8679
2024-09-26 12:44:00+00:00,2024-09-26 13:39:00+00:00,XAUUSD,LONG,BREAKOUT,STRONG_BULL,0.845,70.0,NO_TRADE,OVERLAP,2682.165,2670.419,2696.847,2696.847,2670.141,STOP,0.002,2.3492,0.4425,11.746,-2.4047,-1.0236,0.266,1.068,55,0.259,2.401,0.05,0.12,0.0,clear,compression -> confirmed range break + momentum,528.4632
2024-10-07 07:33:00+00:00,2024-10-07 10:57:00+00:00,XAUUSD,LONG,LIQUIDITY_REVERSAL,LIQUIDITY_REVERSAL,0.7,75.0,B,LONDON,2643.001,2632.044,2656.697,2656.697,2656.574,TP2,0.002,2.1913,0.4147,10.957,2.7147,1.2388,1.266,0.129,204,0.232,1.334,0.05,0.0,0.0,clear,sweep + rejection + CHoCH + displacement,531.1779
2024-10-09 10:47:00+00:00,2024-10-09 18:47:00+00:00,XAUUSD,SHORT,LIQUIDITY_REVERSAL,LIQUIDITY_REVERSAL,1.0,100.0,A+,LONDON,2614.935,2626.551,2600.414,2600.414,2607.38,TIME,0.002,2.3233,0.4374,11.616,1.5109,0.6503,0.839,0.63,480,0.206,1.643,0.05,0.05,0.0,clear,sweep + rejection + CHoCH + displacement,532.6888
2024-10-10 08:01:00+00:00,2024-10-10 13:30:00+00:00,XAUUSD,LONG,LIQUIDITY_REVERSAL,CHOPPY,0.623,75.0,B,LONDON,2613.307,2604.106,2624.809,2624.809,2603.885,STOP,0.002,1.8403,0.3455,9.201,-1.8845,-1.024,0.899,1.258,329,0.205,1.306,0.05,0.12,0.0,clear,sweep + rejection + CHoCH + displacement,530.8043
2024-10-11 13:41:00+00:00,2024-10-11 18:00:00+00:00,XAUUSD,SHORT,LIQUIDITY_REVERSAL,LIQUIDITY_REVERSAL,0.7,85.0,A,OVERLAP,2642.611,2666.094,2613.257,2613.257,2660.606,SESSION_END,0.001,2.3483,0.4424,23.483,-1.7995,-0.7663,0.091,0.794,259,0.268,2.226,0.05,0.05,0.0,clear,sweep + rejection + CHoCH + displacement,529.0048
2024-10-14 10:20:00+00:00,2024-10-14 13:43:00+00:00,XAUUSD,LONG,TREND_CONTINUATION,BULL,0.932,85.0,A,LONDON,2661.908,2650.051,2676.729,2676.729,2649.815,STOP,0.002,2.3714,0.4483,11.857,-2.4185,-1.0198,0.033,1.049,203,0.225,1.553,0.05,0.12,0.0,clear,trend pullback + LTF BOS,526.5863
2024-10-16 14:47:00+00:00,2024-10-16 14:59:00+00:00,XAUUSD,LONG,TREND_CONTINUATION,STRONG_BULL,0.987,85.0,A,OVERLAP,2682.817,2672.47,2695.75,2695.75,2672.215,STOP,0.002,2.0693,0.393,10.347,-2.1203,-1.0246,0.0,1.015,12,0.243,2.166,0.05,0.12,0.0,clear,trend pullback + LTF BOS,524.4661
2024-10-17 02:43:00+00:00,2024-10-17 10:43:00+00:00,XAUUSD,LONG,BREAKOUT,COMPRESSION,0.926,80.0,B,ASIA,2680.659,2667.335,2697.314,2697.314,2680.636,TIME,0.001,1.3324,0.254,13.324,-0.0023,-0.0017,0.374,0.469,480,0.348,1.186,0.05,0.05,0.0,clear,compression -> confirmed range break + momentum,524.4638
2024-10-17 10:48:00+00:00,2024-10-17 15:38:00+00:00,XAUUSD,LONG,LIQUIDITY_REVERSAL,CHOPPY,0.572,100.0,A+,LONDON,2680.235,2668.918,2694.381,2694.381,2694.226,TP2,0.002,2.2633,0.4316,11.317,2.7982,1.2363,1.261,0.647,290,0.22,1.538,0.05,0.0,0.0,clear,sweep + rejection + CHoCH + displacement,527.262
2024-10-18 11:37:00+00:00,2024-10-18 18:00:00+00:00,XAUUSD,SHORT,LIQUIDITY_REVERSAL,LIQUIDITY_REVERSAL,1.0,85.0,A,LONDON,2707.919,2723.751,2688.13,2688.13,2718.109,SESSION_END,0.001,1.5831,0.3003,15.831,-1.019,-0.6436,0.196,0.763,383,0.211,1.461,0.05,0.05,0.0,clear,sweep + rejection + CHoCH + displacement,526.243
2024-10-24 14:31:00+00:00,2024-10-24 14:51:00+00:00,XAUUSD,LONG,BREAKOUT,STRONG_BULL,0.876,85.0,A,OVERLAP,2742.739,2733.11,2754.776,2754.776,2732.858,STOP,0.002,1.9258,0.366,9.629,-1.9764,-1.0262,0.045,1.058,20,0.243,1.998,0.05,0.12,0.0,clear,compression -> confirmed range break + momentum,524.2667
2024-10-25 02:51:00+00:00,2024-10-25 10:51:00+00:00,XAUUSD,SHORT,BREAKOUT,COMPRESSION,0.932,65.0,NO_TRADE,ASIA,2730.323,2743.668,2713.641,2713.641,2721.174,TIME,0.001,1.3346,0.2546,13.346,0.9149,0.6855,1.007,0.158,480,0.364,1.284,0.05,0.05,0.0,clear,compression -> confirmed range break + momentum,525.1816
2024-10-29 13:01:00+00:00,2024-10-29 13:50:00+00:00,XAUUSD,SHORT,LIQUIDITY_REVERSAL,LIQUIDITY_REVERSAL,0.7,75.0,B,OVERLAP,2748.798,2763.376,2730.577,2730.577,2763.633,STOP,0.001,1.4577,0.2776,14.577,-1.4834,-1.0177,0.0,1.022,49,0.213,1.761,0.05,0.12,0.0,clear,sweep + rejection + CHoCH + displacement,523.6981
2024-10-29 17:58:00+00:00,2024-10-29 22:00:00+00:00,XAUUSD,LONG,TREND_CONTINUATION,BULL,0.944,85.0,A,NEWYORK,2769.89,2757.563,2785.298,2785.298,2772.872,SESSION_END,0.002,2.4654,0.4708,12.327,0.5964,0.2419,0.391,0.145,182,0.289,2.048,0.05,0.05,0.0,clear,trend pullback + LTF BOS,524.2945
2024-10-30 06:11:00+00:00,2024-10-30 13:37:00+00:00,XAUUSD,LONG,BREAKOUT,COMPRESSION,0.942,85.0,A,ASIA,2785.542,2771.507,2803.086,2803.086,2771.237,STOP,0.001,1.4035,0.2677,14.035,-1.4305,-1.0192,0.294,1.051,446,0.415,1.531,0.05,0.12,0.0,clear,compression -> confirmed range break + momentum,522.864
2024-11-01 12:36:00+00:00,2024-11-01 14:39:00+00:00,XAUUSD,SHORT,LIQUIDITY_REVERSAL,LIQUIDITY_REVERSAL,1.0,80.0,B,OVERLAP,2758.715,2769.423,2745.33,2745.33,2745.5,TP2,0.002,2.1415,0.4096,10.708,2.643,1.2342,1.268,0.311,123,0.28,2.597,0.05,0.0,0.0,clear,sweep + rejection + CHoCH + displacement,525.5071
2024-11-04 13:25:00+00:00,2024-11-04 21:00:00+00:00,XAUUSD,SHORT,LIQUIDITY_REVERSAL,CHOPPY,0.624,90.0,A+,OVERLAP,2740.257,2754.639,2722.28,2722.28,2737.871,SESSION_END,0.001,1.4382,0.2737,14.382,0.2385,0.1659,0.599,0.539,455,0.216,1.897,0.05,0.05,0.0,clear,sweep + rejection + CHoCH + displacement,525.7456
2024-11-07 10:01:00+00:00,2024-11-07 12:51:00+00:00,XAUUSD,SHORT,LIQUIDITY_REVERSAL,LIQUIDITY_REVERSAL,0.8,100.0,A+,LONDON,2661.271,2673.416,2646.091,2646.091,2673.619,STOP,0.002,2.4289,0.462,12.145,-2.4695,-1.0167,0.128,1.018,170,0.187,2.068,0.05,0.12,0.0,clear,sweep + rejection + CHoCH + displacement,523.2761
2024-11-07 19:36:00+00:00,2024-11-07 21:00:00+00:00,XAUUSD,LONG,LIQUIDITY_REVERSAL,LIQUIDITY_REVERSAL,1.0,85.0,A,NEWYORK,2694.667,2678.003,2715.498,2715.498,2703.19,SESSION_END,0.001,1.6665,0.3185,16.665,0.8523,0.5114,0.935,0.436,84,0.265,2.684,0.05,0.05,0.0,clear,sweep + rejection + CHoCH + displacement,524.1284
2024-11-11 02:36:00+00:00,2024-11-11 10:36:00+00:00,XAUUSD,SHORT,BREAKOUT,BEAR,0.784,80.0,B,ASIA,2669.632,2684.292,2651.306,2651.306,2669.552,TIME,0.001,1.4661,0.2797,14.661,0.0079,0.0054,0.4,0.382,480,0.427,2.236,0.05,0.05,0.0,clear,compression -> confirmed range break + momentum,524.1363
2024-11-11 11:01:00+00:00,2024-11-11 13:53:00+00:00,XAUUSD,SHORT,BREAKOUT,STRONG_BEAR,0.845,85.0,A,LONDON,2661.512,2682.663,2635.072,2635.072,2635.23,TP2,0.001,2.1151,0.4035,21.151,2.6282,1.2426,1.26,0.254,172,0.247,2.251,0.05,0.0,0.0,clear,compression -> confirmed range break + momentum,526.7645
2024-11-12 07:26:00+00:00,2024-11-12 15:26:00+00:00,XAUUSD,SHORT,BREAKOUT,BEAR,0.618,85.0,A,LONDON,2601.319,2623.428,2573.682,2573.682,2606.116,TIME,0.001,2.2109,0.4197,22.109,-0.4798,-0.217,0.534,0.704,480,0.293,2.777,0.05,0.05,0.0,clear,compression -> confirmed range break + momentum,526.2847
2024-11-14 01:01:00+00:00,2024-11-14 06:47:00+00:00,XAUUSD,SHORT,TREND_CONTINUATION,STRONG_BEAR,0.959,85.0,A,ASIA,2570.23,2584.04,2552.968,2552.968,2553.168,TP2,0.001,1.381,0.2624,13.81,1.7062,1.2355,1.3,0.0,346,0.409,1.955,0.05,0.0,0.0,clear,trend pullback + LTF BOS,527.9909
2024-11-14 20:06:00+00:00,2024-11-14 21:00:00+00:00,XAUUSD,SHORT,LIQUIDITY_REVERSAL,LIQUIDITY_REVERSAL,0.7,100.0,A+,NEWYORK,2569.43,2592.679,2540.369,2540.369,2568.63,SESSION_END,0.001,2.3249,0.4403,23.249,0.08,0.0344,0.245,0.202,54,0.229,2.033,0.05,0.05,0.0,clear,sweep + rejection + CHoCH + displacement,528.0709
2024-11-15 05:57:00+00:00,2024-11-15 11:37:00+00:00,XAUUSD,SHORT,BREAKOUT,COMPRESSION,0.953,65.0,NO_TRADE,ASIA,2561.458,2572.564,2547.577,2547.577,2572.793,STOP,0.002,2.2211,0.4206,11.105,-2.267,-1.0207,0.641,1.002,340,0.293,1.225,0.05,0.12,0.0,clear,compression -> confirmed range break + momentum,525.804
2024-11-15 13:39:00+00:00,2024-11-15 18:00:00+00:00,XAUUSD,SHORT,LIQUIDITY_REVERSAL,CHOPPY,0.577,100.0,A+,OVERLAP,2568.23,2592.324,2538.112,2538.112,2562.402,SESSION_END,0.001,2.4094,0.4582,24.094,0.5828,0.2419,0.34,0.319,261,0.271,3.212,0.05,0.05,0.0,clear,sweep + rejection + CHoCH + displacement,526.3867
2024-11-18 16:58:00+00:00,2024-11-18 21:00:00+00:00,XAUUSD,LONG,TREND_CONTINUATION,BULL,0.611,90.0,A+,NEWYORK,2611.946,2602.749,2623.442,2623.442,2609.704,SESSION_END,0.002,1.8394,0.3494,9.197,-0.4484,-0.2437,0.058,0.514,242,0.242,1.941,0.05,0.05,0.0,clear,trend pullback + LTF BOS,525.9384
2024-11-19 02:38:00+00:00,2024-11-19 10:38:00+00:00,XAUUSD,LONG,BREAKOUT,BULL,0.947,65.0,NO_TRADE,ASIA,2621.757,2608.369,2638.492,2638.492,2633.545,TIME,0.001,1.3388,0.2546,13.388,1.1788,0.8805,1.038,0.309,480,0.364,1.634,0.05,0.05,0.0,clear,compression -> confirmed range break + momentum,527.1172
2024-11-19 13:58:00+00:00,2024-11-19 21:00:00+00:00,XAUUSD,LONG,TREND_CONTINUATION,STRONG_BULL,1.0,95.0,A+,OVERLAP,2636.346,2612.824,2665.749,2665.749,2632.732,SESSION_END,0.001,2.3522,0.4462,23.522,-0.3614,-0.1537,0.021,0.655,422,0.262,2.761,0.05,0.05,0.0,clear,trend pullback + LTF BOS,526.7557
2024-11-20 17:57:00+00:00,2024-11-20 21:00:00+00:00,XAUUSD,LONG,TREND_CONTINUATION,STRONG_BULL,0.995,85.0,A,NEWYORK,2652.181,2641.933,2664.992,2664.992,2648.042,SESSION_END,0.002,2.0497,0.3891,10.248,-0.8279,-0.4039,0.082,0.672,183,0.273,2.081,0.05,0.05,0.0,clear,trend pullback + LTF BOS,525.9278
2024-11-21 07:32:00+00:00,2024-11-21 15:32:00+00:00,XAUUSD,LONG,BREAKOUT,BULL,1.0,80.0,B,LONDON,2663.963,2653.408,2677.156,2677.156,2669.216,TIME,0.002,2.111,0.4014,10.555,1.0508,0.4978,0.893,0.346,480,0.215,1.49,0.05,0.05,0.0,clear,compression -> confirmed range break + momentum,526.9786
2024-11-22 04:51:00+00:00,2024-11-22 12:51:00+00:00,XAUUSD,LONG,BREAKOUT,STRONG_BULL,0.898,80.0,B,ASIA,2691.778,2668.639,2720.702,2720.702,2703.554,TIME,0.001,2.3139,0.4391,23.139,1.1776,0.5089,0.789,0.382,480,0.465,2.049,0.05,0.05,0.0,clear,compression -> confirmed range break + momentum,528.1562
2024-11-27 13:11:00+00:00,2024-11-27 21:00:00+00:00,XAUUSD,SHORT,LIQUIDITY_REVERSAL,LIQUIDITY_REVERSAL,0.7,100.0,A+,OVERLAP,2647.463,2669.079,2620.445,2620.445,2637.046,SESSION_END,0.001,2.1615,0.4093,21.615,1.0418,0.482,0.628,0.492,469,0.201,1.936,0.05,0.05,0.0,clear,sweep + rejection + CHoCH + displacement,529.198
2024-11-29 12:26:00+00:00,2024-11-29 18:00:00+00:00,XAUUSD,LONG,LIQUIDITY_REVERSAL,LIQUIDITY_REVERSAL,1.0,100.0,A+,OVERLAP,2663.517,2649.499,2681.039,2681.039,2658.97,SESSION_END,0.001,1.4018,0.2649,14.018,-0.4547,-0.3244,0.029,0.929,334,0.224,1.941,0.05,0.05,0.0,clear,sweep + rejection + CHoCH + displacement,528.7433
2024-12-03 11:22:00+00:00,2024-12-03 15:20:00+00:00,XAUUSD,LONG,LIQUIDITY_REVERSAL,CHOPPY,0.641,80.0,B,LONDON,2645.279,2635.843,2657.075,2657.075,2635.587,STOP,0.002,1.8873,0.3569,9.437,-1.9385,-1.0271,1.086,1.077,238,0.189,1.55,0.05,0.12,0.0,clear,sweep + rejection + CHoCH + displacement,526.8048
2024-12-06 13:46:00+00:00,2024-12-06 18:00:00+00:00,XAUUSD,LONG,LIQUIDITY_REVERSAL,CHOPPY,0.633,85.0,A,OVERLAP,2637.081,2616.53,2662.769,2662.769,2634.117,SESSION_END,0.001,2.0551,0.3901,20.551,-0.2963,-0.1442,0.215,0.643,254,0.333,3.579,0.05,0.05,0.0,clear,sweep + rejection + CHoCH + displacement,526.5084
2024-12-09 11:29:00+00:00,2024-12-09 15:14:00+00:00,XAUUSD,LONG,TREND_CONTINUATION,BULL,0.921,80.0,B,LONDON,2657.795,2643.534,2675.622,2675.622,2675.499,TP2,0.001,1.4261,0.2709,14.261,1.7704,1.2414,1.277,0.324,225,0.2,1.611,0.05,0.0,0.0,clear,trend pullback + LTF BOS,528.2788
2024-12-10 01:01:00+00:00,2024-12-10 09:01:00+00:00,XAUUSD,LONG,BREAKOUT,COMPRESSION,0.989,80.0,B,ASIA,2665.444,2651.109,2683.363,2683.363,2662.149,TIME,0.001,1.4335,0.2714,14.335,-0.3295,-0.2299,0.571,0.349,480,0.318,1.274,0.05,0.05,0.0,clear,compression -> confirmed range break + momentum,527.9493
2024-12-10 12:16:00+00:00,2024-12-10 14:35:00+00:00,XAUUSD,LONG,BREAKOUT,BULL,0.887,70.0,NO_TRADE,OVERLAP,2677.075,2668.137,2688.247,2688.247,2688.129,TP2,0.002,1.7875,0.3386,8.938,2.2108,1.2368,1.253,0.545,139,0.219,2.167,0.05,0.0,0.0,clear,compression -> confirmed range break + momentum,530.1601
2024-12-10 15:58:00+00:00,2024-12-10 21:00:00+00:00,XAUUSD,LONG,TREND_CONTINUATION,STRONG_BULL,0.947,100.0,A+,OVERLAP,2688.665,2674.491,2706.382,2706.382,2691.499,SESSION_END,0.001,1.4174,0.2673,14.174,0.2834,0.1999,0.474,0.292,302,0.22,2.179,0.05,0.05,0.0,clear,trend pullback + LTF BOS,530.4435
2024-12-13 07:31:00+00:00,2024-12-13 11:24:00+00:00,XAUUSD,SHORT,BREAKOUT,COMPRESSION,0.958,85.0,A,LONDON,2681.396,2695.178,2664.168,2664.168,2664.282,TP2,0.001,1.3782,0.2598,13.782,1.7113,1.2417,1.254,0.242,233,0.216,1.684,0.05,0.0,0.0,clear,compression -> confirmed range break + momentum,532.1548
2024-12-16 08:26:00+00:00,2024-12-16 16:26:00+00:00,XAUUSD,LONG,BREAKOUT,COMPRESSION,0.953,80.0,B,LONDON,2657.978,2646.399,2672.45,2672.45,2650.329,TIME,0.002,2.3157,0.4351,11.578,-1.5296,-0.6606,0.542,0.645,480,0.219,1.621,0.05,0.05,0.0,clear,compression -> confirmed range break + momentum,530.6252
2024-12-17 13:51:00+00:00,2024-12-17 21:00:00+00:00,XAUUSD,SHORT,LIQUIDITY_REVERSAL,BEAR,0.811,100.0,A+,OVERLAP,2637.862,2659.599,2610.69,2610.69,2644.35,SESSION_END,0.001,2.1737,0.4097,21.737,-0.6488,-0.2985,0.233,0.506,429,0.267,2.353,0.05,0.05,0.0,clear,sweep + rejection + CHoCH + displacement,529.9764
2024-12-18 08:22:00+00:00,2024-12-18 16:22:00+00:00,XAUUSD,LONG,LIQUIDITY_REVERSAL,LIQUIDITY_REVERSAL,0.7,85.0,A,LONDON,2646.443,2632.208,2664.237,2664.237,2637.566,TIME,0.001,1.4235,0.2686,14.235,-0.8877,-0.6236,0.217,0.874,480,0.236,1.49,0.05,0.05,0.0,clear,sweep + rejection + CHoCH + displacement,529.0887
2024-12-20 07:36:00+00:00,2024-12-20 14:34:00+00:00,XAUUSD,SHORT,LIQUIDITY_REVERSAL,LIQUIDITY_REVERSAL,1.0,95.0,A+,LONDON,2602.658,2617.615,2583.963,2583.963,2617.859,STOP,0.001,1.4957,0.2827,14.957,-1.5201,-1.0163,0.197,1.005,418,0.193,1.718,0.05,0.12,0.0,clear,sweep + rejection + CHoCH + displacement,527.5686
2025-01-02 09:08:00+00:00,2025-01-02 15:34:00+00:00,XAUUSD,LONG,BREAKOUT,STRONG_BULL,0.912,70.0,NO_TRADE,LONDON,2638.925,2628.693,2651.716,2651.716,2651.575,TP2,0.002,2.0465,0.4093,10.233,2.53,1.2362,1.351,0.625,386,0.283,1.695,0.05,0.0,0.0,clear,compression -> confirmed range break + momentum,502.53
2025-01-06 11:16:00+00:00,2025-01-06 14:16:00+00:00,XAUUSD,LONG,LIQUIDITY_REVERSAL,LIQUIDITY_REVERSAL,0.7,75.0,B,LONDON,2638.165,2618.907,2662.239,2662.239,2618.599,STOP,0.001,1.9259,0.3832,19.259,-1.9566,-1.0159,0.578,1.047,180,0.241,1.773,0.05,0.12,0.0,clear,sweep + rejection + CHoCH + displacement,500.5734
2025-01-08 13:31:00+00:00,2025-01-08 16:53:00+00:00,XAUUSD,SHORT,LIQUIDITY_REVERSAL,LIQUIDITY_REVERSAL,0.7,75.0,B,OVERLAP,2654.708,2669.724,2635.938,2635.938,2670.009,STOP,0.001,1.5016,0.3,15.016,-1.5301,-1.019,0.156,1.001,202,0.315,2.625,0.05,0.12,0.0,clear,sweep + rejection + CHoCH + displacement,499.0432
2025-01-10 10:33:00+00:00,2025-01-10 13:30:00+00:00,XAUUSD,LONG,TREND_CONTINUATION,STRONG_BULL,0.877,85.0,A,LONDON,2681.177,2670.902,2694.022,2694.022,2670.656,STOP,0.002,2.055,0.4118,10.275,-2.1043,-1.0239,0.171,1.624,177,0.265,1.696,0.05,0.12,0.0,clear,trend pullback + LTF BOS,496.939
2025-01-10 13:45:00+00:00,2025-01-10 15:23:00+00:00,XAUUSD,SHORT,LIQUIDITY_REVERSAL,LIQUIDITY_REVERSAL,0.7,85.0,A,OVERLAP,2675.377,2693.348,2652.915,2652.915,2693.675,STOP,0.001,1.797,0.3616,17.97,-1.8298,-1.0182,0.049,1.028,98,0.361,3.553,0.05,0.12,0.0,clear,sweep + rejection + CHoCH + displacement,495.1092
2025-01-13 08:06:00+00:00,2025-01-13 11:59:00+00:00,XAUUSD,LONG,LIQUIDITY_REVERSAL,LIQUIDITY_REVERSAL,0.7,100.0,A+,LONDON,2688.017,2675.738,2703.366,2703.366,2675.5,STOP,0.002,2.4558,0.496,12.279,-2.5034,-1.0194,0.117,1.043,233,0.224,1.65,0.05,0.12,0.0,clear,sweep + rejection + CHoCH + displacement,492.6059
2025-01-14 20:20:00+00:00,2025-01-14 21:00:00+00:00,XAUUSD,SHORT,LIQUIDITY_REVERSAL,LIQUIDITY_REVERSAL,0.8,100.0,A+,NEWYORK,2671.943,2682.819,2658.349,2658.349,2677.024,SESSION_END,0.002,2.1751,0.4416,10.876,-1.0161,-0.4672,0.025,0.423,40,0.224,1.338,0.05,0.05,0.0,clear,sweep + rejection + CHoCH + displacement,491.5897
2025-01-15 13:34:00+00:00,2025-01-15 21:00:00+00:00,XAUUSD,LONG,LIQUIDITY_REVERSAL,BULL,0.55,90.0,A+,OVERLAP,2687.121,2670.604,2707.768,2707.768,2695.817,SESSION_END,0.001,1.6517,0.336,16.517,0.8696,0.5265,0.573,0.647,446,0.224,1.708,0.05,0.05,0.0,clear,sweep + rejection + CHoCH + displacement,492.4593
2025-01-16 00:21:00+00:00,2025-01-16 08:21:00+00:00,XAUUSD,LONG,LIQUIDITY_REVERSAL,BULL,0.57,100.0,A+,ASIA,2697.669,2682.059,2717.181,2717.181,2702.579,TIME,0.001,1.561,0.317,15.61,0.491,0.3146,0.338,0.509,480,0.379,1.316,0.05,0.05,0.0,clear,sweep + rejection + CHoCH + displacement,492.9503
2025-01-16 10:11:00+00:00,2025-01-16 16:36:00+00:00,XAUUSD,LONG,BREAKOUT,BULL,0.93,85.0,A,LONDON,2707.688,2697.158,2720.85,2720.85,2720.673,TP2,0.002,2.106,0.4272,10.53,2.5969,1.2331,1.264,0.733,385,0.266,1.946,0.05,0.0,0.0,clear,compression -> confirmed range break + momentum,495.5473
2025-01-17 14:46:00+00:00,2025-01-17 18:00:00+00:00,XAUUSD,LONG,LIQUIDITY_REVERSAL,LIQUIDITY_REVERSAL,0.8,100.0,A+,OVERLAP,2710.297,2685.601,2741.167,2741.167,2711.947,SESSION_END,0.001,2.4696,0.4984,24.696,0.165,0.0668,0.279,0.052,194,0.284,2.472,0.05,0.05,0.0,clear,sweep + rejection + CHoCH + displacement,495.7123
2025-01-20 13:34:00+00:00,2025-01-20 23:00:00+00:00,XAUUSD,SHORT,LIQUIDITY_REVERSAL,CHOPPY,0.621,85.0,A,OVERLAP,2705.069,2721.419,2684.632,2684.632,2706.931,SESSION_END,0.001,1.635,0.3298,16.35,-0.1862,-0.1139,0.218,0.414,355,0.192,1.42,0.05,0.05,0.0,clear,sweep + rejection + CHoCH + displacement,495.526
2025-01-21 18:27:00+00:00,2025-01-21 21:00:00+00:00,XAUUSD,LONG,TREND_CONTINUATION,STRONG_BULL,0.991,85.0,A,NEWYORK,2743.07,2731.641,2757.357,2757.357,2741.655,SESSION_END,0.002,2.2858,0.4613,11.429,-0.283,-0.1238,0.243,0.28,153,0.244,1.904,0.05,0.05,0.0,clear,trend pullback + LTF BOS,495.2431
2025-01-22 07:11:00+00:00,2025-01-22 15:11:00+00:00,XAUUSD,LONG,LIQUIDITY_REVERSAL,LIQUIDITY_REVERSAL,1.0,100.0,A+,LONDON,2749.926,2736.401,2766.833,2766.833,2752.449,TIME,0.001,1.3526,0.2731,13.526,0.2523,0.1865,0.982,0.243,480,0.223,1.912,0.05,0.05,0.0,clear,sweep + rejection + CHoCH + displacement,495.4954
2025-01-23 20:01:00+00:00,2025-01-23 21:00:00+00:00,XAUUSD,SHORT,LIQUIDITY_REVERSAL,LIQUIDITY_REVERSAL,1.0,85.0,A,NEWYORK,2752.646,2767.366,2734.246,2734.246,2754.019,SESSION_END,0.001,1.472,0.2971,14.72,-0.1373,-0.0933,0.107,0.134,59,0.238,1.509,0.05,0.05,0.0,clear,sweep + rejection + CHoCH + displacement,495.358
2025-01-24 11:36:00+00:00,2025-01-24 18:00:00+00:00,XAUUSD,LONG,BREAKOUT,BULL,0.961,85.0,A,LONDON,2779.26,2768.274,2792.992,2792.992,2772.542,SESSION_END,0.002,2.1971,0.4435,10.986,-1.3436,-0.6115,0.598,0.87,384,0.23,1.788,0.05,0.05,0.0,clear,compression -> confirmed range break + momentum,494.0145
2025-01-29 19:38:00+00:00,2025-01-29 21:00:00+00:00,XAUUSD,LONG,LIQUIDITY_REVERSAL,LIQUIDITY_REVERSAL,0.7,100.0,A+,NEWYORK,2750.08,2733.457,2770.858,2770.858,2753.73,SESSION_END,0.001,1.6622,0.3365,16.622,0.3651,0.2196,0.535,0.0,82,0.369,2.444,0.05,0.05,0.0,clear,sweep + rejection + CHoCH + displacement,494.3795
2025-01-30 08:57:00+00:00,2025-01-30 14:55:00+00:00,XAUUSD,LONG,BREAKOUT,BULL,0.857,85.0,A,LONDON,2775.183,2764.826,2788.13,2788.13,2787.983,TP2,0.002,2.0715,0.419,10.357,2.5599,1.2358,1.293,0.383,358,0.257,1.519,0.05,0.0,0.0,clear,compression -> confirmed range break + momentum,496.9394
2025-01-30 18:25:00+00:00,2025-01-30 21:00:00+00:00,XAUUSD,LONG,TREND_CONTINUATION,STRONG_BULL,1.0,85.0,A,NEWYORK,2796.628,2772.157,2827.217,2827.217,2795.238,SESSION_END,0.001,2.4471,0.4924,24.471,-0.1391,-0.0568,0.059,0.247,155,0.326,2.199,0.05,0.05,0.0,clear,trend pullback + LTF BOS,496.8003
2025-02-04 01:46:00+00:00,2025-02-04 07:23:00+00:00,XAUUSD,LONG,BREAKOUT,COMPRESSION,0.937,80.0,B,ASIA,2823.426,2810.493,2839.592,2839.592,2810.281,STOP,0.001,1.2933,0.2603,12.933,-1.3145,-1.0164,0.079,1.034,337,0.321,1.536,0.05,0.12,0.0,clear,compression -> confirmed range break + momentum,495.4859
2025-02-04 12:56:00+00:00,2025-02-04 13:30:00+00:00,XAUUSD,LONG,BREAKOUT,COMPRESSION,0.968,85.0,A,OVERLAP,2822.177,2811.56,2835.447,2835.447,2835.333,TP2,0.002,2.1233,0.4285,10.617,2.6312,1.2392,1.344,0.095,34,0.184,1.727,0.05,0.0,0.0,clear,compression -> confirmed range break + momentum,498.1171
2025-02-04 14:36:00+00:00,2025-02-04 21:00:00+00:00,XAUUSD,LONG,BREAKOUT,BULL,0.56,85.0,A,OVERLAP,2838.388,2823.414,2857.105,2857.105,2843.171,SESSION_END,0.001,1.4974,0.3006,14.974,0.4783,0.3195,0.464,0.4,384,0.259,2.935,0.05,0.05,0.0,clear,compression -> confirmed range break + momentum,498.5955
2025-02-05 00:38:00+00:00,2025-02-05 06:27:00+00:00,XAUUSD,LONG,BREAKOUT,COMPRESSION,0.974,65.0,NO_TRADE,ASIA,2846.201,2833.955,2861.508,2861.508,2861.305,TP2,0.002,2.4492,0.4912,12.246,3.0209,1.2335,1.264,0.561,349,0.331,1.307,0.05,0.0,0.0,clear,compression -> confirmed range break + momentum,501.6164
2025-02-06 15:45:00+00:00,2025-02-06 21:00:00+00:00,XAUUSD,LONG,LIQUIDITY_REVERSAL,LIQUIDITY_REVERSAL,0.8,95.0,A+,OVERLAP,2848.866,2829.806,2872.69,2872.69,2855.734,SESSION_END,0.001,1.9059,0.38,19.059,0.6869,0.3604,0.437,0.046,315,0.301,3.729,0.05,0.05,0.0,clear,sweep + rejection + CHoCH + displacement,502.3033
2025-02-07 15:16:00+00:00,2025-02-07 16:42:00+00:00,XAUUSD,LONG,BREAKOUT,EXPANSION,0.876,65.0,NO_TRADE,OVERLAP,2879.944,2862.535,2901.705,2901.705,2862.171,STOP,0.001,1.7409,0.3466,17.409,-1.7773,-1.0209,0.383,1.098,86,0.393,4.267,0.05,0.12,0.0,clear,compression -> confirmed range break + momentum,500.5259
2025-02-10 10:55:00+00:00,2025-02-10 18:55:00+00:00,XAUUSD,LONG,TREND_CONTINUATION,STRONG_BULL,0.946,85.0,A,LONDON,2901.635,2889.485,2916.822,2916.822,2904.833,TIME,0.002,2.4299,0.4855,12.15,0.6396,0.2632,0.825,0.447,480,0.24,2.046,0.05,0.05,0.0,clear,trend pullback + LTF BOS,501.1656
2025-02-11 00:57:00+00:00,2025-02-11 02:12:00+00:00,XAUUSD,LONG,BREAKOUT,STRONG_BULL,1.0,70.0,NO_TRADE,ASIA,2923.541,2910.803,2939.463,2939.463,2939.206,TP2,0.001,1.2738,0.2542,12.738,1.5665,1.2298,1.251,0.34,75,0.372,1.842,0.05,0.0,0.0,clear,compression -> confirmed range break + momentum,502.7321
2025-02-12 00:50:00+00:00,2025-02-12 08:50:00+00:00,XAUUSD,SHORT,BREAKOUT,COMPRESSION,0.968,50.0,NO_TRADE,ASIA,2891.697,2902.556,2878.123,2878.123,2891.496,TIME,0.002,2.1718,0.432,10.859,0.0401,0.0185,0.769,0.557,480,0.296,1.467,0.05,0.05,0.0,clear,compression -> confirmed range break + momentum,502.7722
2025-02-12 13:25:00+00:00,2025-02-12 14:11:00+00:00,XAUUSD,SHORT,BREAKOUT,BEAR,0.915,85.0,A,OVERLAP,2876.713,2888.36,2862.154,2862.154,2888.639,STOP,0.002,2.3294,0.4633,11.647,-2.3852,-1.024,1.119,1.188,46,0.224,2.907,0.05,0.12,0.0,clear,compression -> confirmed range break + momentum,500.3869
2025-02-13 01:04:00+00:00,2025-02-13 05:15:00+00:00,XAUUSD,SHORT,LIQUIDITY_REVERSAL,BULL,0.867,80.0,B,ASIA,2903.489,2920.712,2881.961,2881.961,2921.0,STOP,0.001,1.7223,0.3442,17.223,-1.751,-1.0167,0.134,1.005,251,0.331,1.592,0.05,0.12,0.0,clear,sweep + rejection + CHoCH + displacement,498.6359
2025-02-14 08:21:00+00:00,2025-02-14 13:42:00+00:00,XAUUSD,LONG,BREAKOUT,EXPANSION,0.871,85.0,A,LONDON,2938.316,2924.68,2955.36,2955.36,2924.435,STOP,0.001,1.3635,0.2735,13.635,-1.3881,-1.018,0.119,1.091,321,0.241,2.06,0.05,0.12,0.0,clear,compression -> confirmed range break + momentum,497.2478
2025-02-17 08:37:00+00:00,2025-02-17 16:37:00+00:00,XAUUSD,SHORT,LIQUIDITY_REVERSAL,LIQUIDITY_REVERSAL,0.8,100.0,A+,LONDON,2896.034,2914.614,2872.808,2872.808,2897.694,TIME,0.001,1.858,0.3737,18.58,-0.166,-0.0894,0.038,0.548,480,0.223,1.959,0.05,0.05,0.0,clear,sweep + rejection + CHoCH + displacement,497.0818
2025-02-18 13:46:00+00:00,2025-02-18 21:00:00+00:00,XAUUSD,LONG,BREAKOUT,EXPANSION,0.834,85.0,A,OVERLAP,2920.882,2907.215,2937.966,2937.966,2933.085,SESSION_END,0.001,1.3667,0.2749,13.667,1.2203,0.8929,1.166,0.249,434,0.215,1.999,0.05,0.05,0.0,clear,compression -> confirmed range break + momentum,498.3021
2025-02-19 02:32:00+00:00,2025-02-19 10:32:00+00:00,XAUUSD,SHORT,LIQUIDITY_REVERSAL,LIQUIDITY_REVERSAL,0.8,85.0,A,ASIA,2934.006,2951.146,2912.58,2912.58,2944.273,TIME,0.001,1.714,0.344,17.14,-1.0267,-0.599,0.584,0.75,480,0.398,1.602,0.05,0.05,0.0,clear,sweep + rejection + CHoCH + displacement,497.2754
2025-02-20 06:56:00+00:00,2025-02-20 13:47:00+00:00,XAUUSD,LONG,BREAKOUT,BULL,0.935,80.0,B,ASIA,2948.426,2934.734,2965.542,2965.542,2934.471,STOP,0.001,1.3693,0.2754,13.693,-1.3955,-1.0192,0.462,1.021,411,0.382,1.535,0.05,0.12,0.0,clear,compression -> confirmed range break + momentum,495.8798
2025-02-21 00:26:00+00:00,2025-02-21 08:18:00+00:00,XAUUSD,SHORT,LIQUIDITY_REVERSAL,CHOPPY,0.611,80.0,B,ASIA,2938.326,2951.77,2921.521,2921.521,2921.639,TP2,0.001,1.3444,0.2711,13.444,1.6688,1.2412,1.26,0.834,472,0.324,1.26,0.05,0.0,0.0,clear,sweep + rejection + CHoCH + displacement,497.5486
2025-02-24 08:56:00+00:00,2025-02-24 16:56:00+00:00,XAUUSD,LONG,BREAKOUT,COMPRESSION,0.968,80.0,B,LONDON,2947.985,2924.134,2977.799,2977.799,2942.279,TIME,0.001,2.3851,0.4794,23.851,-0.5706,-0.2393,0.337,0.73,480,0.241,2.347,0.05,0.05,0.0,clear,compression -> confirmed range break + momentum,496.9779
2025-02-26 13:56:00+00:00,2025-02-26 14:31:00+00:00,XAUUSD,SHORT,BREAKOUT,COMPRESSION,0.963,80.0,B,OVERLAP,2907.621,2920.707,2891.263,2891.263,2891.401,TP2,0.001,1.3086,0.2633,13.086,1.6219,1.2394,1.302,0.0,35,0.208,2.096,0.05,0.0,0.0,clear,compression -> confirmed range break + momentum,498.5999
2025-02-27 04:33:00+00:00,2025-02-27 08:11:00+00:00,XAUUSD,SHORT,BREAKOUT,BEAR,0.554,85.0,A,ASIA,2901.872,2915.731,2884.547,2884.547,2884.691,TP2,0.001,1.386,0.278,13.86,1.718,1.2396,1.303,0.007,218,0.387,1.835,0.05,0.0,0.0,clear,compression -> confirmed range break + momentum,500.3179
2025-02-28 03:26:00+00:00,2025-02-28 08:47:00+00:00,XAUUSD,SHORT,BREAKOUT,COMPRESSION,0.963,85.0,A,ASIA,2868.969,2883.392,2850.94,2850.94,2851.045,TP2,0.001,1.4423,0.2883,14.423,1.7924,1.2427,1.253,0.043,321,0.412,2.476,0.05,0.0,0.0,clear,compression -> confirmed range break + momentum,502.1103
2025-02-28 12:01:00+00:00,2025-02-28 13:32:00+00:00,XAUUSD,LONG,LIQUIDITY_REVERSAL,LIQUIDITY_REVERSAL,0.8,70.0,NO_TRADE,OVERLAP,2862.453,2852.922,2874.366,2874.366,2852.696,STOP,0.002,1.9061,0.3796,9.53,-1.9512,-1.0237,0.238,1.052,91,0.169,1.762,0.05,0.12,0.0,clear,sweep + rejection + CHoCH + displacement,500.1591
2025-02-28 14:01:00+00:00,2025-02-28 18:00:00+00:00,XAUUSD,SHORT,BREAKOUT,BEAR,1.0,85.0,A,OVERLAP,2847.809,2869.221,2821.044,2821.044,2845.189,SESSION_END,0.001,2.1412,0.4281,21.412,0.262,0.1224,0.717,0.28,239,0.238,3.164,0.05,0.05,0.0,clear,compression -> confirmed range break + momentum,500.4211
2025-03-03 08:01:00+00:00,2025-03-03 14:34:00+00:00,XAUUSD,LONG,LIQUIDITY_REVERSAL,LIQUIDITY_REVERSAL,0.8,80.0,B,LONDON,2863.528,2851.886,2878.08,2878.08,2877.981,TP2,0.002,2.3284,0.4653,11.642,2.8906,1.2415,1.334,0.412,393,0.186,1.639,0.05,0.0,0.0,clear,sweep + rejection + CHoCH + displacement,503.3117
2025-03-04 09:31:00+00:00,2025-03-04 14:58:00+00:00,XAUUSD,LONG,BREAKOUT,STRONG_BULL,0.867,85.0,A,LONDON,2920.43,2905.602,2938.964,2938.964,2905.344,STOP,0.001,1.4828,0.2946,14.828,-1.5086,-1.0174,0.491,1.067,327,0.289,3.11,0.05,0.12,0.0,clear,compression -> confirmed range break + momentum,501.8031
2025-03-05 17:01:00+00:00,2025-03-05 21:00:00+00:00,XAUUSD,SHORT,LIQUIDITY_REVERSAL,LIQUIDITY_REVERSAL,0.8,85.0,A,NEWYORK,2923.569,2944.601,2897.279,2897.279,2922.074,SESSION_END,0.001,2.1032,0.4191,21.032,0.1495,0.0711,0.592,0.0,239,0.352,3.796,0.05,0.05,0.0,clear,sweep + rejection + CHoCH + displacement,501.9525
2025-03-07 13:09:00+00:00,2025-03-07 14:01:00+00:00,XAUUSD,SHORT,LIQUIDITY_REVERSAL,LIQUIDITY_REVERSAL,0.8,70.0,NO_TRADE,OVERLAP,2919.577,2929.637,2907.001,2907.001,2907.148,TP2,0.002,2.0121,0.4008,10.06,2.4857,1.2354,1.625,0.647,52,0.196,1.91,0.05,0.0,0.0,clear,sweep + rejection + CHoCH + displacement,504.4382
2025-03-11 12:43:00+00:00,2025-03-11 20:43:00+00:00,XAUUSD,LONG,LIQUIDITY_REVERSAL,LIQUIDITY_REVERSAL,0.8,80.0,B,OVERLAP,2915.497,2898.913,2936.227,2936.227,2916.034,TIME,0.001,1.6584,0.3288,16.584,0.0538,0.0324,0.395,0.533,480,0.183,1.709,0.05,0.05,0.0,clear,sweep + rejection + CHoCH + displacement,504.492
2025-03-13 11:43:00+00:00,2025-03-13 14:44:00+00:00,XAUUSD,LONG,TREND_CONTINUATION,BULL,0.997,85.0,A,LONDON,2947.815,2936.13,2962.421,2962.421,2962.291,TP2,0.002,2.3369,0.4632,11.685,2.8952,1.2389,1.556,0.777,181,0.22,1.646,0.05,0.0,0.0,clear,trend pullback + LTF BOS,507.3872
2025-03-14 13:36:00+00:00,2025-03-14 18:00:00+00:00,XAUUSD,SHORT,LIQUIDITY_REVERSAL,LIQUIDITY_REVERSAL,0.7,85.0,A,OVERLAP,2989.531,3010.61,2963.182,2963.182,2986.318,SESSION_END,0.001,2.1079,0.4154,21.079,0.3212,0.1524,0.543,0.172,264,0.269,2.928,0.05,0.05,0.0,clear,sweep + rejection + CHoCH + displacement,507.7084
2025-03-18 05:47:00+00:00,2025-03-18 13:47:00+00:00,XAUUSD,LONG,TREND_CONTINUATION,STRONG_BULL,0.938,95.0,A+,ASIA,3013.53,2989.603,3043.438,3043.438,3031.284,TIME,0.001,2.3927,0.4713,23.927,1.7754,0.742,1.025,0.133,480,0.489,2.04,0.05,0.05,0.0,clear,trend pullback + LTF BOS,509.4838
2025-03-19 05:36:00+00:00,2025-03-19 08:44:00+00:00,XAUUSD,LONG,BREAKOUT,BULL,1.0,85.0,A,ASIA,3041.319,3027.249,3058.907,3058.907,3026.996,STOP,0.001,1.407,0.2762,14.07,-1.4323,-1.0179,0.273,1.034,188,0.388,1.434,0.05,0.12,0.0,clear,compression -> confirmed range break + momentum,508.0515
2025-03-20 13:39:00+00:00,2025-03-20 22:00:00+00:00,XAUUSD,LONG,LIQUIDITY_REVERSAL,LIQUIDITY_REVERSAL,0.7,100.0,A+,OVERLAP,3037.322,3013.056,3067.653,3067.653,3044.314,SESSION_END,0.001,2.4266,0.4776,24.266,0.6993,0.2882,0.355,0.285,441,0.253,2.85,0.05,0.05,0.0,clear,sweep + rejection + CHoCH + displacement,508.7508
2025-03-26 08:16:00+00:00,2025-03-26 15:01:00+00:00,XAUUSD,SHORT,LIQUIDITY_REVERSAL,LIQUIDITY_REVERSAL,0.7,75.0,B,LONDON,3028.302,3039.972,3013.713,3013.713,3013.848,TP2,0.002,2.3342,0.4588,11.671,2.8907,1.2384,1.288,0.17,405,0.227,1.503,0.05,0.0,0.0,clear,sweep + rejection + CHoCH + displacement,511.6415
2025-03-31 09:58:00+00:00,2025-03-31 10:48:00+00:00,XAUUSD,LONG,TREND_CONTINUATION,STRONG_BULL,1.0,85.0,A,LONDON,3122.565,3112.432,3135.232,3135.232,3112.198,STOP,0.002,2.0266,0.3961,10.133,-2.0735,-1.0231,0.057,1.008,50,0.235,2.461,0.05,0.12,0.0,clear,trend pullback + LTF BOS,509.568
2025-04-01 03:16:00+00:00,2025-04-01 11:16:00+00:00,XAUUSD,LONG,BREAKOUT,BULL,0.874,85.0,A,ASIA,3138.462,3121.878,3159.193,3159.193,3135.832,TIME,0.001,1.6584,0.3255,16.584,-0.263,-0.1586,0.625,0.877,480,0.414,2.757,0.05,0.05,0.0,clear,compression -> confirmed range break + momentum,509.305
2025-04-02 03:24:00+00:00,2025-04-02 06:33:00+00:00,XAUUSD,SHORT,LIQUIDITY_REVERSAL,BULL,0.804,75.0,B,ASIA,3130.858,3146.051,3111.866,3111.866,3112.065,TP2,0.001,1.5193,0.2983,15.193,1.8793,1.2369,1.504,0.178,189,0.394,2.355,0.05,0.0,0.0,clear,sweep + rejection + CHoCH + displacement,511.1843
2025-04-03 18:01:00+00:00,2025-04-03 21:00:00+00:00,XAUUSD,SHORT,TREND_CONTINUATION,BEAR,0.952,85.0,A,NEWYORK,3106.196,3126.716,3080.545,3080.545,3108.892,SESSION_END,0.001,2.052,0.4014,20.52,-0.2696,-0.1314,0.317,0.337,179,0.304,5.017,0.05,0.05,0.0,clear,trend pullback + LTF BOS,510.9147
2025-04-04 03:31:00+00:00,2025-04-04 11:31:00+00:00,XAUUSD,SHORT,BREAKOUT,COMPRESSION,0.979,80.0,B,ASIA,3102.928,3124.885,3075.482,3075.482,3108.221,TIME,0.001,2.1957,0.4298,21.957,-0.5293,-0.2411,1.124,0.308,480,0.334,2.706,0.05,0.05,0.0,clear,compression -> confirmed range break + momentum,510.3853
2025-04-07 14:19:00+00:00,2025-04-07 14:43:00+00:00,XAUUSD,LONG,LIQUIDITY_REVERSAL,CHOPPY,0.641,80.0,B,OVERLAP,3026.494,3003.179,3055.639,3055.639,3002.953,STOP,0.001,2.3315,0.4568,23.315,-2.3542,-1.0097,0.157,1.061,24,0.199,5.708,0.05,0.12,0.0,clear,sweep + rejection + CHoCH + displacement,508.0312
2025-04-08 02:14:00+00:00,2025-04-08 10:14:00+00:00,XAUUSD,LONG,BREAKOUT,COMPRESSION,1.0,50.0,NO_TRADE,ASIA,2995.591,2971.615,3025.561,3025.561,3002.832,TIME,0.001,2.3976,0.4719,23.976,0.7241,0.302,0.833,0.263,480,0.312,3.786,0.05,0.05,0.0,clear,compression -> confirmed range break + momentum,508.7552
2025-04-08 18:06:00+00:00,2025-04-08 21:00:00+00:00,XAUUSD,SHORT,BREAKOUT,EXPANSION,0.871,85.0,A,NEWYORK,2983.272,3002.033,2959.822,2959.822,2985.137,SESSION_END,0.001,1.8761,0.3688,18.761,-0.1864,-0.0994,0.464,0.463,174,0.253,4.339,0.05,0.05,0.0,clear,compression -> confirmed range break + momentum,508.5688
2025-04-09 18:23:00+00:00,2025-04-09 18:27:00+00:00,XAUUSD,LONG,TREND_CONTINUATION,STRONG_BULL,1.0,85.0,A,NEWYORK,3087.2,3067.147,3112.265,3112.265,3066.865,STOP,0.001,2.0052,0.3943,20.052,-2.0335,-1.0141,0.015,1.017,4,0.269,4.859,0.05,0.12,0.0,clear,trend pullback + LTF BOS,506.5353
2025-04-10 09:03:00+00:00,2025-04-10 13:30:00+00:00,XAUUSD,SHORT,LIQUIDITY_REVERSAL,LIQUIDITY_REVERSAL,0.7,70.0,NO_TRADE,LONDON,3113.505,3130.949,3091.699,3091.699,3131.158,STOP,0.001,1.7445,0.3444,17.445,-1.7653,-1.0119,0.593,1.16,267,0.201,4.263,0.05,0.12,0.0,clear,sweep + rejection + CHoCH + displacement,504.77
2025-04-10 13:47:00+00:00,2025-04-10 15:25:00+00:00,XAUUSD,SHORT,LIQUIDITY_REVERSAL,LIQUIDITY_REVERSAL,0.7,70.0,NO_TRADE,OVERLAP,3127.933,3148.757,3101.902,3101.902,3148.996,STOP,0.001,2.0824,0.4126,20.824,-2.1063,-1.0115,0.575,1.016,98,0.205,4.989,0.05,0.12,0.0,clear,sweep + rejection + CHoCH + displacement,502.6637
2025-04-11 00:06:00+00:00,2025-04-11 01:43:00+00:00,XAUUSD,LONG,BREAKOUT,STRONG_BULL,1.0,95.0,A+,ASIA,3189.695,3169.607,3214.805,3214.805,3214.615,TP2,0.001,2.0088,0.3996,20.088,2.492,1.2406,1.402,0.357,97,0.34,3.784,0.05,0.0,0.0,clear,compression -> confirmed range break + momentum,505.1557
2025-04-14 14:20:00+00:00,2025-04-14 21:00:00+00:00,XAUUSD,SHORT,BREAKOUT,EXPANSION,0.95,55.0,NO_TRADE,OVERLAP,3198.628,3219.587,3172.43,3172.43,3212.902,SESSION_END,0.001,2.0959,0.4149,20.959,-1.4274,-0.6811,0.201,0.846,400,0.234,5.428,0.05,0.05,0.0,clear,compression -> confirmed range break + momentum,503.7283
2025-04-15 02:16:00+00:00,2025-04-15 10:16:00+00:00,XAUUSD,LONG,BREAKOUT,COMPRESSION,0.989,95.0,A+,ASIA,3216.885,3200.944,3236.811,3236.811,3228.312,TIME,0.001,1.5941,0.3165,15.941,1.1427,0.7169,0.978,0.009,480,0.3,2.108,0.05,0.05,0.0,clear,compression -> confirmed range break + momentum,504.871
2025-04-16 18:31:00+00:00,2025-04-16 21:00:00+00:00,XAUUSD,LONG,TREND_CONTINUATION,STRONG_BULL,1.0,85.0,A,NEWYORK,3325.079,3311.099,3342.556,3342.556,3337.453,SESSION_END,0.001,1.3981,0.2769,13.981,1.2374,0.8851,1.241,0.003,149,0.249,3.409,0.05,0.05,0.0,clear,trend pullback + LTF BOS,506.1084
2025-04-17 13:16:00+00:00,2025-04-17 14:52:00+00:00,XAUUSD,LONG,BREAKOUT,COMPRESSION,0.947,85.0,A,OVERLAP,3334.506,3316.216,3357.368,3357.368,3315.973,STOP,0.001,1.8289,0.3614,18.289,-1.8533,-1.0133,0.212,1.081,96,0.202,3.707,0.05,0.12,0.0,clear,compression -> confirmed range break + momentum,504.2551
2025-04-21 07:42:00+00:00,2025-04-21 13:19:00+00:00,XAUUSD,LONG,BREAKOUT,COMPRESSION,0.932,80.0,B,LONDON,3391.02,3377.784,3407.565,3407.565,3407.471,TP2,0.001,1.3236,0.2625,13.236,1.6451,1.2429,1.26,0.714,337,0.21,3.232,0.05,0.0,0.0,clear,compression -> confirmed range break + momentum,505.9002
2025-04-21 13:52:00+00:00,2025-04-21 21:00:00+00:00,XAUUSD,LONG,BREAKOUT,BULL,0.852,85.0,A,OVERLAP,3409.263,3384.902,3439.714,3439.714,3420.832,SESSION_END,0.001,2.4361,0.4815,24.361,1.1569,0.4749,0.866,0.183,428,0.216,3.87,0.05,0.05,0.0,clear,compression -> confirmed range break + momentum,507.0571
2025-04-23 14:21:00+00:00,2025-04-23 14:50:00+00:00,XAUUSD,SHORT,BREAKOUT,COMPRESSION,0.958,80.0,B,OVERLAP,3304.996,3329.809,3273.979,3273.979,3274.102,TP2,0.001,2.4813,0.4894,24.813,3.0894,1.2451,1.289,0.177,29,0.198,6.059,0.05,0.0,0.0,clear,compression -> confirmed range break + momentum,510.1465
2025-04-25 14:16:00+00:00,2025-04-25 18:00:00+00:00,XAUUSD,SHORT,BREAKOUT,STRONG_BEAR,0.893,70.0,NO_TRADE,OVERLAP,3281.501,3306.471,3250.29,3250.29,3284.665,SESSION_END,0.001,2.4969,0.4895,24.969,-0.3164,-0.1267,0.669,0.234,224,0.227,5.567,0.05,0.05,0.0,clear,compression -> confirmed range break + momentum,509.8301
2025-04-28 06:36:00+00:00,2025-04-28 14:36:00+00:00,XAUUSD,SHORT,LIQUIDITY_REVERSAL,CHOPPY,0.575,90.0,A+,ASIA,3294.524,3315.647,3268.12,3268.12,3294.667,TIME,0.001,2.1123,0.4143,21.123,-0.0143,-0.0068,1.016,0.357,480,0.343,3.457,0.05,0.05,0.0,clear,sweep + rejection + CHoCH + displacement,509.8158
2025-05-01 11:01:00+00:00,2025-05-01 19:01:00+00:00,XAUUSD,SHORT,BREAKOUT,COMPRESSION,0.905,80.0,B,LONDON,3217.808,3237.937,3192.646,3192.646,3213.928,TIME,0.001,2.0129,0.3948,20.129,0.388,0.1928,0.801,0.758,480,0.195,3.15,0.05,0.05,0.0,clear,compression -> confirmed range break + momentum,510.2038
2025-05-02 03:26:00+00:00,2025-05-02 10:44:00+00:00,XAUUSD,LONG,BREAKOUT,COMPRESSION,0.995,65.0,NO_TRADE,ASIA,3246.576,3231.119,3265.897,3265.897,3265.797,TP2,0.001,1.5457,0.303,15.457,1.922,1.2435,1.266,0.227,438,0.362,3.435,0.05,0.0,0.0,clear,compression -> confirmed range break + momentum,512.1259
2025-05-05 10:56:00+00:00,2025-05-05 18:56:00+00:00,XAUUSD,LONG,BREAKOUT,STRONG_BULL,0.944,85.0,A,LONDON,3305.016,3286.048,3328.725,3328.725,3316.912,TIME,0.001,1.8967,0.3704,18.967,1.1897,0.6272,1.234,0.028,480,0.261,4.129,0.05,0.05,0.0,clear,compression -> confirmed range break + momentum,513.3155
2025-05-06 20:22:00+00:00,2025-05-06 21:00:00+00:00,XAUUSD,LONG,TREND_CONTINUATION,STRONG_BULL,1.0,85.0,A,NEWYORK,3416.056,3403.689,3431.515,3431.515,3420.966,SESSION_END,0.002,2.4735,0.4819,12.367,0.982,0.397,0.629,0.123,38,0.202,2.582,0.05,0.05,0.0,clear,trend pullback + LTF BOS,514.2975
2025-05-08 20:08:00+00:00,2025-05-08 21:00:00+00:00,XAUUSD,SHORT,TREND_CONTINUATION,STRONG_BEAR,0.949,85.0,A,NEWYORK,3302.941,3327.949,3271.681,3271.681,3309.138,SESSION_END,0.001,2.5008,0.4863,25.008,-0.6197,-0.2478,0.58,0.267,52,0.227,3.645,0.05,0.05,0.0,clear,trend pullback + LTF BOS,513.6779
2025-05-13 01:12:00+00:00,2025-05-13 02:35:00+00:00,XAUUSD,LONG,BREAKOUT,COMPRESSION,0.979,65.0,NO_TRADE,ASIA,3242.548,3220.736,3269.813,3269.813,3220.434,STOP,0.001,2.1812,0.4246,21.812,-2.2114,-1.0139,0.025,1.045,83,0.306,2.585,0.05,0.12,0.0,clear,compression -> confirmed range break + momentum,511.4665
2025-05-13 13:01:00+00:00,2025-05-13 21:00:00+00:00,XAUUSD,SHORT,BREAKOUT,COMPRESSION,0.979,95.0,A+,OVERLAP,3248.415,3268.257,3223.612,3223.612,3248.744,SESSION_END,0.001,1.9842,0.388,19.842,-0.0329,-0.0166,1.173,0.465,479,0.18,2.99,0.05,0.05,0.0,clear,compression -> confirmed range break + momentum,511.4336
2025-05-14 00:07:00+00:00,2025-05-14 01:09:00+00:00,XAUUSD,LONG,BREAKOUT,COMPRESSION,0.926,50.0,NO_TRADE,ASIA,3256.618,3245.585,3270.41,3270.41,3245.301,STOP,0.002,2.2066,0.4315,11.033,-2.2634,-1.0257,0.0,1.051,62,0.306,1.894,0.05,0.12,0.0,clear,compression -> confirmed range break + momentum,509.1702
2025-05-14 05:16:00+00:00,2025-05-14 08:58:00+00:00,XAUUSD,SHORT,BREAKOUT,STRONG_BEAR,0.9,80.0,B,ASIA,3222.563,3238.499,3202.644,3202.644,3238.74,STOP,0.001,1.5936,0.313,15.936,-1.6177,-1.0151,0.035,1.004,222,0.423,3.232,0.05,0.12,0.0,clear,compression -> confirmed range break + momentum,507.5525
2025-05-19 00:01:00+00:00,2025-05-19 02:55:00+00:00,XAUUSD,LONG,BREAKOUT,EXPANSION,0.929,50.0,NO_TRADE,ASIA,3237.763,3217.36,3263.267,3263.267,3216.985,STOP,0.001,2.0403,0.402,20.403,-2.0778,-1.0184,0.575,1.089,174,0.476,4.964,0.05,0.12,0.0,clear,compression -> confirmed range break + momentum,505.4747
2025-05-19 18:35:00+00:00,2025-05-19 21:00:00+00:00,XAUUSD,SHORT,LIQUIDITY_REVERSAL,CHOPPY,0.589,80.0,B,NEWYORK,3229.202,3242.185,3212.973,3212.973,3233.196,SESSION_END,0.001,1.2983,0.2568,12.983,-0.3994,-0.3077,0.321,0.498,145,0.206,2.735,0.05,0.05,0.0,clear,sweep + rejection + CHoCH + displacement,505.0753
2025-05-21 11:46:00+00:00,2025-05-21 19:46:00+00:00,XAUUSD,SHORT,LIQUIDITY_REVERSAL,LIQUIDITY_REVERSAL,0.7,85.0,A,LONDON,3310.401,3335.366,3279.195,3279.195,3314.917,TIME,0.001,2.4965,0.4943,24.965,-0.4516,-0.1809,0.79,0.236,480,0.207,2.863,0.05,0.05,0.0,clear,sweep + rejection + CHoCH + displacement,504.6237
2025-05-22 02:13:00+00:00,2025-05-22 10:00:00+00:00,XAUUSD,LONG,BREAKOUT,COMPRESSION,0.989,65.0,NO_TRADE,ASIA,3329.592,3307.917,3356.685,3356.685,3307.676,STOP,0.001,2.1675,0.4295,21.675,-2.1916,-1.0111,0.72,1.02,467,0.388,2.975,0.05,0.12,0.0,clear,compression -> confirmed range break + momentum,502.4321
2025-05-23 13:47:00+00:00,2025-05-23 18:00:00+00:00,XAUUSD,LONG,BREAKOUT,STRONG_BULL,0.914,85.0,A,OVERLAP,3358.535,3333.414,3389.937,3389.937,3359.456,SESSION_END,0.001,2.5121,0.5,25.121,0.0921,0.0367,0.233,0.887,253,0.32,6.215,0.05,0.05,0.0,clear,compression -> confirmed range break + momentum,502.5243
2025-05-29 10:28:00+00:00,2025-05-29 11:16:00+00:00,XAUUSD,LONG,LIQUIDITY_REVERSAL,LIQUIDITY_REVERSAL,0.8,75.0,B,LONDON,3278.598,3268.309,3291.458,3291.458,3291.356,TP2,0.002,2.0577,0.4095,10.288,2.5517,1.2401,1.281,0.067,48,0.199,2.503,0.05,0.0,0.0,clear,sweep + rejection + CHoCH + displacement,505.0759
2025-05-30 01:38:00+00:00,2025-05-30 02:21:00+00:00,XAUUSD,SHORT,BREAKOUT,COMPRESSION,0.989,50.0,NO_TRADE,ASIA,3310.251,3321.715,3295.921,3295.921,3322.019,STOP,0.002,2.2928,0.4539,11.464,-2.3536,-1.0265,0.092,1.003,43,0.308,1.842,0.05,0.12,0.0,clear,compression -> confirmed range break + momentum,502.7223
2025-05-30 03:06:00+00:00,2025-05-30 11:06:00+00:00,XAUUSD,SHORT,BREAKOUT,COMPRESSION,0.979,65.0,NO_TRADE,ASIA,3307.101,3323.539,3286.553,3286.553,3299.697,TIME,0.001,1.6438,0.327,16.438,0.7403,0.4504,1.214,0.125,480,0.429,3.313,0.05,0.05,0.0,clear,compression -> confirmed range break + momentum,503.4627
2025-06-02 07:06:00+00:00,2025-06-02 07:41:00+00:00,XAUUSD,LONG,BREAKOUT,BULL,0.84,80.0,B,LONDON,3326.457,3313.697,3342.406,3342.406,3342.289,TP2,0.001,1.276,0.2534,12.76,1.5832,1.2408,1.296,0.089,35,0.204,2.38,0.05,0.0,0.0,clear,compression -> confirmed range break + momentum,505.0459
2025-06-02 08:06:00+00:00,2025-06-02 14:46:00+00:00,XAUUSD,LONG,BREAKOUT,STRONG_BULL,0.893,85.0,A,LONDON,3346.948,3328.722,3369.731,3369.731,3369.608,TP2,0.001,1.8226,0.3609,18.226,2.266,1.2433,1.263,0.153,400,0.246,3.303,0.05,0.0,0.0,clear,compression -> confirmed range break + momentum,507.3119
2025-06-02 20:59:00+00:00,2025-06-02 21:00:00+00:00,XAUUSD,LONG,BREAKOUT,COMPRESSION,0.953,80.0,B,NEWYORK,3382.269,3373.847,3392.796,3392.796,3380.346,SESSION_END,0.003,2.5266,0.498,8.422,-0.5769,-0.2283,0.0,0.175,1,0.188,1.74,0.05,0.05,0.0,clear,compression -> confirmed range break + momentum,506.735
2025-06-03 13:06:00+00:00,2025-06-03 21:00:00+00:00,XAUUSD,SHORT,LIQUIDITY_REVERSAL,LIQUIDITY_REVERSAL,1.0,80.0,B,OVERLAP,3353.766,3374.608,3327.713,3327.713,3353.811,SESSION_END,0.001,2.0842,0.4113,20.842,-0.0045,-0.0021,1.017,0.441,474,0.164,2.013,0.05,0.05,0.0,clear,sweep + rejection + CHoCH + displacement,506.7306
2025-06-05 10:56:00+00:00,2025-06-05 14:02:00+00:00,XAUUSD,LONG,BREAKOUT,EXPANSION,0.855,85.0,A,LONDON,3389.699,3372.099,3411.7,3411.7,3371.825,STOP,0.001,1.7601,0.3473,17.601,-1.7874,-1.0156,0.766,1.01,186,0.249,3.088,0.05,0.12,0.0,clear,compression -> confirmed range break + momentum,504.9431
2025-06-06 15:10:00+00:00,2025-06-06 18:00:00+00:00,XAUUSD,SHORT,BREAKOUT,BEAR,0.918,70.0,NO_TRADE,OVERLAP,3338.101,3361.944,3308.298,3308.298,3323.664,SESSION_END,0.001,2.3842,0.4722,23.842,1.4438,0.6055,0.924,0.16,170,0.347,5.856,0.05,0.05,0.0,clear,compression -> confirmed range break + momentum,506.3869
2025-06-09 12:56:00+00:00,2025-06-09 17:22:00+00:00,XAUUSD,SHORT,LIQUIDITY_REVERSAL,LIQUIDITY_REVERSAL,0.7,95.0,A+,OVERLAP,3316.058,3333.002,3294.878,3294.878,3333.24,STOP,0.001,1.6944,0.3346,16.944,-1.7182,-1.014,0.327,1.006,266,0.194,2.436,0.05,0.12,0.0,clear,sweep + rejection + CHoCH + displacement,504.6687
2025-06-10 02:07:00+00:00,2025-06-10 10:07:00+00:00,XAUUSD,LONG,LIQUIDITY_REVERSAL,BEAR,0.797,75.0,B,ASIA,3318.563,3300.691,3340.905,3340.905,3328.293,TIME,0.001,1.7873,0.3542,17.873,0.9729,0.5443,0.907,0.944,480,0.417,2.676,0.05,0.05,0.0,clear,sweep + rejection + CHoCH + displacement,505.6416
2025-06-12 11:34:00+00:00,2025-06-12 19:34:00+00:00,XAUUSD,LONG,BREAKOUT,BULL,0.882,85.0,A,LONDON,3380.375,3355.76,3411.142,3411.142,3383.897,TIME,0.001,2.4614,0.4868,24.614,0.3523,0.1431,0.746,0.302,480,0.279,4.086,0.05,0.05,0.0,clear,compression -> confirmed range break + momentum,505.9939
2025-06-13 00:52:00+00:00,2025-06-13 01:07:00+00:00,XAUUSD,LONG,BREAKOUT,COMPRESSION,0.984,65.0,NO_TRADE,ASIA,3389.998,3375.407,3408.238,3408.238,3408.061,TP2,0.001,1.4592,0.2884,14.592,1.8063,1.2379,1.355,0.0,15,0.287,1.851,0.05,0.0,0.0,clear,compression -> confirmed range break + momentum,507.8001
2025-06-13 01:58:00+00:00,2025-06-13 09:58:00+00:00,XAUUSD,LONG,BREAKOUT,BULL,0.814,80.0,B,ASIA,3417.174,3393.602,3446.639,3446.639,3424.741,TIME,0.001,2.3572,0.4642,23.572,0.7567,0.321,1.143,0.4,480,0.558,5.724,0.05,0.05,0.0,clear,compression -> confirmed range break + momentum,508.5569
2025-06-13 14:36:00+00:00,2025-06-13 15:58:00+00:00,XAUUSD,LONG,BREAKOUT,BULL,0.981,85.0,A,OVERLAP,3445.651,3424.077,3472.618,3472.618,3423.834,STOP,0.001,2.1574,0.4242,21.574,-2.1817,-1.0113,0.046,1.027,82,0.211,4.019,0.05,0.12,0.0,clear,compression -> confirmed range break + momentum,506.3752
2025-06-16 12:36:00+00:00,2025-06-16 14:54:00+00:00,XAUUSD,SHORT,LIQUIDITY_REVERSAL,LIQUIDITY_REVERSAL,0.8,80.0,B,OVERLAP,3418.051,3432.776,3399.645,3399.645,3399.757,TP2,0.001,1.4725,0.2908,14.725,1.8294,1.2424,1.929,0.095,138,0.168,2.641,0.05,0.0,0.0,clear,sweep + rejection + CHoCH + displacement,508.2046
2025-06-18 02:46:00+00:00,2025-06-18 05:45:00+00:00,XAUUSD,SHORT,BREAKOUT,COMPRESSION,0.937,95.0,A+,ASIA,3379.724,3397.996,3356.884,3356.884,3398.291,STOP,0.001,1.8272,0.3595,18.272,-1.8567,-1.0161,0.513,1.053,179,0.362,2.442,0.05,0.12,0.0,clear,compression -> confirmed range break + momentum,506.3479
2025-06-19 07:33:00+00:00,2025-06-19 08:43:00+00:00,XAUUSD,SHORT,BREAKOUT,BEAR,0.841,85.0,A,LONDON,3349.699,3367.835,3327.028,3327.028,3368.114,STOP,0.001,1.8136,0.3582,18.136,-1.8416,-1.0154,0.134,1.04,70,0.293,3.813,0.05,0.12,0.0,clear,compression -> confirmed range break + momentum,504.5064
2025-06-19 18:17:00+00:00,2025-06-19 23:00:00+00:00,XAUUSD,LONG,BREAKOUT,COMPRESSION,0.974,50.0,NO_TRADE,NEWYORK,3373.405,3364.419,3384.638,3384.638,3369.202,SESSION_END,0.002,1.7973,0.3562,8.986,-0.8407,-0.4678,0.199,0.867,72,0.221,2.179,0.05,0.05,0.0,clear,compression -> confirmed range break + momentum,503.6657
2025-06-23 02:31:00+00:00,2025-06-23 10:31:00+00:00,XAUUSD,SHORT,BREAKOUT,EXPANSION,0.871,60.0,NO_TRADE,ASIA,3354.247,3376.304,3326.676,3326.676,3363.327,TIME,0.001,2.2057,0.4379,22.057,-0.908,-0.4117,0.343,0.663,480,0.555,4.146,0.05,0.05,0.0,clear,compression -> confirmed range break + momentum,502.7577
2025-06-24 10:07:00+00:00,2025-06-24 14:39:00+00:00,XAUUSD,SHORT,TREND_CONTINUATION,BEAR,0.608,90.0,A+,LONDON,3323.195,3341.665,3300.107,3300.107,3300.234,TP2,0.001,1.847,0.3674,18.47,2.296,1.2431,1.277,0.303,272,0.228,3.408,0.05,0.0,0.0,clear,trend pullback + LTF BOS,505.0537
2025-06-24 14:46:00+00:00,2025-06-24 20:34:00+00:00,XAUUSD,SHORT,BREAKOUT,STRONG_BEAR,0.996,65.0,NO_TRADE,OVERLAP,3301.31,3321.467,3276.115,3276.115,3321.675,STOP,0.001,2.0156,0.3991,20.156,-2.0365,-1.0104,0.308,1.028,348,0.275,4.943,0.05,0.12,0.0,clear,compression -> confirmed range break + momentum,503.0172
2025-06-25 02:18:00+00:00,2025-06-25 10:18:00+00:00,XAUUSD,LONG,BREAKOUT,COMPRESSION,0.989,65.0,NO_TRADE,ASIA,3332.093,3319.486,3347.853,3347.853,3322.774,TIME,0.001,1.2607,0.2506,12.607,-0.9319,-0.7392,0.377,0.83,480,0.291,1.738,0.05,0.05,0.0,clear,compression -> confirmed range break + momentum,502.0853
2025-06-26 01:06:00+00:00,2025-06-26 09:06:00+00:00,XAUUSD,SHORT,LIQUIDITY_REVERSAL,LIQUIDITY_REVERSAL,0.7,95.0,A+,ASIA,3334.034,3352.814,3310.559,3310.559,3346.154,TIME,0.001,1.878,0.374,18.78,-1.212,-0.6454,0.268,0.693,480,0.382,1.839,0.05,0.05,0.0,clear,sweep + rejection + CHoCH + displacement,500.8733
2025-06-26 13:26:00+00:00,2025-06-26 14:33:00+00:00,XAUUSD,LONG,LIQUIDITY_REVERSAL,LIQUIDITY_REVERSAL,0.8,100.0,A+,OVERLAP,3338.483,3315.287,3367.477,3367.477,3314.995,STOP,0.001,2.3195,0.4631,23.195,-2.3487,-1.0126,0.234,1.01,67,0.216,2.251,0.05,0.12,0.0,clear,sweep + rejection + CHoCH + displacement,498.5245
2025-06-27 03:28:00+00:00,2025-06-27 06:12:00+00:00,XAUUSD,SHORT,TREND_CONTINUATION,BEAR,0.944,80.0,B,ASIA,3314.343,3333.286,3290.664,3290.664,3290.89,TP2,0.001,1.8943,0.38,18.943,2.3452,1.238,1.338,0.0,164,0.465,2.582,0.05,0.0,0.0,clear,trend pullback + LTF BOS,500.8698
2025-06-27 12:57:00+00:00,2025-06-27 14:01:00+00:00,XAUUSD,SHORT,TREND_CONTINUATION,STRONG_BEAR,1.0,85.0,A,OVERLAP,3282.364,3294.718,3266.921,3266.921,3267.072,TP2,0.002,2.4708,0.4933,12.354,3.0584,1.2378,1.348,0.0,64,0.242,2.993,0.05,0.0,0.0,clear,trend pullback + LTF BOS,503.9281
2025-06-30 00:58:00+00:00,2025-06-30 05:50:00+00:00,XAUUSD,SHORT,TREND_CONTINUATION,BEAR,0.592,70.0,NO_TRADE,ASIA,3264.129,3283.636,3239.746,3239.746,3283.92,STOP,0.001,1.9507,0.3871,19.507,-1.979,-1.0145,0.253,1.077,292,0.451,3.442,0.05,0.12,0.0,clear,trend pullback + LTF BOS,501.9491
2025-06-30 11:41:00+00:00,2025-06-30 17:59:00+00:00,XAUUSD,SHORT,LIQUIDITY_REVERSAL,LIQUIDITY_REVERSAL,0.8,90.0,A+,LONDON,3283.088,3297.153,3265.507,3265.507,3297.38,STOP,0.001,1.4065,0.2802,14.065,-1.4292,-1.0161,0.617,1.011,378,0.194,2.286,0.05,0.12,0.0,clear,sweep + rejection + CHoCH + displacement,500.5199
2025-07-01 03:40:00+00:00,2025-07-01 09:03:00+00:00,XAUUSD,LONG,TREND_CONTINUATION,STRONG_BULL,1.0,75.0,B,ASIA,3316.352,3296.491,3341.178,3341.178,3341.05,TP2,0.001,1.9861,0.3972,19.861,2.4699,1.2436,1.269,0.05,323,0.434,2.174,0.05,0.0,0.0,clear,trend pullback + LTF BOS,502.4699
2025-07-01 09:08:00+00:00,2025-07-01 13:20:00+00:00,XAUUSD,LONG,BREAKOUT,STRONG_BULL,1.0,70.0,NO_TRADE,LONDON,3341.127,3330.514,3354.394,3354.394,3354.294,TP2,0.002,2.1226,0.4224,10.613,2.6332,1.2406,1.33,0.431,252,0.259,2.563,0.05,0.0,0.0,clear,compression -> confirmed range break + momentum,505.1031
2025-07-02 12:21:00+00:00,2025-07-02 20:21:00+00:00,XAUUSD,SHORT,LIQUIDITY_REVERSAL,LIQUIDITY_REVERSAL,0.8,85.0,A,OVERLAP,3342.658,3358.511,3322.843,3322.843,3355.994,TIME,0.001,1.5853,0.3138,15.853,-1.3335,-0.8412,0.569,0.91,480,0.193,2.022,0.05,0.05,0.0,clear,sweep + rejection + CHoCH + displacement,503.7696
2025-07-03 06:51:00+00:00,2025-07-03 13:30:00+00:00,XAUUSD,LONG,BREAKOUT,COMPRESSION,0.968,80.0,B,ASIA,3355.975,3341.891,3373.579,3373.579,3341.66,STOP,0.001,1.4084,0.2796,14.084,-1.4314,-1.0164,0.538,1.889,399,0.34,1.498,0.05,0.12,0.0,clear,compression -> confirmed range break + momentum,502.3381
2025-07-03 18:32:00+00:00,2025-07-03 21:00:00+00:00,XAUUSD,SHORT,LIQUIDITY_REVERSAL,LIQUIDITY_REVERSAL,0.8,75.0,B,NEWYORK,3330.18,3344.932,3311.74,3311.74,3328.735,SESSION_END,0.001,1.4752,0.2937,14.752,0.1445,0.098,0.215,0.032,148,0.23,1.85,0.05,0.05,0.0,clear,sweep + rejection + CHoCH + displacement,502.4826
2025-07-04 02:22:00+00:00,2025-07-04 10:22:00+00:00,XAUUSD,LONG,BREAKOUT,COMPRESSION,0.953,65.0,NO_TRADE,ASIA,3333.526,3319.198,3351.435,3351.435,3339.59,TIME,0.001,1.4327,0.2851,14.327,0.6064,0.4233,0.794,0.533,480,0.355,1.614,0.05,0.05,0.0,clear,compression -> confirmed range break + momentum,503.0891
2025-07-04 10:27:00+00:00,2025-07-06 23:00:00+00:00,XAUUSD,SHORT,LIQUIDITY_REVERSAL,LIQUIDITY_REVERSAL,0.7,75.0,B,LONDON,3338.377,3352.927,3320.19,3320.19,3337.318,SESSION_END,0.001,1.455,0.2892,14.55,0.1059,0.0728,0.539,0.071,452,0.216,1.804,0.05,0.05,0.0,clear,sweep + rejection + CHoCH + displacement,503.195
2025-07-07 12:47:00+00:00,2025-07-07 15:13:00+00:00,XAUUSD,SHORT,TREND_CONTINUATION,STRONG_BEAR,1.0,85.0,A,OVERLAP,3303.432,3317.065,3286.39,3286.39,3317.333,STOP,0.001,1.3633,0.2709,13.633,-1.3901,-1.0196,0.245,1.105,146,0.266,2.934,0.05,0.12,0.0,clear,trend pullback + LTF BOS,501.8049
2025-07-08 08:11:00+00:00,2025-07-08 09:07:00+00:00,XAUUSD,LONG,BREAKOUT,COMPRESSION,0.937,80.0,B,LONDON,3339.2,3327.184,3354.22,3354.22,3326.958,STOP,0.002,2.4032,0.4789,12.016,-2.4485,-1.0188,0.0,1.113,56,0.204,1.921,0.05,0.12,0.0,clear,compression -> confirmed range break + momentum,499.3564
2025-07-09 06:40:00+00:00,2025-07-09 14:40:00+00:00,XAUUSD,SHORT,TREND_CONTINUATION,STRONG_BEAR,0.959,85.0,A,ASIA,3290.609,3312.447,3263.312,3263.312,3292.503,TIME,0.001,2.1838,0.4373,21.838,-0.1893,-0.0867,0.375,0.4,480,0.412,2.231,0.05,0.05,0.0,clear,trend pullback + LTF BOS,499.1671
2025-07-09 19:21:00+00:00,2025-07-09 21:00:00+00:00,XAUUSD,LONG,LIQUIDITY_REVERSAL,LIQUIDITY_REVERSAL,0.8,85.0,A,NEWYORK,3312.103,3297.441,3330.43,3330.43,3314.204,SESSION_END,0.001,1.4662,0.2937,14.662,0.2101,0.1433,0.307,0.148,99,0.216,1.831,0.05,0.05,0.0,clear,sweep + rejection + CHoCH + displacement,499.3771
2025-07-10 09:37:00+00:00,2025-07-10 14:59:00+00:00,XAUUSD,LONG,LIQUIDITY_REVERSAL,LIQUIDITY_REVERSAL,0.8,100.0,A+,LONDON,3323.235,3312.426,3336.748,3336.748,3312.161,STOP,0.002,2.162,0.4329,10.81,-2.2149,-1.0245,0.634,1.069,322,0.201,1.693,0.05,0.12,0.0,clear,sweep + rejection + CHoCH + displacement,497.1622
2025-07-11 09:56:00+00:00,2025-07-11 13:49:00+00:00,XAUUSD,SHORT,LIQUIDITY_REVERSAL,LIQUIDITY_REVERSAL,0.7,85.0,A,LONDON,3334.758,3355.05,3309.394,3309.394,3355.304,STOP,0.001,2.0292,0.4082,20.292,-2.0545,-1.0125,0.105,1.054,233,0.273,2.535,0.05,0.12,0.0,clear,sweep + rejection + CHoCH + displacement,495.1077
2025-07-14 12:35:00+00:00,2025-07-14 13:18:00+00:00,XAUUSD,SHORT,LIQUIDITY_REVERSAL,LIQUIDITY_REVERSAL,0.8,80.0,B,OVERLAP,3370.658,3378.572,3360.765,3360.765,3360.868,TP2,0.003,2.3743,0.4796,7.914,2.9369,1.2369,1.253,0.089,43,0.18,1.849,0.05,0.0,0.0,clear,sweep + rejection + CHoCH + displacement,498.0445
2025-07-14 14:11:00+00:00,2025-07-14 21:00:00+00:00,XAUUSD,SHORT,BREAKOUT,EXPANSION,0.929,70.0,NO_TRADE,OVERLAP,3349.43,3362.601,3332.966,3332.966,3344.762,SESSION_END,0.001,1.3171,0.2645,13.171,0.4668,0.3544,0.659,0.708,409,0.251,3.184,0.05,0.05,0.0,clear,compression -> confirmed range break + momentum,498.5113
2025-07-15 04:06:00+00:00,2025-07-15 12:06:00+00:00,XAUUSD,LONG,BREAKOUT,COMPRESSION,0.921,80.0,B,ASIA,3353.325,3338.732,3371.565,3371.565,3359.862,TIME,0.001,1.4592,0.2927,14.592,0.6537,0.448,0.879,0.088,480,0.36,1.736,0.05,0.05,0.0,clear,compression -> confirmed range break + momentum,499.165
2025-07-16 12:01:00+00:00,2025-07-16 15:33:00+00:00,XAUUSD,SHORT,BREAKOUT,COMPRESSION,0.958,80.0,B,OVERLAP,3335.029,3346.769,3320.354,3320.354,3320.524,TP2,0.002,2.348,0.4704,11.74,2.9011,1.2355,1.323,0.492,212,0.192,1.567,0.05,0.0,0.0,clear,compression -> confirmed range break + momentum,502.0661
2025-07-18 12:07:00+00:00,2025-07-18 18:00:00+00:00,XAUUSD,LONG,TREND_CONTINUATION,BULL,0.919,85.0,A,OVERLAP,3353.165,3340.049,3369.56,3369.56,3353.092,SESSION_END,0.001,1.3116,0.2612,13.116,-0.0073,-0.0056,0.6,0.165,353,0.2,1.795,0.05,0.05,0.0,clear,trend pullback + LTF BOS,502.0588
2025-07-21 12:28:00+00:00,2025-07-21 13:26:00+00:00,XAUUSD,LONG,BREAKOUT,BULL,0.964,70.0,NO_TRADE,OVERLAP,3372.359,3363.908,3382.923,3382.923,3382.812,TP2,0.002,1.6902,0.3367,8.451,2.0906,1.2369,1.277,0.204,58,0.188,1.489,0.05,0.0,0.0,clear,compression -> confirmed range break + momentum,504.1494
2025-07-21 14:06:00+00:00,2025-07-21 21:00:00+00:00,XAUUSD,LONG,BREAKOUT,STRONG_BULL,1.0,85.0,A,OVERLAP,3388.428,3375.465,3404.631,3404.631,3397.504,SESSION_END,0.001,1.2962,0.2571,12.962,0.9076,0.7002,0.996,0.393,414,0.246,2.278,0.05,0.05,0.0,clear,compression -> confirmed range break + momentum,505.057
2025-07-22 08:45:00+00:00,2025-07-22 13:21:00+00:00,XAUUSD,LONG,LIQUIDITY_REVERSAL,LIQUIDITY_REVERSAL,0.8,100.0,A+,LONDON,3386.071,3376.427,3398.126,3398.126,3398.029,TP2,0.002,1.9288,0.3819,9.644,2.3918,1.24,1.282,0.169,276,0.211,1.511,0.05,0.0,0.0,clear,sweep + rejection + CHoCH + displacement,507.4488
2025-07-22 13:54:00+00:00,2025-07-22 14:27:00+00:00,XAUUSD,LONG,BREAKOUT,BULL,0.832,70.0,NO_TRADE,OVERLAP,3403.231,3393.037,3415.973,3415.973,3415.822,TP2,0.002,2.0387,0.4018,10.193,2.5183,1.2352,1.297,0.0,33,0.252,2.325,0.05,0.0,0.0,clear,compression -> confirmed range break + momentum,509.967
2025-07-22 14:32:00+00:00,2025-07-22 17:57:00+00:00,XAUUSD,LONG,BREAKOUT,STRONG_BULL,0.879,70.0,NO_TRADE,OVERLAP,3415.667,3402.046,3432.694,3432.694,3432.528,TP2,0.001,1.3621,0.2671,13.621,1.6861,1.2378,1.25,0.83,205,0.304,3.07,0.05,0.0,0.0,clear,compression -> confirmed range break + momentum,511.6531
2025-07-24 13:43:00+00:00,2025-07-24 21:00:00+00:00,XAUUSD,SHORT,TREND_CONTINUATION,STRONG_BEAR,1.0,100.0,A+,OVERLAP,3357.857,3382.222,3327.401,3327.401,3370.788,SESSION_END,0.001,2.4365,0.4762,24.365,-1.2931,-0.5307,0.275,0.792,437,0.216,2.477,0.05,0.05,0.0,clear,trend pullback + LTF BOS,510.36
2025-07-25 12:06:00+00:00,2025-07-25 18:00:00+00:00,XAUUSD,SHORT,TREND_CONTINUATION,STRONG_BEAR,1.0,85.0,A,OVERLAP,3342.528,3359.432,3321.399,3321.399,3330.142,SESSION_END,0.001,1.6903,0.3312,16.903,1.2387,0.7328,1.049,0.288,354,0.193,1.875,0.05,0.05,0.0,clear,trend pullback + LTF BOS,511.5987
2025-07-28 00:02:00+00:00,2025-07-28 08:02:00+00:00,XAUUSD,SHORT,TREND_CONTINUATION,BEAR,0.603,80.0,B,ASIA,3333.033,3352.184,3309.094,3309.094,3340.41,TIME,0.001,1.9151,0.3743,19.151,-0.7377,-0.3852,0.291,0.632,480,0.531,2.914,0.05,0.05,0.0,clear,trend pullback + LTF BOS,510.861
2025-07-29 08:01:00+00:00,2025-07-29 16:01:00+00:00,XAUUSD,SHORT,LIQUIDITY_REVERSAL,LIQUIDITY_REVERSAL,0.7,90.0,A+,LONDON,3316.704,3334.479,3294.484,3294.484,3327.276,TIME,0.001,1.7776,0.348,17.776,-1.0573,-0.5948,0.315,0.733,480,0.242,2.314,0.05,0.05,0.0,clear,sweep + rejection + CHoCH + displacement,509.8037
2025-08-01 02:56:00+00:00,2025-08-01 06:52:00+00:00,XAUUSD,SHORT,BREAKOUT,COMPRESSION,0.958,85.0,A,ASIA,3283.115,3299.622,3262.481,3262.481,3299.916,STOP,0.001,1.6507,0.3238,16.507,-1.6801,-1.0178,0.102,1.032,236,0.38,2.195,0.05,0.12,0.0,clear,compression -> confirmed range break + momentum,508.1236
2025-08-04 17:11:00+00:00,2025-08-04 21:00:00+00:00,XAUUSD,LONG,TREND_CONTINUATION,BULL,1.0,85.0,A,NEWYORK,3376.035,3358.331,3398.164,3398.164,3374.527,SESSION_END,0.001,1.7703,0.3484,17.703,-0.1508,-0.0852,0.111,0.319,229,0.274,2.49,0.05,0.05,0.0,clear,trend pullback + LTF BOS,507.9728
2025-08-06 13:56:00+00:00,2025-08-06 21:00:00+00:00,XAUUSD,LONG,LIQUIDITY_REVERSAL,LIQUIDITY_REVERSAL,1.0,100.0,A+,OVERLAP,3368.142,3343.635,3398.776,3398.776,3370.464,SESSION_END,0.001,2.4507,0.4824,24.507,0.2321,0.0947,0.476,0.125,424,0.234,2.347,0.05,0.05,0.0,clear,sweep + rejection + CHoCH + displacement,508.2049
2025-08-07 19:21:00+00:00,2025-08-07 21:00:00+00:00,XAUUSD,SHORT,LIQUIDITY_REVERSAL,CHOPPY,0.754,75.0,B,NEWYORK,3389.301,3403.963,3370.974,3370.974,3398.912,SESSION_END,0.001,1.4662,0.2885,14.662,-0.9611,-0.6555,0.159,0.764,99,0.228,1.835,0.05,0.05,0.0,clear,sweep + rejection + CHoCH + displacement,507.2438
2025-08-08 06:01:00+00:00,2025-08-08 14:01:00+00:00,XAUUSD,SHORT,LIQUIDITY_REVERSAL,CHOPPY,0.566,85.0,A,ASIA,3394.3,3410.389,3374.188,3374.188,3392.502,TIME,0.001,1.609,0.3172,16.09,0.1798,0.1117,0.887,0.598,480,0.418,2.467,0.05,0.05,0.0,clear,sweep + rejection + CHoCH + displacement,507.4236
2025-08-11 07:34:00+00:00,2025-08-11 15:34:00+00:00,XAUUSD,SHORT,BREAKOUT,COMPRESSION,0.968,65.0,NO_TRADE,LONDON,3364.949,3382.815,3342.617,3342.617,3350.588,TIME,0.001,1.7866,0.3521,17.866,1.4361,0.8038,1.163,0.235,480,0.191,2.427,0.05,0.05,0.0,clear,compression -> confirmed range break + momentum,508.8597
2025-08-12 07:21:00+00:00,2025-08-12 15:21:00+00:00,XAUUSD,SHORT,BREAKOUT,COMPRESSION,0.989,80.0,B,LONDON,3344.782,3361.695,3323.642,3323.642,3332.074,TIME,0.001,1.6913,0.3324,16.913,1.2708,0.7514,0.821,0.778,480,0.205,2.398,0.05,0.05,0.0,clear,compression -> confirmed range break + momentum,510.1305
2025-08-19 01:17:00+00:00,2025-08-19 09:17:00+00:00,XAUUSD,LONG,BREAKOUT,COMPRESSION,0.937,70.0,NO_TRADE,ASIA,3337.223,3317.783,3361.524,3361.524,3337.795,TIME,0.001,1.944,0.3811,19.44,0.0571,0.0294,0.228,0.407,480,0.396,1.776,0.05,0.05,0.0,clear,compression -> confirmed range break + momentum,510.1877
2025-08-19 17:10:00+00:00,2025-08-19 21:00:00+00:00,XAUUSD,SHORT,TREND_CONTINUATION,STRONG_BEAR,0.873,85.0,A,NEWYORK,3321.889,3335.739,3304.576,3304.576,3316.963,SESSION_END,0.001,1.385,0.2715,13.85,0.4926,0.3557,0.514,0.042,230,0.313,2.535,0.05,0.05,0.0,clear,trend pullback + LTF BOS,510.6803
2025-08-21 13:36:00+00:00,2025-08-21 21:00:00+00:00,XAUUSD,LONG,LIQUIDITY_REVERSAL,LIQUIDITY_REVERSAL,0.7,90.0,A+,OVERLAP,3343.148,3320.79,3371.095,3371.095,3338.353,SESSION_END,0.001,2.2358,0.4378,22.358,-0.4795,-0.2145,0.214,0.329,444,0.3,2.699,0.05,0.05,0.0,clear,sweep + rejection + CHoCH + displacement,510.2007
2025-08-22 13:21:00+00:00,2025-08-22 15:01:00+00:00,XAUUSD,LONG,LIQUIDITY_REVERSAL,LIQUIDITY_REVERSAL,1.0,85.0,A,OVERLAP,3329.31,3315.215,3346.929,3346.929,3346.782,TP2,0.001,1.4095,0.2763,14.095,1.7472,1.2395,1.461,0.586,100,0.224,1.726,0.05,0.0,0.0,clear,sweep + rejection + CHoCH + displacement,511.9479
2025-08-25 14:39:00+00:00,2025-08-25 21:00:00+00:00,XAUUSD,LONG,LIQUIDITY_REVERSAL,LIQUIDITY_REVERSAL,0.8,100.0,A+,OVERLAP,3367.54,3350.512,3388.826,3388.826,3364.556,SESSION_END,0.001,1.7028,0.3326,17.028,-0.2984,-0.1753,0.505,0.149,381,0.231,1.749,0.05,0.05,0.0,clear,sweep + rejection + CHoCH + displacement,511.6495
2025-08-26 07:21:00+00:00,2025-08-26 15:21:00+00:00,XAUUSD,SHORT,LIQUIDITY_REVERSAL,CHOPPY,0.598,85.0,A,LONDON,3373.0,3384.767,3358.293,3358.293,3374.134,TIME,0.002,2.3532,0.4599,11.766,-0.2267,-0.0964,0.511,0.615,480,0.249,1.669,0.05,0.05,0.0,clear,sweep + rejection + CHoCH + displacement,511.4227
2025-08-26 15:40:00+00:00,2025-08-26 16:55:00+00:00,XAUUSD,SHORT,LIQUIDITY_REVERSAL,CHOPPY,0.728,85.0,A,OVERLAP,3374.592,3386.29,3359.968,3359.968,3386.558,STOP,0.002,2.3397,0.4575,11.699,-2.3933,-1.0229,0.025,1.044,75,0.287,2.839,0.05,0.12,0.0,clear,sweep + rejection + CHoCH + displacement,509.0294
2025-08-27 19:37:00+00:00,2025-08-27 21:00:00+00:00,XAUUSD,LONG,TREND_CONTINUATION,STRONG_BULL,0.879,100.0,A+,NEWYORK,3395.402,3384.518,3409.007,3409.007,3395.654,SESSION_END,0.002,2.1768,0.4276,10.884,0.0505,0.0232,0.074,0.181,83,0.233,1.53,0.05,0.05,0.0,clear,trend pullback + LTF BOS,509.0799
2025-08-28 09:41:00+00:00,2025-08-28 17:30:00+00:00,XAUUSD,LONG,BREAKOUT,BULL,0.896,85.0,A,LONDON,3399.415,3386.068,3416.099,3416.099,3415.954,TP2,0.001,1.3347,0.2622,13.347,1.6539,1.2391,1.283,0.439,469,0.24,1.81,0.05,0.0,0.0,clear,compression -> confirmed range break + momentum,510.7338
2025-09-01 12:52:00+00:00,2025-09-01 23:00:00+00:00,XAUUSD,SHORT,LIQUIDITY_REVERSAL,LIQUIDITY_REVERSAL,0.8,85.0,A,OVERLAP,3469.551,3482.376,3453.518,3453.518,3474.945,SESSION_END,0.001,1.2826,0.2511,12.826,-0.5394,-0.4206,0.2,0.906,397,0.209,2.322,0.05,0.05,0.0,clear,sweep + rejection + CHoCH + displacement,510.1944
2025-09-02 01:11:00+00:00,2025-09-02 02:37:00+00:00,XAUUSD,LONG,BREAKOUT,COMPRESSION,0.947,80.0,B,ASIA,3482.156,3469.336,3498.181,3498.181,3497.935,TP2,0.001,1.282,0.2513,12.82,1.5778,1.2308,1.335,0.431,86,0.362,1.945,0.05,0.0,0.0,clear,compression -> confirmed range break + momentum,511.7722
2025-09-03 01:37:00+00:00,2025-09-03 09:37:00+00:00,XAUUSD,LONG,BREAKOUT,BULL,0.96,65.0,NO_TRADE,ASIA,3540.465,3519.899,3566.173,3566.173,3538.16,TIME,0.001,2.0566,0.4019,20.566,-0.2305,-0.1121,0.256,0.679,480,0.5,3.461,0.05,0.05,0.0,clear,compression -> confirmed range break + momentum,511.5417
2025-09-03 14:31:00+00:00,2025-09-03 19:09:00+00:00,XAUUSD,LONG,BREAKOUT,BULL,1.0,85.0,A,OVERLAP,3558.039,3543.0,3576.837,3576.837,3576.732,TP2,0.001,1.5039,0.294,15.039,1.8693,1.243,1.268,0.599,278,0.247,3.67,0.05,0.0,0.0,clear,compression -> confirmed range break + momentum,513.411
2025-09-05 14:56:00+00:00,2025-09-05 18:00:00+00:00,XAUUSD,LONG,BREAKOUT,STRONG_BULL,0.794,65.0,NO_TRADE,OVERLAP,3590.065,3565.287,3621.038,3621.038,3595.24,SESSION_END,0.001,2.4778,0.4826,24.778,0.5175,0.2089,0.397,0.713,184,0.361,6.083,0.05,0.05,0.0,clear,compression -> confirmed range break + momentum,513.9285
2025-09-08 12:34:00+00:00,2025-09-08 14:14:00+00:00,XAUUSD,LONG,TREND_CONTINUATION,STRONG_BULL,1.0,80.0,B,OVERLAP,3616.639,3604.819,3631.415,3631.415,3631.304,TP2,0.002,2.3641,0.46,11.821,2.9328,1.2405,1.281,0.359,100,0.189,2.302,0.05,0.0,0.0,clear,trend pullback + LTF BOS,516.8613
2025-09-08 15:40:00+00:00,2025-09-08 21:00:00+00:00,XAUUSD,LONG,TREND_CONTINUATION,STRONG_BULL,1.0,85.0,A,OVERLAP,3634.546,3612.221,3662.453,3662.453,3636.709,SESSION_END,0.001,2.2325,0.4319,22.325,0.2163,0.0969,0.518,0.125,320,0.262,4.086,0.05,0.05,0.0,clear,trend pullback + LTF BOS,517.0776
2025-09-09 02:31:00+00:00,2025-09-09 10:31:00+00:00,XAUUSD,LONG,BREAKOUT,BULL,0.879,85.0,A,ASIA,3644.762,3630.709,3662.327,3662.327,3654.047,TIME,0.001,1.4052,0.2718,14.052,0.9286,0.6608,1.022,0.597,480,0.413,2.888,0.05,0.05,0.0,clear,compression -> confirmed range break + momentum,518.0062
2025-09-09 13:19:00+00:00,2025-09-09 15:00:00+00:00,XAUUSD,LONG,LIQUIDITY_REVERSAL,LIQUIDITY_REVERSAL,0.8,90.0,A+,OVERLAP,3651.892,3634.525,3673.6,3673.6,3673.474,TP2,0.001,1.7367,0.3353,17.367,2.1582,1.2427,1.253,0.482,101,0.193,2.533,0.05,0.0,0.0,clear,sweep + rejection + CHoCH + displacement,520.1644
2025-09-10 06:37:00+00:00,2025-09-10 10:46:00+00:00,XAUUSD,SHORT,LIQUIDITY_REVERSAL,BULL,0.806,70.0,NO_TRADE,ASIA,3641.419,3653.057,3626.871,3626.871,3653.268,STOP,0.002,2.3276,0.4475,11.638,-2.3697,-1.0181,0.142,1.007,249,0.312,1.718,0.05,0.12,0.0,clear,sweep + rejection + CHoCH + displacement,517.7947
2025-09-10 15:46:00+00:00,2025-09-10 21:00:00+00:00,XAUUSD,SHORT,LIQUIDITY_REVERSAL,LIQUIDITY_REVERSAL,1.0,85.0,A,OVERLAP,3648.458,3670.83,3620.492,3620.492,3642.053,SESSION_END,0.001,2.2372,0.4321,22.372,0.6404,0.2863,0.599,0.051,314,0.235,3.433,0.05,0.05,0.0,clear,sweep + rejection + CHoCH + displacement,518.4351
2025-09-11 02:31:00+00:00,2025-09-11 03:45:00+00:00,XAUUSD,LONG,BREAKOUT,COMPRESSION,0.9,80.0,B,ASIA,3648.52,3634.319,3666.272,3666.272,3634.002,STOP,0.001,1.4202,0.2739,14.202,-1.4518,-1.0223,0.0,1.023,74,0.371,2.075,0.05,0.12,0.0,clear,compression -> confirmed range break + momentum,516.9833
2025-09-11 07:01:00+00:00,2025-09-11 13:36:00+00:00,XAUUSD,SHORT,BREAKOUT,BEAR,0.556,55.0,NO_TRADE,LONDON,3624.227,3640.495,3603.892,3603.892,3640.774,STOP,0.001,1.6268,0.3147,16.268,-1.6547,-1.0171,0.784,1.191,395,0.236,2.467,0.05,0.12,0.0,clear,compression -> confirmed range break + momentum,515.3286
2025-09-12 01:46:00+00:00,2025-09-12 04:17:00+00:00,XAUUSD,LONG,LIQUIDITY_REVERSAL,CHOPPY,0.639,80.0,B,ASIA,3634.617,3620.852,3651.822,3651.822,3651.613,TP2,0.001,1.3764,0.2671,13.764,1.6996,1.2348,1.263,0.0,151,0.337,1.649,0.05,0.0,0.0,clear,sweep + rejection + CHoCH + displacement,517.0282
2025-09-16 02:07:00+00:00,2025-09-16 10:07:00+00:00,XAUUSD,SHORT,LIQUIDITY_REVERSAL,LIQUIDITY_REVERSAL,1.0,75.0,B,ASIA,3681.078,3706.769,3648.964,3648.964,3694.23,TIME,0.001,2.5692,0.4969,25.692,-1.3152,-0.5119,0.258,0.621,480,0.44,2.372,0.05,0.05,0.0,clear,sweep + rejection + CHoCH + displacement,515.7131
2025-09-16 10:34:00+00:00,2025-09-16 16:05:00+00:00,XAUUSD,LONG,TREND_CONTINUATION,BULL,0.922,85.0,A,LONDON,3696.949,3683.19,3714.148,3714.148,3682.883,STOP,0.001,1.3759,0.2668,13.759,-1.4067,-1.0224,0.427,1.059,331,0.229,2.246,0.05,0.12,0.0,clear,trend pullback + LTF BOS,514.3064
2025-09-18 13:37:00+00:00,2025-09-18 14:40:00+00:00,XAUUSD,SHORT,LIQUIDITY_REVERSAL,LIQUIDITY_REVERSAL,1.0,100.0,A+,OVERLAP,3665.521,3687.577,3637.95,3637.95,3638.09,TP2,0.001,2.2056,0.4289,22.056,2.7431,1.2437,1.359,0.192,63,0.208,2.804,0.05,0.0,0.0,clear,sweep + rejection + CHoCH + displacement,517.0495
2025-09-22 07:11:00+00:00,2025-09-22 09:44:00+00:00,XAUUSD,LONG,BREAKOUT,STRONG_BULL,1.0,85.0,A,LONDON,3700.347,3683.941,3720.854,3720.854,3720.73,TP2,0.001,1.6406,0.3173,16.406,2.0384,1.2425,1.329,0.076,153,0.223,2.165,0.05,0.0,0.0,clear,compression -> confirmed range break + momentum,519.0879
2025-09-22 09:49:00+00:00,2025-09-22 16:53:00+00:00,XAUUSD,LONG,BREAKOUT,STRONG_BULL,1.0,70.0,NO_TRADE,LONDON,3721.33,3709.771,3735.779,3735.779,3735.627,TP2,0.002,2.3118,0.4454,11.559,2.8593,1.2368,1.267,0.816,424,0.25,2.806,0.05,0.0,0.0,clear,compression -> confirmed range break + momentum,521.9472
2025-09-22 20:52:00+00:00,2025-09-22 21:00:00+00:00,XAUUSD,LONG,TREND_CONTINUATION,STRONG_BULL,1.0,100.0,A+,NEWYORK,3747.452,3730.719,3768.369,3768.369,3747.372,SESSION_END,0.001,1.6734,0.3206,16.734,-0.0081,-0.0048,0.057,0.002,8,0.215,1.769,0.05,0.05,0.0,clear,trend pullback + LTF BOS,521.9391
2025-09-23 02:06:00+00:00,2025-09-23 10:03:00+00:00,XAUUSD,LONG,BREAKOUT,COMPRESSION,0.937,85.0,A,ASIA,3751.695,3731.561,3776.861,3776.861,3776.732,TP2,0.001,2.0133,0.3857,20.133,2.5037,1.2436,1.411,0.757,477,0.393,2.155,0.05,0.0,0.0,clear,compression -> confirmed range break + momentum,524.4429
2025-09-24 11:26:00+00:00,2025-09-24 17:16:00+00:00,XAUUSD,SHORT,BREAKOUT,COMPRESSION,0.937,65.0,NO_TRADE,LONDON,3760.091,3777.298,3738.582,3738.582,3738.74,TP2,0.001,1.7207,0.3281,17.207,2.135,1.2408,1.273,0.736,350,0.189,2.204,0.05,0.0,0.0,clear,compression -> confirmed range break + momentum,526.5779
2025-09-26 07:05:00+00:00,2025-09-26 13:36:00+00:00,XAUUSD,LONG,LIQUIDITY_REVERSAL,CHOPPY,0.605,70.0,NO_TRADE,LONDON,3744.136,3733.762,3757.104,3757.104,3757.006,TP2,0.002,2.0749,0.394,10.375,2.5739,1.2405,1.26,0.494,391,0.194,2.263,0.05,0.0,0.0,clear,sweep + rejection + CHoCH + displacement,529.1518
2025-09-29 00:55:00+00:00,2025-09-29 01:42:00+00:00,XAUUSD,SHORT,LIQUIDITY_REVERSAL,LIQUIDITY_REVERSAL,0.8,75.0,B,ASIA,3767.878,3782.358,3749.778,3749.778,3782.677,STOP,0.001,1.448,0.2736,14.48,-1.4799,-1.0221,0.291,1.076,47,0.374,2.533,0.05,0.12,0.0,clear,sweep + rejection + CHoCH + displacement,527.6718
2025-09-29 05:21:00+00:00,2025-09-29 07:12:00+00:00,XAUUSD,LONG,TREND_CONTINUATION,BULL,0.866,80.0,B,ASIA,3796.659,3781.838,3815.186,3815.186,3815.048,TP2,0.001,1.4821,0.2809,14.821,1.8388,1.2407,1.276,0.073,111,0.429,3.142,0.05,0.0,0.0,clear,trend pullback + LTF BOS,529.5107
2025-09-29 08:14:00+00:00,2025-09-29 16:14:00+00:00,XAUUSD,LONG,TREND_CONTINUATION,STRONG_BULL,0.957,85.0,A,LONDON,3817.025,3800.383,3837.827,3837.827,3823.563,TIME,0.001,1.6642,0.3143,16.642,0.6538,0.3929,0.93,0.741,480,0.279,4.067,0.05,0.05,0.0,clear,trend pullback + LTF BOS,530.1645
2025-09-30 01:06:00+00:00,2025-09-30 04:45:00+00:00,XAUUSD,LONG,BREAKOUT,COMPRESSION,0.916,80.0,B,ASIA,3837.571,3816.188,3864.301,3864.301,3864.103,TP2,0.001,2.1384,0.4033,21.384,2.6532,1.2407,1.293,0.247,219,0.313,2.049,0.05,0.0,0.0,clear,compression -> confirmed range break + momentum,532.8176
2025-10-01 02:50:00+00:00,2025-10-01 04:36:00+00:00,XAUUSD,LONG,BREAKOUT,COMPRESSION,0.989,65.0,NO_TRADE,ASIA,3868.137,3855.956,3883.363,3883.363,3855.629,STOP,0.002,2.4362,0.4572,12.181,-2.5017,-1.0269,0.588,1.047,106,0.324,2.103,0.05,0.12,0.0,clear,compression -> confirmed range break + momentum,530.316
2025-10-01 10:24:00+00:00,2025-10-01 15:48:00+00:00,XAUUSD,SHORT,LIQUIDITY_REVERSAL,BULL,0.834,75.0,B,LONDON,3887.487,3912.069,3856.759,3856.759,3856.88,TP2,0.001,2.4582,0.4635,24.582,3.0607,1.2451,1.268,0.157,324,0.236,3.553,0.05,0.0,0.0,clear,sweep + rejection + CHoCH + displacement,533.3767
2025-10-02 06:04:00+00:00,2025-10-02 13:03:00+00:00,XAUUSD,LONG,LIQUIDITY_REVERSAL,CHOPPY,0.608,95.0,A+,ASIA,3866.72,3850.672,3886.78,3886.78,3886.69,TP2,0.001,1.6048,0.3009,16.048,1.997,1.2444,1.273,0.324,419,0.31,1.818,0.05,0.0,0.0,clear,sweep + rejection + CHoCH + displacement,535.3737
2025-10-03 10:23:00+00:00,2025-10-03 13:45:00+00:00,XAUUSD,LONG,LIQUIDITY_REVERSAL,LIQUIDITY_REVERSAL,0.8,85.0,A,LONDON,3858.914,3849.314,3870.912,3870.912,3870.805,TP2,0.002,1.9198,0.3586,9.599,2.3782,1.2388,1.295,0.455,202,0.197,2.311,0.05,0.0,0.0,clear,sweep + rejection + CHoCH + displacement,537.7519
2025-10-06 02:20:00+00:00,2025-10-06 04:11:00+00:00,XAUUSD,LONG,TREND_CONTINUATION,STRONG_BULL,0.959,80.0,B,ASIA,3904.312,3887.217,3925.682,3925.682,3925.47,TP2,0.001,1.7095,0.3179,17.095,2.1157,1.2376,1.276,0.192,111,0.495,4.11,0.05,0.0,0.0,clear,trend pullback + LTF BOS,539.8677
2025-10-06 13:26:00+00:00,2025-10-06 15:46:00+00:00,XAUUSD,SHORT,LIQUIDITY_REVERSAL,LIQUIDITY_REVERSAL,0.7,85.0,A,OVERLAP,3933.663,3958.467,3902.658,3902.658,3958.719,STOP,0.001,2.4804,0.4594,24.804,-2.5056,-1.0101,0.291,1.008,140,0.232,4.216,0.05,0.12,0.0,clear,sweep + rejection + CHoCH + displacement,537.3621
2025-10-06 17:11:00+00:00,2025-10-06 21:00:00+00:00,XAUUSD,LONG,TREND_CONTINUATION,BULL,1.0,80.0,B,NEWYORK,3955.734,3929.166,3988.945,3988.945,3958.188,SESSION_END,0.001,2.6568,0.4944,26.568,0.2454,0.0924,0.343,0.38,229,0.299,4.784,0.05,0.05,0.0,clear,trend pullback + LTF BOS,537.6075
2025-10-08 00:51:00+00:00,2025-10-08 05:02:00+00:00,XAUUSD,LONG,BREAKOUT,COMPRESSION,0.968,80.0,B,ASIA,3995.039,3976.924,4017.683,4017.683,4017.498,TP2,0.001,1.8115,0.337,18.115,2.2458,1.2398,1.335,0.607,251,0.309,2.255,0.05,0.0,0.0,clear,compression -> confirmed range break + momentum,539.8533
2025-10-08 05:07:00+00:00,2025-10-08 10:46:00+00:00,XAUUSD,LONG,BREAKOUT,BULL,0.928,65.0,NO_TRADE,ASIA,4017.625,3997.504,4042.777,4042.777,4042.671,TP2,0.001,2.0121,0.3727,20.121,2.5045,1.2447,1.358,0.041,339,0.38,3.173,0.05,0.0,0.0,clear,compression -> confirmed range break + momentum,542.3579
2025-10-09 06:58:00+00:00,2025-10-09 14:47:00+00:00,XAUUSD,LONG,TREND_CONTINUATION,BULL,0.907,85.0,A,ASIA,4040.882,4020.155,4066.79,4066.79,4019.909,STOP,0.001,2.0727,0.3822,20.727,-2.0973,-1.0119,0.815,1.055,469,0.393,3.587,0.05,0.12,0.0,clear,trend pullback + LTF BOS,540.2606
2025-10-13 11:51:00+00:00,2025-10-13 15:53:00+00:00,XAUUSD,LONG,BREAKOUT,COMPRESSION,0.989,95.0,A+,LONDON,4082.402,4065.709,4103.269,4103.269,4103.177,TP2,0.001,1.6693,0.309,16.693,2.0775,1.2445,1.268,0.565,242,0.175,3.234,0.05,0.0,0.0,clear,compression -> confirmed range break + momentum,542.3381
2025-10-13 16:00:00+00:00,2025-10-13 21:00:00+00:00,XAUUSD,LONG,BREAKOUT,STRONG_BULL,1.0,70.0,NO_TRADE,NEWYORK,4097.261,4080.07,4118.75,4118.75,4109.38,SESSION_END,0.001,1.7191,0.317,17.191,1.2119,0.7049,1.148,0.39,300,0.232,4.234,0.05,0.05,0.0,clear,compression -> confirmed range break + momentum,543.5499
2025-10-14 04:11:00+00:00,2025-10-14 06:43:00+00:00,XAUUSD,LONG,BREAKOUT,STRONG_BULL,1.0,85.0,A,ASIA,4152.644,4129.515,4181.556,4181.556,4129.119,STOP,0.001,2.3129,0.4255,23.129,-2.3525,-1.0171,1.155,1.103,152,0.418,4.679,0.05,0.12,0.0,clear,compression -> confirmed range break + momentum,541.1974
2025-10-14 20:36:00+00:00,2025-10-14 21:00:00+00:00,XAUUSD,SHORT,LIQUIDITY_REVERSAL,LIQUIDITY_REVERSAL,0.8,85.0,A,NEWYORK,4143.406,4166.076,4115.068,4115.068,4143.579,SESSION_END,0.001,2.267,0.4189,22.67,-0.0174,-0.0077,0.406,0.147,24,0.219,3.561,0.05,0.05,0.0,clear,sweep + rejection + CHoCH + displacement,541.1801
2025-10-15 07:52:00+00:00,2025-10-15 10:21:00+00:00,XAUUSD,LONG,BREAKOUT,COMPRESSION,0.937,65.0,NO_TRADE,LONDON,4197.406,4175.338,4224.991,4224.991,4175.107,STOP,0.001,2.2068,0.4078,22.068,-2.2299,-1.0105,0.933,1.552,149,0.203,4.21,0.05,0.12,0.0,clear,compression -> confirmed range break + momentum,538.9501
2025-10-16 06:16:00+00:00,2025-10-16 06:33:00+00:00,XAUUSD,SHORT,LIQUIDITY_REVERSAL,CHOPPY,0.689,80.0,B,ASIA,4229.29,4247.7,4206.277,4206.277,4206.467,TP2,0.001,1.841,0.3416,18.41,2.2823,1.2397,1.363,0.041,17,0.37,3.899,0.05,0.0,0.0,clear,sweep + rejection + CHoCH + displacement,541.2325
2025-10-16 13:41:00+00:00,2025-10-16 15:31:00+00:00,XAUUSD,LONG,LIQUIDITY_REVERSAL,LIQUIDITY_REVERSAL,1.0,95.0,A+,OVERLAP,4234.587,4208.893,4266.704,4266.704,4266.569,TP2,0.001,2.5694,0.4747,25.694,3.1981,1.2447,1.274,0.071,110,0.225,5.242,0.05,0.0,0.0,clear,sweep + rejection + CHoCH + displacement,544.4306
2025-10-20 13:16:00+00:00,2025-10-20 13:36:00+00:00,XAUUSD,LONG,BREAKOUT,COMPRESSION,0.963,80.0,B,OVERLAP,4280.043,4253.425,4313.315,4313.315,4313.226,TP2,0.001,2.6618,0.4889,26.618,3.3183,1.2467,1.285,0.076,20,0.155,5.107,0.05,0.0,0.0,clear,compression -> confirmed range break + momentum,547.749
2025-10-20 18:12:00+00:00,2025-10-20 20:53:00+00:00,XAUUSD,LONG,TREND_CONTINUATION,STRONG_BULL,0.923,85.0,A,NEWYORK,4347.382,4326.536,4373.44,4373.44,4373.352,TP2,0.001,2.0846,0.3806,20.846,2.597,1.2458,1.256,0.501,161,0.195,5.143,0.05,0.0,0.0,clear,trend pullback + LTF BOS,550.3459
2025-10-23 10:21:00+00:00,2025-10-23 14:26:00+00:00,XAUUSD,SHORT,LIQUIDITY_REVERSAL,LIQUIDITY_REVERSAL,0.8,85.0,A,LONDON,4122.228,4148.024,4089.983,4089.983,4148.238,STOP,0.001,2.5796,0.4687,25.796,-2.601,-1.0083,0.863,1.012,245,0.194,6.328,0.05,0.12,0.0,clear,sweep + rejection + CHoCH + displacement,547.745
2025-10-27 03:16:00+00:00,2025-10-27 08:55:00+00:00,XAUUSD,SHORT,TREND_CONTINUATION,STRONG_BEAR,0.864,85.0,A,ASIA,4071.331,4098.256,4037.675,4037.675,4037.782,TP2,0.001,2.6925,0.4916,26.925,3.3549,1.246,1.727,0.498,339,0.387,5.548,0.05,0.0,0.0,clear,trend pullback + LTF BOS,551.0999
2025-10-29 06:46:00+00:00,2025-10-29 08:03:00+00:00,XAUUSD,LONG,BREAKOUT,COMPRESSION,0.932,65.0,NO_TRADE,ASIA,3980.479,3959.395,4006.834,4006.834,4006.731,TP2,0.001,2.1084,0.3826,21.084,2.6252,1.2451,1.255,0.282,77,0.368,5.141,0.05,0.0,0.0,clear,compression -> confirmed range break + momentum,553.7251
2025-10-29 10:00:00+00:00,2025-10-29 13:38:00+00:00,XAUUSD,LONG,BREAKOUT,BULL,0.577,50.0,NO_TRADE,LONDON,4023.824,4004.262,4048.277,4048.277,4004.044,STOP,0.001,1.9562,0.3533,19.562,-1.978,-1.0111,0.313,1.012,218,0.198,4.973,0.05,0.12,0.0,clear,compression -> confirmed range break + momentum,551.7471
2025-10-31 02:13:00+00:00,2025-10-31 10:13:00+00:00,XAUUSD,SHORT,BREAKOUT,COMPRESSION,0.979,70.0,NO_TRADE,ASIA,4015.261,4038.236,3986.543,3986.543,4015.546,TIME,0.001,2.2975,0.4164,22.975,-0.0285,-0.0124,1.153,0.503,480,0.368,5.608,0.05,0.05,0.0,clear,compression -> confirmed range break + momentum,551.7186
2025-11-04 13:36:00+00:00,2025-11-04 14:31:00+00:00,XAUUSD,SHORT,BREAKOUT,COMPRESSION,0.932,85.0,A,OVERLAP,3980.451,4006.18,3948.288,3948.288,3948.419,TP2,0.001,2.573,0.4664,25.73,3.2032,1.2449,1.255,0.082,55,0.209,4.62,0.05,0.0,0.0,clear,compression -> confirmed range break + momentum,554.9218
2025-11-05 20:45:00+00:00,2025-11-05 21:00:00+00:00,XAUUSD,SHORT,LIQUIDITY_REVERSAL,CHOPPY,0.553,85.0,A,NEWYORK,3984.148,3998.004,3966.829,3966.829,3985.178,SESSION_END,0.002,2.7711,0.4994,13.855,-0.206,-0.0744,0.198,0.05,15,0.193,2.576,0.05,0.05,0.0,clear,sweep + rejection + CHoCH + displacement,554.7157
2025-11-07 06:56:00+00:00,2025-11-07 14:36:00+00:00,XAUUSD,LONG,BREAKOUT,COMPRESSION,0.995,85.0,A,ASIA,4006.471,3988.731,4028.647,4028.647,3988.484,STOP,0.001,1.7741,0.3198,17.741,-1.7987,-1.0139,0.423,1.181,460,0.413,3.192,0.05,0.12,0.0,clear,compression -> confirmed range break + momentum,552.917
2025-11-10 12:11:00+00:00,2025-11-10 18:16:00+00:00,XAUUSD,LONG,BREAKOUT,COMPRESSION,0.989,80.0,B,OVERLAP,4088.39,4074.04,4106.327,4106.327,4106.214,TP2,0.001,1.435,0.2595,14.35,1.7825,1.2422,1.269,0.998,365,0.189,3.247,0.05,0.0,0.0,clear,compression -> confirmed range break + momentum,554.6995
2025-11-10 20:31:00+00:00,2025-11-10 21:00:00+00:00,XAUUSD,SHORT,LIQUIDITY_REVERSAL,BULL,0.974,80.0,B,NEWYORK,4108.935,4127.189,4086.119,4086.119,4111.632,SESSION_END,0.001,1.8253,0.3291,18.253,-0.2697,-0.1477,0.067,0.22,29,0.22,3.005,0.05,0.05,0.0,clear,sweep + rejection + CHoCH + displacement,554.4298
2025-11-11 00:31:00+00:00,2025-11-11 08:31:00+00:00,XAUUSD,LONG,BREAKOUT,COMPRESSION,0.942,95.0,A+,ASIA,4126.236,4104.677,4153.185,4153.185,4133.741,TIME,0.001,2.1559,0.3888,21.559,0.7505,0.3481,1.045,0.079,480,0.342,2.783,0.05,0.05,0.0,clear,compression -> confirmed range break + momentum,555.1803
2025-11-11 10:04:00+00:00,2025-11-11 15:23:00+00:00,XAUUSD,SHORT,LIQUIDITY_REVERSAL,LIQUIDITY_REVERSAL,0.8,75.0,B,LONDON,4137.726,4163.786,4105.151,4105.151,4105.283,TP2,0.001,2.606,0.4694,26.06,3.2442,1.2449,1.251,0.338,319,0.198,2.987,0.05,0.0,0.0,clear,sweep + rejection + CHoCH + displacement,558.4246
2025-11-17 05:21:00+00:00,2025-11-17 08:09:00+00:00,XAUUSD,SHORT,BREAKOUT,COMPRESSION,0.989,80.0,B,ASIA,4068.259,4094.739,4035.158,4035.158,4094.954,STOP,0.001,2.6481,0.4742,26.481,-2.6696,-1.0081,0.708,1.0,168,0.333,4.179,0.05,0.12,0.0,clear,compression -> confirmed range break + momentum,555.755
2025-11-19 01:16:00+00:00,2025-11-19 02:46:00+00:00,XAUUSD,SHORT,BREAKOUT,COMPRESSION,0.984,65.0,NO_TRADE,ASIA,4064.133,4079.983,4044.32,4044.32,4080.289,STOP,0.001,1.585,0.2852,15.85,-1.6156,-1.0193,0.561,1.004,90,0.329,3.856,0.05,0.12,0.0,clear,compression -> confirmed range break + momentum,554.1394
2025-11-21 01:32:00+00:00,2025-11-21 06:28:00+00:00,XAUUSD,SHORT,BREAKOUT,COMPRESSION,0.974,80.0,B,ASIA,4060.935,4084.113,4031.962,4031.962,4032.178,TP2,0.001,2.3178,0.4183,23.178,2.8757,1.2407,1.315,0.814,296,0.361,4.797,0.05,0.0,0.0,clear,compression -> confirmed range break + momentum,557.0151
2025-11-24 12:46:00+00:00,2025-11-24 18:38:00+00:00,XAUUSD,LONG,BREAKOUT,COMPRESSION,0.958,65.0,NO_TRADE,OVERLAP,4080.346,4058.963,4107.076,4107.076,4106.97,TP2,0.001,2.1383,0.3839,21.383,2.6624,1.2451,1.318,0.574,352,0.162,3.469,0.05,0.0,0.0,clear,compression -> confirmed range break + momentum,559.6774
2025-11-26 01:11:00+00:00,2025-11-26 03:07:00+00:00,XAUUSD,LONG,BREAKOUT,COMPRESSION,0.979,80.0,B,ASIA,4143.715,4125.294,4166.74,4166.74,4166.542,TP2,0.001,1.842,0.3291,18.42,2.2827,1.2392,1.252,0.257,116,0.36,3.539,0.05,0.0,0.0,clear,compression -> confirmed range break + momentum,561.9601
2025-11-26 10:34:00+00:00,2025-11-26 18:34:00+00:00,XAUUSD,SHORT,LIQUIDITY_REVERSAL,CHOPPY,0.627,80.0,B,LONDON,4158.81,4179.118,4133.425,4133.425,4159.609,TIME,0.001,2.0308,0.3614,20.308,-0.0799,-0.0394,1.139,0.706,480,0.196,3.297,0.05,0.05,0.0,clear,sweep + rejection + CHoCH + displacement,561.8802
2025-11-27 06:57:00+00:00,2025-11-27 14:57:00+00:00,XAUUSD,LONG,BREAKOUT,COMPRESSION,0.9,80.0,B,ASIA,4158.142,4139.073,4181.979,4181.979,4154.852,TIME,0.001,1.907,0.3394,19.07,-0.3291,-0.1726,0.455,0.523,480,0.375,3.028,0.05,0.05,0.0,clear,compression -> confirmed range break + momentum,561.5511
2025-12-01 03:03:00+00:00,2025-12-01 11:07:00+00:00,XAUUSD,LONG,TREND_CONTINUATION,BULL,0.971,75.0,B,ASIA,4241.517,4215.149,4274.477,4274.477,4251.703,TIME,0.001,2.6368,0.4696,26.368,1.0186,0.3863,0.778,0.995,480,0.564,5.609,0.05,0.05,0.0,clear,trend pullback + LTF BOS,562.5697
2025-12-02 00:01:00+00:00,2025-12-02 01:09:00+00:00,XAUUSD,SHORT,BREAKOUT,COMPRESSION,0.979,50.0,NO_TRADE,ASIA,4224.545,4243.815,4200.456,4200.456,4200.645,TP2,0.001,1.9271,0.3425,19.271,2.3899,1.2402,1.383,0.256,68,0.341,3.388,0.05,0.0,0.0,clear,compression -> confirmed range break + momentum,564.9597
2025-12-03 02:12:00+00:00,2025-12-03 07:32:00+00:00,XAUUSD,LONG,BREAKOUT,COMPRESSION,0.942,50.0,NO_TRADE,ASIA,4222.629,4201.263,4249.337,4249.337,4201.038,STOP,0.001,2.1366,0.3782,21.366,-2.1591,-1.0105,0.287,1.056,320,0.389,3.774,0.05,0.12,0.0,clear,compression -> confirmed range break + momentum,562.8005
2025-12-03 12:41:00+00:00,2025-12-03 13:54:00+00:00,XAUUSD,LONG,BREAKOUT,COMPRESSION,0.963,65.0,NO_TRADE,OVERLAP,4213.024,4195.141,4235.378,4235.378,4235.272,TP2,0.001,1.7883,0.3178,17.883,2.2248,1.2441,1.272,0.14,73,0.179,2.951,0.05,0.0,0.0,clear,compression -> confirmed range break + momentum,565.0253
2025-12-04 03:12:00+00:00,2025-12-04 11:12:00+00:00,XAUUSD,SHORT,BREAKOUT,BEAR,0.748,65.0,NO_TRADE,ASIA,4193.582,4217.089,4164.198,4164.198,4203.25,TIME,0.001,2.3507,0.416,23.507,-0.9668,-0.4113,0.79,0.543,480,0.446,4.138,0.05,0.05,0.0,clear,compression -> confirmed range break + momentum,564.0585
2025-12-04 13:31:00+00:00,2025-12-04 16:17:00+00:00,XAUUSD,LONG,LIQUIDITY_REVERSAL,LIQUIDITY_REVERSAL,0.8,85.0,A,OVERLAP,4191.235,4170.446,4217.221,4217.221,4217.058,TP2,0.001,2.0789,0.3686,20.789,2.5823,1.2421,1.296,0.152,166,0.219,3.905,0.05,0.0,0.0,clear,sweep + rejection + CHoCH + displacement,566.6408
2025-12-05 01:11:00+00:00,2025-12-05 05:28:00+00:00,XAUUSD,SHORT,BREAKOUT,COMPRESSION,0.984,80.0,B,ASIA,4197.248,4219.469,4169.472,4169.472,4219.752,STOP,0.001,2.2221,0.3922,22.221,-2.2504,-1.0127,0.125,1.018,257,0.333,2.511,0.05,0.12,0.0,clear,compression -> confirmed range break + momentum,564.3904
2025-12-05 13:37:00+00:00,2025-12-07 23:00:00+00:00,XAUUSD,LONG,BREAKOUT,BULL,0.91,70.0,NO_TRADE,OVERLAP,4235.645,4214.006,4262.694,4262.694,4199.198,STOP,0.001,2.1639,0.3834,21.639,-3.6447,-1.6843,1.084,1.933,143,0.22,3.546,0.05,14.510100364685059,0.0,clear,compression -> confirmed range break + momentum,560.7457
2025-12-08 07:39:00+00:00,2025-12-08 15:00:00+00:00,XAUUSD,SHORT,LIQUIDITY_REVERSAL,CHOPPY,0.648,75.0,B,LONDON,4211.939,4227.53,4192.451,4192.451,4192.601,TP2,0.001,1.5591,0.278,15.591,1.9338,1.2403,1.393,0.286,441,0.212,2.754,0.05,0.0,0.0,clear,sweep + rejection + CHoCH + displacement,562.6795
2025-12-09 04:04:00+00:00,2025-12-09 09:22:00+00:00,XAUUSD,SHORT,LIQUIDITY_REVERSAL,CHOPPY,0.636,95.0,A+,ASIA,4191.83,4211.565,4167.16,4167.16,4211.809,STOP,0.001,1.9735,0.3507,19.735,-1.998,-1.0124,1.114,1.001,318,0.33,2.226,0.05,0.12,0.0,clear,sweep + rejection + CHoCH + displacement,560.6815
2025-12-11 10:02:00+00:00,2025-12-11 13:16:00+00:00,XAUUSD,LONG,BREAKOUT,COMPRESSION,0.937,70.0,NO_TRADE,LONDON,4220.076,4207.562,4235.719,4235.719,4207.341,STOP,0.002,2.5029,0.4464,12.514,-2.5469,-1.0176,0.455,1.202,194,0.222,3.043,0.05,0.12,0.0,clear,compression -> confirmed range break + momentum,558.1346
2025-12-15 04:27:00+00:00,2025-12-15 05:55:00+00:00,XAUUSD,LONG,TREND_CONTINUATION,BULL,0.889,85.0,A,ASIA,4327.294,4315.335,4342.242,4342.242,4342.064,TP2,0.002,2.3917,0.4285,11.958,2.954,1.2351,1.264,0.366,88,0.337,2.896,0.05,0.0,0.0,clear,trend pullback + LTF BOS,561.0886
2025-12-15 14:02:00+00:00,2025-12-15 15:03:00+00:00,XAUUSD,LONG,LIQUIDITY_REVERSAL,LIQUIDITY_REVERSAL,1.0,90.0,A+,OVERLAP,4335.435,4314.272,4361.888,4361.888,4314.014,STOP,0.001,2.1162,0.3772,21.162,-2.1421,-1.0122,0.053,1.098,61,0.219,4.258,0.05,0.12,0.0,clear,sweep + rejection + CHoCH + displacement,558.9465
2025-12-17 13:14:00+00:00,2025-12-17 21:00:00+00:00,XAUUSD,LONG,BREAKOUT,COMPRESSION,0.995,65.0,NO_TRADE,OVERLAP,4325.265,4301.506,4354.965,4354.965,4340.471,SESSION_END,0.001,2.376,0.4251,23.76,1.5206,0.64,0.985,0.222,466,0.18,3.0,0.05,0.05,0.0,clear,compression -> confirmed range break + momentum,560.4671
2025-12-18 01:21:00+00:00,2025-12-18 09:21:00+00:00,XAUUSD,SHORT,BREAKOUT,COMPRESSION,0.921,70.0,NO_TRADE,ASIA,4326.907,4344.685,4304.683,4304.683,4325.807,TIME,0.001,1.7779,0.3172,17.779,0.1099,0.0618,0.295,0.602,480,0.377,3.333,0.05,0.05,0.0,clear,compression -> confirmed range break + momentum,560.5771
2025-12-22 13:07:00+00:00,2025-12-22 16:08:00+00:00,XAUUSD,LONG,BREAKOUT,COMPRESSION,0.968,65.0,NO_TRADE,OVERLAP,4418.67,4404.654,4436.189,4436.189,4436.023,TP2,0.001,1.4016,0.25,14.016,1.7353,1.2381,1.276,0.495,181,0.19,2.761,0.05,0.0,0.0,clear,compression -> confirmed range break + momentum,562.3123
2025-12-22 16:18:00+00:00,2025-12-22 21:00:00+00:00,XAUUSD,LONG,BREAKOUT,STRONG_BULL,1.0,65.0,NO_TRADE,NEWYORK,4437.467,4415.363,4465.097,4465.097,4438.388,SESSION_END,0.001,2.2104,0.3931,22.104,0.0921,0.0417,0.203,0.398,282,0.344,5.398,0.05,0.05,0.0,clear,compression -> confirmed range break + momentum,562.4044
2025-12-23 00:03:00+00:00,2025-12-23 01:03:00+00:00,XAUUSD,LONG,BREAKOUT,STRONG_BULL,0.987,70.0,NO_TRADE,ASIA,4459.955,4446.259,4477.075,4477.075,4476.894,TP2,0.002,2.7391,0.487,13.696,3.3877,1.2368,1.292,0.0,60,0.381,3.318,0.05,0.0,0.0,clear,compression -> confirmed range break + momentum,565.7922
2025-12-23 02:40:00+00:00,2025-12-23 06:12:00+00:00,XAUUSD,LONG,BREAKOUT,STRONG_BULL,1.0,65.0,NO_TRADE,ASIA,4492.958,4470.206,4521.398,4521.398,4469.877,STOP,0.001,2.2752,0.4021,22.752,-2.3081,-1.0145,0.193,1.015,212,0.486,4.861,0.05,0.12,0.0,clear,compression -> confirmed range break + momentum,563.484
2025-12-26 08:16:00+00:00,2025-12-26 16:04:00+00:00,XAUUSD,LONG,TREND_CONTINUATION,BULL,0.926,80.0,B,LONDON,4515.639,4488.973,4548.973,4548.973,4548.817,TP2,0.001,2.6667,0.4732,26.667,3.3178,1.2442,1.253,0.493,468,0.189,3.334,0.05,0.0,0.0,clear,trend pullback + LTF BOS,566.8018
2025-12-30 01:59:00+00:00,2025-12-30 09:59:00+00:00,XAUUSD,LONG,BREAKOUT,COMPRESSION,0.926,55.0,NO_TRADE,ASIA,4356.884,4329.828,4390.703,4390.703,4371.769,TIME,0.001,2.7056,0.4773,27.056,1.4885,0.5502,0.967,0.306,480,0.418,6.599,0.05,0.05,0.0,clear,compression -> confirmed range break + momentum,568.2903
2025-12-31 18:39:00+00:00,2025-12-31 21:00:00+00:00,XAUUSD,SHORT,LIQUIDITY_REVERSAL,LIQUIDITY_REVERSAL,1.0,100.0,A+,NEWYORK,4324.376,4348.488,4294.236,4294.236,4313.27,SESSION_END,0.001,2.4112,0.4243,24.112,1.1106,0.4606,0.837,0.053,141,0.238,5.297,0.05,0.05,0.0,clear,sweep + rejection + CHoCH + displacement,569.401
2026-01-02 08:36:00+00:00,2026-01-02 13:32:00+00:00,XAUUSD,LONG,BREAKOUT,COMPRESSION,0.989,65.0,NO_TRADE,LONDON,4388.648,4370.626,4411.176,4411.176,4370.376,STOP,0.001,1.8022,0.3604,18.022,-1.8272,-1.0139,0.737,1.043,296,0.2,3.411,0.05,0.12,0.0,clear,compression -> confirmed range break + momentum,498.1728
2026-01-05 10:30:00+00:00,2026-01-05 11:26:00+00:00,XAUUSD,LONG,TREND_CONTINUATION,STRONG_BULL,1.0,85.0,A,LONDON,4432.94,4419.935,4449.196,4449.196,4419.713,STOP,0.001,1.3005,0.2611,13.005,-1.3227,-1.0171,0.518,1.373,56,0.19,3.236,0.05,0.12,0.0,clear,trend pullback + LTF BOS,496.8501
2026-01-08 00:11:00+00:00,2026-01-08 00:26:00+00:00,XAUUSD,LONG,BREAKOUT,COMPRESSION,0.974,80.0,B,ASIA,4465.639,4453.715,4480.545,4480.545,4453.438,STOP,0.002,2.3849,0.48,11.924,-2.4402,-1.0232,0.037,1.005,15,0.308,2.694,0.05,0.12,0.0,clear,compression -> confirmed range break + momentum,494.4099
2026-01-08 02:07:00+00:00,2026-01-08 05:43:00+00:00,XAUUSD,SHORT,BREAKOUT,COMPRESSION,0.921,65.0,NO_TRADE,ASIA,4443.215,4464.405,4416.728,4416.728,4416.922,TP2,0.001,2.119,0.4286,21.19,2.6293,1.2408,1.27,0.24,216,0.439,5.066,0.05,0.0,0.0,clear,compression -> confirmed range break + momentum,497.0392
2026-01-08 05:48:00+00:00,2026-01-08 13:48:00+00:00,XAUUSD,SHORT,BREAKOUT,EXPANSION,0.887,70.0,NO_TRADE,ASIA,4420.617,4440.222,4396.11,4396.11,4432.82,TIME,0.001,1.9605,0.3944,19.605,-1.2203,-0.6225,0.67,0.961,480,0.417,4.489,0.05,0.05,0.0,clear,compression -> confirmed range break + momentum,495.8189
2026-01-09 05:26:00+00:00,2026-01-09 12:05:00+00:00,XAUUSD,LONG,LIQUIDITY_REVERSAL,CHOPPY,0.608,85.0,A,ASIA,4461.874,4448.295,4478.847,4478.847,4478.767,TP2,0.001,1.3579,0.2739,13.579,1.6893,1.2441,1.332,0.0,399,0.338,3.08,0.05,0.0,0.0,clear,sweep + rejection + CHoCH + displacement,497.5082
2026-01-09 13:21:00+00:00,2026-01-09 14:10:00+00:00,XAUUSD,LONG,LIQUIDITY_REVERSAL,CHOPPY,0.707,90.0,A+,OVERLAP,4467.346,4447.915,4491.636,4491.636,4491.491,TP2,0.001,1.9432,0.3906,19.432,2.4145,1.2426,1.329,0.45,49,0.203,3.908,0.05,0.0,0.0,clear,sweep + rejection + CHoCH + displacement,499.9228
2026-01-14 11:31:00+00:00,2026-01-14 15:02:00+00:00,XAUUSD,SHORT,LIQUIDITY_REVERSAL,CHOPPY,0.699,85.0,A,LONDON,4630.774,4652.694,4603.374,4603.374,4603.513,TP2,0.001,2.192,0.4385,21.92,2.7261,1.2436,1.251,0.494,211,0.202,3.546,0.05,0.0,0.0,clear,sweep + rejection + CHoCH + displacement,502.6488
2026-01-16 00:57:00+00:00,2026-01-16 05:55:00+00:00,XAUUSD,SHORT,BREAKOUT,COMPRESSION,0.905,50.0,NO_TRADE,ASIA,4599.958,4613.393,4583.165,4583.165,4613.682,STOP,0.001,1.3435,0.2673,13.435,-1.3724,-1.0215,0.669,1.174,298,0.314,3.27,0.05,0.12,0.0,clear,compression -> confirmed range break + momentum,501.2765
2026-01-16 12:23:00+00:00,2026-01-16 15:28:00+00:00,XAUUSD,SHORT,LIQUIDITY_REVERSAL,CHOPPY,0.675,90.0,A+,OVERLAP,4607.27,4630.806,4577.85,4577.85,4578.015,TP2,0.001,2.3536,0.4695,23.536,2.9255,1.243,1.503,0.542,185,0.17,2.92,0.05,0.0,0.0,clear,sweep + rejection + CHoCH + displacement,504.2019
2026-01-19 09:24:00+00:00,2026-01-19 17:24:00+00:00,XAUUSD,SHORT,LIQUIDITY_REVERSAL,LIQUIDITY_REVERSAL,0.8,75.0,B,LONDON,4668.405,4683.36,4649.712,4649.712,4669.852,TIME,0.001,1.4955,0.2966,14.955,-0.1447,-0.0967,0.6,0.505,480,0.2,3.433,0.05,0.05,0.0,clear,sweep + rejection + CHoCH + displacement,504.0573
2026-01-20 18:56:00+00:00,2026-01-20 21:00:00+00:00,XAUUSD,SHORT,LIQUIDITY_REVERSAL,BULL,0.947,85.0,A,NEWYORK,4756.653,4778.055,4729.9,4729.9,4758.354,SESSION_END,0.001,2.1402,0.4246,21.402,-0.1701,-0.0795,0.449,0.444,124,0.291,4.382,0.05,0.05,0.0,clear,sweep + rejection + CHoCH + displacement,503.8872
2026-01-22 19:01:00+00:00,2026-01-22 21:00:00+00:00,XAUUSD,LONG,BREAKOUT,BULL,0.556,70.0,NO_TRADE,NEWYORK,4916.553,4892.208,4946.984,4946.984,4916.364,SESSION_END,0.001,2.4345,0.4831,24.345,-0.0189,-0.0078,0.482,0.444,119,0.237,5.977,0.05,0.05,0.0,clear,compression -> confirmed range break + momentum,503.8683
2026-02-11 05:42:00+00:00,2026-02-11 10:44:00+00:00,XAUUSD,LONG,BREAKOUT,COMPRESSION,0.911,65.0,NO_TRADE,ASIA,5061.912,5037.314,5092.66,5092.66,5092.566,TP2,0.001,2.4598,0.4882,24.598,3.0654,1.2462,1.548,0.673,302,0.314,4.468,0.05,0.0,0.0,clear,compression -> confirmed range break + momentum,506.9337
2026-02-12 09:57:00+00:00,2026-02-12 12:55:00+00:00,XAUUSD,SHORT,LIQUIDITY_REVERSAL,CHOPPY,0.558,70.0,NO_TRADE,LONDON,5075.001,5095.3,5049.627,5049.627,5049.712,TP2,0.001,2.0299,0.4004,20.299,2.5289,1.2458,1.293,0.087,178,0.188,4.913,0.05,0.0,0.0,clear,sweep + rejection + CHoCH + displacement,509.4626
2026-02-16 02:56:00+00:00,2026-02-16 10:56:00+00:00,XAUUSD,SHORT,BREAKOUT,COMPRESSION,0.905,80.0,B,ASIA,4996.061,5021.248,4964.576,4964.576,5007.818,TIME,0.001,2.5187,0.4944,25.187,-1.1757,-0.4668,1.238,0.834,480,0.329,6.156,0.05,0.05,0.0,clear,compression -> confirmed range break + momentum,508.2869
2026-02-16 19:16:00+00:00,2026-02-16 23:00:00+00:00,XAUUSD,SHORT,LIQUIDITY_REVERSAL,LIQUIDITY_REVERSAL,1.0,95.0,A+,NEWYORK,4993.177,5008.126,4974.491,4974.491,4991.688,SESSION_END,0.001,1.4949,0.2941,14.949,0.1489,0.0996,0.324,0.19,13,0.175,2.948,0.05,0.05,0.0,clear,sweep + rejection + CHoCH + displacement,508.4358
2026-02-17 00:51:00+00:00,2026-02-17 00:58:00+00:00,XAUUSD,SHORT,BREAKOUT,BEAR,0.777,85.0,A,ASIA,4968.834,4991.838,4940.078,4940.078,4940.293,TP2,0.001,2.3005,0.4525,23.005,2.8541,1.2407,1.59,0.004,7,0.383,5.164,0.05,0.0,0.0,clear,compression -> confirmed range break + momentum,511.2899
2026-02-18 09:06:00+00:00,2026-02-18 12:56:00+00:00,XAUUSD,SHORT,BREAKOUT,COMPRESSION,0.989,80.0,B,LONDON,4915.574,4937.726,4887.886,4887.886,4937.931,STOP,0.001,2.2151,0.4332,22.151,-2.2357,-1.0093,0.43,1.013,230,0.181,4.52,0.05,0.12,0.0,clear,compression -> confirmed range break + momentum,509.0543
2026-02-20 03:31:00+00:00,2026-02-20 06:12:00+00:00,XAUUSD,LONG,LIQUIDITY_REVERSAL,CHOPPY,0.682,90.0,A+,ASIA,4994.754,4975.355,5019.003,5019.003,5018.826,TP2,0.001,1.9399,0.3811,19.399,2.4072,1.2408,1.28,0.693,161,0.378,4.721,0.05,0.0,0.0,clear,sweep + rejection + CHoCH + displacement,511.4614
2026-02-24 12:27:00+00:00,2026-02-24 13:49:00+00:00,XAUUSD,SHORT,BREAKOUT,COMPRESSION,0.979,50.0,NO_TRADE,OVERLAP,5158.775,5183.58,5127.768,5127.768,5127.886,TP2,0.001,2.4806,0.485,24.806,3.0889,1.2452,1.378,0.223,82,0.2,6.08,0.05,0.0,0.0,clear,compression -> confirmed range break + momentum,514.5503
2026-02-26 11:59:00+00:00,2026-02-26 15:27:00+00:00,XAUUSD,SHORT,BREAKOUT,COMPRESSION,0.958,50.0,NO_TRADE,LONDON,5164.392,5188.647,5134.074,5134.074,5134.219,TP2,0.001,2.4255,0.4714,24.255,3.0173,1.244,1.439,0.956,208,0.206,4.816,0.05,0.0,0.0,clear,compression -> confirmed range break + momentum,517.5676
2026-03-05 05:41:00+00:00,2026-03-05 06:09:00+00:00,XAUUSD,SHORT,BREAKOUT,COMPRESSION,0.995,80.0,B,ASIA,5165.154,5187.16,5137.647,5137.647,5137.814,TP2,0.001,2.2006,0.4252,22.006,2.7341,1.2424,1.463,0.185,28,0.302,5.394,0.05,0.0,0.0,clear,compression -> confirmed range break + momentum,520.3017
2026-03-13 05:49:00+00:00,2026-03-13 08:03:00+00:00,XAUUSD,SHORT,BREAKOUT,COMPRESSION,0.932,70.0,NO_TRADE,ASIA,5101.345,5127.171,5069.064,5069.064,5069.183,TP2,0.001,2.5825,0.4963,25.825,3.2163,1.2454,1.269,0.244,134,0.359,4.367,0.05,0.0,0.0,clear,compression -> confirmed range break + momentum,523.518
2026-03-18 00:14:00+00:00,2026-03-18 01:52:00+00:00,XAUUSD,LONG,BREAKOUT,COMPRESSION,0.979,65.0,NO_TRADE,ASIA,5010.426,4991.869,5033.623,5033.623,4991.573,STOP,0.001,1.8557,0.3545,18.557,-1.8853,-1.016,0.283,1.045,98,0.302,3.116,0.05,0.12,0.0,clear,compression -> confirmed range break + momentum,521.6326
2026-04-06 10:21:00+00:00,2026-04-06 13:11:00+00:00,XAUUSD,LONG,BREAKOUT,BULL,0.786,65.0,NO_TRADE,LONDON,4699.863,4673.786,4732.458,4732.458,4673.589,STOP,0.001,2.6076,0.4999,26.076,-2.6274,-1.0076,0.245,1.006,170,0.175,6.39,0.05,0.12,0.0,clear,compression -> confirmed range break + momentum,519.0053
2026-04-10 12:46:00+00:00,2026-04-10 15:25:00+00:00,XAUUSD,LONG,BREAKOUT,COMPRESSION,0.926,95.0,A+,OVERLAP,4766.045,4745.036,4792.305,4792.305,4792.178,TP2,0.001,2.1008,0.4048,21.008,2.6133,1.244,1.271,0.308,159,0.18,4.517,0.05,0.0,0.0,clear,compression -> confirmed range break + momentum,521.6186
2026-04-13 08:12:00+00:00,2026-04-13 16:05:00+00:00,XAUUSD,LONG,LIQUIDITY_REVERSAL,CHOPPY,0.57,85.0,A,LONDON,4727.98,4702.326,4760.048,4760.048,4702.043,STOP,0.001,2.5654,0.4918,25.654,-2.5937,-1.011,0.637,1.09,473,0.23,5.718,0.05,0.12,0.0,clear,sweep + rejection + CHoCH + displacement,519.0249
2026-04-15 01:41:00+00:00,2026-04-15 02:11:00+00:00,XAUUSD,SHORT,BREAKOUT,COMPRESSION,0.974,70.0,NO_TRADE,ASIA,4828.487,4847.825,4804.314,4804.314,4848.146,STOP,0.001,1.9338,0.3726,19.338,-1.9659,-1.0166,0.038,1.229,30,0.376,4.696,0.05,0.12,0.0,clear,compression -> confirmed range break + momentum,517.059
2026-04-22 11:06:00+00:00,2026-04-22 19:06:00+00:00,XAUUSD,SHORT,BREAKOUT,COMPRESSION,0.932,80.0,B,LONDON,4750.484,4774.667,4720.255,4720.255,4737.536,TIME,0.001,2.4183,0.4677,24.183,1.2948,0.5354,1.108,0.428,480,0.202,3.801,0.05,0.05,0.0,clear,compression -> confirmed range break + momentum,518.3538
2026-04-23 00:06:00+00:00,2026-04-23 01:13:00+00:00,XAUUSD,SHORT,BREAKOUT,COMPRESSION,0.979,80.0,B,ASIA,4724.753,4739.098,4706.821,4706.821,4706.997,TP2,0.001,1.4345,0.2767,14.345,1.7756,1.2377,1.494,0.346,67,0.33,3.334,0.05,0.0,0.0,clear,compression -> confirmed range break + momentum,520.1293
2026-04-23 01:20:00+00:00,2026-04-23 01:29:00+00:00,XAUUSD,SHORT,BREAKOUT,EXPANSION,0.845,70.0,NO_TRADE,ASIA,4722.108,4741.182,4698.265,4698.265,4741.558,STOP,0.001,1.9074,0.3667,19.074,-1.945,-1.0197,0.0,1.048,9,0.494,6.494,0.05,0.12,0.0,clear,compression -> confirmed range break + momentum,518.1843
2026-04-28 00:37:00+00:00,2026-04-28 02:50:00+00:00,XAUUSD,LONG,BREAKOUT,COMPRESSION,0.926,50.0,NO_TRADE,ASIA,4693.087,4682.312,4706.555,4706.555,4682.002,STOP,0.002,2.1549,0.4159,10.774,-2.217,-1.0288,0.736,1.078,133,0.284,2.069,0.05,0.12,0.0,clear,compression -> confirmed range break + momentum,515.9673
2026-04-28 03:04:00+00:00,2026-04-28 06:06:00+00:00,XAUUSD,LONG,LIQUIDITY_REVERSAL,LIQUIDITY_REVERSAL,0.7,70.0,NO_TRADE,ASIA,4672.268,4651.216,4698.584,4698.584,4650.924,STOP,0.001,2.1052,0.408,21.052,-2.1344,-1.0139,0.349,1.128,182,0.427,4.199,0.05,0.12,0.0,clear,sweep + rejection + CHoCH + displacement,513.8328
2026-04-28 08:58:00+00:00,2026-04-28 12:11:00+00:00,XAUUSD,SHORT,TREND_CONTINUATION,STRONG_BEAR,0.934,80.0,B,LONDON,4630.134,4655.025,4599.02,4599.02,4599.147,TP2,0.001,2.4891,0.4844,24.891,3.0988,1.2449,1.252,0.207,193,0.301,6.069,0.05,0.0,0.0,clear,trend pullback + LTF BOS,516.9316
2026-04-29 02:13:00+00:00,2026-04-29 06:03:00+00:00,XAUUSD,SHORT,BREAKOUT,COMPRESSION,0.942,55.0,NO_TRADE,ASIA,4582.758,4605.517,4554.311,4554.311,4605.81,STOP,0.001,2.2758,0.4403,22.758,-2.3052,-1.0129,0.179,1.094,230,0.454,5.349,0.05,0.12,0.0,clear,compression -> confirmed range break + momentum,514.6264
2026-05-01 05:51:00+00:00,2026-05-01 08:22:00+00:00,XAUUSD,SHORT,BREAKOUT,COMPRESSION,0.995,65.0,NO_TRADE,ASIA,4609.843,4625.985,4589.665,4589.665,4589.768,TP2,0.001,1.6142,0.3137,16.142,2.0075,1.2436,1.501,0.374,151,0.345,3.725,0.05,0.0,0.0,clear,compression -> confirmed range break + momentum,516.6339
2026-05-05 02:03:00+00:00,2026-05-05 10:03:00+00:00,XAUUSD,LONG,BREAKOUT,COMPRESSION,0.968,65.0,NO_TRADE,ASIA,4531.926,4508.804,4560.829,4560.829,4554.446,TIME,0.001,2.3122,0.4476,23.122,2.252,0.9739,1.188,0.182,480,0.322,3.681,0.05,0.05,0.0,clear,compression -> confirmed range break + momentum,518.8859
2026-05-06 03:01:00+00:00,2026-05-06 06:09:00+00:00,XAUUSD,LONG,BREAKOUT,STRONG_BULL,0.93,65.0,NO_TRADE,ASIA,4628.294,4607.2,4654.662,4654.662,4654.469,TP2,0.001,2.1094,0.4065,21.094,2.6174,1.2408,1.328,0.091,188,0.439,5.137,0.05,0.0,0.0,clear,compression -> confirmed range break + momentum,521.5033
2026-05-08 12:11:00+00:00,2026-05-08 14:33:00+00:00,XAUUSD,SHORT,LIQUIDITY_REVERSAL,CHOPPY,0.633,70.0,NO_TRADE,OVERLAP,4721.126,4742.778,4694.06,4694.06,4743.007,STOP,0.001,2.1652,0.4152,21.652,-2.1882,-1.0106,0.897,1.042,142,0.179,4.752,0.05,0.12,0.0,clear,sweep + rejection + CHoCH + displacement,519.3151
2026-05-12 00:13:00+00:00,2026-05-12 01:17:00+00:00,XAUUSD,SHORT,LIQUIDITY_REVERSAL,BULL,0.876,70.0,NO_TRADE,ASIA,4748.249,4770.19,4720.823,4720.823,4770.508,STOP,0.001,2.1941,0.4225,21.941,-2.2259,-1.0145,0.017,1.123,64,0.331,3.672,0.05,0.12,0.0,clear,sweep + rejection + CHoCH + displacement,517.0892
2026-05-12 01:22:00+00:00,2026-05-12 01:59:00+00:00,XAUUSD,LONG,BREAKOUT,STRONG_BULL,0.988,70.0,NO_TRADE,ASIA,4770.156,4749.003,4796.599,4796.599,4748.661,STOP,0.001,2.1154,0.4091,21.154,-2.1495,-1.0161,0.0,1.037,37,0.403,5.168,0.05,0.12,0.0,clear,compression -> confirmed range break + momentum,514.9397
2026-05-14 13:50:00+00:00,2026-05-14 14:42:00+00:00,XAUUSD,SHORT,LIQUIDITY_REVERSAL,CHOPPY,0.729,100.0,A+,OVERLAP,4702.602,4728.002,4670.853,4670.853,4670.976,TP2,0.001,2.54,0.4933,25.4,3.1626,1.2451,1.442,0.189,52,0.226,5.655,0.05,0.0,0.0,clear,sweep + rejection + CHoCH + displacement,518.1023
2026-05-15 04:58:00+00:00,2026-05-15 06:18:00+00:00,XAUUSD,SHORT,TREND_CONTINUATION,STRONG_BEAR,1.0,80.0,B,ASIA,4614.573,4638.647,4584.481,4584.481,4584.698,TP2,0.001,2.4074,0.4647,24.074,2.9875,1.241,1.263,0.286,80,0.445,5.877,0.05,0.0,0.0,clear,trend pullback + LTF BOS,521.0899
2026-05-21 02:21:00+00:00,2026-05-21 03:33:00+00:00,XAUUSD,LONG,BREAKOUT,COMPRESSION,0.968,55.0,NO_TRADE,ASIA,4558.608,4535.696,4587.248,4587.248,4535.367,STOP,0.001,2.2912,0.4397,22.912,-2.3241,-1.0144,0.529,1.058,72,0.406,5.457,0.05,0.12,0.0,clear,compression -> confirmed range break + momentum,518.7658
2026-05-25 15:55:00+00:00,2026-05-25 23:00:00+00:00,XAUUSD,SHORT,LIQUIDITY_REVERSAL,CHOPPY,0.63,80.0,B,OVERLAP,4565.581,4582.178,4544.834,4544.834,4572.082,SESSION_END,0.001,1.6598,0.3199,16.598,-0.6501,-0.3917,0.152,0.739,214,0.168,3.067,0.05,0.05,0.0,clear,sweep + rejection + CHoCH + displacement,518.1157
2026-05-26 00:16:00+00:00,2026-05-26 00:33:00+00:00,XAUUSD,LONG,BREAKOUT,COMPRESSION,0.974,80.0,B,ASIA,4578.962,4562.438,4599.616,4599.616,4562.135,STOP,0.001,1.6524,0.3189,16.524,-1.6827,-1.0183,0.076,1.059,17,0.333,2.717,0.05,0.12,0.0,clear,compression -> confirmed range break + momentum,516.433
2026-05-26 00:40:00+00:00,2026-05-26 02:39:00+00:00,XAUUSD,SHORT,BREAKOUT,COMPRESSION,0.974,50.0,NO_TRADE,ASIA,4561.162,4585.014,4531.347,4531.347,4531.604,TP2,0.001,2.3852,0.4619,23.852,2.9557,1.2392,1.416,0.068,119,0.406,3.838,0.05,0.0,0.0,clear,compression -> confirmed range break + momentum,519.3888
2026-05-28 02:10:00+00:00,2026-05-28 02:26:00+00:00,XAUUSD,LONG,LIQUIDITY_REVERSAL,CHOPPY,0.742,55.0,NO_TRADE,ASIA,4444.62,4422.816,4471.875,4471.875,4422.458,STOP,0.001,2.1804,0.4198,21.804,-2.2163,-1.0165,0.066,1.198,16,0.444,5.34,0.05,0.12,0.0,clear,sweep + rejection + CHoCH + displacement,517.1725
2026-05-28 04:12:00+00:00,2026-05-28 12:12:00+00:00,XAUUSD,SHORT,BREAKOUT,BEAR,0.952,65.0,NO_TRADE,ASIA,4393.027,4418.839,4360.762,4360.762,4388.004,TIME,0.001,2.5812,0.4991,25.812,0.5024,0.1946,1.045,0.416,480,0.495,6.307,0.05,0.05,0.0,clear,compression -> confirmed range break + momentum,517.6749
2026-05-29 00:46:00+00:00,2026-05-29 02:09:00+00:00,XAUUSD,SHORT,BREAKOUT,COMPRESSION,0.9,80.0,B,ASIA,4489.253,4505.803,4468.566,4468.566,4506.101,STOP,0.001,1.655,0.3197,16.55,-1.6848,-1.018,0.014,1.193,83,0.283,2.743,0.05,0.12,0.0,clear,compression -> confirmed range break + momentum,515.9901
2026-05-29 08:46:00+00:00,2026-05-29 15:07:00+00:00,XAUUSD,LONG,BREAKOUT,STRONG_BULL,1.0,85.0,A,LONDON,4525.494,4505.447,4550.552,4550.552,4550.432,TP2,0.001,2.0047,0.3885,20.047,2.4938,1.244,1.25,0.789,381,0.217,4.838,0.05,0.0,0.0,clear,compression -> confirmed range break + momentum,518.4839
2026-06-02 01:11:00+00:00,2026-06-02 05:06:00+00:00,XAUUSD,SHORT,BREAKOUT,COMPRESSION,1.0,80.0,B,ASIA,4477.901,4501.48,4448.428,4448.428,4501.798,STOP,0.001,2.3579,0.4548,23.579,-2.3897,-1.0135,0.646,1.064,235,0.328,3.392,0.05,0.12,0.0,clear,compression -> confirmed range break + momentum,516.0942
2026-06-03 19:42:00+00:00,2026-06-03 21:00:00+00:00,XAUUSD,LONG,LIQUIDITY_REVERSAL,BEAR,0.949,85.0,A,NEWYORK,4440.051,4421.647,4463.055,4463.055,4444.179,SESSION_END,0.001,1.8403,0.3566,18.403,0.4129,0.2243,0.649,0.041,78,0.211,3.583,0.05,0.05,0.0,clear,sweep + rejection + CHoCH + displacement,516.5071
2026-06-04 02:31:00+00:00,2026-06-04 10:31:00+00:00,XAUUSD,LONG,BREAKOUT,EXPANSION,0.924,50.0,NO_TRADE,ASIA,4468.307,4442.739,4500.267,4500.267,4462.559,TIME,0.001,2.5568,0.495,25.568,-0.5748,-0.2248,0.608,0.51,480,0.465,6.229,0.05,0.05,0.0,clear,compression -> confirmed range break + momentum,515.9323
2026-06-05 00:01:00+00:00,2026-06-05 01:12:00+00:00,XAUUSD,SHORT,BREAKOUT,COMPRESSION,0.979,65.0,NO_TRADE,ASIA,4470.426,4482.201,4455.708,4455.708,4455.886,TP2,0.002,2.3549,0.4564,11.774,2.9082,1.2349,1.391,0.296,71,0.303,2.853,0.05,0.0,0.0,clear,compression -> confirmed range break + momentum,518.8404
2026-06-05 02:49:00+00:00,2026-06-05 10:49:00+00:00,XAUUSD,SHORT,BREAKOUT,BEAR,0.839,65.0,NO_TRADE,ASIA,4446.133,4472.016,4413.78,4413.78,4465.317,TIME,0.001,2.5883,0.4989,25.883,-1.9184,-0.7412,0.688,0.894,480,0.484,6.319,0.05,0.05,0.0,clear,compression -> confirmed range break + momentum,516.922
2026-06-09 00:31:00+00:00,2026-06-09 04:07:00+00:00,XAUUSD,SHORT,BREAKOUT,COMPRESSION,0.984,95.0,A+,ASIA,4320.295,4341.138,4294.241,4294.241,4341.432,STOP,0.001,2.0843,0.4032,20.843,-2.1137,-1.0141,0.369,1.011,216,0.28,2.724,0.05,0.12,0.0,clear,compression -> confirmed range break + momentum,514.8083
2026-06-09 06:46:00+00:00,2026-06-09 08:15:00+00:00,XAUUSD,LONG,BREAKOUT,COMPRESSION,0.953,55.0,NO_TRADE,ASIA,4343.676,4323.203,4369.266,4369.266,4322.98,STOP,0.001,2.0473,0.3977,20.473,-2.0696,-1.0109,0.242,1.031,89,0.362,5.003,0.05,0.12,0.0,clear,compression -> confirmed range break + momentum,512.7387
2026-06-15 12:42:00+00:00,2026-06-15 13:16:00+00:00,XAUUSD,LONG,BREAKOUT,STRONG_BULL,0.975,65.0,NO_TRADE,OVERLAP,4345.515,4329.797,4365.162,4365.162,4329.59,STOP,0.001,1.5718,0.3065,15.718,-1.5925,-1.0132,0.0,1.125,34,0.16,3.86,0.05,0.12,0.0,clear,compression -> confirmed range break + momentum,511.1463
2026-06-15 14:21:00+00:00,2026-06-15 18:19:00+00:00,XAUUSD,LONG,BREAKOUT,COMPRESSION,0.995,80.0,B,OVERLAP,4352.551,4330.406,4380.232,4380.232,4330.171,STOP,0.001,2.2145,0.4332,22.145,-2.238,-1.0106,0.765,1.017,238,0.192,5.305,0.05,0.12,0.0,clear,compression -> confirmed range break + momentum,508.9083
2026-06-16 04:44:00+00:00,2026-06-16 12:44:00+00:00,XAUUSD,LONG,BREAKOUT,COMPRESSION,0.968,70.0,NO_TRADE,ASIA,4330.035,4308.806,4356.57,4356.57,4338.756,TIME,0.001,2.1228,0.4171,21.228,0.8722,0.4108,0.91,0.797,480,0.359,4.065,0.05,0.05,0.0,clear,compression -> confirmed range break + momentum,509.7804
2026-06-16 13:11:00+00:00,2026-06-16 15:27:00+00:00,XAUUSD,LONG,LIQUIDITY_REVERSAL,LIQUIDITY_REVERSAL,0.8,95.0,A+,OVERLAP,4344.36,4318.924,4376.154,4376.154,4318.682,STOP,0.001,2.5436,0.499,25.436,-2.5677,-1.0095,0.415,1.061,136,0.189,3.801,0.05,0.12,0.0,clear,sweep + rejection + CHoCH + displacement,507.2127
2026-06-17 00:46:00+00:00,2026-06-17 02:06:00+00:00,XAUUSD,SHORT,LIQUIDITY_REVERSAL,CHOPPY,0.568,80.0,B,ASIA,4332.041,4346.528,4313.932,4313.932,4346.835,STOP,0.001,1.4487,0.2856,14.487,-1.4794,-1.0211,0.249,1.071,80,0.293,2.192,0.05,0.12,0.0,clear,sweep + rejection + CHoCH + displacement,505.7334
2026-06-19 00:16:00+00:00,2026-06-19 03:15:00+00:00,XAUUSD,SHORT,BREAKOUT,STRONG_BEAR,0.928,95.0,A+,ASIA,4197.916,4214.726,4176.904,4176.904,4177.076,TP2,0.001,1.681,0.3324,16.81,2.084,1.2397,1.331,0.058,179,0.338,4.126,0.05,0.0,0.0,clear,compression -> confirmed range break + momentum,507.8173
2026-06-19 03:22:00+00:00,2026-06-19 04:58:00+00:00,XAUUSD,SHORT,BREAKOUT,STRONG_BEAR,1.0,80.0,B,ASIA,4177.051,4201.277,4146.769,4146.769,4146.944,TP2,0.001,2.4226,0.4771,24.226,3.0107,1.2428,1.309,0.272,96,0.347,4.305,0.05,0.0,0.0,clear,compression -> confirmed range break + momentum,510.828
2026-06-22 11:16:00+00:00,2026-06-22 13:58:00+00:00,XAUUSD,LONG,BREAKOUT,COMPRESSION,0.953,65.0,NO_TRADE,LONDON,4210.808,4193.647,4232.259,4232.259,4193.433,STOP,0.001,1.7161,0.3359,17.161,-1.7375,-1.0125,0.245,1.04,162,0.207,4.214,0.05,0.12,0.0,clear,compression -> confirmed range break + momentum,509.0905
2026-06-22 14:35:00+00:00,2026-06-22 15:08:00+00:00,XAUUSD,SHORT,BREAKOUT,COMPRESSION,0.937,70.0,NO_TRADE,OVERLAP,4185.663,4206.038,4160.195,4160.195,4206.274,STOP,0.001,2.0375,0.4002,20.375,-2.0611,-1.0116,0.0,1.226,33,0.203,4.779,0.05,0.12,0.0,clear,compression -> confirmed range break + momentum,507.0294
2026-06-23 02:31:00+00:00,2026-06-23 04:01:00+00:00,XAUUSD,SHORT,BREAKOUT,COMPRESSION,0.911,65.0,NO_TRADE,ASIA,4174.2,4197.157,4145.505,4145.505,4145.742,TP2,0.001,2.2957,0.4528,22.957,2.8459,1.2397,1.33,0.055,90,0.449,5.444,0.05,0.0,0.0,clear,compression -> confirmed range break + momentum,509.8753
2026-06-23 04:41:00+00:00,2026-06-23 08:44:00+00:00,XAUUSD,SHORT,BREAKOUT,STRONG_BEAR,0.874,80.0,B,ASIA,4135.365,4160.667,4103.737,4103.737,4103.875,TP2,0.001,2.5302,0.4962,25.302,3.149,1.2446,1.256,0.452,243,0.48,6.171,0.05,0.0,0.0,clear,compression -> confirmed range break + momentum,513.0244
2026-06-26 00:51:00+00:00,2026-06-26 03:53:00+00:00,XAUUSD,SHORT,BREAKOUT,COMPRESSION,0.947,80.0,B,ASIA,4017.393,4040.63,3988.347,3988.347,3988.541,TP2,0.001,2.3237,0.4529,23.237,2.8853,1.2417,1.37,0.514,182,0.324,4.566,0.05,0.0,0.0,clear,compression -> confirmed range break + momentum,515.9096
2026-06-30 01:36:00+00:00,2026-06-30 02:06:00+00:00,XAUUSD,SHORT,BREAKOUT,COMPRESSION,0.989,80.0,B,ASIA,4001.508,4023.548,3973.96,3973.96,3974.174,TP2,0.001,2.2039,0.4272,22.039,2.7335,1.2403,1.71,0.0,30,0.373,4.483,0.05,0.0,0.0,clear,compression -> confirmed range break + momentum,518.6431
