ts_open,ts_close,symbol,direction,strategy,regime,regime_conf,setup_score,grade,session,entry,stop,tp1,tp2,exit,exit_reason,lots,risk_money,risk_percent,r_distance,pnl,r_multiple,mfe_r,mae_r,bars_held,spread,atr,entry_slippage,exit_slippage,commission,news_status,entry_reason,equity_after
2015-01-06 07:26:00+00:00,2015-01-06 15:26:00+00:00,XAUUSD,LONG,BREAKOUT,BULL,0.562,80.0,B,LONDON,1211.951,1201.084,1222.817,1222.817,1206.225,TIME,0.002,2.1732,0.4346,10.866,-1.1451,-0.5269,0.21,0.602,480,0.221,0.94,0.05,0.05,0.0,clear,compression -> confirmed range break + momentum,498.8549
2015-01-07 15:36:00+00:00,2015-01-07 21:00:00+00:00,XAUUSD,LONG,LIQUIDITY_REVERSAL,LIQUIDITY_REVERSAL,1.0,100.0,A+,OVERLAP,1214.328,1202.438,1226.218,1226.218,1211.418,SESSION_END,0.002,2.3781,0.4767,11.89,-0.582,-0.2447,0.192,0.414,324,0.256,1.309,0.05,0.05,0.0,clear,sweep + rejection + CHoCH + displacement,498.2728
2015-01-09 13:41:00+00:00,2015-01-09 18:00:00+00:00,XAUUSD,LONG,LIQUIDITY_REVERSAL,CHOPPY,0.568,95.0,A+,OVERLAP,1213.249,1193.99,1232.509,1232.509,1218.079,SESSION_END,0.001,1.9259,0.3865,19.259,0.483,0.2508,0.392,0.177,259,0.459,2.067,0.05,0.05,0.0,clear,sweep + rejection + CHoCH + displacement,498.7558
2015-01-13 09:16:00+00:00,2015-01-13 17:16:00+00:00,XAUUSD,SHORT,LIQUIDITY_REVERSAL,LIQUIDITY_REVERSAL,1.0,80.0,B,LONDON,1237.953,1255.413,1220.494,1220.494,1236.588,TIME,0.001,1.746,0.3501,17.46,0.1366,0.0782,0.37,0.279,480,0.313,1.444,0.05,0.05,0.0,clear,sweep + rejection + CHoCH + displacement,498.8924
2015-01-15 15:58:00+00:00,2015-01-15 21:00:00+00:00,XAUUSD,LONG,TREND_CONTINUATION,STRONG_BULL,0.962,80.0,B,OVERLAP,1260.005,1244.755,1275.255,1275.255,1257.601,SESSION_END,0.001,1.525,0.3057,15.25,-0.2404,-0.1577,0.434,0.275,302,0.33,2.473,0.05,0.05,0.0,clear,trend pullback + LTF BOS,498.652
2015-02-10 15:37:00+00:00,2015-02-10 21:00:00+00:00,XAUUSD,LONG,LIQUIDITY_REVERSAL,LIQUIDITY_REVERSAL,1.0,80.0,B,OVERLAP,1237.664,1221.953,1253.375,1253.375,1233.355,SESSION_END,0.001,1.5711,0.3151,15.711,-0.4309,-0.2743,0.135,0.428,323,0.308,1.343,0.05,0.05,0.0,clear,sweep + rejection + CHoCH + displacement,498.2211
2015-04-17 13:37:00+00:00,2015-04-17 18:00:00+00:00,XAUUSD,SHORT,LIQUIDITY_REVERSAL,LIQUIDITY_REVERSAL,0.8,85.0,A,OVERLAP,1202.257,1217.408,1187.106,1187.106,1203.171,SESSION_END,0.001,1.5151,0.3041,15.151,-0.0914,-0.0603,0.091,0.277,263,0.265,1.251,0.05,0.05,0.0,clear,sweep + rejection + CHoCH + displacement,498.1297
2015-07-24 15:06:00+00:00,2015-07-24 18:00:00+00:00,XAUUSD,LONG,LIQUIDITY_REVERSAL,LIQUIDITY_REVERSAL,1.0,80.0,B,OVERLAP,1084.053,1068.774,1099.332,1099.332,1085.773,SESSION_END,0.001,1.5279,0.3067,15.279,0.172,0.1126,0.315,0.209,174,0.286,1.515,0.05,0.05,0.0,clear,sweep + rejection + CHoCH + displacement,498.3017
2015-08-13 13:41:00+00:00,2015-08-13 21:00:00+00:00,XAUUSD,SHORT,LIQUIDITY_REVERSAL,LIQUIDITY_REVERSAL,1.0,85.0,A,OVERLAP,1114.957,1126.046,1103.867,1103.867,1115.483,SESSION_END,0.002,2.2179,0.4451,11.089,-0.1052,-0.0475,0.127,0.31,439,0.227,1.021,0.05,0.05,0.0,clear,sweep + rejection + CHoCH + displacement,498.1965
2015-08-25 10:36:00+00:00,2015-08-25 15:02:00+00:00,XAUUSD,LONG,LIQUIDITY_REVERSAL,LIQUIDITY_REVERSAL,1.0,95.0,A+,LONDON,1151.159,1139.505,1162.813,1162.813,1139.26,STOP,0.002,2.3308,0.4678,11.654,-2.3798,-1.021,0.137,1.044,266,0.219,1.233,0.05,0.12,0.0,clear,sweep + rejection + CHoCH + displacement,495.8166
2015-09-01 14:32:00+00:00,2015-09-01 21:00:00+00:00,XAUUSD,SHORT,LIQUIDITY_REVERSAL,BULL,0.889,80.0,B,OVERLAP,1142.579,1159.044,1126.114,1126.114,1140.591,SESSION_END,0.001,1.6465,0.3321,16.465,0.1988,0.1207,0.335,0.187,388,0.343,1.592,0.05,0.05,0.0,clear,sweep + rejection + CHoCH + displacement,496.0154
2015-10-15 15:06:00+00:00,2015-10-15 21:00:00+00:00,XAUUSD,LONG,LIQUIDITY_REVERSAL,LIQUIDITY_REVERSAL,0.8,95.0,A+,OVERLAP,1184.721,1167.21,1202.231,1202.231,1182.251,SESSION_END,0.001,1.7511,0.353,17.511,-0.247,-0.1411,0.314,0.182,354,0.402,2.12,0.05,0.05,0.0,clear,sweep + rejection + CHoCH + displacement,495.7684
2015-10-16 15:06:00+00:00,2015-10-16 18:00:00+00:00,XAUUSD,SHORT,LIQUIDITY_REVERSAL,LIQUIDITY_REVERSAL,1.0,85.0,A,OVERLAP,1179.61,1194.195,1165.024,1165.024,1181.956,SESSION_END,0.001,1.4585,0.2942,14.585,-0.2347,-0.1609,0.053,0.304,174,0.321,1.353,0.05,0.05,0.0,clear,sweep + rejection + CHoCH + displacement,495.5337
2015-11-27 15:29:00+00:00,2015-11-27 18:00:00+00:00,XAUUSD,SHORT,TREND_CONTINUATION,STRONG_BEAR,1.0,80.0,B,OVERLAP,1056.007,1073.228,1038.787,1038.787,1058.685,SESSION_END,0.001,1.722,0.3475,17.22,-0.2678,-0.1555,0.018,0.185,151,0.405,1.437,0.05,0.05,0.0,clear,trend pullback + LTF BOS,495.266
2016-02-09 08:21:00+00:00,2016-02-09 16:21:00+00:00,XAUUSD,LONG,LIQUIDITY_REVERSAL,LIQUIDITY_REVERSAL,0.7,90.0,A+,LONDON,1189.569,1177.049,1202.089,1202.089,1191.908,TIME,0.001,1.252,0.2504,12.52,0.2339,0.1868,0.735,0.221,480,0.258,1.255,0.05,0.05,0.0,clear,sweep + rejection + CHoCH + displacement,500.2339
2016-02-12 13:38:00+00:00,2016-02-12 18:00:00+00:00,XAUUSD,SHORT,BREAKOUT,COMPRESSION,1.0,55.0,NO_TRADE,OVERLAP,1234.355,1253.797,1214.913,1214.913,1236.891,SESSION_END,0.001,1.9442,0.3887,19.442,-0.2537,-0.1305,0.098,0.369,262,0.21,1.717,0.05,0.05,0.0,clear,compression -> confirmed range break + momentum,499.9803
2016-02-15 15:06:00+00:00,2016-02-15 23:01:00+00:00,XAUUSD,SHORT,BREAKOUT,COMPRESSION,0.963,80.0,B,OVERLAP,1206.127,1217.832,1194.422,1194.422,1209.372,SESSION_END,0.002,2.3409,0.4682,11.705,-0.6491,-0.2773,0.357,0.31,185,0.186,1.149,0.05,0.05,0.0,clear,compression -> confirmed range break + momentum,499.3311
2016-02-16 07:51:00+00:00,2016-02-16 09:55:00+00:00,XAUUSD,SHORT,LIQUIDITY_REVERSAL,LIQUIDITY_REVERSAL,1.0,100.0,A+,LONDON,1197.838,1209.307,1186.37,1186.37,1209.569,STOP,0.002,2.2938,0.4594,11.469,-2.3462,-1.0229,0.272,1.1,124,0.223,1.183,0.05,0.12,0.0,clear,sweep + rejection + CHoCH + displacement,496.9849
2016-02-17 19:17:00+00:00,2016-02-17 21:00:00+00:00,XAUUSD,SHORT,LIQUIDITY_REVERSAL,CHOPPY,0.569,90.0,A+,NEWYORK,1206.737,1222.922,1190.553,1190.553,1208.988,SESSION_END,0.001,1.6185,0.3257,16.185,-0.225,-0.139,0.333,0.276,103,0.285,1.563,0.05,0.05,0.0,clear,sweep + rejection + CHoCH + displacement,496.7599
2016-02-24 08:12:00+00:00,2016-02-24 10:49:00+00:00,XAUUSD,LONG,LIQUIDITY_REVERSAL,LIQUIDITY_REVERSAL,1.0,95.0,A+,LONDON,1225.492,1213.862,1237.122,1237.122,1236.993,TP2,0.002,2.326,0.4682,11.63,2.3001,0.9889,1.001,0.103,157,0.224,1.104,0.05,0.0,0.0,clear,sweep + rejection + CHoCH + displacement,499.06
2016-03-03 14:42:00+00:00,2016-03-03 16:36:00+00:00,XAUUSD,LONG,LIQUIDITY_REVERSAL,BULL,0.835,100.0,A+,OVERLAP,1245.66,1232.148,1259.173,1259.173,1258.94,TP2,0.001,1.3512,0.2708,13.512,1.328,0.9828,1.06,0.073,114,0.301,1.456,0.05,0.0,0.0,clear,sweep + rejection + CHoCH + displacement,500.3879
2016-03-04 15:46:00+00:00,2016-03-04 18:00:00+00:00,XAUUSD,SHORT,LIQUIDITY_REVERSAL,BULL,0.935,80.0,B,OVERLAP,1270.12,1293.145,1247.094,1247.094,1270.131,SESSION_END,0.001,2.3025,0.4602,23.025,-0.0011,-0.0005,0.251,0.206,134,0.4,2.807,0.05,0.05,0.0,clear,sweep + rejection + CHoCH + displacement,500.3868
2016-03-08 07:51:00+00:00,2016-03-08 15:06:00+00:00,XAUUSD,LONG,BREAKOUT,COMPRESSION,0.932,80.0,B,LONDON,1274.613,1264.231,1284.995,1284.995,1263.955,STOP,0.002,2.0764,0.415,10.382,-2.1316,-1.0266,0.322,1.013,435,0.206,0.973,0.05,0.12,0.0,clear,compression -> confirmed range break + momentum,498.2552
2016-03-11 15:01:00+00:00,2016-03-11 18:00:00+00:00,XAUUSD,SHORT,LIQUIDITY_REVERSAL,CHOPPY,0.561,75.0,B,OVERLAP,1263.931,1281.401,1246.462,1246.462,1259.805,SESSION_END,0.001,1.7469,0.3506,17.469,0.4127,0.2362,0.538,0.12,179,0.277,2.041,0.05,0.05,0.0,clear,sweep + rejection + CHoCH + displacement,498.6678
2016-04-01 13:37:00+00:00,2016-04-01 15:11:00+00:00,XAUUSD,SHORT,LIQUIDITY_REVERSAL,LIQUIDITY_REVERSAL,1.0,85.0,A,OVERLAP,1227.276,1245.382,1209.17,1209.17,1209.387,TP2,0.001,1.8106,0.3631,18.106,1.7889,0.988,1.016,0.175,94,0.348,1.736,0.05,0.0,0.0,clear,sweep + rejection + CHoCH + displacement,500.4567
2016-04-04 14:37:00+00:00,2016-04-04 21:00:00+00:00,XAUUSD,SHORT,LIQUIDITY_REVERSAL,LIQUIDITY_REVERSAL,1.0,100.0,A+,OVERLAP,1217.909,1230.134,1205.685,1205.685,1216.197,SESSION_END,0.002,2.4449,0.4885,12.225,0.3424,0.14,0.271,0.213,383,0.241,1.045,0.05,0.05,0.0,clear,sweep + rejection + CHoCH + displacement,500.7991
2016-04-08 09:31:00+00:00,2016-04-08 17:31:00+00:00,XAUUSD,SHORT,LIQUIDITY_REVERSAL,LIQUIDITY_REVERSAL,0.7,75.0,B,LONDON,1233.574,1247.129,1220.019,1220.019,1241.975,TIME,0.001,1.3555,0.2707,13.555,-0.8401,-0.6198,0.294,0.621,480,0.292,1.292,0.05,0.05,0.0,clear,sweep + rejection + CHoCH + displacement,499.959
2016-04-15 14:08:00+00:00,2016-04-15 18:00:00+00:00,XAUUSD,SHORT,LIQUIDITY_REVERSAL,LIQUIDITY_REVERSAL,0.7,100.0,A+,OVERLAP,1228.213,1242.032,1214.395,1214.395,1233.992,SESSION_END,0.001,1.3819,0.2764,13.819,-0.5778,-0.4182,0.146,0.547,232,0.253,1.243,0.05,0.05,0.0,clear,sweep + rejection + CHoCH + displacement,499.3811
2016-04-18 08:06:00+00:00,2016-04-18 16:06:00+00:00,XAUUSD,LONG,LIQUIDITY_REVERSAL,LIQUIDITY_REVERSAL,0.7,85.0,A,LONDON,1234.905,1219.682,1250.129,1250.129,1234.25,TIME,0.001,1.5224,0.3049,15.224,-0.0655,-0.043,0.436,0.157,480,0.331,1.424,0.05,0.05,0.0,clear,sweep + rejection + CHoCH + displacement,499.3156
2016-04-20 15:06:00+00:00,2016-04-20 21:00:00+00:00,XAUUSD,SHORT,LIQUIDITY_REVERSAL,BULL,0.819,85.0,A,OVERLAP,1250.125,1263.89,1236.359,1236.359,1245.837,SESSION_END,0.001,1.3766,0.2757,13.766,0.4287,0.3114,0.564,0.439,354,0.251,1.334,0.05,0.05,0.0,clear,sweep + rejection + CHoCH + displacement,499.7443
2016-05-05 12:37:00+00:00,2016-05-05 18:30:00+00:00,XAUUSD,LONG,LIQUIDITY_REVERSAL,CHOPPY,0.562,85.0,A,OVERLAP,1279.796,1269.042,1290.551,1290.551,1268.773,STOP,0.002,2.1509,0.4304,10.754,-2.2047,-1.025,0.604,1.021,353,0.213,1.037,0.05,0.12,0.0,clear,sweep + rejection + CHoCH + displacement,497.5396
2016-05-25 15:04:00+00:00,2016-05-25 21:00:00+00:00,XAUUSD,LONG,LIQUIDITY_REVERSAL,BEAR,0.606,75.0,B,OVERLAP,1221.598,1209.586,1233.61,1233.61,1223.541,SESSION_END,0.002,2.4024,0.4829,12.012,0.3886,0.1618,0.29,0.309,355,0.256,1.085,0.05,0.05,0.0,clear,sweep + rejection + CHoCH + displacement,497.9283
2016-06-13 14:37:00+00:00,2016-06-13 21:00:00+00:00,XAUUSD,SHORT,LIQUIDITY_REVERSAL,LIQUIDITY_REVERSAL,1.0,85.0,A,OVERLAP,1282.048,1294.691,1269.404,1269.404,1284.329,SESSION_END,0.001,1.2644,0.2539,12.644,-0.2281,-0.1804,0.36,0.261,383,0.265,1.295,0.05,0.05,0.0,clear,sweep + rejection + CHoCH + displacement,497.7002
2016-06-23 08:01:00+00:00,2016-06-23 16:01:00+00:00,XAUUSD,SHORT,LIQUIDITY_REVERSAL,LIQUIDITY_REVERSAL,0.7,85.0,A,LONDON,1265.43,1278.808,1252.051,1252.051,1263.382,TIME,0.001,1.3378,0.2688,13.378,0.2048,0.1531,0.588,0.403,480,0.281,1.277,0.05,0.05,0.0,clear,sweep + rejection + CHoCH + displacement,497.905
2016-06-30 13:34:00+00:00,2016-06-30 21:00:00+00:00,XAUUSD,SHORT,LIQUIDITY_REVERSAL,LIQUIDITY_REVERSAL,0.7,75.0,B,OVERLAP,1317.209,1329.046,1305.371,1305.371,1323.894,SESSION_END,0.002,2.3675,0.4755,11.837,-1.3371,-0.5648,0.208,0.574,446,0.243,1.182,0.05,0.05,0.0,clear,sweep + rejection + CHoCH + displacement,496.5679
2016-07-21 15:06:00+00:00,2016-07-21 21:00:00+00:00,XAUUSD,LONG,LIQUIDITY_REVERSAL,LIQUIDITY_REVERSAL,1.0,85.0,A,OVERLAP,1320.821,1305.934,1335.709,1335.709,1331.9,SESSION_END,0.001,1.4887,0.2998,14.887,1.1079,0.7442,0.87,0.009,354,0.263,1.341,0.05,0.05,0.0,clear,sweep + rejection + CHoCH + displacement,497.6758
2016-09-09 15:16:00+00:00,2016-09-09 18:00:00+00:00,XAUUSD,LONG,LIQUIDITY_REVERSAL,LIQUIDITY_REVERSAL,1.0,85.0,A,OVERLAP,1335.958,1318.412,1353.505,1353.505,1331.974,SESSION_END,0.001,1.7546,0.3526,17.546,-0.3984,-0.2271,0.01,0.266,164,0.397,1.503,0.05,0.05,0.0,clear,sweep + rejection + CHoCH + displacement,497.2774
2016-10-10 15:41:00+00:00,2016-10-10 21:00:00+00:00,XAUUSD,LONG,LIQUIDITY_REVERSAL,LIQUIDITY_REVERSAL,1.0,85.0,A,OVERLAP,1261.715,1248.55,1274.88,1274.88,1258.846,SESSION_END,0.001,1.3165,0.2647,13.165,-0.287,-0.218,0.022,0.311,319,0.291,1.293,0.05,0.05,0.0,clear,sweep + rejection + CHoCH + displacement,496.9904
2016-11-04 13:36:00+00:00,2016-11-04 18:00:00+00:00,XAUUSD,SHORT,LIQUIDITY_REVERSAL,LIQUIDITY_REVERSAL,0.7,85.0,A,OVERLAP,1300.501,1315.046,1285.956,1285.956,1303.875,SESSION_END,0.001,1.4545,0.2927,14.545,-0.3374,-0.232,0.1,0.45,264,0.298,1.408,0.05,0.05,0.0,clear,sweep + rejection + CHoCH + displacement,496.653
2016-11-09 14:36:00+00:00,2016-11-09 17:20:00+00:00,XAUUSD,SHORT,LIQUIDITY_REVERSAL,LIQUIDITY_REVERSAL,1.0,85.0,A,OVERLAP,1297.819,1319.452,1276.187,1276.187,1276.335,TP2,0.001,2.1633,0.4356,21.633,2.1485,0.9932,1.026,0.028,164,0.261,2.35,0.05,0.0,0.0,clear,sweep + rejection + CHoCH + displacement,498.8015
2016-11-10 09:21:00+00:00,2016-11-10 11:21:00+00:00,XAUUSD,SHORT,LIQUIDITY_REVERSAL,LIQUIDITY_REVERSAL,1.0,100.0,A+,LONDON,1287.678,1297.804,1277.553,1277.553,1277.644,TP2,0.002,2.0252,0.406,10.126,2.0068,0.9909,1.074,0.112,120,0.183,1.552,0.05,0.0,0.0,clear,sweep + rejection + CHoCH + displacement,500.8083
2016-11-11 09:19:00+00:00,2016-11-11 14:46:00+00:00,XAUUSD,LONG,LIQUIDITY_REVERSAL,BEAR,0.929,75.0,B,LONDON,1257.648,1243.099,1272.197,1272.197,1242.853,STOP,0.001,1.4549,0.2905,14.549,-1.4795,-1.0169,0.275,1.12,327,0.236,1.682,0.05,0.12,0.0,clear,sweep + rejection + CHoCH + displacement,499.3288
2016-11-11 15:17:00+00:00,2016-11-11 18:00:00+00:00,XAUUSD,SHORT,BREAKOUT,BEAR,0.873,80.0,B,OVERLAP,1235.459,1251.023,1219.895,1219.895,1231.363,SESSION_END,0.001,1.5564,0.3117,15.564,0.4096,0.2632,0.723,0.136,163,0.362,3.865,0.05,0.05,0.0,clear,compression -> confirmed range break + momentum,499.7385
2016-11-14 08:07:00+00:00,2016-11-14 16:07:00+00:00,XAUUSD,SHORT,LIQUIDITY_REVERSAL,LIQUIDITY_REVERSAL,1.0,100.0,A+,LONDON,1220.96,1237.107,1204.814,1204.814,1214.136,TIME,0.001,1.6147,0.3231,16.147,0.6824,0.4226,0.588,0.458,480,0.239,1.823,0.05,0.05,0.0,clear,sweep + rejection + CHoCH + displacement,500.4209
2016-11-15 00:21:00+00:00,2016-11-15 08:21:00+00:00,XAUUSD,LONG,BREAKOUT,COMPRESSION,0.947,65.0,NO_TRADE,ASIA,1227.828,1211.754,1243.902,1243.902,1226.233,TIME,0.001,1.6074,0.3212,16.074,-0.1595,-0.0992,0.214,0.271,480,0.356,1.422,0.05,0.05,0.0,clear,compression -> confirmed range break + momentum,500.2614
2016-11-15 13:37:00+00:00,2016-11-15 21:00:00+00:00,XAUUSD,LONG,LIQUIDITY_REVERSAL,CHOPPY,0.759,85.0,A,OVERLAP,1226.219,1212.473,1239.965,1239.965,1227.238,SESSION_END,0.001,1.3746,0.2748,13.746,0.1019,0.0741,0.237,0.537,443,0.218,1.622,0.05,0.05,0.0,clear,sweep + rejection + CHoCH + displacement,500.3633
2016-11-29 14:37:00+00:00,2016-11-29 21:00:00+00:00,XAUUSD,LONG,LIQUIDITY_REVERSAL,LIQUIDITY_REVERSAL,0.7,85.0,A,OVERLAP,1187.141,1170.036,1204.246,1204.246,1187.353,SESSION_END,0.001,1.7105,0.3419,17.105,0.0212,0.0124,0.197,0.136,383,0.282,1.459,0.05,0.05,0.0,clear,sweep + rejection + CHoCH + displacement,500.3845
2016-12-02 13:34:00+00:00,2016-12-02 18:00:00+00:00,XAUUSD,LONG,LIQUIDITY_REVERSAL,LIQUIDITY_REVERSAL,1.0,75.0,B,OVERLAP,1173.183,1160.533,1185.832,1185.832,1175.225,SESSION_END,0.001,1.2649,0.2528,12.649,0.2042,0.1615,0.371,0.512,266,0.225,1.075,0.05,0.05,0.0,clear,sweep + rejection + CHoCH + displacement,500.5887
2016-12-12 13:26:00+00:00,2016-12-12 21:00:00+00:00,XAUUSD,LONG,LIQUIDITY_REVERSAL,LIQUIDITY_REVERSAL,1.0,85.0,A,OVERLAP,1158.552,1146.313,1170.791,1170.791,1161.847,SESSION_END,0.002,2.4479,0.489,12.239,0.6591,0.2693,0.586,0.154,454,0.244,1.023,0.05,0.05,0.0,clear,sweep + rejection + CHoCH + displacement,501.2478
2017-01-06 13:38:00+00:00,2017-01-06 18:00:00+00:00,XAUUSD,SHORT,LIQUIDITY_REVERSAL,LIQUIDITY_REVERSAL,0.7,85.0,A,OVERLAP,1178.628,1192.066,1165.19,1165.19,1174.133,SESSION_END,0.001,1.3438,0.2688,13.438,0.4495,0.3345,0.559,0.035,262,0.265,1.261,0.05,0.05,0.0,clear,sweep + rejection + CHoCH + displacement,500.4495
2018-08-30 15:16:00+00:00,2018-08-30 21:00:00+00:00,XAUUSD,LONG,LIQUIDITY_REVERSAL,LIQUIDITY_REVERSAL,0.7,70.0,NO_TRADE,OVERLAP,1201.071,1185.957,1216.184,1216.184,1199.594,SESSION_END,0.001,1.5114,0.3023,15.114,-0.1477,-0.0977,0.024,0.225,344,0.341,1.311,0.05,0.05,0.0,clear,sweep + rejection + CHoCH + displacement,499.8523
2018-12-27 15:06:00+00:00,2018-12-27 21:00:00+00:00,XAUUSD,SHORT,LIQUIDITY_REVERSAL,LIQUIDITY_REVERSAL,1.0,85.0,A,OVERLAP,1271.952,1286.558,1257.346,1257.346,1275.599,SESSION_END,0.001,1.4606,0.2922,14.606,-0.3647,-0.2497,0.055,0.478,354,0.332,1.305,0.05,0.05,0.0,clear,sweep + rejection + CHoCH + displacement,499.4876
2019-06-25 17:41:00+00:00,2019-06-25 21:00:00+00:00,XAUUSD,SHORT,LIQUIDITY_REVERSAL,LIQUIDITY_REVERSAL,1.0,85.0,A,NEWYORK,1424.8,1447.053,1402.546,1402.546,1423.627,SESSION_END,0.001,2.2253,0.4451,22.253,0.1173,0.0527,0.584,0.066,199,0.331,1.945,0.05,0.05,0.0,clear,sweep + rejection + CHoCH + displacement,500.1173
2019-06-26 10:11:00+00:00,2019-06-26 18:11:00+00:00,XAUUSD,SHORT,LIQUIDITY_REVERSAL,LIQUIDITY_REVERSAL,1.0,80.0,B,LONDON,1407.57,1418.492,1396.648,1396.648,1410.531,TIME,0.002,2.1845,0.4368,10.922,-0.5921,-0.2711,0.522,0.698,480,0.21,1.357,0.05,0.05,0.0,clear,sweep + rejection + CHoCH + displacement,499.5251
2019-07-03 13:21:00+00:00,2019-07-03 21:00:00+00:00,XAUUSD,LONG,LIQUIDITY_REVERSAL,LIQUIDITY_REVERSAL,0.7,90.0,A+,OVERLAP,1418.958,1405.699,1432.217,1432.217,1417.145,SESSION_END,0.001,1.3259,0.2654,13.259,-0.1813,-0.1367,0.219,0.527,458,0.266,1.794,0.05,0.05,0.0,clear,sweep + rejection + CHoCH + displacement,499.3438
2019-07-11 15:41:00+00:00,2019-07-11 21:00:00+00:00,XAUUSD,SHORT,BREAKOUT,BEAR,0.613,70.0,NO_TRADE,OVERLAP,1409.825,1424.737,1394.913,1394.913,1407.54,SESSION_END,0.001,1.4912,0.2986,14.912,0.2285,0.1532,0.425,0.204,319,0.306,1.644,0.05,0.05,0.0,clear,compression -> confirmed range break + momentum,499.5723
2019-07-18 13:36:00+00:00,2019-07-18 19:02:00+00:00,XAUUSD,SHORT,LIQUIDITY_REVERSAL,LIQUIDITY_REVERSAL,1.0,85.0,A,OVERLAP,1417.655,1431.377,1403.933,1403.933,1431.631,STOP,0.001,1.3722,0.2747,13.722,-1.3976,-1.0185,0.224,1.018,326,0.3,1.429,0.05,0.12,0.0,clear,sweep + rejection + CHoCH + displacement,498.1747
2019-07-19 10:46:00+00:00,2019-07-19 15:43:00+00:00,XAUUSD,LONG,LIQUIDITY_REVERSAL,LIQUIDITY_REVERSAL,0.7,100.0,A+,LONDON,1440.289,1428.685,1451.892,1451.892,1428.395,STOP,0.002,2.3207,0.4658,11.603,-2.3786,-1.025,0.127,1.165,297,0.221,1.007,0.05,0.12,0.0,clear,sweep + rejection + CHoCH + displacement,495.7961
2019-08-02 08:34:00+00:00,2019-08-02 16:34:00+00:00,XAUUSD,LONG,BREAKOUT,COMPRESSION,0.968,85.0,A,LONDON,1437.487,1426.116,1448.859,1448.859,1444.697,TIME,0.002,2.2743,0.4587,11.372,1.442,0.634,0.898,0.579,480,0.219,1.243,0.05,0.05,0.0,clear,compression -> confirmed range break + momentum,497.238
2019-08-08 13:36:00+00:00,2019-08-08 19:07:00+00:00,XAUUSD,SHORT,BREAKOUT,COMPRESSION,1.0,65.0,NO_TRADE,OVERLAP,1494.31,1505.28,1483.341,1483.341,1505.534,STOP,0.002,2.1939,0.4412,10.97,-2.2447,-1.0232,0.398,1.013,331,0.195,1.362,0.05,0.12,0.0,clear,compression -> confirmed range break + momentum,494.9933
2019-08-14 20:06:00+00:00,2019-08-14 21:00:00+00:00,XAUUSD,SHORT,LIQUIDITY_REVERSAL,LIQUIDITY_REVERSAL,0.7,85.0,A,NEWYORK,1513.707,1536.54,1490.873,1490.873,1515.058,SESSION_END,0.001,2.2834,0.4613,22.834,-0.1351,-0.0592,0.014,0.195,54,0.296,2.035,0.05,0.05,0.0,clear,sweep + rejection + CHoCH + displacement,494.8582
2019-08-19 12:31:00+00:00,2019-08-19 20:31:00+00:00,XAUUSD,SHORT,BREAKOUT,STRONG_BEAR,0.952,85.0,A,OVERLAP,1496.82,1507.5,1486.141,1486.141,1494.838,TIME,0.002,2.1359,0.4316,10.68,0.3965,0.1856,0.341,0.611,480,0.209,1.22,0.05,0.05,0.0,clear,compression -> confirmed range break + momentum,495.2547
2019-08-27 13:31:00+00:00,2019-08-27 16:11:00+00:00,XAUUSD,SHORT,LIQUIDITY_REVERSAL,LIQUIDITY_REVERSAL,1.0,75.0,B,OVERLAP,1529.272,1539.753,1518.791,1518.791,1540.049,STOP,0.002,2.0961,0.4232,10.481,-2.1554,-1.0283,0.088,1.012,160,0.186,0.905,0.05,0.12,0.0,clear,sweep + rejection + CHoCH + displacement,493.0992
2019-08-30 14:21:00+00:00,2019-08-30 18:00:00+00:00,XAUUSD,SHORT,LIQUIDITY_REVERSAL,LIQUIDITY_REVERSAL,1.0,100.0,A+,OVERLAP,1526.768,1538.401,1515.134,1515.134,1523.095,SESSION_END,0.002,2.3268,0.4719,11.634,0.7345,0.3157,0.372,0.515,219,0.235,1.471,0.05,0.05,0.0,clear,sweep + rejection + CHoCH + displacement,493.8338
2019-09-05 13:21:00+00:00,2019-09-05 14:48:00+00:00,XAUUSD,SHORT,LIQUIDITY_REVERSAL,LIQUIDITY_REVERSAL,0.7,85.0,A,OVERLAP,1540.9,1552.914,1528.887,1528.887,1529.04,TP2,0.002,2.4027,0.4865,12.014,2.3721,0.9873,1.078,0.0,87,0.235,1.381,0.05,0.0,0.0,clear,sweep + rejection + CHoCH + displacement,496.2059
2019-09-17 14:36:00+00:00,2019-09-17 21:00:00+00:00,XAUUSD,SHORT,LIQUIDITY_REVERSAL,LIQUIDITY_REVERSAL,0.7,100.0,A+,OVERLAP,1500.7,1516.518,1484.881,1484.881,1502.395,SESSION_END,0.001,1.5818,0.3188,15.818,-0.1695,-0.1072,0.183,0.399,384,0.297,1.694,0.05,0.05,0.0,clear,sweep + rejection + CHoCH + displacement,496.0364
2019-09-19 13:36:00+00:00,2019-09-19 21:00:00+00:00,XAUUSD,SHORT,LIQUIDITY_REVERSAL,LIQUIDITY_REVERSAL,0.8,100.0,A+,OVERLAP,1500.166,1512.329,1488.004,1488.004,1499.038,SESSION_END,0.002,2.4326,0.4904,12.163,0.2257,0.0928,0.302,0.354,444,0.263,1.175,0.05,0.05,0.0,clear,sweep + rejection + CHoCH + displacement,496.2621
2019-09-26 13:41:00+00:00,2019-09-26 21:00:00+00:00,XAUUSD,LONG,LIQUIDITY_REVERSAL,LIQUIDITY_REVERSAL,0.8,85.0,A,OVERLAP,1505.798,1487.949,1523.647,1523.647,1503.707,SESSION_END,0.001,1.7849,0.3597,17.849,-0.2091,-0.1171,0.361,0.228,439,0.326,1.607,0.05,0.05,0.0,clear,sweep + rejection + CHoCH + displacement,496.053
2019-10-09 20:46:00+00:00,2019-10-09 21:00:00+00:00,XAUUSD,SHORT,LIQUIDITY_REVERSAL,LIQUIDITY_REVERSAL,0.7,75.0,B,NEWYORK,1507.782,1522.298,1493.266,1493.266,1508.007,SESSION_END,0.001,1.4516,0.2926,14.516,-0.0225,-0.0155,0.19,0.032,14,0.266,1.219,0.05,0.05,0.0,clear,sweep + rejection + CHoCH + displacement,496.0304
2019-11-08 15:03:00+00:00,2019-11-08 18:00:00+00:00,XAUUSD,LONG,LIQUIDITY_REVERSAL,LIQUIDITY_REVERSAL,1.0,75.0,B,OVERLAP,1464.7,1445.096,1484.303,1484.303,1461.952,SESSION_END,0.001,1.9604,0.3952,19.604,-0.2748,-0.1402,0.178,0.214,177,0.323,1.95,0.05,0.05,0.0,clear,sweep + rejection + CHoCH + displacement,495.7556
2019-12-13 15:07:00+00:00,2019-12-13 18:00:00+00:00,XAUUSD,SHORT,LIQUIDITY_REVERSAL,CHOPPY,0.562,85.0,A,OVERLAP,1466.39,1489.254,1443.527,1443.527,1474.849,SESSION_END,0.001,2.2864,0.4612,22.864,-0.8458,-0.3699,0.003,0.501,173,0.389,1.987,0.05,0.05,0.0,clear,sweep + rejection + CHoCH + displacement,494.9098
2020-01-08 15:36:00+00:00,2020-01-08 16:43:00+00:00,XAUUSD,SHORT,LIQUIDITY_REVERSAL,LIQUIDITY_REVERSAL,1.0,85.0,A,OVERLAP,1570.379,1584.257,1556.501,1556.501,1556.723,TP2,0.001,1.3878,0.2776,13.878,1.3656,0.984,1.033,0.287,67,0.252,2.003,0.05,0.0,0.0,clear,sweep + rejection + CHoCH + displacement,501.3656
2020-02-24 14:36:00+00:00,2020-02-24 19:30:00+00:00,XAUUSD,SHORT,LIQUIDITY_REVERSAL,LIQUIDITY_REVERSAL,0.7,85.0,A,OVERLAP,1676.823,1700.392,1653.253,1653.253,1653.408,TP2,0.001,2.3569,0.4701,23.569,2.3415,0.9934,1.082,0.113,294,0.325,2.704,0.05,0.0,0.0,clear,sweep + rejection + CHoCH + displacement,503.707
2020-03-04 11:31:00+00:00,2020-03-04 19:31:00+00:00,XAUUSD,LONG,TREND_CONTINUATION,BULL,0.953,100.0,A+,LONDON,1644.008,1632.16,1655.856,1655.856,1638.834,TIME,0.002,2.3696,0.4704,11.848,-1.0349,-0.4367,0.444,0.859,480,0.22,1.732,0.05,0.05,0.0,clear,trend pullback + LTF BOS,502.6722
2020-03-09 19:37:00+00:00,2020-03-09 22:00:00+00:00,XAUUSD,SHORT,LIQUIDITY_REVERSAL,LIQUIDITY_REVERSAL,1.0,80.0,B,NEWYORK,1673.829,1698.64,1649.018,1649.018,1679.598,SESSION_END,0.001,2.4811,0.4936,24.811,-0.5769,-0.2325,0.073,0.257,83,0.212,2.954,0.05,0.05,0.0,clear,sweep + rejection + CHoCH + displacement,502.0952
2020-03-10 06:01:00+00:00,2020-03-10 14:01:00+00:00,XAUUSD,SHORT,BREAKOUT,BEAR,0.959,80.0,B,ASIA,1649.938,1672.576,1627.3,1627.3,1654.852,TIME,0.001,2.2638,0.4509,22.638,-0.4914,-0.2171,0.0,0.774,480,0.319,2.317,0.05,0.05,0.0,clear,compression -> confirmed range break + momentum,501.6038
2020-03-12 07:56:00+00:00,2020-03-12 12:02:00+00:00,XAUUSD,LONG,BREAKOUT,COMPRESSION,0.974,70.0,NO_TRADE,LONDON,1641.723,1629.33,1654.116,1654.116,1629.098,STOP,0.002,2.4786,0.4941,12.393,-2.5249,-1.0187,0.301,1.617,246,0.216,1.766,0.05,0.12,0.0,clear,compression -> confirmed range break + momentum,499.0789
2020-03-12 20:29:00+00:00,2020-03-12 22:00:00+00:00,XAUUSD,SHORT,TREND_CONTINUATION,BEAR,1.0,85.0,A,NEWYORK,1570.323,1586.684,1553.961,1553.961,1577.003,SESSION_END,0.001,1.6361,0.3278,16.361,-0.6681,-0.4083,0.22,0.582,31,0.351,3.98,0.05,0.05,0.0,clear,trend pullback + LTF BOS,498.4108
2020-03-18 05:46:00+00:00,2020-03-18 06:27:00+00:00,XAUUSD,SHORT,BREAKOUT,COMPRESSION,0.989,80.0,B,ASIA,1522.579,1536.575,1508.582,1508.582,1508.771,TP2,0.001,1.3997,0.2808,13.997,1.3807,0.9865,1.092,0.023,41,0.293,2.04,0.05,0.0,0.0,clear,compression -> confirmed range break + momentum,499.7915
2020-03-18 19:59:00+00:00,2020-03-18 22:00:00+00:00,XAUUSD,LONG,LIQUIDITY_REVERSAL,CHOPPY,0.616,85.0,A,NEWYORK,1495.13,1473.256,1517.003,1517.003,1485.148,SESSION_END,0.001,2.1873,0.4376,21.873,-0.9982,-0.4564,0.027,0.539,61,0.263,5.057,0.05,0.05,0.0,clear,sweep + rejection + CHoCH + displacement,498.7933
2020-03-20 07:31:00+00:00,2020-03-20 15:31:00+00:00,XAUUSD,LONG,BREAKOUT,EXPANSION,0.934,70.0,NO_TRADE,LONDON,1506.423,1481.514,1531.332,1531.332,1490.377,TIME,0.001,2.4909,0.4994,24.909,-1.6046,-0.6442,0.386,0.828,480,0.21,3.312,0.05,0.05,0.0,clear,compression -> confirmed range break + momentum,497.1887
2020-03-23 14:01:00+00:00,2020-03-23 16:07:00+00:00,XAUUSD,LONG,BREAKOUT,BULL,0.563,70.0,NO_TRADE,OVERLAP,1526.041,1506.788,1545.295,1545.295,1545.154,TP2,0.001,1.9253,0.3872,19.253,1.9112,0.9927,1.016,0.284,126,0.267,4.709,0.05,0.0,0.0,clear,compression -> confirmed range break + momentum,499.0999
2020-03-24 19:31:00+00:00,2020-03-24 22:00:00+00:00,XAUUSD,LONG,TREND_CONTINUATION,BULL,1.0,85.0,A,NEWYORK,1623.898,1600.956,1646.839,1646.839,1624.961,SESSION_END,0.001,2.2941,0.4597,22.941,0.1063,0.0464,0.262,0.383,89,0.3,5.242,0.05,0.05,0.0,clear,trend pullback + LTF BOS,499.2063
2020-03-27 13:46:00+00:00,2020-03-27 18:00:00+00:00,XAUUSD,SHORT,LIQUIDITY_REVERSAL,LIQUIDITY_REVERSAL,0.8,85.0,A,OVERLAP,1622.779,1644.674,1600.885,1600.885,1623.665,SESSION_END,0.001,2.1895,0.4386,21.895,-0.0886,-0.0405,0.344,0.312,254,0.251,3.866,0.05,0.05,0.0,clear,sweep + rejection + CHoCH + displacement,499.1177
2020-03-30 12:01:00+00:00,2020-03-30 13:14:00+00:00,XAUUSD,LONG,BREAKOUT,EXPANSION,0.85,80.0,B,OVERLAP,1625.872,1615.69,1636.054,1636.054,1615.474,STOP,0.002,2.0364,0.408,10.182,-2.0797,-1.0213,0.128,1.022,73,0.188,2.157,0.05,0.12,0.0,clear,compression -> confirmed range break + momentum,497.038
2020-03-30 16:17:00+00:00,2020-03-30 21:00:00+00:00,XAUUSD,SHORT,LIQUIDITY_REVERSAL,CHOPPY,0.643,80.0,B,NEWYORK,1618.863,1632.419,1605.307,1605.307,1622.687,SESSION_END,0.001,1.3556,0.2727,13.556,-0.3824,-0.2821,0.567,0.29,283,0.23,2.054,0.05,0.05,0.0,clear,sweep + rejection + CHoCH + displacement,496.6556
2020-03-31 11:26:00+00:00,2020-03-31 18:28:00+00:00,XAUUSD,SHORT,BREAKOUT,STRONG_BEAR,0.821,85.0,A,LONDON,1599.684,1613.685,1585.682,1585.682,1585.835,TP2,0.001,1.4002,0.2819,14.002,1.3849,0.9891,1.11,0.984,422,0.249,2.436,0.05,0.0,0.0,clear,compression -> confirmed range break + momentum,498.0405
2020-04-01 12:37:00+00:00,2020-04-01 14:24:00+00:00,XAUUSD,LONG,LIQUIDITY_REVERSAL,LIQUIDITY_REVERSAL,1.0,85.0,A,OVERLAP,1594.026,1576.567,1611.484,1611.484,1576.335,STOP,0.001,1.7458,0.3505,17.458,-1.7691,-1.0133,0.039,1.092,107,0.176,1.669,0.05,0.12,0.0,clear,sweep + rejection + CHoCH + displacement,496.2714
2020-04-02 07:21:00+00:00,2020-04-02 13:15:00+00:00,XAUUSD,LONG,BREAKOUT,COMPRESSION,0.995,65.0,NO_TRADE,LONDON,1589.396,1576.174,1602.618,1602.618,1602.513,TP2,0.001,1.3222,0.2664,13.222,1.3116,0.992,1.145,0.318,354,0.197,1.618,0.05,0.0,0.0,clear,compression -> confirmed range break + momentum,497.583
2020-04-06 08:56:00+00:00,2020-04-06 14:51:00+00:00,XAUUSD,LONG,BREAKOUT,BULL,0.85,85.0,A,LONDON,1632.509,1618.904,1646.114,1646.114,1645.994,TP2,0.001,1.3605,0.2734,13.605,1.3485,0.9912,1.14,0.287,355,0.282,2.686,0.05,0.0,0.0,clear,compression -> confirmed range break + momentum,498.9315
2020-04-06 19:38:00+00:00,2020-04-06 21:00:00+00:00,XAUUSD,LONG,TREND_CONTINUATION,STRONG_BULL,1.0,85.0,A,NEWYORK,1656.454,1637.484,1675.424,1675.424,1665.828,SESSION_END,0.001,1.897,0.3802,18.97,0.9374,0.4941,0.643,0.074,82,0.292,2.872,0.05,0.05,0.0,clear,trend pullback + LTF BOS,499.8688
2020-04-08 01:36:00+00:00,2020-04-08 09:36:00+00:00,XAUUSD,SHORT,LIQUIDITY_REVERSAL,CHOPPY,0.59,80.0,B,ASIA,1643.632,1659.759,1627.505,1627.505,1650.298,TIME,0.001,1.6127,0.3226,16.127,-0.6666,-0.4134,0.105,0.695,480,0.286,1.525,0.05,0.05,0.0,clear,sweep + rejection + CHoCH + displacement,499.2022
2020-04-08 10:36:00+00:00,2020-04-08 18:36:00+00:00,XAUUSD,SHORT,LIQUIDITY_REVERSAL,LIQUIDITY_REVERSAL,0.7,85.0,A,LONDON,1650.062,1662.415,1637.708,1637.708,1649.961,TIME,0.002,2.4707,0.4949,12.354,0.0201,0.0081,0.653,0.504,480,0.193,2.075,0.05,0.05,0.0,clear,sweep + rejection + CHoCH + displacement,499.2223
2020-04-13 17:27:00+00:00,2020-04-13 21:00:00+00:00,XAUUSD,LONG,BREAKOUT,BULL,0.939,70.0,NO_TRADE,NEWYORK,1712.134,1699.429,1724.838,1724.838,1716.409,SESSION_END,0.001,1.2704,0.2545,12.704,0.4275,0.3365,0.82,0.13,213,0.271,2.865,0.05,0.05,0.0,clear,compression -> confirmed range break + momentum,499.6498
2020-04-14 09:46:00+00:00,2020-04-14 15:02:00+00:00,XAUUSD,SHORT,LIQUIDITY_REVERSAL,LIQUIDITY_REVERSAL,0.8,85.0,A,LONDON,1719.65,1739.285,1700.014,1700.014,1739.529,STOP,0.001,1.9636,0.393,19.636,-1.988,-1.0124,0.192,1.021,316,0.251,2.787,0.05,0.12,0.0,clear,sweep + rejection + CHoCH + displacement,497.6618
2020-04-16 07:20:00+00:00,2020-04-16 11:54:00+00:00,XAUUSD,SHORT,LIQUIDITY_REVERSAL,CHOPPY,0.602,70.0,NO_TRADE,LONDON,1718.093,1731.909,1704.277,1704.277,1732.141,STOP,0.001,1.3816,0.2776,13.816,-1.4048,-1.0168,0.0,1.005,274,0.21,1.794,0.05,0.12,0.0,clear,sweep + rejection + CHoCH + displacement,496.257
2020-04-17 12:28:00+00:00,2020-04-17 14:58:00+00:00,XAUUSD,SHORT,TREND_CONTINUATION,STRONG_BEAR,1.0,85.0,A,OVERLAP,1683.494,1701.58,1665.408,1665.408,1701.816,STOP,0.001,1.8086,0.3645,18.086,-1.8322,-1.0131,0.014,1.002,150,0.207,2.403,0.05,0.12,0.0,clear,trend pullback + LTF BOS,494.4248
2020-04-20 14:31:00+00:00,2020-04-20 21:00:00+00:00,XAUUSD,LONG,LIQUIDITY_REVERSAL,LIQUIDITY_REVERSAL,0.7,85.0,A,OVERLAP,1686.387,1666.472,1706.302,1706.302,1695.135,SESSION_END,0.001,1.9915,0.4028,19.915,0.8749,0.4393,0.791,0.2,389,0.217,2.542,0.05,0.05,0.0,clear,sweep + rejection + CHoCH + displacement,495.2997
2020-04-23 11:33:00+00:00,2020-04-23 15:27:00+00:00,XAUUSD,LONG,TREND_CONTINUATION,BULL,1.0,85.0,A,LONDON,1726.632,1716.085,1737.18,1737.18,1737.045,TP2,0.002,2.1096,0.4259,10.548,2.0825,0.9872,1.032,0.543,234,0.209,1.951,0.05,0.0,0.0,clear,trend pullback + LTF BOS,497.3822
2020-04-24 07:32:00+00:00,2020-04-24 15:32:00+00:00,XAUUSD,LONG,BREAKOUT,COMPRESSION,0.974,80.0,B,LONDON,1728.37,1714.732,1742.007,1742.007,1723.994,TIME,0.001,1.3638,0.2742,13.638,-0.4375,-0.3208,0.575,0.934,480,0.203,1.63,0.05,0.05,0.0,clear,compression -> confirmed range break + momentum,496.9447
2020-04-28 01:26:00+00:00,2020-04-28 09:26:00+00:00,XAUUSD,SHORT,BREAKOUT,BEAR,0.973,85.0,A,ASIA,1705.068,1721.752,1688.384,1688.384,1702.428,TIME,0.001,1.6684,0.3357,16.684,0.2639,0.1582,0.768,0.256,480,0.37,1.592,0.05,0.05,0.0,clear,compression -> confirmed range break + momentum,497.2087
2020-04-29 08:58:00+00:00,2020-04-29 16:58:00+00:00,XAUUSD,SHORT,BREAKOUT,COMPRESSION,0.963,85.0,A,LONDON,1706.362,1717.387,1695.337,1695.337,1703.372,TIME,0.002,2.205,0.4435,11.025,0.598,0.2712,0.776,0.523,480,0.227,1.644,0.05,0.05,0.0,clear,compression -> confirmed range break + momentum,497.8067
2020-04-30 08:59:00+00:00,2020-04-30 13:42:00+00:00,XAUUSD,SHORT,LIQUIDITY_REVERSAL,BULL,0.864,75.0,B,LONDON,1717.422,1730.709,1704.134,1704.134,1704.256,TP2,0.001,1.3288,0.2669,13.288,1.3165,0.9908,1.732,0.162,283,0.233,1.588,0.05,0.0,0.0,clear,sweep + rejection + CHoCH + displacement,499.1232
2020-05-04 11:01:00+00:00,2020-05-04 19:01:00+00:00,XAUUSD,LONG,TREND_CONTINUATION,STRONG_BULL,0.898,100.0,A+,LONDON,1707.088,1695.755,1718.421,1718.421,1707.889,TIME,0.002,2.2667,0.4541,11.333,0.1602,0.0707,0.542,0.946,480,0.2,1.484,0.05,0.05,0.0,clear,trend pullback + LTF BOS,499.2834
2020-05-05 15:24:00+00:00,2020-05-05 20:49:00+00:00,XAUUSD,SHORT,LIQUIDITY_REVERSAL,CHOPPY,0.684,100.0,A+,OVERLAP,1696.974,1710.841,1683.108,1683.108,1711.078,STOP,0.001,1.3866,0.2777,13.866,-1.4104,-1.0171,0.161,1.009,325,0.288,2.696,0.05,0.12,0.0,clear,sweep + rejection + CHoCH + displacement,497.873
2020-05-06 09:26:00+00:00,2020-05-06 15:40:00+00:00,XAUUSD,SHORT,LIQUIDITY_REVERSAL,LIQUIDITY_REVERSAL,1.0,85.0,A,LONDON,1702.583,1719.846,1685.32,1685.32,1685.473,TP2,0.001,1.7263,0.3467,17.263,1.711,0.9912,1.085,0.155,374,0.25,1.531,0.05,0.0,0.0,clear,sweep + rejection + CHoCH + displacement,499.584
2020-05-08 13:11:00+00:00,2020-05-08 18:00:00+00:00,XAUUSD,LONG,LIQUIDITY_REVERSAL,LIQUIDITY_REVERSAL,0.8,100.0,A+,OVERLAP,1722.028,1702.979,1741.076,1741.076,1709.906,SESSION_END,0.001,1.9049,0.3813,19.049,-1.2122,-0.6364,0.0,0.83,289,0.219,1.705,0.05,0.05,0.0,clear,sweep + rejection + CHoCH + displacement,498.3718
2020-05-11 12:45:00+00:00,2020-05-11 20:45:00+00:00,XAUUSD,SHORT,TREND_CONTINUATION,BEAR,0.573,75.0,B,OVERLAP,1697.284,1709.82,1684.748,1684.748,1697.631,TIME,0.001,1.2536,0.2515,12.536,-0.0347,-0.0277,0.435,0.868,480,0.223,1.795,0.05,0.05,0.0,clear,trend pullback + LTF BOS,498.3371
2020-05-21 09:22:00+00:00,2020-05-21 15:34:00+00:00,XAUUSD,SHORT,TREND_CONTINUATION,BEAR,0.592,90.0,A+,LONDON,1734.824,1746.713,1722.934,1722.934,1723.092,TP2,0.002,2.3779,0.4772,11.889,2.3464,0.9868,1.009,0.593,372,0.253,1.477,0.05,0.0,0.0,clear,trend pullback + LTF BOS,500.6835
2020-06-03 07:49:00+00:00,2020-06-03 13:45:00+00:00,XAUUSD,SHORT,TREND_CONTINUATION,BEAR,0.965,85.0,A,LONDON,1722.053,1733.873,1710.232,1710.232,1710.385,TP2,0.002,2.3641,0.4722,11.82,2.3335,0.9871,1.009,0.34,356,0.205,0.985,0.05,0.0,0.0,clear,trend pullback + LTF BOS,503.017
2020-06-05 07:01:00+00:00,2020-06-05 13:30:00+00:00,XAUUSD,SHORT,LIQUIDITY_REVERSAL,BEAR,0.87,90.0,A+,LONDON,1709.031,1719.88,1698.182,1698.182,1698.316,TP2,0.002,2.1698,0.4314,10.849,2.143,0.9876,1.538,0.389,389,0.214,1.11,0.05,0.0,0.0,clear,sweep + rejection + CHoCH + displacement,505.16
2020-06-12 13:26:00+00:00,2020-06-12 18:00:00+00:00,XAUUSD,LONG,LIQUIDITY_REVERSAL,LIQUIDITY_REVERSAL,1.0,100.0,A+,OVERLAP,1737.889,1721.399,1754.38,1754.38,1733.217,SESSION_END,0.001,1.649,0.3264,16.49,-0.4672,-0.2833,0.307,0.454,274,0.229,1.7,0.05,0.05,0.0,clear,sweep + rejection + CHoCH + displacement,504.6928
2020-06-18 08:41:00+00:00,2020-06-18 16:41:00+00:00,XAUUSD,LONG,LIQUIDITY_REVERSAL,CHOPPY,0.705,100.0,A+,LONDON,1728.228,1716.694,1739.762,1739.762,1723.148,TIME,0.002,2.3067,0.4571,11.534,-1.0159,-0.4404,0.799,0.936,480,0.24,1.138,0.05,0.05,0.0,clear,sweep + rejection + CHoCH + displacement,503.6769
2020-06-23 14:31:00+00:00,2020-06-23 21:00:00+00:00,XAUUSD,SHORT,LIQUIDITY_REVERSAL,BULL,0.808,75.0,B,OVERLAP,1762.946,1777.796,1748.096,1748.096,1770.502,SESSION_END,0.001,1.485,0.2948,14.85,-0.7556,-0.5088,0.128,0.531,389,0.264,2.224,0.05,0.05,0.0,clear,sweep + rejection + CHoCH + displacement,502.9213
2020-07-16 13:04:00+00:00,2020-07-16 21:00:00+00:00,XAUUSD,SHORT,LIQUIDITY_REVERSAL,LIQUIDITY_REVERSAL,0.7,85.0,A,OVERLAP,1803.808,1815.429,1792.187,1792.187,1796.202,SESSION_END,0.002,2.3242,0.4621,11.621,1.5213,0.6545,0.776,0.422,476,0.219,1.014,0.05,0.05,0.0,clear,sweep + rejection + CHoCH + displacement,504.4426
2020-07-22 13:11:00+00:00,2020-07-22 21:00:00+00:00,XAUUSD,SHORT,LIQUIDITY_REVERSAL,LIQUIDITY_REVERSAL,1.0,85.0,A,OVERLAP,1857.141,1875.496,1838.785,1838.785,1869.029,SESSION_END,0.001,1.8355,0.3639,18.355,-1.1888,-0.6477,0.537,0.72,469,0.268,1.828,0.05,0.05,0.0,clear,sweep + rejection + CHoCH + displacement,503.2538
2020-07-23 09:06:00+00:00,2020-07-23 16:17:00+00:00,XAUUSD,LONG,BREAKOUT,BULL,1.0,85.0,A,LONDON,1878.431,1866.748,1890.114,1890.114,1889.947,TP2,0.002,2.3366,0.4643,11.683,2.3031,0.9857,1.124,0.745,431,0.232,1.662,0.05,0.0,0.0,clear,compression -> confirmed range break + momentum,505.5569
2020-07-24 15:19:00+00:00,2020-07-24 18:00:00+00:00,XAUUSD,LONG,TREND_CONTINUATION,BULL,0.956,85.0,A,OVERLAP,1902.848,1885.929,1919.767,1919.767,1900.335,SESSION_END,0.001,1.6919,0.3347,16.919,-0.2513,-0.1485,0.059,0.329,161,0.266,2.493,0.05,0.05,0.0,clear,trend pullback + LTF BOS,505.3056
2020-07-29 14:43:00+00:00,2020-07-29 19:44:00+00:00,XAUUSD,SHORT,LIQUIDITY_REVERSAL,CHOPPY,0.654,80.0,B,OVERLAP,1955.493,1975.925,1935.062,1935.062,1976.184,STOP,0.001,2.0431,0.4043,20.431,-2.069,-1.0127,0.693,1.108,301,0.189,2.116,0.05,0.12,0.0,clear,sweep + rejection + CHoCH + displacement,503.2366
2020-08-05 16:06:00+00:00,2020-08-05 21:00:00+00:00,XAUUSD,SHORT,LIQUIDITY_REVERSAL,BULL,0.611,80.0,B,NEWYORK,2047.42,2072.534,2022.307,2022.307,2038.455,SESSION_END,0.001,2.5114,0.499,25.114,0.8966,0.357,0.749,0.087,294,0.369,3.814,0.05,0.05,0.0,clear,sweep + rejection + CHoCH + displacement,504.1331
2020-08-11 17:46:00+00:00,2020-08-11 18:52:00+00:00,XAUUSD,SHORT,TREND_CONTINUATION,STRONG_BEAR,1.0,100.0,A+,NEWYORK,1945.104,1962.152,1928.056,1928.056,1928.228,TP2,0.001,1.7048,0.3382,17.048,1.6877,0.99,1.053,0.014,66,0.362,3.93,0.05,0.0,0.0,clear,trend pullback + LTF BOS,505.8208
2020-08-13 12:11:00+00:00,2020-08-13 13:21:00+00:00,XAUUSD,LONG,BREAKOUT,COMPRESSION,1.0,65.0,NO_TRADE,OVERLAP,1937.985,1922.247,1953.722,1953.722,1922.036,STOP,0.001,1.5737,0.3111,15.737,-1.5948,-1.0134,0.0,1.0,70,0.153,2.189,0.05,0.12,0.0,clear,compression -> confirmed range break + momentum,504.226
2020-08-14 06:48:00+00:00,2020-08-14 14:48:00+00:00,XAUUSD,SHORT,LIQUIDITY_REVERSAL,CHOPPY,0.664,80.0,B,ASIA,1950.92,1969.553,1932.287,1932.287,1949.995,TIME,0.001,1.8633,0.3695,18.633,0.0925,0.0496,0.663,0.288,480,0.317,1.7,0.05,0.05,0.0,clear,sweep + rejection + CHoCH + displacement,504.3185
2020-08-17 13:36:00+00:00,2020-08-17 14:40:00+00:00,XAUUSD,LONG,BREAKOUT,COMPRESSION,0.942,95.0,A+,OVERLAP,1959.028,1948.437,1969.619,1969.619,1969.507,TP2,0.002,2.1182,0.42,10.591,2.0958,0.9894,1.061,0.185,64,0.186,1.891,0.05,0.0,0.0,clear,compression -> confirmed range break + momentum,506.4143
2020-08-17 15:06:00+00:00,2020-08-17 21:00:00+00:00,XAUUSD,LONG,BREAKOUT,STRONG_BULL,0.958,100.0,A+,OVERLAP,1974.738,1958.737,1990.74,1990.74,1982.763,SESSION_END,0.001,1.6001,0.316,16.001,0.8024,0.5015,0.984,0.0,354,0.241,2.868,0.05,0.05,0.0,clear,compression -> confirmed range break + momentum,507.2167
2020-08-20 13:21:00+00:00,2020-08-20 20:34:00+00:00,XAUUSD,SHORT,LIQUIDITY_REVERSAL,LIQUIDITY_REVERSAL,0.8,100.0,A+,OVERLAP,1936.272,1953.262,1919.281,1919.281,1953.501,STOP,0.001,1.6991,0.335,16.991,-1.7229,-1.014,0.612,1.036,433,0.213,3.084,0.05,0.12,0.0,clear,sweep + rejection + CHoCH + displacement,505.4938
2020-08-24 07:31:00+00:00,2020-08-24 08:38:00+00:00,XAUUSD,LONG,LIQUIDITY_REVERSAL,LIQUIDITY_REVERSAL,0.7,80.0,B,LONDON,1935.289,1921.571,1949.007,1949.007,1948.874,TP2,0.001,1.3718,0.2714,13.718,1.3585,0.9903,1.03,0.196,67,0.208,1.777,0.05,0.0,0.0,clear,sweep + rejection + CHoCH + displacement,506.8523
2020-08-25 10:48:00+00:00,2020-08-25 18:48:00+00:00,XAUUSD,SHORT,BREAKOUT,BEAR,0.822,85.0,A,LONDON,1921.753,1936.095,1907.412,1907.412,1919.053,TIME,0.001,1.4341,0.2829,14.341,0.27,0.1883,0.533,0.691,480,0.223,1.773,0.05,0.05,0.0,clear,compression -> confirmed range break + momentum,507.1223
2020-08-31 18:11:00+00:00,2020-08-31 21:00:00+00:00,XAUUSD,SHORT,LIQUIDITY_REVERSAL,CHOPPY,0.582,85.0,A,NEWYORK,1969.47,1981.354,1957.586,1957.586,1969.285,SESSION_END,0.002,2.3768,0.4687,11.884,0.0371,0.0156,0.274,0.331,169,0.256,2.208,0.05,0.05,0.0,clear,sweep + rejection + CHoCH + displacement,507.1594
2020-09-03 12:11:00+00:00,2020-09-03 14:28:00+00:00,XAUUSD,SHORT,TREND_CONTINUATION,BEAR,0.965,85.0,A,OVERLAP,1930.005,1940.398,1919.613,1919.613,1940.649,STOP,0.002,2.0785,0.4098,10.393,-2.1287,-1.0242,0.27,1.014,137,0.185,1.52,0.05,0.12,0.0,clear,trend pullback + LTF BOS,505.0306
2020-09-04 13:30:00+00:00,2020-09-04 13:31:00+00:00,XAUUSD,LONG,LIQUIDITY_REVERSAL,CHOPPY,0.783,80.0,B,OVERLAP,1940.217,1929.057,1951.377,1951.377,1928.845,STOP,0.002,2.232,0.442,11.16,-2.2744,-1.019,0.0,1.001,1,0.184,1.501,0.05,0.12,0.0,clear,sweep + rejection + CHoCH + displacement,502.7562
2020-09-09 12:22:00+00:00,2020-09-09 13:41:00+00:00,XAUUSD,LONG,LIQUIDITY_REVERSAL,LIQUIDITY_REVERSAL,0.7,75.0,B,OVERLAP,1923.722,1911.413,1936.031,1936.031,1935.916,TP2,0.002,2.4617,0.4896,12.309,2.4389,0.9907,1.049,0.16,79,0.214,1.683,0.05,0.0,0.0,clear,sweep + rejection + CHoCH + displacement,505.1951
2020-09-16 13:06:00+00:00,2020-09-16 21:00:00+00:00,XAUUSD,LONG,LIQUIDITY_REVERSAL,LIQUIDITY_REVERSAL,1.0,100.0,A+,OVERLAP,1965.917,1951.683,1980.151,1980.151,1956.867,SESSION_END,0.001,1.4234,0.2818,14.234,-0.905,-0.6358,0.53,0.938,474,0.219,1.326,0.05,0.05,0.0,clear,sweep + rejection + CHoCH + displacement,504.2901
2020-09-17 13:06:00+00:00,2020-09-17 21:00:00+00:00,XAUUSD,SHORT,LIQUIDITY_REVERSAL,LIQUIDITY_REVERSAL,0.7,100.0,A+,OVERLAP,1943.404,1960.29,1926.518,1926.518,1949.212,SESSION_END,0.001,1.6886,0.3349,16.886,-0.5808,-0.3439,0.631,0.358,474,0.227,1.737,0.05,0.05,0.0,clear,sweep + rejection + CHoCH + displacement,503.7093
2020-09-23 07:11:00+00:00,2020-09-23 15:11:00+00:00,XAUUSD,SHORT,BREAKOUT,STRONG_BEAR,0.969,85.0,A,LONDON,1878.898,1899.565,1858.231,1858.231,1872.04,TIME,0.001,2.0667,0.4103,20.667,0.6858,0.3318,0.408,0.773,480,0.274,2.53,0.05,0.05,0.0,clear,compression -> confirmed range break + momentum,504.3952
2020-09-23 20:01:00+00:00,2020-09-23 21:00:00+00:00,XAUUSD,SHORT,TREND_CONTINUATION,STRONG_BEAR,1.0,100.0,A+,NEWYORK,1863.828,1877.409,1850.248,1850.248,1862.357,SESSION_END,0.001,1.3581,0.2692,13.581,0.1472,0.1084,0.6,0.0,59,0.253,2.365,0.05,0.05,0.0,clear,trend pullback + LTF BOS,504.5423
2020-09-24 13:41:00+00:00,2020-09-24 21:00:00+00:00,XAUUSD,SHORT,LIQUIDITY_REVERSAL,LIQUIDITY_REVERSAL,0.8,100.0,A+,OVERLAP,1854.173,1877.609,1830.737,1830.737,1869.778,SESSION_END,0.001,2.3436,0.4645,23.436,-1.5605,-0.6659,0.143,0.974,439,0.211,2.481,0.05,0.05,0.0,clear,sweep + rejection + CHoCH + displacement,502.9818
2020-09-25 02:03:00+00:00,2020-09-25 10:03:00+00:00,XAUUSD,LONG,LIQUIDITY_REVERSAL,CHOPPY,0.693,80.0,B,ASIA,1869.63,1856.145,1883.115,1883.115,1870.738,TIME,0.001,1.3485,0.2681,13.485,0.1109,0.0822,0.404,0.591,480,0.283,1.187,0.05,0.05,0.0,clear,sweep + rejection + CHoCH + displacement,503.0927
2020-09-25 10:51:00+00:00,2020-09-25 18:00:00+00:00,XAUUSD,SHORT,BREAKOUT,COMPRESSION,0.916,100.0,A+,LONDON,1864.994,1879.683,1850.306,1850.306,1861.01,SESSION_END,0.001,1.4689,0.292,14.689,0.3985,0.2713,0.864,0.086,429,0.208,1.86,0.05,0.05,0.0,clear,compression -> confirmed range break + momentum,503.4912
2020-09-28 20:58:00+00:00,2020-09-28 21:00:00+00:00,XAUUSD,LONG,TREND_CONTINUATION,STRONG_BULL,0.941,100.0,A+,NEWYORK,1880.913,1869.173,1892.654,1892.654,1880.706,SESSION_END,0.002,2.3482,0.4664,11.741,-0.0415,-0.0177,0.061,0.02,2,0.231,1.475,0.05,0.05,0.0,clear,trend pullback + LTF BOS,503.4496
2020-10-01 14:37:00+00:00,2020-10-01 21:00:00+00:00,XAUUSD,LONG,TREND_CONTINUATION,BULL,0.92,100.0,A+,OVERLAP,1905.775,1888.281,1923.268,1923.268,1904.528,SESSION_END,0.001,1.7493,0.3475,17.493,-0.1247,-0.0713,0.357,0.55,383,0.28,2.355,0.05,0.05,0.0,clear,trend pullback + LTF BOS,503.3249
2020-10-09 11:32:00+00:00,2020-10-09 15:03:00+00:00,XAUUSD,LONG,TREND_CONTINUATION,STRONG_BULL,0.97,85.0,A,LONDON,1915.119,1904.302,1925.937,1925.937,1925.787,TP2,0.002,2.1635,0.4298,10.817,2.1334,0.9861,1.033,0.266,211,0.223,1.101,0.05,0.0,0.0,clear,trend pullback + LTF BOS,505.4584
2020-10-20 13:41:00+00:00,2020-10-20 21:00:00+00:00,XAUUSD,LONG,LIQUIDITY_REVERSAL,LIQUIDITY_REVERSAL,0.7,85.0,A,OVERLAP,1904.661,1890.359,1918.963,1918.963,1909.243,SESSION_END,0.001,1.4302,0.283,14.302,0.4582,0.3204,0.652,0.506,439,0.245,1.514,0.05,0.05,0.0,clear,sweep + rejection + CHoCH + displacement,505.9166
2020-10-22 15:01:00+00:00,2020-10-22 21:00:00+00:00,XAUUSD,SHORT,BREAKOUT,BEAR,0.573,70.0,NO_TRADE,OVERLAP,1899.998,1914.774,1885.223,1885.223,1905.485,SESSION_END,0.001,1.4775,0.292,14.775,-0.5486,-0.3713,0.392,0.378,359,0.319,2.247,0.05,0.05,0.0,clear,compression -> confirmed range break + momentum,505.368
2020-10-26 13:32:00+00:00,2020-10-26 22:00:00+00:00,XAUUSD,LONG,LIQUIDITY_REVERSAL,LIQUIDITY_REVERSAL,1.0,75.0,B,OVERLAP,1904.357,1890.345,1918.369,1918.369,1901.589,SESSION_END,0.001,1.4012,0.2773,14.012,-0.2768,-0.1975,0.293,0.399,448,0.278,1.804,0.05,0.05,0.0,clear,sweep + rejection + CHoCH + displacement,505.0913
2020-11-02 12:16:00+00:00,2020-11-02 20:16:00+00:00,XAUUSD,LONG,BREAKOUT,STRONG_BULL,0.942,85.0,A,OVERLAP,1892.437,1880.637,1904.237,1904.237,1894.82,TIME,0.002,2.36,0.4672,11.8,0.4765,0.2019,0.217,0.571,480,0.199,1.282,0.05,0.05,0.0,clear,compression -> confirmed range break + momentum,505.5677
2020-11-05 14:37:00+00:00,2020-11-05 15:13:00+00:00,XAUUSD,LONG,TREND_CONTINUATION,STRONG_BULL,0.959,85.0,A,OVERLAP,1930.218,1918.979,1941.457,1941.457,1941.339,TP2,0.002,2.2478,0.4446,11.239,2.2241,0.9895,1.036,0.004,36,0.221,2.159,0.05,0.0,0.0,clear,trend pullback + LTF BOS,507.7919
2020-11-09 15:47:00+00:00,2020-11-09 21:00:00+00:00,XAUUSD,SHORT,BREAKOUT,STRONG_BEAR,1.0,65.0,NO_TRADE,OVERLAP,1857.542,1882.326,1832.757,1832.757,1866.196,SESSION_END,0.001,2.4784,0.4881,24.784,-0.8654,-0.3492,0.288,0.484,313,0.493,5.53,0.05,0.05,0.0,clear,compression -> confirmed range break + momentum,506.9265
2020-11-10 10:48:00+00:00,2020-11-10 14:34:00+00:00,XAUUSD,SHORT,BREAKOUT,STRONG_BEAR,0.878,70.0,NO_TRADE,LONDON,1871.692,1884.268,1859.117,1859.117,1884.501,STOP,0.002,2.515,0.4961,12.575,-2.5618,-1.0186,0.347,1.009,226,0.271,2.451,0.05,0.12,0.0,clear,compression -> confirmed range break + momentum,504.3647
2020-11-12 08:22:00+00:00,2020-11-12 13:56:00+00:00,XAUUSD,SHORT,BREAKOUT,COMPRESSION,0.911,70.0,NO_TRADE,LONDON,1865.367,1877.838,1852.895,1852.895,1878.079,STOP,0.002,2.4942,0.4945,12.471,-2.5425,-1.0194,0.182,1.074,334,0.263,1.746,0.05,0.12,0.0,clear,compression -> confirmed range break + momentum,501.8221
2020-11-25 01:07:00+00:00,2020-11-25 09:07:00+00:00,XAUUSD,LONG,BREAKOUT,COMPRESSION,0.926,40.0,NO_TRADE,ASIA,1811.168,1792.235,1830.101,1830.101,1811.174,TIME,0.001,1.8933,0.3773,18.933,0.0006,0.0003,0.202,0.511,480,0.406,1.559,0.05,0.05,0.0,clear,compression -> confirmed range break + momentum,501.8227
2020-12-04 13:12:00+00:00,2020-12-04 18:00:00+00:00,XAUUSD,SHORT,LIQUIDITY_REVERSAL,CHOPPY,0.605,85.0,A,OVERLAP,1840.126,1851.901,1828.352,1828.352,1834.165,SESSION_END,0.002,2.3549,0.4693,11.775,1.1922,0.5063,0.946,0.676,288,0.195,1.184,0.05,0.05,0.0,clear,sweep + rejection + CHoCH + displacement,503.015
2020-12-08 14:01:00+00:00,2020-12-08 21:00:00+00:00,XAUUSD,SHORT,LIQUIDITY_REVERSAL,LIQUIDITY_REVERSAL,0.7,85.0,A,OVERLAP,1866.016,1886.785,1845.247,1845.247,1870.557,SESSION_END,0.001,2.0769,0.4129,20.769,-0.4541,-0.2187,0.197,0.441,419,0.325,2.542,0.05,0.05,0.0,clear,sweep + rejection + CHoCH + displacement,502.5609
2020-12-09 09:21:00+00:00,2020-12-09 14:59:00+00:00,XAUUSD,SHORT,LIQUIDITY_REVERSAL,LIQUIDITY_REVERSAL,0.7,85.0,A,LONDON,1859.883,1879.42,1840.346,1840.346,1840.504,TP2,0.001,1.9537,0.3888,19.537,1.9379,0.9919,1.034,0.212,338,0.291,1.841,0.05,0.0,0.0,clear,sweep + rejection + CHoCH + displacement,504.4988
2020-12-11 14:28:00+00:00,2020-12-11 18:00:00+00:00,XAUUSD,SHORT,LIQUIDITY_REVERSAL,LIQUIDITY_REVERSAL,0.8,100.0,A+,OVERLAP,1835.162,1858.309,1812.015,1812.015,1842.131,SESSION_END,0.001,2.3147,0.4588,23.147,-0.6969,-0.3011,0.018,0.539,212,0.272,2.215,0.05,0.05,0.0,clear,sweep + rejection + CHoCH + displacement,503.8019
2020-12-14 10:04:00+00:00,2020-12-14 18:04:00+00:00,XAUUSD,SHORT,TREND_CONTINUATION,STRONG_BEAR,0.92,100.0,A+,LONDON,1826.765,1839.134,1814.396,1814.396,1829.148,TIME,0.002,2.4738,0.491,12.369,-0.4767,-0.1927,0.687,0.983,480,0.266,1.41,0.05,0.05,0.0,clear,trend pullback + LTF BOS,503.3252
2020-12-17 09:47:00+00:00,2020-12-17 14:32:00+00:00,XAUUSD,LONG,TREND_CONTINUATION,STRONG_BULL,0.972,85.0,A,LONDON,1878.501,1865.653,1891.35,1891.35,1891.206,TP2,0.001,1.2849,0.2553,12.849,1.2704,0.9888,1.003,0.52,285,0.273,1.683,0.05,0.0,0.0,clear,trend pullback + LTF BOS,504.5956
2020-12-18 12:04:00+00:00,2020-12-18 18:00:00+00:00,XAUUSD,LONG,BREAKOUT,COMPRESSION,0.9,70.0,NO_TRADE,OVERLAP,1885.396,1874.918,1895.875,1895.875,1883.738,SESSION_END,0.002,2.0957,0.4153,10.479,-0.3317,-0.1583,0.395,0.757,356,0.203,1.182,0.05,0.05,0.0,clear,compression -> confirmed range break + momentum,504.2639
2020-12-30 13:21:00+00:00,2020-12-30 21:00:00+00:00,XAUUSD,LONG,LIQUIDITY_REVERSAL,LIQUIDITY_REVERSAL,0.7,100.0,A+,OVERLAP,1880.325,1866.643,1894.007,1894.007,1891.844,SESSION_END,0.001,1.3682,0.2713,13.682,1.152,0.8419,0.962,0.097,459,0.219,1.283,0.05,0.05,0.0,clear,sweep + rejection + CHoCH + displacement,505.4158
2021-01-07 11:06:00+00:00,2021-01-07 19:06:00+00:00,XAUUSD,LONG,LIQUIDITY_REVERSAL,LIQUIDITY_REVERSAL,1.0,85.0,A,LONDON,1915.995,1900.572,1931.419,1931.419,1915.424,TIME,0.001,1.5424,0.3085,15.424,-0.0571,-0.037,0.328,0.602,480,0.255,2.418,0.05,0.05,0.0,clear,sweep + rejection + CHoCH + displacement,499.9429
2021-01-12 01:06:00+00:00,2021-01-12 06:44:00+00:00,XAUUSD,SHORT,BREAKOUT,COMPRESSION,0.974,80.0,B,ASIA,1841.669,1858.186,1825.151,1825.151,1858.455,STOP,0.001,1.6518,0.3304,16.518,-1.6786,-1.0163,0.021,1.053,338,0.313,1.656,0.05,0.12,0.0,clear,compression -> confirmed range break + momentum,498.2643
2021-01-13 08:06:00+00:00,2021-01-13 16:06:00+00:00,XAUUSD,SHORT,BREAKOUT,COMPRESSION,0.979,85.0,A,LONDON,1855.027,1866.318,1843.737,1843.737,1859.106,TIME,0.002,2.2582,0.4532,11.291,-0.8158,-0.3613,0.51,0.537,480,0.235,1.579,0.05,0.05,0.0,clear,compression -> confirmed range break + momentum,497.4485
2021-01-13 18:04:00+00:00,2021-01-13 21:00:00+00:00,XAUUSD,LONG,LIQUIDITY_REVERSAL,CHOPPY,0.669,85.0,A,NEWYORK,1857.168,1842.832,1871.504,1871.504,1847.904,SESSION_END,0.001,1.4336,0.2882,14.336,-0.9264,-0.6462,0.13,0.802,176,0.232,1.408,0.05,0.05,0.0,clear,sweep + rejection + CHoCH + displacement,496.5222
2021-01-19 14:40:00+00:00,2021-01-19 21:00:00+00:00,XAUUSD,SHORT,LIQUIDITY_REVERSAL,LIQUIDITY_REVERSAL,0.7,85.0,A,OVERLAP,1836.935,1857.267,1816.603,1816.603,1840.051,SESSION_END,0.001,2.0332,0.4095,20.332,-0.3115,-0.1532,0.184,0.313,380,0.273,2.096,0.05,0.05,0.0,clear,sweep + rejection + CHoCH + displacement,496.2106
2021-01-20 12:52:00+00:00,2021-01-20 13:14:00+00:00,XAUUSD,SHORT,LIQUIDITY_REVERSAL,LIQUIDITY_REVERSAL,0.7,85.0,A,OVERLAP,1847.297,1860.257,1834.337,1834.337,1834.498,TP2,0.001,1.296,0.2612,12.96,1.2799,0.9875,1.012,0.001,22,0.236,1.456,0.05,0.0,0.0,clear,sweep + rejection + CHoCH + displacement,497.4905
2021-01-26 13:11:00+00:00,2021-01-26 21:00:00+00:00,XAUUSD,SHORT,LIQUIDITY_REVERSAL,LIQUIDITY_REVERSAL,0.8,100.0,A+,OVERLAP,1852.636,1865.274,1839.998,1839.998,1851.983,SESSION_END,0.001,1.2638,0.254,12.638,0.0653,0.0517,0.262,0.574,469,0.218,1.331,0.05,0.05,0.0,clear,sweep + rejection + CHoCH + displacement,497.5558
2021-02-01 08:17:00+00:00,2021-02-01 16:17:00+00:00,XAUUSD,LONG,BREAKOUT,BULL,0.867,70.0,NO_TRADE,LONDON,1868.153,1846.351,1889.955,1889.955,1861.868,TIME,0.001,2.1802,0.4382,21.802,-0.6285,-0.2883,0.06,0.546,480,0.276,2.624,0.05,0.05,0.0,clear,compression -> confirmed range break + momentum,496.9273
2021-02-01 18:31:00+00:00,2021-02-01 21:00:00+00:00,XAUUSD,SHORT,LIQUIDITY_REVERSAL,LIQUIDITY_REVERSAL,0.8,85.0,A,NEWYORK,1860.509,1879.889,1841.129,1841.129,1859.171,SESSION_END,0.001,1.938,0.39,19.38,0.1338,0.0691,0.131,0.104,149,0.232,2.051,0.05,0.05,0.0,clear,sweep + rejection + CHoCH + displacement,497.0611
2021-02-09 09:23:00+00:00,2021-02-09 14:40:00+00:00,XAUUSD,LONG,BREAKOUT,BULL,1.0,85.0,A,LONDON,1846.43,1834.296,1858.565,1858.565,1834.01,STOP,0.002,2.4268,0.4882,12.134,-2.4841,-1.0236,0.168,1.113,317,0.251,1.41,0.05,0.12,0.0,clear,compression -> confirmed range break + momentum,494.577
2021-02-10 08:11:00+00:00,2021-02-10 13:36:00+00:00,XAUUSD,SHORT,LIQUIDITY_REVERSAL,LIQUIDITY_REVERSAL,1.0,85.0,A,LONDON,1842.358,1854.38,1830.336,1830.336,1854.662,STOP,0.002,2.4045,0.4862,12.022,-2.4609,-1.0235,0.391,1.015,325,0.234,1.141,0.05,0.12,0.0,clear,sweep + rejection + CHoCH + displacement,492.1162
2021-02-10 14:26:00+00:00,2021-02-10 21:00:00+00:00,XAUUSD,SHORT,LIQUIDITY_REVERSAL,LIQUIDITY_REVERSAL,1.0,85.0,A,OVERLAP,1847.732,1866.79,1828.675,1828.675,1842.798,SESSION_END,0.001,1.9057,0.3873,19.057,0.4935,0.2589,0.674,0.0,394,0.366,2.672,0.05,0.05,0.0,clear,sweep + rejection + CHoCH + displacement,492.6096
2021-02-12 14:36:00+00:00,2021-02-12 15:55:00+00:00,XAUUSD,SHORT,TREND_CONTINUATION,BEAR,0.577,85.0,A,OVERLAP,1813.591,1829.257,1797.925,1797.925,1829.547,STOP,0.001,1.5666,0.318,15.666,-1.5956,-1.0186,0.095,1.087,79,0.268,1.853,0.05,0.12,0.0,clear,trend pullback + LTF BOS,491.014
2021-02-15 10:26:00+00:00,2021-02-15 23:00:00+00:00,XAUUSD,LONG,LIQUIDITY_REVERSAL,LIQUIDITY_REVERSAL,1.0,80.0,B,LONDON,1819.741,1807.668,1831.814,1831.814,1818.304,SESSION_END,0.002,2.4146,0.4917,12.073,-0.2874,-0.119,0.366,0.313,454,0.226,1.081,0.05,0.05,0.0,clear,sweep + rejection + CHoCH + displacement,490.7266
2021-02-17 14:17:00+00:00,2021-02-17 21:00:00+00:00,XAUUSD,LONG,LIQUIDITY_REVERSAL,BEAR,0.881,75.0,B,OVERLAP,1780.292,1761.682,1798.901,1798.901,1774.716,SESSION_END,0.001,1.861,0.3792,18.61,-0.5576,-0.2996,0.248,0.584,403,0.344,3.012,0.05,0.05,0.0,clear,sweep + rejection + CHoCH + displacement,490.169
2021-02-18 08:46:00+00:00,2021-02-18 16:46:00+00:00,XAUUSD,LONG,LIQUIDITY_REVERSAL,LIQUIDITY_REVERSAL,0.8,75.0,B,LONDON,1786.098,1767.341,1804.855,1804.855,1774.202,TIME,0.001,1.8757,0.3827,18.757,-1.1896,-0.6342,0.179,0.949,480,0.246,1.565,0.05,0.05,0.0,clear,sweep + rejection + CHoCH + displacement,488.9794
2021-02-22 09:26:00+00:00,2021-02-22 15:31:00+00:00,XAUUSD,LONG,BREAKOUT,BULL,0.89,85.0,A,LONDON,1797.652,1786.361,1808.943,1808.943,1808.791,TP2,0.002,2.2582,0.4618,11.291,2.2277,0.9865,1.004,0.38,365,0.234,1.712,0.05,0.0,0.0,clear,compression -> confirmed range break + momentum,491.2071
2021-02-26 10:36:00+00:00,2021-02-26 14:47:00+00:00,XAUUSD,LONG,LIQUIDITY_REVERSAL,LIQUIDITY_REVERSAL,0.8,85.0,A,LONDON,1765.459,1753.767,1777.152,1777.152,1753.517,STOP,0.002,2.3385,0.4761,11.692,-2.3884,-1.0213,0.123,1.117,251,0.228,2.09,0.05,0.12,0.0,clear,sweep + rejection + CHoCH + displacement,488.8187
2021-03-01 12:06:00+00:00,2021-03-01 13:28:00+00:00,XAUUSD,LONG,LIQUIDITY_REVERSAL,LIQUIDITY_REVERSAL,0.7,80.0,B,OVERLAP,1745.996,1732.342,1759.65,1759.65,1732.104,STOP,0.001,1.3654,0.2793,13.654,-1.3892,-1.0174,0.107,1.004,82,0.181,1.498,0.05,0.12,0.0,clear,sweep + rejection + CHoCH + displacement,487.4295
2021-03-03 09:48:00+00:00,2021-03-03 13:05:00+00:00,XAUUSD,LONG,LIQUIDITY_REVERSAL,LIQUIDITY_REVERSAL,1.0,85.0,A,LONDON,1730.249,1718.337,1742.161,1742.161,1718.111,STOP,0.002,2.3824,0.4888,11.912,-2.4276,-1.019,0.0,1.014,197,0.208,1.517,0.05,0.12,0.0,clear,sweep + rejection + CHoCH + displacement,485.0019
2021-03-04 13:26:00+00:00,2021-03-04 18:57:00+00:00,XAUUSD,SHORT,LIQUIDITY_REVERSAL,LIQUIDITY_REVERSAL,0.8,100.0,A+,OVERLAP,1715.542,1739.499,1691.586,1691.586,1691.799,TP2,0.001,2.3956,0.4939,23.956,2.3743,0.9911,1.036,0.28,331,0.245,2.049,0.05,0.0,0.0,clear,sweep + rejection + CHoCH + displacement,487.3762
2021-03-05 09:07:00+00:00,2021-03-05 17:07:00+00:00,XAUUSD,LONG,LIQUIDITY_REVERSAL,BEAR,0.557,85.0,A,LONDON,1695.9,1680.218,1711.583,1711.583,1697.509,TIME,0.001,1.5683,0.3218,15.683,0.1608,0.1025,0.75,0.559,480,0.231,1.768,0.05,0.05,0.0,clear,sweep + rejection + CHoCH + displacement,487.5371
2021-03-11 18:06:00+00:00,2021-03-11 21:00:00+00:00,XAUUSD,LONG,LIQUIDITY_REVERSAL,LIQUIDITY_REVERSAL,1.0,100.0,A+,NEWYORK,1727.559,1709.116,1746.001,1746.001,1723.308,SESSION_END,0.001,1.8443,0.3783,18.443,-0.425,-0.2305,0.018,0.29,174,0.309,1.84,0.05,0.05,0.0,clear,sweep + rejection + CHoCH + displacement,487.112
2021-03-19 12:41:00+00:00,2021-03-19 18:00:00+00:00,XAUUSD,SHORT,LIQUIDITY_REVERSAL,LIQUIDITY_REVERSAL,0.8,85.0,A,OVERLAP,1740.022,1751.608,1728.436,1728.436,1743.075,SESSION_END,0.002,2.3172,0.4757,11.586,-0.6105,-0.2635,0.592,0.287,319,0.232,1.694,0.05,0.05,0.0,clear,sweep + rejection + CHoCH + displacement,486.5016
2021-03-30 07:16:00+00:00,2021-03-30 11:50:00+00:00,XAUUSD,LONG,LIQUIDITY_REVERSAL,LIQUIDITY_REVERSAL,1.0,75.0,B,LONDON,1708.18,1693.631,1722.728,1722.728,1693.393,STOP,0.001,1.4548,0.299,14.548,-1.4786,-1.0164,0.01,1.015,274,0.263,1.224,0.05,0.12,0.0,clear,sweep + rejection + CHoCH + displacement,485.0229
2021-04-05 13:26:00+00:00,2021-04-05 21:00:00+00:00,XAUUSD,LONG,LIQUIDITY_REVERSAL,LIQUIDITY_REVERSAL,1.0,100.0,A+,OVERLAP,1727.138,1710.301,1743.975,1743.975,1727.612,SESSION_END,0.001,1.6837,0.3471,16.837,0.0474,0.0282,0.375,0.286,454,0.245,1.406,0.05,0.05,0.0,clear,sweep + rejection + CHoCH + displacement,485.0704
2021-04-13 12:06:00+00:00,2021-04-13 13:45:00+00:00,XAUUSD,LONG,LIQUIDITY_REVERSAL,LIQUIDITY_REVERSAL,1.0,85.0,A,OVERLAP,1728.617,1715.883,1741.35,1741.35,1741.184,TP2,0.001,1.2733,0.2625,12.733,1.2567,0.9869,1.056,0.15,99,0.218,1.166,0.05,0.0,0.0,clear,sweep + rejection + CHoCH + displacement,486.3271
2021-04-28 14:41:00+00:00,2021-04-28 21:00:00+00:00,XAUUSD,SHORT,LIQUIDITY_REVERSAL,LIQUIDITY_REVERSAL,0.7,100.0,A+,OVERLAP,1766.961,1783.477,1750.445,1750.445,1782.255,SESSION_END,0.001,1.6516,0.3396,16.516,-1.5294,-0.926,0.0,0.932,379,0.334,2.038,0.05,0.05,0.0,clear,sweep + rejection + CHoCH + displacement,484.7976
2021-05-03 12:01:00+00:00,2021-05-03 14:51:00+00:00,XAUUSD,SHORT,LIQUIDITY_REVERSAL,BULL,0.868,85.0,A,OVERLAP,1778.465,1791.389,1765.542,1765.542,1791.662,STOP,0.001,1.2924,0.2666,12.924,-1.3197,-1.0212,0.083,1.012,170,0.226,1.201,0.05,0.12,0.0,clear,sweep + rejection + CHoCH + displacement,483.4779
2021-05-07 14:41:00+00:00,2021-05-07 18:00:00+00:00,XAUUSD,SHORT,LIQUIDITY_REVERSAL,BULL,0.967,75.0,B,OVERLAP,1827.648,1851.334,1803.962,1803.962,1832.578,SESSION_END,0.001,2.3686,0.4899,23.686,-0.493,-0.2081,0.0,0.613,199,0.56,4.208,0.05,0.05,0.0,clear,sweep + rejection + CHoCH + displacement,482.9849
2021-05-10 19:43:00+00:00,2021-05-10 21:00:00+00:00,XAUUSD,SHORT,LIQUIDITY_REVERSAL,LIQUIDITY_REVERSAL,0.8,85.0,A,NEWYORK,1833.905,1845.963,1821.847,1821.847,1838.371,SESSION_END,0.002,2.4116,0.4993,12.058,-0.8933,-0.3704,0.0,0.389,77,0.247,1.126,0.05,0.05,0.0,clear,sweep + rejection + CHoCH + displacement,482.0916
2021-05-18 14:11:00+00:00,2021-05-18 21:00:00+00:00,XAUUSD,SHORT,LIQUIDITY_REVERSAL,LIQUIDITY_REVERSAL,0.7,85.0,A,OVERLAP,1868.823,1885.474,1852.173,1852.173,1868.957,SESSION_END,0.001,1.665,0.3454,16.65,-0.0134,-0.008,0.343,0.141,409,0.289,1.713,0.05,0.05,0.0,clear,sweep + rejection + CHoCH + displacement,482.0782
2021-05-24 14:41:00+00:00,2021-05-24 21:00:00+00:00,XAUUSD,LONG,LIQUIDITY_REVERSAL,LIQUIDITY_REVERSAL,0.7,100.0,A+,OVERLAP,1884.531,1863.965,1905.097,1905.097,1882.757,SESSION_END,0.001,2.0566,0.4266,20.566,-0.1774,-0.0863,0.049,0.328,379,0.326,1.871,0.05,0.05,0.0,clear,sweep + rejection + CHoCH + displacement,481.9008
2021-05-26 10:37:00+00:00,2021-05-26 18:37:00+00:00,XAUUSD,LONG,LIQUIDITY_REVERSAL,LIQUIDITY_REVERSAL,0.7,100.0,A+,LONDON,1907.376,1895.285,1919.467,1919.467,1899.632,TIME,0.001,1.2091,0.2509,12.091,-0.7744,-0.6405,0.436,0.691,480,0.236,1.232,0.05,0.05,0.0,clear,sweep + rejection + CHoCH + displacement,481.1264
2021-05-28 13:37:00+00:00,2021-05-28 18:00:00+00:00,XAUUSD,LONG,LIQUIDITY_REVERSAL,LIQUIDITY_REVERSAL,0.7,85.0,A,OVERLAP,1888.981,1867.236,1910.726,1910.726,1900.861,SESSION_END,0.001,2.1745,0.452,21.745,1.188,0.5463,0.56,0.009,263,0.326,2.078,0.05,0.05,0.0,clear,sweep + rejection + CHoCH + displacement,482.3144
2021-06-04 07:04:00+00:00,2021-06-04 13:44:00+00:00,XAUUSD,LONG,LIQUIDITY_REVERSAL,BEAR,0.957,75.0,B,LONDON,1869.584,1857.108,1882.061,1882.061,1881.887,TP2,0.001,1.2476,0.2587,12.476,1.2303,0.9861,1.083,0.112,400,0.252,1.2,0.05,0.0,0.0,clear,sweep + rejection + CHoCH + displacement,483.5448
2021-06-22 14:09:00+00:00,2021-06-22 21:00:00+00:00,XAUUSD,LONG,LIQUIDITY_REVERSAL,LIQUIDITY_REVERSAL,0.7,75.0,B,OVERLAP,1780.459,1756.984,1803.935,1803.935,1774.5,SESSION_END,0.001,2.3475,0.4855,23.475,-0.596,-0.2539,0.109,0.302,411,0.262,1.993,0.05,0.05,0.0,clear,sweep + rejection + CHoCH + displacement,482.9488
2021-06-30 14:51:00+00:00,2021-06-30 21:00:00+00:00,XAUUSD,LONG,LIQUIDITY_REVERSAL,LIQUIDITY_REVERSAL,1.0,85.0,A,OVERLAP,1761.02,1742.59,1779.45,1779.45,1769.009,SESSION_END,0.001,1.843,0.3816,18.43,0.7989,0.4335,0.719,0.192,369,0.324,2.21,0.05,0.05,0.0,clear,sweep + rejection + CHoCH + displacement,483.7477
2021-07-01 15:16:00+00:00,2021-07-01 21:00:00+00:00,XAUUSD,SHORT,LIQUIDITY_REVERSAL,LIQUIDITY_REVERSAL,1.0,70.0,NO_TRADE,OVERLAP,1776.204,1796.949,1755.459,1755.459,1776.412,SESSION_END,0.001,2.0745,0.4288,20.745,-0.0208,-0.01,0.385,0.066,344,0.328,2.388,0.05,0.05,0.0,clear,sweep + rejection + CHoCH + displacement,483.7269
2021-07-28 19:42:00+00:00,2021-07-28 21:00:00+00:00,XAUUSD,LONG,LIQUIDITY_REVERSAL,LIQUIDITY_REVERSAL,1.0,75.0,B,NEWYORK,1803.468,1779.946,1826.991,1826.991,1807.737,SESSION_END,0.001,2.3522,0.4863,23.522,0.4269,0.1815,0.266,0.19,78,0.44,2.056,0.05,0.05,0.0,clear,sweep + rejection + CHoCH + displacement,484.1538
2021-07-29 09:46:00+00:00,2021-07-29 17:46:00+00:00,XAUUSD,LONG,BREAKOUT,STRONG_BULL,0.824,85.0,A,LONDON,1821.794,1807.912,1835.675,1835.675,1830.636,TIME,0.001,1.3882,0.2867,13.882,0.8842,0.637,0.778,0.171,480,0.291,1.368,0.05,0.05,0.0,clear,compression -> confirmed range break + momentum,485.038
2021-08-02 07:06:00+00:00,2021-08-02 15:06:00+00:00,XAUUSD,SHORT,LIQUIDITY_REVERSAL,LIQUIDITY_REVERSAL,1.0,90.0,A+,LONDON,1809.495,1821.223,1797.767,1797.767,1811.68,TIME,0.002,2.3456,0.4836,11.728,-0.4371,-0.1863,0.329,0.251,480,0.246,0.98,0.05,0.05,0.0,clear,sweep + rejection + CHoCH + displacement,484.6009
2021-08-16 13:08:00+00:00,2021-08-16 14:54:00+00:00,XAUUSD,LONG,LIQUIDITY_REVERSAL,LIQUIDITY_REVERSAL,0.8,100.0,A+,OVERLAP,1774.508,1762.545,1786.471,1786.471,1786.307,TP2,0.002,2.3926,0.4937,11.963,2.3596,0.9862,1.002,0.082,106,0.247,1.282,0.05,0.0,0.0,clear,sweep + rejection + CHoCH + displacement,486.9606
2021-08-24 13:26:00+00:00,2021-08-24 21:00:00+00:00,XAUUSD,SHORT,LIQUIDITY_REVERSAL,LIQUIDITY_REVERSAL,1.0,85.0,A,OVERLAP,1803.515,1815.636,1791.394,1791.394,1803.843,SESSION_END,0.002,2.4242,0.4978,12.121,-0.0656,-0.0271,0.172,0.491,454,0.26,1.26,0.05,0.05,0.0,clear,sweep + rejection + CHoCH + displacement,486.895
2021-08-25 12:41:00+00:00,2021-08-25 20:41:00+00:00,XAUUSD,LONG,LIQUIDITY_REVERSAL,LIQUIDITY_REVERSAL,1.0,100.0,A+,OVERLAP,1794.295,1781.529,1807.061,1807.061,1790.687,TIME,0.001,1.2766,0.2622,12.766,-0.3608,-0.2826,0.264,0.928,480,0.242,1.129,0.05,0.05,0.0,clear,sweep + rejection + CHoCH + displacement,486.5341
2021-08-26 14:16:00+00:00,2021-08-26 21:00:00+00:00,XAUUSD,LONG,LIQUIDITY_REVERSAL,LIQUIDITY_REVERSAL,0.7,85.0,A,OVERLAP,1785.449,1767.704,1803.195,1803.195,1792.016,SESSION_END,0.001,1.7745,0.3647,17.745,0.6567,0.37,0.713,0.12,404,0.382,2.219,0.05,0.05,0.0,clear,sweep + rejection + CHoCH + displacement,487.1908
2021-09-01 15:01:00+00:00,2021-09-01 21:00:00+00:00,XAUUSD,SHORT,LIQUIDITY_REVERSAL,CHOPPY,0.551,75.0,B,OVERLAP,1812.008,1829.667,1794.349,1794.349,1814.802,SESSION_END,0.001,1.7659,0.3625,17.659,-0.2794,-0.1582,0.194,0.25,359,0.354,2.055,0.05,0.05,0.0,clear,sweep + rejection + CHoCH + displacement,486.9114
2021-09-17 13:25:00+00:00,2021-09-17 18:00:00+00:00,XAUUSD,LONG,LIQUIDITY_REVERSAL,LIQUIDITY_REVERSAL,1.0,85.0,A,OVERLAP,1762.927,1746.944,1778.909,1778.909,1751.08,SESSION_END,0.001,1.5983,0.3282,15.983,-1.1847,-0.7412,0.034,0.98,275,0.259,1.529,0.05,0.05,0.0,clear,sweep + rejection + CHoCH + displacement,485.7268
2021-09-24 15:06:00+00:00,2021-09-24 18:00:00+00:00,XAUUSD,LONG,LIQUIDITY_REVERSAL,LIQUIDITY_REVERSAL,1.0,85.0,A,OVERLAP,1746.72,1726.228,1767.211,1767.211,1750.856,SESSION_END,0.001,2.0491,0.4219,20.491,0.4136,0.2019,0.353,0.162,174,0.343,2.237,0.05,0.05,0.0,clear,sweep + rejection + CHoCH + displacement,486.1404
2021-10-28 14:31:00+00:00,2021-10-28 21:00:00+00:00,XAUUSD,LONG,BREAKOUT,BULL,0.833,85.0,A,OVERLAP,1809.247,1785.807,1832.688,1832.688,1797.35,SESSION_END,0.001,2.3441,0.4822,23.441,-1.1897,-0.5075,0.047,0.727,389,0.399,2.625,0.05,0.05,0.0,clear,compression -> confirmed range break + momentum,484.9507
2021-11-08 14:32:00+00:00,2021-11-08 21:00:00+00:00,XAUUSD,LONG,TREND_CONTINUATION,BULL,0.906,85.0,A,OVERLAP,1824.286,1807.256,1841.317,1841.317,1823.671,SESSION_END,0.001,1.7031,0.3512,17.031,-0.0615,-0.0361,0.124,0.289,388,0.317,2.116,0.05,0.05,0.0,clear,trend pullback + LTF BOS,484.8891
2021-11-12 13:41:00+00:00,2021-11-12 18:00:00+00:00,XAUUSD,SHORT,LIQUIDITY_REVERSAL,LIQUIDITY_REVERSAL,0.8,85.0,A,OVERLAP,1853.284,1870.126,1836.442,1836.442,1864.439,SESSION_END,0.001,1.6842,0.3473,16.842,-1.1155,-0.6623,0.0,0.748,259,0.288,1.811,0.05,0.05,0.0,clear,sweep + rejection + CHoCH + displacement,483.7736
2021-11-16 13:23:00+00:00,2021-11-16 14:15:00+00:00,XAUUSD,LONG,LIQUIDITY_REVERSAL,BULL,0.791,90.0,A+,OVERLAP,1873.707,1859.675,1887.74,1887.74,1859.34,STOP,0.001,1.4032,0.2901,14.032,-1.4367,-1.0238,0.022,1.031,52,0.286,1.612,0.05,0.12,0.0,clear,sweep + rejection + CHoCH + displacement,482.3369
2021-11-22 13:29:00+00:00,2021-11-22 14:16:00+00:00,XAUUSD,SHORT,TREND_CONTINUATION,BEAR,0.586,85.0,A,OVERLAP,1838.265,1850.7,1825.83,1825.83,1825.993,TP2,0.001,1.2435,0.2578,12.435,1.2272,0.9869,1.091,0.257,47,0.226,1.562,0.05,0.0,0.0,clear,trend pullback + LTF BOS,483.5642
2021-11-23 09:32:00+00:00,2021-11-23 16:12:00+00:00,XAUUSD,SHORT,BREAKOUT,BEAR,0.888,85.0,A,LONDON,1798.103,1812.165,1784.041,1784.041,1784.204,TP2,0.001,1.4062,0.2908,14.062,1.3899,0.9884,1.098,0.067,400,0.302,1.985,0.05,0.0,0.0,clear,compression -> confirmed range break + momentum,484.9541
2021-11-24 14:49:00+00:00,2021-11-24 21:00:00+00:00,XAUUSD,SHORT,TREND_CONTINUATION,STRONG_BEAR,0.986,85.0,A,OVERLAP,1781.136,1802.04,1760.233,1760.233,1788.577,SESSION_END,0.001,2.0903,0.431,20.903,-0.744,-0.3559,0.08,0.486,371,0.298,2.282,0.05,0.05,0.0,clear,trend pullback + LTF BOS,484.2101
2021-11-29 13:41:00+00:00,2021-11-29 21:00:00+00:00,XAUUSD,SHORT,BREAKOUT,BEAR,0.553,80.0,B,OVERLAP,1788.447,1799.879,1777.014,1777.014,1784.158,SESSION_END,0.002,2.2865,0.4722,11.433,0.8576,0.3751,0.651,0.185,439,0.203,1.495,0.05,0.05,0.0,clear,compression -> confirmed range break + momentum,485.0677
2021-12-02 16:43:00+00:00,2021-12-02 21:00:00+00:00,XAUUSD,SHORT,TREND_CONTINUATION,BEAR,0.55,85.0,A,NEWYORK,1765.212,1789.287,1741.137,1741.137,1768.922,SESSION_END,0.001,2.4075,0.4963,24.075,-0.371,-0.1541,0.141,0.168,257,0.332,2.151,0.05,0.05,0.0,clear,trend pullback + LTF BOS,484.6967
2021-12-06 15:06:00+00:00,2021-12-06 21:00:00+00:00,XAUUSD,LONG,LIQUIDITY_REVERSAL,LIQUIDITY_REVERSAL,1.0,100.0,A+,OVERLAP,1780.808,1764.034,1797.583,1797.583,1778.581,SESSION_END,0.001,1.6774,0.3461,16.774,-0.2228,-0.1328,0.243,0.212,354,0.287,1.916,0.05,0.05,0.0,clear,sweep + rejection + CHoCH + displacement,484.4739
2021-12-16 14:37:00+00:00,2021-12-16 21:00:00+00:00,XAUUSD,LONG,TREND_CONTINUATION,BULL,0.94,85.0,A,OVERLAP,1790.659,1774.52,1806.798,1806.798,1797.679,SESSION_END,0.001,1.6139,0.3331,16.139,0.702,0.435,0.537,0.114,383,0.308,1.779,0.05,0.05,0.0,clear,trend pullback + LTF BOS,485.1759
2021-12-31 14:56:00+00:00,2021-12-31 18:00:00+00:00,XAUUSD,SHORT,LIQUIDITY_REVERSAL,BULL,0.925,85.0,A,OVERLAP,1822.455,1837.39,1807.52,1807.52,1826.179,SESSION_END,0.001,1.4935,0.3078,14.935,-0.3724,-0.2493,0.152,0.326,184,0.346,1.526,0.05,0.05,0.0,clear,sweep + rejection + CHoCH + displacement,484.8036
2022-01-05 13:21:00+00:00,2022-01-05 14:41:00+00:00,XAUUSD,SHORT,LIQUIDITY_REVERSAL,LIQUIDITY_REVERSAL,1.0,85.0,A,OVERLAP,1816.497,1828.033,1804.961,1804.961,1828.304,STOP,0.002,2.3072,0.4614,11.536,-2.3614,-1.0235,0.0,1.065,80,0.241,1.117,0.05,0.12,0.0,clear,sweep + rejection + CHoCH + displacement,497.6386
2022-01-07 13:45:00+00:00,2022-01-07 18:00:00+00:00,XAUUSD,SHORT,LIQUIDITY_REVERSAL,LIQUIDITY_REVERSAL,1.0,90.0,A+,OVERLAP,1789.943,1809.619,1770.267,1770.267,1795.826,SESSION_END,0.001,1.9676,0.3954,19.676,-0.5883,-0.299,0.18,0.339,255,0.424,2.718,0.05,0.05,0.0,clear,sweep + rejection + CHoCH + displacement,497.0504
2022-01-10 13:26:00+00:00,2022-01-10 21:00:00+00:00,XAUUSD,LONG,LIQUIDITY_REVERSAL,LIQUIDITY_REVERSAL,0.8,85.0,A,OVERLAP,1797.217,1779.568,1814.866,1814.866,1800.717,SESSION_END,0.001,1.7649,0.3551,17.649,0.35,0.1983,0.247,0.396,454,0.278,1.521,0.05,0.05,0.0,clear,sweep + rejection + CHoCH + displacement,497.4004
2022-01-13 13:41:00+00:00,2022-01-13 21:00:00+00:00,XAUUSD,LONG,LIQUIDITY_REVERSAL,LIQUIDITY_REVERSAL,0.7,100.0,A+,OVERLAP,1824.055,1808.467,1839.643,1839.643,1820.936,SESSION_END,0.001,1.5588,0.3134,15.588,-0.3119,-0.2001,0.0,0.759,439,0.334,1.506,0.05,0.05,0.0,clear,sweep + rejection + CHoCH + displacement,497.0885
2022-01-18 14:56:00+00:00,2022-01-18 21:00:00+00:00,XAUUSD,LONG,LIQUIDITY_REVERSAL,LIQUIDITY_REVERSAL,0.7,75.0,B,OVERLAP,1818.516,1798.288,1838.744,1838.744,1813.321,SESSION_END,0.001,2.0228,0.4069,20.228,-0.5195,-0.2568,0.076,0.397,364,0.504,2.504,0.05,0.05,0.0,clear,sweep + rejection + CHoCH + displacement,496.569
2022-01-24 13:48:00+00:00,2022-01-24 21:00:00+00:00,XAUUSD,SHORT,LIQUIDITY_REVERSAL,LIQUIDITY_REVERSAL,1.0,75.0,B,OVERLAP,1836.786,1856.132,1817.44,1817.44,1842.215,SESSION_END,0.001,1.9346,0.3896,19.346,-0.5429,-0.2806,0.374,0.32,432,0.285,1.688,0.05,0.05,0.0,clear,sweep + rejection + CHoCH + displacement,496.0261
2022-02-14 07:23:00+00:00,2022-02-14 14:33:00+00:00,XAUUSD,LONG,LIQUIDITY_REVERSAL,LIQUIDITY_REVERSAL,0.8,100.0,A+,LONDON,1854.292,1843.06,1865.525,1865.525,1865.39,TP2,0.002,2.2465,0.4529,11.232,2.2196,0.9881,1.081,0.272,430,0.209,0.949,0.05,0.0,0.0,clear,sweep + rejection + CHoCH + displacement,498.2457
2022-02-14 14:40:00+00:00,2022-02-14 21:00:00+00:00,XAUUSD,SHORT,LIQUIDITY_REVERSAL,LIQUIDITY_REVERSAL,0.7,75.0,B,OVERLAP,1860.298,1879.895,1840.7,1840.7,1872.012,SESSION_END,0.001,1.9597,0.3933,19.597,-1.1714,-0.5978,0.006,0.7,380,0.321,2.386,0.05,0.05,0.0,clear,sweep + rejection + CHoCH + displacement,497.0742
2022-02-21 12:01:00+00:00,2022-02-21 23:00:00+00:00,XAUUSD,SHORT,LIQUIDITY_REVERSAL,LIQUIDITY_REVERSAL,1.0,85.0,A,OVERLAP,1894.256,1907.735,1880.777,1880.777,1909.1,STOP,0.001,1.3479,0.2712,13.479,-1.4843,-1.1012,0.142,1.338,448,0.203,1.21,0.05,1.1327999830245972,0.0,clear,sweep + rejection + CHoCH + displacement,495.5899
2022-02-23 20:51:00+00:00,2022-02-23 21:00:00+00:00,XAUUSD,LONG,LIQUIDITY_REVERSAL,LIQUIDITY_REVERSAL,1.0,100.0,A+,NEWYORK,1908.639,1895.735,1921.542,1921.542,1908.437,SESSION_END,0.001,1.2904,0.2604,12.904,-0.0202,-0.0156,0.126,0.049,9,0.242,1.19,0.05,0.05,0.0,clear,sweep + rejection + CHoCH + displacement,495.5697
2022-02-25 07:01:00+00:00,2022-02-25 09:33:00+00:00,XAUUSD,LONG,BREAKOUT,COMPRESSION,0.979,80.0,B,LONDON,1918.975,1908.761,1929.189,1929.189,1908.545,STOP,0.002,2.0427,0.4122,10.214,-2.086,-1.0212,0.218,1.004,152,0.154,1.348,0.05,0.12,0.0,clear,compression -> confirmed range break + momentum,493.4837
2022-03-01 10:31:00+00:00,2022-03-01 16:48:00+00:00,XAUUSD,LONG,BREAKOUT,STRONG_BULL,0.901,85.0,A,LONDON,1920.961,1908.264,1933.658,1933.658,1933.494,TP2,0.001,1.2697,0.2573,12.697,1.2533,0.9871,1.011,0.776,377,0.226,1.771,0.05,0.0,0.0,clear,compression -> confirmed range break + momentum,494.7371
2022-03-02 13:06:00+00:00,2022-03-02 21:00:00+00:00,XAUUSD,LONG,LIQUIDITY_REVERSAL,LIQUIDITY_REVERSAL,1.0,100.0,A+,OVERLAP,1929.441,1911.176,1947.706,1947.706,1926.263,SESSION_END,0.001,1.8265,0.3692,18.265,-0.3179,-0.174,0.333,0.791,474,0.239,2.481,0.05,0.05,0.0,clear,sweep + rejection + CHoCH + displacement,494.4192
2022-03-03 07:22:00+00:00,2022-03-03 11:32:00+00:00,XAUUSD,SHORT,LIQUIDITY_REVERSAL,CHOPPY,0.601,80.0,B,LONDON,1925.266,1938.268,1912.264,1912.264,1938.487,STOP,0.001,1.3002,0.263,13.002,-1.3222,-1.0169,0.131,1.03,250,0.186,1.333,0.05,0.12,0.0,clear,sweep + rejection + CHoCH + displacement,493.097
2022-03-03 13:22:00+00:00,2022-03-03 21:00:00+00:00,XAUUSD,LONG,LIQUIDITY_REVERSAL,LIQUIDITY_REVERSAL,0.7,100.0,A+,OVERLAP,1933.222,1921.262,1945.183,1945.183,1936.701,SESSION_END,0.002,2.3922,0.4851,11.961,0.6956,0.2908,0.667,0.836,458,0.211,1.876,0.05,0.05,0.0,clear,sweep + rejection + CHoCH + displacement,493.7927
2022-03-04 15:12:00+00:00,2022-03-04 18:00:00+00:00,XAUUSD,SHORT,LIQUIDITY_REVERSAL,BULL,0.858,80.0,B,OVERLAP,1951.957,1974.472,1929.441,1929.441,1962.148,SESSION_END,0.001,2.2515,0.456,22.515,-1.0192,-0.4527,0.0,0.608,168,0.363,3.949,0.05,0.05,0.0,clear,sweep + rejection + CHoCH + displacement,492.7735
2022-03-09 07:44:00+00:00,2022-03-09 09:10:00+00:00,XAUUSD,SHORT,BREAKOUT,COMPRESSION,0.963,55.0,NO_TRADE,LONDON,2042.532,2054.673,2030.392,2030.392,2030.513,TP2,0.002,2.4281,0.4927,12.14,2.4038,0.99,1.0,0.55,86,0.231,2.969,0.05,0.0,0.0,clear,compression -> confirmed range break + momentum,495.1773
2022-03-10 06:29:00+00:00,2022-03-10 11:01:00+00:00,XAUUSD,LONG,BREAKOUT,COMPRESSION,0.995,65.0,NO_TRADE,ASIA,1987.491,1973.758,2001.224,2001.224,2001.093,TP2,0.001,1.3733,0.2773,13.733,1.3602,0.9904,1.025,0.967,272,0.306,1.76,0.05,0.0,0.0,clear,compression -> confirmed range break + momentum,496.5374
2022-03-14 11:27:00+00:00,2022-03-14 19:27:00+00:00,XAUUSD,SHORT,BREAKOUT,BEAR,0.938,70.0,NO_TRADE,LONDON,1957.219,1971.608,1942.831,1942.831,1952.305,TIME,0.001,1.4389,0.2898,14.389,0.4914,0.3415,0.528,0.741,480,0.257,2.623,0.05,0.05,0.0,clear,compression -> confirmed range break + momentum,497.0289
2022-03-15 01:21:00+00:00,2022-03-15 09:21:00+00:00,XAUUSD,SHORT,BREAKOUT,STRONG_BEAR,0.952,85.0,A,ASIA,1943.189,1961.999,1924.379,1924.379,1931.54,TIME,0.001,1.881,0.3784,18.81,1.1649,0.6193,0.976,0.115,480,0.386,2.054,0.05,0.05,0.0,clear,compression -> confirmed range break + momentum,498.1938
2022-03-15 12:26:00+00:00,2022-03-15 20:26:00+00:00,XAUUSD,SHORT,TREND_CONTINUATION,BEAR,0.644,100.0,A+,OVERLAP,1921.904,1944.068,1899.741,1899.741,1914.806,TIME,0.001,2.2163,0.4449,22.163,0.7098,0.3203,0.675,0.406,480,0.238,2.674,0.05,0.05,0.0,clear,trend pullback + LTF BOS,498.9036
2022-03-22 10:11:00+00:00,2022-03-22 14:05:00+00:00,XAUUSD,LONG,LIQUIDITY_REVERSAL,LIQUIDITY_REVERSAL,0.8,100.0,A+,LONDON,1928.294,1914.684,1941.905,1941.905,1914.399,STOP,0.001,1.361,0.2728,13.61,-1.3895,-1.0209,0.184,1.079,234,0.263,1.672,0.05,0.12,0.0,clear,sweep + rejection + CHoCH + displacement,497.514
2022-03-23 11:28:00+00:00,2022-03-23 19:28:00+00:00,XAUUSD,SHORT,LIQUIDITY_REVERSAL,LIQUIDITY_REVERSAL,0.8,100.0,A+,LONDON,1929.552,1946.372,1912.732,1912.732,1941.557,TIME,0.001,1.682,0.3381,16.82,-1.2005,-0.7137,0.281,0.746,480,0.252,1.493,0.05,0.05,0.0,clear,sweep + rejection + CHoCH + displacement,496.3135
2022-03-28 11:52:00+00:00,2022-03-28 13:16:00+00:00,XAUUSD,SHORT,TREND_CONTINUATION,STRONG_BEAR,0.967,85.0,A,LONDON,1929.183,1941.851,1916.514,1916.514,1942.109,STOP,0.001,1.2668,0.2552,12.668,-1.2927,-1.0204,0.183,1.021,84,0.251,1.653,0.05,0.12,0.0,clear,trend pullback + LTF BOS,495.0208
2022-04-06 19:40:00+00:00,2022-04-06 21:00:00+00:00,XAUUSD,SHORT,LIQUIDITY_REVERSAL,LIQUIDITY_REVERSAL,0.7,75.0,B,NEWYORK,1918.742,1941.987,1895.496,1895.496,1926.339,SESSION_END,0.001,2.3246,0.4696,23.246,-0.7598,-0.3268,0.035,0.361,80,0.433,3.49,0.05,0.05,0.0,clear,sweep + rejection + CHoCH + displacement,494.261
2022-04-07 15:37:00+00:00,2022-04-07 21:00:00+00:00,XAUUSD,LONG,TREND_CONTINUATION,BULL,0.826,85.0,A,OVERLAP,1935.213,1918.11,1952.316,1952.316,1931.171,SESSION_END,0.001,1.7103,0.346,17.103,-0.4042,-0.2363,0.146,0.34,323,0.29,2.392,0.05,0.05,0.0,clear,trend pullback + LTF BOS,493.8568
2022-04-08 15:07:00+00:00,2022-04-08 18:00:00+00:00,XAUUSD,LONG,BREAKOUT,EXPANSION,0.887,65.0,NO_TRADE,OVERLAP,1943.73,1928.377,1959.084,1959.084,1941.165,SESSION_END,0.001,1.5354,0.3109,15.354,-0.2566,-0.1671,0.284,0.225,173,0.345,2.551,0.05,0.05,0.0,clear,compression -> confirmed range break + momentum,493.6003
2022-04-13 13:07:00+00:00,2022-04-13 21:00:00+00:00,XAUUSD,LONG,TREND_CONTINUATION,BULL,0.882,85.0,A,OVERLAP,1979.689,1966.958,1992.419,1992.419,1976.656,SESSION_END,0.001,1.273,0.2579,12.73,-0.3033,-0.2382,0.141,0.626,473,0.222,1.496,0.05,0.05,0.0,clear,trend pullback + LTF BOS,493.297
2022-04-19 13:41:00+00:00,2022-04-19 15:39:00+00:00,XAUUSD,SHORT,LIQUIDITY_REVERSAL,LIQUIDITY_REVERSAL,1.0,85.0,A,OVERLAP,1974.835,1996.965,1952.705,1952.705,1952.891,TP2,0.001,2.213,0.4486,22.13,2.1944,0.9916,1.062,0.0,118,0.273,1.917,0.05,0.0,0.0,clear,sweep + rejection + CHoCH + displacement,495.4914
2022-04-21 12:17:00+00:00,2022-04-21 19:47:00+00:00,XAUUSD,SHORT,BREAKOUT,STRONG_BEAR,0.951,85.0,A,OVERLAP,1939.576,1951.176,1927.977,1927.977,1951.441,STOP,0.002,2.3199,0.4682,11.599,-2.3728,-1.0228,0.254,1.108,450,0.231,1.725,0.05,0.12,0.0,clear,compression -> confirmed range break + momentum,493.1185
2022-04-26 08:26:00+00:00,2022-04-26 16:26:00+00:00,XAUUSD,SHORT,BREAKOUT,COMPRESSION,0.979,85.0,A,LONDON,1897.808,1915.398,1880.218,1880.218,1901.74,TIME,0.001,1.759,0.3567,17.59,-0.3932,-0.2236,0.125,0.756,480,0.231,1.633,0.05,0.05,0.0,clear,compression -> confirmed range break + momentum,492.7253
2022-05-02 10:08:00+00:00,2022-05-02 13:42:00+00:00,XAUUSD,SHORT,BREAKOUT,STRONG_BEAR,1.0,85.0,A,LONDON,1877.891,1889.995,1865.786,1865.786,1865.94,TP2,0.002,2.4209,0.4913,12.104,2.3901,0.9873,1.039,0.357,214,0.236,1.599,0.05,0.0,0.0,clear,compression -> confirmed range break + momentum,495.1154
2022-05-02 16:16:00+00:00,2022-05-02 21:00:00+00:00,XAUUSD,SHORT,TREND_CONTINUATION,STRONG_BEAR,1.0,85.0,A,NEWYORK,1860.124,1875.949,1844.299,1844.299,1862.19,SESSION_END,0.001,1.5825,0.3196,15.825,-0.2066,-0.1306,0.024,0.751,284,0.358,2.548,0.05,0.05,0.0,clear,trend pullback + LTF BOS,494.9088
2022-05-04 13:11:00+00:00,2022-05-04 19:46:00+00:00,XAUUSD,SHORT,LIQUIDITY_REVERSAL,LIQUIDITY_REVERSAL,0.7,100.0,A+,OVERLAP,1866.527,1877.008,1856.046,1856.046,1877.396,STOP,0.002,2.0962,0.4236,10.481,-2.1737,-1.037,0.476,1.182,395,0.191,1.107,0.05,0.12,0.0,clear,sweep + rejection + CHoCH + displacement,492.7351
2022-05-10 19:41:00+00:00,2022-05-10 21:00:00+00:00,XAUUSD,SHORT,TREND_CONTINUATION,STRONG_BEAR,0.898,85.0,A,NEWYORK,1842.716,1855.75,1829.681,1829.681,1838.643,SESSION_END,0.001,1.3035,0.2645,13.035,0.4073,0.3125,0.562,0.105,79,0.255,1.616,0.05,0.05,0.0,clear,trend pullback + LTF BOS,493.1424
2022-05-12 11:46:00+00:00,2022-05-12 17:52:00+00:00,XAUUSD,SHORT,LIQUIDITY_REVERSAL,LIQUIDITY_REVERSAL,0.8,100.0,A+,LONDON,1846.86,1863.245,1830.476,1830.476,1830.61,TP2,0.001,1.6385,0.3322,16.385,1.6251,0.9918,1.126,0.15,366,0.286,1.973,0.05,0.0,0.0,clear,sweep + rejection + CHoCH + displacement,494.7675
2022-05-18 08:09:00+00:00,2022-05-18 16:09:00+00:00,XAUUSD,LONG,LIQUIDITY_REVERSAL,LIQUIDITY_REVERSAL,0.7,85.0,A,LONDON,1813.57,1800.057,1827.084,1827.084,1815.92,TIME,0.001,1.3514,0.2731,13.514,0.2349,0.1738,0.501,0.469,480,0.225,1.268,0.05,0.05,0.0,clear,sweep + rejection + CHoCH + displacement,495.0024
2022-05-24 13:22:00+00:00,2022-05-24 14:48:00+00:00,XAUUSD,SHORT,LIQUIDITY_REVERSAL,LIQUIDITY_REVERSAL,1.0,85.0,A,OVERLAP,1855.969,1867.086,1844.852,1844.852,1867.338,STOP,0.002,2.2234,0.4492,11.117,-2.2737,-1.0226,0.176,1.011,86,0.198,1.118,0.05,0.12,0.0,clear,sweep + rejection + CHoCH + displacement,492.7287
2022-05-26 14:44:00+00:00,2022-05-26 21:00:00+00:00,XAUUSD,SHORT,LIQUIDITY_REVERSAL,LIQUIDITY_REVERSAL,1.0,90.0,A+,OVERLAP,1843.321,1858.018,1828.625,1828.625,1852.248,SESSION_END,0.001,1.4696,0.2983,14.696,-0.8927,-0.6074,0.0,0.708,376,0.263,1.787,0.05,0.05,0.0,clear,sweep + rejection + CHoCH + displacement,491.836
2022-05-31 12:16:00+00:00,2022-05-31 20:16:00+00:00,XAUUSD,LONG,LIQUIDITY_REVERSAL,LIQUIDITY_REVERSAL,0.7,80.0,B,OVERLAP,1850.635,1837.513,1863.756,1863.756,1840.201,TIME,0.001,1.3121,0.2668,13.121,-1.0434,-0.7952,0.357,0.945,480,0.274,1.55,0.05,0.05,0.0,clear,sweep + rejection + CHoCH + displacement,490.7926
2022-06-01 13:15:00+00:00,2022-06-01 13:54:00+00:00,XAUUSD,LONG,LIQUIDITY_REVERSAL,LIQUIDITY_REVERSAL,0.7,85.0,A,OVERLAP,1832.386,1820.932,1843.84,1843.84,1843.7,TP2,0.002,2.2908,0.4668,11.454,2.2627,0.9877,1.017,0.0,39,0.216,1.265,0.05,0.0,0.0,clear,sweep + rejection + CHoCH + displacement,493.0554
2022-06-06 13:26:00+00:00,2022-06-06 21:00:00+00:00,XAUUSD,SHORT,LIQUIDITY_REVERSAL,LIQUIDITY_REVERSAL,0.7,100.0,A+,OVERLAP,1852.393,1869.146,1835.641,1835.641,1842.387,SESSION_END,0.001,1.6752,0.3398,16.752,1.0007,0.5973,0.705,0.125,454,0.27,1.383,0.05,0.05,0.0,clear,sweep + rejection + CHoCH + displacement,494.056
2022-06-14 12:21:00+00:00,2022-06-14 20:02:00+00:00,XAUUSD,SHORT,TREND_CONTINUATION,BEAR,0.913,100.0,A+,OVERLAP,1820.816,1835.137,1806.496,1806.496,1806.6,TP2,0.001,1.432,0.2899,14.32,1.4216,0.9927,1.02,0.146,461,0.223,1.847,0.05,0.0,0.0,clear,trend pullback + LTF BOS,495.4776
2022-06-15 08:51:00+00:00,2022-06-15 12:40:00+00:00,XAUUSD,SHORT,LIQUIDITY_REVERSAL,LIQUIDITY_REVERSAL,1.0,100.0,A+,LONDON,1819.549,1833.695,1805.403,1805.403,1833.941,STOP,0.001,1.4146,0.2855,14.146,-1.4392,-1.0175,0.161,1.119,229,0.258,1.718,0.05,0.12,0.0,clear,sweep + rejection + CHoCH + displacement,494.0384
2022-06-15 19:10:00+00:00,2022-06-15 19:41:00+00:00,XAUUSD,SHORT,LIQUIDITY_REVERSAL,LIQUIDITY_REVERSAL,1.0,100.0,A+,NEWYORK,1818.473,1834.88,1802.065,1802.065,1835.243,STOP,0.001,1.6408,0.3321,16.408,-1.6771,-1.0221,0.03,1.004,31,0.331,2.426,0.05,0.12,0.0,clear,sweep + rejection + CHoCH + displacement,492.3613
2022-06-20 08:11:00+00:00,2022-06-20 16:11:00+00:00,XAUUSD,SHORT,LIQUIDITY_REVERSAL,CHOPPY,0.566,85.0,A,LONDON,1840.644,1851.557,1829.732,1829.732,1837.955,TIME,0.002,2.1826,0.4433,10.913,0.5379,0.2464,0.437,0.275,480,0.219,1.201,0.05,0.05,0.0,clear,sweep + rejection + CHoCH + displacement,492.8992
2022-06-27 09:27:00+00:00,2022-06-27 15:40:00+00:00,XAUUSD,LONG,LIQUIDITY_REVERSAL,LIQUIDITY_REVERSAL,0.7,100.0,A+,LONDON,1837.759,1824.82,1850.697,1850.697,1824.569,STOP,0.001,1.2939,0.2625,12.939,-1.319,-1.0194,0.205,1.002,373,0.282,1.55,0.05,0.12,0.0,clear,sweep + rejection + CHoCH + displacement,491.5802
2022-06-28 13:01:00+00:00,2022-06-28 21:00:00+00:00,XAUUSD,LONG,LIQUIDITY_REVERSAL,LIQUIDITY_REVERSAL,1.0,75.0,B,OVERLAP,1825.506,1811.381,1839.631,1839.631,1819.007,SESSION_END,0.001,1.4125,0.2873,14.125,-0.6498,-0.4601,0.082,0.512,479,0.235,1.276,0.05,0.05,0.0,clear,sweep + rejection + CHoCH + displacement,490.9304
2022-07-08 13:37:00+00:00,2022-07-08 18:00:00+00:00,XAUUSD,SHORT,LIQUIDITY_REVERSAL,CHOPPY,0.582,90.0,A+,OVERLAP,1738.185,1761.353,1715.017,1715.017,1742.919,SESSION_END,0.001,2.3168,0.4719,23.168,-0.4734,-0.2043,0.175,0.613,263,0.326,2.303,0.05,0.05,0.0,clear,sweep + rejection + CHoCH + displacement,490.4569
2022-07-14 13:25:00+00:00,2022-07-14 21:00:00+00:00,XAUUSD,SHORT,TREND_CONTINUATION,STRONG_BEAR,0.966,85.0,A,OVERLAP,1710.019,1728.414,1691.624,1691.624,1709.727,SESSION_END,0.001,1.8395,0.3751,18.395,0.0292,0.0159,0.684,0.266,455,0.298,2.245,0.05,0.05,0.0,clear,trend pullback + LTF BOS,490.4862
2022-07-15 13:36:00+00:00,2022-07-15 18:00:00+00:00,XAUUSD,LONG,LIQUIDITY_REVERSAL,LIQUIDITY_REVERSAL,1.0,75.0,B,OVERLAP,1704.667,1689.396,1719.939,1719.939,1704.831,SESSION_END,0.001,1.5271,0.3113,15.271,0.0164,0.0107,0.609,0.375,264,0.241,1.738,0.05,0.05,0.0,clear,sweep + rejection + CHoCH + displacement,490.5025
2022-07-25 11:01:00+00:00,2022-07-25 14:38:00+00:00,XAUUSD,LONG,BREAKOUT,BULL,0.985,85.0,A,LONDON,1734.842,1720.19,1749.494,1749.494,1719.952,STOP,0.001,1.4652,0.2987,14.652,-1.489,-1.0162,0.0,1.075,217,0.272,1.459,0.05,0.12,0.0,clear,compression -> confirmed range break + momentum,489.0136
2022-07-27 13:36:00+00:00,2022-07-27 19:40:00+00:00,XAUUSD,SHORT,LIQUIDITY_REVERSAL,LIQUIDITY_REVERSAL,1.0,100.0,A+,OVERLAP,1718.94,1732.072,1705.809,1705.809,1732.425,STOP,0.001,1.3132,0.2685,13.132,-1.3485,-1.0269,0.581,1.022,364,0.236,1.263,0.05,0.12,0.0,clear,sweep + rejection + CHoCH + displacement,487.6651
2022-07-28 08:11:00+00:00,2022-07-28 15:52:00+00:00,XAUUSD,LONG,BREAKOUT,BULL,0.923,80.0,B,LONDON,1743.4,1731.426,1755.375,1755.375,1755.192,TP2,0.002,2.3949,0.4911,11.975,2.3583,0.9847,1.028,0.618,461,0.252,1.223,0.05,0.0,0.0,clear,compression -> confirmed range break + momentum,490.0234
2022-07-29 11:01:00+00:00,2022-07-29 18:00:00+00:00,XAUUSD,LONG,LIQUIDITY_REVERSAL,LIQUIDITY_REVERSAL,0.7,90.0,A+,LONDON,1760.284,1747.238,1773.331,1773.331,1763.279,SESSION_END,0.001,1.3047,0.2662,13.047,0.2995,0.2296,0.522,0.64,419,0.271,1.555,0.05,0.05,0.0,clear,sweep + rejection + CHoCH + displacement,490.3229
2022-08-12 13:13:00+00:00,2022-08-12 18:00:00+00:00,XAUUSD,LONG,LIQUIDITY_REVERSAL,CHOPPY,0.554,85.0,A,OVERLAP,1788.92,1775.863,1801.978,1801.978,1797.128,SESSION_END,0.001,1.3058,0.2663,13.058,0.8207,0.6285,0.745,0.063,287,0.252,1.338,0.05,0.05,0.0,clear,sweep + rejection + CHoCH + displacement,491.1437
2022-08-23 13:43:00+00:00,2022-08-23 21:00:00+00:00,XAUUSD,LONG,LIQUIDITY_REVERSAL,LIQUIDITY_REVERSAL,0.7,75.0,B,OVERLAP,1736.368,1718.519,1754.217,1754.217,1746.577,SESSION_END,0.001,1.7849,0.3634,17.849,1.021,0.572,0.986,0.052,437,0.28,1.612,0.05,0.05,0.0,clear,sweep + rejection + CHoCH + displacement,492.1646
2022-09-02 13:36:00+00:00,2022-09-02 18:00:00+00:00,XAUUSD,LONG,LIQUIDITY_REVERSAL,LIQUIDITY_REVERSAL,0.7,85.0,A,OVERLAP,1708.654,1694.189,1723.119,1723.119,1713.544,SESSION_END,0.001,1.4465,0.2939,14.465,0.489,0.3381,0.638,0.311,264,0.292,1.61,0.05,0.05,0.0,clear,sweep + rejection + CHoCH + displacement,492.6537
2022-09-07 14:41:00+00:00,2022-09-07 15:43:00+00:00,XAUUSD,LONG,LIQUIDITY_REVERSAL,LIQUIDITY_REVERSAL,1.0,85.0,A,OVERLAP,1700.748,1688.457,1713.04,1713.04,1712.897,TP2,0.002,2.4583,0.499,12.292,2.4296,0.9883,1.024,0.03,62,0.251,1.565,0.05,0.0,0.0,clear,sweep + rejection + CHoCH + displacement,495.0833
2022-09-13 11:26:00+00:00,2022-09-13 13:33:00+00:00,XAUUSD,SHORT,LIQUIDITY_REVERSAL,LIQUIDITY_REVERSAL,1.0,85.0,A,LONDON,1724.21,1735.014,1713.406,1713.406,1713.517,TP2,0.002,2.1608,0.4365,10.804,2.1386,0.9897,1.027,0.694,127,0.215,0.99,0.05,0.0,0.0,clear,sweep + rejection + CHoCH + displacement,497.222
2022-09-20 07:31:00+00:00,2022-09-20 14:35:00+00:00,XAUUSD,LONG,LIQUIDITY_REVERSAL,LIQUIDITY_REVERSAL,1.0,75.0,B,LONDON,1673.802,1662.264,1685.339,1685.339,1662.016,STOP,0.002,2.3075,0.4641,11.538,-2.3572,-1.0215,0.172,1.015,424,0.228,0.992,0.05,0.12,0.0,clear,sweep + rejection + CHoCH + displacement,494.8648
2022-09-27 14:56:00+00:00,2022-09-27 21:00:00+00:00,XAUUSD,LONG,LIQUIDITY_REVERSAL,LIQUIDITY_REVERSAL,0.8,85.0,A,OVERLAP,1639.067,1624.053,1654.081,1654.081,1627.366,SESSION_END,0.001,1.5014,0.3034,15.014,-1.1701,-0.7794,0.011,0.831,364,0.259,2.198,0.05,0.05,0.0,clear,sweep + rejection + CHoCH + displacement,493.6946
2022-09-28 08:16:00+00:00,2022-09-28 13:20:00+00:00,XAUUSD,SHORT,BREAKOUT,STRONG_BEAR,0.956,85.0,A,LONDON,1617.82,1634.423,1601.217,1601.217,1634.695,STOP,0.001,1.6603,0.3363,16.603,-1.6875,-1.0164,0.187,1.084,304,0.26,1.562,0.05,0.12,0.0,clear,compression -> confirmed range break + momentum,492.0071
2022-09-29 15:13:00+00:00,2022-09-29 21:00:00+00:00,XAUUSD,LONG,TREND_CONTINUATION,BULL,0.88,100.0,A+,OVERLAP,1654.809,1639.734,1669.884,1669.884,1660.136,SESSION_END,0.001,1.5075,0.3064,15.075,0.5326,0.3533,0.659,0.686,347,0.282,2.557,0.05,0.05,0.0,clear,trend pullback + LTF BOS,492.5398
2022-09-30 07:22:00+00:00,2022-09-30 15:22:00+00:00,XAUUSD,SHORT,LIQUIDITY_REVERSAL,LIQUIDITY_REVERSAL,0.7,80.0,B,LONDON,1664.877,1676.668,1653.086,1653.086,1671.504,TIME,0.002,2.3581,0.4788,11.791,-1.3254,-0.5621,0.251,0.786,480,0.217,1.178,0.05,0.05,0.0,clear,sweep + rejection + CHoCH + displacement,491.2143
2022-10-04 14:22:00+00:00,2022-10-04 16:16:00+00:00,XAUUSD,SHORT,LIQUIDITY_REVERSAL,BULL,0.962,75.0,B,OVERLAP,1708.791,1725.13,1692.452,1692.452,1725.427,STOP,0.001,1.6339,0.3326,16.339,-1.6636,-1.0182,0.157,1.008,114,0.247,2.018,0.05,0.12,0.0,clear,sweep + rejection + CHoCH + displacement,489.5507
2022-10-07 14:34:00+00:00,2022-10-07 18:00:00+00:00,XAUUSD,LONG,LIQUIDITY_REVERSAL,BEAR,0.79,70.0,NO_TRADE,OVERLAP,1702.2,1681.427,1722.973,1722.973,1699.213,SESSION_END,0.001,2.0773,0.4243,20.773,-0.2987,-0.1438,0.237,0.405,206,0.412,3.479,0.05,0.05,0.0,clear,sweep + rejection + CHoCH + displacement,489.2521
2022-10-10 08:46:00+00:00,2022-10-10 15:47:00+00:00,XAUUSD,SHORT,TREND_CONTINUATION,STRONG_BEAR,0.97,100.0,A+,LONDON,1683.776,1699.008,1668.543,1668.543,1668.692,TP2,0.001,1.5232,0.3113,15.232,1.5083,0.9902,1.049,0.098,421,0.265,1.562,0.05,0.0,0.0,clear,trend pullback + LTF BOS,490.7604
2022-10-13 12:33:00+00:00,2022-10-13 13:30:00+00:00,XAUUSD,LONG,LIQUIDITY_REVERSAL,LIQUIDITY_REVERSAL,0.8,75.0,B,OVERLAP,1677.453,1664.553,1690.354,1690.354,1664.312,STOP,0.001,1.29,0.2629,12.9,-1.3141,-1.0187,0.379,1.997,57,0.191,1.073,0.05,0.12,0.0,clear,sweep + rejection + CHoCH + displacement,489.4462
2022-10-14 12:56:00+00:00,2022-10-14 18:00:00+00:00,XAUUSD,SHORT,LIQUIDITY_REVERSAL,LIQUIDITY_REVERSAL,0.8,100.0,A+,OVERLAP,1654.904,1671.885,1637.924,1637.924,1644.155,SESSION_END,0.001,1.698,0.3469,16.98,1.0749,0.633,0.803,0.527,304,0.268,1.822,0.05,0.05,0.0,clear,sweep + rejection + CHoCH + displacement,490.5211
2022-10-20 15:06:00+00:00,2022-10-20 21:00:00+00:00,XAUUSD,LONG,LIQUIDITY_REVERSAL,LIQUIDITY_REVERSAL,1.0,85.0,A,OVERLAP,1636.476,1618.507,1654.445,1654.445,1626.261,SESSION_END,0.001,1.7969,0.3663,17.969,-1.0214,-0.5684,0.499,0.663,354,0.258,1.869,0.05,0.05,0.0,clear,sweep + rejection + CHoCH + displacement,489.4997
2022-10-21 08:23:00+00:00,2022-10-21 14:36:00+00:00,XAUUSD,LONG,LIQUIDITY_REVERSAL,LIQUIDITY_REVERSAL,0.7,85.0,A,LONDON,1621.637,1607.342,1635.932,1635.932,1635.74,TP2,0.001,1.4295,0.292,14.295,1.4103,0.9865,1.186,0.185,373,0.26,1.418,0.05,0.0,0.0,clear,sweep + rejection + CHoCH + displacement,490.9099
2022-10-25 15:26:00+00:00,2022-10-25 21:00:00+00:00,XAUUSD,SHORT,LIQUIDITY_REVERSAL,LIQUIDITY_REVERSAL,0.8,75.0,B,OVERLAP,1655.516,1676.915,1634.117,1634.117,1653.762,SESSION_END,0.001,2.1399,0.4359,21.399,0.1754,0.0819,0.169,0.125,334,0.342,2.6,0.05,0.05,0.0,clear,sweep + rejection + CHoCH + displacement,491.0853
2022-11-09 20:06:00+00:00,2022-11-09 21:00:00+00:00,XAUUSD,LONG,LIQUIDITY_REVERSAL,LIQUIDITY_REVERSAL,0.8,90.0,A+,NEWYORK,1706.136,1693.011,1719.261,1719.261,1704.524,SESSION_END,0.001,1.3125,0.2673,13.125,-0.1612,-0.1228,0.088,0.144,54,0.276,1.489,0.05,0.05,0.0,clear,sweep + rejection + CHoCH + displacement,490.9241
2022-11-22 14:41:00+00:00,2022-11-22 21:00:00+00:00,XAUUSD,LONG,LIQUIDITY_REVERSAL,LIQUIDITY_REVERSAL,0.7,85.0,A,OVERLAP,1745.31,1733.333,1757.287,1757.287,1738.92,SESSION_END,0.002,2.3954,0.4879,11.977,-1.278,-0.5335,0.106,0.705,379,0.244,1.376,0.05,0.05,0.0,clear,sweep + rejection + CHoCH + displacement,489.6461
2022-11-30 13:23:00+00:00,2022-11-30 15:34:00+00:00,XAUUSD,LONG,TREND_CONTINUATION,BULL,0.575,90.0,A+,OVERLAP,1763.837,1749.313,1778.361,1778.361,1749.019,STOP,0.001,1.4524,0.2966,14.524,-1.4818,-1.0203,0.049,1.023,131,0.239,1.362,0.05,0.12,0.0,clear,trend pullback + LTF BOS,488.1643
2022-11-30 18:33:00+00:00,2022-11-30 19:50:00+00:00,XAUUSD,SHORT,LIQUIDITY_REVERSAL,LIQUIDITY_REVERSAL,0.7,75.0,B,NEWYORK,1751.123,1767.33,1734.916,1734.916,1767.677,STOP,0.001,1.6207,0.332,16.207,-1.6554,-1.0214,0.0,1.06,77,0.31,1.537,0.05,0.12,0.0,clear,sweep + rejection + CHoCH + displacement,486.5088
2022-12-01 13:33:00+00:00,2022-12-01 14:48:00+00:00,XAUUSD,LONG,BREAKOUT,BULL,0.974,70.0,NO_TRADE,OVERLAP,1789.158,1777.991,1800.324,1800.324,1800.162,TP2,0.002,2.2333,0.459,11.166,2.2009,0.9855,1.002,0.294,75,0.222,1.314,0.05,0.0,0.0,clear,compression -> confirmed range break + momentum,488.7098
2022-12-12 14:51:00+00:00,2022-12-12 21:00:00+00:00,XAUUSD,LONG,LIQUIDITY_REVERSAL,LIQUIDITY_REVERSAL,0.7,100.0,A+,OVERLAP,1789.479,1775.285,1803.674,1803.674,1779.275,SESSION_END,0.001,1.4195,0.2905,14.195,-1.0205,-0.7189,0.039,0.85,369,0.303,1.778,0.05,0.05,0.0,clear,sweep + rejection + CHoCH + displacement,487.6893
2022-12-16 07:22:00+00:00,2022-12-16 14:57:00+00:00,XAUUSD,SHORT,LIQUIDITY_REVERSAL,LIQUIDITY_REVERSAL,1.0,85.0,A,LONDON,1781.318,1792.461,1770.175,1770.175,1792.717,STOP,0.002,2.2286,0.457,11.143,-2.2798,-1.023,0.638,1.104,455,0.201,0.941,0.05,0.12,0.0,clear,sweep + rejection + CHoCH + displacement,485.4095
2022-12-21 07:32:00+00:00,2022-12-21 15:32:00+00:00,XAUUSD,LONG,LIQUIDITY_REVERSAL,LIQUIDITY_REVERSAL,1.0,90.0,A+,LONDON,1815.5,1804.008,1826.991,1826.991,1820.491,TIME,0.002,2.2983,0.4735,11.491,0.9983,0.4344,0.452,0.33,480,0.23,1.044,0.05,0.05,0.0,clear,sweep + rejection + CHoCH + displacement,486.4078
2022-12-28 13:23:00+00:00,2022-12-28 21:00:00+00:00,XAUUSD,LONG,LIQUIDITY_REVERSAL,LIQUIDITY_REVERSAL,0.8,100.0,A+,OVERLAP,1807.173,1796.481,1817.866,1817.866,1803.775,SESSION_END,0.002,2.1385,0.4397,10.693,-0.6797,-0.3179,0.203,0.96,457,0.216,1.027,0.05,0.05,0.0,clear,sweep + rejection + CHoCH + displacement,485.728
2022-12-30 13:28:00+00:00,2022-12-30 18:00:00+00:00,XAUUSD,SHORT,LIQUIDITY_REVERSAL,LIQUIDITY_REVERSAL,1.0,85.0,A,OVERLAP,1816.479,1828.827,1804.13,1804.13,1823.908,SESSION_END,0.001,1.2349,0.2542,12.349,-0.7429,-0.6016,0.188,0.694,272,0.216,1.054,0.05,0.05,0.0,clear,sweep + rejection + CHoCH + displacement,484.9851
2023-01-05 18:25:00+00:00,2023-01-05 21:00:00+00:00,XAUUSD,LONG,LIQUIDITY_REVERSAL,LIQUIDITY_REVERSAL,0.8,85.0,A,NEWYORK,1837.068,1821.423,1852.712,1852.712,1833.049,SESSION_END,0.001,1.5645,0.3129,15.645,-0.4018,-0.2569,0.016,0.338,155,0.265,1.599,0.05,0.05,0.0,clear,sweep + rejection + CHoCH + displacement,499.5982
2023-01-06 13:34:00+00:00,2023-01-06 15:03:00+00:00,XAUUSD,LONG,LIQUIDITY_REVERSAL,CHOPPY,0.617,85.0,A,OVERLAP,1839.109,1824.51,1853.708,1853.708,1853.518,TP2,0.001,1.4599,0.2922,14.599,1.4408,0.9869,1.056,0.13,89,0.223,1.366,0.05,0.0,0.0,clear,sweep + rejection + CHoCH + displacement,501.039
2023-01-17 12:43:00+00:00,2023-01-17 20:43:00+00:00,XAUUSD,SHORT,LIQUIDITY_REVERSAL,LIQUIDITY_REVERSAL,0.8,75.0,B,OVERLAP,1910.104,1921.733,1898.475,1898.475,1908.759,TIME,0.002,2.3258,0.4642,11.629,0.2691,0.1157,0.553,0.554,480,0.208,1.192,0.05,0.05,0.0,clear,sweep + rejection + CHoCH + displacement,501.308
2023-01-23 13:33:00+00:00,2023-01-23 21:00:00+00:00,XAUUSD,SHORT,LIQUIDITY_REVERSAL,LIQUIDITY_REVERSAL,1.0,85.0,A,OVERLAP,1923.618,1936.302,1910.933,1910.933,1931.254,SESSION_END,0.001,1.2684,0.253,12.684,-0.7636,-0.602,0.975,0.632,387,0.214,1.236,0.05,0.05,0.0,clear,sweep + rejection + CHoCH + displacement,500.5444
2023-01-26 13:36:00+00:00,2023-01-26 16:24:00+00:00,XAUUSD,SHORT,LIQUIDITY_REVERSAL,LIQUIDITY_REVERSAL,1.0,85.0,A,OVERLAP,1933.686,1947.418,1919.954,1919.954,1920.157,TP2,0.001,1.3732,0.2743,13.732,1.3528,0.9852,1.097,0.628,168,0.238,1.649,0.05,0.0,0.0,clear,sweep + rejection + CHoCH + displacement,501.8972
2023-01-27 14:01:00+00:00,2023-01-27 18:00:00+00:00,XAUUSD,SHORT,LIQUIDITY_REVERSAL,LIQUIDITY_REVERSAL,1.0,90.0,A+,OVERLAP,1929.709,1946.322,1913.097,1913.097,1929.345,SESSION_END,0.001,1.6612,0.331,16.612,0.0364,0.0219,0.794,0.144,239,0.271,1.757,0.05,0.05,0.0,clear,sweep + rejection + CHoCH + displacement,501.9337
2023-02-02 07:06:00+00:00,2023-02-02 13:56:00+00:00,XAUUSD,LONG,LIQUIDITY_REVERSAL,LIQUIDITY_REVERSAL,1.0,100.0,A+,LONDON,1954.858,1944.021,1965.695,1965.695,1943.766,STOP,0.002,2.1674,0.4318,10.837,-2.2184,-1.0235,0.44,1.072,410,0.22,1.063,0.05,0.12,0.0,clear,sweep + rejection + CHoCH + displacement,499.7153
2023-02-03 11:27:00+00:00,2023-02-03 13:30:00+00:00,XAUUSD,LONG,LIQUIDITY_REVERSAL,LIQUIDITY_REVERSAL,0.7,85.0,A,LONDON,1912.707,1901.589,1923.824,1923.824,1901.364,STOP,0.002,2.2235,0.445,11.118,-2.2685,-1.0202,0.385,1.392,123,0.223,1.288,0.05,0.12,0.0,clear,sweep + rejection + CHoCH + displacement,497.4468
2023-02-06 08:07:00+00:00,2023-02-06 15:47:00+00:00,XAUUSD,LONG,LIQUIDITY_REVERSAL,LIQUIDITY_REVERSAL,1.0,80.0,B,LONDON,1878.292,1865.271,1891.313,1891.313,1865.02,STOP,0.001,1.3021,0.2618,13.021,-1.3272,-1.0192,0.223,1.021,460,0.234,1.391,0.05,0.12,0.0,clear,sweep + rejection + CHoCH + displacement,496.1197
2023-02-07 12:11:00+00:00,2023-02-07 20:11:00+00:00,XAUUSD,LONG,LIQUIDITY_REVERSAL,LIQUIDITY_REVERSAL,1.0,85.0,A,OVERLAP,1870.676,1855.444,1885.908,1885.908,1868.758,TIME,0.001,1.5232,0.307,15.232,-0.1918,-0.1259,0.898,0.379,480,0.241,1.694,0.05,0.05,0.0,clear,sweep + rejection + CHoCH + displacement,495.9279
2023-02-08 08:10:00+00:00,2023-02-08 16:10:00+00:00,XAUUSD,SHORT,LIQUIDITY_REVERSAL,LIQUIDITY_REVERSAL,0.7,90.0,A+,LONDON,1880.29,1899.318,1861.262,1861.262,1875.414,TIME,0.001,1.9028,0.3837,19.028,0.4876,0.2563,0.599,0.3,480,0.29,1.771,0.05,0.05,0.0,clear,sweep + rejection + CHoCH + displacement,496.4155
2023-02-09 14:36:00+00:00,2023-02-09 20:31:00+00:00,XAUUSD,SHORT,LIQUIDITY_REVERSAL,LIQUIDITY_REVERSAL,1.0,85.0,A,OVERLAP,1881.457,1903.568,1859.346,1859.346,1859.498,TP2,0.001,2.2111,0.4454,22.111,2.1959,0.9931,1.002,0.089,355,0.256,1.857,0.05,0.0,0.0,clear,sweep + rejection + CHoCH + displacement,498.6114
2023-02-13 14:43:00+00:00,2023-02-13 21:00:00+00:00,XAUUSD,LONG,LIQUIDITY_REVERSAL,LIQUIDITY_REVERSAL,0.7,85.0,A,OVERLAP,1858.754,1840.683,1876.824,1876.824,1853.645,SESSION_END,0.001,1.807,0.3624,18.07,-0.5108,-0.2827,0.021,0.466,377,0.257,1.814,0.05,0.05,0.0,clear,sweep + rejection + CHoCH + displacement,498.1005
2023-02-24 07:27:00+00:00,2023-02-24 14:13:00+00:00,XAUUSD,SHORT,LIQUIDITY_REVERSAL,LIQUIDITY_REVERSAL,0.7,95.0,A+,LONDON,1822.684,1833.792,1811.576,1811.576,1811.706,TP2,0.002,2.2216,0.446,11.108,2.1955,0.9882,1.004,0.253,286,0.223,1.089,0.05,0.0,0.0,clear,sweep + rejection + CHoCH + displacement,500.296
2023-02-27 09:01:00+00:00,2023-02-27 23:00:00+00:00,XAUUSD,SHORT,LIQUIDITY_REVERSAL,LIQUIDITY_REVERSAL,0.8,100.0,A+,LONDON,1809.417,1822.614,1796.221,1796.221,1816.929,SESSION_END,0.001,1.3197,0.2638,13.197,-0.7511,-0.5692,0.091,0.806,419,0.235,1.172,0.05,0.05,0.0,clear,sweep + rejection + CHoCH + displacement,499.5449
2023-02-28 13:51:00+00:00,2023-02-28 17:01:00+00:00,XAUUSD,LONG,LIQUIDITY_REVERSAL,LIQUIDITY_REVERSAL,1.0,85.0,A,OVERLAP,1811.852,1796.917,1826.788,1826.788,1826.579,TP2,0.001,1.4935,0.299,14.935,1.4727,0.986,1.062,0.003,70,0.234,1.303,0.05,0.0,0.0,clear,sweep + rejection + CHoCH + displacement,501.0176
2023-03-13 07:36:00+00:00,2023-03-13 09:43:00+00:00,XAUUSD,LONG,LIQUIDITY_REVERSAL,LIQUIDITY_REVERSAL,1.0,100.0,A+,LONDON,1876.77,1860.261,1893.279,1893.279,1893.139,TP2,0.001,1.6509,0.3295,16.509,1.6369,0.9915,1.025,0.157,127,0.25,1.686,0.05,0.0,0.0,clear,sweep + rejection + CHoCH + displacement,502.6545
2023-03-17 11:26:00+00:00,2023-03-17 13:18:00+00:00,XAUUSD,LONG,BREAKOUT,STRONG_BULL,0.912,85.0,A,LONDON,1936.446,1921.715,1951.176,1951.176,1951.048,TP2,0.001,1.4731,0.2931,14.731,1.4603,0.9913,1.013,0.181,52,0.215,1.459,0.05,0.0,0.0,clear,compression -> confirmed range break + momentum,504.1148
2023-04-04 07:39:00+00:00,2023-04-04 14:42:00+00:00,XAUUSD,LONG,LIQUIDITY_REVERSAL,LIQUIDITY_REVERSAL,0.7,85.0,A,LONDON,1980.466,1969.123,1991.809,1991.809,1991.698,TP2,0.002,2.2686,0.45,11.343,2.2465,0.9903,1.014,0.181,303,0.196,1.141,0.05,0.0,0.0,clear,sweep + rejection + CHoCH + displacement,506.3613
2023-04-05 08:33:00+00:00,2023-04-05 15:32:00+00:00,XAUUSD,LONG,BREAKOUT,STRONG_BULL,1.0,85.0,A,LONDON,2027.992,2015.782,2040.202,2040.202,2015.466,STOP,0.002,2.4421,0.4823,12.21,-2.5053,-1.0259,0.321,1.027,299,0.228,1.247,0.05,0.12,0.0,clear,compression -> confirmed range break + momentum,503.856
2023-04-14 13:36:00+00:00,2023-04-14 15:05:00+00:00,XAUUSD,LONG,LIQUIDITY_REVERSAL,LIQUIDITY_REVERSAL,0.7,80.0,B,OVERLAP,2032.843,2016.871,2048.814,2048.814,2016.508,STOP,0.001,1.5971,0.317,15.971,-1.6335,-1.0228,0.145,1.057,29,0.335,2.508,0.05,0.12,0.0,clear,sweep + rejection + CHoCH + displacement,502.2225
2023-04-19 09:11:00+00:00,2023-04-19 21:00:00+00:00,XAUUSD,SHORT,BREAKOUT,BEAR,0.968,85.0,A,LONDON,1986.213,2002.2,1970.225,1970.225,1995.176,SESSION_END,0.001,1.5987,0.3183,15.987,-0.8963,-0.5606,0.939,0.653,409,0.345,2.206,0.05,0.05,0.0,clear,compression -> confirmed range break + momentum,501.3263
2023-04-27 07:26:00+00:00,2023-04-27 14:00:00+00:00,XAUUSD,LONG,LIQUIDITY_REVERSAL,BULL,0.856,100.0,A+,LONDON,2000.644,1989.557,2011.731,2011.731,1985.527,STOP,0.002,2.2175,0.4423,11.087,-3.0233,-1.3634,0.22,1.368,274,0.218,1.318,0.05,3.932499885559082,0.0,clear,sweep + rejection + CHoCH + displacement,498.3029
2023-05-11 13:20:00+00:00,2023-05-11 16:43:00+00:00,XAUUSD,SHORT,LIQUIDITY_REVERSAL,LIQUIDITY_REVERSAL,0.8,75.0,B,OVERLAP,2032.733,2049.311,2016.155,2016.155,2016.413,TP2,0.001,1.6578,0.3327,16.578,1.6321,0.9845,1.006,0.512,83,0.321,2.126,0.05,0.0,0.0,clear,sweep + rejection + CHoCH + displacement,499.935
2023-05-18 09:01:00+00:00,2023-05-18 15:00:00+00:00,XAUUSD,SHORT,BREAKOUT,BEAR,1.0,85.0,A,LONDON,1973.785,1986.572,1960.998,1960.998,1961.167,TP2,0.001,1.2787,0.2558,12.787,1.2618,0.9867,1.161,0.394,179,0.28,1.371,0.05,0.0,0.0,clear,compression -> confirmed range break + momentum,501.1968
2023-05-23 07:13:00+00:00,2023-05-23 15:16:00+00:00,XAUUSD,LONG,LIQUIDITY_REVERSAL,LIQUIDITY_REVERSAL,1.0,80.0,B,LONDON,1962.76,1952.222,1973.298,1973.298,1973.149,TP2,0.002,2.1076,0.4205,10.538,2.0779,0.9859,1.008,0.823,363,0.21,1.123,0.05,0.0,0.0,clear,sweep + rejection + CHoCH + displacement,503.2747
2023-05-25 13:22:00+00:00,2023-05-25 13:35:00+00:00,XAUUSD,SHORT,LIQUIDITY_REVERSAL,LIQUIDITY_REVERSAL,1.0,100.0,A+,OVERLAP,1959.532,1970.234,1948.831,1948.831,1948.967,TP2,0.002,2.1403,0.4253,10.701,2.1131,0.9873,1.137,0.118,13,0.205,1.213,0.05,0.0,0.0,clear,sweep + rejection + CHoCH + displacement,505.3879
2023-06-05 13:59:00+00:00,2023-06-05 15:02:00+00:00,XAUUSD,LONG,LIQUIDITY_REVERSAL,BEAR,0.967,85.0,A,OVERLAP,1942.889,1927.796,1957.981,1957.981,1957.839,TP2,0.001,1.5092,0.2986,15.092,1.495,0.9906,1.04,0.022,63,0.228,1.265,0.05,0.0,0.0,clear,sweep + rejection + CHoCH + displacement,506.8829
2023-06-06 14:01:00+00:00,2023-06-07 04:01:00+00:00,XAUUSD,SHORT,LIQUIDITY_REVERSAL,LIQUIDITY_REVERSAL,0.8,90.0,A+,OVERLAP,1961.298,1972.111,1950.485,1950.485,1963.728,TIME,0.002,2.1625,0.4266,10.813,-0.486,-0.2248,0.651,0.498,480,0.194,1.022,0.05,0.05,0.0,clear,sweep + rejection + CHoCH + displacement,506.3969
2023-07-14 13:39:00+00:00,2023-07-14 20:00:00+00:00,XAUUSD,SHORT,LIQUIDITY_REVERSAL,LIQUIDITY_REVERSAL,0.7,85.0,A,OVERLAP,1957.409,1973.544,1941.273,1941.273,1959.234,SESSION_END,0.001,1.6135,0.3186,16.135,-0.1825,-0.1131,0.405,0.195,141,0.253,1.336,0.05,0.05,0.0,clear,sweep + rejection + CHoCH + displacement,506.2144
2023-07-20 13:23:00+00:00,2023-07-20 15:42:00+00:00,XAUUSD,SHORT,LIQUIDITY_REVERSAL,CHOPPY,0.559,85.0,A,OVERLAP,1978.238,1988.281,1968.195,1968.195,1968.361,TP2,0.002,2.0086,0.3968,10.043,1.9755,0.9835,1.077,0.049,79,0.194,0.875,0.05,0.0,0.0,clear,sweep + rejection + CHoCH + displacement,508.1899
2023-07-21 15:35:00+00:00,2023-07-21 19:00:00+00:00,XAUUSD,LONG,LIQUIDITY_REVERSAL,BEAR,0.872,75.0,B,OVERLAP,1962.556,1948.026,1977.086,1977.086,1962.661,SESSION_END,0.001,1.453,0.2859,14.53,0.0105,0.0072,0.186,0.208,85,0.282,1.548,0.05,0.05,0.0,clear,sweep + rejection + CHoCH + displacement,508.2004
2023-08-02 12:11:00+00:00,2023-08-02 15:18:00+00:00,XAUUSD,SHORT,LIQUIDITY_REVERSAL,LIQUIDITY_REVERSAL,0.7,90.0,A+,OVERLAP,1950.637,1963.271,1938.003,1938.003,1938.155,TP2,0.002,2.5268,0.4972,12.634,2.4965,0.988,1.119,0.2,187,0.216,1.062,0.05,0.0,0.0,clear,sweep + rejection + CHoCH + displacement,510.6969
2023-08-15 13:38:00+00:00,2023-08-15 21:00:00+00:00,XAUUSD,SHORT,BREAKOUT,BEAR,0.939,70.0,NO_TRADE,OVERLAP,1899.991,1914.642,1885.339,1885.339,1903.397,SESSION_END,0.001,1.4652,0.2869,14.652,-0.3407,-0.2325,0.0,0.787,442,0.329,1.596,0.05,0.05,0.0,clear,compression -> confirmed range break + momentum,510.3562
2023-09-06 15:06:00+00:00,2023-09-06 21:00:00+00:00,XAUUSD,SHORT,LIQUIDITY_REVERSAL,LIQUIDITY_REVERSAL,1.0,95.0,A+,OVERLAP,1921.5,1945.024,1897.977,1897.977,1917.285,SESSION_END,0.001,2.3524,0.4609,23.524,0.4215,0.1792,0.269,0.083,354,0.435,1.958,0.05,0.05,0.0,clear,sweep + rejection + CHoCH + displacement,510.7778
2023-09-13 13:41:00+00:00,2023-09-13 21:00:00+00:00,XAUUSD,SHORT,LIQUIDITY_REVERSAL,CHOPPY,0.569,100.0,A+,OVERLAP,1908.054,1926.029,1890.078,1890.078,1908.977,SESSION_END,0.001,1.7975,0.3519,17.975,-0.0923,-0.0513,0.0,0.423,436,0.409,1.58,0.05,0.05,0.0,clear,sweep + rejection + CHoCH + displacement,510.6855
2023-09-15 15:07:00+00:00,2023-09-15 18:00:00+00:00,XAUUSD,LONG,BREAKOUT,BULL,0.903,70.0,NO_TRADE,OVERLAP,1928.654,1911.93,1945.378,1945.378,1925.01,SESSION_END,0.001,1.6724,0.3275,16.724,-0.3644,-0.2179,0.099,0.241,169,0.398,1.727,0.05,0.05,0.0,clear,compression -> confirmed range break + momentum,510.321
2023-10-03 13:36:00+00:00,2023-10-03 21:00:00+00:00,XAUUSD,SHORT,LIQUIDITY_REVERSAL,LIQUIDITY_REVERSAL,1.0,100.0,A+,OVERLAP,1824.676,1840.341,1809.011,1809.011,1824.388,SESSION_END,0.001,1.5665,0.307,15.665,0.0288,0.0184,0.353,0.544,444,0.237,1.421,0.05,0.05,0.0,clear,sweep + rejection + CHoCH + displacement,510.3498
2023-10-04 13:25:00+00:00,2023-10-04 21:00:00+00:00,XAUUSD,SHORT,LIQUIDITY_REVERSAL,LIQUIDITY_REVERSAL,1.0,90.0,A+,OVERLAP,1826.461,1839.161,1813.76,1813.76,1823.491,SESSION_END,0.002,2.5401,0.4977,12.7,0.5939,0.2338,0.786,0.212,455,0.269,1.558,0.05,0.05,0.0,clear,sweep + rejection + CHoCH + displacement,510.9437
2023-10-16 13:36:00+00:00,2023-10-16 21:00:00+00:00,XAUUSD,LONG,LIQUIDITY_REVERSAL,LIQUIDITY_REVERSAL,0.7,90.0,A+,OVERLAP,1919.02,1905.947,1932.093,1932.093,1918.527,SESSION_END,0.001,1.3073,0.2559,13.073,-0.0493,-0.0377,0.282,0.356,444,0.264,1.816,0.05,0.05,0.0,clear,sweep + rejection + CHoCH + displacement,510.8944
2023-11-09 08:41:00+00:00,2023-11-09 15:12:00+00:00,XAUUSD,LONG,LIQUIDITY_REVERSAL,LIQUIDITY_REVERSAL,0.7,85.0,A,LONDON,1948.433,1936.527,1960.339,1960.339,1960.172,TP2,0.002,2.3812,0.4661,11.906,2.3478,0.986,1.046,0.311,391,0.257,1.05,0.05,0.0,0.0,clear,sweep + rejection + CHoCH + displacement,513.2423
2023-11-20 18:06:00+00:00,2023-11-20 21:00:00+00:00,XAUUSD,LONG,LIQUIDITY_REVERSAL,LIQUIDITY_REVERSAL,1.0,85.0,A,NEWYORK,1977.907,1960.877,1994.936,1994.936,1977.105,SESSION_END,0.001,1.703,0.3318,17.03,-0.0802,-0.0471,0.055,0.137,174,0.303,1.504,0.05,0.05,0.0,clear,sweep + rejection + CHoCH + displacement,513.1621
2023-11-22 15:06:00+00:00,2023-11-22 21:00:00+00:00,XAUUSD,SHORT,LIQUIDITY_REVERSAL,LIQUIDITY_REVERSAL,1.0,85.0,A,OVERLAP,1997.215,2013.467,1980.964,1980.964,1990.187,SESSION_END,0.001,1.6251,0.3167,16.251,0.7028,0.4325,0.641,0.0,354,0.279,1.709,0.05,0.05,0.0,clear,sweep + rejection + CHoCH + displacement,513.8649
2023-11-29 13:37:00+00:00,2023-11-29 21:00:00+00:00,XAUUSD,SHORT,LIQUIDITY_REVERSAL,LIQUIDITY_REVERSAL,1.0,85.0,A,OVERLAP,2038.737,2051.787,2025.687,2025.687,2045.268,SESSION_END,0.001,1.305,0.254,13.05,-0.6531,-0.5005,0.133,0.82,441,0.236,1.322,0.05,0.05,0.0,clear,sweep + rejection + CHoCH + displacement,513.2118
2023-12-04 11:32:00+00:00,2023-12-04 14:01:00+00:00,XAUUSD,LONG,LIQUIDITY_REVERSAL,LIQUIDITY_REVERSAL,0.8,100.0,A+,LONDON,2070.533,2055.54,2085.527,2085.527,2055.298,STOP,0.001,1.4994,0.2922,14.994,-1.5235,-1.0161,0.081,1.045,149,0.257,1.954,0.05,0.12,0.0,clear,sweep + rejection + CHoCH + displacement,511.6883
2023-12-05 15:06:00+00:00,2023-12-05 21:00:00+00:00,XAUUSD,LONG,LIQUIDITY_REVERSAL,LIQUIDITY_REVERSAL,1.0,85.0,A,OVERLAP,2023.229,1997.961,2048.498,2048.498,2018.967,SESSION_END,0.001,2.5269,0.4938,25.269,-0.4262,-0.1687,0.0,0.529,354,0.288,2.899,0.05,0.05,0.0,clear,sweep + rejection + CHoCH + displacement,511.2621
2023-12-08 14:11:00+00:00,2023-12-08 18:00:00+00:00,XAUUSD,SHORT,BREAKOUT,BEAR,0.833,80.0,B,OVERLAP,2011.763,2034.303,1989.224,1989.224,1997.162,SESSION_END,0.001,2.254,0.4409,22.54,1.4601,0.6478,0.763,0.133,229,0.423,3.131,0.05,0.05,0.0,clear,compression -> confirmed range break + momentum,512.7222
2023-12-11 08:26:00+00:00,2023-12-11 16:26:00+00:00,XAUUSD,LONG,LIQUIDITY_REVERSAL,LIQUIDITY_REVERSAL,0.7,85.0,A,LONDON,1996.922,1979.137,2014.706,2014.706,1980.718,TIME,0.001,1.7785,0.3469,17.785,-1.6204,-0.9111,0.043,0.951,480,0.273,1.464,0.05,0.05,0.0,clear,sweep + rejection + CHoCH + displacement,511.1018
2023-12-14 08:06:00+00:00,2023-12-14 16:06:00+00:00,XAUUSD,LONG,LIQUIDITY_REVERSAL,LIQUIDITY_REVERSAL,1.0,100.0,A+,LONDON,2035.255,2016.054,2054.457,2054.457,2038.799,TIME,0.001,1.9201,0.3757,19.201,0.3544,0.1846,0.652,0.407,480,0.281,1.695,0.05,0.05,0.0,clear,sweep + rejection + CHoCH + displacement,511.4562
2024-01-22 14:56:00+00:00,2024-01-22 21:00:00+00:00,XAUUSD,LONG,LIQUIDITY_REVERSAL,LIQUIDITY_REVERSAL,0.8,100.0,A+,OVERLAP,2023.753,2000.61,2046.895,2046.895,2020.204,SESSION_END,0.001,2.3142,0.4628,23.142,-0.3549,-0.1534,0.116,0.203,364,0.335,2.184,0.05,0.05,0.0,clear,sweep + rejection + CHoCH + displacement,499.6451
2024-02-01 13:31:00+00:00,2024-02-01 14:14:00+00:00,XAUUSD,LONG,LIQUIDITY_REVERSAL,LIQUIDITY_REVERSAL,0.8,90.0,A+,OVERLAP,2034.379,2022.636,2046.121,2046.121,2045.975,TP2,0.002,2.3484,0.47,11.742,2.3192,0.9876,1.04,0.033,43,0.247,1.478,0.05,0.0,0.0,clear,sweep + rejection + CHoCH + displacement,501.9643
2024-02-01 15:01:00+00:00,2024-02-01 16:45:00+00:00,XAUUSD,SHORT,LIQUIDITY_REVERSAL,LIQUIDITY_REVERSAL,0.7,75.0,B,OVERLAP,2044.361,2064.721,2024.001,2024.001,2065.061,STOP,0.001,2.036,0.4056,20.36,-2.07,-1.0167,0.029,1.022,104,0.328,2.327,0.05,0.12,0.0,clear,sweep + rejection + CHoCH + displacement,499.8943
2024-02-02 13:26:00+00:00,2024-02-02 13:31:00+00:00,XAUUSD,SHORT,LIQUIDITY_REVERSAL,LIQUIDITY_REVERSAL,1.0,85.0,A,OVERLAP,2053.542,2066.127,2040.957,2040.957,2041.076,TP2,0.001,1.2585,0.2517,12.585,1.2466,0.9906,1.049,0.015,5,0.226,1.07,0.05,0.0,0.0,clear,sweep + rejection + CHoCH + displacement,501.1409
2024-02-02 14:52:00+00:00,2024-02-02 18:00:00+00:00,XAUUSD,LONG,LIQUIDITY_REVERSAL,LIQUIDITY_REVERSAL,0.8,85.0,A,OVERLAP,2033.632,2014.34,2052.923,2052.923,2034.745,SESSION_END,0.001,1.9292,0.385,19.292,0.1113,0.0577,0.196,0.271,188,0.473,2.913,0.05,0.05,0.0,clear,sweep + rejection + CHoCH + displacement,501.2522
2024-02-09 13:36:00+00:00,2024-02-09 18:00:00+00:00,XAUUSD,LONG,LIQUIDITY_REVERSAL,LIQUIDITY_REVERSAL,1.0,85.0,A,OVERLAP,2030.917,2013.779,2048.056,2048.056,2024.543,SESSION_END,0.001,1.7139,0.3419,17.139,-0.6375,-0.3719,0.05,0.626,264,0.345,1.649,0.05,0.05,0.0,clear,sweep + rejection + CHoCH + displacement,500.6148
2024-02-16 15:11:00+00:00,2024-02-16 18:00:00+00:00,XAUUSD,LONG,LIQUIDITY_REVERSAL,LIQUIDITY_REVERSAL,1.0,95.0,A+,OVERLAP,2002.325,1979.781,2024.868,2024.868,2012.738,SESSION_END,0.001,2.2544,0.4503,22.544,1.0414,0.4619,0.531,0.0,169,0.499,2.259,0.05,0.05,0.0,clear,sweep + rejection + CHoCH + displacement,501.6561
2024-03-06 13:31:00+00:00,2024-03-06 17:03:00+00:00,XAUUSD,SHORT,LIQUIDITY_REVERSAL,LIQUIDITY_REVERSAL,0.7,75.0,B,OVERLAP,2132.28,2149.866,2114.694,2114.694,2150.216,STOP,0.001,1.7586,0.3506,17.586,-1.7936,-1.0199,0.026,1.002,212,0.256,1.535,0.05,0.12,0.0,clear,sweep + rejection + CHoCH + displacement,499.8625
2024-03-07 11:06:00+00:00,2024-03-07 19:06:00+00:00,XAUUSD,SHORT,LIQUIDITY_REVERSAL,LIQUIDITY_REVERSAL,0.7,80.0,B,LONDON,2154.768,2165.294,2144.242,2144.242,2157.313,TIME,0.002,2.1051,0.4211,10.526,-0.509,-0.2418,0.66,0.937,480,0.214,1.158,0.05,0.05,0.0,clear,sweep + rejection + CHoCH + displacement,499.3535
2024-03-11 18:58:00+00:00,2024-03-11 22:00:00+00:00,XAUUSD,LONG,LIQUIDITY_REVERSAL,LIQUIDITY_REVERSAL,0.8,90.0,A+,NEWYORK,2180.55,2169.527,2191.573,2191.573,2181.521,SESSION_END,0.002,2.2046,0.4415,11.023,0.1942,0.0881,0.317,0.002,121,0.229,1.144,0.05,0.05,0.0,clear,sweep + rejection + CHoCH + displacement,499.5476
2024-03-12 12:22:00+00:00,2024-03-12 14:09:00+00:00,XAUUSD,SHORT,BREAKOUT,EXPANSION,0.876,55.0,NO_TRADE,OVERLAP,2168.642,2183.647,2153.637,2153.637,2153.91,TP2,0.001,1.5005,0.3004,15.005,1.4732,0.9818,1.031,0.881,107,0.246,1.443,0.05,0.0,0.0,clear,compression -> confirmed range break + momentum,501.0209
2024-03-19 12:26:00+00:00,2024-03-19 20:26:00+00:00,XAUUSD,SHORT,LIQUIDITY_REVERSAL,LIQUIDITY_REVERSAL,1.0,100.0,A+,OVERLAP,2152.819,2165.666,2139.973,2139.973,2158.326,TIME,0.001,1.2847,0.2564,12.847,-0.5507,-0.4287,0.353,0.451,480,0.231,1.308,0.05,0.05,0.0,clear,sweep + rejection + CHoCH + displacement,500.4702
2024-03-27 11:46:00+00:00,2024-03-27 19:46:00+00:00,XAUUSD,SHORT,LIQUIDITY_REVERSAL,LIQUIDITY_REVERSAL,1.0,85.0,A,LONDON,2190.953,2210.746,2171.16,2171.16,2191.709,TIME,0.001,1.9793,0.3955,19.793,-0.0756,-0.0382,0.38,0.211,480,0.324,1.975,0.05,0.05,0.0,clear,sweep + rejection + CHoCH + displacement,500.3946
2024-04-01 10:28:00+00:00,2024-04-01 15:02:00+00:00,XAUUSD,SHORT,LIQUIDITY_REVERSAL,LIQUIDITY_REVERSAL,0.7,70.0,NO_TRADE,LONDON,2253.483,2268.591,2238.375,2238.375,2238.527,TP2,0.001,1.5108,0.3019,15.108,1.4957,0.99,1.073,0.283,274,0.203,1.302,0.05,0.0,0.0,clear,sweep + rejection + CHoCH + displacement,501.8903
2024-04-04 13:51:00+00:00,2024-04-04 19:54:00+00:00,XAUUSD,LONG,LIQUIDITY_REVERSAL,LIQUIDITY_REVERSAL,0.7,90.0,A+,OVERLAP,2287.443,2271.583,2303.302,2303.302,2303.138,TP2,0.001,1.586,0.316,15.86,1.5695,0.9896,1.004,0.176,363,0.256,2.265,0.05,0.0,0.0,clear,sweep + rejection + CHoCH + displacement,503.4598
2024-04-05 13:39:00+00:00,2024-04-05 15:26:00+00:00,XAUUSD,SHORT,LIQUIDITY_REVERSAL,LIQUIDITY_REVERSAL,1.0,85.0,A,OVERLAP,2290.244,2308.888,2271.6,2271.6,2309.2,STOP,0.001,1.8644,0.3703,18.644,-1.8956,-1.0167,0.328,1.069,107,0.283,2.87,0.05,0.12,0.0,clear,sweep + rejection + CHoCH + displacement,501.5641
2024-04-08 14:36:00+00:00,2024-04-08 21:00:00+00:00,XAUUSD,SHORT,LIQUIDITY_REVERSAL,LIQUIDITY_REVERSAL,0.8,75.0,B,OVERLAP,2330.63,2347.83,2313.429,2313.429,2338.961,SESSION_END,0.001,1.7201,0.3429,17.201,-0.8331,-0.4843,0.701,0.656,384,0.27,3.821,0.05,0.05,0.0,clear,sweep + rejection + CHoCH + displacement,500.731
2024-04-09 02:16:00+00:00,2024-04-09 10:16:00+00:00,XAUUSD,LONG,BREAKOUT,COMPRESSION,0.963,80.0,B,ASIA,2343.893,2324.58,2363.205,2363.205,2360.015,TIME,0.001,1.9313,0.3857,19.313,1.6122,0.8348,0.9,0.289,480,0.315,1.633,0.05,0.05,0.0,clear,compression -> confirmed range break + momentum,502.3432
2024-04-09 10:21:00+00:00,2024-04-09 13:24:00+00:00,XAUUSD,LONG,BREAKOUT,STRONG_BULL,1.0,85.0,A,LONDON,2362.325,2349.364,2375.287,2375.287,2349.141,STOP,0.001,1.2961,0.258,12.961,-1.3185,-1.0173,0.221,1.005,183,0.201,1.934,0.05,0.12,0.0,clear,compression -> confirmed range break + momentum,501.0248
2024-04-09 20:11:00+00:00,2024-04-09 21:00:00+00:00,XAUUSD,SHORT,LIQUIDITY_REVERSAL,LIQUIDITY_REVERSAL,0.8,85.0,A,NEWYORK,2345.978,2358.372,2333.583,2333.583,2351.359,SESSION_END,0.002,2.4789,0.4948,12.394,-1.0763,-0.4342,0.068,0.44,49,0.22,1.664,0.05,0.05,0.0,clear,sweep + rejection + CHoCH + displacement,499.9485
2024-04-10 14:22:00+00:00,2024-04-10 15:20:00+00:00,XAUUSD,SHORT,BREAKOUT,EXPANSION,0.95,65.0,NO_TRADE,OVERLAP,2326.293,2348.54,2304.046,2304.046,2348.916,STOP,0.001,2.2247,0.445,22.247,-2.2623,-1.0169,0.316,1.071,58,0.471,5.416,0.05,0.12,0.0,clear,compression -> confirmed range break + momentum,497.6861
2024-04-12 00:52:00+00:00,2024-04-12 03:03:00+00:00,XAUUSD,LONG,TREND_CONTINUATION,STRONG_BULL,0.933,85.0,A,ASIA,2376.719,2361.367,2392.07,2392.07,2391.814,TP2,0.001,1.5351,0.3085,15.351,1.5096,0.9834,1.089,0.145,131,0.347,1.647,0.05,0.0,0.0,clear,trend pullback + LTF BOS,499.1957
2024-04-12 08:13:00+00:00,2024-04-12 15:03:00+00:00,XAUUSD,LONG,BREAKOUT,STRONG_BULL,1.0,70.0,NO_TRADE,LONDON,2396.673,2385.399,2407.946,2407.946,2407.804,TP2,0.002,2.2547,0.4517,11.273,2.2263,0.9874,1.043,0.564,410,0.236,2.208,0.05,0.0,0.0,clear,compression -> confirmed range break + momentum,501.422
2024-04-12 15:11:00+00:00,2024-04-12 15:56:00+00:00,XAUUSD,LONG,BREAKOUT,BULL,1.0,95.0,A+,OVERLAP,2405.98,2387.158,2424.802,2424.802,2424.634,TP2,0.001,1.8822,0.3754,18.822,1.8654,0.9911,1.095,0.0,45,0.304,3.999,0.05,0.0,0.0,clear,compression -> confirmed range break + momentum,503.2874
2024-04-16 13:26:00+00:00,2024-04-16 16:03:00+00:00,XAUUSD,SHORT,LIQUIDITY_REVERSAL,LIQUIDITY_REVERSAL,1.0,80.0,B,OVERLAP,2369.619,2387.712,2351.527,2351.527,2388.025,STOP,0.001,1.8093,0.3595,18.093,-1.8406,-1.0173,0.342,1.028,157,0.191,2.13,0.05,0.12,0.0,clear,sweep + rejection + CHoCH + displacement,501.4468
2024-04-16 18:02:00+00:00,2024-04-16 18:52:00+00:00,XAUUSD,LONG,BREAKOUT,BULL,0.765,70.0,NO_TRADE,NEWYORK,2394.99,2380.101,2409.878,2409.878,2379.812,STOP,0.001,1.4889,0.2969,14.889,-1.5177,-1.0194,0.028,1.033,50,0.323,3.613,0.05,0.12,0.0,clear,compression -> confirmed range break + momentum,499.9291
2024-04-16 20:36:00+00:00,2024-04-16 21:00:00+00:00,XAUUSD,SHORT,LIQUIDITY_REVERSAL,LIQUIDITY_REVERSAL,1.0,85.0,A,NEWYORK,2389.329,2408.364,2370.293,2370.293,2390.33,SESSION_END,0.001,1.9036,0.3808,19.036,-0.1002,-0.0526,0.021,0.122,24,0.273,2.928,0.05,0.05,0.0,clear,sweep + rejection + CHoCH + displacement,499.8289
2024-04-18 11:26:00+00:00,2024-04-18 19:26:00+00:00,XAUUSD,LONG,LIQUIDITY_REVERSAL,LIQUIDITY_REVERSAL,1.0,80.0,B,LONDON,2381.86,2367.037,2396.684,2396.684,2380.8,TIME,0.001,1.4823,0.2966,14.823,-0.106,-0.0715,0.726,0.836,480,0.19,1.331,0.05,0.05,0.0,clear,sweep + rejection + CHoCH + displacement,499.7229
2024-04-22 13:56:00+00:00,2024-04-22 21:00:00+00:00,XAUUSD,SHORT,BREAKOUT,STRONG_BEAR,0.975,85.0,A,OVERLAP,2336.179,2354.596,2317.761,2317.761,2329.944,SESSION_END,0.001,1.8418,0.3686,18.418,0.6234,0.3385,0.631,0.408,424,0.252,3.469,0.05,0.05,0.0,clear,compression -> confirmed range break + momentum,500.3463
2024-04-30 07:06:00+00:00,2024-04-30 13:24:00+00:00,XAUUSD,SHORT,BREAKOUT,STRONG_BEAR,0.935,80.0,B,LONDON,2320.339,2331.949,2308.729,2308.729,2308.832,TP2,0.002,2.322,0.4641,11.61,2.3014,0.9911,1.059,0.235,378,0.212,1.485,0.05,0.0,0.0,clear,compression -> confirmed range break + momentum,502.6477
2024-05-01 19:10:00+00:00,2024-05-01 19:42:00+00:00,XAUUSD,LONG,LIQUIDITY_REVERSAL,LIQUIDITY_REVERSAL,0.7,85.0,A,NEWYORK,2301.881,2280.846,2322.916,2322.916,2322.675,TP2,0.001,2.1035,0.4185,21.035,2.0794,0.9886,1.002,0.006,32,0.372,3.076,0.05,0.0,0.0,clear,sweep + rejection + CHoCH + displacement,504.7272
2024-05-06 08:31:00+00:00,2024-05-06 16:31:00+00:00,XAUUSD,LONG,TREND_CONTINUATION,STRONG_BULL,0.883,85.0,A,LONDON,2317.033,2301.744,2332.321,2332.321,2322.094,TIME,0.001,1.5289,0.3029,15.289,0.5062,0.3311,0.978,0.167,480,0.235,1.646,0.05,0.05,0.0,clear,trend pullback + LTF BOS,505.2333
2024-05-08 09:46:00+00:00,2024-05-08 17:46:00+00:00,XAUUSD,LONG,LIQUIDITY_REVERSAL,LIQUIDITY_REVERSAL,0.8,75.0,B,LONDON,2309.089,2293.235,2324.944,2324.944,2316.528,TIME,0.001,1.5854,0.3138,15.854,0.7439,0.4692,0.748,0.153,480,0.268,1.785,0.05,0.05,0.0,clear,sweep + rejection + CHoCH + displacement,505.9772
2024-05-10 07:16:00+00:00,2024-05-10 10:09:00+00:00,XAUUSD,LONG,BREAKOUT,STRONG_BULL,0.967,85.0,A,LONDON,2360.539,2347.808,2373.27,2373.27,2373.138,TP2,0.001,1.2731,0.2516,12.731,1.2599,0.9897,1.005,0.029,173,0.268,1.781,0.05,0.0,0.0,clear,compression -> confirmed range break + momentum,507.2371
2024-05-21 03:01:00+00:00,2024-05-21 11:01:00+00:00,XAUUSD,SHORT,BREAKOUT,COMPRESSION,0.979,65.0,NO_TRADE,ASIA,2420.445,2442.757,2398.133,2398.133,2417.618,TIME,0.001,2.2312,0.4399,22.312,0.2828,0.1267,0.64,0.092,480,0.44,2.804,0.05,0.05,0.0,clear,compression -> confirmed range break + momentum,507.5199
2024-05-22 13:28:00+00:00,2024-05-22 15:19:00+00:00,XAUUSD,LONG,LIQUIDITY_REVERSAL,LIQUIDITY_REVERSAL,1.0,100.0,A+,OVERLAP,2414.031,2388.683,2439.379,2439.379,2388.401,STOP,0.001,2.5348,0.4994,25.348,-2.563,-1.0111,0.037,1.005,111,0.226,2.194,0.05,0.12,0.0,clear,sweep + rejection + CHoCH + displacement,504.9569
2024-05-23 08:15:00+00:00,2024-05-23 15:33:00+00:00,XAUUSD,SHORT,TREND_CONTINUATION,BEAR,0.636,85.0,A,LONDON,2361.996,2378.356,2345.637,2345.637,2345.832,TP2,0.001,1.636,0.324,16.36,1.6164,0.9881,1.166,0.471,438,0.264,2.257,0.05,0.0,0.0,clear,trend pullback + LTF BOS,506.5733
2024-05-24 02:21:00+00:00,2024-05-24 10:21:00+00:00,XAUUSD,LONG,LIQUIDITY_REVERSAL,LIQUIDITY_REVERSAL,1.0,80.0,B,ASIA,2332.549,2313.778,2351.319,2351.319,2341.321,TIME,0.001,1.8771,0.3705,18.771,0.8772,0.4673,0.563,0.388,480,0.342,1.622,0.05,0.05,0.0,clear,sweep + rejection + CHoCH + displacement,507.4505
2024-05-30 06:36:00+00:00,2024-05-30 14:36:00+00:00,XAUUSD,SHORT,BREAKOUT,BEAR,0.898,80.0,B,ASIA,2327.237,2345.924,2308.549,2308.549,2346.184,STOP,0.001,1.8687,0.3683,18.687,-1.8948,-1.0139,0.256,1.002,480,0.436,1.694,0.05,0.12,0.0,clear,compression -> confirmed range break + momentum,505.5557
2024-06-04 16:07:00+00:00,2024-06-04 21:00:00+00:00,XAUUSD,LONG,LIQUIDITY_REVERSAL,LIQUIDITY_REVERSAL,0.8,65.0,NO_TRADE,NEWYORK,2322.347,2301.868,2342.826,2342.826,2326.477,SESSION_END,0.001,2.0479,0.4051,20.479,0.4129,0.2016,0.383,0.089,293,0.425,3.635,0.05,0.05,0.0,clear,sweep + rejection + CHoCH + displacement,505.9687
2024-06-10 07:36:00+00:00,2024-06-10 12:55:00+00:00,XAUUSD,SHORT,LIQUIDITY_REVERSAL,LIQUIDITY_REVERSAL,0.7,85.0,A,LONDON,2292.946,2304.553,2281.339,2281.339,2304.761,STOP,0.002,2.3214,0.4588,11.607,-2.363,-1.0179,0.455,1.025,319,0.218,1.811,0.05,0.12,0.0,clear,sweep + rejection + CHoCH + displacement,503.6057
2024-06-12 13:19:00+00:00,2024-06-12 13:30:00+00:00,XAUUSD,LONG,LIQUIDITY_REVERSAL,CHOPPY,0.716,85.0,A,OVERLAP,2314.916,2304.083,2325.75,2325.75,2325.643,TP2,0.002,2.1667,0.4302,10.834,2.1453,0.9901,1.195,0.25,11,0.183,1.07,0.05,0.0,0.0,clear,sweep + rejection + CHoCH + displacement,505.751
2024-06-14 15:11:00+00:00,2024-06-14 18:00:00+00:00,XAUUSD,LONG,TREND_CONTINUATION,BULL,0.585,85.0,A,OVERLAP,2330.604,2309.342,2351.866,2351.866,2328.663,SESSION_END,0.001,2.1262,0.4204,21.262,-0.1941,-0.0913,0.224,0.313,169,0.317,2.789,0.05,0.05,0.0,clear,trend pullback + LTF BOS,505.557
2024-06-24 10:32:00+00:00,2024-06-24 18:32:00+00:00,XAUUSD,SHORT,LIQUIDITY_REVERSAL,LIQUIDITY_REVERSAL,0.7,100.0,A+,LONDON,2326.584,2339.349,2313.82,2313.82,2331.461,TIME,0.001,1.2765,0.2525,12.765,-0.4876,-0.382,0.467,0.563,480,0.261,1.726,0.05,0.05,0.0,clear,sweep + rejection + CHoCH + displacement,505.0693
2024-06-26 15:35:00+00:00,2024-06-26 21:00:00+00:00,XAUUSD,SHORT,TREND_CONTINUATION,BEAR,1.0,80.0,B,OVERLAP,2296.781,2311.745,2281.818,2281.818,2299.473,SESSION_END,0.001,1.4964,0.2963,14.964,-0.2691,-0.1799,0.102,0.485,325,0.313,2.925,0.05,0.05,0.0,clear,trend pullback + LTF BOS,504.8002
2024-07-03 07:47:00+00:00,2024-07-03 13:30:00+00:00,XAUUSD,LONG,BREAKOUT,BULL,0.883,85.0,A,LONDON,2337.73,2324.806,2350.655,2350.655,2350.539,TP2,0.001,1.2925,0.256,12.925,1.2809,0.991,1.015,0.141,343,0.27,1.373,0.05,0.0,0.0,clear,compression -> confirmed range break + momentum,506.0811
2024-07-12 13:36:00+00:00,2024-07-12 18:00:00+00:00,XAUUSD,SHORT,LIQUIDITY_REVERSAL,LIQUIDITY_REVERSAL,1.0,85.0,A,OVERLAP,2397.41,2419.014,2375.805,2375.805,2415.621,SESSION_END,0.001,2.1604,0.4269,21.604,-1.8211,-0.8429,0.282,0.9,264,0.27,2.118,0.05,0.05,0.0,clear,sweep + rejection + CHoCH + displacement,504.26
2024-07-18 13:46:00+00:00,2024-07-18 20:06:00+00:00,XAUUSD,SHORT,LIQUIDITY_REVERSAL,CHOPPY,0.562,85.0,A,OVERLAP,2463.646,2480.138,2447.154,2447.154,2447.274,TP2,0.001,1.6492,0.327,16.492,1.6372,0.9927,1.049,0.372,380,0.218,1.964,0.05,0.0,0.0,clear,sweep + rejection + CHoCH + displacement,505.8972
2024-07-22 07:01:00+00:00,2024-07-22 15:01:00+00:00,XAUUSD,SHORT,LIQUIDITY_REVERSAL,LIQUIDITY_REVERSAL,1.0,85.0,A,LONDON,2401.372,2418.057,2384.687,2384.687,2391.905,TIME,0.001,1.6685,0.3298,16.685,0.9467,0.5674,0.759,0.413,480,0.206,1.642,0.05,0.05,0.0,clear,sweep + rejection + CHoCH + displacement,506.8439
2024-07-22 15:31:00+00:00,2024-07-22 21:00:00+00:00,XAUUSD,SHORT,BREAKOUT,STRONG_BEAR,0.991,85.0,A,OVERLAP,2386.346,2406.833,2365.859,2365.859,2399.093,SESSION_END,0.001,2.0487,0.4042,20.487,-1.2747,-0.6222,0.128,0.666,329,0.284,2.984,0.05,0.05,0.0,clear,compression -> confirmed range break + momentum,505.5692
2024-07-24 12:43:00+00:00,2024-07-24 15:50:00+00:00,XAUUSD,LONG,LIQUIDITY_REVERSAL,CHOPPY,0.598,100.0,A+,OVERLAP,2414.717,2400.95,2428.485,2428.485,2428.317,TP2,0.001,1.3768,0.2723,13.768,1.36,0.9878,1.055,0.084,187,0.204,1.541,0.05,0.0,0.0,clear,sweep + rejection + CHoCH + displacement,506.9292
2024-07-25 13:36:00+00:00,2024-07-25 21:00:00+00:00,XAUUSD,LONG,LIQUIDITY_REVERSAL,LIQUIDITY_REVERSAL,0.7,75.0,B,OVERLAP,2367.336,2351.271,2383.401,2383.401,2361.728,SESSION_END,0.001,1.6065,0.3169,16.065,-0.5608,-0.3491,0.555,0.892,444,0.302,3.551,0.05,0.05,0.0,clear,sweep + rejection + CHoCH + displacement,506.3684
2024-07-26 13:41:00+00:00,2024-07-26 18:00:00+00:00,XAUUSD,LONG,BREAKOUT,COMPRESSION,0.989,65.0,NO_TRADE,OVERLAP,2378.208,2358.444,2397.971,2397.971,2388.804,SESSION_END,0.001,1.9763,0.3903,19.763,1.0597,0.5362,0.63,0.22,259,0.2,2.027,0.05,0.05,0.0,clear,compression -> confirmed range break + momentum,507.4281
2024-07-29 14:49:00+00:00,2024-07-29 16:19:00+00:00,XAUUSD,SHORT,LIQUIDITY_REVERSAL,CHOPPY,0.583,85.0,A,OVERLAP,2390.302,2410.551,2370.053,2370.053,2370.227,TP2,0.001,2.0249,0.3991,20.249,2.0074,0.9914,1.026,0.179,90,0.247,2.408,0.05,0.0,0.0,clear,sweep + rejection + CHoCH + displacement,509.4355
2024-07-30 14:07:00+00:00,2024-07-30 18:01:00+00:00,XAUUSD,LONG,LIQUIDITY_REVERSAL,LIQUIDITY_REVERSAL,1.0,100.0,A+,OVERLAP,2389.996,2376.075,2403.916,2403.916,2403.742,TP2,0.001,1.392,0.2733,13.92,1.3746,0.9875,1.432,0.484,234,0.202,1.56,0.05,0.0,0.0,clear,sweep + rejection + CHoCH + displacement,510.8101
2024-07-31 15:16:00+00:00,2024-07-31 20:26:00+00:00,XAUUSD,LONG,BREAKOUT,BULL,0.941,100.0,A+,OVERLAP,2428.894,2416.552,2441.236,2441.236,2441.055,TP2,0.002,2.4684,0.4832,12.342,2.4323,0.9854,1.068,0.796,310,0.258,2.429,0.05,0.0,0.0,clear,compression -> confirmed range break + momentum,513.2424
2024-08-05 10:49:00+00:00,2024-08-05 12:00:00+00:00,XAUUSD,LONG,LIQUIDITY_REVERSAL,LIQUIDITY_REVERSAL,0.8,85.0,A,LONDON,2425.756,2407.753,2443.759,2443.759,2407.523,STOP,0.001,1.8003,0.3508,18.003,-1.8233,-1.0128,0.021,1.286,71,0.262,3.655,0.05,0.12,0.0,clear,sweep + rejection + CHoCH + displacement,511.4191
2024-08-07 13:31:00+00:00,2024-08-07 21:00:00+00:00,XAUUSD,SHORT,LIQUIDITY_REVERSAL,LIQUIDITY_REVERSAL,0.7,100.0,A+,OVERLAP,2399.203,2414.695,2383.711,2383.711,2386.902,SESSION_END,0.001,1.5492,0.3029,15.492,1.23,0.794,1.0,0.494,449,0.204,2.012,0.05,0.05,0.0,clear,sweep + rejection + CHoCH + displacement,512.6492
2024-08-08 10:06:00+00:00,2024-08-08 15:10:00+00:00,XAUUSD,LONG,LIQUIDITY_REVERSAL,LIQUIDITY_REVERSAL,1.0,85.0,A,LONDON,2398.66,2379.956,2417.364,2417.364,2417.207,TP2,0.001,1.8704,0.3649,18.704,1.8547,0.9916,1.119,0.263,304,0.21,1.64,0.05,0.0,0.0,clear,sweep + rejection + CHoCH + displacement,514.5039
2024-08-08 15:18:00+00:00,2024-08-08 21:00:00+00:00,XAUUSD,LONG,BREAKOUT,BULL,0.566,65.0,NO_TRADE,OVERLAP,2418.929,2395.331,2442.527,2442.527,2422.727,SESSION_END,0.001,2.3598,0.4587,23.598,0.3798,0.1609,0.307,0.302,342,0.328,3.7,0.05,0.05,0.0,clear,compression -> confirmed range break + momentum,514.8837
2024-08-09 14:09:00+00:00,2024-08-09 18:00:00+00:00,XAUUSD,LONG,TREND_CONTINUATION,BULL,0.899,85.0,A,OVERLAP,2429.304,2411.49,2447.117,2447.117,2434.44,SESSION_END,0.001,1.7814,0.346,17.814,0.5136,0.2883,0.365,0.468,231,0.217,1.821,0.05,0.05,0.0,clear,trend pullback + LTF BOS,515.3973
2024-08-12 07:06:00+00:00,2024-08-12 14:30:00+00:00,XAUUSD,LONG,BREAKOUT,EXPANSION,0.913,85.0,A,LONDON,2435.33,2424.212,2446.448,2446.448,2446.345,TP2,0.002,2.2236,0.4314,11.118,2.2031,0.9908,1.087,0.162,444,0.21,1.337,0.05,0.0,0.0,clear,compression -> confirmed range break + momentum,517.6004
2024-08-12 15:43:00+00:00,2024-08-12 21:00:00+00:00,XAUUSD,LONG,TREND_CONTINUATION,STRONG_BULL,1.0,85.0,A,OVERLAP,2451.095,2429.35,2472.839,2472.839,2470.326,SESSION_END,0.001,2.1744,0.4201,21.744,1.9231,0.8844,0.964,0.01,317,0.293,2.559,0.05,0.05,0.0,clear,trend pullback + LTF BOS,519.5235
2024-08-14 07:01:00+00:00,2024-08-14 09:39:00+00:00,XAUUSD,LONG,LIQUIDITY_REVERSAL,CHOPPY,0.614,95.0,A+,LONDON,2462.879,2450.915,2474.844,2474.844,2474.733,TP2,0.002,2.3929,0.4606,11.964,2.3708,0.9908,1.009,0.224,158,0.203,1.23,0.05,0.0,0.0,clear,sweep + rejection + CHoCH + displacement,521.8942
2024-08-14 13:38:00+00:00,2024-08-14 15:35:00+00:00,XAUUSD,SHORT,LIQUIDITY_REVERSAL,LIQUIDITY_REVERSAL,0.7,75.0,B,OVERLAP,2472.054,2496.142,2447.966,2447.966,2448.177,TP2,0.001,2.4088,0.4616,24.088,2.3877,0.9912,1.044,0.158,117,0.288,2.524,0.05,0.0,0.0,clear,sweep + rejection + CHoCH + displacement,524.2819
2024-08-20 14:38:00+00:00,2024-08-20 16:06:00+00:00,XAUUSD,LONG,TREND_CONTINUATION,STRONG_BULL,0.958,100.0,A+,OVERLAP,2524.087,2509.668,2538.505,2538.505,2509.328,STOP,0.001,1.4418,0.275,14.418,-1.4759,-1.0236,0.473,1.038,88,0.263,2.524,0.05,0.12,0.0,clear,trend pullback + LTF BOS,522.8061
2024-08-27 09:07:00+00:00,2024-08-27 17:07:00+00:00,XAUUSD,LONG,LIQUIDITY_REVERSAL,LIQUIDITY_REVERSAL,0.7,90.0,A+,LONDON,2509.291,2490.346,2528.236,2528.236,2510.04,TIME,0.001,1.8945,0.3624,18.945,0.0749,0.0396,0.576,0.315,480,0.312,2.278,0.05,0.05,0.0,clear,sweep + rejection + CHoCH + displacement,522.881
2024-08-28 13:01:00+00:00,2024-08-28 21:00:00+00:00,XAUUSD,SHORT,BREAKOUT,STRONG_BEAR,0.867,85.0,A,OVERLAP,2499.729,2513.439,2486.02,2486.02,2507.928,SESSION_END,0.001,1.371,0.2622,13.71,-0.8198,-0.598,0.453,0.786,479,0.211,1.627,0.05,0.05,0.0,clear,compression -> confirmed range break + momentum,522.0612
2024-08-30 13:46:00+00:00,2024-08-30 17:44:00+00:00,XAUUSD,SHORT,LIQUIDITY_REVERSAL,LIQUIDITY_REVERSAL,1.0,75.0,B,OVERLAP,2517.929,2539.047,2496.811,2496.811,2496.983,TP2,0.001,2.1118,0.4045,21.118,2.0946,0.9919,1.006,0.119,238,0.272,2.336,0.05,0.0,0.0,clear,sweep + rejection + CHoCH + displacement,524.1558
2024-09-02 14:40:00+00:00,2024-09-02 23:00:00+00:00,XAUUSD,LONG,LIQUIDITY_REVERSAL,CHOPPY,0.599,80.0,B,OVERLAP,2501.463,2491.717,2511.209,2511.209,2499.335,SESSION_END,0.002,1.9493,0.3719,9.746,-0.4256,-0.2183,0.093,0.4,289,0.189,1.425,0.05,0.05,0.0,clear,sweep + rejection + CHoCH + displacement,523.7302
2024-09-05 14:31:00+00:00,2024-09-05 21:00:00+00:00,XAUUSD,LONG,TREND_CONTINUATION,STRONG_BULL,0.957,100.0,A+,OVERLAP,2518.716,2497.94,2539.492,2539.492,2514.852,SESSION_END,0.001,2.0776,0.3967,20.776,-0.3865,-0.186,0.083,0.718,389,0.302,2.567,0.05,0.05,0.0,clear,trend pullback + LTF BOS,523.3437
2024-09-16 08:46:00+00:00,2024-09-16 16:46:00+00:00,XAUUSD,LONG,LIQUIDITY_REVERSAL,LIQUIDITY_REVERSAL,0.8,90.0,A+,LONDON,2583.586,2569.928,2597.243,2597.243,2579.139,TIME,0.001,1.3657,0.261,13.657,-0.4446,-0.3256,0.411,0.62,480,0.241,1.675,0.05,0.05,0.0,clear,sweep + rejection + CHoCH + displacement,522.8991
2024-09-17 08:16:00+00:00,2024-09-17 11:37:00+00:00,XAUUSD,SHORT,LIQUIDITY_REVERSAL,LIQUIDITY_REVERSAL,0.8,75.0,B,LONDON,2583.104,2594.957,2571.25,2571.25,2571.388,TP2,0.002,2.3707,0.4534,11.854,2.3431,0.9883,1.004,0.21,201,0.241,1.36,0.05,0.0,0.0,clear,sweep + rejection + CHoCH + displacement,525.2422
2024-09-25 13:07:00+00:00,2024-09-25 21:00:00+00:00,XAUUSD,LONG,BREAKOUT,COMPRESSION,0.989,80.0,B,OVERLAP,2660.564,2648.529,2672.598,2672.598,2659.292,SESSION_END,0.002,2.4069,0.4582,12.034,-0.2544,-0.1057,0.563,0.901,473,0.192,1.553,0.05,0.05,0.0,clear,compression -> confirmed range break + momentum,524.9878
2024-09-26 11:46:00+00:00,2024-09-26 14:18:00+00:00,XAUUSD,LONG,BREAKOUT,BULL,0.811,85.0,A,LONDON,2674.045,2662.255,2685.834,2685.834,2661.94,STOP,0.002,2.3579,0.4491,11.79,-2.421,-1.0268,0.964,1.196,152,0.24,1.818,0.05,0.12,0.0,clear,compression -> confirmed range break + momentum,522.5668
2024-10-09 10:47:00+00:00,2024-10-09 18:47:00+00:00,XAUUSD,SHORT,LIQUIDITY_REVERSAL,LIQUIDITY_REVERSAL,1.0,100.0,A+,LONDON,2614.935,2626.551,2603.318,2603.318,2607.38,TIME,0.002,2.3233,0.4446,11.616,1.5109,0.6503,0.839,0.63,480,0.206,1.643,0.05,0.05,0.0,clear,sweep + rejection + CHoCH + displacement,524.0777
2024-10-11 13:41:00+00:00,2024-10-11 18:00:00+00:00,XAUUSD,SHORT,LIQUIDITY_REVERSAL,LIQUIDITY_REVERSAL,0.7,85.0,A,OVERLAP,2642.611,2666.094,2619.128,2619.128,2660.606,SESSION_END,0.001,2.3483,0.4481,23.483,-1.7995,-0.7663,0.091,0.794,259,0.268,2.226,0.05,0.05,0.0,clear,sweep + rejection + CHoCH + displacement,522.2782
2024-10-14 10:20:00+00:00,2024-10-14 13:43:00+00:00,XAUUSD,LONG,TREND_CONTINUATION,BULL,0.932,85.0,A,LONDON,2661.908,2650.051,2673.765,2673.765,2649.815,STOP,0.002,2.3714,0.454,11.857,-2.4185,-1.0198,0.033,1.049,203,0.225,1.553,0.05,0.12,0.0,clear,trend pullback + LTF BOS,519.8597
2024-10-17 10:46:00+00:00,2024-10-17 15:38:00+00:00,XAUUSD,LONG,LIQUIDITY_REVERSAL,CHOPPY,0.572,100.0,A+,LONDON,2680.705,2668.058,2693.351,2693.351,2693.197,TP2,0.002,2.5293,0.4865,12.647,2.4984,0.9878,1.091,0.616,292,0.22,1.538,0.05,0.0,0.0,clear,sweep + rejection + CHoCH + displacement,522.3581
2024-10-18 11:37:00+00:00,2024-10-18 18:00:00+00:00,XAUUSD,SHORT,LIQUIDITY_REVERSAL,LIQUIDITY_REVERSAL,1.0,85.0,A,LONDON,2707.919,2723.751,2692.088,2692.088,2718.109,SESSION_END,0.001,1.5831,0.3031,15.831,-1.019,-0.6436,0.196,0.763,383,0.211,1.461,0.05,0.05,0.0,clear,sweep + rejection + CHoCH + displacement,521.3391
2024-10-29 13:01:00+00:00,2024-10-29 13:50:00+00:00,XAUUSD,SHORT,LIQUIDITY_REVERSAL,LIQUIDITY_REVERSAL,0.7,75.0,B,OVERLAP,2748.798,2763.376,2734.221,2734.221,2763.633,STOP,0.001,1.4577,0.2796,14.577,-1.4834,-1.0177,0.0,1.022,49,0.213,1.761,0.05,0.12,0.0,clear,sweep + rejection + CHoCH + displacement,519.8557
2024-11-04 13:25:00+00:00,2024-11-04 21:00:00+00:00,XAUUSD,SHORT,LIQUIDITY_REVERSAL,CHOPPY,0.624,90.0,A+,OVERLAP,2740.257,2754.639,2725.875,2725.875,2737.871,SESSION_END,0.001,1.4382,0.2767,14.382,0.2385,0.1659,0.599,0.539,455,0.216,1.897,0.05,0.05,0.0,clear,sweep + rejection + CHoCH + displacement,520.0942
2024-11-07 10:01:00+00:00,2024-11-07 12:51:00+00:00,XAUUSD,SHORT,LIQUIDITY_REVERSAL,LIQUIDITY_REVERSAL,0.8,100.0,A+,LONDON,2661.271,2673.416,2649.127,2649.127,2673.619,STOP,0.002,2.4289,0.467,12.145,-2.4695,-1.0167,0.128,1.018,170,0.187,2.068,0.05,0.12,0.0,clear,sweep + rejection + CHoCH + displacement,517.6247
2024-11-07 19:36:00+00:00,2024-11-07 21:00:00+00:00,XAUUSD,LONG,LIQUIDITY_REVERSAL,LIQUIDITY_REVERSAL,1.0,85.0,A,NEWYORK,2694.667,2678.003,2711.332,2711.332,2703.19,SESSION_END,0.001,1.6665,0.3219,16.665,0.8523,0.5114,0.935,0.436,84,0.265,2.684,0.05,0.05,0.0,clear,sweep + rejection + CHoCH + displacement,518.477
2024-11-11 02:38:00+00:00,2024-11-11 10:38:00+00:00,XAUUSD,SHORT,BREAKOUT,BEAR,0.784,65.0,NO_TRADE,ASIA,2667.842,2687.732,2647.951,2647.951,2668.922,TIME,0.001,1.9891,0.3836,19.891,-0.1081,-0.0543,0.205,0.371,480,0.427,2.236,0.05,0.05,0.0,clear,compression -> confirmed range break + momentum,518.3689
2024-11-11 11:01:00+00:00,2024-11-11 13:35:00+00:00,XAUUSD,SHORT,BREAKOUT,STRONG_BEAR,0.845,85.0,A,LONDON,2661.512,2682.663,2640.36,2640.36,2640.513,TP2,0.001,2.1151,0.408,21.151,2.0999,0.9928,1.026,0.254,154,0.247,2.251,0.05,0.0,0.0,clear,compression -> confirmed range break + momentum,520.4688
2024-11-12 07:26:00+00:00,2024-11-12 15:26:00+00:00,XAUUSD,SHORT,BREAKOUT,BEAR,0.618,85.0,A,LONDON,2601.319,2623.428,2579.209,2579.209,2606.116,TIME,0.001,2.2109,0.4248,22.109,-0.4798,-0.217,0.534,0.704,480,0.293,2.777,0.05,0.05,0.0,clear,compression -> confirmed range break + momentum,519.989
2024-11-14 04:01:00+00:00,2024-11-14 09:36:00+00:00,XAUUSD,SHORT,TREND_CONTINUATION,STRONG_BEAR,1.0,85.0,A,ASIA,2559.196,2577.501,2540.89,2540.89,2541.027,TP2,0.001,1.8305,0.352,18.305,1.8169,0.9926,1.006,0.323,335,0.399,1.869,0.05,0.0,0.0,clear,trend pullback + LTF BOS,521.8059
2024-11-14 20:06:00+00:00,2024-11-14 21:00:00+00:00,XAUUSD,SHORT,LIQUIDITY_REVERSAL,LIQUIDITY_REVERSAL,0.7,100.0,A+,NEWYORK,2569.43,2592.679,2546.181,2546.181,2568.63,SESSION_END,0.001,2.3249,0.4455,23.249,0.08,0.0344,0.245,0.202,54,0.229,2.033,0.05,0.05,0.0,clear,sweep + rejection + CHoCH + displacement,521.8859
2024-11-15 13:39:00+00:00,2024-11-15 18:00:00+00:00,XAUUSD,SHORT,LIQUIDITY_REVERSAL,CHOPPY,0.577,100.0,A+,OVERLAP,2568.23,2592.324,2544.136,2544.136,2562.402,SESSION_END,0.001,2.4094,0.4617,24.094,0.5828,0.2419,0.34,0.319,261,0.271,3.212,0.05,0.05,0.0,clear,sweep + rejection + CHoCH + displacement,522.4687
2024-11-19 13:58:00+00:00,2024-11-19 21:00:00+00:00,XAUUSD,LONG,TREND_CONTINUATION,STRONG_BULL,1.0,95.0,A+,OVERLAP,2636.346,2612.824,2659.868,2659.868,2632.732,SESSION_END,0.001,2.3522,0.4502,23.522,-0.3614,-0.1537,0.021,0.655,422,0.262,2.761,0.05,0.05,0.0,clear,trend pullback + LTF BOS,522.1072
2024-11-21 07:32:00+00:00,2024-11-21 15:32:00+00:00,XAUUSD,LONG,BREAKOUT,BULL,1.0,80.0,B,LONDON,2663.963,2653.408,2674.518,2674.518,2669.216,TIME,0.002,2.111,0.4043,10.555,1.0508,0.4978,0.893,0.346,480,0.215,1.49,0.05,0.05,0.0,clear,compression -> confirmed range break + momentum,523.158
2024-11-22 04:51:00+00:00,2024-11-22 12:51:00+00:00,XAUUSD,LONG,BREAKOUT,STRONG_BULL,0.898,80.0,B,ASIA,2691.778,2668.639,2714.917,2714.917,2703.554,TIME,0.001,2.3139,0.4423,23.139,1.1776,0.5089,0.789,0.382,480,0.465,2.049,0.05,0.05,0.0,clear,compression -> confirmed range break + momentum,524.3356
2024-11-27 13:11:00+00:00,2024-11-27 21:00:00+00:00,XAUUSD,SHORT,LIQUIDITY_REVERSAL,LIQUIDITY_REVERSAL,0.7,100.0,A+,OVERLAP,2647.463,2669.079,2625.848,2625.848,2637.046,SESSION_END,0.001,2.1615,0.4122,21.615,1.0418,0.482,0.628,0.492,469,0.201,1.936,0.05,0.05,0.0,clear,sweep + rejection + CHoCH + displacement,525.3774
2024-11-29 12:26:00+00:00,2024-11-29 18:00:00+00:00,XAUUSD,LONG,LIQUIDITY_REVERSAL,LIQUIDITY_REVERSAL,1.0,100.0,A+,OVERLAP,2663.517,2649.499,2677.535,2677.535,2658.97,SESSION_END,0.001,1.4018,0.2668,14.018,-0.4547,-0.3244,0.029,0.929,334,0.224,1.941,0.05,0.05,0.0,clear,sweep + rejection + CHoCH + displacement,524.9226
2024-12-03 12:26:00+00:00,2024-12-03 13:49:00+00:00,XAUUSD,SHORT,BREAKOUT,COMPRESSION,0.995,95.0,A+,OVERLAP,2638.819,2649.887,2627.751,2627.751,2650.105,STOP,0.002,2.2136,0.4217,11.068,-2.2572,-1.0197,0.109,1.081,83,0.173,1.536,0.05,0.12,0.0,clear,compression -> confirmed range break + momentum,522.6654
2024-12-06 13:46:00+00:00,2024-12-06 18:00:00+00:00,XAUUSD,LONG,LIQUIDITY_REVERSAL,CHOPPY,0.633,85.0,A,OVERLAP,2637.081,2616.53,2657.631,2657.631,2634.117,SESSION_END,0.001,2.0551,0.3932,20.551,-0.2963,-0.1442,0.215,0.643,254,0.333,3.579,0.05,0.05,0.0,clear,sweep + rejection + CHoCH + displacement,522.3691
2024-12-09 11:29:00+00:00,2024-12-09 14:43:00+00:00,XAUUSD,LONG,TREND_CONTINUATION,BULL,0.921,80.0,B,LONDON,2657.795,2643.534,2672.056,2672.056,2671.935,TP2,0.001,1.4261,0.273,14.261,1.414,0.9915,1.037,0.324,194,0.2,1.611,0.05,0.0,0.0,clear,trend pullback + LTF BOS,523.783
2024-12-10 01:01:00+00:00,2024-12-10 09:01:00+00:00,XAUUSD,LONG,BREAKOUT,COMPRESSION,0.989,80.0,B,ASIA,2665.444,2651.109,2679.779,2679.779,2662.149,TIME,0.001,1.4335,0.2737,14.335,-0.3295,-0.2299,0.571,0.349,480,0.318,1.274,0.05,0.05,0.0,clear,compression -> confirmed range break + momentum,523.4535
2024-12-10 15:58:00+00:00,2024-12-10 21:00:00+00:00,XAUUSD,LONG,TREND_CONTINUATION,STRONG_BULL,0.947,100.0,A+,OVERLAP,2688.665,2674.491,2702.839,2702.839,2691.499,SESSION_END,0.001,1.4174,0.2708,14.174,0.2834,0.1999,0.474,0.292,302,0.22,2.179,0.05,0.05,0.0,clear,trend pullback + LTF BOS,523.7369
2024-12-13 07:31:00+00:00,2024-12-13 09:54:00+00:00,XAUUSD,SHORT,BREAKOUT,COMPRESSION,0.958,85.0,A,LONDON,2681.396,2695.178,2667.614,2667.614,2667.74,TP2,0.001,1.3782,0.2631,13.782,1.3656,0.9909,1.024,0.242,143,0.216,1.684,0.05,0.0,0.0,clear,compression -> confirmed range break + momentum,525.1025
2024-12-16 08:26:00+00:00,2024-12-16 16:26:00+00:00,XAUUSD,LONG,BREAKOUT,COMPRESSION,0.953,80.0,B,LONDON,2657.978,2646.399,2669.556,2669.556,2650.329,TIME,0.002,2.3157,0.441,11.578,-1.5296,-0.6606,0.542,0.645,480,0.219,1.621,0.05,0.05,0.0,clear,compression -> confirmed range break + momentum,523.5728
2024-12-17 13:51:00+00:00,2024-12-17 21:00:00+00:00,XAUUSD,SHORT,LIQUIDITY_REVERSAL,BEAR,0.811,100.0,A+,OVERLAP,2637.862,2659.599,2616.124,2616.124,2644.35,SESSION_END,0.001,2.1737,0.4152,21.737,-0.6488,-0.2985,0.233,0.506,429,0.267,2.353,0.05,0.05,0.0,clear,sweep + rejection + CHoCH + displacement,522.924
2024-12-18 08:22:00+00:00,2024-12-18 16:22:00+00:00,XAUUSD,LONG,LIQUIDITY_REVERSAL,LIQUIDITY_REVERSAL,0.7,85.0,A,LONDON,2646.443,2632.208,2660.678,2660.678,2637.566,TIME,0.001,1.4235,0.2722,14.235,-0.8877,-0.6236,0.217,0.874,480,0.236,1.49,0.05,0.05,0.0,clear,sweep + rejection + CHoCH + displacement,522.0363
2024-12-20 07:36:00+00:00,2024-12-20 14:34:00+00:00,XAUUSD,SHORT,LIQUIDITY_REVERSAL,LIQUIDITY_REVERSAL,1.0,95.0,A+,LONDON,2602.658,2617.615,2587.702,2587.702,2617.859,STOP,0.001,1.4957,0.2865,14.957,-1.5201,-1.0163,0.197,1.005,418,0.193,1.718,0.05,0.12,0.0,clear,sweep + rejection + CHoCH + displacement,520.5162
2025-01-06 11:16:00+00:00,2025-01-06 14:16:00+00:00,XAUUSD,LONG,LIQUIDITY_REVERSAL,LIQUIDITY_REVERSAL,0.7,75.0,B,LONDON,2638.165,2618.907,2657.424,2657.424,2618.599,STOP,0.001,1.9259,0.3852,19.259,-1.9566,-1.0159,0.578,1.047,180,0.241,1.773,0.05,0.12,0.0,clear,sweep + rejection + CHoCH + displacement,498.0434
2025-01-08 13:31:00+00:00,2025-01-08 16:53:00+00:00,XAUUSD,SHORT,LIQUIDITY_REVERSAL,LIQUIDITY_REVERSAL,0.7,75.0,B,OVERLAP,2654.708,2669.724,2639.692,2639.692,2670.009,STOP,0.001,1.5016,0.3015,15.016,-1.5301,-1.019,0.156,1.001,202,0.315,2.625,0.05,0.12,0.0,clear,sweep + rejection + CHoCH + displacement,496.5133
2025-01-10 13:45:00+00:00,2025-01-10 15:23:00+00:00,XAUUSD,SHORT,LIQUIDITY_REVERSAL,LIQUIDITY_REVERSAL,0.7,85.0,A,OVERLAP,2675.377,2693.348,2657.407,2657.407,2693.675,STOP,0.001,1.797,0.3619,17.97,-1.8298,-1.0182,0.049,1.028,98,0.361,3.553,0.05,0.12,0.0,clear,sweep + rejection + CHoCH + displacement,494.6835
2025-01-13 08:06:00+00:00,2025-01-13 11:59:00+00:00,XAUUSD,LONG,LIQUIDITY_REVERSAL,LIQUIDITY_REVERSAL,0.7,100.0,A+,LONDON,2688.017,2675.738,2700.296,2700.296,2675.5,STOP,0.002,2.4558,0.4964,12.279,-2.5034,-1.0194,0.117,1.043,233,0.224,1.65,0.05,0.12,0.0,clear,sweep + rejection + CHoCH + displacement,492.1802
2025-01-14 20:20:00+00:00,2025-01-14 21:00:00+00:00,XAUUSD,SHORT,LIQUIDITY_REVERSAL,LIQUIDITY_REVERSAL,0.8,100.0,A+,NEWYORK,2671.943,2682.819,2661.067,2661.067,2677.024,SESSION_END,0.002,2.1751,0.4419,10.876,-1.0161,-0.4672,0.025,0.423,40,0.224,1.338,0.05,0.05,0.0,clear,sweep + rejection + CHoCH + displacement,491.164
2025-01-15 13:34:00+00:00,2025-01-15 21:00:00+00:00,XAUUSD,LONG,LIQUIDITY_REVERSAL,BULL,0.55,90.0,A+,OVERLAP,2687.121,2670.604,2703.638,2703.638,2695.817,SESSION_END,0.001,1.6517,0.3363,16.517,0.8696,0.5265,0.573,0.647,446,0.224,1.708,0.05,0.05,0.0,clear,sweep + rejection + CHoCH + displacement,492.0336
2025-01-16 10:12:00+00:00,2025-01-16 16:36:00+00:00,XAUUSD,LONG,BREAKOUT,BULL,0.93,70.0,NO_TRADE,LONDON,2708.268,2695.996,2720.541,2720.541,2720.363,TP2,0.002,2.4545,0.4989,12.273,2.419,0.9855,1.037,0.676,384,0.266,1.946,0.05,0.0,0.0,clear,compression -> confirmed range break + momentum,494.4526
2025-01-17 14:46:00+00:00,2025-01-17 18:00:00+00:00,XAUUSD,LONG,LIQUIDITY_REVERSAL,LIQUIDITY_REVERSAL,0.8,100.0,A+,OVERLAP,2710.297,2685.601,2734.993,2734.993,2711.947,SESSION_END,0.001,2.4696,0.4995,24.696,0.165,0.0668,0.279,0.052,194,0.284,2.472,0.05,0.05,0.0,clear,sweep + rejection + CHoCH + displacement,494.6176
2025-01-20 13:34:00+00:00,2025-01-20 23:00:00+00:00,XAUUSD,SHORT,LIQUIDITY_REVERSAL,CHOPPY,0.621,85.0,A,OVERLAP,2705.069,2721.419,2688.719,2688.719,2706.931,SESSION_END,0.001,1.635,0.3306,16.35,-0.1862,-0.1139,0.218,0.414,355,0.192,1.42,0.05,0.05,0.0,clear,sweep + rejection + CHoCH + displacement,494.4314
2025-01-22 07:11:00+00:00,2025-01-22 15:11:00+00:00,XAUUSD,LONG,LIQUIDITY_REVERSAL,LIQUIDITY_REVERSAL,1.0,100.0,A+,LONDON,2749.926,2736.401,2763.452,2763.452,2752.449,TIME,0.001,1.3526,0.2736,13.526,0.2523,0.1865,0.982,0.243,480,0.223,1.912,0.05,0.05,0.0,clear,sweep + rejection + CHoCH + displacement,494.6836
2025-01-23 20:01:00+00:00,2025-01-23 21:00:00+00:00,XAUUSD,SHORT,LIQUIDITY_REVERSAL,LIQUIDITY_REVERSAL,1.0,85.0,A,NEWYORK,2752.646,2767.366,2737.926,2737.926,2754.019,SESSION_END,0.001,1.472,0.2976,14.72,-0.1373,-0.0933,0.107,0.134,59,0.238,1.509,0.05,0.05,0.0,clear,sweep + rejection + CHoCH + displacement,494.5463
2025-01-24 13:04:00+00:00,2025-01-24 16:53:00+00:00,XAUUSD,LONG,TREND_CONTINUATION,BULL,0.983,80.0,B,OVERLAP,2780.066,2769.824,2790.307,2790.307,2769.551,STOP,0.002,2.0483,0.4142,10.241,-2.1029,-1.0267,0.562,1.011,229,0.181,1.413,0.05,0.12,0.0,clear,trend pullback + LTF BOS,492.4434
2025-01-29 19:38:00+00:00,2025-01-29 21:00:00+00:00,XAUUSD,LONG,LIQUIDITY_REVERSAL,LIQUIDITY_REVERSAL,0.7,100.0,A+,NEWYORK,2750.08,2733.457,2766.702,2766.702,2753.73,SESSION_END,0.001,1.6622,0.3375,16.622,0.3651,0.2196,0.535,0.0,82,0.369,2.444,0.05,0.05,0.0,clear,sweep + rejection + CHoCH + displacement,492.8085
2025-01-30 12:16:00+00:00,2025-01-30 14:56:00+00:00,XAUUSD,LONG,TREND_CONTINUATION,STRONG_BULL,1.0,100.0,A+,OVERLAP,2779.127,2769.227,2789.028,2789.028,2788.881,TP2,0.002,1.9802,0.4018,9.901,1.9507,0.9851,1.003,0.219,160,0.184,1.171,0.05,0.0,0.0,clear,trend pullback + LTF BOS,494.7592
2025-01-30 18:25:00+00:00,2025-01-30 21:00:00+00:00,XAUUSD,LONG,TREND_CONTINUATION,STRONG_BULL,1.0,85.0,A,NEWYORK,2796.628,2772.157,2821.099,2821.099,2795.238,SESSION_END,0.001,2.4471,0.4946,24.471,-0.1391,-0.0568,0.059,0.247,155,0.326,2.199,0.05,0.05,0.0,clear,trend pullback + LTF BOS,494.6201
2025-02-04 12:56:00+00:00,2025-02-04 13:23:00+00:00,XAUUSD,LONG,BREAKOUT,COMPRESSION,0.968,85.0,A,OVERLAP,2822.177,2811.56,2832.793,2832.793,2832.696,TP2,0.002,2.1233,0.4293,10.617,2.1038,0.9908,1.033,0.095,27,0.184,1.727,0.05,0.0,0.0,clear,compression -> confirmed range break + momentum,496.7239
2025-02-04 14:36:00+00:00,2025-02-04 21:00:00+00:00,XAUUSD,LONG,BREAKOUT,BULL,0.56,85.0,A,OVERLAP,2838.388,2823.414,2853.362,2853.362,2843.171,SESSION_END,0.001,1.4974,0.3015,14.974,0.4783,0.3195,0.464,0.4,384,0.259,2.935,0.05,0.05,0.0,clear,compression -> confirmed range break + momentum,497.2022
2025-02-06 15:45:00+00:00,2025-02-06 21:00:00+00:00,XAUUSD,LONG,LIQUIDITY_REVERSAL,LIQUIDITY_REVERSAL,0.8,95.0,A+,OVERLAP,2848.866,2829.806,2867.925,2867.925,2855.734,SESSION_END,0.001,1.9059,0.3833,19.059,0.6869,0.3604,0.437,0.046,315,0.301,3.729,0.05,0.05,0.0,clear,sweep + rejection + CHoCH + displacement,497.8891
2025-02-07 15:16:00+00:00,2025-02-07 16:42:00+00:00,XAUUSD,LONG,BREAKOUT,EXPANSION,0.876,65.0,NO_TRADE,OVERLAP,2879.944,2862.535,2897.353,2897.353,2862.171,STOP,0.001,1.7409,0.3497,17.409,-1.7773,-1.0209,0.383,1.098,86,0.393,4.267,0.05,0.12,0.0,clear,compression -> confirmed range break + momentum,496.1118
2025-02-10 10:55:00+00:00,2025-02-10 18:55:00+00:00,XAUUSD,LONG,TREND_CONTINUATION,STRONG_BULL,0.946,85.0,A,LONDON,2901.635,2889.485,2913.785,2913.785,2904.833,TIME,0.002,2.4299,0.4898,12.15,0.6396,0.2632,0.825,0.447,480,0.24,2.046,0.05,0.05,0.0,clear,trend pullback + LTF BOS,496.7514
2025-02-11 01:17:00+00:00,2025-02-11 02:40:00+00:00,XAUUSD,LONG,BREAKOUT,STRONG_BULL,1.0,65.0,NO_TRADE,ASIA,2928.057,2907.655,2948.459,2948.459,2907.18,STOP,0.001,2.0402,0.4107,20.402,-2.0878,-1.0233,0.716,1.129,83,0.465,2.646,0.05,0.12,0.0,clear,compression -> confirmed range break + momentum,494.6636
2025-02-12 13:25:00+00:00,2025-02-12 13:30:00+00:00,XAUUSD,SHORT,BREAKOUT,BEAR,0.915,85.0,A,OVERLAP,2876.713,2888.36,2865.066,2865.066,2865.179,TP2,0.002,2.3294,0.4709,11.647,2.3068,0.9903,1.034,0.147,5,0.224,2.907,0.05,0.0,0.0,clear,compression -> confirmed range break + momentum,496.9704
2025-02-13 01:04:00+00:00,2025-02-13 05:15:00+00:00,XAUUSD,SHORT,LIQUIDITY_REVERSAL,BULL,0.867,80.0,B,ASIA,2903.489,2920.712,2886.267,2886.267,2921.0,STOP,0.001,1.7223,0.3466,17.223,-1.751,-1.0167,0.134,1.005,251,0.331,1.592,0.05,0.12,0.0,clear,sweep + rejection + CHoCH + displacement,495.2194
2025-02-14 08:21:00+00:00,2025-02-14 13:42:00+00:00,XAUUSD,LONG,BREAKOUT,EXPANSION,0.871,85.0,A,LONDON,2938.316,2924.68,2951.951,2951.951,2924.435,STOP,0.001,1.3635,0.2753,13.635,-1.3881,-1.018,0.119,1.091,321,0.241,2.06,0.05,0.12,0.0,clear,compression -> confirmed range break + momentum,493.8313
2025-02-17 08:37:00+00:00,2025-02-17 16:37:00+00:00,XAUUSD,SHORT,LIQUIDITY_REVERSAL,LIQUIDITY_REVERSAL,0.8,100.0,A+,LONDON,2896.034,2914.614,2877.453,2877.453,2897.694,TIME,0.001,1.858,0.3762,18.58,-0.166,-0.0894,0.038,0.548,480,0.223,1.959,0.05,0.05,0.0,clear,sweep + rejection + CHoCH + displacement,493.6652
2025-02-18 13:46:00+00:00,2025-02-18 19:35:00+00:00,XAUUSD,LONG,BREAKOUT,EXPANSION,0.834,85.0,A,OVERLAP,2920.882,2907.215,2934.55,2934.55,2934.442,TP2,0.001,1.3667,0.2769,13.667,1.3559,0.9921,1.029,0.249,349,0.215,1.999,0.05,0.0,0.0,clear,compression -> confirmed range break + momentum,495.0212
2025-02-19 02:32:00+00:00,2025-02-19 10:32:00+00:00,XAUUSD,SHORT,LIQUIDITY_REVERSAL,LIQUIDITY_REVERSAL,0.8,85.0,A,ASIA,2934.006,2951.146,2916.866,2916.866,2944.273,TIME,0.001,1.714,0.3463,17.14,-1.0267,-0.599,0.584,0.75,480,0.398,1.602,0.05,0.05,0.0,clear,sweep + rejection + CHoCH + displacement,493.9944
2025-02-24 08:56:00+00:00,2025-02-24 16:56:00+00:00,XAUUSD,LONG,BREAKOUT,COMPRESSION,0.968,80.0,B,LONDON,2947.985,2924.134,2971.836,2971.836,2942.279,TIME,0.001,2.3851,0.4828,23.851,-0.5706,-0.2393,0.337,0.73,480,0.241,2.347,0.05,0.05,0.0,clear,compression -> confirmed range break + momentum,493.4238
2025-02-26 13:56:00+00:00,2025-02-26 14:11:00+00:00,XAUUSD,SHORT,BREAKOUT,COMPRESSION,0.963,80.0,B,OVERLAP,2907.621,2920.707,2894.535,2894.535,2894.659,TP2,0.001,1.3086,0.2652,13.086,1.2962,0.9905,1.135,0.0,15,0.208,2.096,0.05,0.0,0.0,clear,compression -> confirmed range break + momentum,494.7199
2025-02-28 12:01:00+00:00,2025-02-28 13:32:00+00:00,XAUUSD,LONG,LIQUIDITY_REVERSAL,LIQUIDITY_REVERSAL,0.8,70.0,NO_TRADE,OVERLAP,2862.453,2852.922,2871.983,2871.983,2852.696,STOP,0.002,1.9061,0.3853,9.53,-1.9512,-1.0237,0.238,1.052,91,0.169,1.762,0.05,0.12,0.0,clear,sweep + rejection + CHoCH + displacement,492.7687
2025-02-28 14:01:00+00:00,2025-02-28 18:00:00+00:00,XAUUSD,SHORT,BREAKOUT,BEAR,1.0,85.0,A,OVERLAP,2847.809,2869.221,2826.397,2826.397,2845.189,SESSION_END,0.001,2.1412,0.4345,21.412,0.262,0.1224,0.717,0.28,239,0.238,3.164,0.05,0.05,0.0,clear,compression -> confirmed range break + momentum,493.0307
2025-03-03 08:01:00+00:00,2025-03-03 11:12:00+00:00,XAUUSD,LONG,LIQUIDITY_REVERSAL,LIQUIDITY_REVERSAL,0.8,80.0,B,LONDON,2863.528,2851.886,2875.17,2875.17,2875.067,TP2,0.002,2.3284,0.4723,11.642,2.3078,0.9911,1.009,0.412,191,0.186,1.639,0.05,0.0,0.0,clear,sweep + rejection + CHoCH + displacement,495.3385
2025-03-04 09:31:00+00:00,2025-03-04 14:58:00+00:00,XAUUSD,LONG,BREAKOUT,STRONG_BULL,0.867,85.0,A,LONDON,2920.43,2905.602,2935.257,2935.257,2905.344,STOP,0.001,1.4828,0.2993,14.828,-1.5086,-1.0174,0.491,1.067,327,0.289,3.11,0.05,0.12,0.0,clear,compression -> confirmed range break + momentum,493.8299
2025-03-05 17:01:00+00:00,2025-03-05 21:00:00+00:00,XAUUSD,SHORT,LIQUIDITY_REVERSAL,LIQUIDITY_REVERSAL,0.8,85.0,A,NEWYORK,2923.569,2944.601,2902.537,2902.537,2922.074,SESSION_END,0.001,2.1032,0.4259,21.032,0.1495,0.0711,0.592,0.0,239,0.352,3.796,0.05,0.05,0.0,clear,sweep + rejection + CHoCH + displacement,493.9793
2025-03-07 13:09:00+00:00,2025-03-07 14:01:00+00:00,XAUUSD,SHORT,LIQUIDITY_REVERSAL,LIQUIDITY_REVERSAL,0.8,70.0,NO_TRADE,OVERLAP,2919.577,2929.637,2909.517,2909.517,2909.663,TP2,0.002,2.0121,0.4073,10.06,1.9827,0.9854,1.625,0.647,52,0.196,1.91,0.05,0.0,0.0,clear,sweep + rejection + CHoCH + displacement,495.962
2025-03-11 12:43:00+00:00,2025-03-11 20:43:00+00:00,XAUUSD,LONG,LIQUIDITY_REVERSAL,LIQUIDITY_REVERSAL,0.8,80.0,B,OVERLAP,2915.497,2898.913,2932.081,2932.081,2916.034,TIME,0.001,1.6584,0.3344,16.584,0.0538,0.0324,0.395,0.533,480,0.183,1.709,0.05,0.05,0.0,clear,sweep + rejection + CHoCH + displacement,496.0158
2025-03-13 11:43:00+00:00,2025-03-13 14:41:00+00:00,XAUUSD,LONG,TREND_CONTINUATION,BULL,0.997,85.0,A,LONDON,2947.815,2936.13,2959.5,2959.5,2959.37,TP2,0.002,2.3369,0.4711,11.685,2.3109,0.9889,1.135,0.777,178,0.22,1.646,0.05,0.0,0.0,clear,trend pullback + LTF BOS,498.3267
2025-03-14 13:36:00+00:00,2025-03-14 18:00:00+00:00,XAUUSD,SHORT,LIQUIDITY_REVERSAL,LIQUIDITY_REVERSAL,0.7,85.0,A,OVERLAP,2989.531,3010.61,2968.452,2968.452,2986.318,SESSION_END,0.001,2.1079,0.423,21.079,0.3212,0.1524,0.543,0.172,264,0.269,2.928,0.05,0.05,0.0,clear,sweep + rejection + CHoCH + displacement,498.648
2025-03-18 05:47:00+00:00,2025-03-18 13:24:00+00:00,XAUUSD,LONG,TREND_CONTINUATION,STRONG_BULL,0.938,95.0,A+,ASIA,3013.53,2989.603,3037.456,3037.456,3037.322,TP2,0.001,2.3927,0.4798,23.927,2.3792,0.9944,1.0,0.133,457,0.489,2.04,0.05,0.0,0.0,clear,trend pullback + LTF BOS,501.0272
2025-03-19 06:46:00+00:00,2025-03-19 14:46:00+00:00,XAUUSD,LONG,LIQUIDITY_REVERSAL,BULL,1.0,85.0,A,ASIA,3042.162,3017.807,3066.516,3066.516,3029.83,TIME,0.001,2.4354,0.4861,24.354,-1.2332,-0.5064,0.071,0.815,480,0.514,2.329,0.05,0.05,0.0,clear,sweep + rejection + CHoCH + displacement,499.794
2025-03-20 13:39:00+00:00,2025-03-20 22:00:00+00:00,XAUUSD,LONG,LIQUIDITY_REVERSAL,LIQUIDITY_REVERSAL,0.7,100.0,A+,OVERLAP,3037.322,3013.056,3061.587,3061.587,3044.314,SESSION_END,0.001,2.4266,0.4855,24.266,0.6993,0.2882,0.355,0.285,441,0.253,2.85,0.05,0.05,0.0,clear,sweep + rejection + CHoCH + displacement,500.4933
2025-03-26 08:16:00+00:00,2025-03-26 13:56:00+00:00,XAUUSD,SHORT,LIQUIDITY_REVERSAL,LIQUIDITY_REVERSAL,0.7,75.0,B,LONDON,3028.302,3039.972,3016.631,3016.631,3016.766,TP2,0.002,2.3342,0.4664,11.671,2.3071,0.9884,1.032,0.17,340,0.227,1.503,0.05,0.0,0.0,clear,sweep + rejection + CHoCH + displacement,502.8004
2025-04-03 18:01:00+00:00,2025-04-03 21:00:00+00:00,XAUUSD,SHORT,TREND_CONTINUATION,BEAR,0.952,85.0,A,NEWYORK,3106.196,3126.716,3085.675,3085.675,3108.892,SESSION_END,0.001,2.052,0.4081,20.52,-0.2696,-0.1314,0.317,0.337,179,0.304,5.017,0.05,0.05,0.0,clear,trend pullback + LTF BOS,502.5307
2025-04-04 03:31:00+00:00,2025-04-04 09:33:00+00:00,XAUUSD,SHORT,BREAKOUT,COMPRESSION,0.979,80.0,B,ASIA,3102.928,3124.885,3080.971,3080.971,3081.08,TP2,0.001,2.1957,0.4369,21.957,2.1848,0.9951,1.039,0.308,362,0.334,2.706,0.05,0.0,0.0,clear,compression -> confirmed range break + momentum,504.7156
2025-04-07 14:19:00+00:00,2025-04-07 14:43:00+00:00,XAUUSD,LONG,LIQUIDITY_REVERSAL,CHOPPY,0.641,80.0,B,OVERLAP,3026.494,3003.179,3049.81,3049.81,3002.953,STOP,0.001,2.3315,0.4619,23.315,-2.3542,-1.0097,0.157,1.061,24,0.199,5.708,0.05,0.12,0.0,clear,sweep + rejection + CHoCH + displacement,502.3614
2025-04-08 02:14:00+00:00,2025-04-08 10:14:00+00:00,XAUUSD,LONG,BREAKOUT,COMPRESSION,1.0,50.0,NO_TRADE,ASIA,2995.591,2971.615,3019.567,3019.567,3002.832,TIME,0.001,2.3976,0.4773,23.976,0.7241,0.302,0.833,0.263,480,0.312,3.786,0.05,0.05,0.0,clear,compression -> confirmed range break + momentum,503.0854
2025-04-08 18:06:00+00:00,2025-04-08 21:00:00+00:00,XAUUSD,SHORT,BREAKOUT,EXPANSION,0.871,85.0,A,NEWYORK,2983.272,3002.033,2964.512,2964.512,2985.137,SESSION_END,0.001,1.8761,0.3729,18.761,-0.1864,-0.0994,0.464,0.463,174,0.253,4.339,0.05,0.05,0.0,clear,compression -> confirmed range break + momentum,502.899
2025-04-09 18:23:00+00:00,2025-04-09 18:27:00+00:00,XAUUSD,LONG,TREND_CONTINUATION,STRONG_BULL,1.0,85.0,A,NEWYORK,3087.2,3067.147,3107.252,3107.252,3066.865,STOP,0.001,2.0052,0.3987,20.052,-2.0335,-1.0141,0.015,1.017,4,0.269,4.859,0.05,0.12,0.0,clear,trend pullback + LTF BOS,500.8655
2025-04-10 09:03:00+00:00,2025-04-10 13:30:00+00:00,XAUUSD,SHORT,LIQUIDITY_REVERSAL,LIQUIDITY_REVERSAL,0.7,70.0,NO_TRADE,LONDON,3113.505,3130.949,3096.06,3096.06,3131.158,STOP,0.001,1.7445,0.3483,17.445,-1.7653,-1.0119,0.593,1.16,267,0.201,4.263,0.05,0.12,0.0,clear,sweep + rejection + CHoCH + displacement,499.1002
2025-04-10 13:47:00+00:00,2025-04-10 15:25:00+00:00,XAUUSD,SHORT,LIQUIDITY_REVERSAL,LIQUIDITY_REVERSAL,0.7,70.0,NO_TRADE,OVERLAP,3127.933,3148.757,3107.108,3107.108,3148.996,STOP,0.001,2.0824,0.4172,20.824,-2.1063,-1.0115,0.575,1.016,98,0.205,4.989,0.05,0.12,0.0,clear,sweep + rejection + CHoCH + displacement,496.9939
2025-04-11 00:06:00+00:00,2025-04-11 01:41:00+00:00,XAUUSD,LONG,BREAKOUT,STRONG_BULL,1.0,95.0,A+,ASIA,3189.695,3169.607,3209.783,3209.783,3209.593,TP2,0.001,2.0088,0.4042,20.088,1.9898,0.9906,1.054,0.357,95,0.34,3.784,0.05,0.0,0.0,clear,compression -> confirmed range break + momentum,498.9837
2025-04-14 14:20:00+00:00,2025-04-14 21:00:00+00:00,XAUUSD,SHORT,BREAKOUT,EXPANSION,0.95,55.0,NO_TRADE,OVERLAP,3198.628,3219.587,3177.669,3177.669,3212.902,SESSION_END,0.001,2.0959,0.42,20.959,-1.4274,-0.6811,0.201,0.846,400,0.234,5.428,0.05,0.05,0.0,clear,compression -> confirmed range break + momentum,497.5563
2025-04-15 02:16:00+00:00,2025-04-15 10:16:00+00:00,XAUUSD,LONG,BREAKOUT,COMPRESSION,0.989,95.0,A+,ASIA,3216.885,3200.944,3232.826,3232.826,3228.312,TIME,0.001,1.5941,0.3204,15.941,1.1427,0.7169,0.978,0.009,480,0.3,2.108,0.05,0.05,0.0,clear,compression -> confirmed range break + momentum,498.699
2025-04-16 18:31:00+00:00,2025-04-16 19:35:00+00:00,XAUUSD,LONG,TREND_CONTINUATION,STRONG_BULL,1.0,85.0,A,NEWYORK,3325.079,3311.099,3339.06,3339.06,3338.938,TP2,0.001,1.3981,0.2803,13.981,1.3858,0.9912,1.007,0.003,64,0.249,3.409,0.05,0.0,0.0,clear,trend pullback + LTF BOS,500.0848
2025-04-17 13:16:00+00:00,2025-04-17 14:52:00+00:00,XAUUSD,LONG,BREAKOUT,COMPRESSION,0.947,85.0,A,OVERLAP,3334.506,3316.216,3352.795,3352.795,3315.973,STOP,0.001,1.8289,0.3657,18.289,-1.8533,-1.0133,0.212,1.081,96,0.202,3.707,0.05,0.12,0.0,clear,compression -> confirmed range break + momentum,498.2315
2025-04-21 07:42:00+00:00,2025-04-21 12:48:00+00:00,XAUUSD,LONG,BREAKOUT,COMPRESSION,0.932,80.0,B,LONDON,3391.02,3377.784,3404.256,3404.256,3404.158,TP2,0.001,1.3236,0.2657,13.236,1.3138,0.9926,1.063,0.714,306,0.21,3.232,0.05,0.0,0.0,clear,compression -> confirmed range break + momentum,499.5453
2025-04-21 13:21:00+00:00,2025-04-21 14:08:00+00:00,XAUUSD,LONG,BREAKOUT,BULL,0.858,100.0,A+,OVERLAP,3406.472,3389.236,3423.707,3423.707,3423.594,TP2,0.001,1.7235,0.345,17.235,1.7122,0.9934,1.03,0.526,47,0.194,3.239,0.05,0.0,0.0,clear,compression -> confirmed range break + momentum,501.2575
2025-04-21 15:14:00+00:00,2025-04-21 21:00:00+00:00,XAUUSD,LONG,BREAKOUT,BULL,0.939,70.0,NO_TRADE,OVERLAP,3425.357,3401.496,3449.219,3449.219,3420.832,SESSION_END,0.001,2.3861,0.476,23.861,-0.4526,-0.1897,0.209,0.819,346,0.285,5.832,0.05,0.05,0.0,clear,compression -> confirmed range break + momentum,500.8049
2025-04-23 14:21:00+00:00,2025-04-23 14:49:00+00:00,XAUUSD,SHORT,BREAKOUT,COMPRESSION,0.958,80.0,B,OVERLAP,3304.996,3329.809,3280.183,3280.183,3280.3,TP2,0.001,2.4813,0.4955,24.813,2.4696,0.9953,1.051,0.177,28,0.198,6.059,0.05,0.0,0.0,clear,compression -> confirmed range break + momentum,503.2745
2025-04-25 14:16:00+00:00,2025-04-25 18:00:00+00:00,XAUUSD,SHORT,BREAKOUT,STRONG_BEAR,0.893,70.0,NO_TRADE,OVERLAP,3281.501,3306.471,3256.532,3256.532,3284.665,SESSION_END,0.001,2.4969,0.4961,24.969,-0.3164,-0.1267,0.669,0.234,224,0.227,5.567,0.05,0.05,0.0,clear,compression -> confirmed range break + momentum,502.9581
2025-04-28 06:36:00+00:00,2025-04-28 11:00:00+00:00,XAUUSD,SHORT,LIQUIDITY_REVERSAL,CHOPPY,0.575,90.0,A+,ASIA,3294.524,3315.647,3273.4,3273.4,3273.492,TP2,0.001,2.1123,0.42,21.123,2.1031,0.9956,1.016,0.09,264,0.343,3.457,0.05,0.0,0.0,clear,sweep + rejection + CHoCH + displacement,505.0613
2025-05-01 11:01:00+00:00,2025-05-01 19:01:00+00:00,XAUUSD,SHORT,BREAKOUT,COMPRESSION,0.905,80.0,B,LONDON,3217.808,3237.937,3197.678,3197.678,3213.928,TIME,0.001,2.0129,0.3986,20.129,0.388,0.1928,0.801,0.758,480,0.195,3.15,0.05,0.05,0.0,clear,compression -> confirmed range break + momentum,505.4493
2025-05-02 03:26:00+00:00,2025-05-02 07:24:00+00:00,XAUUSD,LONG,BREAKOUT,COMPRESSION,0.995,65.0,NO_TRADE,ASIA,3246.576,3231.119,3262.033,3262.033,3261.934,TP2,0.001,1.5457,0.3058,15.457,1.5358,0.9936,1.005,0.227,238,0.362,3.435,0.05,0.0,0.0,clear,compression -> confirmed range break + momentum,506.985
2025-05-05 10:56:00+00:00,2025-05-05 15:06:00+00:00,XAUUSD,LONG,BREAKOUT,STRONG_BULL,0.944,85.0,A,LONDON,3305.016,3286.048,3323.983,3323.983,3323.87,TP2,0.001,1.8967,0.3741,18.967,1.8854,0.994,1.184,0.028,250,0.261,4.129,0.05,0.0,0.0,clear,compression -> confirmed range break + momentum,508.8705
2025-05-06 20:22:00+00:00,2025-05-06 21:00:00+00:00,XAUUSD,LONG,TREND_CONTINUATION,STRONG_BULL,1.0,85.0,A,NEWYORK,3416.056,3403.689,3428.423,3428.423,3420.966,SESSION_END,0.002,2.4735,0.4861,12.367,0.982,0.397,0.629,0.123,38,0.202,2.582,0.05,0.05,0.0,clear,trend pullback + LTF BOS,509.8525
2025-05-08 20:08:00+00:00,2025-05-08 21:00:00+00:00,XAUUSD,SHORT,TREND_CONTINUATION,STRONG_BEAR,0.949,85.0,A,NEWYORK,3302.941,3327.949,3277.933,3277.933,3309.138,SESSION_END,0.001,2.5008,0.4905,25.008,-0.6197,-0.2478,0.58,0.267,52,0.227,3.645,0.05,0.05,0.0,clear,trend pullback + LTF BOS,509.2328
2025-05-13 01:12:00+00:00,2025-05-13 02:35:00+00:00,XAUUSD,LONG,BREAKOUT,COMPRESSION,0.979,65.0,NO_TRADE,ASIA,3242.548,3220.736,3264.36,3264.36,3220.434,STOP,0.001,2.1812,0.4283,21.812,-2.2114,-1.0139,0.025,1.045,83,0.306,2.585,0.05,0.12,0.0,clear,compression -> confirmed range break + momentum,507.0214
2025-05-13 13:01:00+00:00,2025-05-13 14:56:00+00:00,XAUUSD,SHORT,BREAKOUT,COMPRESSION,0.979,95.0,A+,OVERLAP,3248.415,3268.257,3228.573,3228.573,3228.693,TP2,0.001,1.9842,0.3914,19.842,1.9722,0.994,1.002,0.013,115,0.18,2.99,0.05,0.0,0.0,clear,compression -> confirmed range break + momentum,508.9937
2025-05-14 06:13:00+00:00,2025-05-14 13:37:00+00:00,XAUUSD,SHORT,TREND_CONTINUATION,STRONG_BEAR,0.917,85.0,A,ASIA,3223.708,3244.821,3202.595,3202.595,3202.717,TP2,0.001,2.1113,0.4148,21.113,2.0991,0.9942,1.054,0.937,444,0.415,3.128,0.05,0.0,0.0,clear,trend pullback + LTF BOS,511.0927
2025-05-19 00:01:00+00:00,2025-05-19 02:55:00+00:00,XAUUSD,LONG,BREAKOUT,EXPANSION,0.929,50.0,NO_TRADE,ASIA,3237.763,3217.36,3258.166,3258.166,3216.985,STOP,0.001,2.0403,0.3992,20.403,-2.0778,-1.0184,0.575,1.089,174,0.476,4.964,0.05,0.12,0.0,clear,compression -> confirmed range break + momentum,509.0149
2025-05-19 18:35:00+00:00,2025-05-19 21:00:00+00:00,XAUUSD,SHORT,LIQUIDITY_REVERSAL,CHOPPY,0.589,80.0,B,NEWYORK,3229.202,3242.185,3216.219,3216.219,3233.196,SESSION_END,0.001,1.2983,0.2551,12.983,-0.3994,-0.3077,0.321,0.498,145,0.206,2.735,0.05,0.05,0.0,clear,sweep + rejection + CHoCH + displacement,508.6155
2025-05-21 11:46:00+00:00,2025-05-21 19:46:00+00:00,XAUUSD,SHORT,LIQUIDITY_REVERSAL,LIQUIDITY_REVERSAL,0.7,85.0,A,LONDON,3310.401,3335.366,3285.436,3285.436,3314.917,TIME,0.001,2.4965,0.4908,24.965,-0.4516,-0.1809,0.79,0.236,480,0.207,2.863,0.05,0.05,0.0,clear,sweep + rejection + CHoCH + displacement,508.1639
2025-05-22 02:13:00+00:00,2025-05-22 10:00:00+00:00,XAUUSD,LONG,BREAKOUT,COMPRESSION,0.989,65.0,NO_TRADE,ASIA,3329.592,3307.917,3351.266,3351.266,3307.676,STOP,0.001,2.1675,0.4265,21.675,-2.1916,-1.0111,0.72,1.02,467,0.388,2.975,0.05,0.12,0.0,clear,compression -> confirmed range break + momentum,505.9723
2025-05-23 13:47:00+00:00,2025-05-23 18:00:00+00:00,XAUUSD,LONG,BREAKOUT,STRONG_BULL,0.914,85.0,A,OVERLAP,3358.535,3333.414,3383.656,3383.656,3359.456,SESSION_END,0.001,2.5121,0.4965,25.121,0.0921,0.0367,0.233,0.887,253,0.32,6.215,0.05,0.05,0.0,clear,compression -> confirmed range break + momentum,506.0645
2025-05-29 00:20:00+00:00,2025-05-29 08:20:00+00:00,XAUUSD,SHORT,BREAKOUT,STRONG_BEAR,0.958,60.0,NO_TRADE,ASIA,3269.697,3294.94,3244.454,3244.454,3278.624,TIME,0.001,2.5243,0.4988,25.243,-0.8927,-0.3537,0.971,0.512,480,0.556,4.684,0.05,0.05,0.0,clear,compression -> confirmed range break + momentum,505.1717
2025-05-29 10:28:00+00:00,2025-05-29 11:14:00+00:00,XAUUSD,LONG,LIQUIDITY_REVERSAL,LIQUIDITY_REVERSAL,0.8,75.0,B,LONDON,3278.598,3268.309,3288.886,3288.886,3288.783,TP2,0.002,2.0577,0.4073,10.288,2.0371,0.99,1.002,0.067,46,0.199,2.503,0.05,0.0,0.0,clear,sweep + rejection + CHoCH + displacement,507.2088
2025-05-30 03:11:00+00:00,2025-05-30 11:11:00+00:00,XAUUSD,SHORT,BREAKOUT,COMPRESSION,0.979,50.0,NO_TRADE,ASIA,3305.786,3325.989,3285.583,3285.583,3298.626,TIME,0.001,2.0203,0.3983,20.203,0.716,0.3544,0.923,0.003,480,0.424,3.255,0.05,0.05,0.0,clear,compression -> confirmed range break + momentum,507.9249
2025-06-02 07:06:00+00:00,2025-06-02 07:38:00+00:00,XAUUSD,LONG,BREAKOUT,BULL,0.84,80.0,B,LONDON,3326.457,3313.697,3339.216,3339.216,3339.102,TP2,0.001,1.276,0.2512,12.76,1.2645,0.991,1.007,0.089,32,0.204,2.38,0.05,0.0,0.0,clear,compression -> confirmed range break + momentum,509.1894
2025-06-02 08:06:00+00:00,2025-06-02 14:43:00+00:00,XAUUSD,LONG,BREAKOUT,STRONG_BULL,0.893,85.0,A,LONDON,3346.948,3328.722,3365.174,3365.174,3365.058,TP2,0.001,1.8226,0.3579,18.226,1.811,0.9936,1.037,0.153,397,0.246,3.303,0.05,0.0,0.0,clear,compression -> confirmed range break + momentum,511.0004
2025-06-03 13:06:00+00:00,2025-06-03 15:05:00+00:00,XAUUSD,SHORT,LIQUIDITY_REVERSAL,LIQUIDITY_REVERSAL,1.0,80.0,B,OVERLAP,3353.766,3374.608,3332.924,3332.924,3333.059,TP2,0.001,2.0842,0.4079,20.842,2.0707,0.9935,1.017,0.441,119,0.164,2.013,0.05,0.0,0.0,clear,sweep + rejection + CHoCH + displacement,513.0711
2025-06-05 10:56:00+00:00,2025-06-05 14:02:00+00:00,XAUUSD,LONG,BREAKOUT,EXPANSION,0.855,85.0,A,LONDON,3389.699,3372.099,3407.3,3407.3,3371.825,STOP,0.001,1.7601,0.343,17.601,-1.7874,-1.0156,0.766,1.01,186,0.249,3.088,0.05,0.12,0.0,clear,compression -> confirmed range break + momentum,511.2836
2025-06-06 15:10:00+00:00,2025-06-06 18:00:00+00:00,XAUUSD,SHORT,BREAKOUT,BEAR,0.918,70.0,NO_TRADE,OVERLAP,3338.101,3361.944,3314.259,3314.259,3323.664,SESSION_END,0.001,2.3842,0.4663,23.842,1.4438,0.6055,0.924,0.16,170,0.347,5.856,0.05,0.05,0.0,clear,compression -> confirmed range break + momentum,512.7274
2025-06-09 12:56:00+00:00,2025-06-09 17:22:00+00:00,XAUUSD,SHORT,LIQUIDITY_REVERSAL,LIQUIDITY_REVERSAL,0.7,95.0,A+,OVERLAP,3316.058,3333.002,3299.114,3299.114,3333.24,STOP,0.001,1.6944,0.3305,16.944,-1.7182,-1.014,0.327,1.006,266,0.194,2.436,0.05,0.12,0.0,clear,sweep + rejection + CHoCH + displacement,511.0092
2025-06-10 02:07:00+00:00,2025-06-10 10:07:00+00:00,XAUUSD,LONG,LIQUIDITY_REVERSAL,BEAR,0.797,75.0,B,ASIA,3318.563,3300.691,3336.436,3336.436,3328.293,TIME,0.001,1.7873,0.3498,17.873,0.9729,0.5443,0.907,0.944,480,0.417,2.676,0.05,0.05,0.0,clear,sweep + rejection + CHoCH + displacement,511.9821
2025-06-12 11:34:00+00:00,2025-06-12 19:34:00+00:00,XAUUSD,LONG,BREAKOUT,BULL,0.882,85.0,A,LONDON,3380.375,3355.76,3404.989,3404.989,3383.897,TIME,0.001,2.4614,0.4808,24.614,0.3523,0.1431,0.746,0.302,480,0.279,4.086,0.05,0.05,0.0,clear,compression -> confirmed range break + momentum,512.3344
2025-06-13 00:52:00+00:00,2025-06-13 01:07:00+00:00,XAUUSD,LONG,BREAKOUT,COMPRESSION,0.984,65.0,NO_TRADE,ASIA,3389.998,3375.407,3404.59,3404.59,3404.413,TP2,0.001,1.4592,0.2848,14.592,1.4415,0.9879,1.355,0.0,15,0.287,1.851,0.05,0.0,0.0,clear,compression -> confirmed range break + momentum,513.7759
2025-06-13 01:58:00+00:00,2025-06-13 03:53:00+00:00,XAUUSD,LONG,BREAKOUT,BULL,0.814,80.0,B,ASIA,3417.174,3393.602,3440.746,3440.746,3440.5,TP2,0.001,2.3572,0.4588,23.572,2.3326,0.9896,1.014,0.157,115,0.558,5.724,0.05,0.0,0.0,clear,compression -> confirmed range break + momentum,516.1085
2025-06-13 14:36:00+00:00,2025-06-13 15:58:00+00:00,XAUUSD,LONG,BREAKOUT,BULL,0.981,85.0,A,OVERLAP,3445.651,3424.077,3467.224,3467.224,3423.834,STOP,0.001,2.1574,0.418,21.574,-2.1817,-1.0113,0.046,1.027,82,0.211,4.019,0.05,0.12,0.0,clear,compression -> confirmed range break + momentum,513.9268
2025-06-16 12:36:00+00:00,2025-06-16 14:42:00+00:00,XAUUSD,SHORT,LIQUIDITY_REVERSAL,LIQUIDITY_REVERSAL,0.8,80.0,B,OVERLAP,3418.051,3432.776,3403.326,3403.326,3403.43,TP2,0.001,1.4725,0.2865,14.725,1.4621,0.993,1.042,0.095,126,0.168,2.641,0.05,0.0,0.0,clear,sweep + rejection + CHoCH + displacement,515.3889
2025-06-18 02:46:00+00:00,2025-06-18 05:45:00+00:00,XAUUSD,SHORT,BREAKOUT,COMPRESSION,0.937,95.0,A+,ASIA,3379.724,3397.996,3361.452,3361.452,3398.291,STOP,0.001,1.8272,0.3545,18.272,-1.8567,-1.0161,0.513,1.053,179,0.362,2.442,0.05,0.12,0.0,clear,compression -> confirmed range break + momentum,513.5322
2025-06-19 07:33:00+00:00,2025-06-19 08:43:00+00:00,XAUUSD,SHORT,BREAKOUT,BEAR,0.841,85.0,A,LONDON,3349.699,3367.835,3331.562,3331.562,3368.114,STOP,0.001,1.8136,0.3532,18.136,-1.8416,-1.0154,0.134,1.04,70,0.293,3.813,0.05,0.12,0.0,clear,compression -> confirmed range break + momentum,511.6906
2025-06-23 02:31:00+00:00,2025-06-23 10:31:00+00:00,XAUUSD,SHORT,BREAKOUT,EXPANSION,0.871,60.0,NO_TRADE,ASIA,3354.247,3376.304,3332.19,3332.19,3363.327,TIME,0.001,2.2057,0.4311,22.057,-0.908,-0.4117,0.343,0.663,480,0.555,4.146,0.05,0.05,0.0,clear,compression -> confirmed range break + momentum,510.7826
2025-06-24 10:07:00+00:00,2025-06-24 13:36:00+00:00,XAUUSD,SHORT,TREND_CONTINUATION,BEAR,0.608,90.0,A+,LONDON,3323.195,3341.665,3304.724,3304.724,3304.84,TP2,0.001,1.847,0.3616,18.47,1.8355,0.9937,1.017,0.303,209,0.228,3.408,0.05,0.0,0.0,clear,trend pullback + LTF BOS,512.6181
2025-06-24 14:46:00+00:00,2025-06-24 20:34:00+00:00,XAUUSD,SHORT,BREAKOUT,STRONG_BEAR,0.996,65.0,NO_TRADE,OVERLAP,3301.31,3321.467,3281.154,3281.154,3321.675,STOP,0.001,2.0156,0.3932,20.156,-2.0365,-1.0104,0.308,1.028,348,0.275,4.943,0.05,0.12,0.0,clear,compression -> confirmed range break + momentum,510.5816
2025-06-25 02:19:00+00:00,2025-06-25 10:19:00+00:00,XAUUSD,LONG,BREAKOUT,COMPRESSION,0.989,65.0,NO_TRADE,ASIA,3332.871,3318.991,3346.751,3346.751,3323.424,TIME,0.001,1.388,0.2718,13.88,-0.9446,-0.6806,0.287,0.81,480,0.291,1.738,0.05,0.05,0.0,clear,compression -> confirmed range break + momentum,509.6369
2025-06-26 01:06:00+00:00,2025-06-26 09:06:00+00:00,XAUUSD,SHORT,LIQUIDITY_REVERSAL,LIQUIDITY_REVERSAL,0.7,95.0,A+,ASIA,3334.034,3352.814,3315.254,3315.254,3346.154,TIME,0.001,1.878,0.3685,18.78,-1.212,-0.6454,0.268,0.693,480,0.382,1.839,0.05,0.05,0.0,clear,sweep + rejection + CHoCH + displacement,508.4249
2025-06-26 13:26:00+00:00,2025-06-26 14:33:00+00:00,XAUUSD,LONG,LIQUIDITY_REVERSAL,LIQUIDITY_REVERSAL,0.8,100.0,A+,OVERLAP,3338.483,3315.287,3361.678,3361.678,3314.995,STOP,0.001,2.3195,0.4562,23.195,-2.3487,-1.0126,0.234,1.01,67,0.216,2.251,0.05,0.12,0.0,clear,sweep + rejection + CHoCH + displacement,506.0762
2025-06-27 03:28:00+00:00,2025-06-27 04:50:00+00:00,XAUUSD,SHORT,TREND_CONTINUATION,BEAR,0.944,80.0,B,ASIA,3314.343,3333.286,3295.4,3295.4,3295.644,TP2,0.001,1.8943,0.3743,18.943,1.8698,0.9871,1.0,0.0,82,0.465,2.582,0.05,0.0,0.0,clear,trend pullback + LTF BOS,507.946
2025-06-27 12:57:00+00:00,2025-06-27 13:45:00+00:00,XAUUSD,SHORT,TREND_CONTINUATION,STRONG_BEAR,1.0,85.0,A,OVERLAP,3282.364,3294.718,3270.01,3270.01,3270.159,TP2,0.002,2.4708,0.4864,12.354,2.4411,0.988,1.024,0.0,48,0.242,2.993,0.05,0.0,0.0,clear,trend pullback + LTF BOS,510.3871
2025-06-30 00:58:00+00:00,2025-06-30 05:50:00+00:00,XAUUSD,SHORT,TREND_CONTINUATION,BEAR,0.592,70.0,NO_TRADE,ASIA,3264.129,3283.636,3244.622,3244.622,3283.92,STOP,0.001,1.9507,0.3822,19.507,-1.979,-1.0145,0.253,1.077,292,0.451,3.442,0.05,0.12,0.0,clear,trend pullback + LTF BOS,508.408
2025-06-30 11:41:00+00:00,2025-06-30 17:59:00+00:00,XAUUSD,SHORT,LIQUIDITY_REVERSAL,LIQUIDITY_REVERSAL,0.8,90.0,A+,LONDON,3283.088,3297.153,3269.023,3269.023,3297.38,STOP,0.001,1.4065,0.2766,14.065,-1.4292,-1.0161,0.617,1.011,378,0.194,2.286,0.05,0.12,0.0,clear,sweep + rejection + CHoCH + displacement,506.9788
2025-07-01 03:40:00+00:00,2025-07-01 08:13:00+00:00,XAUUSD,LONG,TREND_CONTINUATION,STRONG_BULL,1.0,80.0,B,ASIA,3316.326,3296.491,3336.161,3336.161,3336.055,TP2,0.001,1.9835,0.3912,19.835,1.9729,0.9947,1.049,0.049,273,0.382,2.174,0.05,0.0,0.0,clear,trend pullback + LTF BOS,508.9518
2025-07-01 08:45:00+00:00,2025-07-01 12:30:00+00:00,XAUUSD,LONG,BREAKOUT,STRONG_BULL,1.0,70.0,NO_TRADE,LONDON,3337.687,3323.015,3352.358,3352.358,3352.258,TP2,0.001,1.4671,0.2883,14.671,1.4571,0.9932,1.032,0.078,225,0.243,2.602,0.05,0.0,0.0,clear,compression -> confirmed range break + momentum,510.4089
2025-07-02 12:21:00+00:00,2025-07-02 20:21:00+00:00,XAUUSD,SHORT,LIQUIDITY_REVERSAL,LIQUIDITY_REVERSAL,0.8,85.0,A,OVERLAP,3342.658,3358.511,3326.806,3326.806,3355.994,TIME,0.001,1.5853,0.3106,15.853,-1.3335,-0.8412,0.569,0.91,480,0.193,2.022,0.05,0.05,0.0,clear,sweep + rejection + CHoCH + displacement,509.0754
2025-07-03 18:32:00+00:00,2025-07-03 21:00:00+00:00,XAUUSD,SHORT,LIQUIDITY_REVERSAL,LIQUIDITY_REVERSAL,0.8,75.0,B,NEWYORK,3330.18,3344.932,3315.428,3315.428,3328.735,SESSION_END,0.001,1.4752,0.2898,14.752,0.1445,0.098,0.215,0.032,148,0.23,1.85,0.05,0.05,0.0,clear,sweep + rejection + CHoCH + displacement,509.2199
2025-07-04 02:24:00+00:00,2025-07-04 10:24:00+00:00,XAUUSD,LONG,BREAKOUT,COMPRESSION,0.953,65.0,NO_TRADE,ASIA,3333.976,3318.308,3349.644,3349.644,3338.94,TIME,0.001,1.5668,0.3077,15.668,0.4964,0.3168,0.698,0.516,480,0.356,1.614,0.05,0.05,0.0,clear,compression -> confirmed range break + momentum,509.7163
2025-07-07 12:47:00+00:00,2025-07-07 15:13:00+00:00,XAUUSD,SHORT,TREND_CONTINUATION,STRONG_BEAR,1.0,85.0,A,OVERLAP,3303.432,3317.065,3289.798,3289.798,3317.333,STOP,0.001,1.3633,0.2675,13.633,-1.3901,-1.0196,0.245,1.105,146,0.266,2.934,0.05,0.12,0.0,clear,trend pullback + LTF BOS,508.3262
2025-07-08 08:11:00+00:00,2025-07-08 09:07:00+00:00,XAUUSD,LONG,BREAKOUT,COMPRESSION,0.937,80.0,B,LONDON,3339.2,3327.184,3351.216,3351.216,3326.958,STOP,0.002,2.4032,0.4728,12.016,-2.4485,-1.0188,0.0,1.113,56,0.204,1.921,0.05,0.12,0.0,clear,compression -> confirmed range break + momentum,505.8777
2025-07-09 06:40:00+00:00,2025-07-09 14:40:00+00:00,XAUUSD,SHORT,TREND_CONTINUATION,STRONG_BEAR,0.959,85.0,A,ASIA,3290.609,3312.447,3268.771,3268.771,3292.503,TIME,0.001,2.1838,0.4317,21.838,-0.1893,-0.0867,0.375,0.4,480,0.412,2.231,0.05,0.05,0.0,clear,trend pullback + LTF BOS,505.6883
2025-07-09 19:21:00+00:00,2025-07-09 21:00:00+00:00,XAUUSD,LONG,LIQUIDITY_REVERSAL,LIQUIDITY_REVERSAL,0.8,85.0,A,NEWYORK,3312.103,3297.441,3326.765,3326.765,3314.204,SESSION_END,0.001,1.4662,0.2899,14.662,0.2101,0.1433,0.307,0.148,99,0.216,1.831,0.05,0.05,0.0,clear,sweep + rejection + CHoCH + displacement,505.8984
2025-07-10 09:37:00+00:00,2025-07-10 14:59:00+00:00,XAUUSD,LONG,LIQUIDITY_REVERSAL,LIQUIDITY_REVERSAL,0.8,100.0,A+,LONDON,3323.235,3312.426,3334.045,3334.045,3312.161,STOP,0.002,2.162,0.4274,10.81,-2.2149,-1.0245,0.634,1.069,322,0.201,1.693,0.05,0.12,0.0,clear,sweep + rejection + CHoCH + displacement,503.6835
2025-07-11 09:56:00+00:00,2025-07-11 13:49:00+00:00,XAUUSD,SHORT,LIQUIDITY_REVERSAL,LIQUIDITY_REVERSAL,0.7,85.0,A,LONDON,3334.758,3355.05,3314.467,3314.467,3355.304,STOP,0.001,2.0292,0.4029,20.292,-2.0545,-1.0125,0.105,1.054,233,0.273,2.535,0.05,0.12,0.0,clear,sweep + rejection + CHoCH + displacement,501.629
2025-07-14 14:11:00+00:00,2025-07-14 21:00:00+00:00,XAUUSD,SHORT,BREAKOUT,EXPANSION,0.929,70.0,NO_TRADE,OVERLAP,3349.43,3362.601,3336.259,3336.259,3344.762,SESSION_END,0.001,1.3171,0.2626,13.171,0.4668,0.3544,0.659,0.708,409,0.251,3.184,0.05,0.05,0.0,clear,compression -> confirmed range break + momentum,502.0957
2025-07-16 12:01:00+00:00,2025-07-16 14:49:00+00:00,XAUUSD,SHORT,BREAKOUT,COMPRESSION,0.958,80.0,B,OVERLAP,3335.029,3346.769,3323.289,3323.289,3323.443,TP2,0.002,2.348,0.4676,11.74,2.3172,0.9869,1.033,0.492,168,0.192,1.567,0.05,0.0,0.0,clear,compression -> confirmed range break + momentum,504.413
2025-07-18 12:07:00+00:00,2025-07-18 18:00:00+00:00,XAUUSD,LONG,TREND_CONTINUATION,BULL,0.919,85.0,A,OVERLAP,3353.165,3340.049,3366.281,3366.281,3353.092,SESSION_END,0.001,1.3116,0.26,13.116,-0.0073,-0.0056,0.6,0.165,353,0.2,1.795,0.05,0.05,0.0,clear,trend pullback + LTF BOS,504.4057
2025-07-21 12:30:00+00:00,2025-07-21 13:40:00+00:00,XAUUSD,LONG,BREAKOUT,BULL,0.964,70.0,NO_TRADE,OVERLAP,3373.551,3361.602,3385.5,3385.5,3385.383,TP2,0.002,2.3897,0.4738,11.949,2.3664,0.9903,1.007,0.244,70,0.192,1.543,0.05,0.0,0.0,clear,compression -> confirmed range break + momentum,506.7721
2025-07-21 14:06:00+00:00,2025-07-21 21:00:00+00:00,XAUUSD,LONG,BREAKOUT,STRONG_BULL,1.0,85.0,A,OVERLAP,3388.428,3375.465,3401.39,3401.39,3397.504,SESSION_END,0.001,1.2962,0.2558,12.962,0.9076,0.7002,0.996,0.393,414,0.246,2.278,0.05,0.05,0.0,clear,compression -> confirmed range break + momentum,507.6797
2025-07-22 13:01:00+00:00,2025-07-22 13:42:00+00:00,XAUUSD,LONG,BREAKOUT,COMPRESSION,0.958,80.0,B,OVERLAP,3392.516,3382.437,3402.595,3402.595,3402.48,TP2,0.002,2.0159,0.3971,10.079,1.9928,0.9885,1.194,0.154,41,0.182,1.371,0.05,0.0,0.0,clear,compression -> confirmed range break + momentum,509.6725
2025-07-22 13:55:00+00:00,2025-07-22 14:27:00+00:00,XAUUSD,LONG,BREAKOUT,BULL,0.832,70.0,NO_TRADE,OVERLAP,3403.876,3391.837,3415.914,3415.914,3415.764,TP2,0.002,2.4077,0.4724,12.039,2.3776,0.9875,1.044,0.0,32,0.256,2.375,0.05,0.0,0.0,clear,compression -> confirmed range break + momentum,512.0501
2025-07-22 14:32:00+00:00,2025-07-22 16:04:00+00:00,XAUUSD,LONG,BREAKOUT,STRONG_BULL,0.879,70.0,NO_TRADE,OVERLAP,3415.667,3402.046,3429.289,3429.289,3429.071,TP2,0.001,1.3621,0.266,13.621,1.3404,0.984,1.034,0.83,92,0.304,3.07,0.05,0.0,0.0,clear,compression -> confirmed range break + momentum,513.3905
2025-07-24 13:43:00+00:00,2025-07-24 21:00:00+00:00,XAUUSD,SHORT,TREND_CONTINUATION,STRONG_BEAR,1.0,100.0,A+,OVERLAP,3357.857,3382.222,3333.493,3333.493,3370.788,SESSION_END,0.001,2.4365,0.4746,24.365,-1.2931,-0.5307,0.275,0.792,437,0.216,2.477,0.05,0.05,0.0,clear,trend pullback + LTF BOS,512.0974
2025-07-25 12:06:00+00:00,2025-07-25 16:44:00+00:00,XAUUSD,SHORT,TREND_CONTINUATION,STRONG_BEAR,1.0,85.0,A,OVERLAP,3342.528,3359.432,3325.625,3325.625,3325.801,TP2,0.001,1.6903,0.3301,16.903,1.6727,0.9896,1.049,0.288,278,0.193,1.875,0.05,0.0,0.0,clear,trend pullback + LTF BOS,513.7701
2025-07-29 08:01:00+00:00,2025-07-29 16:01:00+00:00,XAUUSD,SHORT,LIQUIDITY_REVERSAL,LIQUIDITY_REVERSAL,0.7,90.0,A+,LONDON,3316.704,3334.479,3298.928,3298.928,3327.276,TIME,0.001,1.7776,0.346,17.776,-1.0573,-0.5948,0.315,0.733,480,0.242,2.314,0.05,0.05,0.0,clear,sweep + rejection + CHoCH + displacement,512.7128
2025-08-01 02:56:00+00:00,2025-08-01 06:52:00+00:00,XAUUSD,SHORT,BREAKOUT,COMPRESSION,0.958,85.0,A,ASIA,3283.115,3299.622,3266.608,3266.608,3299.916,STOP,0.001,1.6507,0.322,16.507,-1.6801,-1.0178,0.102,1.032,236,0.38,2.195,0.05,0.12,0.0,clear,compression -> confirmed range break + momentum,511.0327
2025-08-04 17:11:00+00:00,2025-08-04 21:00:00+00:00,XAUUSD,LONG,TREND_CONTINUATION,BULL,1.0,85.0,A,NEWYORK,3376.035,3358.331,3393.738,3393.738,3374.527,SESSION_END,0.001,1.7703,0.3464,17.703,-0.1508,-0.0852,0.111,0.319,229,0.274,2.49,0.05,0.05,0.0,clear,trend pullback + LTF BOS,510.8819
2025-08-06 13:56:00+00:00,2025-08-06 21:00:00+00:00,XAUUSD,LONG,LIQUIDITY_REVERSAL,LIQUIDITY_REVERSAL,1.0,100.0,A+,OVERLAP,3368.142,3343.635,3392.649,3392.649,3370.464,SESSION_END,0.001,2.4507,0.4797,24.507,0.2321,0.0947,0.476,0.125,424,0.234,2.347,0.05,0.05,0.0,clear,sweep + rejection + CHoCH + displacement,511.114
2025-08-07 19:21:00+00:00,2025-08-07 21:00:00+00:00,XAUUSD,SHORT,LIQUIDITY_REVERSAL,CHOPPY,0.754,75.0,B,NEWYORK,3389.301,3403.963,3374.639,3374.639,3398.912,SESSION_END,0.001,1.4662,0.2869,14.662,-0.9611,-0.6555,0.159,0.764,99,0.228,1.835,0.05,0.05,0.0,clear,sweep + rejection + CHoCH + displacement,510.1529
2025-08-08 06:02:00+00:00,2025-08-08 14:02:00+00:00,XAUUSD,SHORT,LIQUIDITY_REVERSAL,CHOPPY,0.566,85.0,A,ASIA,3393.25,3412.13,3374.37,3374.37,3391.142,TIME,0.001,1.888,0.3701,18.88,0.2108,0.1117,0.7,0.565,480,0.418,2.467,0.05,0.05,0.0,clear,sweep + rejection + CHoCH + displacement,510.3637
2025-08-11 07:34:00+00:00,2025-08-11 13:30:00+00:00,XAUUSD,SHORT,BREAKOUT,COMPRESSION,0.968,65.0,NO_TRADE,LONDON,3364.949,3382.815,3347.084,3347.084,3347.19,TP2,0.001,1.7866,0.3501,17.866,1.776,0.9941,1.163,0.235,356,0.191,2.427,0.05,0.0,0.0,clear,compression -> confirmed range break + momentum,512.1397
2025-08-12 07:21:00+00:00,2025-08-12 15:21:00+00:00,XAUUSD,SHORT,BREAKOUT,COMPRESSION,0.989,80.0,B,LONDON,3344.782,3361.695,3327.87,3327.87,3332.074,TIME,0.001,1.6913,0.3302,16.913,1.2708,0.7514,0.821,0.778,480,0.205,2.398,0.05,0.05,0.0,clear,compression -> confirmed range break + momentum,513.4105
2025-08-19 01:17:00+00:00,2025-08-19 09:17:00+00:00,XAUUSD,LONG,BREAKOUT,COMPRESSION,0.937,70.0,NO_TRADE,ASIA,3337.223,3317.783,3356.664,3356.664,3337.795,TIME,0.001,1.944,0.3787,19.44,0.0571,0.0294,0.228,0.407,480,0.396,1.776,0.05,0.05,0.0,clear,compression -> confirmed range break + momentum,513.4676
2025-08-19 17:10:00+00:00,2025-08-19 21:00:00+00:00,XAUUSD,SHORT,TREND_CONTINUATION,STRONG_BEAR,0.873,85.0,A,NEWYORK,3321.889,3335.739,3308.039,3308.039,3316.963,SESSION_END,0.001,1.385,0.2697,13.85,0.4926,0.3557,0.514,0.042,230,0.313,2.535,0.05,0.05,0.0,clear,trend pullback + LTF BOS,513.9602
2025-08-21 13:36:00+00:00,2025-08-21 21:00:00+00:00,XAUUSD,LONG,LIQUIDITY_REVERSAL,LIQUIDITY_REVERSAL,0.7,90.0,A+,OVERLAP,3343.148,3320.79,3365.506,3365.506,3338.353,SESSION_END,0.001,2.2358,0.435,22.358,-0.4795,-0.2145,0.214,0.329,444,0.3,2.699,0.05,0.05,0.0,clear,sweep + rejection + CHoCH + displacement,513.4807
2025-08-22 13:21:00+00:00,2025-08-22 15:00:00+00:00,XAUUSD,LONG,LIQUIDITY_REVERSAL,LIQUIDITY_REVERSAL,1.0,85.0,A,OVERLAP,3329.31,3315.215,3343.405,3343.405,3343.258,TP2,0.001,1.4095,0.2745,14.095,1.3948,0.9895,1.184,0.586,99,0.224,1.726,0.05,0.0,0.0,clear,sweep + rejection + CHoCH + displacement,514.8755
2025-08-25 14:39:00+00:00,2025-08-25 21:00:00+00:00,XAUUSD,LONG,LIQUIDITY_REVERSAL,LIQUIDITY_REVERSAL,0.8,100.0,A+,OVERLAP,3367.54,3350.512,3384.569,3384.569,3364.556,SESSION_END,0.001,1.7028,0.3307,17.028,-0.2984,-0.1753,0.505,0.149,381,0.231,1.749,0.05,0.05,0.0,clear,sweep + rejection + CHoCH + displacement,514.577
2025-08-26 07:21:00+00:00,2025-08-26 15:21:00+00:00,XAUUSD,SHORT,LIQUIDITY_REVERSAL,CHOPPY,0.598,85.0,A,LONDON,3373.0,3384.767,3361.234,3361.234,3374.134,TIME,0.002,2.3532,0.4573,11.766,-0.2267,-0.0964,0.511,0.615,480,0.249,1.669,0.05,0.05,0.0,clear,sweep + rejection + CHoCH + displacement,514.3503
2025-08-28 09:41:00+00:00,2025-08-28 15:40:00+00:00,XAUUSD,LONG,BREAKOUT,BULL,0.896,85.0,A,LONDON,3399.415,3386.068,3412.762,3412.762,3412.618,TP2,0.001,1.3347,0.2595,13.347,1.3203,0.9892,1.044,0.439,359,0.24,1.81,0.05,0.0,0.0,clear,compression -> confirmed range break + momentum,515.6706
2025-09-01 12:52:00+00:00,2025-09-01 23:00:00+00:00,XAUUSD,SHORT,LIQUIDITY_REVERSAL,LIQUIDITY_REVERSAL,0.8,85.0,A,OVERLAP,3469.551,3482.376,3456.725,3456.725,3474.945,SESSION_END,0.002,2.5652,0.4974,12.826,-1.0788,-0.4206,0.2,0.906,397,0.209,2.322,0.05,0.05,0.0,clear,sweep + rejection + CHoCH + displacement,514.5918
2025-09-03 01:37:00+00:00,2025-09-03 09:37:00+00:00,XAUUSD,LONG,BREAKOUT,BULL,0.96,65.0,NO_TRADE,ASIA,3540.465,3519.899,3561.031,3561.031,3538.16,TIME,0.001,2.0566,0.3997,20.566,-0.2305,-0.1121,0.256,0.679,480,0.5,3.461,0.05,0.05,0.0,clear,compression -> confirmed range break + momentum,514.3613
2025-09-03 14:31:00+00:00,2025-09-03 18:31:00+00:00,XAUUSD,LONG,BREAKOUT,BULL,1.0,85.0,A,OVERLAP,3558.039,3543.0,3573.077,3573.077,3572.965,TP2,0.001,1.5039,0.2924,15.039,1.4926,0.9925,1.018,0.599,240,0.247,3.67,0.05,0.0,0.0,clear,compression -> confirmed range break + momentum,515.8539
2025-09-05 14:54:00+00:00,2025-09-05 18:00:00+00:00,XAUUSD,LONG,BREAKOUT,STRONG_BULL,0.794,65.0,NO_TRADE,OVERLAP,3590.929,3565.159,3616.698,3616.698,3595.24,SESSION_END,0.001,2.5769,0.4995,25.769,0.4312,0.1673,0.348,0.719,186,0.367,6.221,0.05,0.05,0.0,clear,compression -> confirmed range break + momentum,516.2851
2025-09-08 12:34:00+00:00,2025-09-08 14:02:00+00:00,XAUUSD,LONG,TREND_CONTINUATION,STRONG_BULL,1.0,80.0,B,OVERLAP,3616.639,3604.819,3628.46,3628.46,3628.357,TP2,0.002,2.3641,0.4579,11.821,2.3436,0.9913,1.039,0.359,88,0.189,2.302,0.05,0.0,0.0,clear,trend pullback + LTF BOS,518.6287
2025-09-08 15:40:00+00:00,2025-09-08 21:00:00+00:00,XAUUSD,LONG,TREND_CONTINUATION,STRONG_BULL,1.0,85.0,A,OVERLAP,3634.546,3612.221,3656.872,3656.872,3636.709,SESSION_END,0.001,2.2325,0.4305,22.325,0.2163,0.0969,0.518,0.125,320,0.262,4.086,0.05,0.05,0.0,clear,trend pullback + LTF BOS,518.845
2025-09-09 03:14:00+00:00,2025-09-09 11:14:00+00:00,XAUUSD,LONG,BREAKOUT,BULL,0.597,65.0,NO_TRADE,ASIA,3650.348,3631.18,3669.516,3669.516,3653.247,TIME,0.001,1.9168,0.3694,19.168,0.2899,0.1513,0.458,0.729,480,0.446,3.26,0.05,0.05,0.0,clear,compression -> confirmed range break + momentum,519.1349
2025-09-09 13:19:00+00:00,2025-09-09 15:00:00+00:00,XAUUSD,LONG,LIQUIDITY_REVERSAL,LIQUIDITY_REVERSAL,0.8,90.0,A+,OVERLAP,3651.892,3634.525,3669.259,3669.259,3669.132,TP2,0.001,1.7367,0.3345,17.367,1.7241,0.9927,1.253,0.482,101,0.193,2.533,0.05,0.0,0.0,clear,sweep + rejection + CHoCH + displacement,520.859
2025-09-10 06:39:00+00:00,2025-09-10 11:36:00+00:00,XAUUSD,SHORT,LIQUIDITY_REVERSAL,BULL,0.806,70.0,NO_TRADE,ASIA,3640.029,3655.904,3624.155,3624.155,3656.119,STOP,0.001,1.5874,0.3048,15.874,-1.609,-1.0136,0.0,1.019,297,0.312,1.718,0.05,0.12,0.0,clear,sweep + rejection + CHoCH + displacement,519.25
2025-09-10 15:46:00+00:00,2025-09-10 21:00:00+00:00,XAUUSD,SHORT,LIQUIDITY_REVERSAL,LIQUIDITY_REVERSAL,1.0,85.0,A,OVERLAP,3648.458,3670.83,3626.085,3626.085,3642.053,SESSION_END,0.001,2.2372,0.4309,22.372,0.6404,0.2863,0.599,0.051,314,0.235,3.433,0.05,0.05,0.0,clear,sweep + rejection + CHoCH + displacement,519.8904
2025-09-11 07:01:00+00:00,2025-09-11 13:36:00+00:00,XAUUSD,SHORT,BREAKOUT,BEAR,0.556,55.0,NO_TRADE,LONDON,3624.227,3640.495,3607.959,3607.959,3640.774,STOP,0.001,1.6268,0.3129,16.268,-1.6547,-1.0171,0.784,1.191,395,0.236,2.467,0.05,0.12,0.0,clear,compression -> confirmed range break + momentum,518.2357
2025-09-12 01:48:00+00:00,2025-09-12 05:00:00+00:00,XAUUSD,LONG,LIQUIDITY_REVERSAL,CHOPPY,0.639,80.0,B,ASIA,3635.824,3618.398,3653.249,3653.249,3653.061,TP2,0.001,1.7426,0.3362,17.426,1.7237,0.9892,1.002,0.048,192,0.337,1.649,0.05,0.0,0.0,clear,sweep + rejection + CHoCH + displacement,519.9593
2025-09-16 02:07:00+00:00,2025-09-16 10:07:00+00:00,XAUUSD,SHORT,LIQUIDITY_REVERSAL,LIQUIDITY_REVERSAL,1.0,75.0,B,ASIA,3681.078,3706.769,3655.386,3655.386,3694.23,TIME,0.001,2.5692,0.4941,25.692,-1.3152,-0.5119,0.258,0.621,480,0.44,2.372,0.05,0.05,0.0,clear,sweep + rejection + CHoCH + displacement,518.6442
2025-09-16 10:34:00+00:00,2025-09-16 16:05:00+00:00,XAUUSD,LONG,TREND_CONTINUATION,BULL,0.922,85.0,A,LONDON,3696.949,3683.19,3710.708,3710.708,3682.883,STOP,0.001,1.3759,0.2653,13.759,-1.4067,-1.0224,0.427,1.059,331,0.229,2.246,0.05,0.12,0.0,clear,trend pullback + LTF BOS,517.2375
2025-09-18 13:37:00+00:00,2025-09-18 14:37:00+00:00,XAUUSD,SHORT,LIQUIDITY_REVERSAL,LIQUIDITY_REVERSAL,1.0,100.0,A+,OVERLAP,3665.521,3687.577,3643.464,3643.464,3643.595,TP2,0.001,2.2056,0.4264,22.056,2.1926,0.9941,1.037,0.192,60,0.208,2.804,0.05,0.0,0.0,clear,sweep + rejection + CHoCH + displacement,519.4301
2025-09-22 07:11:00+00:00,2025-09-22 07:44:00+00:00,XAUUSD,LONG,BREAKOUT,STRONG_BULL,1.0,85.0,A,LONDON,3700.347,3683.941,3716.752,3716.752,3716.627,TP2,0.001,1.6406,0.3158,16.406,1.6281,0.9924,1.012,0.076,33,0.223,2.165,0.05,0.0,0.0,clear,compression -> confirmed range break + momentum,521.0582
2025-09-22 09:46:00+00:00,2025-09-22 16:53:00+00:00,XAUUSD,LONG,BREAKOUT,STRONG_BULL,1.0,85.0,A,LONDON,3722.04,3708.601,3735.48,3735.48,3735.327,TP2,0.001,1.3439,0.2579,13.439,1.3287,0.9887,1.037,0.755,427,0.25,2.806,0.05,0.0,0.0,clear,compression -> confirmed range break + momentum,522.3869
2025-09-22 20:52:00+00:00,2025-09-22 21:00:00+00:00,XAUUSD,LONG,TREND_CONTINUATION,STRONG_BULL,1.0,100.0,A+,NEWYORK,3747.452,3730.719,3764.186,3764.186,3747.372,SESSION_END,0.001,1.6734,0.3203,16.734,-0.0081,-0.0048,0.057,0.002,8,0.215,1.769,0.05,0.05,0.0,clear,trend pullback + LTF BOS,522.3788
2025-09-23 02:06:00+00:00,2025-09-23 09:47:00+00:00,XAUUSD,LONG,BREAKOUT,COMPRESSION,0.937,85.0,A,ASIA,3751.695,3731.561,3771.828,3771.828,3771.702,TP2,0.001,2.0133,0.3854,20.133,2.0007,0.9938,1.012,0.757,461,0.393,2.155,0.05,0.0,0.0,clear,compression -> confirmed range break + momentum,524.3796
2025-09-24 11:26:00+00:00,2025-09-24 16:43:00+00:00,XAUUSD,SHORT,BREAKOUT,COMPRESSION,0.937,65.0,NO_TRADE,LONDON,3760.091,3777.298,3742.884,3742.884,3743.039,TP2,0.001,1.7207,0.3281,17.207,1.7051,0.991,1.02,0.736,317,0.189,2.204,0.05,0.0,0.0,clear,compression -> confirmed range break + momentum,526.0847
2025-09-26 07:05:00+00:00,2025-09-26 09:41:00+00:00,XAUUSD,LONG,LIQUIDITY_REVERSAL,CHOPPY,0.605,70.0,NO_TRADE,LONDON,3744.136,3733.762,3754.511,3754.511,3754.406,TP2,0.002,2.0749,0.3944,10.375,2.054,0.9899,1.045,0.494,156,0.194,2.263,0.05,0.0,0.0,clear,sweep + rejection + CHoCH + displacement,528.1387
2025-09-29 05:23:00+00:00,2025-09-29 07:15:00+00:00,XAUUSD,LONG,TREND_CONTINUATION,BULL,0.866,80.0,B,ASIA,3798.019,3779.078,3816.961,3816.961,3816.819,TP2,0.001,1.8941,0.3586,18.941,1.88,0.9925,1.068,0.046,112,0.429,3.142,0.05,0.0,0.0,clear,trend pullback + LTF BOS,530.0187
2025-09-29 08:14:00+00:00,2025-09-29 16:14:00+00:00,XAUUSD,LONG,TREND_CONTINUATION,STRONG_BULL,0.957,85.0,A,LONDON,3817.025,3800.383,3833.666,3833.666,3823.563,TIME,0.001,1.6642,0.314,16.642,0.6538,0.3929,0.93,0.741,480,0.279,4.067,0.05,0.05,0.0,clear,trend pullback + LTF BOS,530.6725
2025-09-30 01:06:00+00:00,2025-09-30 04:27:00+00:00,XAUUSD,LONG,BREAKOUT,COMPRESSION,0.916,80.0,B,ASIA,3837.571,3816.188,3858.955,3858.955,3858.757,TP2,0.001,2.1384,0.403,21.384,2.1186,0.9907,1.022,0.247,201,0.313,2.049,0.05,0.0,0.0,clear,compression -> confirmed range break + momentum,532.7911
2025-10-01 10:24:00+00:00,2025-10-01 15:47:00+00:00,XAUUSD,SHORT,LIQUIDITY_REVERSAL,BULL,0.834,75.0,B,LONDON,3887.487,3912.069,3862.905,3862.905,3863.026,TP2,0.001,2.4582,0.4614,24.582,2.4461,0.9951,1.05,0.157,323,0.236,3.553,0.05,0.0,0.0,clear,sweep + rejection + CHoCH + displacement,535.2372
2025-10-02 06:04:00+00:00,2025-10-02 11:22:00+00:00,XAUUSD,LONG,LIQUIDITY_REVERSAL,CHOPPY,0.608,95.0,A+,ASIA,3866.72,3850.672,3882.768,3882.768,3882.662,TP2,0.001,1.6048,0.2998,16.048,1.5942,0.9934,1.015,0.324,318,0.31,1.818,0.05,0.0,0.0,clear,sweep + rejection + CHoCH + displacement,536.8314
2025-10-06 02:28:00+00:00,2025-10-06 04:45:00+00:00,XAUUSD,LONG,TREND_CONTINUATION,STRONG_BULL,0.959,80.0,B,ASIA,3906.389,3883.45,3929.329,3929.329,3929.115,TP2,0.001,2.294,0.4273,22.94,2.2726,0.9907,1.002,0.181,137,0.489,4.034,0.05,0.0,0.0,clear,trend pullback + LTF BOS,539.104
2025-10-06 13:26:00+00:00,2025-10-06 15:46:00+00:00,XAUUSD,SHORT,LIQUIDITY_REVERSAL,LIQUIDITY_REVERSAL,0.7,85.0,A,OVERLAP,3933.663,3958.467,3908.859,3908.859,3958.719,STOP,0.001,2.4804,0.4601,24.804,-2.5056,-1.0101,0.291,1.008,140,0.232,4.216,0.05,0.12,0.0,clear,sweep + rejection + CHoCH + displacement,536.5984
2025-10-06 17:11:00+00:00,2025-10-06 21:00:00+00:00,XAUUSD,LONG,TREND_CONTINUATION,BULL,1.0,80.0,B,NEWYORK,3955.734,3929.166,3982.303,3982.303,3958.188,SESSION_END,0.001,2.6568,0.4951,26.568,0.2454,0.0924,0.343,0.38,229,0.299,4.784,0.05,0.05,0.0,clear,trend pullback + LTF BOS,536.8438
2025-10-08 00:51:00+00:00,2025-10-08 04:05:00+00:00,XAUUSD,LONG,BREAKOUT,COMPRESSION,0.968,80.0,B,ASIA,3995.039,3976.924,4013.154,4013.154,4012.969,TP2,0.001,1.8115,0.3374,18.115,1.793,0.9898,1.019,0.607,194,0.309,2.255,0.05,0.0,0.0,clear,compression -> confirmed range break + momentum,538.6368
2025-10-08 04:51:00+00:00,2025-10-08 06:23:00+00:00,XAUUSD,LONG,BREAKOUT,BULL,0.92,80.0,B,ASIA,4015.994,4000.079,4031.909,4031.909,4031.73,TP2,0.001,1.5915,0.2955,15.915,1.5736,0.9888,1.058,0.325,92,0.358,2.848,0.05,0.0,0.0,clear,compression -> confirmed range break + momentum,540.2104
2025-10-09 06:58:00+00:00,2025-10-09 14:47:00+00:00,XAUUSD,LONG,TREND_CONTINUATION,BULL,0.907,85.0,A,ASIA,4040.882,4020.155,4061.608,4061.608,4019.909,STOP,0.001,2.0727,0.3837,20.727,-2.0973,-1.0119,0.815,1.055,469,0.393,3.587,0.05,0.12,0.0,clear,trend pullback + LTF BOS,538.1131
2025-10-13 11:51:00+00:00,2025-10-13 15:38:00+00:00,XAUUSD,LONG,BREAKOUT,COMPRESSION,0.989,95.0,A+,LONDON,4082.402,4065.709,4099.096,4099.096,4099.002,TP2,0.001,1.6693,0.3102,16.693,1.66,0.9944,1.004,0.565,227,0.175,3.234,0.05,0.0,0.0,clear,compression -> confirmed range break + momentum,539.7731
2025-10-13 15:43:00+00:00,2025-10-13 17:12:00+00:00,XAUUSD,LONG,BREAKOUT,STRONG_BULL,1.0,70.0,NO_TRADE,OVERLAP,4097.108,4079.635,4114.58,4114.58,4114.463,TP2,0.001,1.7472,0.3237,17.472,1.7355,0.9933,1.045,0.326,89,0.186,4.279,0.05,0.0,0.0,clear,compression -> confirmed range break + momentum,541.5086
2025-10-14 04:11:00+00:00,2025-10-14 06:09:00+00:00,XAUUSD,LONG,BREAKOUT,STRONG_BULL,1.0,85.0,A,ASIA,4152.644,4129.515,4175.773,4175.773,4175.571,TP2,0.001,2.3129,0.4271,23.129,2.2927,0.9913,1.034,0.022,118,0.418,4.679,0.05,0.0,0.0,clear,compression -> confirmed range break + momentum,543.8013
2025-10-14 20:36:00+00:00,2025-10-14 21:00:00+00:00,XAUUSD,SHORT,LIQUIDITY_REVERSAL,LIQUIDITY_REVERSAL,0.8,85.0,A,NEWYORK,4143.406,4166.076,4120.736,4120.736,4143.579,SESSION_END,0.001,2.267,0.4169,22.67,-0.0174,-0.0077,0.406,0.147,24,0.219,3.561,0.05,0.05,0.0,clear,sweep + rejection + CHoCH + displacement,543.7839
2025-10-15 07:51:00+00:00,2025-10-15 10:21:00+00:00,XAUUSD,LONG,BREAKOUT,COMPRESSION,0.937,80.0,B,LONDON,4196.687,4169.528,4223.845,4223.845,4169.296,STOP,0.001,2.7159,0.4994,27.159,-2.739,-1.0085,0.785,1.235,150,0.203,4.21,0.05,0.12,0.0,clear,compression -> confirmed range break + momentum,541.0449
2025-10-16 06:16:00+00:00,2025-10-16 06:33:00+00:00,XAUUSD,SHORT,LIQUIDITY_REVERSAL,CHOPPY,0.689,80.0,B,ASIA,4229.29,4247.7,4210.879,4210.879,4211.069,TP2,0.001,1.841,0.3403,18.41,1.8221,0.9897,1.363,0.041,17,0.37,3.899,0.05,0.0,0.0,clear,sweep + rejection + CHoCH + displacement,542.867
2025-10-16 13:41:00+00:00,2025-10-16 15:06:00+00:00,XAUUSD,LONG,LIQUIDITY_REVERSAL,LIQUIDITY_REVERSAL,1.0,95.0,A+,OVERLAP,4234.587,4208.893,4260.281,4260.281,4260.142,TP2,0.001,2.5694,0.4733,25.694,2.5555,0.9946,1.066,0.071,85,0.225,5.242,0.05,0.0,0.0,clear,sweep + rejection + CHoCH + displacement,545.4225
2025-10-20 13:16:00+00:00,2025-10-20 13:35:00+00:00,XAUUSD,LONG,BREAKOUT,COMPRESSION,0.963,80.0,B,OVERLAP,4280.043,4253.425,4306.66,4306.66,4306.571,TP2,0.001,2.6618,0.488,26.618,2.6529,0.9967,1.097,0.076,19,0.155,5.107,0.05,0.0,0.0,clear,compression -> confirmed range break + momentum,548.0754
2025-10-20 18:12:00+00:00,2025-10-20 20:43:00+00:00,XAUUSD,LONG,TREND_CONTINUATION,STRONG_BULL,0.923,85.0,A,NEWYORK,4347.382,4326.536,4368.228,4368.228,4368.141,TP2,0.001,2.0846,0.3803,20.846,2.0758,0.9958,1.016,0.501,151,0.195,5.143,0.05,0.0,0.0,clear,trend pullback + LTF BOS,550.1512
2025-10-23 10:21:00+00:00,2025-10-23 14:26:00+00:00,XAUUSD,SHORT,LIQUIDITY_REVERSAL,LIQUIDITY_REVERSAL,0.8,85.0,A,LONDON,4122.228,4148.024,4096.432,4096.432,4148.238,STOP,0.001,2.5796,0.4689,25.796,-2.601,-1.0083,0.863,1.012,245,0.194,6.328,0.05,0.12,0.0,clear,sweep + rejection + CHoCH + displacement,547.5502
2025-10-27 03:16:00+00:00,2025-10-27 08:53:00+00:00,XAUUSD,SHORT,TREND_CONTINUATION,STRONG_BEAR,0.864,85.0,A,ASIA,4071.331,4098.256,4044.406,4044.406,4044.502,TP2,0.001,2.6925,0.4917,26.925,2.683,0.9965,1.219,0.498,337,0.387,5.548,0.05,0.0,0.0,clear,trend pullback + LTF BOS,550.2332
2025-10-29 06:46:00+00:00,2025-10-29 08:00:00+00:00,XAUUSD,LONG,BREAKOUT,COMPRESSION,0.932,65.0,NO_TRADE,ASIA,3980.479,3959.395,4001.563,4001.563,4001.46,TP2,0.001,2.1084,0.3832,21.084,2.0981,0.9951,1.069,0.282,74,0.368,5.141,0.05,0.0,0.0,clear,compression -> confirmed range break + momentum,552.3313
2025-10-29 10:00:00+00:00,2025-10-29 13:38:00+00:00,XAUUSD,LONG,BREAKOUT,BULL,0.577,50.0,NO_TRADE,LONDON,4023.824,4004.262,4043.386,4043.386,4004.044,STOP,0.001,1.9562,0.3542,19.562,-1.978,-1.0111,0.313,1.012,218,0.198,4.973,0.05,0.12,0.0,clear,compression -> confirmed range break + momentum,550.3533
2025-10-31 02:13:00+00:00,2025-10-31 03:13:00+00:00,XAUUSD,SHORT,BREAKOUT,COMPRESSION,0.979,70.0,NO_TRADE,ASIA,4015.261,4038.236,3992.286,3992.286,3992.485,TP2,0.001,2.2975,0.4175,22.975,2.2776,0.9913,1.059,0.105,60,0.368,5.608,0.05,0.0,0.0,clear,compression -> confirmed range break + momentum,552.6309
2025-11-04 13:36:00+00:00,2025-11-04 14:29:00+00:00,XAUUSD,SHORT,BREAKOUT,COMPRESSION,0.932,85.0,A,OVERLAP,3980.451,4006.18,3954.721,3954.721,3954.838,TP2,0.001,2.573,0.4656,25.73,2.5613,0.9955,1.143,0.082,53,0.209,4.62,0.05,0.0,0.0,clear,compression -> confirmed range break + momentum,555.1921
2025-11-05 20:45:00+00:00,2025-11-05 21:00:00+00:00,XAUUSD,SHORT,LIQUIDITY_REVERSAL,CHOPPY,0.553,85.0,A,NEWYORK,3984.148,3998.004,3970.293,3970.293,3985.178,SESSION_END,0.002,2.7711,0.4991,13.855,-0.206,-0.0744,0.198,0.05,15,0.193,2.576,0.05,0.05,0.0,clear,sweep + rejection + CHoCH + displacement,554.9861
2025-11-07 06:56:00+00:00,2025-11-07 14:36:00+00:00,XAUUSD,LONG,BREAKOUT,COMPRESSION,0.995,85.0,A,ASIA,4006.471,3988.731,4024.212,4024.212,3988.484,STOP,0.001,1.7741,0.3197,17.741,-1.7987,-1.0139,0.423,1.181,460,0.413,3.192,0.05,0.12,0.0,clear,compression -> confirmed range break + momentum,553.1874
2025-11-10 12:11:00+00:00,2025-11-10 13:02:00+00:00,XAUUSD,LONG,BREAKOUT,COMPRESSION,0.989,80.0,B,OVERLAP,4088.39,4074.04,4102.739,4102.739,4102.645,TP2,0.001,1.435,0.2594,14.35,1.4256,0.9935,1.12,0.078,51,0.189,3.247,0.05,0.0,0.0,clear,compression -> confirmed range break + momentum,554.613
2025-11-10 20:31:00+00:00,2025-11-10 21:00:00+00:00,XAUUSD,SHORT,LIQUIDITY_REVERSAL,BULL,0.974,80.0,B,NEWYORK,4108.935,4127.189,4090.682,4090.682,4111.632,SESSION_END,0.001,1.8253,0.3291,18.253,-0.2697,-0.1477,0.067,0.22,29,0.22,3.005,0.05,0.05,0.0,clear,sweep + rejection + CHoCH + displacement,554.3433
2025-11-11 00:31:00+00:00,2025-11-11 03:35:00+00:00,XAUUSD,LONG,BREAKOUT,COMPRESSION,0.942,95.0,A+,ASIA,4126.236,4104.677,4147.795,4147.795,4147.595,TP2,0.001,2.1559,0.3889,21.559,2.1359,0.9907,1.002,0.047,184,0.342,2.783,0.05,0.0,0.0,clear,compression -> confirmed range break + momentum,556.4792
2025-11-11 10:04:00+00:00,2025-11-11 15:21:00+00:00,XAUUSD,SHORT,LIQUIDITY_REVERSAL,LIQUIDITY_REVERSAL,0.8,75.0,B,LONDON,4137.726,4163.786,4111.666,4111.666,4111.798,TP2,0.001,2.606,0.4683,26.06,2.5927,0.9949,1.033,0.338,317,0.198,2.987,0.05,0.0,0.0,clear,sweep + rejection + CHoCH + displacement,559.072
2025-11-17 05:21:00+00:00,2025-11-17 08:09:00+00:00,XAUUSD,SHORT,BREAKOUT,COMPRESSION,0.989,80.0,B,ASIA,4068.259,4094.739,4041.778,4041.778,4094.954,STOP,0.001,2.6481,0.4737,26.481,-2.6696,-1.0081,0.708,1.0,168,0.333,4.179,0.05,0.12,0.0,clear,compression -> confirmed range break + momentum,556.4024
2025-11-19 01:16:00+00:00,2025-11-19 02:46:00+00:00,XAUUSD,SHORT,BREAKOUT,COMPRESSION,0.984,65.0,NO_TRADE,ASIA,4064.133,4079.983,4048.283,4048.283,4080.289,STOP,0.001,1.585,0.2849,15.85,-1.6156,-1.0193,0.561,1.004,90,0.329,3.856,0.05,0.12,0.0,clear,compression -> confirmed range break + momentum,554.7868
2025-11-21 01:32:00+00:00,2025-11-21 06:28:00+00:00,XAUUSD,SHORT,BREAKOUT,COMPRESSION,0.974,80.0,B,ASIA,4060.935,4084.113,4037.757,4037.757,4037.972,TP2,0.001,2.3178,0.4178,23.178,2.2962,0.9907,1.315,0.814,296,0.361,4.797,0.05,0.0,0.0,clear,compression -> confirmed range break + momentum,557.083
2025-11-24 12:46:00+00:00,2025-11-24 18:37:00+00:00,XAUUSD,LONG,BREAKOUT,COMPRESSION,0.958,65.0,NO_TRADE,OVERLAP,4080.346,4058.963,4101.73,4101.73,4101.624,TP2,0.001,2.1383,0.3838,21.383,2.1278,0.9951,1.082,0.574,351,0.162,3.469,0.05,0.0,0.0,clear,compression -> confirmed range break + momentum,559.2108
2025-11-26 01:11:00+00:00,2025-11-26 02:25:00+00:00,XAUUSD,LONG,BREAKOUT,COMPRESSION,0.979,80.0,B,ASIA,4143.715,4125.294,4162.135,4162.135,4161.953,TP2,0.001,1.842,0.3294,18.42,1.8238,0.9901,1.012,0.257,74,0.36,3.539,0.05,0.0,0.0,clear,compression -> confirmed range break + momentum,561.0346
2025-11-26 10:34:00+00:00,2025-11-26 15:00:00+00:00,XAUUSD,SHORT,LIQUIDITY_REVERSAL,CHOPPY,0.627,80.0,B,LONDON,4158.81,4179.118,4138.502,4138.502,4138.634,TP2,0.001,2.0308,0.362,20.308,2.0177,0.9935,1.139,0.706,266,0.196,3.297,0.05,0.0,0.0,clear,sweep + rejection + CHoCH + displacement,563.0522
2025-11-26 17:37:00+00:00,2025-11-26 21:00:00+00:00,XAUUSD,SHORT,LIQUIDITY_REVERSAL,CHOPPY,0.649,75.0,B,NEWYORK,4165.832,4179.811,4151.853,4151.853,4162.973,SESSION_END,0.002,2.7958,0.4965,13.979,0.5719,0.2045,0.571,0.404,203,0.226,3.404,0.05,0.05,0.0,clear,sweep + rejection + CHoCH + displacement,563.6241
2025-11-27 06:57:00+00:00,2025-11-27 14:57:00+00:00,XAUUSD,LONG,BREAKOUT,COMPRESSION,0.9,80.0,B,ASIA,4158.142,4139.073,4177.212,4177.212,4154.852,TIME,0.001,1.907,0.3383,19.07,-0.3291,-0.1726,0.455,0.523,480,0.375,3.028,0.05,0.05,0.0,clear,compression -> confirmed range break + momentum,563.295
2025-12-01 03:03:00+00:00,2025-12-01 11:07:00+00:00,XAUUSD,LONG,TREND_CONTINUATION,BULL,0.971,75.0,B,ASIA,4241.517,4215.149,4267.885,4267.885,4251.703,TIME,0.001,2.6368,0.4681,26.368,1.0186,0.3863,0.778,0.995,480,0.564,5.609,0.05,0.05,0.0,clear,trend pullback + LTF BOS,564.3137
2025-12-02 00:01:00+00:00,2025-12-02 01:09:00+00:00,XAUUSD,SHORT,BREAKOUT,COMPRESSION,0.979,50.0,NO_TRADE,ASIA,4224.545,4243.815,4205.274,4205.274,4205.463,TP2,0.001,1.9271,0.3415,19.271,1.9082,0.9902,1.383,0.256,68,0.341,3.388,0.05,0.0,0.0,clear,compression -> confirmed range break + momentum,566.2218
2025-12-03 02:12:00+00:00,2025-12-03 07:32:00+00:00,XAUUSD,LONG,BREAKOUT,COMPRESSION,0.942,50.0,NO_TRADE,ASIA,4222.629,4201.263,4243.995,4243.995,4201.038,STOP,0.001,2.1366,0.3773,21.366,-2.1591,-1.0105,0.287,1.056,320,0.389,3.774,0.05,0.12,0.0,clear,compression -> confirmed range break + momentum,564.0627
2025-12-03 12:41:00+00:00,2025-12-03 13:52:00+00:00,XAUUSD,LONG,BREAKOUT,COMPRESSION,0.963,65.0,NO_TRADE,OVERLAP,4213.024,4195.141,4230.907,4230.907,4230.801,TP2,0.001,1.7883,0.317,17.883,1.7777,0.9941,1.064,0.14,71,0.179,2.951,0.05,0.0,0.0,clear,compression -> confirmed range break + momentum,565.8404
2025-12-04 03:12:00+00:00,2025-12-04 11:12:00+00:00,XAUUSD,SHORT,BREAKOUT,BEAR,0.748,65.0,NO_TRADE,ASIA,4193.582,4217.089,4170.075,4170.075,4203.25,TIME,0.001,2.3507,0.4154,23.507,-0.9668,-0.4113,0.79,0.543,480,0.446,4.138,0.05,0.05,0.0,clear,compression -> confirmed range break + momentum,564.8736
2025-12-04 13:31:00+00:00,2025-12-04 14:33:00+00:00,XAUUSD,LONG,LIQUIDITY_REVERSAL,LIQUIDITY_REVERSAL,0.8,85.0,A,OVERLAP,4191.235,4170.446,4212.024,4212.024,4211.905,TP2,0.001,2.0789,0.368,20.789,2.067,0.9943,1.06,0.152,62,0.219,3.905,0.05,0.0,0.0,clear,sweep + rejection + CHoCH + displacement,566.9406
2025-12-05 01:11:00+00:00,2025-12-05 05:28:00+00:00,XAUUSD,SHORT,BREAKOUT,COMPRESSION,0.984,80.0,B,ASIA,4197.248,4219.469,4175.027,4175.027,4219.752,STOP,0.001,2.2221,0.3919,22.221,-2.2504,-1.0127,0.125,1.018,257,0.333,2.511,0.05,0.12,0.0,clear,compression -> confirmed range break + momentum,564.6902
2025-12-05 13:37:00+00:00,2025-12-05 15:39:00+00:00,XAUUSD,LONG,BREAKOUT,BULL,0.91,70.0,NO_TRADE,OVERLAP,4235.645,4214.006,4257.284,4257.284,4257.149,TP2,0.001,2.1639,0.3832,21.639,2.1504,0.9938,1.084,0.351,122,0.22,3.546,0.05,0.0,0.0,clear,compression -> confirmed range break + momentum,566.8407
2025-12-08 07:39:00+00:00,2025-12-08 14:45:00+00:00,XAUUSD,SHORT,LIQUIDITY_REVERSAL,CHOPPY,0.648,75.0,B,LONDON,4211.939,4227.53,4196.348,4196.348,4196.483,TP2,0.001,1.5591,0.275,15.591,1.5457,0.9914,1.035,0.286,426,0.212,2.754,0.05,0.0,0.0,clear,sweep + rejection + CHoCH + displacement,568.3863
2025-12-09 04:04:00+00:00,2025-12-09 06:10:00+00:00,XAUUSD,SHORT,LIQUIDITY_REVERSAL,CHOPPY,0.636,95.0,A+,ASIA,4191.83,4211.565,4172.094,4172.094,4172.281,TP2,0.001,1.9735,0.3472,19.735,1.9549,0.9905,1.041,0.183,126,0.33,2.226,0.05,0.0,0.0,clear,sweep + rejection + CHoCH + displacement,570.3412
2025-12-11 10:02:00+00:00,2025-12-11 13:16:00+00:00,XAUUSD,LONG,BREAKOUT,COMPRESSION,0.937,70.0,NO_TRADE,LONDON,4220.076,4207.562,4232.59,4232.59,4207.341,STOP,0.002,2.5029,0.4388,12.514,-2.5469,-1.0176,0.455,1.202,194,0.222,3.043,0.05,0.12,0.0,clear,compression -> confirmed range break + momentum,567.7943
2025-12-15 05:22:00+00:00,2025-12-15 05:58:00+00:00,XAUUSD,LONG,TREND_CONTINUATION,BULL,0.887,85.0,A,ASIA,4327.822,4311.599,4344.045,4344.045,4343.867,TP2,0.001,1.6223,0.2857,16.223,1.6045,0.989,1.007,0.058,36,0.314,2.502,0.05,0.0,0.0,clear,trend pullback + LTF BOS,569.3988
2025-12-15 14:02:00+00:00,2025-12-15 15:03:00+00:00,XAUUSD,LONG,LIQUIDITY_REVERSAL,LIQUIDITY_REVERSAL,1.0,90.0,A+,OVERLAP,4335.435,4314.272,4356.597,4356.597,4314.014,STOP,0.001,2.1162,0.3717,21.162,-2.1421,-1.0122,0.053,1.098,61,0.219,4.258,0.05,0.12,0.0,clear,sweep + rejection + CHoCH + displacement,567.2567
2025-12-17 13:14:00+00:00,2025-12-17 21:00:00+00:00,XAUUSD,LONG,BREAKOUT,COMPRESSION,0.995,65.0,NO_TRADE,OVERLAP,4325.265,4301.506,4349.025,4349.025,4340.471,SESSION_END,0.001,2.376,0.4189,23.76,1.5206,0.64,0.985,0.222,466,0.18,3.0,0.05,0.05,0.0,clear,compression -> confirmed range break + momentum,568.7773
2025-12-18 01:21:00+00:00,2025-12-18 09:21:00+00:00,XAUUSD,SHORT,BREAKOUT,COMPRESSION,0.921,70.0,NO_TRADE,ASIA,4326.907,4344.685,4309.128,4309.128,4325.807,TIME,0.001,1.7779,0.3126,17.779,0.1099,0.0618,0.295,0.602,480,0.377,3.333,0.05,0.05,0.0,clear,compression -> confirmed range break + momentum,568.8873
2025-12-22 13:07:00+00:00,2025-12-22 15:55:00+00:00,XAUUSD,LONG,BREAKOUT,COMPRESSION,0.968,65.0,NO_TRADE,OVERLAP,4418.67,4404.654,4432.686,4432.686,4432.548,TP2,0.002,2.8031,0.4927,14.016,2.7757,0.9902,1.065,0.495,168,0.19,2.761,0.05,0.0,0.0,clear,compression -> confirmed range break + momentum,571.663
2025-12-22 16:01:00+00:00,2025-12-22 21:00:00+00:00,XAUUSD,LONG,BREAKOUT,STRONG_BULL,1.0,65.0,NO_TRADE,NEWYORK,4429.715,4408.299,4451.13,4451.13,4438.388,SESSION_END,0.001,2.1415,0.3746,21.415,0.8673,0.405,0.571,0.081,299,0.339,5.222,0.05,0.05,0.0,clear,compression -> confirmed range break + momentum,572.5303
2025-12-23 00:06:00+00:00,2025-12-23 01:06:00+00:00,XAUUSD,LONG,BREAKOUT,STRONG_BULL,0.987,85.0,A,ASIA,4462.768,4445.264,4480.273,4480.273,4480.075,TP2,0.001,1.7504,0.3057,17.504,1.7307,0.9887,1.027,0.046,60,0.387,3.415,0.05,0.0,0.0,clear,compression -> confirmed range break + momentum,574.261
2025-12-23 02:40:00+00:00,2025-12-23 06:12:00+00:00,XAUUSD,LONG,BREAKOUT,STRONG_BULL,1.0,65.0,NO_TRADE,ASIA,4492.958,4470.206,4515.71,4515.71,4469.877,STOP,0.001,2.2752,0.3962,22.752,-2.3081,-1.0145,0.193,1.015,212,0.486,4.861,0.05,0.12,0.0,clear,compression -> confirmed range break + momentum,571.9528
2025-12-26 08:16:00+00:00,2025-12-26 15:37:00+00:00,XAUUSD,LONG,TREND_CONTINUATION,BULL,0.926,80.0,B,LONDON,4515.639,4488.973,4542.306,4542.306,4542.183,TP2,0.001,2.6667,0.4662,26.667,2.6544,0.9954,1.103,0.493,441,0.189,3.334,0.05,0.0,0.0,clear,trend pullback + LTF BOS,574.6072
2025-12-30 01:59:00+00:00,2025-12-30 09:59:00+00:00,XAUUSD,LONG,BREAKOUT,COMPRESSION,0.926,55.0,NO_TRADE,ASIA,4356.884,4329.828,4383.939,4383.939,4371.769,TIME,0.001,2.7056,0.4709,27.056,1.4885,0.5502,0.967,0.306,480,0.418,6.599,0.05,0.05,0.0,clear,compression -> confirmed range break + momentum,576.0957
2025-12-31 18:39:00+00:00,2025-12-31 21:00:00+00:00,XAUUSD,SHORT,LIQUIDITY_REVERSAL,LIQUIDITY_REVERSAL,1.0,100.0,A+,NEWYORK,4324.376,4348.488,4300.264,4300.264,4313.27,SESSION_END,0.001,2.4112,0.4185,24.112,1.1106,0.4606,0.837,0.053,141,0.238,5.297,0.05,0.05,0.0,clear,sweep + rejection + CHoCH + displacement,577.2063
2026-01-02 08:36:00+00:00,2026-01-02 13:32:00+00:00,XAUUSD,LONG,BREAKOUT,COMPRESSION,0.989,65.0,NO_TRADE,LONDON,4388.648,4370.626,4406.67,4406.67,4370.376,STOP,0.001,1.8022,0.3604,18.022,-1.8272,-1.0139,0.737,1.043,296,0.2,3.411,0.05,0.12,0.0,clear,compression -> confirmed range break + momentum,498.1728
2026-01-05 10:30:00+00:00,2026-01-05 11:26:00+00:00,XAUUSD,LONG,TREND_CONTINUATION,STRONG_BULL,1.0,85.0,A,LONDON,4432.94,4419.935,4445.945,4445.945,4419.713,STOP,0.001,1.3005,0.2611,13.005,-1.3227,-1.0171,0.518,1.373,56,0.19,3.236,0.05,0.12,0.0,clear,trend pullback + LTF BOS,496.8501
2026-01-08 02:07:00+00:00,2026-01-08 05:30:00+00:00,XAUUSD,SHORT,BREAKOUT,COMPRESSION,0.921,65.0,NO_TRADE,ASIA,4443.215,4464.405,4422.025,4422.025,4422.207,TP2,0.001,2.119,0.4265,21.19,2.1008,0.9914,1.071,0.24,203,0.439,5.066,0.05,0.0,0.0,clear,compression -> confirmed range break + momentum,498.9509
2026-01-08 05:47:00+00:00,2026-01-08 13:47:00+00:00,XAUUSD,SHORT,BREAKOUT,EXPANSION,0.887,70.0,NO_TRADE,ASIA,4419.857,4441.901,4397.812,4397.812,4431.65,TIME,0.001,2.2044,0.4418,22.044,-1.1793,-0.535,0.561,0.889,480,0.417,4.489,0.05,0.05,0.0,clear,compression -> confirmed range break + momentum,497.7716
2026-01-09 13:21:00+00:00,2026-01-09 13:32:00+00:00,XAUUSD,LONG,LIQUIDITY_REVERSAL,CHOPPY,0.707,90.0,A+,OVERLAP,4467.346,4447.915,4486.778,4486.778,4486.668,TP2,0.001,1.9432,0.3904,19.432,1.9322,0.9943,1.007,0.45,11,0.203,3.908,0.05,0.0,0.0,clear,sweep + rejection + CHoCH + displacement,499.7038
2026-01-14 11:31:00+00:00,2026-01-14 14:48:00+00:00,XAUUSD,SHORT,LIQUIDITY_REVERSAL,CHOPPY,0.699,85.0,A,LONDON,4630.774,4652.694,4608.854,4608.854,4608.983,TP2,0.001,2.192,0.4387,21.92,2.1791,0.9941,1.021,0.494,197,0.202,3.546,0.05,0.0,0.0,clear,sweep + rejection + CHoCH + displacement,501.8829
2026-01-16 05:53:00+00:00,2026-01-16 13:16:00+00:00,XAUUSD,LONG,BREAKOUT,COMPRESSION,0.995,65.0,NO_TRADE,ASIA,4612.055,4587.543,4636.566,4636.566,4587.32,STOP,0.001,2.4511,0.4884,24.511,-2.4735,-1.0091,0.16,1.054,443,0.339,3.281,0.05,0.12,0.0,clear,compression -> confirmed range break + momentum,499.4094
2026-01-19 09:24:00+00:00,2026-01-19 17:24:00+00:00,XAUUSD,SHORT,LIQUIDITY_REVERSAL,LIQUIDITY_REVERSAL,0.8,75.0,B,LONDON,4668.405,4683.36,4653.45,4653.45,4669.852,TIME,0.001,1.4955,0.2994,14.955,-0.1447,-0.0967,0.6,0.505,480,0.2,3.433,0.05,0.05,0.0,clear,sweep + rejection + CHoCH + displacement,499.2647
2026-01-20 18:56:00+00:00,2026-01-20 21:00:00+00:00,XAUUSD,SHORT,LIQUIDITY_REVERSAL,BULL,0.947,85.0,A,NEWYORK,4756.653,4778.055,4735.25,4735.25,4758.354,SESSION_END,0.001,2.1402,0.4287,21.402,-0.1701,-0.0795,0.449,0.444,124,0.291,4.382,0.05,0.05,0.0,clear,sweep + rejection + CHoCH + displacement,499.0946
2026-01-22 19:01:00+00:00,2026-01-22 21:00:00+00:00,XAUUSD,LONG,BREAKOUT,BULL,0.556,70.0,NO_TRADE,NEWYORK,4916.553,4892.208,4940.898,4940.898,4916.364,SESSION_END,0.001,2.4345,0.4878,24.345,-0.0189,-0.0078,0.482,0.444,119,0.237,5.977,0.05,0.05,0.0,clear,compression -> confirmed range break + momentum,499.0758
2026-02-11 05:42:00+00:00,2026-02-11 10:44:00+00:00,XAUUSD,LONG,BREAKOUT,COMPRESSION,0.911,65.0,NO_TRADE,ASIA,5061.912,5037.314,5086.51,5086.51,5086.417,TP2,0.001,2.4598,0.4929,24.598,2.4504,0.9962,1.548,0.673,302,0.314,4.468,0.05,0.0,0.0,clear,compression -> confirmed range break + momentum,501.5262
2026-02-12 09:57:00+00:00,2026-02-12 12:44:00+00:00,XAUUSD,SHORT,LIQUIDITY_REVERSAL,CHOPPY,0.558,70.0,NO_TRADE,LONDON,5075.001,5095.3,5054.702,5054.702,5054.782,TP2,0.001,2.0299,0.4047,20.299,2.0219,0.996,1.001,0.087,167,0.188,4.913,0.05,0.0,0.0,clear,sweep + rejection + CHoCH + displacement,503.5481
2026-02-16 02:59:00+00:00,2026-02-16 03:49:00+00:00,XAUUSD,SHORT,BREAKOUT,COMPRESSION,0.905,65.0,NO_TRADE,ASIA,4994.284,5019.431,4969.136,4969.136,4969.297,TP2,0.001,2.5147,0.4994,25.147,2.4987,0.9936,1.073,0.214,50,0.329,6.156,0.05,0.0,0.0,clear,compression -> confirmed range break + momentum,506.0468
2026-02-16 19:16:00+00:00,2026-02-16 23:00:00+00:00,XAUUSD,SHORT,LIQUIDITY_REVERSAL,LIQUIDITY_REVERSAL,1.0,95.0,A+,NEWYORK,4993.177,5008.126,4978.229,4978.229,4991.688,SESSION_END,0.001,1.4949,0.2954,14.949,0.1489,0.0996,0.324,0.19,13,0.175,2.948,0.05,0.05,0.0,clear,sweep + rejection + CHoCH + displacement,506.1957
2026-02-17 00:51:00+00:00,2026-02-17 00:57:00+00:00,XAUUSD,SHORT,BREAKOUT,BEAR,0.777,85.0,A,ASIA,4968.834,4991.838,4945.829,4945.829,4946.044,TP2,0.001,2.3005,0.4545,23.005,2.279,0.9907,1.173,0.004,6,0.383,5.164,0.05,0.0,0.0,clear,compression -> confirmed range break + momentum,508.4747
2026-02-18 09:06:00+00:00,2026-02-18 12:56:00+00:00,XAUUSD,SHORT,BREAKOUT,COMPRESSION,0.989,80.0,B,LONDON,4915.574,4937.726,4893.423,4893.423,4937.931,STOP,0.001,2.2151,0.4356,22.151,-2.2357,-1.0093,0.43,1.013,230,0.181,4.52,0.05,0.12,0.0,clear,compression -> confirmed range break + momentum,506.2391
2026-02-20 03:31:00+00:00,2026-02-20 06:00:00+00:00,XAUUSD,LONG,LIQUIDITY_REVERSAL,CHOPPY,0.682,90.0,A+,ASIA,4994.754,4975.355,5014.153,5014.153,5013.977,TP2,0.001,1.9399,0.3832,19.399,1.9223,0.9909,1.014,0.693,149,0.378,4.721,0.05,0.0,0.0,clear,sweep + rejection + CHoCH + displacement,508.1613
2026-02-24 12:27:00+00:00,2026-02-24 13:39:00+00:00,XAUUSD,SHORT,BREAKOUT,COMPRESSION,0.979,50.0,NO_TRADE,OVERLAP,5158.775,5183.58,5133.969,5133.969,5134.073,TP2,0.001,2.4806,0.4881,24.806,2.4702,0.9958,1.036,0.223,72,0.2,6.08,0.05,0.0,0.0,clear,compression -> confirmed range break + momentum,510.6315
2026-02-26 11:59:00+00:00,2026-02-26 14:31:00+00:00,XAUUSD,SHORT,BREAKOUT,COMPRESSION,0.958,50.0,NO_TRADE,LONDON,5164.392,5188.647,5140.137,5140.137,5140.244,TP2,0.001,2.4255,0.475,24.255,2.4148,0.9956,1.027,0.956,152,0.206,4.816,0.05,0.0,0.0,clear,compression -> confirmed range break + momentum,513.0463
2026-03-05 05:41:00+00:00,2026-03-05 06:07:00+00:00,XAUUSD,SHORT,BREAKOUT,COMPRESSION,0.995,80.0,B,ASIA,5165.154,5187.16,5143.149,5143.149,5143.315,TP2,0.001,2.2006,0.4289,22.006,2.1839,0.9924,1.007,0.185,26,0.302,5.394,0.05,0.0,0.0,clear,compression -> confirmed range break + momentum,515.2302
2026-03-13 05:52:00+00:00,2026-03-13 07:18:00+00:00,XAUUSD,SHORT,BREAKOUT,COMPRESSION,0.932,70.0,NO_TRADE,ASIA,5100.852,5122.205,5079.5,5079.5,5079.613,TP2,0.001,2.1353,0.4144,21.353,2.1239,0.9947,1.055,0.319,86,0.365,4.481,0.05,0.0,0.0,clear,compression -> confirmed range break + momentum,517.3541
2026-03-18 00:14:00+00:00,2026-03-18 01:52:00+00:00,XAUUSD,LONG,BREAKOUT,COMPRESSION,0.979,65.0,NO_TRADE,ASIA,5010.426,4991.869,5028.983,5028.983,4991.573,STOP,0.001,1.8557,0.3587,18.557,-1.8853,-1.016,0.283,1.045,98,0.302,3.116,0.05,0.12,0.0,clear,compression -> confirmed range break + momentum,515.4688
2026-04-06 10:26:00+00:00,2026-04-06 13:11:00+00:00,XAUUSD,LONG,BREAKOUT,BULL,0.786,65.0,NO_TRADE,LONDON,4700.942,4675.208,4726.677,4726.677,4675.01,STOP,0.001,2.5735,0.4992,25.735,-2.5932,-1.0077,0.206,1.061,165,0.175,6.333,0.05,0.12,0.0,clear,compression -> confirmed range break + momentum,512.8756
2026-04-10 12:46:00+00:00,2026-04-10 15:18:00+00:00,XAUUSD,LONG,BREAKOUT,COMPRESSION,0.926,95.0,A+,OVERLAP,4766.045,4745.036,4787.053,4787.053,4786.925,TP2,0.001,2.1008,0.4096,21.008,2.088,0.9939,1.054,0.308,152,0.18,4.517,0.05,0.0,0.0,clear,compression -> confirmed range break + momentum,514.9636
2026-04-13 08:12:00+00:00,2026-04-13 16:05:00+00:00,XAUUSD,LONG,LIQUIDITY_REVERSAL,CHOPPY,0.57,85.0,A,LONDON,4727.98,4702.326,4753.634,4753.634,4702.043,STOP,0.001,2.5654,0.4982,25.654,-2.5937,-1.011,0.637,1.09,473,0.23,5.718,0.05,0.12,0.0,clear,sweep + rejection + CHoCH + displacement,512.3699
2026-04-15 01:41:00+00:00,2026-04-15 02:11:00+00:00,XAUUSD,SHORT,BREAKOUT,COMPRESSION,0.974,70.0,NO_TRADE,ASIA,4828.487,4847.825,4809.149,4809.149,4848.146,STOP,0.001,1.9338,0.3774,19.338,-1.9659,-1.0166,0.038,1.229,30,0.376,4.696,0.05,0.12,0.0,clear,compression -> confirmed range break + momentum,510.404
2026-04-22 11:06:00+00:00,2026-04-22 16:40:00+00:00,XAUUSD,SHORT,BREAKOUT,COMPRESSION,0.932,80.0,B,LONDON,4750.484,4774.667,4726.3,4726.3,4726.443,TP2,0.001,2.4183,0.4738,24.183,2.4041,0.9941,1.018,0.428,334,0.202,3.801,0.05,0.0,0.0,clear,compression -> confirmed range break + momentum,512.8081
2026-04-22 16:45:00+00:00,2026-04-22 21:00:00+00:00,XAUUSD,SHORT,BREAKOUT,BEAR,0.867,70.0,NO_TRADE,NEWYORK,4726.985,4751.382,4702.588,4702.588,4738.659,SESSION_END,0.001,2.4397,0.4758,24.397,-1.1674,-0.4785,0.135,0.926,255,0.28,5.912,0.05,0.05,0.0,clear,compression -> confirmed range break + momentum,511.6407
2026-04-23 00:06:00+00:00,2026-04-23 01:11:00+00:00,XAUUSD,SHORT,BREAKOUT,COMPRESSION,0.979,80.0,B,ASIA,4724.753,4739.098,4710.408,4710.408,4710.584,TP2,0.001,1.4345,0.2804,14.345,1.4169,0.9877,1.036,0.346,65,0.33,3.334,0.05,0.0,0.0,clear,compression -> confirmed range break + momentum,513.0576
2026-04-28 03:04:00+00:00,2026-04-28 06:06:00+00:00,XAUUSD,LONG,LIQUIDITY_REVERSAL,LIQUIDITY_REVERSAL,0.7,70.0,NO_TRADE,ASIA,4672.268,4651.216,4693.321,4693.321,4650.924,STOP,0.001,2.1052,0.4103,21.052,-2.1344,-1.0139,0.349,1.128,182,0.427,4.199,0.05,0.12,0.0,clear,sweep + rejection + CHoCH + displacement,510.9232
2026-04-28 08:58:00+00:00,2026-04-28 10:57:00+00:00,XAUUSD,SHORT,TREND_CONTINUATION,STRONG_BEAR,0.934,80.0,B,LONDON,4630.134,4655.025,4605.243,4605.243,4605.391,TP2,0.001,2.4891,0.4872,24.891,2.4743,0.9941,1.018,0.207,119,0.301,6.069,0.05,0.0,0.0,clear,trend pullback + LTF BOS,513.3975
2026-04-29 02:13:00+00:00,2026-04-29 06:03:00+00:00,XAUUSD,SHORT,BREAKOUT,COMPRESSION,0.942,55.0,NO_TRADE,ASIA,4582.758,4605.517,4560.0,4560.0,4605.81,STOP,0.001,2.2758,0.4433,22.758,-2.3052,-1.0129,0.179,1.094,230,0.454,5.349,0.05,0.12,0.0,clear,compression -> confirmed range break + momentum,511.0923
2026-05-01 05:51:00+00:00,2026-05-01 07:27:00+00:00,XAUUSD,SHORT,BREAKOUT,COMPRESSION,0.995,65.0,NO_TRADE,ASIA,4609.843,4625.985,4593.701,4593.701,4593.799,TP2,0.001,1.6142,0.3158,16.142,1.6044,0.9939,1.017,0.374,96,0.345,3.725,0.05,0.0,0.0,clear,compression -> confirmed range break + momentum,512.6967
2026-05-05 02:03:00+00:00,2026-05-05 08:16:00+00:00,XAUUSD,LONG,BREAKOUT,COMPRESSION,0.968,65.0,NO_TRADE,ASIA,4531.926,4508.804,4555.048,4555.048,4554.947,TP2,0.001,2.3122,0.451,23.122,2.3021,0.9956,1.018,0.182,373,0.322,3.681,0.05,0.0,0.0,clear,compression -> confirmed range break + momentum,514.9988
2026-05-06 03:01:00+00:00,2026-05-06 04:14:00+00:00,XAUUSD,LONG,BREAKOUT,STRONG_BULL,0.93,65.0,NO_TRADE,ASIA,4628.294,4607.2,4649.389,4649.389,4649.181,TP2,0.001,2.1094,0.4096,21.094,2.0887,0.9902,1.037,0.091,73,0.439,5.137,0.05,0.0,0.0,clear,compression -> confirmed range break + momentum,517.0874
2026-05-08 12:11:00+00:00,2026-05-08 14:33:00+00:00,XAUUSD,SHORT,LIQUIDITY_REVERSAL,CHOPPY,0.633,70.0,NO_TRADE,OVERLAP,4721.126,4742.778,4699.473,4699.473,4743.007,STOP,0.001,2.1652,0.4187,21.652,-2.1882,-1.0106,0.897,1.042,142,0.179,4.752,0.05,0.12,0.0,clear,sweep + rejection + CHoCH + displacement,514.8993
2026-05-12 00:13:00+00:00,2026-05-12 01:17:00+00:00,XAUUSD,SHORT,LIQUIDITY_REVERSAL,BULL,0.876,70.0,NO_TRADE,ASIA,4748.249,4770.19,4726.308,4726.308,4770.508,STOP,0.001,2.1941,0.4261,21.941,-2.2259,-1.0145,0.017,1.123,64,0.331,3.672,0.05,0.12,0.0,clear,sweep + rejection + CHoCH + displacement,512.6734
2026-05-12 01:22:00+00:00,2026-05-12 01:59:00+00:00,XAUUSD,LONG,BREAKOUT,STRONG_BULL,0.988,70.0,NO_TRADE,ASIA,4770.156,4749.003,4791.31,4791.31,4748.661,STOP,0.001,2.1154,0.4126,21.154,-2.1495,-1.0161,0.0,1.037,37,0.403,5.168,0.05,0.12,0.0,clear,compression -> confirmed range break + momentum,510.5239
2026-05-14 13:50:00+00:00,2026-05-14 14:40:00+00:00,XAUUSD,SHORT,LIQUIDITY_REVERSAL,CHOPPY,0.729,100.0,A+,OVERLAP,4702.602,4728.002,4677.203,4677.203,4677.326,TP2,0.001,2.54,0.4975,25.4,2.5276,0.9951,1.083,0.189,50,0.226,5.655,0.05,0.0,0.0,clear,sweep + rejection + CHoCH + displacement,513.0515
2026-05-15 04:58:00+00:00,2026-05-15 06:11:00+00:00,XAUUSD,SHORT,TREND_CONTINUATION,STRONG_BEAR,1.0,80.0,B,ASIA,4614.573,4638.647,4590.499,4590.499,4590.718,TP2,0.001,2.4074,0.4692,24.074,2.3855,0.9909,1.073,0.286,73,0.445,5.877,0.05,0.0,0.0,clear,trend pullback + LTF BOS,515.437
2026-05-21 02:21:00+00:00,2026-05-21 03:33:00+00:00,XAUUSD,LONG,BREAKOUT,COMPRESSION,0.968,55.0,NO_TRADE,ASIA,4558.608,4535.696,4581.52,4581.52,4535.367,STOP,0.001,2.2912,0.4445,22.912,-2.3241,-1.0144,0.529,1.058,72,0.406,5.457,0.05,0.12,0.0,clear,compression -> confirmed range break + momentum,513.1129
2026-05-25 15:55:00+00:00,2026-05-25 23:00:00+00:00,XAUUSD,SHORT,LIQUIDITY_REVERSAL,CHOPPY,0.63,80.0,B,OVERLAP,4565.581,4582.178,4548.983,4548.983,4572.082,SESSION_END,0.001,1.6598,0.3235,16.598,-0.6501,-0.3917,0.152,0.739,214,0.168,3.067,0.05,0.05,0.0,clear,sweep + rejection + CHoCH + displacement,512.4629
2026-05-26 00:16:00+00:00,2026-05-26 00:33:00+00:00,XAUUSD,LONG,BREAKOUT,COMPRESSION,0.974,80.0,B,ASIA,4578.962,4562.438,4595.485,4595.485,4562.135,STOP,0.001,1.6524,0.3224,16.524,-1.6827,-1.0183,0.076,1.059,17,0.333,2.717,0.05,0.12,0.0,clear,compression -> confirmed range break + momentum,510.7802
2026-05-26 00:40:00+00:00,2026-05-26 02:34:00+00:00,XAUUSD,SHORT,BREAKOUT,COMPRESSION,0.974,50.0,NO_TRADE,ASIA,4561.162,4585.014,4537.31,4537.31,4537.564,TP2,0.001,2.3852,0.467,23.852,2.3598,0.9894,1.009,0.068,114,0.406,3.838,0.05,0.0,0.0,clear,compression -> confirmed range break + momentum,513.14
2026-05-28 02:10:00+00:00,2026-05-28 02:26:00+00:00,XAUUSD,LONG,LIQUIDITY_REVERSAL,CHOPPY,0.742,55.0,NO_TRADE,ASIA,4444.62,4422.816,4466.424,4466.424,4422.458,STOP,0.001,2.1804,0.4249,21.804,-2.2163,-1.0165,0.066,1.198,16,0.444,5.34,0.05,0.12,0.0,clear,sweep + rejection + CHoCH + displacement,510.9237
2026-05-29 00:46:00+00:00,2026-05-29 02:09:00+00:00,XAUUSD,SHORT,BREAKOUT,COMPRESSION,0.9,80.0,B,ASIA,4489.253,4505.803,4472.703,4472.703,4506.101,STOP,0.001,1.655,0.3239,16.55,-1.6848,-1.018,0.014,1.193,83,0.283,2.743,0.05,0.12,0.0,clear,compression -> confirmed range break + momentum,509.2389
2026-05-29 08:46:00+00:00,2026-05-29 15:02:00+00:00,XAUUSD,LONG,BREAKOUT,STRONG_BULL,1.0,85.0,A,LONDON,4525.494,4505.447,4545.54,4545.54,4545.427,TP2,0.001,2.0047,0.3937,20.047,1.9934,0.9944,1.18,0.789,376,0.217,4.838,0.05,0.0,0.0,clear,compression -> confirmed range break + momentum,511.2323
2026-06-02 01:11:00+00:00,2026-06-02 05:06:00+00:00,XAUUSD,SHORT,BREAKOUT,COMPRESSION,1.0,80.0,B,ASIA,4477.901,4501.48,4454.322,4454.322,4501.798,STOP,0.001,2.3579,0.4612,23.579,-2.3897,-1.0135,0.646,1.064,235,0.328,3.392,0.05,0.12,0.0,clear,compression -> confirmed range break + momentum,508.8426
2026-06-03 19:42:00+00:00,2026-06-03 21:00:00+00:00,XAUUSD,LONG,LIQUIDITY_REVERSAL,BEAR,0.949,85.0,A,NEWYORK,4440.051,4421.647,4458.454,4458.454,4444.179,SESSION_END,0.001,1.8403,0.3617,18.403,0.4129,0.2243,0.649,0.041,78,0.211,3.583,0.05,0.05,0.0,clear,sweep + rejection + CHoCH + displacement,509.2554
2026-06-04 02:36:00+00:00,2026-06-04 10:36:00+00:00,XAUUSD,LONG,BREAKOUT,EXPANSION,0.924,50.0,NO_TRADE,ASIA,4468.925,4443.654,4494.197,4494.197,4465.448,TIME,0.001,2.5271,0.4962,25.271,-0.3477,-0.1376,0.59,0.541,480,0.461,6.151,0.05,0.05,0.0,clear,compression -> confirmed range break + momentum,508.9077
2026-06-05 00:02:00+00:00,2026-06-05 01:20:00+00:00,XAUUSD,SHORT,BREAKOUT,COMPRESSION,0.979,65.0,NO_TRADE,ASIA,4467.446,4483.824,4451.069,4451.069,4451.258,TP2,0.001,1.6377,0.3218,16.377,1.6189,0.9885,1.035,0.395,78,0.303,2.853,0.05,0.0,0.0,clear,compression -> confirmed range break + momentum,510.5266
2026-06-05 02:57:00+00:00,2026-06-05 10:57:00+00:00,XAUUSD,SHORT,BREAKOUT,BEAR,0.839,65.0,NO_TRADE,ASIA,4447.155,4472.581,4421.73,4421.73,4463.734,TIME,0.001,2.5426,0.498,25.426,-1.6579,-0.6521,0.74,0.87,480,0.479,6.236,0.05,0.05,0.0,clear,compression -> confirmed range break + momentum,508.8687
2026-06-09 00:31:00+00:00,2026-06-09 04:07:00+00:00,XAUUSD,SHORT,BREAKOUT,COMPRESSION,0.984,95.0,A+,ASIA,4320.295,4341.138,4299.452,4299.452,4341.432,STOP,0.001,2.0843,0.4096,20.843,-2.1137,-1.0141,0.369,1.011,216,0.28,2.724,0.05,0.12,0.0,clear,compression -> confirmed range break + momentum,506.755
2026-06-09 06:46:00+00:00,2026-06-09 08:15:00+00:00,XAUUSD,LONG,BREAKOUT,COMPRESSION,0.953,55.0,NO_TRADE,ASIA,4343.676,4323.203,4364.148,4364.148,4322.98,STOP,0.001,2.0473,0.404,20.473,-2.0696,-1.0109,0.242,1.031,89,0.362,5.003,0.05,0.12,0.0,clear,compression -> confirmed range break + momentum,504.6854
2026-06-15 12:42:00+00:00,2026-06-15 13:16:00+00:00,XAUUSD,LONG,BREAKOUT,STRONG_BULL,0.975,65.0,NO_TRADE,OVERLAP,4345.515,4329.797,4361.232,4361.232,4329.59,STOP,0.001,1.5718,0.3114,15.718,-1.5925,-1.0132,0.0,1.125,34,0.16,3.86,0.05,0.12,0.0,clear,compression -> confirmed range break + momentum,503.0929
2026-06-15 14:21:00+00:00,2026-06-15 18:19:00+00:00,XAUUSD,LONG,BREAKOUT,COMPRESSION,0.995,80.0,B,OVERLAP,4352.551,4330.406,4374.696,4374.696,4330.171,STOP,0.001,2.2145,0.4402,22.145,-2.238,-1.0106,0.765,1.017,238,0.192,5.305,0.05,0.12,0.0,clear,compression -> confirmed range break + momentum,500.855
2026-06-16 04:44:00+00:00,2026-06-16 12:44:00+00:00,XAUUSD,LONG,BREAKOUT,COMPRESSION,0.968,70.0,NO_TRADE,ASIA,4330.035,4308.806,4351.263,4351.263,4338.756,TIME,0.001,2.1228,0.4238,21.228,0.8722,0.4108,0.91,0.797,480,0.359,4.065,0.05,0.05,0.0,clear,compression -> confirmed range break + momentum,501.7271
2026-06-16 13:12:00+00:00,2026-06-16 15:27:00+00:00,XAUUSD,LONG,LIQUIDITY_REVERSAL,LIQUIDITY_REVERSAL,0.8,95.0,A+,OVERLAP,4343.65,4320.484,4366.815,4366.815,4320.243,STOP,0.001,2.3165,0.4617,23.165,-2.3407,-1.0104,0.486,1.134,135,0.189,3.801,0.05,0.12,0.0,clear,sweep + rejection + CHoCH + displacement,499.3865
2026-06-17 00:46:00+00:00,2026-06-17 02:06:00+00:00,XAUUSD,SHORT,LIQUIDITY_REVERSAL,CHOPPY,0.568,80.0,B,ASIA,4332.041,4346.528,4317.554,4317.554,4346.835,STOP,0.001,1.4487,0.2901,14.487,-1.4794,-1.0211,0.249,1.071,80,0.293,2.192,0.05,0.12,0.0,clear,sweep + rejection + CHoCH + displacement,497.9071
2026-06-19 00:16:00+00:00,2026-06-19 03:07:00+00:00,XAUUSD,SHORT,BREAKOUT,STRONG_BEAR,0.928,95.0,A+,ASIA,4197.916,4214.726,4181.106,4181.106,4181.269,TP2,0.001,1.681,0.3376,16.81,1.6647,0.9903,1.068,0.058,171,0.338,4.126,0.05,0.0,0.0,clear,compression -> confirmed range break + momentum,499.5718
2026-06-19 03:22:00+00:00,2026-06-19 04:58:00+00:00,XAUUSD,SHORT,BREAKOUT,STRONG_BEAR,1.0,80.0,B,ASIA,4177.051,4201.277,4152.826,4152.826,4153.001,TP2,0.001,2.4226,0.4849,24.226,2.4051,0.9928,1.309,0.272,96,0.347,4.305,0.05,0.0,0.0,clear,compression -> confirmed range break + momentum,501.9768
2026-06-22 11:16:00+00:00,2026-06-22 13:58:00+00:00,XAUUSD,LONG,BREAKOUT,COMPRESSION,0.953,65.0,NO_TRADE,LONDON,4210.808,4193.647,4227.969,4227.969,4193.433,STOP,0.001,1.7161,0.3419,17.161,-1.7375,-1.0125,0.245,1.04,162,0.207,4.214,0.05,0.12,0.0,clear,compression -> confirmed range break + momentum,500.2393
2026-06-22 14:35:00+00:00,2026-06-22 15:08:00+00:00,XAUUSD,SHORT,BREAKOUT,COMPRESSION,0.937,70.0,NO_TRADE,OVERLAP,4185.663,4206.038,4165.289,4165.289,4206.274,STOP,0.001,2.0375,0.4073,20.375,-2.0611,-1.0116,0.0,1.226,33,0.203,4.779,0.05,0.12,0.0,clear,compression -> confirmed range break + momentum,498.1782
2026-06-23 02:31:00+00:00,2026-06-23 02:46:00+00:00,XAUUSD,SHORT,BREAKOUT,COMPRESSION,0.911,65.0,NO_TRADE,ASIA,4174.2,4197.157,4151.244,4151.244,4151.496,TP2,0.001,2.2957,0.4608,22.957,2.2704,0.989,1.035,0.055,15,0.449,5.444,0.05,0.0,0.0,clear,compression -> confirmed range break + momentum,500.4486
2026-06-26 00:51:00+00:00,2026-06-26 03:38:00+00:00,XAUUSD,SHORT,BREAKOUT,COMPRESSION,0.947,80.0,B,ASIA,4017.393,4040.63,3994.156,3994.156,3994.344,TP2,0.001,2.3237,0.4643,23.237,2.3049,0.9919,1.119,0.514,167,0.324,4.566,0.05,0.0,0.0,clear,compression -> confirmed range break + momentum,502.7535
2026-06-30 01:36:00+00:00,2026-06-30 02:02:00+00:00,XAUUSD,SHORT,BREAKOUT,COMPRESSION,0.989,80.0,B,ASIA,4001.508,4023.548,3979.469,3979.469,3979.673,TP2,0.001,2.2039,0.4384,22.039,2.1835,0.9907,1.175,0.0,26,0.373,4.483,0.05,0.0,0.0,clear,compression -> confirmed range break + momentum,504.9371
2026-07-01 11:01:00+00:00,2026-07-01 12:00:00+00:00,XAUUSD,LONG,BREAKOUT,COMPRESSION,0.9,55.0,NO_TRADE,LONDON,3984.204,3968.233,4000.176,4000.176,4000.083,TP2,0.001,1.5971,0.3163,15.971,1.5879,0.9942,1.068,0.193,59,0.199,3.926,0.05,0.0,0.0,clear,compression -> confirmed range break + momentum,506.525
2026-07-03 01:19:00+00:00,2026-07-03 02:03:00+00:00,XAUUSD,LONG,BREAKOUT,COMPRESSION,0.942,65.0,NO_TRADE,ASIA,4133.499,4108.226,4158.772,4158.772,4158.562,TP2,0.001,2.5273,0.4989,25.273,2.5063,0.9917,1.064,0.026,44,0.408,5.039,0.05,0.0,0.0,clear,compression -> confirmed range break + momentum,509.0313
2026-07-07 09:03:00+00:00,2026-07-07 12:35:00+00:00,XAUUSD,SHORT,LIQUIDITY_REVERSAL,LIQUIDITY_REVERSAL,0.8,85.0,A,LONDON,4128.71,4145.306,4112.115,4112.115,4145.519,STOP,0.001,1.6596,0.326,16.596,-1.6809,-1.0129,0.537,1.119,212,0.21,3.973,0.05,0.12,0.0,clear,sweep + rejection + CHoCH + displacement,507.3504
2026-07-08 12:07:00+00:00,2026-07-08 13:45:00+00:00,XAUUSD,SHORT,TREND_CONTINUATION,STRONG_BEAR,0.915,85.0,A,OVERLAP,4053.044,4078.385,4027.702,4027.702,4078.636,STOP,0.001,2.5342,0.4995,25.342,-2.5592,-1.0099,0.47,1.025,98,0.243,6.2,0.05,0.12,0.0,clear,trend pullback + LTF BOS,504.7912
2026-07-10 02:48:00+00:00,2026-07-10 10:48:00+00:00,XAUUSD,SHORT,BREAKOUT,COMPRESSION,0.963,55.0,NO_TRADE,ASIA,4113.608,4135.407,4091.809,4091.809,4103.863,TIME,0.001,2.1799,0.4318,21.799,0.9745,0.447,0.89,0.961,480,0.414,4.87,0.05,0.05,0.0,clear,compression -> confirmed range break + momentum,505.7657
2026-07-10 13:17:00+00:00,2026-07-10 15:33:00+00:00,XAUUSD,LONG,LIQUIDITY_REVERSAL,LIQUIDITY_REVERSAL,1.0,90.0,A+,OVERLAP,4107.821,4083.621,4132.021,4132.021,4083.37,STOP,0.001,2.42,0.4785,24.2,-2.4451,-1.0104,0.19,1.456,136,0.212,4.352,0.05,0.12,0.0,clear,sweep + rejection + CHoCH + displacement,503.3206
2026-07-15 06:16:00+00:00,2026-07-15 13:30:00+00:00,XAUUSD,SHORT,BREAKOUT,BEAR,0.827,85.0,A,ASIA,4026.508,4048.01,4005.007,4005.007,4048.222,STOP,0.001,2.1501,0.4272,21.501,-2.1713,-1.0099,0.435,1.13,434,0.374,3.593,0.05,0.12,0.0,clear,compression -> confirmed range break + momentum,501.1493
2026-07-16 06:39:00+00:00,2026-07-16 13:40:00+00:00,XAUUSD,SHORT,TREND_CONTINUATION,STRONG_BEAR,0.959,80.0,B,ASIA,4027.778,4045.104,4010.453,4010.453,4010.603,TP2,0.001,1.7326,0.3457,17.326,1.7176,0.9913,1.115,0.882,421,0.353,3.212,0.05,0.0,0.0,clear,trend pullback + LTF BOS,502.8669
2026-07-21 13:26:00+00:00,2026-07-21 16:33:00+00:00,XAUUSD,LONG,LIQUIDITY_REVERSAL,LIQUIDITY_REVERSAL,1.0,95.0,A+,OVERLAP,4060.923,4039.54,4082.305,4082.305,4082.159,TP2,0.001,2.1382,0.4252,21.382,2.1237,0.9932,1.012,0.784,187,0.196,3.673,0.05,0.0,0.0,clear,sweep + rejection + CHoCH + displacement,504.9905
2026-07-22 10:58:00+00:00,2026-07-22 14:31:00+00:00,XAUUSD,SHORT,LIQUIDITY_REVERSAL,LIQUIDITY_REVERSAL,0.8,85.0,A,LONDON,4114.599,4137.948,4091.251,4091.251,4138.19,STOP,0.001,2.3349,0.4624,23.349,-2.359,-1.0104,0.314,1.264,213,0.211,3.497,0.05,0.12,0.0,clear,sweep + rejection + CHoCH + displacement,502.6315
2026-07-24 06:23:00+00:00,2026-07-24 08:09:00+00:00,XAUUSD,SHORT,TREND_CONTINUATION,STRONG_BEAR,1.0,100.0,A+,ASIA,4027.163,4043.697,4010.63,4010.63,4043.926,STOP,0.001,1.6533,0.3289,16.533,-1.6762,-1.0139,0.333,1.12,106,0.343,2.976,0.05,0.12,0.0,clear,trend pullback + LTF BOS,500.9552
2026-07-28 02:20:00+00:00,2026-07-28 10:20:00+00:00,XAUUSD,SHORT,BREAKOUT,EXPANSION,0.829,45.0,NO_TRADE,ASIA,4053.007,4073.474,4032.54,4032.54,4043.576,TIME,0.001,2.0467,0.4086,20.467,0.9431,0.4608,0.908,0.098,480,0.437,3.994,0.05,0.05,0.0,clear,compression -> confirmed range break + momentum,501.8983
2026-07-28 10:41:00+00:00,2026-07-28 15:22:00+00:00,XAUUSD,SHORT,BREAKOUT,COMPRESSION,0.932,85.0,A,LONDON,4032.437,4052.703,4012.171,4012.171,4012.308,TP2,0.001,2.0266,0.4038,20.266,2.0129,0.9932,1.015,0.273,281,0.236,3.823,0.05,0.0,0.0,clear,compression -> confirmed range break + momentum,503.9112
2026-07-31 01:31:00+00:00,2026-07-31 03:51:00+00:00,XAUUSD,SHORT,BREAKOUT,COMPRESSION,0.947,80.0,B,ASIA,4096.689,4119.248,4074.129,4074.129,4074.3,TP2,0.001,2.2559,0.4477,22.559,2.2389,0.9924,1.017,0.206,140,0.313,3.472,0.05,0.0,0.0,clear,compression -> confirmed range break + momentum,506.1501
2026-07-31 11:26:00+00:00,2026-07-31 13:51:00+00:00,XAUUSD,LONG,LIQUIDITY_REVERSAL,LIQUIDITY_REVERSAL,0.8,90.0,A+,LONDON,4054.298,4040.877,4067.719,4067.719,4040.657,STOP,0.001,1.3421,0.2652,13.421,-1.3641,-1.0164,0.489,1.007,145,0.186,3.286,0.05,0.12,0.0,clear,sweep + rejection + CHoCH + displacement,504.7859
2026-08-03 14:51:00+00:00,2026-08-03 20:30:00+00:00,XAUUSD,SHORT,BREAKOUT,BEAR,0.836,100.0,A+,OVERLAP,4030.667,4054.18,4007.153,4007.153,4054.406,STOP,0.001,2.3513,0.4658,23.513,-2.3739,-1.0096,0.18,1.065,339,0.256,5.749,0.05,0.12,0.0,clear,compression -> confirmed range break + momentum,502.412
2026-08-12 01:24:00+00:00,2026-08-12 02:50:00+00:00,XAUUSD,LONG,BREAKOUT,COMPRESSION,0.989,70.0,NO_TRADE,ASIA,4378.657,4360.754,4396.559,4396.559,4396.356,TP2,0.001,1.7903,0.3563,17.903,1.7699,0.9886,1.013,0.073,86,0.383,4.202,0.05,0.0,0.0,clear,compression -> confirmed range break + momentum,504.182
2026-08-12 02:55:00+00:00,2026-08-12 03:54:00+00:00,XAUUSD,LONG,BREAKOUT,BULL,0.834,70.0,NO_TRADE,ASIA,4395.255,4376.351,4414.158,4414.158,4413.953,TP2,0.001,1.8904,0.3749,18.904,1.8699,0.9892,1.004,0.122,59,0.399,4.395,0.05,0.0,0.0,clear,compression -> confirmed range break + momentum,506.0519
2026-08-12 06:32:00+00:00,2026-08-12 10:23:00+00:00,XAUUSD,LONG,LIQUIDITY_REVERSAL,BULL,0.863,85.0,A,ASIA,4396.223,4371.603,4420.843,4420.843,4420.746,TP2,0.001,2.462,0.4865,24.62,2.4523,0.9961,1.034,0.511,231,0.356,3.51,0.05,0.0,0.0,clear,sweep + rejection + CHoCH + displacement,508.5042
2026-08-13 01:11:00+00:00,2026-08-13 01:34:00+00:00,XAUUSD,LONG,BREAKOUT,COMPRESSION,0.958,80.0,B,ASIA,4419.973,4401.618,4438.327,4438.327,4438.125,TP2,0.001,1.8355,0.361,18.355,1.8152,0.989,1.606,0.069,23,0.336,3.036,0.05,0.0,0.0,clear,compression -> confirmed range break + momentum,510.3194
2026-08-17 11:34:00+00:00,2026-08-17 15:22:00+00:00,XAUUSD,LONG,LIQUIDITY_REVERSAL,LIQUIDITY_REVERSAL,1.0,90.0,A+,LONDON,4398.805,4375.117,4422.492,4422.492,4422.35,TP2,0.001,2.3687,0.4642,23.687,2.3545,0.994,1.0,0.93,228,0.219,3.862,0.05,0.0,0.0,clear,sweep + rejection + CHoCH + displacement,512.6739
2026-08-18 20:46:00+00:00,2026-08-18 21:00:00+00:00,XAUUSD,SHORT,TREND_CONTINUATION,STRONG_BEAR,0.942,85.0,A,NEWYORK,4352.409,4373.235,4331.584,4331.584,4344.34,SESSION_END,0.001,2.0825,0.4062,20.825,0.8069,0.3875,0.682,0.0,14,0.251,3.919,0.05,0.05,0.0,clear,trend pullback + LTF BOS,513.4808
2026-08-19 02:13:00+00:00,2026-08-19 10:13:00+00:00,XAUUSD,SHORT,LIQUIDITY_REVERSAL,LIQUIDITY_REVERSAL,0.7,95.0,A+,ASIA,4339.884,4363.391,4316.378,4316.378,4355.682,TIME,0.001,2.3507,0.4578,23.507,-1.5798,-0.6721,0.301,0.988,480,0.501,5.762,0.05,0.05,0.0,clear,sweep + rejection + CHoCH + displacement,511.9011
2026-08-21 05:31:00+00:00,2026-08-21 09:19:00+00:00,XAUUSD,LONG,BREAKOUT,BULL,0.881,100.0,A+,ASIA,4547.618,4524.682,4570.554,4570.554,4570.433,TP2,0.001,2.2936,0.4481,22.936,2.2815,0.9947,1.118,0.81,228,0.405,4.738,0.05,0.0,0.0,clear,compression -> confirmed range break + momentum,514.1826
2026-08-21 11:04:00+00:00,2026-08-21 16:45:00+00:00,XAUUSD,LONG,TREND_CONTINUATION,STRONG_BULL,1.0,100.0,A+,LONDON,4586.92,4563.076,4610.765,4610.765,4610.614,TP2,0.001,2.3844,0.4637,23.844,2.3694,0.9937,1.003,0.993,341,0.231,5.251,0.05,0.0,0.0,clear,trend pullback + LTF BOS,516.5519
