ts_open,ts_close,symbol,direction,strategy,regime,regime_conf,setup_score,grade,session,entry,stop,tp1,tp2,exit,exit_reason,lots,risk_money,risk_percent,r_distance,pnl,r_multiple,mfe_r,mae_r,bars_held,spread,atr,entry_slippage,exit_slippage,commission,news_status,entry_reason,equity_after
2024-01-22 14:56:00+00:00,2024-01-22 21:00:00+00:00,XAUUSD,LONG,LIQUIDITY_REVERSAL,LIQUIDITY_REVERSAL,0.8,100.0,A+,OVERLAP,2023.753,2000.61,2046.895,2046.895,2020.204,SESSION_END,0.001,2.3142,0.4628,23.142,-0.3549,-0.1534,0.116,0.203,364,0.335,2.184,0.05,0.05,0.0,clear,sweep + rejection + CHoCH + displacement,499.6451
2024-02-01 13:31:00+00:00,2024-02-01 14:14:00+00:00,XAUUSD,LONG,LIQUIDITY_REVERSAL,LIQUIDITY_REVERSAL,0.8,90.0,A+,OVERLAP,2034.379,2022.636,2046.121,2046.121,2045.975,TP2,0.002,2.3484,0.47,11.742,2.3192,0.9876,1.04,0.033,43,0.247,1.478,0.05,0.0,0.0,clear,sweep + rejection + CHoCH + displacement,501.9643
2024-02-01 15:01:00+00:00,2024-02-01 16:45:00+00:00,XAUUSD,SHORT,LIQUIDITY_REVERSAL,LIQUIDITY_REVERSAL,0.7,75.0,B,OVERLAP,2044.361,2064.721,2024.001,2024.001,2065.061,STOP,0.001,2.036,0.4056,20.36,-2.07,-1.0167,0.029,1.022,104,0.328,2.327,0.05,0.12,0.0,clear,sweep + rejection + CHoCH + displacement,499.8943
2024-02-02 13:26:00+00:00,2024-02-02 13:31:00+00:00,XAUUSD,SHORT,LIQUIDITY_REVERSAL,LIQUIDITY_REVERSAL,1.0,85.0,A,OVERLAP,2053.542,2066.127,2040.957,2040.957,2041.076,TP2,0.001,1.2585,0.2517,12.585,1.2466,0.9906,1.049,0.015,5,0.226,1.07,0.05,0.0,0.0,clear,sweep + rejection + CHoCH + displacement,501.1409
2024-02-02 14:52:00+00:00,2024-02-02 18:00:00+00:00,XAUUSD,LONG,LIQUIDITY_REVERSAL,LIQUIDITY_REVERSAL,0.8,85.0,A,OVERLAP,2033.632,2014.34,2052.923,2052.923,2034.745,SESSION_END,0.001,1.9292,0.385,19.292,0.1113,0.0577,0.196,0.271,188,0.473,2.913,0.05,0.05,0.0,clear,sweep + rejection + CHoCH + displacement,501.2522
2024-02-09 13:36:00+00:00,2024-02-09 18:00:00+00:00,XAUUSD,LONG,LIQUIDITY_REVERSAL,LIQUIDITY_REVERSAL,1.0,85.0,A,OVERLAP,2030.917,2013.779,2048.056,2048.056,2024.543,SESSION_END,0.001,1.7139,0.3419,17.139,-0.6375,-0.3719,0.05,0.626,264,0.345,1.649,0.05,0.05,0.0,clear,sweep + rejection + CHoCH + displacement,500.6148
2024-02-16 15:11:00+00:00,2024-02-16 18:00:00+00:00,XAUUSD,LONG,LIQUIDITY_REVERSAL,LIQUIDITY_REVERSAL,1.0,95.0,A+,OVERLAP,2002.325,1979.781,2024.868,2024.868,2012.738,SESSION_END,0.001,2.2544,0.4503,22.544,1.0414,0.4619,0.531,0.0,169,0.499,2.259,0.05,0.05,0.0,clear,sweep + rejection + CHoCH + displacement,501.6561
2024-03-06 13:31:00+00:00,2024-03-06 17:03:00+00:00,XAUUSD,SHORT,LIQUIDITY_REVERSAL,LIQUIDITY_REVERSAL,0.7,75.0,B,OVERLAP,2132.28,2149.866,2114.694,2114.694,2150.216,STOP,0.001,1.7586,0.3506,17.586,-1.7936,-1.0199,0.026,1.002,212,0.256,1.535,0.05,0.12,0.0,clear,sweep + rejection + CHoCH + displacement,499.8625
2024-03-07 11:06:00+00:00,2024-03-07 19:06:00+00:00,XAUUSD,SHORT,LIQUIDITY_REVERSAL,LIQUIDITY_REVERSAL,0.7,80.0,B,LONDON,2154.768,2165.294,2144.242,2144.242,2157.313,TIME,0.002,2.1051,0.4211,10.526,-0.509,-0.2418,0.66,0.937,480,0.214,1.158,0.05,0.05,0.0,clear,sweep + rejection + CHoCH + displacement,499.3535
2024-03-11 18:58:00+00:00,2024-03-11 22:00:00+00:00,XAUUSD,LONG,LIQUIDITY_REVERSAL,LIQUIDITY_REVERSAL,0.8,90.0,A+,NEWYORK,2180.55,2169.527,2191.573,2191.573,2181.521,SESSION_END,0.002,2.2046,0.4415,11.023,0.1942,0.0881,0.317,0.002,121,0.229,1.144,0.05,0.05,0.0,clear,sweep + rejection + CHoCH + displacement,499.5476
2024-03-12 12:22:00+00:00,2024-03-12 14:09:00+00:00,XAUUSD,SHORT,BREAKOUT,EXPANSION,0.876,55.0,NO_TRADE,OVERLAP,2168.642,2183.647,2153.637,2153.637,2153.91,TP2,0.001,1.5005,0.3004,15.005,1.4732,0.9818,1.031,0.881,107,0.246,1.443,0.05,0.0,0.0,clear,compression -> confirmed range break + momentum,501.0209
2024-03-19 12:26:00+00:00,2024-03-19 20:26:00+00:00,XAUUSD,SHORT,LIQUIDITY_REVERSAL,LIQUIDITY_REVERSAL,1.0,100.0,A+,OVERLAP,2152.819,2165.666,2139.973,2139.973,2158.326,TIME,0.001,1.2847,0.2564,12.847,-0.5507,-0.4287,0.353,0.451,480,0.231,1.308,0.05,0.05,0.0,clear,sweep + rejection + CHoCH + displacement,500.4702
2024-03-27 11:46:00+00:00,2024-03-27 19:46:00+00:00,XAUUSD,SHORT,LIQUIDITY_REVERSAL,LIQUIDITY_REVERSAL,1.0,85.0,A,LONDON,2190.953,2210.746,2171.16,2171.16,2191.709,TIME,0.001,1.9793,0.3955,19.793,-0.0756,-0.0382,0.38,0.211,480,0.324,1.975,0.05,0.05,0.0,clear,sweep + rejection + CHoCH + displacement,500.3946
2024-04-01 10:28:00+00:00,2024-04-01 15:02:00+00:00,XAUUSD,SHORT,LIQUIDITY_REVERSAL,LIQUIDITY_REVERSAL,0.7,70.0,NO_TRADE,LONDON,2253.483,2268.591,2238.375,2238.375,2238.527,TP2,0.001,1.5108,0.3019,15.108,1.4957,0.99,1.073,0.283,274,0.203,1.302,0.05,0.0,0.0,clear,sweep + rejection + CHoCH + displacement,501.8903
2024-04-04 13:51:00+00:00,2024-04-04 19:54:00+00:00,XAUUSD,LONG,LIQUIDITY_REVERSAL,LIQUIDITY_REVERSAL,0.7,90.0,A+,OVERLAP,2287.443,2271.583,2303.302,2303.302,2303.138,TP2,0.001,1.586,0.316,15.86,1.5695,0.9896,1.004,0.176,363,0.256,2.265,0.05,0.0,0.0,clear,sweep + rejection + CHoCH + displacement,503.4598
2024-04-05 13:39:00+00:00,2024-04-05 15:26:00+00:00,XAUUSD,SHORT,LIQUIDITY_REVERSAL,LIQUIDITY_REVERSAL,1.0,85.0,A,OVERLAP,2290.244,2308.888,2271.6,2271.6,2309.2,STOP,0.001,1.8644,0.3703,18.644,-1.8956,-1.0167,0.328,1.069,107,0.283,2.87,0.05,0.12,0.0,clear,sweep + rejection + CHoCH + displacement,501.5641
2024-04-08 14:36:00+00:00,2024-04-08 21:00:00+00:00,XAUUSD,SHORT,LIQUIDITY_REVERSAL,LIQUIDITY_REVERSAL,0.8,75.0,B,OVERLAP,2330.63,2347.83,2313.429,2313.429,2338.961,SESSION_END,0.001,1.7201,0.3429,17.201,-0.8331,-0.4843,0.701,0.656,384,0.27,3.821,0.05,0.05,0.0,clear,sweep + rejection + CHoCH + displacement,500.731
2024-04-09 02:16:00+00:00,2024-04-09 10:16:00+00:00,XAUUSD,LONG,BREAKOUT,COMPRESSION,0.963,80.0,B,ASIA,2343.893,2324.58,2363.205,2363.205,2360.015,TIME,0.001,1.9313,0.3857,19.313,1.6122,0.8348,0.9,0.289,480,0.315,1.633,0.05,0.05,0.0,clear,compression -> confirmed range break + momentum,502.3432
2024-04-09 10:21:00+00:00,2024-04-09 13:24:00+00:00,XAUUSD,LONG,BREAKOUT,STRONG_BULL,1.0,85.0,A,LONDON,2362.325,2349.364,2375.287,2375.287,2349.141,STOP,0.001,1.2961,0.258,12.961,-1.3185,-1.0173,0.221,1.005,183,0.201,1.934,0.05,0.12,0.0,clear,compression -> confirmed range break + momentum,501.0248
2024-04-09 20:11:00+00:00,2024-04-09 21:00:00+00:00,XAUUSD,SHORT,LIQUIDITY_REVERSAL,LIQUIDITY_REVERSAL,0.8,85.0,A,NEWYORK,2345.978,2358.372,2333.583,2333.583,2351.359,SESSION_END,0.002,2.4789,0.4948,12.394,-1.0763,-0.4342,0.068,0.44,49,0.22,1.664,0.05,0.05,0.0,clear,sweep + rejection + CHoCH + displacement,499.9485
2024-04-10 14:22:00+00:00,2024-04-10 15:20:00+00:00,XAUUSD,SHORT,BREAKOUT,EXPANSION,0.95,65.0,NO_TRADE,OVERLAP,2326.293,2348.54,2304.046,2304.046,2348.916,STOP,0.001,2.2247,0.445,22.247,-2.2623,-1.0169,0.316,1.071,58,0.471,5.416,0.05,0.12,0.0,clear,compression -> confirmed range break + momentum,497.6861
2024-04-12 00:52:00+00:00,2024-04-12 03:03:00+00:00,XAUUSD,LONG,TREND_CONTINUATION,STRONG_BULL,0.933,85.0,A,ASIA,2376.719,2361.367,2392.07,2392.07,2391.814,TP2,0.001,1.5351,0.3085,15.351,1.5096,0.9834,1.089,0.145,131,0.347,1.647,0.05,0.0,0.0,clear,trend pullback + LTF BOS,499.1957
2024-04-12 08:13:00+00:00,2024-04-12 15:03:00+00:00,XAUUSD,LONG,BREAKOUT,STRONG_BULL,1.0,70.0,NO_TRADE,LONDON,2396.673,2385.399,2407.946,2407.946,2407.804,TP2,0.002,2.2547,0.4517,11.273,2.2263,0.9874,1.043,0.564,410,0.236,2.208,0.05,0.0,0.0,clear,compression -> confirmed range break + momentum,501.422
2024-04-12 15:11:00+00:00,2024-04-12 15:56:00+00:00,XAUUSD,LONG,BREAKOUT,BULL,1.0,95.0,A+,OVERLAP,2405.98,2387.158,2424.802,2424.802,2424.634,TP2,0.001,1.8822,0.3754,18.822,1.8654,0.9911,1.095,0.0,45,0.304,3.999,0.05,0.0,0.0,clear,compression -> confirmed range break + momentum,503.2874
2024-04-16 13:26:00+00:00,2024-04-16 16:03:00+00:00,XAUUSD,SHORT,LIQUIDITY_REVERSAL,LIQUIDITY_REVERSAL,1.0,80.0,B,OVERLAP,2369.619,2387.712,2351.527,2351.527,2388.025,STOP,0.001,1.8093,0.3595,18.093,-1.8406,-1.0173,0.342,1.028,157,0.191,2.13,0.05,0.12,0.0,clear,sweep + rejection + CHoCH + displacement,501.4468
2024-04-16 18:02:00+00:00,2024-04-16 18:52:00+00:00,XAUUSD,LONG,BREAKOUT,BULL,0.765,70.0,NO_TRADE,NEWYORK,2394.99,2380.101,2409.878,2409.878,2379.812,STOP,0.001,1.4889,0.2969,14.889,-1.5177,-1.0194,0.028,1.033,50,0.323,3.613,0.05,0.12,0.0,clear,compression -> confirmed range break + momentum,499.9291
2024-04-16 20:36:00+00:00,2024-04-16 21:00:00+00:00,XAUUSD,SHORT,LIQUIDITY_REVERSAL,LIQUIDITY_REVERSAL,1.0,85.0,A,NEWYORK,2389.329,2408.364,2370.293,2370.293,2390.33,SESSION_END,0.001,1.9036,0.3808,19.036,-0.1002,-0.0526,0.021,0.122,24,0.273,2.928,0.05,0.05,0.0,clear,sweep + rejection + CHoCH + displacement,499.8289
2024-04-18 11:26:00+00:00,2024-04-18 19:26:00+00:00,XAUUSD,LONG,LIQUIDITY_REVERSAL,LIQUIDITY_REVERSAL,1.0,80.0,B,LONDON,2381.86,2367.037,2396.684,2396.684,2380.8,TIME,0.001,1.4823,0.2966,14.823,-0.106,-0.0715,0.726,0.836,480,0.19,1.331,0.05,0.05,0.0,clear,sweep + rejection + CHoCH + displacement,499.7229
2024-04-22 13:56:00+00:00,2024-04-22 21:00:00+00:00,XAUUSD,SHORT,BREAKOUT,STRONG_BEAR,0.975,85.0,A,OVERLAP,2336.179,2354.596,2317.761,2317.761,2329.944,SESSION_END,0.001,1.8418,0.3686,18.418,0.6234,0.3385,0.631,0.408,424,0.252,3.469,0.05,0.05,0.0,clear,compression -> confirmed range break + momentum,500.3463
2024-04-30 07:06:00+00:00,2024-04-30 13:24:00+00:00,XAUUSD,SHORT,BREAKOUT,STRONG_BEAR,0.935,80.0,B,LONDON,2320.339,2331.949,2308.729,2308.729,2308.832,TP2,0.002,2.322,0.4641,11.61,2.3014,0.9911,1.059,0.235,378,0.212,1.485,0.05,0.0,0.0,clear,compression -> confirmed range break + momentum,502.6477
2024-05-01 19:10:00+00:00,2024-05-01 19:42:00+00:00,XAUUSD,LONG,LIQUIDITY_REVERSAL,LIQUIDITY_REVERSAL,0.7,85.0,A,NEWYORK,2301.881,2280.846,2322.916,2322.916,2322.675,TP2,0.001,2.1035,0.4185,21.035,2.0794,0.9886,1.002,0.006,32,0.372,3.076,0.05,0.0,0.0,clear,sweep + rejection + CHoCH + displacement,504.7272
2024-05-06 08:31:00+00:00,2024-05-06 16:31:00+00:00,XAUUSD,LONG,TREND_CONTINUATION,STRONG_BULL,0.883,85.0,A,LONDON,2317.033,2301.744,2332.321,2332.321,2322.094,TIME,0.001,1.5289,0.3029,15.289,0.5062,0.3311,0.978,0.167,480,0.235,1.646,0.05,0.05,0.0,clear,trend pullback + LTF BOS,505.2333
2024-05-08 09:46:00+00:00,2024-05-08 17:46:00+00:00,XAUUSD,LONG,LIQUIDITY_REVERSAL,LIQUIDITY_REVERSAL,0.8,75.0,B,LONDON,2309.089,2293.235,2324.944,2324.944,2316.528,TIME,0.001,1.5854,0.3138,15.854,0.7439,0.4692,0.748,0.153,480,0.268,1.785,0.05,0.05,0.0,clear,sweep + rejection + CHoCH + displacement,505.9772
2024-05-10 07:16:00+00:00,2024-05-10 10:09:00+00:00,XAUUSD,LONG,BREAKOUT,STRONG_BULL,0.967,85.0,A,LONDON,2360.539,2347.808,2373.27,2373.27,2373.138,TP2,0.001,1.2731,0.2516,12.731,1.2599,0.9897,1.005,0.029,173,0.268,1.781,0.05,0.0,0.0,clear,compression -> confirmed range break + momentum,507.2371
2024-05-21 03:01:00+00:00,2024-05-21 11:01:00+00:00,XAUUSD,SHORT,BREAKOUT,COMPRESSION,0.979,65.0,NO_TRADE,ASIA,2420.445,2442.757,2398.133,2398.133,2417.618,TIME,0.001,2.2312,0.4399,22.312,0.2828,0.1267,0.64,0.092,480,0.44,2.804,0.05,0.05,0.0,clear,compression -> confirmed range break + momentum,507.5199
2024-05-22 13:28:00+00:00,2024-05-22 15:19:00+00:00,XAUUSD,LONG,LIQUIDITY_REVERSAL,LIQUIDITY_REVERSAL,1.0,100.0,A+,OVERLAP,2414.031,2388.683,2439.379,2439.379,2388.401,STOP,0.001,2.5348,0.4994,25.348,-2.563,-1.0111,0.037,1.005,111,0.226,2.194,0.05,0.12,0.0,clear,sweep + rejection + CHoCH + displacement,504.9569
2024-05-23 08:15:00+00:00,2024-05-23 15:33:00+00:00,XAUUSD,SHORT,TREND_CONTINUATION,BEAR,0.636,85.0,A,LONDON,2361.996,2378.356,2345.637,2345.637,2345.832,TP2,0.001,1.636,0.324,16.36,1.6164,0.9881,1.166,0.471,438,0.264,2.257,0.05,0.0,0.0,clear,trend pullback + LTF BOS,506.5733
2024-05-24 02:21:00+00:00,2024-05-24 10:21:00+00:00,XAUUSD,LONG,LIQUIDITY_REVERSAL,LIQUIDITY_REVERSAL,1.0,80.0,B,ASIA,2332.549,2313.778,2351.319,2351.319,2341.321,TIME,0.001,1.8771,0.3705,18.771,0.8772,0.4673,0.563,0.388,480,0.342,1.622,0.05,0.05,0.0,clear,sweep + rejection + CHoCH + displacement,507.4505
2024-05-30 06:36:00+00:00,2024-05-30 14:36:00+00:00,XAUUSD,SHORT,BREAKOUT,BEAR,0.898,80.0,B,ASIA,2327.237,2345.924,2308.549,2308.549,2346.184,STOP,0.001,1.8687,0.3683,18.687,-1.8948,-1.0139,0.256,1.002,480,0.436,1.694,0.05,0.12,0.0,clear,compression -> confirmed range break + momentum,505.5557
2024-06-04 16:07:00+00:00,2024-06-04 21:00:00+00:00,XAUUSD,LONG,LIQUIDITY_REVERSAL,LIQUIDITY_REVERSAL,0.8,65.0,NO_TRADE,NEWYORK,2322.347,2301.868,2342.826,2342.826,2326.477,SESSION_END,0.001,2.0479,0.4051,20.479,0.4129,0.2016,0.383,0.089,293,0.425,3.635,0.05,0.05,0.0,clear,sweep + rejection + CHoCH + displacement,505.9687
2024-06-10 07:36:00+00:00,2024-06-10 12:55:00+00:00,XAUUSD,SHORT,LIQUIDITY_REVERSAL,LIQUIDITY_REVERSAL,0.7,85.0,A,LONDON,2292.946,2304.553,2281.339,2281.339,2304.761,STOP,0.002,2.3214,0.4588,11.607,-2.363,-1.0179,0.455,1.025,319,0.218,1.811,0.05,0.12,0.0,clear,sweep + rejection + CHoCH + displacement,503.6057
2024-06-12 13:19:00+00:00,2024-06-12 13:30:00+00:00,XAUUSD,LONG,LIQUIDITY_REVERSAL,CHOPPY,0.716,85.0,A,OVERLAP,2314.916,2304.083,2325.75,2325.75,2325.643,TP2,0.002,2.1667,0.4302,10.834,2.1453,0.9901,1.195,0.25,11,0.183,1.07,0.05,0.0,0.0,clear,sweep + rejection + CHoCH + displacement,505.751
2024-06-14 15:11:00+00:00,2024-06-14 18:00:00+00:00,XAUUSD,LONG,TREND_CONTINUATION,BULL,0.585,85.0,A,OVERLAP,2330.604,2309.342,2351.866,2351.866,2328.663,SESSION_END,0.001,2.1262,0.4204,21.262,-0.1941,-0.0913,0.224,0.313,169,0.317,2.789,0.05,0.05,0.0,clear,trend pullback + LTF BOS,505.557
2024-06-24 10:32:00+00:00,2024-06-24 18:32:00+00:00,XAUUSD,SHORT,LIQUIDITY_REVERSAL,LIQUIDITY_REVERSAL,0.7,100.0,A+,LONDON,2326.584,2339.349,2313.82,2313.82,2331.461,TIME,0.001,1.2765,0.2525,12.765,-0.4876,-0.382,0.467,0.563,480,0.261,1.726,0.05,0.05,0.0,clear,sweep + rejection + CHoCH + displacement,505.0693
2024-06-26 15:35:00+00:00,2024-06-26 21:00:00+00:00,XAUUSD,SHORT,TREND_CONTINUATION,BEAR,1.0,80.0,B,OVERLAP,2296.781,2311.745,2281.818,2281.818,2299.473,SESSION_END,0.001,1.4964,0.2963,14.964,-0.2691,-0.1799,0.102,0.485,325,0.313,2.925,0.05,0.05,0.0,clear,trend pullback + LTF BOS,504.8002
2024-07-03 07:47:00+00:00,2024-07-03 13:30:00+00:00,XAUUSD,LONG,BREAKOUT,BULL,0.883,85.0,A,LONDON,2337.73,2324.806,2350.655,2350.655,2350.539,TP2,0.001,1.2925,0.256,12.925,1.2809,0.991,1.015,0.141,343,0.27,1.373,0.05,0.0,0.0,clear,compression -> confirmed range break + momentum,506.0811
2024-07-12 13:36:00+00:00,2024-07-12 18:00:00+00:00,XAUUSD,SHORT,LIQUIDITY_REVERSAL,LIQUIDITY_REVERSAL,1.0,85.0,A,OVERLAP,2397.41,2419.014,2375.805,2375.805,2415.621,SESSION_END,0.001,2.1604,0.4269,21.604,-1.8211,-0.8429,0.282,0.9,264,0.27,2.118,0.05,0.05,0.0,clear,sweep + rejection + CHoCH + displacement,504.26
2024-07-18 13:46:00+00:00,2024-07-18 20:06:00+00:00,XAUUSD,SHORT,LIQUIDITY_REVERSAL,CHOPPY,0.562,85.0,A,OVERLAP,2463.646,2480.138,2447.154,2447.154,2447.274,TP2,0.001,1.6492,0.327,16.492,1.6372,0.9927,1.049,0.372,380,0.218,1.964,0.05,0.0,0.0,clear,sweep + rejection + CHoCH + displacement,505.8972
2024-07-22 07:01:00+00:00,2024-07-22 15:01:00+00:00,XAUUSD,SHORT,LIQUIDITY_REVERSAL,LIQUIDITY_REVERSAL,1.0,85.0,A,LONDON,2401.372,2418.057,2384.687,2384.687,2391.905,TIME,0.001,1.6685,0.3298,16.685,0.9467,0.5674,0.759,0.413,480,0.206,1.642,0.05,0.05,0.0,clear,sweep + rejection + CHoCH + displacement,506.8439
2024-07-22 15:31:00+00:00,2024-07-22 21:00:00+00:00,XAUUSD,SHORT,BREAKOUT,STRONG_BEAR,0.991,85.0,A,OVERLAP,2386.346,2406.833,2365.859,2365.859,2399.093,SESSION_END,0.001,2.0487,0.4042,20.487,-1.2747,-0.6222,0.128,0.666,329,0.284,2.984,0.05,0.05,0.0,clear,compression -> confirmed range break + momentum,505.5692
2024-07-24 12:43:00+00:00,2024-07-24 15:50:00+00:00,XAUUSD,LONG,LIQUIDITY_REVERSAL,CHOPPY,0.598,100.0,A+,OVERLAP,2414.717,2400.95,2428.485,2428.485,2428.317,TP2,0.001,1.3768,0.2723,13.768,1.36,0.9878,1.055,0.084,187,0.204,1.541,0.05,0.0,0.0,clear,sweep + rejection + CHoCH + displacement,506.9292
2024-07-25 13:36:00+00:00,2024-07-25 21:00:00+00:00,XAUUSD,LONG,LIQUIDITY_REVERSAL,LIQUIDITY_REVERSAL,0.7,75.0,B,OVERLAP,2367.336,2351.271,2383.401,2383.401,2361.728,SESSION_END,0.001,1.6065,0.3169,16.065,-0.5608,-0.3491,0.555,0.892,444,0.302,3.551,0.05,0.05,0.0,clear,sweep + rejection + CHoCH + displacement,506.3684
2024-07-26 13:41:00+00:00,2024-07-26 18:00:00+00:00,XAUUSD,LONG,BREAKOUT,COMPRESSION,0.989,65.0,NO_TRADE,OVERLAP,2378.208,2358.444,2397.971,2397.971,2388.804,SESSION_END,0.001,1.9763,0.3903,19.763,1.0597,0.5362,0.63,0.22,259,0.2,2.027,0.05,0.05,0.0,clear,compression -> confirmed range break + momentum,507.4281
2024-07-29 14:49:00+00:00,2024-07-29 16:19:00+00:00,XAUUSD,SHORT,LIQUIDITY_REVERSAL,CHOPPY,0.583,85.0,A,OVERLAP,2390.302,2410.551,2370.053,2370.053,2370.227,TP2,0.001,2.0249,0.3991,20.249,2.0074,0.9914,1.026,0.179,90,0.247,2.408,0.05,0.0,0.0,clear,sweep + rejection + CHoCH + displacement,509.4355
2024-07-30 14:07:00+00:00,2024-07-30 18:01:00+00:00,XAUUSD,LONG,LIQUIDITY_REVERSAL,LIQUIDITY_REVERSAL,1.0,100.0,A+,OVERLAP,2389.996,2376.075,2403.916,2403.916,2403.742,TP2,0.001,1.392,0.2733,13.92,1.3746,0.9875,1.432,0.484,234,0.202,1.56,0.05,0.0,0.0,clear,sweep + rejection + CHoCH + displacement,510.8101
2024-07-31 15:16:00+00:00,2024-07-31 20:26:00+00:00,XAUUSD,LONG,BREAKOUT,BULL,0.941,100.0,A+,OVERLAP,2428.894,2416.552,2441.236,2441.236,2441.055,TP2,0.002,2.4684,0.4832,12.342,2.4323,0.9854,1.068,0.796,310,0.258,2.429,0.05,0.0,0.0,clear,compression -> confirmed range break + momentum,513.2424
2024-08-05 10:49:00+00:00,2024-08-05 12:00:00+00:00,XAUUSD,LONG,LIQUIDITY_REVERSAL,LIQUIDITY_REVERSAL,0.8,85.0,A,LONDON,2425.756,2407.753,2443.759,2443.759,2407.523,STOP,0.001,1.8003,0.3508,18.003,-1.8233,-1.0128,0.021,1.286,71,0.262,3.655,0.05,0.12,0.0,clear,sweep + rejection + CHoCH + displacement,511.4191
2024-08-07 13:31:00+00:00,2024-08-07 21:00:00+00:00,XAUUSD,SHORT,LIQUIDITY_REVERSAL,LIQUIDITY_REVERSAL,0.7,100.0,A+,OVERLAP,2399.203,2414.695,2383.711,2383.711,2386.902,SESSION_END,0.001,1.5492,0.3029,15.492,1.23,0.794,1.0,0.494,449,0.204,2.012,0.05,0.05,0.0,clear,sweep + rejection + CHoCH + displacement,512.6492
2024-08-08 10:06:00+00:00,2024-08-08 15:10:00+00:00,XAUUSD,LONG,LIQUIDITY_REVERSAL,LIQUIDITY_REVERSAL,1.0,85.0,A,LONDON,2398.66,2379.956,2417.364,2417.364,2417.207,TP2,0.001,1.8704,0.3649,18.704,1.8547,0.9916,1.119,0.263,304,0.21,1.64,0.05,0.0,0.0,clear,sweep + rejection + CHoCH + displacement,514.5039
2024-08-08 15:18:00+00:00,2024-08-08 21:00:00+00:00,XAUUSD,LONG,BREAKOUT,BULL,0.566,65.0,NO_TRADE,OVERLAP,2418.929,2395.331,2442.527,2442.527,2422.727,SESSION_END,0.001,2.3598,0.4587,23.598,0.3798,0.1609,0.307,0.302,342,0.328,3.7,0.05,0.05,0.0,clear,compression -> confirmed range break + momentum,514.8837
2024-08-09 14:09:00+00:00,2024-08-09 18:00:00+00:00,XAUUSD,LONG,TREND_CONTINUATION,BULL,0.899,85.0,A,OVERLAP,2429.304,2411.49,2447.117,2447.117,2434.44,SESSION_END,0.001,1.7814,0.346,17.814,0.5136,0.2883,0.365,0.468,231,0.217,1.821,0.05,0.05,0.0,clear,trend pullback + LTF BOS,515.3973
2024-08-12 07:06:00+00:00,2024-08-12 14:30:00+00:00,XAUUSD,LONG,BREAKOUT,EXPANSION,0.913,85.0,A,LONDON,2435.33,2424.212,2446.448,2446.448,2446.345,TP2,0.002,2.2236,0.4314,11.118,2.2031,0.9908,1.087,0.162,444,0.21,1.337,0.05,0.0,0.0,clear,compression -> confirmed range break + momentum,517.6004
2024-08-12 15:43:00+00:00,2024-08-12 21:00:00+00:00,XAUUSD,LONG,TREND_CONTINUATION,STRONG_BULL,1.0,85.0,A,OVERLAP,2451.095,2429.35,2472.839,2472.839,2470.326,SESSION_END,0.001,2.1744,0.4201,21.744,1.9231,0.8844,0.964,0.01,317,0.293,2.559,0.05,0.05,0.0,clear,trend pullback + LTF BOS,519.5235
2024-08-14 07:01:00+00:00,2024-08-14 09:39:00+00:00,XAUUSD,LONG,LIQUIDITY_REVERSAL,CHOPPY,0.614,95.0,A+,LONDON,2462.879,2450.915,2474.844,2474.844,2474.733,TP2,0.002,2.3929,0.4606,11.964,2.3708,0.9908,1.009,0.224,158,0.203,1.23,0.05,0.0,0.0,clear,sweep + rejection + CHoCH + displacement,521.8942
2024-08-14 13:38:00+00:00,2024-08-14 15:35:00+00:00,XAUUSD,SHORT,LIQUIDITY_REVERSAL,LIQUIDITY_REVERSAL,0.7,75.0,B,OVERLAP,2472.054,2496.142,2447.966,2447.966,2448.177,TP2,0.001,2.4088,0.4616,24.088,2.3877,0.9912,1.044,0.158,117,0.288,2.524,0.05,0.0,0.0,clear,sweep + rejection + CHoCH + displacement,524.2819
2024-08-20 14:38:00+00:00,2024-08-20 16:06:00+00:00,XAUUSD,LONG,TREND_CONTINUATION,STRONG_BULL,0.958,100.0,A+,OVERLAP,2524.087,2509.668,2538.505,2538.505,2509.328,STOP,0.001,1.4418,0.275,14.418,-1.4759,-1.0236,0.473,1.038,88,0.263,2.524,0.05,0.12,0.0,clear,trend pullback + LTF BOS,522.8061
2024-08-27 09:07:00+00:00,2024-08-27 17:07:00+00:00,XAUUSD,LONG,LIQUIDITY_REVERSAL,LIQUIDITY_REVERSAL,0.7,90.0,A+,LONDON,2509.291,2490.346,2528.236,2528.236,2510.04,TIME,0.001,1.8945,0.3624,18.945,0.0749,0.0396,0.576,0.315,480,0.312,2.278,0.05,0.05,0.0,clear,sweep + rejection + CHoCH + displacement,522.881
2024-08-28 13:01:00+00:00,2024-08-28 21:00:00+00:00,XAUUSD,SHORT,BREAKOUT,STRONG_BEAR,0.867,85.0,A,OVERLAP,2499.729,2513.439,2486.02,2486.02,2507.928,SESSION_END,0.001,1.371,0.2622,13.71,-0.8198,-0.598,0.453,0.786,479,0.211,1.627,0.05,0.05,0.0,clear,compression -> confirmed range break + momentum,522.0612
2024-08-30 13:46:00+00:00,2024-08-30 17:44:00+00:00,XAUUSD,SHORT,LIQUIDITY_REVERSAL,LIQUIDITY_REVERSAL,1.0,75.0,B,OVERLAP,2517.929,2539.047,2496.811,2496.811,2496.983,TP2,0.001,2.1118,0.4045,21.118,2.0946,0.9919,1.006,0.119,238,0.272,2.336,0.05,0.0,0.0,clear,sweep + rejection + CHoCH + displacement,524.1558
2024-09-02 14:40:00+00:00,2024-09-02 23:00:00+00:00,XAUUSD,LONG,LIQUIDITY_REVERSAL,CHOPPY,0.599,80.0,B,OVERLAP,2501.463,2491.717,2511.209,2511.209,2499.335,SESSION_END,0.002,1.9493,0.3719,9.746,-0.4256,-0.2183,0.093,0.4,289,0.189,1.425,0.05,0.05,0.0,clear,sweep + rejection + CHoCH + displacement,523.7302
2024-09-05 14:31:00+00:00,2024-09-05 21:00:00+00:00,XAUUSD,LONG,TREND_CONTINUATION,STRONG_BULL,0.957,100.0,A+,OVERLAP,2518.716,2497.94,2539.492,2539.492,2514.852,SESSION_END,0.001,2.0776,0.3967,20.776,-0.3865,-0.186,0.083,0.718,389,0.302,2.567,0.05,0.05,0.0,clear,trend pullback + LTF BOS,523.3437
2024-09-16 08:46:00+00:00,2024-09-16 16:46:00+00:00,XAUUSD,LONG,LIQUIDITY_REVERSAL,LIQUIDITY_REVERSAL,0.8,90.0,A+,LONDON,2583.586,2569.928,2597.243,2597.243,2579.139,TIME,0.001,1.3657,0.261,13.657,-0.4446,-0.3256,0.411,0.62,480,0.241,1.675,0.05,0.05,0.0,clear,sweep + rejection + CHoCH + displacement,522.8991
2024-09-17 08:16:00+00:00,2024-09-17 11:37:00+00:00,XAUUSD,SHORT,LIQUIDITY_REVERSAL,LIQUIDITY_REVERSAL,0.8,75.0,B,LONDON,2583.104,2594.957,2571.25,2571.25,2571.388,TP2,0.002,2.3707,0.4534,11.854,2.3431,0.9883,1.004,0.21,201,0.241,1.36,0.05,0.0,0.0,clear,sweep + rejection + CHoCH + displacement,525.2422
2024-09-25 13:07:00+00:00,2024-09-25 21:00:00+00:00,XAUUSD,LONG,BREAKOUT,COMPRESSION,0.989,80.0,B,OVERLAP,2660.564,2648.529,2672.598,2672.598,2659.292,SESSION_END,0.002,2.4069,0.4582,12.034,-0.2544,-0.1057,0.563,0.901,473,0.192,1.553,0.05,0.05,0.0,clear,compression -> confirmed range break + momentum,524.9878
2024-09-26 11:46:00+00:00,2024-09-26 14:18:00+00:00,XAUUSD,LONG,BREAKOUT,BULL,0.811,85.0,A,LONDON,2674.045,2662.255,2685.834,2685.834,2661.94,STOP,0.002,2.3579,0.4491,11.79,-2.421,-1.0268,0.964,1.196,152,0.24,1.818,0.05,0.12,0.0,clear,compression -> confirmed range break + momentum,522.5668
2024-10-09 10:47:00+00:00,2024-10-09 18:47:00+00:00,XAUUSD,SHORT,LIQUIDITY_REVERSAL,LIQUIDITY_REVERSAL,1.0,100.0,A+,LONDON,2614.935,2626.551,2603.318,2603.318,2607.38,TIME,0.002,2.3233,0.4446,11.616,1.5109,0.6503,0.839,0.63,480,0.206,1.643,0.05,0.05,0.0,clear,sweep + rejection + CHoCH + displacement,524.0777
2024-10-11 13:41:00+00:00,2024-10-11 18:00:00+00:00,XAUUSD,SHORT,LIQUIDITY_REVERSAL,LIQUIDITY_REVERSAL,0.7,85.0,A,OVERLAP,2642.611,2666.094,2619.128,2619.128,2660.606,SESSION_END,0.001,2.3483,0.4481,23.483,-1.7995,-0.7663,0.091,0.794,259,0.268,2.226,0.05,0.05,0.0,clear,sweep + rejection + CHoCH + displacement,522.2782
2024-10-14 10:20:00+00:00,2024-10-14 13:43:00+00:00,XAUUSD,LONG,TREND_CONTINUATION,BULL,0.932,85.0,A,LONDON,2661.908,2650.051,2673.765,2673.765,2649.815,STOP,0.002,2.3714,0.454,11.857,-2.4185,-1.0198,0.033,1.049,203,0.225,1.553,0.05,0.12,0.0,clear,trend pullback + LTF BOS,519.8597
2024-10-17 10:46:00+00:00,2024-10-17 15:38:00+00:00,XAUUSD,LONG,LIQUIDITY_REVERSAL,CHOPPY,0.572,100.0,A+,LONDON,2680.705,2668.058,2693.351,2693.351,2693.197,TP2,0.002,2.5293,0.4865,12.647,2.4984,0.9878,1.091,0.616,292,0.22,1.538,0.05,0.0,0.0,clear,sweep + rejection + CHoCH + displacement,522.3581
2024-10-18 11:37:00+00:00,2024-10-18 18:00:00+00:00,XAUUSD,SHORT,LIQUIDITY_REVERSAL,LIQUIDITY_REVERSAL,1.0,85.0,A,LONDON,2707.919,2723.751,2692.088,2692.088,2718.109,SESSION_END,0.001,1.5831,0.3031,15.831,-1.019,-0.6436,0.196,0.763,383,0.211,1.461,0.05,0.05,0.0,clear,sweep + rejection + CHoCH + displacement,521.3391
2024-10-29 13:01:00+00:00,2024-10-29 13:50:00+00:00,XAUUSD,SHORT,LIQUIDITY_REVERSAL,LIQUIDITY_REVERSAL,0.7,75.0,B,OVERLAP,2748.798,2763.376,2734.221,2734.221,2763.633,STOP,0.001,1.4577,0.2796,14.577,-1.4834,-1.0177,0.0,1.022,49,0.213,1.761,0.05,0.12,0.0,clear,sweep + rejection + CHoCH + displacement,519.8557
2024-11-04 13:25:00+00:00,2024-11-04 21:00:00+00:00,XAUUSD,SHORT,LIQUIDITY_REVERSAL,CHOPPY,0.624,90.0,A+,OVERLAP,2740.257,2754.639,2725.875,2725.875,2737.871,SESSION_END,0.001,1.4382,0.2767,14.382,0.2385,0.1659,0.599,0.539,455,0.216,1.897,0.05,0.05,0.0,clear,sweep + rejection + CHoCH + displacement,520.0942
2024-11-07 10:01:00+00:00,2024-11-07 12:51:00+00:00,XAUUSD,SHORT,LIQUIDITY_REVERSAL,LIQUIDITY_REVERSAL,0.8,100.0,A+,LONDON,2661.271,2673.416,2649.127,2649.127,2673.619,STOP,0.002,2.4289,0.467,12.145,-2.4695,-1.0167,0.128,1.018,170,0.187,2.068,0.05,0.12,0.0,clear,sweep + rejection + CHoCH + displacement,517.6247
2024-11-07 19:36:00+00:00,2024-11-07 21:00:00+00:00,XAUUSD,LONG,LIQUIDITY_REVERSAL,LIQUIDITY_REVERSAL,1.0,85.0,A,NEWYORK,2694.667,2678.003,2711.332,2711.332,2703.19,SESSION_END,0.001,1.6665,0.3219,16.665,0.8523,0.5114,0.935,0.436,84,0.265,2.684,0.05,0.05,0.0,clear,sweep + rejection + CHoCH + displacement,518.477
2024-11-11 02:38:00+00:00,2024-11-11 10:38:00+00:00,XAUUSD,SHORT,BREAKOUT,BEAR,0.784,65.0,NO_TRADE,ASIA,2667.842,2687.732,2647.951,2647.951,2668.922,TIME,0.001,1.9891,0.3836,19.891,-0.1081,-0.0543,0.205,0.371,480,0.427,2.236,0.05,0.05,0.0,clear,compression -> confirmed range break + momentum,518.3689
2024-11-11 11:01:00+00:00,2024-11-11 13:35:00+00:00,XAUUSD,SHORT,BREAKOUT,STRONG_BEAR,0.845,85.0,A,LONDON,2661.512,2682.663,2640.36,2640.36,2640.513,TP2,0.001,2.1151,0.408,21.151,2.0999,0.9928,1.026,0.254,154,0.247,2.251,0.05,0.0,0.0,clear,compression -> confirmed range break + momentum,520.4688
2024-11-12 07:26:00+00:00,2024-11-12 15:26:00+00:00,XAUUSD,SHORT,BREAKOUT,BEAR,0.618,85.0,A,LONDON,2601.319,2623.428,2579.209,2579.209,2606.116,TIME,0.001,2.2109,0.4248,22.109,-0.4798,-0.217,0.534,0.704,480,0.293,2.777,0.05,0.05,0.0,clear,compression -> confirmed range break + momentum,519.989
2024-11-14 04:01:00+00:00,2024-11-14 09:36:00+00:00,XAUUSD,SHORT,TREND_CONTINUATION,STRONG_BEAR,1.0,85.0,A,ASIA,2559.196,2577.501,2540.89,2540.89,2541.027,TP2,0.001,1.8305,0.352,18.305,1.8169,0.9926,1.006,0.323,335,0.399,1.869,0.05,0.0,0.0,clear,trend pullback + LTF BOS,521.8059
2024-11-14 20:06:00+00:00,2024-11-14 21:00:00+00:00,XAUUSD,SHORT,LIQUIDITY_REVERSAL,LIQUIDITY_REVERSAL,0.7,100.0,A+,NEWYORK,2569.43,2592.679,2546.181,2546.181,2568.63,SESSION_END,0.001,2.3249,0.4455,23.249,0.08,0.0344,0.245,0.202,54,0.229,2.033,0.05,0.05,0.0,clear,sweep + rejection + CHoCH + displacement,521.8859
2024-11-15 13:39:00+00:00,2024-11-15 18:00:00+00:00,XAUUSD,SHORT,LIQUIDITY_REVERSAL,CHOPPY,0.577,100.0,A+,OVERLAP,2568.23,2592.324,2544.136,2544.136,2562.402,SESSION_END,0.001,2.4094,0.4617,24.094,0.5828,0.2419,0.34,0.319,261,0.271,3.212,0.05,0.05,0.0,clear,sweep + rejection + CHoCH + displacement,522.4687
2024-11-19 13:58:00+00:00,2024-11-19 21:00:00+00:00,XAUUSD,LONG,TREND_CONTINUATION,STRONG_BULL,1.0,95.0,A+,OVERLAP,2636.346,2612.824,2659.868,2659.868,2632.732,SESSION_END,0.001,2.3522,0.4502,23.522,-0.3614,-0.1537,0.021,0.655,422,0.262,2.761,0.05,0.05,0.0,clear,trend pullback + LTF BOS,522.1072
2024-11-21 07:32:00+00:00,2024-11-21 15:32:00+00:00,XAUUSD,LONG,BREAKOUT,BULL,1.0,80.0,B,LONDON,2663.963,2653.408,2674.518,2674.518,2669.216,TIME,0.002,2.111,0.4043,10.555,1.0508,0.4978,0.893,0.346,480,0.215,1.49,0.05,0.05,0.0,clear,compression -> confirmed range break + momentum,523.158
2024-11-22 04:51:00+00:00,2024-11-22 12:51:00+00:00,XAUUSD,LONG,BREAKOUT,STRONG_BULL,0.898,80.0,B,ASIA,2691.778,2668.639,2714.917,2714.917,2703.554,TIME,0.001,2.3139,0.4423,23.139,1.1776,0.5089,0.789,0.382,480,0.465,2.049,0.05,0.05,0.0,clear,compression -> confirmed range break + momentum,524.3356
2024-11-27 13:11:00+00:00,2024-11-27 21:00:00+00:00,XAUUSD,SHORT,LIQUIDITY_REVERSAL,LIQUIDITY_REVERSAL,0.7,100.0,A+,OVERLAP,2647.463,2669.079,2625.848,2625.848,2637.046,SESSION_END,0.001,2.1615,0.4122,21.615,1.0418,0.482,0.628,0.492,469,0.201,1.936,0.05,0.05,0.0,clear,sweep + rejection + CHoCH + displacement,525.3774
2024-11-29 12:26:00+00:00,2024-11-29 18:00:00+00:00,XAUUSD,LONG,LIQUIDITY_REVERSAL,LIQUIDITY_REVERSAL,1.0,100.0,A+,OVERLAP,2663.517,2649.499,2677.535,2677.535,2658.97,SESSION_END,0.001,1.4018,0.2668,14.018,-0.4547,-0.3244,0.029,0.929,334,0.224,1.941,0.05,0.05,0.0,clear,sweep + rejection + CHoCH + displacement,524.9226
2024-12-03 12:26:00+00:00,2024-12-03 13:49:00+00:00,XAUUSD,SHORT,BREAKOUT,COMPRESSION,0.995,95.0,A+,OVERLAP,2638.819,2649.887,2627.751,2627.751,2650.105,STOP,0.002,2.2136,0.4217,11.068,-2.2572,-1.0197,0.109,1.081,83,0.173,1.536,0.05,0.12,0.0,clear,compression -> confirmed range break + momentum,522.6654
2024-12-06 13:46:00+00:00,2024-12-06 18:00:00+00:00,XAUUSD,LONG,LIQUIDITY_REVERSAL,CHOPPY,0.633,85.0,A,OVERLAP,2637.081,2616.53,2657.631,2657.631,2634.117,SESSION_END,0.001,2.0551,0.3932,20.551,-0.2963,-0.1442,0.215,0.643,254,0.333,3.579,0.05,0.05,0.0,clear,sweep + rejection + CHoCH + displacement,522.3691
2024-12-09 11:29:00+00:00,2024-12-09 14:43:00+00:00,XAUUSD,LONG,TREND_CONTINUATION,BULL,0.921,80.0,B,LONDON,2657.795,2643.534,2672.056,2672.056,2671.935,TP2,0.001,1.4261,0.273,14.261,1.414,0.9915,1.037,0.324,194,0.2,1.611,0.05,0.0,0.0,clear,trend pullback + LTF BOS,523.783
2024-12-10 01:01:00+00:00,2024-12-10 09:01:00+00:00,XAUUSD,LONG,BREAKOUT,COMPRESSION,0.989,80.0,B,ASIA,2665.444,2651.109,2679.779,2679.779,2662.149,TIME,0.001,1.4335,0.2737,14.335,-0.3295,-0.2299,0.571,0.349,480,0.318,1.274,0.05,0.05,0.0,clear,compression -> confirmed range break + momentum,523.4535
2024-12-10 15:58:00+00:00,2024-12-10 21:00:00+00:00,XAUUSD,LONG,TREND_CONTINUATION,STRONG_BULL,0.947,100.0,A+,OVERLAP,2688.665,2674.491,2702.839,2702.839,2691.499,SESSION_END,0.001,1.4174,0.2708,14.174,0.2834,0.1999,0.474,0.292,302,0.22,2.179,0.05,0.05,0.0,clear,trend pullback + LTF BOS,523.7369
2024-12-13 07:31:00+00:00,2024-12-13 09:54:00+00:00,XAUUSD,SHORT,BREAKOUT,COMPRESSION,0.958,85.0,A,LONDON,2681.396,2695.178,2667.614,2667.614,2667.74,TP2,0.001,1.3782,0.2631,13.782,1.3656,0.9909,1.024,0.242,143,0.216,1.684,0.05,0.0,0.0,clear,compression -> confirmed range break + momentum,525.1025
2024-12-16 08:26:00+00:00,2024-12-16 16:26:00+00:00,XAUUSD,LONG,BREAKOUT,COMPRESSION,0.953,80.0,B,LONDON,2657.978,2646.399,2669.556,2669.556,2650.329,TIME,0.002,2.3157,0.441,11.578,-1.5296,-0.6606,0.542,0.645,480,0.219,1.621,0.05,0.05,0.0,clear,compression -> confirmed range break + momentum,523.5728
2024-12-17 13:51:00+00:00,2024-12-17 21:00:00+00:00,XAUUSD,SHORT,LIQUIDITY_REVERSAL,BEAR,0.811,100.0,A+,OVERLAP,2637.862,2659.599,2616.124,2616.124,2644.35,SESSION_END,0.001,2.1737,0.4152,21.737,-0.6488,-0.2985,0.233,0.506,429,0.267,2.353,0.05,0.05,0.0,clear,sweep + rejection + CHoCH + displacement,522.924
2024-12-18 08:22:00+00:00,2024-12-18 16:22:00+00:00,XAUUSD,LONG,LIQUIDITY_REVERSAL,LIQUIDITY_REVERSAL,0.7,85.0,A,LONDON,2646.443,2632.208,2660.678,2660.678,2637.566,TIME,0.001,1.4235,0.2722,14.235,-0.8877,-0.6236,0.217,0.874,480,0.236,1.49,0.05,0.05,0.0,clear,sweep + rejection + CHoCH + displacement,522.0363
2024-12-20 07:36:00+00:00,2024-12-20 14:34:00+00:00,XAUUSD,SHORT,LIQUIDITY_REVERSAL,LIQUIDITY_REVERSAL,1.0,95.0,A+,LONDON,2602.658,2617.615,2587.702,2587.702,2617.859,STOP,0.001,1.4957,0.2865,14.957,-1.5201,-1.0163,0.197,1.005,418,0.193,1.718,0.05,0.12,0.0,clear,sweep + rejection + CHoCH + displacement,520.5162
2025-01-06 11:16:00+00:00,2025-01-06 14:16:00+00:00,XAUUSD,LONG,LIQUIDITY_REVERSAL,LIQUIDITY_REVERSAL,0.7,75.0,B,LONDON,2638.165,2618.907,2657.424,2657.424,2618.599,STOP,0.001,1.9259,0.37,19.259,-1.9566,-1.0159,0.578,1.047,180,0.241,1.773,0.05,0.12,0.0,clear,sweep + rejection + CHoCH + displacement,518.5596
2025-01-08 13:31:00+00:00,2025-01-08 16:53:00+00:00,XAUUSD,SHORT,LIQUIDITY_REVERSAL,LIQUIDITY_REVERSAL,0.7,75.0,B,OVERLAP,2654.708,2669.724,2639.692,2639.692,2670.009,STOP,0.001,1.5016,0.2896,15.016,-1.5301,-1.019,0.156,1.001,202,0.315,2.625,0.05,0.12,0.0,clear,sweep + rejection + CHoCH + displacement,517.0295
2025-01-10 13:45:00+00:00,2025-01-10 15:23:00+00:00,XAUUSD,SHORT,LIQUIDITY_REVERSAL,LIQUIDITY_REVERSAL,0.7,85.0,A,OVERLAP,2675.377,2693.348,2657.407,2657.407,2693.675,STOP,0.001,1.797,0.3476,17.97,-1.8298,-1.0182,0.049,1.028,98,0.361,3.553,0.05,0.12,0.0,clear,sweep + rejection + CHoCH + displacement,515.1997
2025-01-13 08:06:00+00:00,2025-01-13 11:59:00+00:00,XAUUSD,LONG,LIQUIDITY_REVERSAL,LIQUIDITY_REVERSAL,0.7,100.0,A+,LONDON,2688.017,2675.738,2700.296,2700.296,2675.5,STOP,0.002,2.4558,0.4767,12.279,-2.5034,-1.0194,0.117,1.043,233,0.224,1.65,0.05,0.12,0.0,clear,sweep + rejection + CHoCH + displacement,512.6964
2025-01-14 20:20:00+00:00,2025-01-14 21:00:00+00:00,XAUUSD,SHORT,LIQUIDITY_REVERSAL,LIQUIDITY_REVERSAL,0.8,100.0,A+,NEWYORK,2671.943,2682.819,2661.067,2661.067,2677.024,SESSION_END,0.002,2.1751,0.4243,10.876,-1.0161,-0.4672,0.025,0.423,40,0.224,1.338,0.05,0.05,0.0,clear,sweep + rejection + CHoCH + displacement,511.6802
2025-01-15 13:34:00+00:00,2025-01-15 21:00:00+00:00,XAUUSD,LONG,LIQUIDITY_REVERSAL,BULL,0.55,90.0,A+,OVERLAP,2687.121,2670.604,2703.638,2703.638,2695.817,SESSION_END,0.001,1.6517,0.3228,16.517,0.8696,0.5265,0.573,0.647,446,0.224,1.708,0.05,0.05,0.0,clear,sweep + rejection + CHoCH + displacement,512.5498
2025-01-16 10:12:00+00:00,2025-01-16 16:36:00+00:00,XAUUSD,LONG,BREAKOUT,BULL,0.93,70.0,NO_TRADE,LONDON,2708.268,2695.996,2720.541,2720.541,2720.363,TP2,0.002,2.4545,0.4789,12.273,2.419,0.9855,1.037,0.676,384,0.266,1.946,0.05,0.0,0.0,clear,compression -> confirmed range break + momentum,514.9688
2025-01-17 14:46:00+00:00,2025-01-17 18:00:00+00:00,XAUUSD,LONG,LIQUIDITY_REVERSAL,LIQUIDITY_REVERSAL,0.8,100.0,A+,OVERLAP,2710.297,2685.601,2734.993,2734.993,2711.947,SESSION_END,0.001,2.4696,0.4796,24.696,0.165,0.0668,0.279,0.052,194,0.284,2.472,0.05,0.05,0.0,clear,sweep + rejection + CHoCH + displacement,515.1338
2025-01-20 13:34:00+00:00,2025-01-20 23:00:00+00:00,XAUUSD,SHORT,LIQUIDITY_REVERSAL,CHOPPY,0.621,85.0,A,OVERLAP,2705.069,2721.419,2688.719,2688.719,2706.931,SESSION_END,0.001,1.635,0.3174,16.35,-0.1862,-0.1139,0.218,0.414,355,0.192,1.42,0.05,0.05,0.0,clear,sweep + rejection + CHoCH + displacement,514.9476
2025-01-22 07:11:00+00:00,2025-01-22 15:11:00+00:00,XAUUSD,LONG,LIQUIDITY_REVERSAL,LIQUIDITY_REVERSAL,1.0,100.0,A+,LONDON,2749.926,2736.401,2763.452,2763.452,2752.449,TIME,0.001,1.3526,0.2627,13.526,0.2523,0.1865,0.982,0.243,480,0.223,1.912,0.05,0.05,0.0,clear,sweep + rejection + CHoCH + displacement,515.1999
2025-01-23 20:01:00+00:00,2025-01-23 21:00:00+00:00,XAUUSD,SHORT,LIQUIDITY_REVERSAL,LIQUIDITY_REVERSAL,1.0,85.0,A,NEWYORK,2752.646,2767.366,2737.926,2737.926,2754.019,SESSION_END,0.001,1.472,0.2857,14.72,-0.1373,-0.0933,0.107,0.134,59,0.238,1.509,0.05,0.05,0.0,clear,sweep + rejection + CHoCH + displacement,515.0625
2025-01-24 13:04:00+00:00,2025-01-24 16:53:00+00:00,XAUUSD,LONG,TREND_CONTINUATION,BULL,0.983,80.0,B,OVERLAP,2780.066,2769.824,2790.307,2790.307,2769.551,STOP,0.002,2.0483,0.3977,10.241,-2.1029,-1.0267,0.562,1.011,229,0.181,1.413,0.05,0.12,0.0,clear,trend pullback + LTF BOS,512.9596
2025-01-29 19:38:00+00:00,2025-01-29 21:00:00+00:00,XAUUSD,LONG,LIQUIDITY_REVERSAL,LIQUIDITY_REVERSAL,0.7,100.0,A+,NEWYORK,2750.08,2733.457,2766.702,2766.702,2753.73,SESSION_END,0.001,1.6622,0.324,16.622,0.3651,0.2196,0.535,0.0,82,0.369,2.444,0.05,0.05,0.0,clear,sweep + rejection + CHoCH + displacement,513.3247
2025-01-30 12:16:00+00:00,2025-01-30 14:56:00+00:00,XAUUSD,LONG,TREND_CONTINUATION,STRONG_BULL,1.0,100.0,A+,OVERLAP,2779.127,2769.227,2789.028,2789.028,2788.881,TP2,0.002,1.9802,0.3858,9.901,1.9507,0.9851,1.003,0.219,160,0.184,1.171,0.05,0.0,0.0,clear,trend pullback + LTF BOS,515.2754
2025-01-30 18:25:00+00:00,2025-01-30 21:00:00+00:00,XAUUSD,LONG,TREND_CONTINUATION,STRONG_BULL,1.0,85.0,A,NEWYORK,2796.628,2772.157,2821.099,2821.099,2795.238,SESSION_END,0.001,2.4471,0.4749,24.471,-0.1391,-0.0568,0.059,0.247,155,0.326,2.199,0.05,0.05,0.0,clear,trend pullback + LTF BOS,515.1363
2025-02-04 12:56:00+00:00,2025-02-04 13:23:00+00:00,XAUUSD,LONG,BREAKOUT,COMPRESSION,0.968,85.0,A,OVERLAP,2822.177,2811.56,2832.793,2832.793,2832.696,TP2,0.002,2.1233,0.4122,10.617,2.1038,0.9908,1.033,0.095,27,0.184,1.727,0.05,0.0,0.0,clear,compression -> confirmed range break + momentum,517.2401
2025-02-04 14:36:00+00:00,2025-02-04 21:00:00+00:00,XAUUSD,LONG,BREAKOUT,BULL,0.56,85.0,A,OVERLAP,2838.388,2823.414,2853.362,2853.362,2843.171,SESSION_END,0.001,1.4974,0.2895,14.974,0.4783,0.3195,0.464,0.4,384,0.259,2.935,0.05,0.05,0.0,clear,compression -> confirmed range break + momentum,517.7184
2025-02-06 08:42:00+00:00,2025-02-06 16:42:00+00:00,XAUUSD,LONG,LIQUIDITY_REVERSAL,LIQUIDITY_REVERSAL,1.0,100.0,A+,LONDON,2856.55,2830.843,2882.257,2882.257,2853.232,TIME,0.001,2.5707,0.4965,25.707,-0.3319,-0.1291,0.525,0.879,480,0.285,2.708,0.05,0.05,0.0,clear,sweep + rejection + CHoCH + displacement,517.3866
2025-02-06 19:53:00+00:00,2025-02-06 21:00:00+00:00,XAUUSD,LONG,LIQUIDITY_REVERSAL,LIQUIDITY_REVERSAL,0.7,100.0,A+,NEWYORK,2853.44,2842.729,2864.152,2864.152,2855.734,SESSION_END,0.002,2.1424,0.4141,10.712,0.4588,0.2142,0.351,0.004,67,0.211,1.556,0.05,0.05,0.0,clear,sweep + rejection + CHoCH + displacement,517.8454
2025-02-07 15:16:00+00:00,2025-02-07 16:42:00+00:00,XAUUSD,LONG,BREAKOUT,EXPANSION,0.876,65.0,NO_TRADE,OVERLAP,2879.944,2862.535,2897.353,2897.353,2862.171,STOP,0.001,1.7409,0.3362,17.409,-1.7773,-1.0209,0.383,1.098,86,0.393,4.267,0.05,0.12,0.0,clear,compression -> confirmed range break + momentum,516.068
2025-02-10 10:55:00+00:00,2025-02-10 18:55:00+00:00,XAUUSD,LONG,TREND_CONTINUATION,STRONG_BULL,0.946,85.0,A,LONDON,2901.635,2889.485,2913.785,2913.785,2904.833,TIME,0.002,2.4299,0.4709,12.15,0.6396,0.2632,0.825,0.447,480,0.24,2.046,0.05,0.05,0.0,clear,trend pullback + LTF BOS,516.7076
2025-02-11 01:17:00+00:00,2025-02-11 02:40:00+00:00,XAUUSD,LONG,BREAKOUT,STRONG_BULL,1.0,65.0,NO_TRADE,ASIA,2928.057,2907.655,2948.459,2948.459,2907.18,STOP,0.001,2.0402,0.3949,20.402,-2.0878,-1.0233,0.716,1.129,83,0.465,2.646,0.05,0.12,0.0,clear,compression -> confirmed range break + momentum,514.6199
2025-02-12 13:25:00+00:00,2025-02-12 13:30:00+00:00,XAUUSD,SHORT,BREAKOUT,BEAR,0.915,85.0,A,OVERLAP,2876.713,2888.36,2865.066,2865.066,2865.179,TP2,0.002,2.3294,0.4526,11.647,2.3068,0.9903,1.034,0.147,5,0.224,2.907,0.05,0.0,0.0,clear,compression -> confirmed range break + momentum,516.9266
2025-02-13 01:04:00+00:00,2025-02-13 05:15:00+00:00,XAUUSD,SHORT,LIQUIDITY_REVERSAL,BULL,0.867,80.0,B,ASIA,2903.489,2920.712,2886.267,2886.267,2921.0,STOP,0.001,1.7223,0.3332,17.223,-1.751,-1.0167,0.134,1.005,251,0.331,1.592,0.05,0.12,0.0,clear,sweep + rejection + CHoCH + displacement,515.1756
2025-02-14 08:21:00+00:00,2025-02-14 13:42:00+00:00,XAUUSD,LONG,BREAKOUT,EXPANSION,0.871,85.0,A,LONDON,2938.316,2924.68,2951.951,2951.951,2924.435,STOP,0.001,1.3635,0.2647,13.635,-1.3881,-1.018,0.119,1.091,321,0.241,2.06,0.05,0.12,0.0,clear,compression -> confirmed range break + momentum,513.7875
2025-02-17 08:37:00+00:00,2025-02-17 16:37:00+00:00,XAUUSD,SHORT,LIQUIDITY_REVERSAL,LIQUIDITY_REVERSAL,0.8,100.0,A+,LONDON,2896.034,2914.614,2877.453,2877.453,2897.694,TIME,0.001,1.858,0.3616,18.58,-0.166,-0.0894,0.038,0.548,480,0.223,1.959,0.05,0.05,0.0,clear,sweep + rejection + CHoCH + displacement,513.6215
2025-02-18 13:46:00+00:00,2025-02-18 19:35:00+00:00,XAUUSD,LONG,BREAKOUT,EXPANSION,0.834,85.0,A,OVERLAP,2920.882,2907.215,2934.55,2934.55,2934.442,TP2,0.001,1.3667,0.2661,13.667,1.3559,0.9921,1.029,0.249,349,0.215,1.999,0.05,0.0,0.0,clear,compression -> confirmed range break + momentum,514.9774
2025-02-19 02:32:00+00:00,2025-02-19 10:32:00+00:00,XAUUSD,SHORT,LIQUIDITY_REVERSAL,LIQUIDITY_REVERSAL,0.8,85.0,A,ASIA,2934.006,2951.146,2916.866,2916.866,2944.273,TIME,0.001,1.714,0.3328,17.14,-1.0267,-0.599,0.584,0.75,480,0.398,1.602,0.05,0.05,0.0,clear,sweep + rejection + CHoCH + displacement,513.9507
2025-02-24 08:56:00+00:00,2025-02-24 16:56:00+00:00,XAUUSD,LONG,BREAKOUT,COMPRESSION,0.968,80.0,B,LONDON,2947.985,2924.134,2971.836,2971.836,2942.279,TIME,0.001,2.3851,0.4641,23.851,-0.5706,-0.2393,0.337,0.73,480,0.241,2.347,0.05,0.05,0.0,clear,compression -> confirmed range break + momentum,513.3801
2025-02-26 13:56:00+00:00,2025-02-26 14:11:00+00:00,XAUUSD,SHORT,BREAKOUT,COMPRESSION,0.963,80.0,B,OVERLAP,2907.621,2920.707,2894.535,2894.535,2894.659,TP2,0.001,1.3086,0.2549,13.086,1.2962,0.9905,1.135,0.0,15,0.208,2.096,0.05,0.0,0.0,clear,compression -> confirmed range break + momentum,514.6762
2025-02-28 12:01:00+00:00,2025-02-28 13:32:00+00:00,XAUUSD,LONG,LIQUIDITY_REVERSAL,LIQUIDITY_REVERSAL,0.8,70.0,NO_TRADE,OVERLAP,2862.453,2852.922,2871.983,2871.983,2852.696,STOP,0.002,1.9061,0.3703,9.53,-1.9512,-1.0237,0.238,1.052,91,0.169,1.762,0.05,0.12,0.0,clear,sweep + rejection + CHoCH + displacement,512.725
2025-02-28 14:01:00+00:00,2025-02-28 18:00:00+00:00,XAUUSD,SHORT,BREAKOUT,BEAR,1.0,85.0,A,OVERLAP,2847.809,2869.221,2826.397,2826.397,2845.189,SESSION_END,0.001,2.1412,0.4176,21.412,0.262,0.1224,0.717,0.28,239,0.238,3.164,0.05,0.05,0.0,clear,compression -> confirmed range break + momentum,512.987
2025-03-03 08:01:00+00:00,2025-03-03 11:12:00+00:00,XAUUSD,LONG,LIQUIDITY_REVERSAL,LIQUIDITY_REVERSAL,0.8,80.0,B,LONDON,2863.528,2851.886,2875.17,2875.17,2875.067,TP2,0.002,2.3284,0.4539,11.642,2.3078,0.9911,1.009,0.412,191,0.186,1.639,0.05,0.0,0.0,clear,sweep + rejection + CHoCH + displacement,515.2948
2025-03-04 09:31:00+00:00,2025-03-04 14:58:00+00:00,XAUUSD,LONG,BREAKOUT,STRONG_BULL,0.867,85.0,A,LONDON,2920.43,2905.602,2935.257,2935.257,2905.344,STOP,0.001,1.4828,0.2877,14.828,-1.5086,-1.0174,0.491,1.067,327,0.289,3.11,0.05,0.12,0.0,clear,compression -> confirmed range break + momentum,513.7862
2025-03-05 17:01:00+00:00,2025-03-05 21:00:00+00:00,XAUUSD,SHORT,LIQUIDITY_REVERSAL,LIQUIDITY_REVERSAL,0.8,85.0,A,NEWYORK,2923.569,2944.601,2902.537,2902.537,2922.074,SESSION_END,0.001,2.1032,0.4094,21.032,0.1495,0.0711,0.592,0.0,239,0.352,3.796,0.05,0.05,0.0,clear,sweep + rejection + CHoCH + displacement,513.9356
2025-03-07 13:09:00+00:00,2025-03-07 14:01:00+00:00,XAUUSD,SHORT,LIQUIDITY_REVERSAL,LIQUIDITY_REVERSAL,0.8,70.0,NO_TRADE,OVERLAP,2919.577,2929.637,2909.517,2909.517,2909.663,TP2,0.002,2.0121,0.3915,10.06,1.9827,0.9854,1.625,0.647,52,0.196,1.91,0.05,0.0,0.0,clear,sweep + rejection + CHoCH + displacement,515.9183
2025-03-11 12:43:00+00:00,2025-03-11 20:43:00+00:00,XAUUSD,LONG,LIQUIDITY_REVERSAL,LIQUIDITY_REVERSAL,0.8,80.0,B,OVERLAP,2915.497,2898.913,2932.081,2932.081,2916.034,TIME,0.001,1.6584,0.3214,16.584,0.0538,0.0324,0.395,0.533,480,0.183,1.709,0.05,0.05,0.0,clear,sweep + rejection + CHoCH + displacement,515.9721
2025-03-13 11:43:00+00:00,2025-03-13 14:41:00+00:00,XAUUSD,LONG,TREND_CONTINUATION,BULL,0.997,85.0,A,LONDON,2947.815,2936.13,2959.5,2959.5,2959.37,TP2,0.002,2.3369,0.4529,11.685,2.3109,0.9889,1.135,0.777,178,0.22,1.646,0.05,0.0,0.0,clear,trend pullback + LTF BOS,518.283
2025-03-14 13:36:00+00:00,2025-03-14 18:00:00+00:00,XAUUSD,SHORT,LIQUIDITY_REVERSAL,LIQUIDITY_REVERSAL,0.7,85.0,A,OVERLAP,2989.531,3010.61,2968.452,2968.452,2986.318,SESSION_END,0.001,2.1079,0.4067,21.079,0.3212,0.1524,0.543,0.172,264,0.269,2.928,0.05,0.05,0.0,clear,sweep + rejection + CHoCH + displacement,518.6042
2025-03-18 05:47:00+00:00,2025-03-18 13:24:00+00:00,XAUUSD,LONG,TREND_CONTINUATION,STRONG_BULL,0.938,95.0,A+,ASIA,3013.53,2989.603,3037.456,3037.456,3037.322,TP2,0.001,2.3927,0.4614,23.927,2.3792,0.9944,1.0,0.133,457,0.489,2.04,0.05,0.0,0.0,clear,trend pullback + LTF BOS,520.9835
2025-03-19 06:46:00+00:00,2025-03-19 14:46:00+00:00,XAUUSD,LONG,LIQUIDITY_REVERSAL,BULL,1.0,85.0,A,ASIA,3042.162,3017.807,3066.516,3066.516,3029.83,TIME,0.001,2.4354,0.4675,24.354,-1.2332,-0.5064,0.071,0.815,480,0.514,2.329,0.05,0.05,0.0,clear,sweep + rejection + CHoCH + displacement,519.7503
2025-03-20 13:39:00+00:00,2025-03-20 22:00:00+00:00,XAUUSD,LONG,LIQUIDITY_REVERSAL,LIQUIDITY_REVERSAL,0.7,100.0,A+,OVERLAP,3037.322,3013.056,3061.587,3061.587,3044.314,SESSION_END,0.001,2.4266,0.4669,24.266,0.6993,0.2882,0.355,0.285,441,0.253,2.85,0.05,0.05,0.0,clear,sweep + rejection + CHoCH + displacement,520.4495
2025-03-26 08:16:00+00:00,2025-03-26 13:56:00+00:00,XAUUSD,SHORT,LIQUIDITY_REVERSAL,LIQUIDITY_REVERSAL,0.7,75.0,B,LONDON,3028.302,3039.972,3016.631,3016.631,3016.766,TP2,0.002,2.3342,0.4485,11.671,2.3071,0.9884,1.032,0.17,340,0.227,1.503,0.05,0.0,0.0,clear,sweep + rejection + CHoCH + displacement,522.7566
2025-04-03 18:01:00+00:00,2025-04-03 21:00:00+00:00,XAUUSD,SHORT,TREND_CONTINUATION,BEAR,0.952,85.0,A,NEWYORK,3106.196,3126.716,3085.675,3085.675,3108.892,SESSION_END,0.001,2.052,0.3925,20.52,-0.2696,-0.1314,0.317,0.337,179,0.304,5.017,0.05,0.05,0.0,clear,trend pullback + LTF BOS,522.487
2025-04-04 03:31:00+00:00,2025-04-04 09:33:00+00:00,XAUUSD,SHORT,BREAKOUT,COMPRESSION,0.979,80.0,B,ASIA,3102.928,3124.885,3080.971,3080.971,3081.08,TP2,0.001,2.1957,0.4202,21.957,2.1848,0.9951,1.039,0.308,362,0.334,2.706,0.05,0.0,0.0,clear,compression -> confirmed range break + momentum,524.6718
2025-04-07 14:19:00+00:00,2025-04-07 14:43:00+00:00,XAUUSD,LONG,LIQUIDITY_REVERSAL,CHOPPY,0.641,80.0,B,OVERLAP,3026.494,3003.179,3049.81,3049.81,3002.953,STOP,0.001,2.3315,0.4444,23.315,-2.3542,-1.0097,0.157,1.061,24,0.199,5.708,0.05,0.12,0.0,clear,sweep + rejection + CHoCH + displacement,522.3176
2025-04-08 02:14:00+00:00,2025-04-08 10:14:00+00:00,XAUUSD,LONG,BREAKOUT,COMPRESSION,1.0,50.0,NO_TRADE,ASIA,2995.591,2971.615,3019.567,3019.567,3002.832,TIME,0.001,2.3976,0.459,23.976,0.7241,0.302,0.833,0.263,480,0.312,3.786,0.05,0.05,0.0,clear,compression -> confirmed range break + momentum,523.0417
2025-04-08 18:06:00+00:00,2025-04-08 21:00:00+00:00,XAUUSD,SHORT,BREAKOUT,EXPANSION,0.871,85.0,A,NEWYORK,2983.272,3002.033,2964.512,2964.512,2985.137,SESSION_END,0.001,1.8761,0.3587,18.761,-0.1864,-0.0994,0.464,0.463,174,0.253,4.339,0.05,0.05,0.0,clear,compression -> confirmed range break + momentum,522.8552
2025-04-09 18:23:00+00:00,2025-04-09 18:27:00+00:00,XAUUSD,LONG,TREND_CONTINUATION,STRONG_BULL,1.0,85.0,A,NEWYORK,3087.2,3067.147,3107.252,3107.252,3066.865,STOP,0.001,2.0052,0.3835,20.052,-2.0335,-1.0141,0.015,1.017,4,0.269,4.859,0.05,0.12,0.0,clear,trend pullback + LTF BOS,520.8218
2025-04-10 09:03:00+00:00,2025-04-10 13:30:00+00:00,XAUUSD,SHORT,LIQUIDITY_REVERSAL,LIQUIDITY_REVERSAL,0.7,70.0,NO_TRADE,LONDON,3113.505,3130.949,3096.06,3096.06,3131.158,STOP,0.001,1.7445,0.3349,17.445,-1.7653,-1.0119,0.593,1.16,267,0.201,4.263,0.05,0.12,0.0,clear,sweep + rejection + CHoCH + displacement,519.0565
2025-04-10 13:47:00+00:00,2025-04-10 15:25:00+00:00,XAUUSD,SHORT,LIQUIDITY_REVERSAL,LIQUIDITY_REVERSAL,0.7,70.0,NO_TRADE,OVERLAP,3127.933,3148.757,3107.108,3107.108,3148.996,STOP,0.001,2.0824,0.4012,20.824,-2.1063,-1.0115,0.575,1.016,98,0.205,4.989,0.05,0.12,0.0,clear,sweep + rejection + CHoCH + displacement,516.9502
2025-04-11 00:06:00+00:00,2025-04-11 01:41:00+00:00,XAUUSD,LONG,BREAKOUT,STRONG_BULL,1.0,95.0,A+,ASIA,3189.695,3169.607,3209.783,3209.783,3209.593,TP2,0.001,2.0088,0.3886,20.088,1.9898,0.9906,1.054,0.357,95,0.34,3.784,0.05,0.0,0.0,clear,compression -> confirmed range break + momentum,518.94
2025-04-14 14:20:00+00:00,2025-04-14 21:00:00+00:00,XAUUSD,SHORT,BREAKOUT,EXPANSION,0.95,55.0,NO_TRADE,OVERLAP,3198.628,3219.587,3177.669,3177.669,3212.902,SESSION_END,0.001,2.0959,0.4039,20.959,-1.4274,-0.6811,0.201,0.846,400,0.234,5.428,0.05,0.05,0.0,clear,compression -> confirmed range break + momentum,517.5126
2025-04-15 02:16:00+00:00,2025-04-15 10:16:00+00:00,XAUUSD,LONG,BREAKOUT,COMPRESSION,0.989,95.0,A+,ASIA,3216.885,3200.944,3232.826,3232.826,3228.312,TIME,0.001,1.5941,0.308,15.941,1.1427,0.7169,0.978,0.009,480,0.3,2.108,0.05,0.05,0.0,clear,compression -> confirmed range break + momentum,518.6553
2025-04-16 18:31:00+00:00,2025-04-16 19:35:00+00:00,XAUUSD,LONG,TREND_CONTINUATION,STRONG_BULL,1.0,85.0,A,NEWYORK,3325.079,3311.099,3339.06,3339.06,3338.938,TP2,0.001,1.3981,0.2696,13.981,1.3858,0.9912,1.007,0.003,64,0.249,3.409,0.05,0.0,0.0,clear,trend pullback + LTF BOS,520.0411
2025-04-17 13:16:00+00:00,2025-04-17 14:52:00+00:00,XAUUSD,LONG,BREAKOUT,COMPRESSION,0.947,85.0,A,OVERLAP,3334.506,3316.216,3352.795,3352.795,3315.973,STOP,0.001,1.8289,0.3517,18.289,-1.8533,-1.0133,0.212,1.081,96,0.202,3.707,0.05,0.12,0.0,clear,compression -> confirmed range break + momentum,518.1878
2025-04-21 07:42:00+00:00,2025-04-21 12:48:00+00:00,XAUUSD,LONG,BREAKOUT,COMPRESSION,0.932,80.0,B,LONDON,3391.02,3377.784,3404.256,3404.256,3404.158,TP2,0.001,1.3236,0.2554,13.236,1.3138,0.9926,1.063,0.714,306,0.21,3.232,0.05,0.0,0.0,clear,compression -> confirmed range break + momentum,519.5016
2025-04-21 13:21:00+00:00,2025-04-21 14:08:00+00:00,XAUUSD,LONG,BREAKOUT,BULL,0.858,100.0,A+,OVERLAP,3406.472,3389.236,3423.707,3423.707,3423.594,TP2,0.001,1.7235,0.3318,17.235,1.7122,0.9934,1.03,0.526,47,0.194,3.239,0.05,0.0,0.0,clear,compression -> confirmed range break + momentum,521.2138
2025-04-21 15:14:00+00:00,2025-04-21 21:00:00+00:00,XAUUSD,LONG,BREAKOUT,BULL,0.939,70.0,NO_TRADE,OVERLAP,3425.357,3401.496,3449.219,3449.219,3420.832,SESSION_END,0.001,2.3861,0.4578,23.861,-0.4526,-0.1897,0.209,0.819,346,0.285,5.832,0.05,0.05,0.0,clear,compression -> confirmed range break + momentum,520.7612
2025-04-23 14:21:00+00:00,2025-04-23 14:49:00+00:00,XAUUSD,SHORT,BREAKOUT,COMPRESSION,0.958,80.0,B,OVERLAP,3304.996,3329.809,3280.183,3280.183,3280.3,TP2,0.001,2.4813,0.4765,24.813,2.4696,0.9953,1.051,0.177,28,0.198,6.059,0.05,0.0,0.0,clear,compression -> confirmed range break + momentum,523.2308
2025-04-25 14:16:00+00:00,2025-04-25 18:00:00+00:00,XAUUSD,SHORT,BREAKOUT,STRONG_BEAR,0.893,70.0,NO_TRADE,OVERLAP,3281.501,3306.471,3256.532,3256.532,3284.665,SESSION_END,0.001,2.4969,0.4772,24.969,-0.3164,-0.1267,0.669,0.234,224,0.227,5.567,0.05,0.05,0.0,clear,compression -> confirmed range break + momentum,522.9144
2025-04-28 06:36:00+00:00,2025-04-28 11:00:00+00:00,XAUUSD,SHORT,LIQUIDITY_REVERSAL,CHOPPY,0.575,90.0,A+,ASIA,3294.524,3315.647,3273.4,3273.4,3273.492,TP2,0.001,2.1123,0.404,21.123,2.1031,0.9956,1.016,0.09,264,0.343,3.457,0.05,0.0,0.0,clear,sweep + rejection + CHoCH + displacement,525.0175
2025-05-01 11:01:00+00:00,2025-05-01 19:01:00+00:00,XAUUSD,SHORT,BREAKOUT,COMPRESSION,0.905,80.0,B,LONDON,3217.808,3237.937,3197.678,3197.678,3213.928,TIME,0.001,2.0129,0.3834,20.129,0.388,0.1928,0.801,0.758,480,0.195,3.15,0.05,0.05,0.0,clear,compression -> confirmed range break + momentum,525.4055
2025-05-02 03:26:00+00:00,2025-05-02 07:24:00+00:00,XAUUSD,LONG,BREAKOUT,COMPRESSION,0.995,65.0,NO_TRADE,ASIA,3246.576,3231.119,3262.033,3262.033,3261.934,TP2,0.001,1.5457,0.2942,15.457,1.5358,0.9936,1.005,0.227,238,0.362,3.435,0.05,0.0,0.0,clear,compression -> confirmed range break + momentum,526.9413
2025-05-05 10:56:00+00:00,2025-05-05 15:06:00+00:00,XAUUSD,LONG,BREAKOUT,STRONG_BULL,0.944,85.0,A,LONDON,3305.016,3286.048,3323.983,3323.983,3323.87,TP2,0.001,1.8967,0.36,18.967,1.8854,0.994,1.184,0.028,250,0.261,4.129,0.05,0.0,0.0,clear,compression -> confirmed range break + momentum,528.8267
2025-05-06 20:22:00+00:00,2025-05-06 21:00:00+00:00,XAUUSD,LONG,TREND_CONTINUATION,STRONG_BULL,1.0,85.0,A,NEWYORK,3416.056,3403.689,3428.423,3428.423,3420.966,SESSION_END,0.002,2.4735,0.4677,12.367,0.982,0.397,0.629,0.123,38,0.202,2.582,0.05,0.05,0.0,clear,trend pullback + LTF BOS,529.8087
2025-05-08 20:07:00+00:00,2025-05-08 21:00:00+00:00,XAUUSD,SHORT,TREND_CONTINUATION,STRONG_BEAR,0.949,85.0,A,NEWYORK,3302.181,3328.669,3275.693,3275.693,3309.138,SESSION_END,0.001,2.6488,0.5,26.488,-0.6957,-0.2626,0.519,0.281,53,0.227,3.645,0.05,0.05,0.0,clear,trend pullback + LTF BOS,529.1131
2025-05-13 01:12:00+00:00,2025-05-13 02:35:00+00:00,XAUUSD,LONG,BREAKOUT,COMPRESSION,0.979,65.0,NO_TRADE,ASIA,3242.548,3220.736,3264.36,3264.36,3220.434,STOP,0.001,2.1812,0.4122,21.812,-2.2114,-1.0139,0.025,1.045,83,0.306,2.585,0.05,0.12,0.0,clear,compression -> confirmed range break + momentum,526.9017
2025-05-13 13:01:00+00:00,2025-05-13 14:56:00+00:00,XAUUSD,SHORT,BREAKOUT,COMPRESSION,0.979,95.0,A+,OVERLAP,3248.415,3268.257,3228.573,3228.573,3228.693,TP2,0.001,1.9842,0.3766,19.842,1.9722,0.994,1.002,0.013,115,0.18,2.99,0.05,0.0,0.0,clear,compression -> confirmed range break + momentum,528.8739
2025-05-14 06:13:00+00:00,2025-05-14 13:37:00+00:00,XAUUSD,SHORT,TREND_CONTINUATION,STRONG_BEAR,0.917,85.0,A,ASIA,3223.708,3244.821,3202.595,3202.595,3202.717,TP2,0.001,2.1113,0.3992,21.113,2.0991,0.9942,1.054,0.937,444,0.415,3.128,0.05,0.0,0.0,clear,trend pullback + LTF BOS,530.973
2025-05-19 00:01:00+00:00,2025-05-19 02:55:00+00:00,XAUUSD,LONG,BREAKOUT,EXPANSION,0.929,50.0,NO_TRADE,ASIA,3237.763,3217.36,3258.166,3258.166,3216.985,STOP,0.001,2.0403,0.3843,20.403,-2.0778,-1.0184,0.575,1.089,174,0.476,4.964,0.05,0.12,0.0,clear,compression -> confirmed range break + momentum,528.8952
2025-05-19 18:35:00+00:00,2025-05-19 21:00:00+00:00,XAUUSD,SHORT,LIQUIDITY_REVERSAL,CHOPPY,0.589,80.0,B,NEWYORK,3229.202,3242.185,3216.219,3216.219,3233.196,SESSION_END,0.002,2.5966,0.4909,12.983,-0.7988,-0.3077,0.321,0.498,145,0.206,2.735,0.05,0.05,0.0,clear,sweep + rejection + CHoCH + displacement,528.0963
2025-05-21 11:46:00+00:00,2025-05-21 19:46:00+00:00,XAUUSD,SHORT,LIQUIDITY_REVERSAL,LIQUIDITY_REVERSAL,0.7,85.0,A,LONDON,3310.401,3335.366,3285.436,3285.436,3314.917,TIME,0.001,2.4965,0.4727,24.965,-0.4516,-0.1809,0.79,0.236,480,0.207,2.863,0.05,0.05,0.0,clear,sweep + rejection + CHoCH + displacement,527.6447
2025-05-22 02:11:00+00:00,2025-05-22 10:11:00+00:00,XAUUSD,LONG,BREAKOUT,COMPRESSION,0.989,80.0,B,ASIA,3328.409,3302.108,3354.71,3354.71,3309.124,TIME,0.001,2.6301,0.4985,26.301,-1.9285,-0.7332,0.638,0.832,480,0.388,2.975,0.05,0.05,0.0,clear,compression -> confirmed range break + momentum,525.7162
2025-05-23 13:42:00+00:00,2025-05-23 18:00:00+00:00,XAUUSD,LONG,BREAKOUT,STRONG_BULL,0.904,85.0,A,OVERLAP,3357.359,3331.692,3383.026,3383.026,3359.456,SESSION_END,0.001,2.5667,0.4882,25.667,0.2097,0.0817,0.274,0.823,258,0.323,6.285,0.05,0.05,0.0,clear,compression -> confirmed range break + momentum,525.9259
2025-05-29 00:20:00+00:00,2025-05-29 08:20:00+00:00,XAUUSD,SHORT,BREAKOUT,STRONG_BEAR,0.958,60.0,NO_TRADE,ASIA,3269.697,3294.94,3244.454,3244.454,3278.624,TIME,0.001,2.5243,0.48,25.243,-0.8927,-0.3537,0.971,0.512,480,0.556,4.684,0.05,0.05,0.0,clear,compression -> confirmed range break + momentum,525.0332
2025-05-29 10:28:00+00:00,2025-05-29 11:14:00+00:00,XAUUSD,LONG,LIQUIDITY_REVERSAL,LIQUIDITY_REVERSAL,0.8,75.0,B,LONDON,3278.598,3268.309,3288.886,3288.886,3288.783,TP2,0.002,2.0577,0.3919,10.288,2.0371,0.99,1.002,0.067,46,0.199,2.503,0.05,0.0,0.0,clear,sweep + rejection + CHoCH + displacement,527.0703
2025-05-30 03:11:00+00:00,2025-05-30 11:11:00+00:00,XAUUSD,SHORT,BREAKOUT,COMPRESSION,0.979,50.0,NO_TRADE,ASIA,3305.786,3325.989,3285.583,3285.583,3298.626,TIME,0.001,2.0203,0.3833,20.203,0.716,0.3544,0.923,0.003,480,0.424,3.255,0.05,0.05,0.0,clear,compression -> confirmed range break + momentum,527.7863
2025-06-02 07:06:00+00:00,2025-06-02 07:38:00+00:00,XAUUSD,LONG,BREAKOUT,BULL,0.84,80.0,B,LONDON,3326.457,3313.697,3339.216,3339.216,3339.102,TP2,0.002,2.5519,0.4835,12.76,2.5291,0.991,1.007,0.089,32,0.204,2.38,0.05,0.0,0.0,clear,compression -> confirmed range break + momentum,530.3154
2025-06-02 08:06:00+00:00,2025-06-02 14:43:00+00:00,XAUUSD,LONG,BREAKOUT,STRONG_BULL,0.893,85.0,A,LONDON,3346.948,3328.722,3365.174,3365.174,3365.058,TP2,0.001,1.8226,0.3437,18.226,1.811,0.9936,1.037,0.153,397,0.246,3.303,0.05,0.0,0.0,clear,compression -> confirmed range break + momentum,532.1264
2025-06-03 13:06:00+00:00,2025-06-03 15:05:00+00:00,XAUUSD,SHORT,LIQUIDITY_REVERSAL,LIQUIDITY_REVERSAL,1.0,80.0,B,OVERLAP,3353.766,3374.608,3332.924,3332.924,3333.059,TP2,0.001,2.0842,0.3917,20.842,2.0707,0.9935,1.017,0.441,119,0.164,2.013,0.05,0.0,0.0,clear,sweep + rejection + CHoCH + displacement,534.1971
2025-06-05 10:56:00+00:00,2025-06-05 14:02:00+00:00,XAUUSD,LONG,BREAKOUT,EXPANSION,0.855,85.0,A,LONDON,3389.699,3372.099,3407.3,3407.3,3371.825,STOP,0.001,1.7601,0.3295,17.601,-1.7874,-1.0156,0.766,1.01,186,0.249,3.088,0.05,0.12,0.0,clear,compression -> confirmed range break + momentum,532.4096
2025-06-06 15:10:00+00:00,2025-06-06 18:00:00+00:00,XAUUSD,SHORT,BREAKOUT,BEAR,0.918,70.0,NO_TRADE,OVERLAP,3338.101,3361.944,3314.259,3314.259,3323.664,SESSION_END,0.001,2.3842,0.4478,23.842,1.4438,0.6055,0.924,0.16,170,0.347,5.856,0.05,0.05,0.0,clear,compression -> confirmed range break + momentum,533.8534
2025-06-09 12:56:00+00:00,2025-06-09 17:22:00+00:00,XAUUSD,SHORT,LIQUIDITY_REVERSAL,LIQUIDITY_REVERSAL,0.7,95.0,A+,OVERLAP,3316.058,3333.002,3299.114,3299.114,3333.24,STOP,0.001,1.6944,0.3174,16.944,-1.7182,-1.014,0.327,1.006,266,0.194,2.436,0.05,0.12,0.0,clear,sweep + rejection + CHoCH + displacement,532.1352
2025-06-10 02:07:00+00:00,2025-06-10 10:07:00+00:00,XAUUSD,LONG,LIQUIDITY_REVERSAL,BEAR,0.797,75.0,B,ASIA,3318.563,3300.691,3336.436,3336.436,3328.293,TIME,0.001,1.7873,0.3359,17.873,0.9729,0.5443,0.907,0.944,480,0.417,2.676,0.05,0.05,0.0,clear,sweep + rejection + CHoCH + displacement,533.1081
2025-06-12 02:20:00+00:00,2025-06-12 08:42:00+00:00,XAUUSD,LONG,TREND_CONTINUATION,STRONG_BULL,0.932,80.0,B,ASIA,3369.988,3344.372,3395.604,3395.604,3344.119,STOP,0.001,2.5616,0.4805,25.616,-2.5869,-1.0099,0.295,1.053,382,0.506,3.898,0.05,0.12,0.0,clear,trend pullback + LTF BOS,530.5211
2025-06-12 11:34:00+00:00,2025-06-12 19:34:00+00:00,XAUUSD,LONG,BREAKOUT,BULL,0.882,85.0,A,LONDON,3380.375,3355.76,3404.989,3404.989,3383.897,TIME,0.001,2.4614,0.464,24.614,0.3523,0.1431,0.746,0.302,480,0.279,4.086,0.05,0.05,0.0,clear,compression -> confirmed range break + momentum,530.8734
2025-06-13 00:52:00+00:00,2025-06-13 01:07:00+00:00,XAUUSD,LONG,BREAKOUT,COMPRESSION,0.984,65.0,NO_TRADE,ASIA,3389.998,3375.407,3404.59,3404.59,3404.413,TP2,0.001,1.4592,0.2749,14.592,1.4415,0.9879,1.355,0.0,15,0.287,1.851,0.05,0.0,0.0,clear,compression -> confirmed range break + momentum,532.3149
2025-06-13 01:58:00+00:00,2025-06-13 03:53:00+00:00,XAUUSD,LONG,BREAKOUT,BULL,0.814,80.0,B,ASIA,3417.174,3393.602,3440.746,3440.746,3440.5,TP2,0.001,2.3572,0.4428,23.572,2.3326,0.9896,1.014,0.157,115,0.558,5.724,0.05,0.0,0.0,clear,compression -> confirmed range break + momentum,534.6475
2025-06-13 14:36:00+00:00,2025-06-13 15:58:00+00:00,XAUUSD,LONG,BREAKOUT,BULL,0.981,85.0,A,OVERLAP,3445.651,3424.077,3467.224,3467.224,3423.834,STOP,0.001,2.1574,0.4035,21.574,-2.1817,-1.0113,0.046,1.027,82,0.211,4.019,0.05,0.12,0.0,clear,compression -> confirmed range break + momentum,532.4658
2025-06-16 12:36:00+00:00,2025-06-16 14:42:00+00:00,XAUUSD,SHORT,LIQUIDITY_REVERSAL,LIQUIDITY_REVERSAL,0.8,80.0,B,OVERLAP,3418.051,3432.776,3403.326,3403.326,3403.43,TP2,0.001,1.4725,0.2765,14.725,1.4621,0.993,1.042,0.095,126,0.168,2.641,0.05,0.0,0.0,clear,sweep + rejection + CHoCH + displacement,533.9279
2025-06-18 02:46:00+00:00,2025-06-18 05:45:00+00:00,XAUUSD,SHORT,BREAKOUT,COMPRESSION,0.937,95.0,A+,ASIA,3379.724,3397.996,3361.452,3361.452,3398.291,STOP,0.001,1.8272,0.3422,18.272,-1.8567,-1.0161,0.513,1.053,179,0.362,2.442,0.05,0.12,0.0,clear,compression -> confirmed range break + momentum,532.0712
2025-06-19 07:33:00+00:00,2025-06-19 08:43:00+00:00,XAUUSD,SHORT,BREAKOUT,BEAR,0.841,85.0,A,LONDON,3349.699,3367.835,3331.562,3331.562,3368.114,STOP,0.001,1.8136,0.3409,18.136,-1.8416,-1.0154,0.134,1.04,70,0.293,3.813,0.05,0.12,0.0,clear,compression -> confirmed range break + momentum,530.2297
2025-06-23 02:31:00+00:00,2025-06-23 10:31:00+00:00,XAUUSD,SHORT,BREAKOUT,EXPANSION,0.871,60.0,NO_TRADE,ASIA,3354.247,3376.304,3332.19,3332.19,3363.327,TIME,0.001,2.2057,0.416,22.057,-0.908,-0.4117,0.343,0.663,480,0.555,4.146,0.05,0.05,0.0,clear,compression -> confirmed range break + momentum,529.3217
2025-06-24 10:07:00+00:00,2025-06-24 13:36:00+00:00,XAUUSD,SHORT,TREND_CONTINUATION,BEAR,0.608,90.0,A+,LONDON,3323.195,3341.665,3304.724,3304.724,3304.84,TP2,0.001,1.847,0.3489,18.47,1.8355,0.9937,1.017,0.303,209,0.228,3.408,0.05,0.0,0.0,clear,trend pullback + LTF BOS,531.1571
2025-06-24 14:46:00+00:00,2025-06-24 20:34:00+00:00,XAUUSD,SHORT,BREAKOUT,STRONG_BEAR,0.996,65.0,NO_TRADE,OVERLAP,3301.31,3321.467,3281.154,3281.154,3321.675,STOP,0.001,2.0156,0.3795,20.156,-2.0365,-1.0104,0.308,1.028,348,0.275,4.943,0.05,0.12,0.0,clear,compression -> confirmed range break + momentum,529.1206
2025-06-25 02:19:00+00:00,2025-06-25 10:19:00+00:00,XAUUSD,LONG,BREAKOUT,COMPRESSION,0.989,65.0,NO_TRADE,ASIA,3332.871,3318.991,3346.751,3346.751,3323.424,TIME,0.001,1.388,0.2623,13.88,-0.9446,-0.6806,0.287,0.81,480,0.291,1.738,0.05,0.05,0.0,clear,compression -> confirmed range break + momentum,528.176
2025-06-26 01:06:00+00:00,2025-06-26 09:06:00+00:00,XAUUSD,SHORT,LIQUIDITY_REVERSAL,LIQUIDITY_REVERSAL,0.7,95.0,A+,ASIA,3334.034,3352.814,3315.254,3315.254,3346.154,TIME,0.001,1.878,0.3556,18.78,-1.212,-0.6454,0.268,0.693,480,0.382,1.839,0.05,0.05,0.0,clear,sweep + rejection + CHoCH + displacement,526.9639
2025-06-26 13:26:00+00:00,2025-06-26 14:33:00+00:00,XAUUSD,LONG,LIQUIDITY_REVERSAL,LIQUIDITY_REVERSAL,0.8,100.0,A+,OVERLAP,3338.483,3315.287,3361.678,3361.678,3314.995,STOP,0.001,2.3195,0.4402,23.195,-2.3487,-1.0126,0.234,1.01,67,0.216,2.251,0.05,0.12,0.0,clear,sweep + rejection + CHoCH + displacement,524.6152
2025-06-27 03:28:00+00:00,2025-06-27 04:50:00+00:00,XAUUSD,SHORT,TREND_CONTINUATION,BEAR,0.944,80.0,B,ASIA,3314.343,3333.286,3295.4,3295.4,3295.644,TP2,0.001,1.8943,0.3611,18.943,1.8698,0.9871,1.0,0.0,82,0.465,2.582,0.05,0.0,0.0,clear,trend pullback + LTF BOS,526.485
2025-06-27 12:57:00+00:00,2025-06-27 13:45:00+00:00,XAUUSD,SHORT,TREND_CONTINUATION,STRONG_BEAR,1.0,85.0,A,OVERLAP,3282.364,3294.718,3270.01,3270.01,3270.159,TP2,0.002,2.4708,0.4693,12.354,2.4411,0.988,1.024,0.0,48,0.242,2.993,0.05,0.0,0.0,clear,trend pullback + LTF BOS,528.9261
2025-06-30 00:58:00+00:00,2025-06-30 05:50:00+00:00,XAUUSD,SHORT,TREND_CONTINUATION,BEAR,0.592,70.0,NO_TRADE,ASIA,3264.129,3283.636,3244.622,3244.622,3283.92,STOP,0.001,1.9507,0.3688,19.507,-1.979,-1.0145,0.253,1.077,292,0.451,3.442,0.05,0.12,0.0,clear,trend pullback + LTF BOS,526.9471
2025-06-30 11:41:00+00:00,2025-06-30 17:59:00+00:00,XAUUSD,SHORT,LIQUIDITY_REVERSAL,LIQUIDITY_REVERSAL,0.8,90.0,A+,LONDON,3283.088,3297.153,3269.023,3269.023,3297.38,STOP,0.001,1.4065,0.2669,14.065,-1.4292,-1.0161,0.617,1.011,378,0.194,2.286,0.05,0.12,0.0,clear,sweep + rejection + CHoCH + displacement,525.5179
2025-07-01 03:40:00+00:00,2025-07-01 08:13:00+00:00,XAUUSD,LONG,TREND_CONTINUATION,STRONG_BULL,1.0,80.0,B,ASIA,3316.326,3296.491,3336.161,3336.161,3336.055,TP2,0.001,1.9835,0.3774,19.835,1.9729,0.9947,1.049,0.049,273,0.382,2.174,0.05,0.0,0.0,clear,trend pullback + LTF BOS,527.4908
2025-07-01 08:45:00+00:00,2025-07-01 12:30:00+00:00,XAUUSD,LONG,BREAKOUT,STRONG_BULL,1.0,70.0,NO_TRADE,LONDON,3337.687,3323.015,3352.358,3352.358,3352.258,TP2,0.001,1.4671,0.2781,14.671,1.4571,0.9932,1.032,0.078,225,0.243,2.602,0.05,0.0,0.0,clear,compression -> confirmed range break + momentum,528.948
2025-07-02 08:51:00+00:00,2025-07-02 16:51:00+00:00,XAUUSD,LONG,LIQUIDITY_REVERSAL,LIQUIDITY_REVERSAL,1.0,100.0,A+,LONDON,3335.483,3309.208,3361.758,3361.758,3341.414,TIME,0.001,2.6275,0.4967,26.275,0.5931,0.2257,0.589,0.105,480,0.256,2.676,0.05,0.05,0.0,clear,sweep + rejection + CHoCH + displacement,529.541
2025-07-03 18:32:00+00:00,2025-07-03 21:00:00+00:00,XAUUSD,SHORT,LIQUIDITY_REVERSAL,LIQUIDITY_REVERSAL,0.8,75.0,B,NEWYORK,3330.18,3344.932,3315.428,3315.428,3328.735,SESSION_END,0.001,1.4752,0.2786,14.752,0.1445,0.098,0.215,0.032,148,0.23,1.85,0.05,0.05,0.0,clear,sweep + rejection + CHoCH + displacement,529.6855
2025-07-04 02:24:00+00:00,2025-07-04 10:24:00+00:00,XAUUSD,LONG,BREAKOUT,COMPRESSION,0.953,65.0,NO_TRADE,ASIA,3333.976,3318.308,3349.644,3349.644,3338.94,TIME,0.001,1.5668,0.2958,15.668,0.4964,0.3168,0.698,0.516,480,0.356,1.614,0.05,0.05,0.0,clear,compression -> confirmed range break + momentum,530.1819
2025-07-07 12:47:00+00:00,2025-07-07 15:13:00+00:00,XAUUSD,SHORT,TREND_CONTINUATION,STRONG_BEAR,1.0,85.0,A,OVERLAP,3303.432,3317.065,3289.798,3289.798,3317.333,STOP,0.001,1.3633,0.2571,13.633,-1.3901,-1.0196,0.245,1.105,146,0.266,2.934,0.05,0.12,0.0,clear,trend pullback + LTF BOS,528.7918
2025-07-08 08:11:00+00:00,2025-07-08 09:07:00+00:00,XAUUSD,LONG,BREAKOUT,COMPRESSION,0.937,80.0,B,LONDON,3339.2,3327.184,3351.216,3351.216,3326.958,STOP,0.002,2.4032,0.4545,12.016,-2.4485,-1.0188,0.0,1.113,56,0.204,1.921,0.05,0.12,0.0,clear,compression -> confirmed range break + momentum,526.3433
2025-07-09 06:40:00+00:00,2025-07-09 14:40:00+00:00,XAUUSD,SHORT,TREND_CONTINUATION,STRONG_BEAR,0.959,85.0,A,ASIA,3290.609,3312.447,3268.771,3268.771,3292.503,TIME,0.001,2.1838,0.4149,21.838,-0.1893,-0.0867,0.375,0.4,480,0.412,2.231,0.05,0.05,0.0,clear,trend pullback + LTF BOS,526.154
2025-07-09 19:21:00+00:00,2025-07-09 21:00:00+00:00,XAUUSD,LONG,LIQUIDITY_REVERSAL,LIQUIDITY_REVERSAL,0.8,85.0,A,NEWYORK,3312.103,3297.441,3326.765,3326.765,3314.204,SESSION_END,0.001,1.4662,0.2787,14.662,0.2101,0.1433,0.307,0.148,99,0.216,1.831,0.05,0.05,0.0,clear,sweep + rejection + CHoCH + displacement,526.364
2025-07-10 09:37:00+00:00,2025-07-10 14:59:00+00:00,XAUUSD,LONG,LIQUIDITY_REVERSAL,LIQUIDITY_REVERSAL,0.8,100.0,A+,LONDON,3323.235,3312.426,3334.045,3334.045,3312.161,STOP,0.002,2.162,0.4107,10.81,-2.2149,-1.0245,0.634,1.069,322,0.201,1.693,0.05,0.12,0.0,clear,sweep + rejection + CHoCH + displacement,524.1491
2025-07-11 09:56:00+00:00,2025-07-11 13:49:00+00:00,XAUUSD,SHORT,LIQUIDITY_REVERSAL,LIQUIDITY_REVERSAL,0.7,85.0,A,LONDON,3334.758,3355.05,3314.467,3314.467,3355.304,STOP,0.001,2.0292,0.3871,20.292,-2.0545,-1.0125,0.105,1.054,233,0.273,2.535,0.05,0.12,0.0,clear,sweep + rejection + CHoCH + displacement,522.0946
2025-07-14 14:11:00+00:00,2025-07-14 21:00:00+00:00,XAUUSD,SHORT,BREAKOUT,EXPANSION,0.929,70.0,NO_TRADE,OVERLAP,3349.43,3362.601,3336.259,3336.259,3344.762,SESSION_END,0.001,1.3171,0.2523,13.171,0.4668,0.3544,0.659,0.708,409,0.251,3.184,0.05,0.05,0.0,clear,compression -> confirmed range break + momentum,522.5614
2025-07-16 12:01:00+00:00,2025-07-16 14:49:00+00:00,XAUUSD,SHORT,BREAKOUT,COMPRESSION,0.958,80.0,B,OVERLAP,3335.029,3346.769,3323.289,3323.289,3323.443,TP2,0.002,2.348,0.4493,11.74,2.3172,0.9869,1.033,0.492,168,0.192,1.567,0.05,0.0,0.0,clear,compression -> confirmed range break + momentum,524.8786
2025-07-18 12:07:00+00:00,2025-07-18 18:00:00+00:00,XAUUSD,LONG,TREND_CONTINUATION,BULL,0.919,85.0,A,OVERLAP,3353.165,3340.049,3366.281,3366.281,3353.092,SESSION_END,0.002,2.6232,0.4998,13.116,-0.0146,-0.0056,0.6,0.165,353,0.2,1.795,0.05,0.05,0.0,clear,trend pullback + LTF BOS,524.864
2025-07-21 12:30:00+00:00,2025-07-21 13:40:00+00:00,XAUUSD,LONG,BREAKOUT,BULL,0.964,70.0,NO_TRADE,OVERLAP,3373.551,3361.602,3385.5,3385.5,3385.383,TP2,0.002,2.3897,0.4553,11.949,2.3664,0.9903,1.007,0.244,70,0.192,1.543,0.05,0.0,0.0,clear,compression -> confirmed range break + momentum,527.2304
2025-07-21 14:06:00+00:00,2025-07-21 21:00:00+00:00,XAUUSD,LONG,BREAKOUT,STRONG_BULL,1.0,85.0,A,OVERLAP,3388.428,3375.465,3401.39,3401.39,3397.504,SESSION_END,0.002,2.5925,0.4917,12.962,1.8153,0.7002,0.996,0.393,414,0.246,2.278,0.05,0.05,0.0,clear,compression -> confirmed range break + momentum,529.0457
2025-07-22 13:01:00+00:00,2025-07-22 13:42:00+00:00,XAUUSD,LONG,BREAKOUT,COMPRESSION,0.958,80.0,B,OVERLAP,3392.516,3382.437,3402.595,3402.595,3402.48,TP2,0.002,2.0159,0.381,10.079,1.9928,0.9885,1.194,0.154,41,0.182,1.371,0.05,0.0,0.0,clear,compression -> confirmed range break + momentum,531.0385
2025-07-22 13:55:00+00:00,2025-07-22 14:27:00+00:00,XAUUSD,LONG,BREAKOUT,BULL,0.832,70.0,NO_TRADE,OVERLAP,3403.876,3391.837,3415.914,3415.914,3415.764,TP2,0.002,2.4077,0.4534,12.039,2.3776,0.9875,1.044,0.0,32,0.256,2.375,0.05,0.0,0.0,clear,compression -> confirmed range break + momentum,533.4161
2025-07-22 14:32:00+00:00,2025-07-22 16:04:00+00:00,XAUUSD,LONG,BREAKOUT,STRONG_BULL,0.879,70.0,NO_TRADE,OVERLAP,3415.667,3402.046,3429.289,3429.289,3429.071,TP2,0.001,1.3621,0.2554,13.621,1.3404,0.984,1.034,0.83,92,0.304,3.07,0.05,0.0,0.0,clear,compression -> confirmed range break + momentum,534.7564
2025-07-24 13:43:00+00:00,2025-07-24 21:00:00+00:00,XAUUSD,SHORT,TREND_CONTINUATION,STRONG_BEAR,1.0,100.0,A+,OVERLAP,3357.857,3382.222,3333.493,3333.493,3370.788,SESSION_END,0.001,2.4365,0.4556,24.365,-1.2931,-0.5307,0.275,0.792,437,0.216,2.477,0.05,0.05,0.0,clear,trend pullback + LTF BOS,533.4633
2025-07-25 12:06:00+00:00,2025-07-25 16:44:00+00:00,XAUUSD,SHORT,TREND_CONTINUATION,STRONG_BEAR,1.0,85.0,A,OVERLAP,3342.528,3359.432,3325.625,3325.625,3325.801,TP2,0.001,1.6903,0.3169,16.903,1.6727,0.9896,1.049,0.288,278,0.193,1.875,0.05,0.0,0.0,clear,trend pullback + LTF BOS,535.136
2025-07-28 00:01:00+00:00,2025-07-28 08:01:00+00:00,XAUUSD,SHORT,TREND_CONTINUATION,BEAR,0.603,80.0,B,ASIA,3330.733,3356.783,3304.682,3304.682,3341.31,TIME,0.001,2.6051,0.4868,26.051,-1.0577,-0.406,0.125,0.553,480,0.531,2.914,0.05,0.05,0.0,clear,trend pullback + LTF BOS,534.0783
2025-07-29 08:01:00+00:00,2025-07-29 16:01:00+00:00,XAUUSD,SHORT,LIQUIDITY_REVERSAL,LIQUIDITY_REVERSAL,0.7,90.0,A+,LONDON,3316.704,3334.479,3298.928,3298.928,3327.276,TIME,0.001,1.7776,0.3328,17.776,-1.0573,-0.5948,0.315,0.733,480,0.242,2.314,0.05,0.05,0.0,clear,sweep + rejection + CHoCH + displacement,533.0211
2025-08-01 02:56:00+00:00,2025-08-01 06:52:00+00:00,XAUUSD,SHORT,BREAKOUT,COMPRESSION,0.958,85.0,A,ASIA,3283.115,3299.622,3266.608,3266.608,3299.916,STOP,0.001,1.6507,0.3097,16.507,-1.6801,-1.0178,0.102,1.032,236,0.38,2.195,0.05,0.12,0.0,clear,compression -> confirmed range break + momentum,531.3409
2025-08-04 17:11:00+00:00,2025-08-04 21:00:00+00:00,XAUUSD,LONG,TREND_CONTINUATION,BULL,1.0,85.0,A,NEWYORK,3376.035,3358.331,3393.738,3393.738,3374.527,SESSION_END,0.001,1.7703,0.3332,17.703,-0.1508,-0.0852,0.111,0.319,229,0.274,2.49,0.05,0.05,0.0,clear,trend pullback + LTF BOS,531.1901
2025-08-06 13:56:00+00:00,2025-08-06 21:00:00+00:00,XAUUSD,LONG,LIQUIDITY_REVERSAL,LIQUIDITY_REVERSAL,1.0,100.0,A+,OVERLAP,3368.142,3343.635,3392.649,3392.649,3370.464,SESSION_END,0.001,2.4507,0.4614,24.507,0.2321,0.0947,0.476,0.125,424,0.234,2.347,0.05,0.05,0.0,clear,sweep + rejection + CHoCH + displacement,531.4223
2025-08-07 19:21:00+00:00,2025-08-07 21:00:00+00:00,XAUUSD,SHORT,LIQUIDITY_REVERSAL,CHOPPY,0.754,75.0,B,NEWYORK,3389.301,3403.963,3374.639,3374.639,3398.912,SESSION_END,0.001,1.4662,0.2759,14.662,-0.9611,-0.6555,0.159,0.764,99,0.228,1.835,0.05,0.05,0.0,clear,sweep + rejection + CHoCH + displacement,530.4612
2025-08-08 06:02:00+00:00,2025-08-08 14:02:00+00:00,XAUUSD,SHORT,LIQUIDITY_REVERSAL,CHOPPY,0.566,85.0,A,ASIA,3393.25,3412.13,3374.37,3374.37,3391.142,TIME,0.001,1.888,0.3559,18.88,0.2108,0.1117,0.7,0.565,480,0.418,2.467,0.05,0.05,0.0,clear,sweep + rejection + CHoCH + displacement,530.672
2025-08-11 07:34:00+00:00,2025-08-11 13:30:00+00:00,XAUUSD,SHORT,BREAKOUT,COMPRESSION,0.968,65.0,NO_TRADE,LONDON,3364.949,3382.815,3347.084,3347.084,3347.19,TP2,0.001,1.7866,0.3367,17.866,1.776,0.9941,1.163,0.235,356,0.191,2.427,0.05,0.0,0.0,clear,compression -> confirmed range break + momentum,532.4479
2025-08-12 07:21:00+00:00,2025-08-12 15:21:00+00:00,XAUUSD,SHORT,BREAKOUT,COMPRESSION,0.989,80.0,B,LONDON,3344.782,3361.695,3327.87,3327.87,3332.074,TIME,0.001,1.6913,0.3176,16.913,1.2708,0.7514,0.821,0.778,480,0.205,2.398,0.05,0.05,0.0,clear,compression -> confirmed range break + momentum,533.7188
2025-08-19 01:17:00+00:00,2025-08-19 09:17:00+00:00,XAUUSD,LONG,BREAKOUT,COMPRESSION,0.937,70.0,NO_TRADE,ASIA,3337.223,3317.783,3356.664,3356.664,3337.795,TIME,0.001,1.944,0.3642,19.44,0.0571,0.0294,0.228,0.407,480,0.396,1.776,0.05,0.05,0.0,clear,compression -> confirmed range break + momentum,533.7759
2025-08-19 17:10:00+00:00,2025-08-19 21:00:00+00:00,XAUUSD,SHORT,TREND_CONTINUATION,STRONG_BEAR,0.873,85.0,A,NEWYORK,3321.889,3335.739,3308.039,3308.039,3316.963,SESSION_END,0.001,1.385,0.2595,13.85,0.4926,0.3557,0.514,0.042,230,0.313,2.535,0.05,0.05,0.0,clear,trend pullback + LTF BOS,534.2685
2025-08-21 13:36:00+00:00,2025-08-21 21:00:00+00:00,XAUUSD,LONG,LIQUIDITY_REVERSAL,LIQUIDITY_REVERSAL,0.7,90.0,A+,OVERLAP,3343.148,3320.79,3365.506,3365.506,3338.353,SESSION_END,0.001,2.2358,0.4185,22.358,-0.4795,-0.2145,0.214,0.329,444,0.3,2.699,0.05,0.05,0.0,clear,sweep + rejection + CHoCH + displacement,533.789
2025-08-22 13:21:00+00:00,2025-08-22 15:00:00+00:00,XAUUSD,LONG,LIQUIDITY_REVERSAL,LIQUIDITY_REVERSAL,1.0,85.0,A,OVERLAP,3329.31,3315.215,3343.405,3343.405,3343.258,TP2,0.001,1.4095,0.2641,14.095,1.3948,0.9895,1.184,0.586,99,0.224,1.726,0.05,0.0,0.0,clear,sweep + rejection + CHoCH + displacement,535.1837
2025-08-25 14:39:00+00:00,2025-08-25 21:00:00+00:00,XAUUSD,LONG,LIQUIDITY_REVERSAL,LIQUIDITY_REVERSAL,0.8,100.0,A+,OVERLAP,3367.54,3350.512,3384.569,3384.569,3364.556,SESSION_END,0.001,1.7028,0.3182,17.028,-0.2984,-0.1753,0.505,0.149,381,0.231,1.749,0.05,0.05,0.0,clear,sweep + rejection + CHoCH + displacement,534.8853
2025-08-26 07:21:00+00:00,2025-08-26 15:21:00+00:00,XAUUSD,SHORT,LIQUIDITY_REVERSAL,CHOPPY,0.598,85.0,A,LONDON,3373.0,3384.767,3361.234,3361.234,3374.134,TIME,0.002,2.3532,0.44,11.766,-0.2267,-0.0964,0.511,0.615,480,0.249,1.669,0.05,0.05,0.0,clear,sweep + rejection + CHoCH + displacement,534.6586
2025-08-28 09:41:00+00:00,2025-08-28 15:40:00+00:00,XAUUSD,LONG,BREAKOUT,BULL,0.896,85.0,A,LONDON,3399.415,3386.068,3412.762,3412.762,3412.618,TP2,0.002,2.6695,0.4993,13.347,2.6406,0.9892,1.044,0.439,359,0.24,1.81,0.05,0.0,0.0,clear,compression -> confirmed range break + momentum,537.2992
2025-09-01 12:52:00+00:00,2025-09-01 23:00:00+00:00,XAUUSD,SHORT,LIQUIDITY_REVERSAL,LIQUIDITY_REVERSAL,0.8,85.0,A,OVERLAP,3469.551,3482.376,3456.725,3456.725,3474.945,SESSION_END,0.002,2.5652,0.4774,12.826,-1.0788,-0.4206,0.2,0.906,397,0.209,2.322,0.05,0.05,0.0,clear,sweep + rejection + CHoCH + displacement,536.2204
2025-09-03 01:37:00+00:00,2025-09-03 09:37:00+00:00,XAUUSD,LONG,BREAKOUT,BULL,0.96,65.0,NO_TRADE,ASIA,3540.465,3519.899,3561.031,3561.031,3538.16,TIME,0.001,2.0566,0.3835,20.566,-0.2305,-0.1121,0.256,0.679,480,0.5,3.461,0.05,0.05,0.0,clear,compression -> confirmed range break + momentum,535.9899
2025-09-03 14:31:00+00:00,2025-09-03 18:31:00+00:00,XAUUSD,LONG,BREAKOUT,BULL,1.0,85.0,A,OVERLAP,3558.039,3543.0,3573.077,3573.077,3572.965,TP2,0.001,1.5039,0.2806,15.039,1.4926,0.9925,1.018,0.599,240,0.247,3.67,0.05,0.0,0.0,clear,compression -> confirmed range break + momentum,537.4825
2025-09-05 14:54:00+00:00,2025-09-05 18:00:00+00:00,XAUUSD,LONG,BREAKOUT,STRONG_BULL,0.794,65.0,NO_TRADE,OVERLAP,3590.929,3565.159,3616.698,3616.698,3595.24,SESSION_END,0.001,2.5769,0.4794,25.769,0.4312,0.1673,0.348,0.719,186,0.367,6.221,0.05,0.05,0.0,clear,compression -> confirmed range break + momentum,537.9137
2025-09-08 02:14:00+00:00,2025-09-08 09:22:00+00:00,XAUUSD,SHORT,LIQUIDITY_REVERSAL,LIQUIDITY_REVERSAL,0.7,80.0,B,ASIA,3588.755,3614.873,3562.637,3562.637,3615.117,STOP,0.001,2.6118,0.4855,26.118,-2.6362,-1.0093,0.36,1.076,428,0.486,3.366,0.05,0.12,0.0,clear,sweep + rejection + CHoCH + displacement,535.2775
2025-09-08 12:34:00+00:00,2025-09-08 14:02:00+00:00,XAUUSD,LONG,TREND_CONTINUATION,STRONG_BULL,1.0,80.0,B,OVERLAP,3616.639,3604.819,3628.46,3628.46,3628.357,TP2,0.002,2.3641,0.4417,11.821,2.3436,0.9913,1.039,0.359,88,0.189,2.302,0.05,0.0,0.0,clear,trend pullback + LTF BOS,537.6211
2025-09-08 15:40:00+00:00,2025-09-08 21:00:00+00:00,XAUUSD,LONG,TREND_CONTINUATION,STRONG_BULL,1.0,85.0,A,OVERLAP,3634.546,3612.221,3656.872,3656.872,3636.709,SESSION_END,0.001,2.2325,0.4153,22.325,0.2163,0.0969,0.518,0.125,320,0.262,4.086,0.05,0.05,0.0,clear,trend pullback + LTF BOS,537.8373
2025-09-09 03:14:00+00:00,2025-09-09 11:14:00+00:00,XAUUSD,LONG,BREAKOUT,BULL,0.597,65.0,NO_TRADE,ASIA,3650.348,3631.18,3669.516,3669.516,3653.247,TIME,0.001,1.9168,0.3564,19.168,0.2899,0.1513,0.458,0.729,480,0.446,3.26,0.05,0.05,0.0,clear,compression -> confirmed range break + momentum,538.1273
2025-09-09 13:19:00+00:00,2025-09-09 15:00:00+00:00,XAUUSD,LONG,LIQUIDITY_REVERSAL,LIQUIDITY_REVERSAL,0.8,90.0,A+,OVERLAP,3651.892,3634.525,3669.259,3669.259,3669.132,TP2,0.001,1.7367,0.3227,17.367,1.7241,0.9927,1.253,0.482,101,0.193,2.533,0.05,0.0,0.0,clear,sweep + rejection + CHoCH + displacement,539.8514
2025-09-10 06:39:00+00:00,2025-09-10 11:36:00+00:00,XAUUSD,SHORT,LIQUIDITY_REVERSAL,BULL,0.806,70.0,NO_TRADE,ASIA,3640.029,3655.904,3624.155,3624.155,3656.119,STOP,0.001,1.5874,0.2941,15.874,-1.609,-1.0136,0.0,1.019,297,0.312,1.718,0.05,0.12,0.0,clear,sweep + rejection + CHoCH + displacement,538.2423
2025-09-10 15:46:00+00:00,2025-09-10 21:00:00+00:00,XAUUSD,SHORT,LIQUIDITY_REVERSAL,LIQUIDITY_REVERSAL,1.0,85.0,A,OVERLAP,3648.458,3670.83,3626.085,3626.085,3642.053,SESSION_END,0.001,2.2372,0.4157,22.372,0.6404,0.2863,0.599,0.051,314,0.235,3.433,0.05,0.05,0.0,clear,sweep + rejection + CHoCH + displacement,538.8828
2025-09-11 07:01:00+00:00,2025-09-11 13:36:00+00:00,XAUUSD,SHORT,BREAKOUT,BEAR,0.556,55.0,NO_TRADE,LONDON,3624.227,3640.495,3607.959,3607.959,3640.774,STOP,0.001,1.6268,0.3019,16.268,-1.6547,-1.0171,0.784,1.191,395,0.236,2.467,0.05,0.12,0.0,clear,compression -> confirmed range break + momentum,537.228
2025-09-12 01:48:00+00:00,2025-09-12 05:00:00+00:00,XAUUSD,LONG,LIQUIDITY_REVERSAL,CHOPPY,0.639,80.0,B,ASIA,3635.824,3618.398,3653.249,3653.249,3653.061,TP2,0.001,1.7426,0.3244,17.426,1.7237,0.9892,1.002,0.048,192,0.337,1.649,0.05,0.0,0.0,clear,sweep + rejection + CHoCH + displacement,538.9517
2025-09-16 02:07:00+00:00,2025-09-16 10:07:00+00:00,XAUUSD,SHORT,LIQUIDITY_REVERSAL,LIQUIDITY_REVERSAL,1.0,75.0,B,ASIA,3681.078,3706.769,3655.386,3655.386,3694.23,TIME,0.001,2.5692,0.4767,25.692,-1.3152,-0.5119,0.258,0.621,480,0.44,2.372,0.05,0.05,0.0,clear,sweep + rejection + CHoCH + displacement,537.6365
2025-09-16 10:34:00+00:00,2025-09-16 16:05:00+00:00,XAUUSD,LONG,TREND_CONTINUATION,BULL,0.922,85.0,A,LONDON,3696.949,3683.19,3710.708,3710.708,3682.883,STOP,0.001,1.3759,0.2559,13.759,-1.4067,-1.0224,0.427,1.059,331,0.229,2.246,0.05,0.12,0.0,clear,trend pullback + LTF BOS,536.2299
2025-09-18 13:37:00+00:00,2025-09-18 14:37:00+00:00,XAUUSD,SHORT,LIQUIDITY_REVERSAL,LIQUIDITY_REVERSAL,1.0,100.0,A+,OVERLAP,3665.521,3687.577,3643.464,3643.464,3643.595,TP2,0.001,2.2056,0.4113,22.056,2.1926,0.9941,1.037,0.192,60,0.208,2.804,0.05,0.0,0.0,clear,sweep + rejection + CHoCH + displacement,538.4225
2025-09-22 07:11:00+00:00,2025-09-22 07:44:00+00:00,XAUUSD,LONG,BREAKOUT,STRONG_BULL,1.0,85.0,A,LONDON,3700.347,3683.941,3716.752,3716.752,3716.627,TP2,0.001,1.6406,0.3047,16.406,1.6281,0.9924,1.012,0.076,33,0.223,2.165,0.05,0.0,0.0,clear,compression -> confirmed range break + momentum,540.0506
2025-09-22 09:46:00+00:00,2025-09-22 16:53:00+00:00,XAUUSD,LONG,BREAKOUT,STRONG_BULL,1.0,85.0,A,LONDON,3722.04,3708.601,3735.48,3735.48,3735.327,TP2,0.002,2.6879,0.4977,13.439,2.6574,0.9887,1.037,0.755,427,0.25,2.806,0.05,0.0,0.0,clear,compression -> confirmed range break + momentum,542.708
2025-09-22 20:52:00+00:00,2025-09-22 21:00:00+00:00,XAUUSD,LONG,TREND_CONTINUATION,STRONG_BULL,1.0,100.0,A+,NEWYORK,3747.452,3730.719,3764.186,3764.186,3747.372,SESSION_END,0.001,1.6734,0.3083,16.734,-0.0081,-0.0048,0.057,0.002,8,0.215,1.769,0.05,0.05,0.0,clear,trend pullback + LTF BOS,542.6999
2025-09-23 02:06:00+00:00,2025-09-23 09:47:00+00:00,XAUUSD,LONG,BREAKOUT,COMPRESSION,0.937,85.0,A,ASIA,3751.695,3731.561,3771.828,3771.828,3771.702,TP2,0.001,2.0133,0.371,20.133,2.0007,0.9938,1.012,0.757,461,0.393,2.155,0.05,0.0,0.0,clear,compression -> confirmed range break + momentum,544.7007
2025-09-24 11:26:00+00:00,2025-09-24 16:43:00+00:00,XAUUSD,SHORT,BREAKOUT,COMPRESSION,0.937,65.0,NO_TRADE,LONDON,3760.091,3777.298,3742.884,3742.884,3743.039,TP2,0.001,1.7207,0.3159,17.207,1.7051,0.991,1.02,0.736,317,0.189,2.204,0.05,0.0,0.0,clear,compression -> confirmed range break + momentum,546.4058
2025-09-26 07:05:00+00:00,2025-09-26 09:41:00+00:00,XAUUSD,LONG,LIQUIDITY_REVERSAL,CHOPPY,0.605,70.0,NO_TRADE,LONDON,3744.136,3733.762,3754.511,3754.511,3754.406,TP2,0.002,2.0749,0.3797,10.375,2.054,0.9899,1.045,0.494,156,0.194,2.263,0.05,0.0,0.0,clear,sweep + rejection + CHoCH + displacement,548.4598
2025-09-29 05:23:00+00:00,2025-09-29 07:15:00+00:00,XAUUSD,LONG,TREND_CONTINUATION,BULL,0.866,80.0,B,ASIA,3798.019,3779.078,3816.961,3816.961,3816.819,TP2,0.001,1.8941,0.3454,18.941,1.88,0.9925,1.068,0.046,112,0.429,3.142,0.05,0.0,0.0,clear,trend pullback + LTF BOS,550.3398
2025-09-29 08:14:00+00:00,2025-09-29 16:14:00+00:00,XAUUSD,LONG,TREND_CONTINUATION,STRONG_BULL,0.957,85.0,A,LONDON,3817.025,3800.383,3833.666,3833.666,3823.563,TIME,0.001,1.6642,0.3024,16.642,0.6538,0.3929,0.93,0.741,480,0.279,4.067,0.05,0.05,0.0,clear,trend pullback + LTF BOS,550.9936
2025-09-30 01:06:00+00:00,2025-09-30 04:27:00+00:00,XAUUSD,LONG,BREAKOUT,COMPRESSION,0.916,80.0,B,ASIA,3837.571,3816.188,3858.955,3858.955,3858.757,TP2,0.001,2.1384,0.3881,21.384,2.1186,0.9907,1.022,0.247,201,0.313,2.049,0.05,0.0,0.0,clear,compression -> confirmed range break + momentum,553.1122
2025-10-01 10:24:00+00:00,2025-10-01 15:47:00+00:00,XAUUSD,SHORT,LIQUIDITY_REVERSAL,BULL,0.834,75.0,B,LONDON,3887.487,3912.069,3862.905,3862.905,3863.026,TP2,0.001,2.4582,0.4444,24.582,2.4461,0.9951,1.05,0.157,323,0.236,3.553,0.05,0.0,0.0,clear,sweep + rejection + CHoCH + displacement,555.5583
2025-10-02 06:04:00+00:00,2025-10-02 11:22:00+00:00,XAUUSD,LONG,LIQUIDITY_REVERSAL,CHOPPY,0.608,95.0,A+,ASIA,3866.72,3850.672,3882.768,3882.768,3882.662,TP2,0.001,1.6048,0.2889,16.048,1.5942,0.9934,1.015,0.324,318,0.31,1.818,0.05,0.0,0.0,clear,sweep + rejection + CHoCH + displacement,557.1525
2025-10-06 02:28:00+00:00,2025-10-06 04:45:00+00:00,XAUUSD,LONG,TREND_CONTINUATION,STRONG_BULL,0.959,80.0,B,ASIA,3906.389,3883.45,3929.329,3929.329,3929.115,TP2,0.001,2.294,0.4117,22.94,2.2726,0.9907,1.002,0.181,137,0.489,4.034,0.05,0.0,0.0,clear,trend pullback + LTF BOS,559.4251
2025-10-06 13:26:00+00:00,2025-10-06 15:46:00+00:00,XAUUSD,SHORT,LIQUIDITY_REVERSAL,LIQUIDITY_REVERSAL,0.7,85.0,A,OVERLAP,3933.663,3958.467,3908.859,3908.859,3958.719,STOP,0.001,2.4804,0.4434,24.804,-2.5056,-1.0101,0.291,1.008,140,0.232,4.216,0.05,0.12,0.0,clear,sweep + rejection + CHoCH + displacement,556.9195
2025-10-06 17:11:00+00:00,2025-10-06 21:00:00+00:00,XAUUSD,LONG,TREND_CONTINUATION,BULL,1.0,80.0,B,NEWYORK,3955.734,3929.166,3982.303,3982.303,3958.188,SESSION_END,0.001,2.6568,0.4771,26.568,0.2454,0.0924,0.343,0.38,229,0.299,4.784,0.05,0.05,0.0,clear,trend pullback + LTF BOS,557.1649
2025-10-08 00:51:00+00:00,2025-10-08 04:05:00+00:00,XAUUSD,LONG,BREAKOUT,COMPRESSION,0.968,80.0,B,ASIA,3995.039,3976.924,4013.154,4013.154,4012.969,TP2,0.001,1.8115,0.3251,18.115,1.793,0.9898,1.019,0.607,194,0.309,2.255,0.05,0.0,0.0,clear,compression -> confirmed range break + momentum,558.9579
2025-10-08 04:51:00+00:00,2025-10-08 06:23:00+00:00,XAUUSD,LONG,BREAKOUT,BULL,0.92,80.0,B,ASIA,4015.994,4000.079,4031.909,4031.909,4031.73,TP2,0.001,1.5915,0.2847,15.915,1.5736,0.9888,1.058,0.325,92,0.358,2.848,0.05,0.0,0.0,clear,compression -> confirmed range break + momentum,560.5315
2025-10-09 06:58:00+00:00,2025-10-09 14:47:00+00:00,XAUUSD,LONG,TREND_CONTINUATION,BULL,0.907,85.0,A,ASIA,4040.882,4020.155,4061.608,4061.608,4019.909,STOP,0.001,2.0727,0.3698,20.727,-2.0973,-1.0119,0.815,1.055,469,0.393,3.587,0.05,0.12,0.0,clear,trend pullback + LTF BOS,558.4342
2025-10-13 11:51:00+00:00,2025-10-13 15:38:00+00:00,XAUUSD,LONG,BREAKOUT,COMPRESSION,0.989,95.0,A+,LONDON,4082.402,4065.709,4099.096,4099.096,4099.002,TP2,0.001,1.6693,0.2989,16.693,1.66,0.9944,1.004,0.565,227,0.175,3.234,0.05,0.0,0.0,clear,compression -> confirmed range break + momentum,560.0942
2025-10-13 15:43:00+00:00,2025-10-13 17:12:00+00:00,XAUUSD,LONG,BREAKOUT,STRONG_BULL,1.0,70.0,NO_TRADE,OVERLAP,4097.108,4079.635,4114.58,4114.58,4114.463,TP2,0.001,1.7472,0.312,17.472,1.7355,0.9933,1.045,0.326,89,0.186,4.279,0.05,0.0,0.0,clear,compression -> confirmed range break + momentum,561.8297
2025-10-14 04:11:00+00:00,2025-10-14 06:09:00+00:00,XAUUSD,LONG,BREAKOUT,STRONG_BULL,1.0,85.0,A,ASIA,4152.644,4129.515,4175.773,4175.773,4175.571,TP2,0.001,2.3129,0.4117,23.129,2.2927,0.9913,1.034,0.022,118,0.418,4.679,0.05,0.0,0.0,clear,compression -> confirmed range break + momentum,564.1224
2025-10-14 20:36:00+00:00,2025-10-14 21:00:00+00:00,XAUUSD,SHORT,LIQUIDITY_REVERSAL,LIQUIDITY_REVERSAL,0.8,85.0,A,NEWYORK,4143.406,4166.076,4120.736,4120.736,4143.579,SESSION_END,0.001,2.267,0.4019,22.67,-0.0174,-0.0077,0.406,0.147,24,0.219,3.561,0.05,0.05,0.0,clear,sweep + rejection + CHoCH + displacement,564.105
2025-10-15 07:51:00+00:00,2025-10-15 10:21:00+00:00,XAUUSD,LONG,BREAKOUT,COMPRESSION,0.937,80.0,B,LONDON,4196.687,4169.528,4223.845,4223.845,4169.296,STOP,0.001,2.7159,0.4814,27.159,-2.739,-1.0085,0.785,1.235,150,0.203,4.21,0.05,0.12,0.0,clear,compression -> confirmed range break + momentum,561.366
2025-10-16 06:16:00+00:00,2025-10-16 06:33:00+00:00,XAUUSD,SHORT,LIQUIDITY_REVERSAL,CHOPPY,0.689,80.0,B,ASIA,4229.29,4247.7,4210.879,4210.879,4211.069,TP2,0.001,1.841,0.328,18.41,1.8221,0.9897,1.363,0.041,17,0.37,3.899,0.05,0.0,0.0,clear,sweep + rejection + CHoCH + displacement,563.1881
2025-10-16 13:41:00+00:00,2025-10-16 15:06:00+00:00,XAUUSD,LONG,LIQUIDITY_REVERSAL,LIQUIDITY_REVERSAL,1.0,95.0,A+,OVERLAP,4234.587,4208.893,4260.281,4260.281,4260.142,TP2,0.001,2.5694,0.4562,25.694,2.5555,0.9946,1.066,0.071,85,0.225,5.242,0.05,0.0,0.0,clear,sweep + rejection + CHoCH + displacement,565.7436
2025-10-20 11:15:00+00:00,2025-10-20 13:13:00+00:00,XAUUSD,LONG,LIQUIDITY_REVERSAL,LIQUIDITY_REVERSAL,0.8,75.0,B,LONDON,4253.707,4225.64,4281.774,4281.774,4281.698,TP2,0.001,2.8067,0.4961,28.067,2.7991,0.9973,1.028,0.108,118,0.164,4.864,0.05,0.0,0.0,clear,sweep + rejection + CHoCH + displacement,568.5427
2025-10-20 13:18:00+00:00,2025-10-20 13:33:00+00:00,XAUUSD,LONG,BREAKOUT,COMPRESSION,0.963,65.0,NO_TRADE,OVERLAP,4281.072,4259.265,4302.88,4302.88,4302.796,TP2,0.001,2.1808,0.3836,21.808,2.1723,0.9961,1.136,0.0,15,0.155,5.107,0.05,0.0,0.0,clear,compression -> confirmed range break + momentum,570.715
2025-10-20 18:12:00+00:00,2025-10-20 20:43:00+00:00,XAUUSD,LONG,TREND_CONTINUATION,STRONG_BULL,0.923,85.0,A,NEWYORK,4347.382,4326.536,4368.228,4368.228,4368.141,TP2,0.001,2.0846,0.3653,20.846,2.0758,0.9958,1.016,0.501,151,0.195,5.143,0.05,0.0,0.0,clear,trend pullback + LTF BOS,572.7908
2025-10-21 02:41:00+00:00,2025-10-21 08:33:00+00:00,XAUUSD,SHORT,BREAKOUT,COMPRESSION,0.953,70.0,NO_TRADE,ASIA,4344.427,4372.21,4316.645,4316.645,4316.752,TP2,0.001,2.7783,0.485,27.783,2.7675,0.9961,1.402,0.388,352,0.395,6.791,0.05,0.0,0.0,clear,compression -> confirmed range break + momentum,575.5583
2025-10-23 10:21:00+00:00,2025-10-23 14:26:00+00:00,XAUUSD,SHORT,LIQUIDITY_REVERSAL,LIQUIDITY_REVERSAL,0.8,85.0,A,LONDON,4122.228,4148.024,4096.432,4096.432,4148.238,STOP,0.001,2.5796,0.4482,25.796,-2.601,-1.0083,0.863,1.012,245,0.194,6.328,0.05,0.12,0.0,clear,sweep + rejection + CHoCH + displacement,572.9574
2025-10-27 03:16:00+00:00,2025-10-27 08:53:00+00:00,XAUUSD,SHORT,TREND_CONTINUATION,STRONG_BEAR,0.864,85.0,A,ASIA,4071.331,4098.256,4044.406,4044.406,4044.502,TP2,0.001,2.6925,0.4699,26.925,2.683,0.9965,1.219,0.498,337,0.387,5.548,0.05,0.0,0.0,clear,trend pullback + LTF BOS,575.6403
2025-10-29 06:46:00+00:00,2025-10-29 08:00:00+00:00,XAUUSD,LONG,BREAKOUT,COMPRESSION,0.932,65.0,NO_TRADE,ASIA,3980.479,3959.395,4001.563,4001.563,4001.46,TP2,0.001,2.1084,0.3663,21.084,2.0981,0.9951,1.069,0.282,74,0.368,5.141,0.05,0.0,0.0,clear,compression -> confirmed range break + momentum,577.7384
2025-10-29 10:00:00+00:00,2025-10-29 13:38:00+00:00,XAUUSD,LONG,BREAKOUT,BULL,0.577,50.0,NO_TRADE,LONDON,4023.824,4004.262,4043.386,4043.386,4004.044,STOP,0.001,1.9562,0.3386,19.562,-1.978,-1.0111,0.313,1.012,218,0.198,4.973,0.05,0.12,0.0,clear,compression -> confirmed range break + momentum,575.7605
2025-10-31 02:13:00+00:00,2025-10-31 03:13:00+00:00,XAUUSD,SHORT,BREAKOUT,COMPRESSION,0.979,70.0,NO_TRADE,ASIA,4015.261,4038.236,3992.286,3992.286,3992.485,TP2,0.001,2.2975,0.399,22.975,2.2776,0.9913,1.059,0.105,60,0.368,5.608,0.05,0.0,0.0,clear,compression -> confirmed range break + momentum,578.038
2025-11-03 14:45:00+00:00,2025-11-03 21:00:00+00:00,XAUUSD,SHORT,LIQUIDITY_REVERSAL,CHOPPY,0.635,80.0,B,OVERLAP,4012.017,4040.001,3984.032,3984.032,4008.234,SESSION_END,0.001,2.7985,0.4841,27.985,0.3782,0.1352,0.608,0.656,375,0.196,4.846,0.05,0.05,0.0,clear,sweep + rejection + CHoCH + displacement,578.4163
2025-11-04 13:36:00+00:00,2025-11-04 14:29:00+00:00,XAUUSD,SHORT,BREAKOUT,COMPRESSION,0.932,85.0,A,OVERLAP,3980.451,4006.18,3954.721,3954.721,3954.838,TP2,0.001,2.573,0.4448,25.73,2.5613,0.9955,1.143,0.082,53,0.209,4.62,0.05,0.0,0.0,clear,compression -> confirmed range break + momentum,580.9776
2025-11-05 20:45:00+00:00,2025-11-05 21:00:00+00:00,XAUUSD,SHORT,LIQUIDITY_REVERSAL,CHOPPY,0.553,85.0,A,NEWYORK,3984.148,3998.004,3970.293,3970.293,3985.178,SESSION_END,0.002,2.7711,0.477,13.855,-0.206,-0.0744,0.198,0.05,15,0.193,2.576,0.05,0.05,0.0,clear,sweep + rejection + CHoCH + displacement,580.7715
2025-11-07 06:56:00+00:00,2025-11-07 14:36:00+00:00,XAUUSD,LONG,BREAKOUT,COMPRESSION,0.995,85.0,A,ASIA,4006.471,3988.731,4024.212,4024.212,3988.484,STOP,0.001,1.7741,0.3055,17.741,-1.7987,-1.0139,0.423,1.181,460,0.413,3.192,0.05,0.12,0.0,clear,compression -> confirmed range break + momentum,578.9728
2025-11-10 12:11:00+00:00,2025-11-10 13:02:00+00:00,XAUUSD,LONG,BREAKOUT,COMPRESSION,0.989,80.0,B,OVERLAP,4088.39,4074.04,4102.739,4102.739,4102.645,TP2,0.002,2.8699,0.4957,14.35,2.8512,0.9935,1.12,0.078,51,0.189,3.247,0.05,0.0,0.0,clear,compression -> confirmed range break + momentum,581.824
2025-11-10 20:31:00+00:00,2025-11-10 21:00:00+00:00,XAUUSD,SHORT,LIQUIDITY_REVERSAL,BULL,0.974,80.0,B,NEWYORK,4108.935,4127.189,4090.682,4090.682,4111.632,SESSION_END,0.001,1.8253,0.3137,18.253,-0.2697,-0.1477,0.067,0.22,29,0.22,3.005,0.05,0.05,0.0,clear,sweep + rejection + CHoCH + displacement,581.5543
2025-11-11 00:31:00+00:00,2025-11-11 03:35:00+00:00,XAUUSD,LONG,BREAKOUT,COMPRESSION,0.942,95.0,A+,ASIA,4126.236,4104.677,4147.795,4147.795,4147.595,TP2,0.001,2.1559,0.3707,21.559,2.1359,0.9907,1.002,0.047,184,0.342,2.783,0.05,0.0,0.0,clear,compression -> confirmed range break + momentum,583.6902
2025-11-11 10:04:00+00:00,2025-11-11 15:21:00+00:00,XAUUSD,SHORT,LIQUIDITY_REVERSAL,LIQUIDITY_REVERSAL,0.8,75.0,B,LONDON,4137.726,4163.786,4111.666,4111.666,4111.798,TP2,0.001,2.606,0.4465,26.06,2.5927,0.9949,1.033,0.338,317,0.198,2.987,0.05,0.0,0.0,clear,sweep + rejection + CHoCH + displacement,586.283
2025-11-17 05:21:00+00:00,2025-11-17 08:09:00+00:00,XAUUSD,SHORT,BREAKOUT,COMPRESSION,0.989,80.0,B,ASIA,4068.259,4094.739,4041.778,4041.778,4094.954,STOP,0.001,2.6481,0.4517,26.481,-2.6696,-1.0081,0.708,1.0,168,0.333,4.179,0.05,0.12,0.0,clear,compression -> confirmed range break + momentum,583.6134
2025-11-19 01:16:00+00:00,2025-11-19 02:46:00+00:00,XAUUSD,SHORT,BREAKOUT,COMPRESSION,0.984,65.0,NO_TRADE,ASIA,4064.133,4079.983,4048.283,4048.283,4080.289,STOP,0.001,1.585,0.2716,15.85,-1.6156,-1.0193,0.561,1.004,90,0.329,3.856,0.05,0.12,0.0,clear,compression -> confirmed range break + momentum,581.9978
2025-11-21 01:32:00+00:00,2025-11-21 06:28:00+00:00,XAUUSD,SHORT,BREAKOUT,COMPRESSION,0.974,80.0,B,ASIA,4060.935,4084.113,4037.757,4037.757,4037.972,TP2,0.001,2.3178,0.3983,23.178,2.2962,0.9907,1.315,0.814,296,0.361,4.797,0.05,0.0,0.0,clear,compression -> confirmed range break + momentum,584.294
2025-11-24 12:46:00+00:00,2025-11-24 18:37:00+00:00,XAUUSD,LONG,BREAKOUT,COMPRESSION,0.958,65.0,NO_TRADE,OVERLAP,4080.346,4058.963,4101.73,4101.73,4101.624,TP2,0.001,2.1383,0.366,21.383,2.1278,0.9951,1.082,0.574,351,0.162,3.469,0.05,0.0,0.0,clear,compression -> confirmed range break + momentum,586.4218
2025-11-26 01:11:00+00:00,2025-11-26 02:25:00+00:00,XAUUSD,LONG,BREAKOUT,COMPRESSION,0.979,80.0,B,ASIA,4143.715,4125.294,4162.135,4162.135,4161.953,TP2,0.001,1.842,0.3141,18.42,1.8238,0.9901,1.012,0.257,74,0.36,3.539,0.05,0.0,0.0,clear,compression -> confirmed range break + momentum,588.2456
2025-11-26 10:34:00+00:00,2025-11-26 15:00:00+00:00,XAUUSD,SHORT,LIQUIDITY_REVERSAL,CHOPPY,0.627,80.0,B,LONDON,4158.81,4179.118,4138.502,4138.502,4138.634,TP2,0.001,2.0308,0.3452,20.308,2.0177,0.9935,1.139,0.706,266,0.196,3.297,0.05,0.0,0.0,clear,sweep + rejection + CHoCH + displacement,590.2632
2025-11-26 17:37:00+00:00,2025-11-26 21:00:00+00:00,XAUUSD,SHORT,LIQUIDITY_REVERSAL,CHOPPY,0.649,75.0,B,NEWYORK,4165.832,4179.811,4151.853,4151.853,4162.973,SESSION_END,0.002,2.7958,0.4736,13.979,0.5719,0.2045,0.571,0.404,203,0.226,3.404,0.05,0.05,0.0,clear,sweep + rejection + CHoCH + displacement,590.8351
2025-11-27 06:57:00+00:00,2025-11-27 14:57:00+00:00,XAUUSD,LONG,BREAKOUT,COMPRESSION,0.9,80.0,B,ASIA,4158.142,4139.073,4177.212,4177.212,4154.852,TIME,0.001,1.907,0.3228,19.07,-0.3291,-0.1726,0.455,0.523,480,0.375,3.028,0.05,0.05,0.0,clear,compression -> confirmed range break + momentum,590.506
2025-12-01 03:03:00+00:00,2025-12-01 11:07:00+00:00,XAUUSD,LONG,TREND_CONTINUATION,BULL,0.971,75.0,B,ASIA,4241.517,4215.149,4267.885,4267.885,4251.703,TIME,0.001,2.6368,0.4465,26.368,1.0186,0.3863,0.778,0.995,480,0.564,5.609,0.05,0.05,0.0,clear,trend pullback + LTF BOS,591.5247
2025-12-02 00:01:00+00:00,2025-12-02 01:09:00+00:00,XAUUSD,SHORT,BREAKOUT,COMPRESSION,0.979,50.0,NO_TRADE,ASIA,4224.545,4243.815,4205.274,4205.274,4205.463,TP2,0.001,1.9271,0.3258,19.271,1.9082,0.9902,1.383,0.256,68,0.341,3.388,0.05,0.0,0.0,clear,compression -> confirmed range break + momentum,593.4328
2025-12-03 02:12:00+00:00,2025-12-03 07:32:00+00:00,XAUUSD,LONG,BREAKOUT,COMPRESSION,0.942,50.0,NO_TRADE,ASIA,4222.629,4201.263,4243.995,4243.995,4201.038,STOP,0.001,2.1366,0.36,21.366,-2.1591,-1.0105,0.287,1.056,320,0.389,3.774,0.05,0.12,0.0,clear,compression -> confirmed range break + momentum,591.2737
2025-12-03 12:41:00+00:00,2025-12-03 13:52:00+00:00,XAUUSD,LONG,BREAKOUT,COMPRESSION,0.963,65.0,NO_TRADE,OVERLAP,4213.024,4195.141,4230.907,4230.907,4230.801,TP2,0.001,1.7883,0.3025,17.883,1.7777,0.9941,1.064,0.14,71,0.179,2.951,0.05,0.0,0.0,clear,compression -> confirmed range break + momentum,593.0514
2025-12-04 03:12:00+00:00,2025-12-04 11:12:00+00:00,XAUUSD,SHORT,BREAKOUT,BEAR,0.748,65.0,NO_TRADE,ASIA,4193.582,4217.089,4170.075,4170.075,4203.25,TIME,0.001,2.3507,0.3964,23.507,-0.9668,-0.4113,0.79,0.543,480,0.446,4.138,0.05,0.05,0.0,clear,compression -> confirmed range break + momentum,592.0846
2025-12-04 13:31:00+00:00,2025-12-04 14:33:00+00:00,XAUUSD,LONG,LIQUIDITY_REVERSAL,LIQUIDITY_REVERSAL,0.8,85.0,A,OVERLAP,4191.235,4170.446,4212.024,4212.024,4211.905,TP2,0.001,2.0789,0.3511,20.789,2.067,0.9943,1.06,0.152,62,0.219,3.905,0.05,0.0,0.0,clear,sweep + rejection + CHoCH + displacement,594.1516
2025-12-05 01:11:00+00:00,2025-12-05 05:28:00+00:00,XAUUSD,SHORT,BREAKOUT,COMPRESSION,0.984,80.0,B,ASIA,4197.248,4219.469,4175.027,4175.027,4219.752,STOP,0.001,2.2221,0.374,22.221,-2.2504,-1.0127,0.125,1.018,257,0.333,2.511,0.05,0.12,0.0,clear,compression -> confirmed range break + momentum,591.9012
2025-12-05 13:37:00+00:00,2025-12-05 15:39:00+00:00,XAUUSD,LONG,BREAKOUT,BULL,0.91,70.0,NO_TRADE,OVERLAP,4235.645,4214.006,4257.284,4257.284,4257.149,TP2,0.001,2.1639,0.3656,21.639,2.1504,0.9938,1.084,0.351,122,0.22,3.546,0.05,0.0,0.0,clear,compression -> confirmed range break + momentum,594.0516
2025-12-08 07:39:00+00:00,2025-12-08 14:45:00+00:00,XAUUSD,SHORT,LIQUIDITY_REVERSAL,CHOPPY,0.648,75.0,B,LONDON,4211.939,4227.53,4196.348,4196.348,4196.483,TP2,0.001,1.5591,0.2625,15.591,1.5457,0.9914,1.035,0.286,426,0.212,2.754,0.05,0.0,0.0,clear,sweep + rejection + CHoCH + displacement,595.5973
2025-12-09 04:04:00+00:00,2025-12-09 06:10:00+00:00,XAUUSD,SHORT,LIQUIDITY_REVERSAL,CHOPPY,0.636,95.0,A+,ASIA,4191.83,4211.565,4172.094,4172.094,4172.281,TP2,0.001,1.9735,0.3314,19.735,1.9549,0.9905,1.041,0.183,126,0.33,2.226,0.05,0.0,0.0,clear,sweep + rejection + CHoCH + displacement,597.5522
2025-12-11 10:02:00+00:00,2025-12-11 13:16:00+00:00,XAUUSD,LONG,BREAKOUT,COMPRESSION,0.937,70.0,NO_TRADE,LONDON,4220.076,4207.562,4232.59,4232.59,4207.341,STOP,0.002,2.5029,0.4189,12.514,-2.5469,-1.0176,0.455,1.202,194,0.222,3.043,0.05,0.12,0.0,clear,compression -> confirmed range break + momentum,595.0053
2025-12-15 05:22:00+00:00,2025-12-15 05:58:00+00:00,XAUUSD,LONG,TREND_CONTINUATION,BULL,0.887,85.0,A,ASIA,4327.822,4311.599,4344.045,4344.045,4343.867,TP2,0.001,1.6223,0.2727,16.223,1.6045,0.989,1.007,0.058,36,0.314,2.502,0.05,0.0,0.0,clear,trend pullback + LTF BOS,596.6098
2025-12-15 14:02:00+00:00,2025-12-15 15:03:00+00:00,XAUUSD,LONG,LIQUIDITY_REVERSAL,LIQUIDITY_REVERSAL,1.0,90.0,A+,OVERLAP,4335.435,4314.272,4356.597,4356.597,4314.014,STOP,0.001,2.1162,0.3547,21.162,-2.1421,-1.0122,0.053,1.098,61,0.219,4.258,0.05,0.12,0.0,clear,sweep + rejection + CHoCH + displacement,594.4677
2025-12-17 13:14:00+00:00,2025-12-17 21:00:00+00:00,XAUUSD,LONG,BREAKOUT,COMPRESSION,0.995,65.0,NO_TRADE,OVERLAP,4325.265,4301.506,4349.025,4349.025,4340.471,SESSION_END,0.001,2.376,0.3997,23.76,1.5206,0.64,0.985,0.222,466,0.18,3.0,0.05,0.05,0.0,clear,compression -> confirmed range break + momentum,595.9883
2025-12-18 01:21:00+00:00,2025-12-18 09:21:00+00:00,XAUUSD,SHORT,BREAKOUT,COMPRESSION,0.921,70.0,NO_TRADE,ASIA,4326.907,4344.685,4309.128,4309.128,4325.807,TIME,0.001,1.7779,0.2983,17.779,0.1099,0.0618,0.295,0.602,480,0.377,3.333,0.05,0.05,0.0,clear,compression -> confirmed range break + momentum,596.0983
2025-12-22 13:07:00+00:00,2025-12-22 15:55:00+00:00,XAUUSD,LONG,BREAKOUT,COMPRESSION,0.968,65.0,NO_TRADE,OVERLAP,4418.67,4404.654,4432.686,4432.686,4432.548,TP2,0.002,2.8031,0.4702,14.016,2.7757,0.9902,1.065,0.495,168,0.19,2.761,0.05,0.0,0.0,clear,compression -> confirmed range break + momentum,598.874
2025-12-22 16:01:00+00:00,2025-12-22 21:00:00+00:00,XAUUSD,LONG,BREAKOUT,STRONG_BULL,1.0,65.0,NO_TRADE,NEWYORK,4429.715,4408.299,4451.13,4451.13,4438.388,SESSION_END,0.001,2.1415,0.3576,21.415,0.8673,0.405,0.571,0.081,299,0.339,5.222,0.05,0.05,0.0,clear,compression -> confirmed range break + momentum,599.7413
2025-12-23 00:06:00+00:00,2025-12-23 01:06:00+00:00,XAUUSD,LONG,BREAKOUT,STRONG_BULL,0.987,85.0,A,ASIA,4462.768,4445.264,4480.273,4480.273,4480.075,TP2,0.001,1.7504,0.2919,17.504,1.7307,0.9887,1.027,0.046,60,0.387,3.415,0.05,0.0,0.0,clear,compression -> confirmed range break + momentum,601.472
2025-12-23 02:36:00+00:00,2025-12-23 10:36:00+00:00,XAUUSD,LONG,BREAKOUT,STRONG_BULL,1.0,80.0,B,ASIA,4493.448,4463.497,4523.4,4523.4,4481.079,TIME,0.001,2.9951,0.498,29.951,-1.237,-0.413,0.13,0.807,480,0.487,4.878,0.05,0.05,0.0,clear,compression -> confirmed range break + momentum,600.235
2025-12-26 08:16:00+00:00,2025-12-26 15:37:00+00:00,XAUUSD,LONG,TREND_CONTINUATION,BULL,0.926,80.0,B,LONDON,4515.639,4488.973,4542.306,4542.306,4542.183,TP2,0.001,2.6667,0.4443,26.667,2.6544,0.9954,1.103,0.493,441,0.189,3.334,0.05,0.0,0.0,clear,trend pullback + LTF BOS,602.8894
2025-12-30 01:59:00+00:00,2025-12-30 09:59:00+00:00,XAUUSD,LONG,BREAKOUT,COMPRESSION,0.926,55.0,NO_TRADE,ASIA,4356.884,4329.828,4383.939,4383.939,4371.769,TIME,0.001,2.7056,0.4488,27.056,1.4885,0.5502,0.967,0.306,480,0.418,6.599,0.05,0.05,0.0,clear,compression -> confirmed range break + momentum,604.3779
2025-12-31 18:39:00+00:00,2025-12-31 21:00:00+00:00,XAUUSD,SHORT,LIQUIDITY_REVERSAL,LIQUIDITY_REVERSAL,1.0,100.0,A+,NEWYORK,4324.376,4348.488,4300.264,4300.264,4313.27,SESSION_END,0.001,2.4112,0.399,24.112,1.1106,0.4606,0.837,0.053,141,0.238,5.297,0.05,0.05,0.0,clear,sweep + rejection + CHoCH + displacement,605.4885
