sym,cfg,H,risk,part,wr,ntr,n,pass_,fail,open_,med_days
EURUSD,fade3.0/20 h4,30,50,design,49.532710280373834,321,721,0.0,0.0,100.0,
EURUSD,fade3.0/20 h4,30,50,hold,49.532710280373834,321,197,0.0,0.0,100.0,
EURUSD,fade3.0/20 h4,30,75,design,49.532710280373834,321,721,0.0,0.0,100.0,
EURUSD,fade3.0/20 h4,30,75,hold,49.532710280373834,321,197,0.0,0.0,100.0,
EURUSD,fade3.0/20 h4,30,100,design,49.532710280373834,321,721,0.0,0.0,100.0,
EURUSD,fade3.0/20 h4,30,100,hold,49.532710280373834,321,197,0.0,0.0,100.0,
EURUSD,fade3.0/20 h4,30,125,design,49.532710280373834,321,721,0.0,0.0,100.0,
EURUSD,fade3.0/20 h4,30,125,hold,49.532710280373834,321,197,0.0,0.0,100.0,
EURUSD,fade3.0/20 h4,30,150,design,49.532710280373834,321,721,0.0,0.0,100.0,
EURUSD,fade3.0/20 h4,30,150,hold,49.532710280373834,321,197,0.0,0.0,100.0,
EURUSD,fade3.0/20 h4,30,200,design,49.532710280373834,321,721,0.0,0.0,100.0,
EURUSD,fade3.0/20 h4,30,200,hold,49.532710280373834,321,197,0.0,0.0,100.0,
EURUSD,fade3.0/20 h4,60,50,design,49.532710280373834,321,721,0.0,0.0,100.0,
EURUSD,fade3.0/20 h4,60,50,hold,49.532710280373834,321,187,0.0,0.0,100.0,
EURUSD,fade3.0/20 h4,60,75,design,49.532710280373834,321,721,0.0,0.0,100.0,
EURUSD,fade3.0/20 h4,60,75,hold,49.532710280373834,321,187,0.0,0.0,100.0,
EURUSD,fade3.0/20 h4,60,100,design,49.532710280373834,321,721,0.0,0.0,100.0,
EURUSD,fade3.0/20 h4,60,100,hold,49.532710280373834,321,187,0.0,0.0,100.0,
EURUSD,fade3.0/20 h4,60,125,design,49.532710280373834,321,721,0.0,0.0,100.0,
EURUSD,fade3.0/20 h4,60,125,hold,49.532710280373834,321,187,0.0,0.0,100.0,
EURUSD,fade3.0/20 h4,60,150,design,49.532710280373834,321,721,0.0,0.0,100.0,
EURUSD,fade3.0/20 h4,60,150,hold,49.532710280373834,321,187,0.0,0.0,100.0,
EURUSD,fade3.0/20 h4,60,200,design,49.532710280373834,321,721,0.5547850208044383,0.0,99.44521497919555,53.916666666666664
EURUSD,fade3.0/20 h4,60,200,hold,49.532710280373834,321,187,0.0,0.0,100.0,
EURUSD,fade3.0/20 h4,90,50,design,49.532710280373834,321,721,0.0,0.0,100.0,
EURUSD,fade3.0/20 h4,90,50,hold,49.532710280373834,321,177,0.0,0.0,100.0,
EURUSD,fade3.0/20 h4,90,75,design,49.532710280373834,321,721,0.0,0.0,100.0,
EURUSD,fade3.0/20 h4,90,75,hold,49.532710280373834,321,177,0.0,0.0,100.0,
EURUSD,fade3.0/20 h4,90,100,design,49.532710280373834,321,721,0.0,0.0,100.0,
EURUSD,fade3.0/20 h4,90,100,hold,49.532710280373834,321,177,0.0,0.0,100.0,
EURUSD,fade3.0/20 h4,90,125,design,49.532710280373834,321,721,0.0,0.0,100.0,
EURUSD,fade3.0/20 h4,90,125,hold,49.532710280373834,321,177,0.0,0.0,100.0,
EURUSD,fade3.0/20 h4,90,150,design,49.532710280373834,321,721,0.0,0.0,100.0,
EURUSD,fade3.0/20 h4,90,150,hold,49.532710280373834,321,177,0.0,0.0,100.0,
EURUSD,fade3.0/20 h4,90,200,design,49.532710280373834,321,721,1.9417475728155338,0.0,98.05825242718447,68.91666666666667
EURUSD,fade3.0/20 h4,90,200,hold,49.532710280373834,321,177,0.0,0.0,100.0,
EURUSD,fade3.0/20 h4,365,50,design,49.532710280373834,321,721,0.0,0.0,100.0,
EURUSD,fade3.0/20 h4,365,50,hold,49.532710280373834,321,117,0.0,0.0,100.0,
EURUSD,fade3.0/20 h4,365,75,design,49.532710280373834,321,721,0.0,0.0,100.0,
EURUSD,fade3.0/20 h4,365,75,hold,49.532710280373834,321,117,0.0,0.0,100.0,
EURUSD,fade3.0/20 h4,365,100,design,49.532710280373834,321,721,0.0,0.0,100.0,
EURUSD,fade3.0/20 h4,365,100,hold,49.532710280373834,321,117,0.0,0.0,100.0,
EURUSD,fade3.0/20 h4,365,125,design,49.532710280373834,321,721,0.5547850208044383,0.0,99.44521497919555,342.5416666666667
EURUSD,fade3.0/20 h4,365,125,hold,49.532710280373834,321,117,0.0,0.0,100.0,
EURUSD,fade3.0/20 h4,365,150,design,49.532710280373834,321,721,4.2995839112343965,0.0,95.7004160887656,309.2083333333333
EURUSD,fade3.0/20 h4,365,150,hold,49.532710280373834,321,117,12.82051282051282,0.0,87.17948717948718,248.04166666666666
EURUSD,fade3.0/20 h4,365,200,design,49.532710280373834,321,721,14.424410540915394,10.124826629680998,75.4507628294036,253.75
EURUSD,fade3.0/20 h4,365,200,hold,49.532710280373834,321,117,34.18803418803419,0.0,65.8119658119658,221.20833333333334
EURUSD,fade3.0/20 h8,30,50,design,52.35109717868338,319,721,0.0,0.0,100.0,
EURUSD,fade3.0/20 h8,30,50,hold,52.35109717868338,319,197,0.0,0.0,100.0,
EURUSD,fade3.0/20 h8,30,75,design,52.35109717868338,319,721,0.0,0.0,100.0,
EURUSD,fade3.0/20 h8,30,75,hold,52.35109717868338,319,197,0.0,0.0,100.0,
EURUSD,fade3.0/20 h8,30,100,design,52.35109717868338,319,721,0.0,0.0,100.0,
EURUSD,fade3.0/20 h8,30,100,hold,52.35109717868338,319,197,0.0,0.0,100.0,
EURUSD,fade3.0/20 h8,30,125,design,52.35109717868338,319,721,0.0,0.0,100.0,
EURUSD,fade3.0/20 h8,30,125,hold,52.35109717868338,319,197,0.0,0.0,100.0,
EURUSD,fade3.0/20 h8,30,150,design,52.35109717868338,319,721,0.0,0.0,100.0,
EURUSD,fade3.0/20 h8,30,150,hold,52.35109717868338,319,197,0.0,0.0,100.0,
EURUSD,fade3.0/20 h8,30,200,design,52.35109717868338,319,721,0.9708737864077669,0.0,99.02912621359224,18.458333333333332
EURUSD,fade3.0/20 h8,30,200,hold,52.35109717868338,319,197,3.5532994923857872,0.0,96.44670050761421,16.375
EURUSD,fade3.0/20 h8,60,50,design,52.35109717868338,319,721,0.0,0.0,100.0,
EURUSD,fade3.0/20 h8,60,50,hold,52.35109717868338,319,187,0.0,0.0,100.0,
EURUSD,fade3.0/20 h8,60,75,design,52.35109717868338,319,721,0.0,0.0,100.0,
EURUSD,fade3.0/20 h8,60,75,hold,52.35109717868338,319,187,0.0,0.0,100.0,
EURUSD,fade3.0/20 h8,60,100,design,52.35109717868338,319,721,0.0,0.0,100.0,
EURUSD,fade3.0/20 h8,60,100,hold,52.35109717868338,319,187,0.0,0.0,100.0,
EURUSD,fade3.0/20 h8,60,125,design,52.35109717868338,319,721,0.0,0.0,100.0,
EURUSD,fade3.0/20 h8,60,125,hold,52.35109717868338,319,187,0.0,0.0,100.0,
EURUSD,fade3.0/20 h8,60,150,design,52.35109717868338,319,721,0.0,0.0,100.0,
EURUSD,fade3.0/20 h8,60,150,hold,52.35109717868338,319,187,0.0,0.0,100.0,
EURUSD,fade3.0/20 h8,60,200,design,52.35109717868338,319,721,3.0513176144244105,0.0,96.9486823855756,41.958333333333336
EURUSD,fade3.0/20 h8,60,200,hold,52.35109717868338,319,187,9.090909090909092,0.0,90.9090909090909,41.208333333333336
EURUSD,fade3.0/20 h8,90,50,design,52.35109717868338,319,721,0.0,0.0,100.0,
EURUSD,fade3.0/20 h8,90,50,hold,52.35109717868338,319,177,0.0,0.0,100.0,
EURUSD,fade3.0/20 h8,90,75,design,52.35109717868338,319,721,0.0,0.0,100.0,
EURUSD,fade3.0/20 h8,90,75,hold,52.35109717868338,319,177,0.0,0.0,100.0,
EURUSD,fade3.0/20 h8,90,100,design,52.35109717868338,319,721,0.0,0.0,100.0,
EURUSD,fade3.0/20 h8,90,100,hold,52.35109717868338,319,177,0.0,0.0,100.0,
EURUSD,fade3.0/20 h8,90,125,design,52.35109717868338,319,721,0.0,0.0,100.0,
EURUSD,fade3.0/20 h8,90,125,hold,52.35109717868338,319,177,0.0,0.0,100.0,
EURUSD,fade3.0/20 h8,90,150,design,52.35109717868338,319,721,0.0,0.0,100.0,
EURUSD,fade3.0/20 h8,90,150,hold,52.35109717868338,319,177,0.0,0.0,100.0,
EURUSD,fade3.0/20 h8,90,200,design,52.35109717868338,319,721,3.6061026352288486,0.13869625520110956,96.25520110957004,48.520833333333336
EURUSD,fade3.0/20 h8,90,200,hold,52.35109717868338,319,177,19.2090395480226,0.0,80.7909604519774,59.72916666666667
EURUSD,fade3.0/20 h8,365,50,design,52.35109717868338,319,721,0.0,0.0,100.0,
EURUSD,fade3.0/20 h8,365,50,hold,52.35109717868338,319,117,0.0,0.0,100.0,
EURUSD,fade3.0/20 h8,365,75,design,52.35109717868338,319,721,0.0,0.0,100.0,
EURUSD,fade3.0/20 h8,365,75,hold,52.35109717868338,319,117,0.0,0.0,100.0,
EURUSD,fade3.0/20 h8,365,100,design,52.35109717868338,319,721,1.248266296809986,0.0,98.75173370319001,341.2083333333333
EURUSD,fade3.0/20 h8,365,100,hold,52.35109717868338,319,117,21.367521367521366,0.0,78.63247863247864,292.8333333333333
EURUSD,fade3.0/20 h8,365,125,design,52.35109717868338,319,721,6.934812760055478,0.0,93.06518723994452,305.8125
EURUSD,fade3.0/20 h8,365,125,hold,52.35109717868338,319,117,40.17094017094017,0.0,59.82905982905983,235.375
EURUSD,fade3.0/20 h8,365,150,design,52.35109717868338,319,721,12.343966712898752,0.0,87.65603328710125,247.41666666666666
EURUSD,fade3.0/20 h8,365,150,hold,52.35109717868338,319,117,52.13675213675214,0.0,47.863247863247864,167.20833333333334
EURUSD,fade3.0/20 h8,365,200,design,52.35109717868338,319,721,22.74618585298197,32.31622746185853,44.9375866851595,217.5
EURUSD,fade3.0/20 h8,365,200,hold,52.35109717868338,319,117,88.03418803418803,0.0,11.965811965811966,127.375
EURUSD,fade2.5/25 h4,30,50,design,49.485500467726844,1069,721,0.0,0.0,100.0,
EURUSD,fade2.5/25 h4,30,50,hold,49.485500467726844,1069,202,0.0,0.0,100.0,
EURUSD,fade2.5/25 h4,30,75,design,49.485500467726844,1069,721,0.0,0.0,100.0,
EURUSD,fade2.5/25 h4,30,75,hold,49.485500467726844,1069,202,0.0,0.0,100.0,
EURUSD,fade2.5/25 h4,30,100,design,49.485500467726844,1069,721,0.0,0.0,100.0,
EURUSD,fade2.5/25 h4,30,100,hold,49.485500467726844,1069,202,0.0,0.0,100.0,
EURUSD,fade2.5/25 h4,30,125,design,49.485500467726844,1069,721,0.0,0.0,100.0,
EURUSD,fade2.5/25 h4,30,125,hold,49.485500467726844,1069,202,0.0,0.0,100.0,
EURUSD,fade2.5/25 h4,30,150,design,49.485500467726844,1069,721,1.248266296809986,0.0,98.75173370319001,21.625
EURUSD,fade2.5/25 h4,30,150,hold,49.485500467726844,1069,202,0.0,0.0,100.0,
EURUSD,fade2.5/25 h4,30,200,design,49.485500467726844,1069,721,2.496532593619972,0.0,97.50346740638003,20.125
EURUSD,fade2.5/25 h4,30,200,hold,49.485500467726844,1069,202,0.0,0.0,100.0,
EURUSD,fade2.5/25 h4,60,50,design,49.485500467726844,1069,721,0.0,0.0,100.0,
EURUSD,fade2.5/25 h4,60,50,hold,49.485500467726844,1069,192,0.0,0.0,100.0,
EURUSD,fade2.5/25 h4,60,75,design,49.485500467726844,1069,721,0.0,0.0,100.0,
EURUSD,fade2.5/25 h4,60,75,hold,49.485500467726844,1069,192,0.0,0.0,100.0,
EURUSD,fade2.5/25 h4,60,100,design,49.485500467726844,1069,721,0.0,0.0,100.0,
EURUSD,fade2.5/25 h4,60,100,hold,49.485500467726844,1069,192,0.0,0.0,100.0,
EURUSD,fade2.5/25 h4,60,125,design,49.485500467726844,1069,721,1.248266296809986,0.0,98.75173370319001,47.541666666666664
EURUSD,fade2.5/25 h4,60,125,hold,49.485500467726844,1069,192,0.0,0.0,100.0,
EURUSD,fade2.5/25 h4,60,150,design,49.485500467726844,1069,721,3.0513176144244105,0.0,96.9486823855756,32.479166666666664
EURUSD,fade2.5/25 h4,60,150,hold,49.485500467726844,1069,192,0.0,0.0,100.0,
EURUSD,fade2.5/25 h4,60,200,design,49.485500467726844,1069,721,8.460471567267684,0.0,91.53952843273233,42.625
EURUSD,fade2.5/25 h4,60,200,hold,49.485500467726844,1069,192,0.0,0.0,100.0,
EURUSD,fade2.5/25 h4,90,50,design,49.485500467726844,1069,721,0.0,0.0,100.0,
EURUSD,fade2.5/25 h4,90,50,hold,49.485500467726844,1069,182,0.0,0.0,100.0,
EURUSD,fade2.5/25 h4,90,75,design,49.485500467726844,1069,721,0.0,0.0,100.0,
EURUSD,fade2.5/25 h4,90,75,hold,49.485500467726844,1069,182,0.0,0.0,100.0,
EURUSD,fade2.5/25 h4,90,100,design,49.485500467726844,1069,721,0.0,0.0,100.0,
EURUSD,fade2.5/25 h4,90,100,hold,49.485500467726844,1069,182,0.0,0.0,100.0,
EURUSD,fade2.5/25 h4,90,125,design,49.485500467726844,1069,721,1.8030513176144243,0.0,98.19694868238558,51.041666666666664
EURUSD,fade2.5/25 h4,90,125,hold,49.485500467726844,1069,182,0.0,0.0,100.0,
EURUSD,fade2.5/25 h4,90,150,design,49.485500467726844,1069,721,5.409153952843273,0.0,94.59084604715673,56.541666666666664
EURUSD,fade2.5/25 h4,90,150,hold,49.485500467726844,1069,182,0.0,0.0,100.0,
EURUSD,fade2.5/25 h4,90,200,design,49.485500467726844,1069,721,13.314840499306518,2.3578363384188625,84.32732316227461,53.25
EURUSD,fade2.5/25 h4,90,200,hold,49.485500467726844,1069,182,6.593406593406594,0.0,93.4065934065934,80.54166666666667
EURUSD,fade2.5/25 h4,365,50,design,49.485500467726844,1069,721,0.0,0.0,100.0,
EURUSD,fade2.5/25 h4,365,50,hold,49.485500467726844,1069,122,0.0,0.0,100.0,
EURUSD,fade2.5/25 h4,365,75,design,49.485500467726844,1069,721,1.8030513176144243,0.0,98.19694868238558,346.3333333333333
EURUSD,fade2.5/25 h4,365,75,hold,49.485500467726844,1069,122,3.278688524590164,0.0,96.72131147540983,362.25
EURUSD,fade2.5/25 h4,365,100,design,49.485500467726844,1069,721,8.599167822468793,0.0,91.40083217753121,272.125
EURUSD,fade2.5/25 h4,365,100,hold,49.485500467726844,1069,122,55.73770491803278,0.0,44.26229508196721,284.02083333333337
EURUSD,fade2.5/25 h4,365,125,design,49.485500467726844,1069,721,16.08876560332871,15.39528432732316,68.51595006934814,219.08333333333331
EURUSD,fade2.5/25 h4,365,125,hold,49.485500467726844,1069,122,68.0327868852459,0.0,31.967213114754102,209.875
EURUSD,fade2.5/25 h4,365,150,design,49.485500467726844,1069,721,28.01664355062413,22.191400832177532,49.79195561719833,184.1875
EURUSD,fade2.5/25 h4,365,150,hold,49.485500467726844,1069,122,77.04918032786885,0.0,22.950819672131146,176.5625
EURUSD,fade2.5/25 h4,365,200,design,49.485500467726844,1069,721,44.9375866851595,42.857142857142854,12.205270457697642,140.41666666666669
EURUSD,fade2.5/25 h4,365,200,hold,49.485500467726844,1069,122,90.1639344262295,0.0,9.836065573770492,144.04166666666669
EURUSD,fade2.5/25 h8,30,50,design,48.57703631010795,1019,721,0.0,0.0,100.0,
EURUSD,fade2.5/25 h8,30,50,hold,48.57703631010795,1019,202,0.0,0.0,100.0,
EURUSD,fade2.5/25 h8,30,75,design,48.57703631010795,1019,721,0.0,0.0,100.0,
EURUSD,fade2.5/25 h8,30,75,hold,48.57703631010795,1019,202,0.0,0.0,100.0,
EURUSD,fade2.5/25 h8,30,100,design,48.57703631010795,1019,721,0.8321775312066574,0.0,99.16782246879335,23.916666666666668
EURUSD,fade2.5/25 h8,30,100,hold,48.57703631010795,1019,202,0.0,0.0,100.0,
EURUSD,fade2.5/25 h8,30,125,design,48.57703631010795,1019,721,2.7739251040221915,0.0,97.2260748959778,23.0625
EURUSD,fade2.5/25 h8,30,125,hold,48.57703631010795,1019,202,1.4851485148514851,0.0,98.51485148514851,25.5
EURUSD,fade2.5/25 h8,30,150,design,48.57703631010795,1019,721,4.993065187239944,0.0,95.00693481276005,19.083333333333336
EURUSD,fade2.5/25 h8,30,150,hold,48.57703631010795,1019,202,1.4851485148514851,0.0,98.51485148514851,22.291666666666668
EURUSD,fade2.5/25 h8,30,200,design,48.57703631010795,1019,721,9.153952843273231,0.27739251040221913,90.56865464632455,18.541666666666664
EURUSD,fade2.5/25 h8,30,200,hold,48.57703631010795,1019,202,7.920792079207921,0.0,92.07920792079209,19.854166666666664
EURUSD,fade2.5/25 h8,60,50,design,48.57703631010795,1019,721,0.0,0.0,100.0,
EURUSD,fade2.5/25 h8,60,50,hold,48.57703631010795,1019,192,0.0,0.0,100.0,
EURUSD,fade2.5/25 h8,60,75,design,48.57703631010795,1019,721,0.8321775312066574,0.0,99.16782246879335,52.208333333333336
EURUSD,fade2.5/25 h8,60,75,hold,48.57703631010795,1019,192,0.0,0.0,100.0,
EURUSD,fade2.5/25 h8,60,100,design,48.57703631010795,1019,721,4.160887656033287,0.0,95.83911234396672,40.14583333333333
EURUSD,fade2.5/25 h8,60,100,hold,48.57703631010795,1019,192,1.0416666666666665,0.0,98.95833333333334,39.25
EURUSD,fade2.5/25 h8,60,125,design,48.57703631010795,1019,721,7.350901525658807,0.0,92.6490984743412,41.5
EURUSD,fade2.5/25 h8,60,125,hold,48.57703631010795,1019,192,6.25,0.0,93.75,45.375
EURUSD,fade2.5/25 h8,60,150,design,48.57703631010795,1019,721,11.511789181692095,0.5547850208044383,87.93342579750347,34.375
EURUSD,fade2.5/25 h8,60,150,hold,48.57703631010795,1019,192,10.9375,0.0,89.0625,46.25
EURUSD,fade2.5/25 h8,60,200,design,48.57703631010795,1019,721,18.030513176144243,5.270457697642163,76.69902912621359,29.4375
EURUSD,fade2.5/25 h8,60,200,hold,48.57703631010795,1019,192,24.479166666666664,0.0,75.52083333333334,40.458333333333336
EURUSD,fade2.5/25 h8,90,50,design,48.57703631010795,1019,721,0.0,0.0,100.0,
EURUSD,fade2.5/25 h8,90,50,hold,48.57703631010795,1019,182,0.0,0.0,100.0,
EURUSD,fade2.5/25 h8,90,75,design,48.57703631010795,1019,721,1.248266296809986,0.0,98.75173370319001,56.708333333333336
EURUSD,fade2.5/25 h8,90,75,hold,48.57703631010795,1019,182,0.5494505494505495,0.0,99.45054945054946,87.5
EURUSD,fade2.5/25 h8,90,100,design,48.57703631010795,1019,721,7.905686546463246,0.0,92.09431345353676,57.625
EURUSD,fade2.5/25 h8,90,100,hold,48.57703631010795,1019,182,8.791208791208792,0.0,91.20879120879121,73.83333333333333
EURUSD,fade2.5/25 h8,90,125,design,48.57703631010795,1019,721,15.117891816920942,0.0,84.88210818307905,62.333333333333336
EURUSD,fade2.5/25 h8,90,125,hold,48.57703631010795,1019,182,21.978021978021978,0.0,78.02197802197803,69.375
EURUSD,fade2.5/25 h8,90,150,design,48.57703631010795,1019,721,21.35922330097087,3.3287101248266295,75.31206657420249,55.52083333333333
EURUSD,fade2.5/25 h8,90,150,hold,48.57703631010795,1019,182,27.472527472527474,0.0,72.52747252747253,62.22916666666667
EURUSD,fade2.5/25 h8,90,200,design,48.57703631010795,1019,721,27.739251040221912,17.05963938973648,55.20110957004161,45.54166666666667
EURUSD,fade2.5/25 h8,90,200,hold,48.57703631010795,1019,182,42.30769230769231,0.0,57.692307692307686,52.5
EURUSD,fade2.5/25 h8,365,50,design,48.57703631010795,1019,721,0.0,0.0,100.0,
EURUSD,fade2.5/25 h8,365,50,hold,48.57703631010795,1019,122,15.573770491803279,0.0,84.42622950819673,283.4583333333333
EURUSD,fade2.5/25 h8,365,75,design,48.57703631010795,1019,721,17.753120665742024,0.0,82.24687933425797,278.125
EURUSD,fade2.5/25 h8,365,75,hold,48.57703631010795,1019,122,66.39344262295081,0.0,33.60655737704918,172.5
EURUSD,fade2.5/25 h8,365,100,design,48.57703631010795,1019,721,36.615811373092924,14.563106796116504,48.82108183079057,165.1875
EURUSD,fade2.5/25 h8,365,100,hold,48.57703631010795,1019,122,71.31147540983606,0.0,28.688524590163933,125.45833333333333
EURUSD,fade2.5/25 h8,365,125,design,48.57703631010795,1019,721,46.87933425797504,35.92233009708738,17.198335644937586,120.66666666666666
EURUSD,fade2.5/25 h8,365,125,hold,48.57703631010795,1019,122,72.1311475409836,0.0,27.86885245901639,109.39583333333334
EURUSD,fade2.5/25 h8,365,150,design,48.57703631010795,1019,721,55.33980582524271,36.47711511789182,8.183079056865465,108.625
EURUSD,fade2.5/25 h8,365,150,hold,48.57703631010795,1019,122,80.32786885245902,0.0,19.672131147540984,103.41666666666666
EURUSD,fade2.5/25 h8,365,200,design,48.57703631010795,1019,721,51.87239944521498,47.156726768377254,0.9708737864077669,84.4375
EURUSD,fade2.5/25 h8,365,200,hold,48.57703631010795,1019,122,81.9672131147541,13.114754098360656,4.918032786885246,78.375
EURUSD,fade3.0/20 h4 L,30,50,design,48.29545454545455,176,721,0.0,0.0,100.0,
EURUSD,fade3.0/20 h4 L,30,50,hold,48.29545454545455,176,194,0.0,0.0,100.0,
EURUSD,fade3.0/20 h4 L,30,75,design,48.29545454545455,176,721,0.0,0.0,100.0,
EURUSD,fade3.0/20 h4 L,30,75,hold,48.29545454545455,176,194,0.0,0.0,100.0,
EURUSD,fade3.0/20 h4 L,30,100,design,48.29545454545455,176,721,0.0,0.0,100.0,
EURUSD,fade3.0/20 h4 L,30,100,hold,48.29545454545455,176,194,0.0,0.0,100.0,
EURUSD,fade3.0/20 h4 L,30,125,design,48.29545454545455,176,721,0.0,0.0,100.0,
EURUSD,fade3.0/20 h4 L,30,125,hold,48.29545454545455,176,194,0.0,0.0,100.0,
EURUSD,fade3.0/20 h4 L,30,150,design,48.29545454545455,176,721,0.0,0.0,100.0,
EURUSD,fade3.0/20 h4 L,30,150,hold,48.29545454545455,176,194,0.0,0.0,100.0,
EURUSD,fade3.0/20 h4 L,30,200,design,48.29545454545455,176,721,0.0,0.0,100.0,
EURUSD,fade3.0/20 h4 L,30,200,hold,48.29545454545455,176,194,0.0,0.0,100.0,
EURUSD,fade3.0/20 h4 L,60,50,design,48.29545454545455,176,721,0.0,0.0,100.0,
EURUSD,fade3.0/20 h4 L,60,50,hold,48.29545454545455,176,184,0.0,0.0,100.0,
EURUSD,fade3.0/20 h4 L,60,75,design,48.29545454545455,176,721,0.0,0.0,100.0,
EURUSD,fade3.0/20 h4 L,60,75,hold,48.29545454545455,176,184,0.0,0.0,100.0,
EURUSD,fade3.0/20 h4 L,60,100,design,48.29545454545455,176,721,0.0,0.0,100.0,
EURUSD,fade3.0/20 h4 L,60,100,hold,48.29545454545455,176,184,0.0,0.0,100.0,
EURUSD,fade3.0/20 h4 L,60,125,design,48.29545454545455,176,721,0.0,0.0,100.0,
EURUSD,fade3.0/20 h4 L,60,125,hold,48.29545454545455,176,184,0.0,0.0,100.0,
EURUSD,fade3.0/20 h4 L,60,150,design,48.29545454545455,176,721,0.0,0.0,100.0,
EURUSD,fade3.0/20 h4 L,60,150,hold,48.29545454545455,176,184,0.0,0.0,100.0,
EURUSD,fade3.0/20 h4 L,60,200,design,48.29545454545455,176,721,0.0,0.0,100.0,
EURUSD,fade3.0/20 h4 L,60,200,hold,48.29545454545455,176,184,0.0,0.0,100.0,
EURUSD,fade3.0/20 h4 L,90,50,design,48.29545454545455,176,721,0.0,0.0,100.0,
EURUSD,fade3.0/20 h4 L,90,50,hold,48.29545454545455,176,174,0.0,0.0,100.0,
EURUSD,fade3.0/20 h4 L,90,75,design,48.29545454545455,176,721,0.0,0.0,100.0,
EURUSD,fade3.0/20 h4 L,90,75,hold,48.29545454545455,176,174,0.0,0.0,100.0,
EURUSD,fade3.0/20 h4 L,90,100,design,48.29545454545455,176,721,0.0,0.0,100.0,
EURUSD,fade3.0/20 h4 L,90,100,hold,48.29545454545455,176,174,0.0,0.0,100.0,
EURUSD,fade3.0/20 h4 L,90,125,design,48.29545454545455,176,721,0.0,0.0,100.0,
EURUSD,fade3.0/20 h4 L,90,125,hold,48.29545454545455,176,174,0.0,0.0,100.0,
EURUSD,fade3.0/20 h4 L,90,150,design,48.29545454545455,176,721,0.0,0.0,100.0,
EURUSD,fade3.0/20 h4 L,90,150,hold,48.29545454545455,176,174,0.0,0.0,100.0,
EURUSD,fade3.0/20 h4 L,90,200,design,48.29545454545455,176,721,0.0,0.0,100.0,
EURUSD,fade3.0/20 h4 L,90,200,hold,48.29545454545455,176,174,0.0,0.0,100.0,
EURUSD,fade3.0/20 h4 L,365,50,design,48.29545454545455,176,721,0.0,0.0,100.0,
EURUSD,fade3.0/20 h4 L,365,50,hold,48.29545454545455,176,114,0.0,0.0,100.0,
EURUSD,fade3.0/20 h4 L,365,75,design,48.29545454545455,176,721,0.0,0.0,100.0,
EURUSD,fade3.0/20 h4 L,365,75,hold,48.29545454545455,176,114,0.0,0.0,100.0,
EURUSD,fade3.0/20 h4 L,365,100,design,48.29545454545455,176,721,0.0,0.0,100.0,
EURUSD,fade3.0/20 h4 L,365,100,hold,48.29545454545455,176,114,0.0,0.0,100.0,
EURUSD,fade3.0/20 h4 L,365,125,design,48.29545454545455,176,721,0.0,0.0,100.0,
EURUSD,fade3.0/20 h4 L,365,125,hold,48.29545454545455,176,114,0.0,0.0,100.0,
EURUSD,fade3.0/20 h4 L,365,150,design,48.29545454545455,176,721,0.0,0.0,100.0,
EURUSD,fade3.0/20 h4 L,365,150,hold,48.29545454545455,176,114,0.0,0.0,100.0,
EURUSD,fade3.0/20 h4 L,365,200,design,48.29545454545455,176,721,0.0,0.0,100.0,
EURUSD,fade3.0/20 h4 L,365,200,hold,48.29545454545455,176,114,0.0,0.0,100.0,
EURUSD,fade3.0/20 h8 L,30,50,design,52.57142857142857,175,721,0.0,0.0,100.0,
EURUSD,fade3.0/20 h8 L,30,50,hold,52.57142857142857,175,194,0.0,0.0,100.0,
EURUSD,fade3.0/20 h8 L,30,75,design,52.57142857142857,175,721,0.0,0.0,100.0,
EURUSD,fade3.0/20 h8 L,30,75,hold,52.57142857142857,175,194,0.0,0.0,100.0,
EURUSD,fade3.0/20 h8 L,30,100,design,52.57142857142857,175,721,0.0,0.0,100.0,
EURUSD,fade3.0/20 h8 L,30,100,hold,52.57142857142857,175,194,0.0,0.0,100.0,
EURUSD,fade3.0/20 h8 L,30,125,design,52.57142857142857,175,721,0.0,0.0,100.0,
EURUSD,fade3.0/20 h8 L,30,125,hold,52.57142857142857,175,194,0.0,0.0,100.0,
EURUSD,fade3.0/20 h8 L,30,150,design,52.57142857142857,175,721,0.0,0.0,100.0,
EURUSD,fade3.0/20 h8 L,30,150,hold,52.57142857142857,175,194,0.0,0.0,100.0,
EURUSD,fade3.0/20 h8 L,30,200,design,52.57142857142857,175,721,0.0,0.0,100.0,
EURUSD,fade3.0/20 h8 L,30,200,hold,52.57142857142857,175,194,0.0,0.0,100.0,
EURUSD,fade3.0/20 h8 L,60,50,design,52.57142857142857,175,721,0.0,0.0,100.0,
EURUSD,fade3.0/20 h8 L,60,50,hold,52.57142857142857,175,184,0.0,0.0,100.0,
EURUSD,fade3.0/20 h8 L,60,75,design,52.57142857142857,175,721,0.0,0.0,100.0,
EURUSD,fade3.0/20 h8 L,60,75,hold,52.57142857142857,175,184,0.0,0.0,100.0,
EURUSD,fade3.0/20 h8 L,60,100,design,52.57142857142857,175,721,0.0,0.0,100.0,
EURUSD,fade3.0/20 h8 L,60,100,hold,52.57142857142857,175,184,0.0,0.0,100.0,
EURUSD,fade3.0/20 h8 L,60,125,design,52.57142857142857,175,721,0.0,0.0,100.0,
EURUSD,fade3.0/20 h8 L,60,125,hold,52.57142857142857,175,184,0.0,0.0,100.0,
EURUSD,fade3.0/20 h8 L,60,150,design,52.57142857142857,175,721,0.0,0.0,100.0,
EURUSD,fade3.0/20 h8 L,60,150,hold,52.57142857142857,175,184,0.0,0.0,100.0,
EURUSD,fade3.0/20 h8 L,60,200,design,52.57142857142857,175,721,0.0,0.0,100.0,
EURUSD,fade3.0/20 h8 L,60,200,hold,52.57142857142857,175,184,0.0,0.0,100.0,
EURUSD,fade3.0/20 h8 L,90,50,design,52.57142857142857,175,721,0.0,0.0,100.0,
EURUSD,fade3.0/20 h8 L,90,50,hold,52.57142857142857,175,174,0.0,0.0,100.0,
EURUSD,fade3.0/20 h8 L,90,75,design,52.57142857142857,175,721,0.0,0.0,100.0,
EURUSD,fade3.0/20 h8 L,90,75,hold,52.57142857142857,175,174,0.0,0.0,100.0,
EURUSD,fade3.0/20 h8 L,90,100,design,52.57142857142857,175,721,0.0,0.0,100.0,
EURUSD,fade3.0/20 h8 L,90,100,hold,52.57142857142857,175,174,0.0,0.0,100.0,
EURUSD,fade3.0/20 h8 L,90,125,design,52.57142857142857,175,721,0.0,0.0,100.0,
EURUSD,fade3.0/20 h8 L,90,125,hold,52.57142857142857,175,174,0.0,0.0,100.0,
EURUSD,fade3.0/20 h8 L,90,150,design,52.57142857142857,175,721,0.0,0.0,100.0,
EURUSD,fade3.0/20 h8 L,90,150,hold,52.57142857142857,175,174,0.0,0.0,100.0,
EURUSD,fade3.0/20 h8 L,90,200,design,52.57142857142857,175,721,0.0,0.0,100.0,
EURUSD,fade3.0/20 h8 L,90,200,hold,52.57142857142857,175,174,0.0,0.0,100.0,
EURUSD,fade3.0/20 h8 L,365,50,design,52.57142857142857,175,721,0.0,0.0,100.0,
EURUSD,fade3.0/20 h8 L,365,50,hold,52.57142857142857,175,114,0.0,0.0,100.0,
EURUSD,fade3.0/20 h8 L,365,75,design,52.57142857142857,175,721,0.0,0.0,100.0,
EURUSD,fade3.0/20 h8 L,365,75,hold,52.57142857142857,175,114,0.0,0.0,100.0,
EURUSD,fade3.0/20 h8 L,365,100,design,52.57142857142857,175,721,0.0,0.0,100.0,
EURUSD,fade3.0/20 h8 L,365,100,hold,52.57142857142857,175,114,0.0,0.0,100.0,
EURUSD,fade3.0/20 h8 L,365,125,design,52.57142857142857,175,721,0.0,0.0,100.0,
EURUSD,fade3.0/20 h8 L,365,125,hold,52.57142857142857,175,114,0.0,0.0,100.0,
EURUSD,fade3.0/20 h8 L,365,150,design,52.57142857142857,175,721,0.0,0.0,100.0,
EURUSD,fade3.0/20 h8 L,365,150,hold,52.57142857142857,175,114,0.0,0.0,100.0,
EURUSD,fade3.0/20 h8 L,365,200,design,52.57142857142857,175,721,2.496532593619972,0.0,97.50346740638003,147.5
EURUSD,fade3.0/20 h8 L,365,200,hold,52.57142857142857,175,114,20.175438596491226,0.0,79.82456140350878,222.25
EURUSD,fade2.5/25 h4 L,30,50,design,50.71428571428571,560,721,0.0,0.0,100.0,
EURUSD,fade2.5/25 h4 L,30,50,hold,50.71428571428571,560,202,0.0,0.0,100.0,
EURUSD,fade2.5/25 h4 L,30,75,design,50.71428571428571,560,721,0.0,0.0,100.0,
EURUSD,fade2.5/25 h4 L,30,75,hold,50.71428571428571,560,202,0.0,0.0,100.0,
EURUSD,fade2.5/25 h4 L,30,100,design,50.71428571428571,560,721,0.0,0.0,100.0,
EURUSD,fade2.5/25 h4 L,30,100,hold,50.71428571428571,560,202,0.0,0.0,100.0,
EURUSD,fade2.5/25 h4 L,30,125,design,50.71428571428571,560,721,0.0,0.0,100.0,
EURUSD,fade2.5/25 h4 L,30,125,hold,50.71428571428571,560,202,0.0,0.0,100.0,
EURUSD,fade2.5/25 h4 L,30,150,design,50.71428571428571,560,721,1.248266296809986,0.0,98.75173370319001,22.333333333333332
EURUSD,fade2.5/25 h4 L,30,150,hold,50.71428571428571,560,202,0.0,0.0,100.0,
EURUSD,fade2.5/25 h4 L,30,200,design,50.71428571428571,560,721,1.3869625520110958,0.0,98.6130374479889,14.125
EURUSD,fade2.5/25 h4 L,30,200,hold,50.71428571428571,560,202,0.0,0.0,100.0,
EURUSD,fade2.5/25 h4 L,60,50,design,50.71428571428571,560,721,0.0,0.0,100.0,
EURUSD,fade2.5/25 h4 L,60,50,hold,50.71428571428571,560,192,0.0,0.0,100.0,
EURUSD,fade2.5/25 h4 L,60,75,design,50.71428571428571,560,721,0.0,0.0,100.0,
EURUSD,fade2.5/25 h4 L,60,75,hold,50.71428571428571,560,192,0.0,0.0,100.0,
EURUSD,fade2.5/25 h4 L,60,100,design,50.71428571428571,560,721,0.0,0.0,100.0,
EURUSD,fade2.5/25 h4 L,60,100,hold,50.71428571428571,560,192,0.0,0.0,100.0,
EURUSD,fade2.5/25 h4 L,60,125,design,50.71428571428571,560,721,0.9708737864077669,0.0,99.02912621359224,43.333333333333336
EURUSD,fade2.5/25 h4 L,60,125,hold,50.71428571428571,560,192,0.0,0.0,100.0,
EURUSD,fade2.5/25 h4 L,60,150,design,50.71428571428571,560,721,2.219140083217753,0.0,97.78085991678225,27.979166666666664
EURUSD,fade2.5/25 h4 L,60,150,hold,50.71428571428571,560,192,0.0,0.0,100.0,
EURUSD,fade2.5/25 h4 L,60,200,design,50.71428571428571,560,721,4.438280166435506,0.0,95.5617198335645,41.5625
EURUSD,fade2.5/25 h4 L,60,200,hold,50.71428571428571,560,192,0.0,0.0,100.0,
EURUSD,fade2.5/25 h4 L,90,50,design,50.71428571428571,560,721,0.0,0.0,100.0,
EURUSD,fade2.5/25 h4 L,90,50,hold,50.71428571428571,560,182,0.0,0.0,100.0,
EURUSD,fade2.5/25 h4 L,90,75,design,50.71428571428571,560,721,0.0,0.0,100.0,
EURUSD,fade2.5/25 h4 L,90,75,hold,50.71428571428571,560,182,0.0,0.0,100.0,
EURUSD,fade2.5/25 h4 L,90,100,design,50.71428571428571,560,721,0.0,0.0,100.0,
EURUSD,fade2.5/25 h4 L,90,100,hold,50.71428571428571,560,182,0.0,0.0,100.0,
EURUSD,fade2.5/25 h4 L,90,125,design,50.71428571428571,560,721,1.3869625520110958,0.0,98.6130374479889,47.833333333333336
EURUSD,fade2.5/25 h4 L,90,125,hold,50.71428571428571,560,182,0.0,0.0,100.0,
EURUSD,fade2.5/25 h4 L,90,150,design,50.71428571428571,560,721,4.160887656033287,0.0,95.83911234396672,56.833333333333336
EURUSD,fade2.5/25 h4 L,90,150,hold,50.71428571428571,560,182,0.0,0.0,100.0,
EURUSD,fade2.5/25 h4 L,90,200,design,50.71428571428571,560,721,6.38002773925104,0.0,93.61997226074897,48.58333333333333
EURUSD,fade2.5/25 h4 L,90,200,hold,50.71428571428571,560,182,0.0,0.0,100.0,
EURUSD,fade2.5/25 h4 L,365,50,design,50.71428571428571,560,721,0.0,0.0,100.0,
EURUSD,fade2.5/25 h4 L,365,50,hold,50.71428571428571,560,122,0.0,0.0,100.0,
EURUSD,fade2.5/25 h4 L,365,75,design,50.71428571428571,560,721,0.0,0.0,100.0,
EURUSD,fade2.5/25 h4 L,365,75,hold,50.71428571428571,560,122,0.0,0.0,100.0,
EURUSD,fade2.5/25 h4 L,365,100,design,50.71428571428571,560,721,5.409153952843273,0.0,94.59084604715673,321.1666666666667
EURUSD,fade2.5/25 h4 L,365,100,hold,50.71428571428571,560,122,0.0,0.0,100.0,
EURUSD,fade2.5/25 h4 L,365,125,design,50.71428571428571,560,721,14.840499306518723,0.0,85.15950069348128,243.625
EURUSD,fade2.5/25 h4 L,365,125,hold,50.71428571428571,560,122,0.0,0.0,100.0,
EURUSD,fade2.5/25 h4 L,365,150,design,50.71428571428571,560,721,20.388349514563107,0.0,79.6116504854369,172.33333333333334
EURUSD,fade2.5/25 h4 L,365,150,hold,50.71428571428571,560,122,0.0,0.0,100.0,
EURUSD,fade2.5/25 h4 L,365,200,design,50.71428571428571,560,721,31.06796116504854,0.0,68.93203883495146,192.58333333333331
EURUSD,fade2.5/25 h4 L,365,200,hold,50.71428571428571,560,122,14.754098360655737,0.0,85.24590163934425,335.20833333333337
EURUSD,fade2.5/25 h8 L,30,50,design,49.25925925925926,540,721,0.0,0.0,100.0,
EURUSD,fade2.5/25 h8 L,30,50,hold,49.25925925925926,540,202,0.0,0.0,100.0,
EURUSD,fade2.5/25 h8 L,30,75,design,49.25925925925926,540,721,0.0,0.0,100.0,
EURUSD,fade2.5/25 h8 L,30,75,hold,49.25925925925926,540,202,0.0,0.0,100.0,
EURUSD,fade2.5/25 h8 L,30,100,design,49.25925925925926,540,721,0.0,0.0,100.0,
EURUSD,fade2.5/25 h8 L,30,100,hold,49.25925925925926,540,202,0.0,0.0,100.0,
EURUSD,fade2.5/25 h8 L,30,125,design,49.25925925925926,540,721,0.5547850208044383,0.0,99.44521497919555,23.916666666666668
EURUSD,fade2.5/25 h8 L,30,125,hold,49.25925925925926,540,202,0.0,0.0,100.0,
EURUSD,fade2.5/25 h8 L,30,150,design,49.25925925925926,540,721,1.5256588072122053,0.0,98.47434119278779,13.458333333333334
EURUSD,fade2.5/25 h8 L,30,150,hold,49.25925925925926,540,202,0.0,0.0,100.0,
EURUSD,fade2.5/25 h8 L,30,200,design,49.25925925925926,540,721,4.854368932038835,0.0,95.14563106796116,20.541666666666668
EURUSD,fade2.5/25 h8 L,30,200,hold,49.25925925925926,540,202,2.9702970297029703,0.0,97.02970297029702,21.708333333333332
EURUSD,fade2.5/25 h8 L,60,50,design,49.25925925925926,540,721,0.0,0.0,100.0,
EURUSD,fade2.5/25 h8 L,60,50,hold,49.25925925925926,540,192,0.0,0.0,100.0,
EURUSD,fade2.5/25 h8 L,60,75,design,49.25925925925926,540,721,0.0,0.0,100.0,
EURUSD,fade2.5/25 h8 L,60,75,hold,49.25925925925926,540,192,0.0,0.0,100.0,
EURUSD,fade2.5/25 h8 L,60,100,design,49.25925925925926,540,721,0.0,0.0,100.0,
EURUSD,fade2.5/25 h8 L,60,100,hold,49.25925925925926,540,192,0.0,0.0,100.0,
EURUSD,fade2.5/25 h8 L,60,125,design,49.25925925925926,540,721,1.9417475728155338,0.0,98.05825242718447,38.916666666666664
EURUSD,fade2.5/25 h8 L,60,125,hold,49.25925925925926,540,192,0.0,0.0,100.0,
EURUSD,fade2.5/25 h8 L,60,150,design,49.25925925925926,540,721,3.467406380027739,0.0,96.53259361997226,34.416666666666664
EURUSD,fade2.5/25 h8 L,60,150,hold,49.25925925925926,540,192,1.0416666666666665,0.0,98.95833333333334,58.729166666666664
EURUSD,fade2.5/25 h8 L,60,200,design,49.25925925925926,540,721,9.57004160887656,1.248266296809986,89.18169209431346,29.583333333333332
EURUSD,fade2.5/25 h8 L,60,200,hold,49.25925925925926,540,192,8.333333333333332,0.0,91.66666666666666,39.833333333333336
EURUSD,fade2.5/25 h8 L,90,50,design,49.25925925925926,540,721,0.0,0.0,100.0,
EURUSD,fade2.5/25 h8 L,90,50,hold,49.25925925925926,540,182,0.0,0.0,100.0,
EURUSD,fade2.5/25 h8 L,90,75,design,49.25925925925926,540,721,0.0,0.0,100.0,
EURUSD,fade2.5/25 h8 L,90,75,hold,49.25925925925926,540,182,0.0,0.0,100.0,
EURUSD,fade2.5/25 h8 L,90,100,design,49.25925925925926,540,721,0.4160887656033287,0.0,99.58391123439667,72.79166666666667
EURUSD,fade2.5/25 h8 L,90,100,hold,49.25925925925926,540,182,0.0,0.0,100.0,
EURUSD,fade2.5/25 h8 L,90,125,design,49.25925925925926,540,721,4.854368932038835,0.0,95.14563106796116,69.79166666666667
EURUSD,fade2.5/25 h8 L,90,125,hold,49.25925925925926,540,182,2.7472527472527473,0.0,97.25274725274726,85.41666666666667
EURUSD,fade2.5/25 h8 L,90,150,design,49.25925925925926,540,721,6.934812760055478,0.0,93.06518723994452,60.10416666666667
EURUSD,fade2.5/25 h8 L,90,150,hold,49.25925925925926,540,182,5.4945054945054945,0.0,94.5054945054945,66.79166666666667
EURUSD,fade2.5/25 h8 L,90,200,design,49.25925925925926,540,721,13.730929264909847,3.467406380027739,82.80166435506241,46.5
EURUSD,fade2.5/25 h8 L,90,200,hold,49.25925925925926,540,182,12.087912087912088,0.0,87.91208791208791,48.833333333333336
EURUSD,fade2.5/25 h8 L,365,50,design,49.25925925925926,540,721,0.0,0.0,100.0,
EURUSD,fade2.5/25 h8 L,365,50,hold,49.25925925925926,540,122,0.0,0.0,100.0,
EURUSD,fade2.5/25 h8 L,365,75,design,49.25925925925926,540,721,9.015256588072122,0.0,90.98474341192788,307.4166666666667
EURUSD,fade2.5/25 h8 L,365,75,hold,49.25925925925926,540,122,0.0,0.0,100.0,
EURUSD,fade2.5/25 h8 L,365,100,design,49.25925925925926,540,721,26.629680998613036,0.0,73.37031900138696,250.14583333333331
EURUSD,fade2.5/25 h8 L,365,100,hold,49.25925925925926,540,122,37.704918032786885,0.0,62.295081967213115,246.35416666666666
EURUSD,fade2.5/25 h8 L,365,125,design,49.25925925925926,540,721,44.521497919556175,0.0,55.478502080443825,237.79166666666666
EURUSD,fade2.5/25 h8 L,365,125,hold,49.25925925925926,540,122,63.114754098360656,0.0,36.885245901639344,171.25
EURUSD,fade2.5/25 h8 L,365,150,design,49.25925925925926,540,721,50.069348127600556,0.9708737864077669,48.95977808599168,195.45833333333334
EURUSD,fade2.5/25 h8 L,365,150,hold,49.25925925925926,540,122,70.49180327868852,0.0,29.508196721311474,145.89583333333331
EURUSD,fade2.5/25 h8 L,365,200,design,49.25925925925926,540,721,53.536754507628295,17.475728155339805,28.9875173370319,134.22916666666669
EURUSD,fade2.5/25 h8 L,365,200,hold,49.25925925925926,540,122,72.1311475409836,0.0,27.86885245901639,130.85416666666669
EURUSD,mom rsi70 h8,30,50,design,45.99447513812155,724,721,0.0,0.0,100.0,
EURUSD,mom rsi70 h8,30,50,hold,45.99447513812155,724,202,0.0,0.0,100.0,
EURUSD,mom rsi70 h8,30,75,design,45.99447513812155,724,721,0.27739251040221913,0.0,99.72260748959778,28.083333333333332
EURUSD,mom rsi70 h8,30,75,hold,45.99447513812155,724,202,0.0,0.0,100.0,
EURUSD,mom rsi70 h8,30,100,design,45.99447513812155,724,721,1.248266296809986,0.0,98.75173370319001,21.375
EURUSD,mom rsi70 h8,30,100,hold,45.99447513812155,724,202,0.0,0.0,100.0,
EURUSD,mom rsi70 h8,30,125,design,45.99447513812155,724,721,3.19001386962552,0.0,96.80998613037448,16.916666666666668
EURUSD,mom rsi70 h8,30,125,hold,45.99447513812155,724,202,0.0,0.0,100.0,
EURUSD,mom rsi70 h8,30,150,design,45.99447513812155,724,721,5.547850208044383,0.0,94.45214979195562,16.604166666666668
EURUSD,mom rsi70 h8,30,150,hold,45.99447513812155,724,202,0.9900990099009901,0.0,99.00990099009901,18.791666666666668
EURUSD,mom rsi70 h8,30,200,design,45.99447513812155,724,721,6.657420249653259,0.0,93.34257975034674,15.5625
EURUSD,mom rsi70 h8,30,200,hold,45.99447513812155,724,202,4.455445544554455,0.9900990099009901,94.55445544554455,15.791666666666666
EURUSD,mom rsi70 h8,60,50,design,45.99447513812155,724,721,0.27739251040221913,0.0,99.72260748959778,53.72916666666667
EURUSD,mom rsi70 h8,60,50,hold,45.99447513812155,724,192,0.0,0.0,100.0,
EURUSD,mom rsi70 h8,60,75,design,45.99447513812155,724,721,1.8030513176144243,0.0,98.19694868238558,41.583333333333336
EURUSD,mom rsi70 h8,60,75,hold,45.99447513812155,724,192,0.0,0.0,100.0,
EURUSD,mom rsi70 h8,60,100,design,45.99447513812155,724,721,2.496532593619972,0.0,97.50346740638003,30.916666666666664
EURUSD,mom rsi70 h8,60,100,hold,45.99447513812155,724,192,0.0,0.0,100.0,
EURUSD,mom rsi70 h8,60,125,design,45.99447513812155,724,721,4.2995839112343965,0.0,95.7004160887656,20.25
EURUSD,mom rsi70 h8,60,125,hold,45.99447513812155,724,192,0.0,0.0,100.0,
EURUSD,mom rsi70 h8,60,150,design,45.99447513812155,724,721,8.321775312066574,0.0,91.67822468793344,22.604166666666668
EURUSD,mom rsi70 h8,60,150,hold,45.99447513812155,724,192,1.5625,0.0,98.4375,27.791666666666668
EURUSD,mom rsi70 h8,60,200,design,45.99447513812155,724,721,14.008321775312066,1.3869625520110958,84.60471567267683,31.541666666666668
EURUSD,mom rsi70 h8,60,200,hold,45.99447513812155,724,192,8.854166666666668,11.458333333333332,79.6875,27.791666666666668
EURUSD,mom rsi70 h8,90,50,design,45.99447513812155,724,721,0.27739251040221913,0.0,99.72260748959778,53.72916666666667
EURUSD,mom rsi70 h8,90,50,hold,45.99447513812155,724,182,0.0,0.0,100.0,
EURUSD,mom rsi70 h8,90,75,design,45.99447513812155,724,721,3.3287101248266295,0.0,96.67128987517337,58.083333333333336
EURUSD,mom rsi70 h8,90,75,hold,45.99447513812155,724,182,0.0,0.0,100.0,
EURUSD,mom rsi70 h8,90,100,design,45.99447513812155,724,721,4.2995839112343965,0.0,95.7004160887656,49.75
EURUSD,mom rsi70 h8,90,100,hold,45.99447513812155,724,182,0.0,0.0,100.0,
EURUSD,mom rsi70 h8,90,125,design,45.99447513812155,724,721,7.350901525658807,0.0,92.6490984743412,46.75
EURUSD,mom rsi70 h8,90,125,hold,45.99447513812155,724,182,0.0,0.0,100.0,
EURUSD,mom rsi70 h8,90,150,design,45.99447513812155,724,721,11.373092926490985,1.1095700416088765,87.51733703190014,31.541666666666668
EURUSD,mom rsi70 h8,90,150,hold,45.99447513812155,724,182,1.6483516483516485,3.296703296703297,95.05494505494505,27.791666666666668
EURUSD,mom rsi70 h8,90,200,design,45.99447513812155,724,721,17.753120665742024,3.744798890429958,78.50208044382802,37.604166666666664
EURUSD,mom rsi70 h8,90,200,hold,45.99447513812155,724,182,9.340659340659341,26.923076923076923,63.73626373626373,27.791666666666668
EURUSD,mom rsi70 h8,365,50,design,45.99447513812155,724,721,5.6865464632454925,0.0,94.31345353675451,274.5416666666667
EURUSD,mom rsi70 h8,365,50,hold,45.99447513812155,724,122,0.0,0.0,100.0,
EURUSD,mom rsi70 h8,365,75,design,45.99447513812155,724,721,18.723994452149793,0.0,81.2760055478502,197.58333333333334
EURUSD,mom rsi70 h8,365,75,hold,45.99447513812155,724,122,0.0,0.819672131147541,99.18032786885246,
EURUSD,mom rsi70 h8,365,100,design,45.99447513812155,724,721,25.52011095700416,2.219140083217753,72.26074895977808,190.77083333333334
EURUSD,mom rsi70 h8,365,100,hold,45.99447513812155,724,122,0.0,79.50819672131148,20.491803278688526,
EURUSD,mom rsi70 h8,365,125,design,45.99447513812155,724,721,33.00970873786408,20.110957004160888,46.87933425797504,180.64583333333334
EURUSD,mom rsi70 h8,365,125,hold,45.99447513812155,724,122,0.0,98.36065573770492,1.639344262295082,
EURUSD,mom rsi70 h8,365,150,design,45.99447513812155,724,721,40.915395284327325,23.43966712898752,35.64493758668516,167.58333333333334
EURUSD,mom rsi70 h8,365,150,hold,45.99447513812155,724,122,2.459016393442623,97.54098360655738,0.0,27.791666666666668
EURUSD,mom rsi70 h8,365,200,design,45.99447513812155,724,721,43.689320388349515,50.069348127600556,6.2413314840499305,123.5
EURUSD,mom rsi70 h8,365,200,hold,45.99447513812155,724,122,13.934426229508196,86.0655737704918,0.0,27.791666666666668
EURUSD,mom rsi75 h8,30,50,design,45.380434782608695,368,721,0.0,0.0,100.0,
EURUSD,mom rsi75 h8,30,50,hold,45.380434782608695,368,199,0.0,0.0,100.0,
EURUSD,mom rsi75 h8,30,75,design,45.380434782608695,368,721,0.0,0.0,100.0,
EURUSD,mom rsi75 h8,30,75,hold,45.380434782608695,368,199,0.0,0.0,100.0,
EURUSD,mom rsi75 h8,30,100,design,45.380434782608695,368,721,0.0,0.0,100.0,
EURUSD,mom rsi75 h8,30,100,hold,45.380434782608695,368,199,0.0,0.0,100.0,
EURUSD,mom rsi75 h8,30,125,design,45.380434782608695,368,721,0.0,0.0,100.0,
EURUSD,mom rsi75 h8,30,125,hold,45.380434782608695,368,199,0.0,0.0,100.0,
EURUSD,mom rsi75 h8,30,150,design,45.380434782608695,368,721,1.1095700416088765,0.0,98.89042995839112,18.833333333333332
EURUSD,mom rsi75 h8,30,150,hold,45.380434782608695,368,199,0.0,0.0,100.0,
EURUSD,mom rsi75 h8,30,200,design,45.380434782608695,368,721,1.9417475728155338,0.0,98.05825242718447,19.979166666666664
EURUSD,mom rsi75 h8,30,200,hold,45.380434782608695,368,199,0.0,0.0,100.0,
EURUSD,mom rsi75 h8,60,50,design,45.380434782608695,368,721,0.0,0.0,100.0,
EURUSD,mom rsi75 h8,60,50,hold,45.380434782608695,368,189,0.0,0.0,100.0,
EURUSD,mom rsi75 h8,60,75,design,45.380434782608695,368,721,0.0,0.0,100.0,
EURUSD,mom rsi75 h8,60,75,hold,45.380434782608695,368,189,0.0,0.0,100.0,
EURUSD,mom rsi75 h8,60,100,design,45.380434782608695,368,721,0.0,0.0,100.0,
EURUSD,mom rsi75 h8,60,100,hold,45.380434782608695,368,189,0.0,0.0,100.0,
EURUSD,mom rsi75 h8,60,125,design,45.380434782608695,368,721,0.4160887656033287,0.0,99.58391123439667,56.333333333333336
EURUSD,mom rsi75 h8,60,125,hold,45.380434782608695,368,189,0.0,0.0,100.0,
EURUSD,mom rsi75 h8,60,150,design,45.380434782608695,368,721,2.496532593619972,0.0,97.50346740638003,33.833333333333336
EURUSD,mom rsi75 h8,60,150,hold,45.380434782608695,368,189,0.0,0.0,100.0,
EURUSD,mom rsi75 h8,60,200,design,45.380434782608695,368,721,4.160887656033287,0.0,95.83911234396672,31.020833333333336
EURUSD,mom rsi75 h8,60,200,hold,45.380434782608695,368,189,0.0,0.0,100.0,
EURUSD,mom rsi75 h8,90,50,design,45.380434782608695,368,721,0.0,0.0,100.0,
EURUSD,mom rsi75 h8,90,50,hold,45.380434782608695,368,179,0.0,0.0,100.0,
EURUSD,mom rsi75 h8,90,75,design,45.380434782608695,368,721,0.0,0.0,100.0,
EURUSD,mom rsi75 h8,90,75,hold,45.380434782608695,368,179,0.0,0.0,100.0,
EURUSD,mom rsi75 h8,90,100,design,45.380434782608695,368,721,0.0,0.0,100.0,
EURUSD,mom rsi75 h8,90,100,hold,45.380434782608695,368,179,0.0,0.0,100.0,
EURUSD,mom rsi75 h8,90,125,design,45.380434782608695,368,721,1.1095700416088765,0.0,98.89042995839112,63.83333333333333
EURUSD,mom rsi75 h8,90,125,hold,45.380434782608695,368,179,0.0,0.0,100.0,
EURUSD,mom rsi75 h8,90,150,design,45.380434782608695,368,721,3.744798890429958,0.0,96.25520110957004,47.333333333333336
EURUSD,mom rsi75 h8,90,150,hold,45.380434782608695,368,179,0.0,0.0,100.0,
EURUSD,mom rsi75 h8,90,200,design,45.380434782608695,368,721,9.57004160887656,1.9417475728155338,88.4882108183079,63.75
EURUSD,mom rsi75 h8,90,200,hold,45.380434782608695,368,179,0.0,0.0,100.0,
EURUSD,mom rsi75 h8,365,50,design,45.380434782608695,368,721,0.0,0.0,100.0,
EURUSD,mom rsi75 h8,365,50,hold,45.380434782608695,368,119,0.0,0.0,100.0,
EURUSD,mom rsi75 h8,365,75,design,45.380434782608695,368,721,1.9417475728155338,0.0,98.05825242718447,271.2916666666667
EURUSD,mom rsi75 h8,365,75,hold,45.380434782608695,368,119,0.0,0.0,100.0,
EURUSD,mom rsi75 h8,365,100,design,45.380434782608695,368,721,10.263522884882107,6.796116504854369,82.94036061026353,242.25
EURUSD,mom rsi75 h8,365,100,hold,45.380434782608695,368,119,0.0,0.0,100.0,
EURUSD,mom rsi75 h8,365,125,design,45.380434782608695,368,721,17.891816920943135,12.343966712898752,69.76421636615811,263.4583333333333
EURUSD,mom rsi75 h8,365,125,hold,45.380434782608695,368,119,0.0,0.0,100.0,
EURUSD,mom rsi75 h8,365,150,design,45.380434782608695,368,721,25.79750346740638,13.176144244105409,61.026352288488205,220.66666666666669
EURUSD,mom rsi75 h8,365,150,hold,45.380434782608695,368,119,0.0,32.773109243697476,67.22689075630252,
EURUSD,mom rsi75 h8,365,200,design,45.380434782608695,368,721,42.163661581137305,15.950069348127602,41.88626907073509,186.39583333333331
EURUSD,mom rsi75 h8,365,200,hold,45.380434782608695,368,119,0.0,81.5126050420168,18.487394957983195,
GBPUSD,fade3.0/20 h4,30,50,design,45.370370370370374,324,721,0.0,0.0,100.0,
GBPUSD,fade3.0/20 h4,30,50,hold,45.370370370370374,324,200,0.0,0.0,100.0,
GBPUSD,fade3.0/20 h4,30,75,design,45.370370370370374,324,721,0.0,0.0,100.0,
GBPUSD,fade3.0/20 h4,30,75,hold,45.370370370370374,324,200,0.0,0.0,100.0,
GBPUSD,fade3.0/20 h4,30,100,design,45.370370370370374,324,721,0.0,0.0,100.0,
GBPUSD,fade3.0/20 h4,30,100,hold,45.370370370370374,324,200,0.0,0.0,100.0,
GBPUSD,fade3.0/20 h4,30,125,design,45.370370370370374,324,721,0.0,0.0,100.0,
GBPUSD,fade3.0/20 h4,30,125,hold,45.370370370370374,324,200,0.0,0.0,100.0,
GBPUSD,fade3.0/20 h4,30,150,design,45.370370370370374,324,721,0.0,0.0,100.0,
GBPUSD,fade3.0/20 h4,30,150,hold,45.370370370370374,324,200,0.0,0.0,100.0,
GBPUSD,fade3.0/20 h4,30,200,design,45.370370370370374,324,721,0.0,0.0,100.0,
GBPUSD,fade3.0/20 h4,30,200,hold,45.370370370370374,324,200,0.0,0.0,100.0,
GBPUSD,fade3.0/20 h4,60,50,design,45.370370370370374,324,721,0.0,0.0,100.0,
GBPUSD,fade3.0/20 h4,60,50,hold,45.370370370370374,324,190,0.0,0.0,100.0,
GBPUSD,fade3.0/20 h4,60,75,design,45.370370370370374,324,721,0.0,0.0,100.0,
GBPUSD,fade3.0/20 h4,60,75,hold,45.370370370370374,324,190,0.0,0.0,100.0,
GBPUSD,fade3.0/20 h4,60,100,design,45.370370370370374,324,721,0.0,0.0,100.0,
GBPUSD,fade3.0/20 h4,60,100,hold,45.370370370370374,324,190,0.0,0.0,100.0,
GBPUSD,fade3.0/20 h4,60,125,design,45.370370370370374,324,721,0.0,0.0,100.0,
GBPUSD,fade3.0/20 h4,60,125,hold,45.370370370370374,324,190,0.0,0.0,100.0,
GBPUSD,fade3.0/20 h4,60,150,design,45.370370370370374,324,721,0.0,0.0,100.0,
GBPUSD,fade3.0/20 h4,60,150,hold,45.370370370370374,324,190,0.0,0.0,100.0,
GBPUSD,fade3.0/20 h4,60,200,design,45.370370370370374,324,721,0.0,0.0,100.0,
GBPUSD,fade3.0/20 h4,60,200,hold,45.370370370370374,324,190,0.0,0.0,100.0,
GBPUSD,fade3.0/20 h4,90,50,design,45.370370370370374,324,721,0.0,0.0,100.0,
GBPUSD,fade3.0/20 h4,90,50,hold,45.370370370370374,324,180,0.0,0.0,100.0,
GBPUSD,fade3.0/20 h4,90,75,design,45.370370370370374,324,721,0.0,0.0,100.0,
GBPUSD,fade3.0/20 h4,90,75,hold,45.370370370370374,324,180,0.0,0.0,100.0,
GBPUSD,fade3.0/20 h4,90,100,design,45.370370370370374,324,721,0.0,0.0,100.0,
GBPUSD,fade3.0/20 h4,90,100,hold,45.370370370370374,324,180,0.0,0.0,100.0,
GBPUSD,fade3.0/20 h4,90,125,design,45.370370370370374,324,721,0.0,0.0,100.0,
GBPUSD,fade3.0/20 h4,90,125,hold,45.370370370370374,324,180,0.0,0.0,100.0,
GBPUSD,fade3.0/20 h4,90,150,design,45.370370370370374,324,721,0.0,0.0,100.0,
GBPUSD,fade3.0/20 h4,90,150,hold,45.370370370370374,324,180,0.0,0.0,100.0,
GBPUSD,fade3.0/20 h4,90,200,design,45.370370370370374,324,721,0.0,0.6934812760055479,99.30651872399446,
GBPUSD,fade3.0/20 h4,90,200,hold,45.370370370370374,324,180,2.2222222222222223,0.0,97.77777777777777,70.58333333333333
GBPUSD,fade3.0/20 h4,365,50,design,45.370370370370374,324,721,0.0,0.0,100.0,
GBPUSD,fade3.0/20 h4,365,50,hold,45.370370370370374,324,120,0.0,0.0,100.0,
GBPUSD,fade3.0/20 h4,365,75,design,45.370370370370374,324,721,0.0,0.0,100.0,
GBPUSD,fade3.0/20 h4,365,75,hold,45.370370370370374,324,120,0.0,0.0,100.0,
GBPUSD,fade3.0/20 h4,365,100,design,45.370370370370374,324,721,0.0,0.0,100.0,
GBPUSD,fade3.0/20 h4,365,100,hold,45.370370370370374,324,120,15.0,0.0,85.0,327.9375
GBPUSD,fade3.0/20 h4,365,125,design,45.370370370370374,324,721,0.0,0.0,100.0,
GBPUSD,fade3.0/20 h4,365,125,hold,45.370370370370374,324,120,27.500000000000004,0.0,72.5,313.7916666666667
GBPUSD,fade3.0/20 h4,365,150,design,45.370370370370374,324,721,5.9639389736477115,5.131761442441054,88.90429958391124,306.375
GBPUSD,fade3.0/20 h4,365,150,hold,45.370370370370374,324,120,48.333333333333336,0.0,51.66666666666667,277.9375
GBPUSD,fade3.0/20 h4,365,200,design,45.370370370370374,324,721,12.205270457697642,23.300970873786408,64.49375866851595,243.8125
GBPUSD,fade3.0/20 h4,365,200,hold,45.370370370370374,324,120,83.33333333333334,0.0,16.666666666666664,209.75
GBPUSD,fade3.0/20 h8,30,50,design,48.13664596273292,322,721,0.0,0.0,100.0,
GBPUSD,fade3.0/20 h8,30,50,hold,48.13664596273292,322,200,0.0,0.0,100.0,
GBPUSD,fade3.0/20 h8,30,75,design,48.13664596273292,322,721,0.0,0.0,100.0,
GBPUSD,fade3.0/20 h8,30,75,hold,48.13664596273292,322,200,0.0,0.0,100.0,
GBPUSD,fade3.0/20 h8,30,100,design,48.13664596273292,322,721,0.0,0.0,100.0,
GBPUSD,fade3.0/20 h8,30,100,hold,48.13664596273292,322,200,0.0,0.0,100.0,
GBPUSD,fade3.0/20 h8,30,125,design,48.13664596273292,322,721,0.0,0.0,100.0,
GBPUSD,fade3.0/20 h8,30,125,hold,48.13664596273292,322,200,0.0,0.0,100.0,
GBPUSD,fade3.0/20 h8,30,150,design,48.13664596273292,322,721,0.0,0.0,100.0,
GBPUSD,fade3.0/20 h8,30,150,hold,48.13664596273292,322,200,0.0,0.0,100.0,
GBPUSD,fade3.0/20 h8,30,200,design,48.13664596273292,322,721,0.0,0.0,100.0,
GBPUSD,fade3.0/20 h8,30,200,hold,48.13664596273292,322,200,0.0,0.0,100.0,
GBPUSD,fade3.0/20 h8,60,50,design,48.13664596273292,322,721,0.0,0.0,100.0,
GBPUSD,fade3.0/20 h8,60,50,hold,48.13664596273292,322,190,0.0,0.0,100.0,
GBPUSD,fade3.0/20 h8,60,75,design,48.13664596273292,322,721,0.0,0.0,100.0,
GBPUSD,fade3.0/20 h8,60,75,hold,48.13664596273292,322,190,0.0,0.0,100.0,
GBPUSD,fade3.0/20 h8,60,100,design,48.13664596273292,322,721,0.0,0.0,100.0,
GBPUSD,fade3.0/20 h8,60,100,hold,48.13664596273292,322,190,0.0,0.0,100.0,
GBPUSD,fade3.0/20 h8,60,125,design,48.13664596273292,322,721,0.0,0.0,100.0,
GBPUSD,fade3.0/20 h8,60,125,hold,48.13664596273292,322,190,0.0,0.0,100.0,
GBPUSD,fade3.0/20 h8,60,150,design,48.13664596273292,322,721,0.0,0.0,100.0,
GBPUSD,fade3.0/20 h8,60,150,hold,48.13664596273292,322,190,1.0526315789473684,0.0,98.94736842105263,55.958333333333336
GBPUSD,fade3.0/20 h8,60,200,design,48.13664596273292,322,721,0.5547850208044383,2.3578363384188625,97.0873786407767,50.0
GBPUSD,fade3.0/20 h8,60,200,hold,48.13664596273292,322,190,12.631578947368421,0.0,87.36842105263159,48.39583333333333
GBPUSD,fade3.0/20 h8,90,50,design,48.13664596273292,322,721,0.0,0.0,100.0,
GBPUSD,fade3.0/20 h8,90,50,hold,48.13664596273292,322,180,0.0,0.0,100.0,
GBPUSD,fade3.0/20 h8,90,75,design,48.13664596273292,322,721,0.0,0.0,100.0,
GBPUSD,fade3.0/20 h8,90,75,hold,48.13664596273292,322,180,0.0,0.0,100.0,
GBPUSD,fade3.0/20 h8,90,100,design,48.13664596273292,322,721,0.0,0.0,100.0,
GBPUSD,fade3.0/20 h8,90,100,hold,48.13664596273292,322,180,0.0,0.0,100.0,
GBPUSD,fade3.0/20 h8,90,125,design,48.13664596273292,322,721,0.0,0.0,100.0,
GBPUSD,fade3.0/20 h8,90,125,hold,48.13664596273292,322,180,3.3333333333333335,0.0,96.66666666666667,74.27083333333334
GBPUSD,fade3.0/20 h8,90,150,design,48.13664596273292,322,721,0.0,0.5547850208044383,99.44521497919555,
GBPUSD,fade3.0/20 h8,90,150,hold,48.13664596273292,322,180,5.555555555555555,0.0,94.44444444444444,67.95833333333333
GBPUSD,fade3.0/20 h8,90,200,design,48.13664596273292,322,721,1.8030513176144243,5.409153952843273,92.7877947295423,66.5
GBPUSD,fade3.0/20 h8,90,200,hold,48.13664596273292,322,180,27.77777777777778,0.0,72.22222222222221,62.041666666666664
GBPUSD,fade3.0/20 h8,365,50,design,48.13664596273292,322,721,0.0,0.0,100.0,
GBPUSD,fade3.0/20 h8,365,50,hold,48.13664596273292,322,120,0.0,0.0,100.0,
GBPUSD,fade3.0/20 h8,365,75,design,48.13664596273292,322,721,0.0,0.0,100.0,
GBPUSD,fade3.0/20 h8,365,75,hold,48.13664596273292,322,120,20.0,0.0,80.0,342.75
GBPUSD,fade3.0/20 h8,365,100,design,48.13664596273292,322,721,0.0,0.0,100.0,
GBPUSD,fade3.0/20 h8,365,100,hold,48.13664596273292,322,120,49.166666666666664,0.0,50.83333333333333,295.1666666666667
GBPUSD,fade3.0/20 h8,365,125,design,48.13664596273292,322,721,0.4160887656033287,14.840499306518723,84.74341192787794,358.5
GBPUSD,fade3.0/20 h8,365,125,hold,48.13664596273292,322,120,79.16666666666666,0.0,20.833333333333336,236.29166666666666
GBPUSD,fade3.0/20 h8,365,150,design,48.13664596273292,322,721,2.496532593619972,24.271844660194176,73.23162274618585,298.4375
GBPUSD,fade3.0/20 h8,365,150,hold,48.13664596273292,322,120,95.0,0.0,5.0,201.04166666666669
GBPUSD,fade3.0/20 h8,365,200,design,48.13664596273292,322,721,16.36615811373093,37.17059639389736,46.463245492371705,213.77083333333331
GBPUSD,fade3.0/20 h8,365,200,hold,48.13664596273292,322,120,100.0,0.0,0.0,169.75
GBPUSD,fade2.5/25 h4,30,50,design,46.901017576318225,1081,721,0.0,0.0,100.0,
GBPUSD,fade2.5/25 h4,30,50,hold,46.901017576318225,1081,202,0.0,0.0,100.0,
GBPUSD,fade2.5/25 h4,30,75,design,46.901017576318225,1081,721,0.0,0.0,100.0,
GBPUSD,fade2.5/25 h4,30,75,hold,46.901017576318225,1081,202,0.0,0.0,100.0,
GBPUSD,fade2.5/25 h4,30,100,design,46.901017576318225,1081,721,0.0,0.0,100.0,
GBPUSD,fade2.5/25 h4,30,100,hold,46.901017576318225,1081,202,0.0,0.0,100.0,
GBPUSD,fade2.5/25 h4,30,125,design,46.901017576318225,1081,721,0.0,0.0,100.0,
GBPUSD,fade2.5/25 h4,30,125,hold,46.901017576318225,1081,202,0.0,0.0,100.0,
GBPUSD,fade2.5/25 h4,30,150,design,46.901017576318225,1081,721,0.6934812760055479,0.0,99.30651872399446,23.583333333333332
GBPUSD,fade2.5/25 h4,30,150,hold,46.901017576318225,1081,202,0.9900990099009901,0.0,99.00990099009901,24.125
GBPUSD,fade2.5/25 h4,30,200,design,46.901017576318225,1081,721,3.3287101248266295,0.8321775312066574,95.83911234396672,22.645833333333332
GBPUSD,fade2.5/25 h4,30,200,hold,46.901017576318225,1081,202,3.9603960396039604,0.0,96.03960396039604,19.1875
GBPUSD,fade2.5/25 h4,60,50,design,46.901017576318225,1081,721,0.0,0.0,100.0,
GBPUSD,fade2.5/25 h4,60,50,hold,46.901017576318225,1081,192,0.0,0.0,100.0,
GBPUSD,fade2.5/25 h4,60,75,design,46.901017576318225,1081,721,0.0,0.0,100.0,
GBPUSD,fade2.5/25 h4,60,75,hold,46.901017576318225,1081,192,0.0,0.0,100.0,
GBPUSD,fade2.5/25 h4,60,100,design,46.901017576318225,1081,721,0.0,0.0,100.0,
GBPUSD,fade2.5/25 h4,60,100,hold,46.901017576318225,1081,192,0.0,0.0,100.0,
GBPUSD,fade2.5/25 h4,60,125,design,46.901017576318225,1081,721,0.13869625520110956,0.0,99.86130374479889,57.708333333333336
GBPUSD,fade2.5/25 h4,60,125,hold,46.901017576318225,1081,192,0.0,0.0,100.0,
GBPUSD,fade2.5/25 h4,60,150,design,46.901017576318225,1081,721,1.8030513176144243,1.248266296809986,96.9486823855756,44.583333333333336
GBPUSD,fade2.5/25 h4,60,150,hold,46.901017576318225,1081,192,1.0416666666666665,0.0,98.95833333333334,24.125
GBPUSD,fade2.5/25 h4,60,200,design,46.901017576318225,1081,721,6.796116504854369,3.467406380027739,89.73647711511789,31.583333333333332
GBPUSD,fade2.5/25 h4,60,200,hold,46.901017576318225,1081,192,6.25,0.0,93.75,28.270833333333332
GBPUSD,fade2.5/25 h4,90,50,design,46.901017576318225,1081,721,0.0,0.0,100.0,
GBPUSD,fade2.5/25 h4,90,50,hold,46.901017576318225,1081,182,0.0,0.0,100.0,
GBPUSD,fade2.5/25 h4,90,75,design,46.901017576318225,1081,721,0.0,0.0,100.0,
GBPUSD,fade2.5/25 h4,90,75,hold,46.901017576318225,1081,182,0.0,0.0,100.0,
GBPUSD,fade2.5/25 h4,90,100,design,46.901017576318225,1081,721,0.27739251040221913,0.0,99.72260748959778,82.20833333333333
GBPUSD,fade2.5/25 h4,90,100,hold,46.901017576318225,1081,182,0.0,0.0,100.0,
GBPUSD,fade2.5/25 h4,90,125,design,46.901017576318225,1081,721,1.5256588072122053,0.9708737864077669,97.50346740638003,69.70833333333333
GBPUSD,fade2.5/25 h4,90,125,hold,46.901017576318225,1081,182,0.0,0.0,100.0,
GBPUSD,fade2.5/25 h4,90,150,design,46.901017576318225,1081,721,4.5769764216366156,2.7739251040221915,92.6490984743412,65.41666666666667
GBPUSD,fade2.5/25 h4,90,150,hold,46.901017576318225,1081,182,2.7472527472527473,0.0,97.25274725274726,79.33333333333333
GBPUSD,fade2.5/25 h4,90,200,design,46.901017576318225,1081,721,11.650485436893204,9.847434119278779,78.50208044382802,47.66666666666667
GBPUSD,fade2.5/25 h4,90,200,hold,46.901017576318225,1081,182,21.428571428571427,0.0,78.57142857142857,69.25
GBPUSD,fade2.5/25 h4,365,50,design,46.901017576318225,1081,721,0.0,0.0,100.0,
GBPUSD,fade2.5/25 h4,365,50,hold,46.901017576318225,1081,122,0.0,0.0,100.0,
GBPUSD,fade2.5/25 h4,365,75,design,46.901017576318225,1081,721,0.0,0.0,100.0,
GBPUSD,fade2.5/25 h4,365,75,hold,46.901017576318225,1081,122,0.0,0.0,100.0,
GBPUSD,fade2.5/25 h4,365,100,design,46.901017576318225,1081,721,2.496532593619972,14.563106796116504,82.94036061026353,202.83333333333334
GBPUSD,fade2.5/25 h4,365,100,hold,46.901017576318225,1081,122,0.0,0.0,100.0,
GBPUSD,fade2.5/25 h4,365,125,design,46.901017576318225,1081,721,12.89875173370319,49.375866851595006,37.7253814147018,190.33333333333334
GBPUSD,fade2.5/25 h4,365,125,hold,46.901017576318225,1081,122,23.770491803278688,0.0,76.22950819672131,318.25
GBPUSD,fade2.5/25 h4,365,150,design,46.901017576318225,1081,721,24.133148404993065,48.40499306518724,27.461858529819693,170.125
GBPUSD,fade2.5/25 h4,365,150,hold,46.901017576318225,1081,122,37.704918032786885,0.0,62.295081967213115,148.33333333333334
GBPUSD,fade2.5/25 h4,365,200,design,46.901017576318225,1081,721,39.66712898751734,47.988904299583915,12.343966712898752,144.16666666666666
GBPUSD,fade2.5/25 h4,365,200,hold,46.901017576318225,1081,122,42.62295081967213,0.0,57.377049180327866,90.66666666666667
GBPUSD,fade2.5/25 h8,30,50,design,48.97560975609756,1025,721,0.0,0.0,100.0,
GBPUSD,fade2.5/25 h8,30,50,hold,48.97560975609756,1025,202,0.0,0.0,100.0,
GBPUSD,fade2.5/25 h8,30,75,design,48.97560975609756,1025,721,0.0,0.0,100.0,
GBPUSD,fade2.5/25 h8,30,75,hold,48.97560975609756,1025,202,0.0,0.0,100.0,
GBPUSD,fade2.5/25 h8,30,100,design,48.97560975609756,1025,721,0.5547850208044383,0.0,99.44521497919555,25.25
GBPUSD,fade2.5/25 h8,30,100,hold,48.97560975609756,1025,202,0.0,0.0,100.0,
GBPUSD,fade2.5/25 h8,30,125,design,48.97560975609756,1025,721,1.248266296809986,0.0,98.75173370319001,24.5
GBPUSD,fade2.5/25 h8,30,125,hold,48.97560975609756,1025,202,0.9900990099009901,0.0,99.00990099009901,19.375
GBPUSD,fade2.5/25 h8,30,150,design,48.97560975609756,1025,721,2.496532593619972,0.0,97.50346740638003,18.958333333333336
GBPUSD,fade2.5/25 h8,30,150,hold,48.97560975609756,1025,202,2.4752475247524752,0.0,97.52475247524752,22.375
GBPUSD,fade2.5/25 h8,30,200,design,48.97560975609756,1025,721,8.321775312066574,2.6352288488210815,89.04299583911235,20.270833333333336
GBPUSD,fade2.5/25 h8,30,200,hold,48.97560975609756,1025,202,6.435643564356436,0.0,93.56435643564357,19.375
GBPUSD,fade2.5/25 h8,60,50,design,48.97560975609756,1025,721,0.0,0.0,100.0,
GBPUSD,fade2.5/25 h8,60,50,hold,48.97560975609756,1025,192,0.0,0.0,100.0,
GBPUSD,fade2.5/25 h8,60,75,design,48.97560975609756,1025,721,0.0,0.0,100.0,
GBPUSD,fade2.5/25 h8,60,75,hold,48.97560975609756,1025,192,0.0,0.0,100.0,
GBPUSD,fade2.5/25 h8,60,100,design,48.97560975609756,1025,721,2.3578363384188625,0.0,97.64216366158114,44.75
GBPUSD,fade2.5/25 h8,60,100,hold,48.97560975609756,1025,192,2.083333333333333,0.0,97.91666666666666,38.79166666666667
GBPUSD,fade2.5/25 h8,60,125,design,48.97560975609756,1025,721,4.2995839112343965,0.0,95.7004160887656,38.75
GBPUSD,fade2.5/25 h8,60,125,hold,48.97560975609756,1025,192,3.6458333333333335,0.0,96.35416666666666,38.208333333333336
GBPUSD,fade2.5/25 h8,60,150,design,48.97560975609756,1025,721,6.2413314840499305,0.13869625520110956,93.61997226074897,33.5
GBPUSD,fade2.5/25 h8,60,150,hold,48.97560975609756,1025,192,6.770833333333333,0.0,93.22916666666666,34.375
GBPUSD,fade2.5/25 h8,60,200,design,48.97560975609756,1025,721,14.840499306518723,15.950069348127602,69.20943134535368,28.416666666666668
GBPUSD,fade2.5/25 h8,60,200,hold,48.97560975609756,1025,192,19.270833333333336,0.0,80.72916666666666,47.25
GBPUSD,fade2.5/25 h8,90,50,design,48.97560975609756,1025,721,0.0,0.0,100.0,
GBPUSD,fade2.5/25 h8,90,50,hold,48.97560975609756,1025,182,0.0,0.0,100.0,
GBPUSD,fade2.5/25 h8,90,75,design,48.97560975609756,1025,721,0.5547850208044383,0.0,99.44521497919555,85.5625
GBPUSD,fade2.5/25 h8,90,75,hold,48.97560975609756,1025,182,0.0,0.0,100.0,
GBPUSD,fade2.5/25 h8,90,100,design,48.97560975609756,1025,721,3.6061026352288486,0.0,96.39389736477115,51.125
GBPUSD,fade2.5/25 h8,90,100,hold,48.97560975609756,1025,182,4.945054945054945,0.0,95.05494505494505,84.29166666666667
GBPUSD,fade2.5/25 h8,90,125,design,48.97560975609756,1025,721,6.657420249653259,2.0804438280166435,91.2621359223301,51.14583333333333
GBPUSD,fade2.5/25 h8,90,125,hold,48.97560975609756,1025,182,13.736263736263737,0.0,86.26373626373626,74.41666666666667
GBPUSD,fade2.5/25 h8,90,150,design,48.97560975609756,1025,721,9.015256588072122,7.073509015256588,83.91123439667129,40.625
GBPUSD,fade2.5/25 h8,90,150,hold,48.97560975609756,1025,182,29.120879120879124,0.0,70.87912087912088,71.25
GBPUSD,fade2.5/25 h8,90,200,design,48.97560975609756,1025,721,23.1622746185853,31.900138696255205,44.9375866851595,47.5
GBPUSD,fade2.5/25 h8,90,200,hold,48.97560975609756,1025,182,46.15384615384615,0.0,53.84615384615385,63.416666666666664
GBPUSD,fade2.5/25 h8,365,50,design,48.97560975609756,1025,721,2.7739251040221915,0.0,97.2260748959778,273.7916666666667
GBPUSD,fade2.5/25 h8,365,50,hold,48.97560975609756,1025,122,0.819672131147541,0.0,99.18032786885246,362.25
GBPUSD,fade2.5/25 h8,365,75,design,48.97560975609756,1025,721,14.285714285714285,20.527045769764214,65.18723994452151,214.875
GBPUSD,fade2.5/25 h8,365,75,hold,48.97560975609756,1025,122,59.83606557377049,0.0,40.16393442622951,230.5
GBPUSD,fade2.5/25 h8,365,100,design,48.97560975609756,1025,721,20.804438280166433,43.5506241331484,35.64493758668516,176.45833333333331
GBPUSD,fade2.5/25 h8,365,100,hold,48.97560975609756,1025,122,70.49180327868852,0.0,29.508196721311474,149.9375
GBPUSD,fade2.5/25 h8,365,125,design,48.97560975609756,1025,721,26.352288488210817,58.66851595006934,14.979195561719832,158.41666666666669
GBPUSD,fade2.5/25 h8,365,125,hold,48.97560975609756,1025,122,73.77049180327869,0.0,26.229508196721312,129.89583333333331
GBPUSD,fade2.5/25 h8,365,150,design,48.97560975609756,1025,721,30.79056865464632,68.37725381414702,0.8321775312066574,139.79166666666669
GBPUSD,fade2.5/25 h8,365,150,hold,48.97560975609756,1025,122,78.68852459016394,0.0,21.311475409836063,99.8125
GBPUSD,fade2.5/25 h8,365,200,design,48.97560975609756,1025,721,34.535367545076284,65.46463245492372,0.0,68.5
GBPUSD,fade2.5/25 h8,365,200,hold,48.97560975609756,1025,122,91.80327868852459,0.0,8.19672131147541,85.45833333333333
GBPUSD,fade3.0/20 h4 L,30,50,design,46.62921348314607,178,721,0.0,0.0,100.0,
GBPUSD,fade3.0/20 h4 L,30,50,hold,46.62921348314607,178,200,0.0,0.0,100.0,
GBPUSD,fade3.0/20 h4 L,30,75,design,46.62921348314607,178,721,0.0,0.0,100.0,
GBPUSD,fade3.0/20 h4 L,30,75,hold,46.62921348314607,178,200,0.0,0.0,100.0,
GBPUSD,fade3.0/20 h4 L,30,100,design,46.62921348314607,178,721,0.0,0.0,100.0,
GBPUSD,fade3.0/20 h4 L,30,100,hold,46.62921348314607,178,200,0.0,0.0,100.0,
GBPUSD,fade3.0/20 h4 L,30,125,design,46.62921348314607,178,721,0.0,0.0,100.0,
GBPUSD,fade3.0/20 h4 L,30,125,hold,46.62921348314607,178,200,0.0,0.0,100.0,
GBPUSD,fade3.0/20 h4 L,30,150,design,46.62921348314607,178,721,0.0,0.0,100.0,
GBPUSD,fade3.0/20 h4 L,30,150,hold,46.62921348314607,178,200,0.0,0.0,100.0,
GBPUSD,fade3.0/20 h4 L,30,200,design,46.62921348314607,178,721,0.0,0.0,100.0,
GBPUSD,fade3.0/20 h4 L,30,200,hold,46.62921348314607,178,200,0.0,0.0,100.0,
GBPUSD,fade3.0/20 h4 L,60,50,design,46.62921348314607,178,721,0.0,0.0,100.0,
GBPUSD,fade3.0/20 h4 L,60,50,hold,46.62921348314607,178,190,0.0,0.0,100.0,
GBPUSD,fade3.0/20 h4 L,60,75,design,46.62921348314607,178,721,0.0,0.0,100.0,
GBPUSD,fade3.0/20 h4 L,60,75,hold,46.62921348314607,178,190,0.0,0.0,100.0,
GBPUSD,fade3.0/20 h4 L,60,100,design,46.62921348314607,178,721,0.0,0.0,100.0,
GBPUSD,fade3.0/20 h4 L,60,100,hold,46.62921348314607,178,190,0.0,0.0,100.0,
GBPUSD,fade3.0/20 h4 L,60,125,design,46.62921348314607,178,721,0.0,0.0,100.0,
GBPUSD,fade3.0/20 h4 L,60,125,hold,46.62921348314607,178,190,0.0,0.0,100.0,
GBPUSD,fade3.0/20 h4 L,60,150,design,46.62921348314607,178,721,0.0,0.0,100.0,
GBPUSD,fade3.0/20 h4 L,60,150,hold,46.62921348314607,178,190,0.0,0.0,100.0,
GBPUSD,fade3.0/20 h4 L,60,200,design,46.62921348314607,178,721,0.0,0.0,100.0,
GBPUSD,fade3.0/20 h4 L,60,200,hold,46.62921348314607,178,190,0.0,0.0,100.0,
GBPUSD,fade3.0/20 h4 L,90,50,design,46.62921348314607,178,721,0.0,0.0,100.0,
GBPUSD,fade3.0/20 h4 L,90,50,hold,46.62921348314607,178,180,0.0,0.0,100.0,
GBPUSD,fade3.0/20 h4 L,90,75,design,46.62921348314607,178,721,0.0,0.0,100.0,
GBPUSD,fade3.0/20 h4 L,90,75,hold,46.62921348314607,178,180,0.0,0.0,100.0,
GBPUSD,fade3.0/20 h4 L,90,100,design,46.62921348314607,178,721,0.0,0.0,100.0,
GBPUSD,fade3.0/20 h4 L,90,100,hold,46.62921348314607,178,180,0.0,0.0,100.0,
GBPUSD,fade3.0/20 h4 L,90,125,design,46.62921348314607,178,721,0.0,0.0,100.0,
GBPUSD,fade3.0/20 h4 L,90,125,hold,46.62921348314607,178,180,0.0,0.0,100.0,
GBPUSD,fade3.0/20 h4 L,90,150,design,46.62921348314607,178,721,0.0,0.0,100.0,
GBPUSD,fade3.0/20 h4 L,90,150,hold,46.62921348314607,178,180,0.0,0.0,100.0,
GBPUSD,fade3.0/20 h4 L,90,200,design,46.62921348314607,178,721,0.0,0.0,100.0,
GBPUSD,fade3.0/20 h4 L,90,200,hold,46.62921348314607,178,180,0.0,0.0,100.0,
GBPUSD,fade3.0/20 h4 L,365,50,design,46.62921348314607,178,721,0.0,0.0,100.0,
GBPUSD,fade3.0/20 h4 L,365,50,hold,46.62921348314607,178,120,0.0,0.0,100.0,
GBPUSD,fade3.0/20 h4 L,365,75,design,46.62921348314607,178,721,0.0,0.0,100.0,
GBPUSD,fade3.0/20 h4 L,365,75,hold,46.62921348314607,178,120,0.0,0.0,100.0,
GBPUSD,fade3.0/20 h4 L,365,100,design,46.62921348314607,178,721,0.0,0.0,100.0,
GBPUSD,fade3.0/20 h4 L,365,100,hold,46.62921348314607,178,120,0.0,0.0,100.0,
GBPUSD,fade3.0/20 h4 L,365,125,design,46.62921348314607,178,721,0.0,0.0,100.0,
GBPUSD,fade3.0/20 h4 L,365,125,hold,46.62921348314607,178,120,0.0,0.0,100.0,
GBPUSD,fade3.0/20 h4 L,365,150,design,46.62921348314607,178,721,0.0,0.0,100.0,
GBPUSD,fade3.0/20 h4 L,365,150,hold,46.62921348314607,178,120,0.0,0.0,100.0,
GBPUSD,fade3.0/20 h4 L,365,200,design,46.62921348314607,178,721,0.0,0.0,100.0,
GBPUSD,fade3.0/20 h4 L,365,200,hold,46.62921348314607,178,120,0.0,0.0,100.0,
GBPUSD,fade3.0/20 h8 L,30,50,design,46.06741573033708,178,721,0.0,0.0,100.0,
GBPUSD,fade3.0/20 h8 L,30,50,hold,46.06741573033708,178,200,0.0,0.0,100.0,
GBPUSD,fade3.0/20 h8 L,30,75,design,46.06741573033708,178,721,0.0,0.0,100.0,
GBPUSD,fade3.0/20 h8 L,30,75,hold,46.06741573033708,178,200,0.0,0.0,100.0,
GBPUSD,fade3.0/20 h8 L,30,100,design,46.06741573033708,178,721,0.0,0.0,100.0,
GBPUSD,fade3.0/20 h8 L,30,100,hold,46.06741573033708,178,200,0.0,0.0,100.0,
GBPUSD,fade3.0/20 h8 L,30,125,design,46.06741573033708,178,721,0.0,0.0,100.0,
GBPUSD,fade3.0/20 h8 L,30,125,hold,46.06741573033708,178,200,0.0,0.0,100.0,
GBPUSD,fade3.0/20 h8 L,30,150,design,46.06741573033708,178,721,0.0,0.0,100.0,
GBPUSD,fade3.0/20 h8 L,30,150,hold,46.06741573033708,178,200,0.0,0.0,100.0,
GBPUSD,fade3.0/20 h8 L,30,200,design,46.06741573033708,178,721,0.0,0.0,100.0,
GBPUSD,fade3.0/20 h8 L,30,200,hold,46.06741573033708,178,200,0.0,0.0,100.0,
GBPUSD,fade3.0/20 h8 L,60,50,design,46.06741573033708,178,721,0.0,0.0,100.0,
GBPUSD,fade3.0/20 h8 L,60,50,hold,46.06741573033708,178,190,0.0,0.0,100.0,
GBPUSD,fade3.0/20 h8 L,60,75,design,46.06741573033708,178,721,0.0,0.0,100.0,
GBPUSD,fade3.0/20 h8 L,60,75,hold,46.06741573033708,178,190,0.0,0.0,100.0,
GBPUSD,fade3.0/20 h8 L,60,100,design,46.06741573033708,178,721,0.0,0.0,100.0,
GBPUSD,fade3.0/20 h8 L,60,100,hold,46.06741573033708,178,190,0.0,0.0,100.0,
GBPUSD,fade3.0/20 h8 L,60,125,design,46.06741573033708,178,721,0.0,0.0,100.0,
GBPUSD,fade3.0/20 h8 L,60,125,hold,46.06741573033708,178,190,0.0,0.0,100.0,
GBPUSD,fade3.0/20 h8 L,60,150,design,46.06741573033708,178,721,0.0,0.0,100.0,
GBPUSD,fade3.0/20 h8 L,60,150,hold,46.06741573033708,178,190,0.0,0.0,100.0,
GBPUSD,fade3.0/20 h8 L,60,200,design,46.06741573033708,178,721,0.0,0.0,100.0,
GBPUSD,fade3.0/20 h8 L,60,200,hold,46.06741573033708,178,190,0.5263157894736842,0.0,99.47368421052632,58.458333333333336
GBPUSD,fade3.0/20 h8 L,90,50,design,46.06741573033708,178,721,0.0,0.0,100.0,
GBPUSD,fade3.0/20 h8 L,90,50,hold,46.06741573033708,178,180,0.0,0.0,100.0,
GBPUSD,fade3.0/20 h8 L,90,75,design,46.06741573033708,178,721,0.0,0.0,100.0,
GBPUSD,fade3.0/20 h8 L,90,75,hold,46.06741573033708,178,180,0.0,0.0,100.0,
GBPUSD,fade3.0/20 h8 L,90,100,design,46.06741573033708,178,721,0.0,0.0,100.0,
GBPUSD,fade3.0/20 h8 L,90,100,hold,46.06741573033708,178,180,0.0,0.0,100.0,
GBPUSD,fade3.0/20 h8 L,90,125,design,46.06741573033708,178,721,0.0,0.0,100.0,
GBPUSD,fade3.0/20 h8 L,90,125,hold,46.06741573033708,178,180,0.0,0.0,100.0,
GBPUSD,fade3.0/20 h8 L,90,150,design,46.06741573033708,178,721,0.0,0.0,100.0,
GBPUSD,fade3.0/20 h8 L,90,150,hold,46.06741573033708,178,180,0.0,0.0,100.0,
GBPUSD,fade3.0/20 h8 L,90,200,design,46.06741573033708,178,721,0.0,0.0,100.0,
GBPUSD,fade3.0/20 h8 L,90,200,hold,46.06741573033708,178,180,6.111111111111111,0.0,93.88888888888889,73.45833333333333
GBPUSD,fade3.0/20 h8 L,365,50,design,46.06741573033708,178,721,0.0,0.0,100.0,
GBPUSD,fade3.0/20 h8 L,365,50,hold,46.06741573033708,178,120,0.0,0.0,100.0,
GBPUSD,fade3.0/20 h8 L,365,75,design,46.06741573033708,178,721,0.0,0.0,100.0,
GBPUSD,fade3.0/20 h8 L,365,75,hold,46.06741573033708,178,120,0.0,0.0,100.0,
GBPUSD,fade3.0/20 h8 L,365,100,design,46.06741573033708,178,721,0.0,0.0,100.0,
GBPUSD,fade3.0/20 h8 L,365,100,hold,46.06741573033708,178,120,0.0,0.0,100.0,
GBPUSD,fade3.0/20 h8 L,365,125,design,46.06741573033708,178,721,0.0,0.0,100.0,
GBPUSD,fade3.0/20 h8 L,365,125,hold,46.06741573033708,178,120,0.0,0.0,100.0,
GBPUSD,fade3.0/20 h8 L,365,150,design,46.06741573033708,178,721,0.0,0.8321775312066574,99.16782246879335,
GBPUSD,fade3.0/20 h8 L,365,150,hold,46.06741573033708,178,120,8.333333333333332,0.0,91.66666666666666,349.75
GBPUSD,fade3.0/20 h8 L,365,200,design,46.06741573033708,178,721,3.467406380027739,18.030513176144243,78.50208044382802,176.25
GBPUSD,fade3.0/20 h8 L,365,200,hold,46.06741573033708,178,120,13.333333333333334,0.0,86.66666666666667,80.95833333333333
GBPUSD,fade2.5/25 h4 L,30,50,design,48.86164623467601,571,721,0.0,0.0,100.0,
GBPUSD,fade2.5/25 h4 L,30,50,hold,48.86164623467601,571,202,0.0,0.0,100.0,
GBPUSD,fade2.5/25 h4 L,30,75,design,48.86164623467601,571,721,0.0,0.0,100.0,
GBPUSD,fade2.5/25 h4 L,30,75,hold,48.86164623467601,571,202,0.0,0.0,100.0,
GBPUSD,fade2.5/25 h4 L,30,100,design,48.86164623467601,571,721,0.0,0.0,100.0,
GBPUSD,fade2.5/25 h4 L,30,100,hold,48.86164623467601,571,202,0.0,0.0,100.0,
GBPUSD,fade2.5/25 h4 L,30,125,design,48.86164623467601,571,721,0.0,0.0,100.0,
GBPUSD,fade2.5/25 h4 L,30,125,hold,48.86164623467601,571,202,0.0,0.0,100.0,
GBPUSD,fade2.5/25 h4 L,30,150,design,48.86164623467601,571,721,0.0,0.0,100.0,
GBPUSD,fade2.5/25 h4 L,30,150,hold,48.86164623467601,571,202,0.0,0.0,100.0,
GBPUSD,fade2.5/25 h4 L,30,200,design,48.86164623467601,571,721,1.3869625520110958,0.0,98.6130374479889,22.666666666666664
GBPUSD,fade2.5/25 h4 L,30,200,hold,48.86164623467601,571,202,0.0,0.0,100.0,
GBPUSD,fade2.5/25 h4 L,60,50,design,48.86164623467601,571,721,0.0,0.0,100.0,
GBPUSD,fade2.5/25 h4 L,60,50,hold,48.86164623467601,571,192,0.0,0.0,100.0,
GBPUSD,fade2.5/25 h4 L,60,75,design,48.86164623467601,571,721,0.0,0.0,100.0,
GBPUSD,fade2.5/25 h4 L,60,75,hold,48.86164623467601,571,192,0.0,0.0,100.0,
GBPUSD,fade2.5/25 h4 L,60,100,design,48.86164623467601,571,721,0.0,0.0,100.0,
GBPUSD,fade2.5/25 h4 L,60,100,hold,48.86164623467601,571,192,0.0,0.0,100.0,
GBPUSD,fade2.5/25 h4 L,60,125,design,48.86164623467601,571,721,0.5547850208044383,0.0,99.44521497919555,55.25
GBPUSD,fade2.5/25 h4 L,60,125,hold,48.86164623467601,571,192,0.0,0.0,100.0,
GBPUSD,fade2.5/25 h4 L,60,150,design,48.86164623467601,571,721,1.5256588072122053,0.0,98.47434119278779,54.541666666666664
GBPUSD,fade2.5/25 h4 L,60,150,hold,48.86164623467601,571,192,0.0,0.0,100.0,
GBPUSD,fade2.5/25 h4 L,60,200,design,48.86164623467601,571,721,6.2413314840499305,0.8321775312066574,92.92649098474341,41.75
GBPUSD,fade2.5/25 h4 L,60,200,hold,48.86164623467601,571,192,0.0,0.0,100.0,
GBPUSD,fade2.5/25 h4 L,90,50,design,48.86164623467601,571,721,0.0,0.0,100.0,
GBPUSD,fade2.5/25 h4 L,90,50,hold,48.86164623467601,571,182,0.0,0.0,100.0,
GBPUSD,fade2.5/25 h4 L,90,75,design,48.86164623467601,571,721,0.0,0.0,100.0,
GBPUSD,fade2.5/25 h4 L,90,75,hold,48.86164623467601,571,182,0.0,0.0,100.0,
GBPUSD,fade2.5/25 h4 L,90,100,design,48.86164623467601,571,721,0.6934812760055479,0.0,99.30651872399446,76.58333333333333
GBPUSD,fade2.5/25 h4 L,90,100,hold,48.86164623467601,571,182,0.0,0.0,100.0,
GBPUSD,fade2.5/25 h4 L,90,125,design,48.86164623467601,571,721,1.248266296809986,0.0,98.75173370319001,62.75
GBPUSD,fade2.5/25 h4 L,90,125,hold,48.86164623467601,571,182,0.0,0.0,100.0,
GBPUSD,fade2.5/25 h4 L,90,150,design,48.86164623467601,571,721,4.715672676837725,1.1095700416088765,94.1747572815534,66.14583333333334
GBPUSD,fade2.5/25 h4 L,90,150,hold,48.86164623467601,571,182,0.0,0.0,100.0,
GBPUSD,fade2.5/25 h4 L,90,200,design,48.86164623467601,571,721,11.511789181692095,4.2995839112343965,84.1886269070735,58.583333333333336
GBPUSD,fade2.5/25 h4 L,90,200,hold,48.86164623467601,571,182,0.0,0.0,100.0,
GBPUSD,fade2.5/25 h4 L,365,50,design,48.86164623467601,571,721,0.0,0.0,100.0,
GBPUSD,fade2.5/25 h4 L,365,50,hold,48.86164623467601,571,122,0.0,0.0,100.0,
GBPUSD,fade2.5/25 h4 L,365,75,design,48.86164623467601,571,721,0.0,0.0,100.0,
GBPUSD,fade2.5/25 h4 L,365,75,hold,48.86164623467601,571,122,0.0,0.0,100.0,
GBPUSD,fade2.5/25 h4 L,365,100,design,48.86164623467601,571,721,1.5256588072122053,0.0,98.47434119278779,97.58333333333333
GBPUSD,fade2.5/25 h4 L,365,100,hold,48.86164623467601,571,122,0.0,0.0,100.0,
GBPUSD,fade2.5/25 h4 L,365,125,design,48.86164623467601,571,721,10.957004160887656,23.02357836338419,66.01941747572816,208.375
GBPUSD,fade2.5/25 h4 L,365,125,hold,48.86164623467601,571,122,0.0,0.0,100.0,
GBPUSD,fade2.5/25 h4 L,365,150,design,48.86164623467601,571,721,18.169209431345354,24.826629680998614,57.00416088765603,199.45833333333334
GBPUSD,fade2.5/25 h4 L,365,150,hold,48.86164623467601,571,122,0.0,0.0,100.0,
GBPUSD,fade2.5/25 h4 L,365,200,design,48.86164623467601,571,721,35.22884882108183,29.542302357836338,35.22884882108183,142.41666666666669
GBPUSD,fade2.5/25 h4 L,365,200,hold,48.86164623467601,571,122,0.0,0.0,100.0,
GBPUSD,fade2.5/25 h8 L,30,50,design,47.81021897810219,548,721,0.0,0.0,100.0,
GBPUSD,fade2.5/25 h8 L,30,50,hold,47.81021897810219,548,202,0.0,0.0,100.0,
GBPUSD,fade2.5/25 h8 L,30,75,design,47.81021897810219,548,721,0.0,0.0,100.0,
GBPUSD,fade2.5/25 h8 L,30,75,hold,47.81021897810219,548,202,0.0,0.0,100.0,
GBPUSD,fade2.5/25 h8 L,30,100,design,47.81021897810219,548,721,0.0,0.0,100.0,
GBPUSD,fade2.5/25 h8 L,30,100,hold,47.81021897810219,548,202,0.0,0.0,100.0,
GBPUSD,fade2.5/25 h8 L,30,125,design,47.81021897810219,548,721,0.6934812760055479,0.0,99.30651872399446,23.75
GBPUSD,fade2.5/25 h8 L,30,125,hold,47.81021897810219,548,202,0.0,0.0,100.0,
GBPUSD,fade2.5/25 h8 L,30,150,design,47.81021897810219,548,721,1.1095700416088765,0.0,98.89042995839112,19.25
GBPUSD,fade2.5/25 h8 L,30,150,hold,47.81021897810219,548,202,0.0,0.0,100.0,
GBPUSD,fade2.5/25 h8 L,30,200,design,47.81021897810219,548,721,3.467406380027739,0.4160887656033287,96.11650485436894,17.75
GBPUSD,fade2.5/25 h8 L,30,200,hold,47.81021897810219,548,202,0.0,0.0,100.0,
GBPUSD,fade2.5/25 h8 L,60,50,design,47.81021897810219,548,721,0.0,0.0,100.0,
GBPUSD,fade2.5/25 h8 L,60,50,hold,47.81021897810219,548,192,0.0,0.0,100.0,
GBPUSD,fade2.5/25 h8 L,60,75,design,47.81021897810219,548,721,0.0,0.0,100.0,
GBPUSD,fade2.5/25 h8 L,60,75,hold,47.81021897810219,548,192,0.0,0.0,100.0,
GBPUSD,fade2.5/25 h8 L,60,100,design,47.81021897810219,548,721,0.0,0.0,100.0,
GBPUSD,fade2.5/25 h8 L,60,100,hold,47.81021897810219,548,192,0.0,0.0,100.0,
GBPUSD,fade2.5/25 h8 L,60,125,design,47.81021897810219,548,721,1.8030513176144243,0.0,98.19694868238558,41.75
GBPUSD,fade2.5/25 h8 L,60,125,hold,47.81021897810219,548,192,0.0,0.0,100.0,
GBPUSD,fade2.5/25 h8 L,60,150,design,47.81021897810219,548,721,2.7739251040221915,0.0,97.2260748959778,37.25
GBPUSD,fade2.5/25 h8 L,60,150,hold,47.81021897810219,548,192,0.0,0.0,100.0,
GBPUSD,fade2.5/25 h8 L,60,200,design,47.81021897810219,548,721,7.766990291262135,7.073509015256588,85.15950069348128,32.75
GBPUSD,fade2.5/25 h8 L,60,200,hold,47.81021897810219,548,192,0.0,0.0,100.0,
GBPUSD,fade2.5/25 h8 L,90,50,design,47.81021897810219,548,721,0.0,0.0,100.0,
GBPUSD,fade2.5/25 h8 L,90,50,hold,47.81021897810219,548,182,0.0,0.0,100.0,
GBPUSD,fade2.5/25 h8 L,90,75,design,47.81021897810219,548,721,0.27739251040221913,0.0,99.72260748959778,88.25
GBPUSD,fade2.5/25 h8 L,90,75,hold,47.81021897810219,548,182,0.0,0.0,100.0,
GBPUSD,fade2.5/25 h8 L,90,100,design,47.81021897810219,548,721,0.8321775312066574,0.0,99.16782246879335,86.1875
GBPUSD,fade2.5/25 h8 L,90,100,hold,47.81021897810219,548,182,0.0,0.0,100.0,
GBPUSD,fade2.5/25 h8 L,90,125,design,47.81021897810219,548,721,3.467406380027739,0.8321775312066574,95.7004160887656,59.75
GBPUSD,fade2.5/25 h8 L,90,125,hold,47.81021897810219,548,182,0.0,0.0,100.0,
GBPUSD,fade2.5/25 h8 L,90,150,design,47.81021897810219,548,721,6.2413314840499305,3.3287101248266295,90.42995839112345,65.75
GBPUSD,fade2.5/25 h8 L,90,150,hold,47.81021897810219,548,182,0.0,0.0,100.0,
GBPUSD,fade2.5/25 h8 L,90,200,design,47.81021897810219,548,721,11.927877947295423,15.53398058252427,72.5381414701803,48.75
GBPUSD,fade2.5/25 h8 L,90,200,hold,47.81021897810219,548,182,0.0,0.0,100.0,
GBPUSD,fade2.5/25 h8 L,365,50,design,47.81021897810219,548,721,0.0,0.0,100.0,
GBPUSD,fade2.5/25 h8 L,365,50,hold,47.81021897810219,548,122,0.0,0.0,100.0,
GBPUSD,fade2.5/25 h8 L,365,75,design,47.81021897810219,548,721,6.51872399445215,4.160887656033287,89.32038834951457,171.54166666666666
GBPUSD,fade2.5/25 h8 L,365,75,hold,47.81021897810219,548,122,0.0,0.0,100.0,
GBPUSD,fade2.5/25 h8 L,365,100,design,47.81021897810219,548,721,9.015256588072122,19.14008321775312,71.84466019417476,176.75
GBPUSD,fade2.5/25 h8 L,365,100,hold,47.81021897810219,548,122,0.0,0.0,100.0,
GBPUSD,fade2.5/25 h8 L,365,125,design,47.81021897810219,548,721,12.066574202496533,30.929264909847433,57.00416088765603,129.625
GBPUSD,fade2.5/25 h8 L,365,125,hold,47.81021897810219,548,122,0.0,0.0,100.0,
GBPUSD,fade2.5/25 h8 L,365,150,design,47.81021897810219,548,721,12.482662968099861,38.83495145631068,48.68238557558946,91.33333333333333
GBPUSD,fade2.5/25 h8 L,365,150,hold,47.81021897810219,548,122,0.0,0.0,100.0,
GBPUSD,fade2.5/25 h8 L,365,200,design,47.81021897810219,548,721,17.891816920943135,66.57420249653259,15.53398058252427,70.5
GBPUSD,fade2.5/25 h8 L,365,200,hold,47.81021897810219,548,122,0.0,0.0,100.0,
GBPUSD,mom rsi70 h8,30,50,design,46.132208157524616,711,721,0.0,0.0,100.0,
GBPUSD,mom rsi70 h8,30,50,hold,46.132208157524616,711,202,0.0,0.0,100.0,
GBPUSD,mom rsi70 h8,30,75,design,46.132208157524616,711,721,0.0,0.0,100.0,
GBPUSD,mom rsi70 h8,30,75,hold,46.132208157524616,711,202,0.0,0.0,100.0,
GBPUSD,mom rsi70 h8,30,100,design,46.132208157524616,711,721,0.0,0.0,100.0,
GBPUSD,mom rsi70 h8,30,100,hold,46.132208157524616,711,202,0.0,0.0,100.0,
GBPUSD,mom rsi70 h8,30,125,design,46.132208157524616,711,721,0.13869625520110956,0.0,99.86130374479889,28.916666666666668
GBPUSD,mom rsi70 h8,30,125,hold,46.132208157524616,711,202,0.0,0.0,100.0,
GBPUSD,mom rsi70 h8,30,150,design,46.132208157524616,711,721,1.9417475728155338,0.0,98.05825242718447,21.166666666666668
GBPUSD,mom rsi70 h8,30,150,hold,46.132208157524616,711,202,0.49504950495049505,0.0,99.5049504950495,27.583333333333332
GBPUSD,mom rsi70 h8,30,200,design,46.132208157524616,711,721,5.825242718446602,0.0,94.1747572815534,20.25
GBPUSD,mom rsi70 h8,30,200,hold,46.132208157524616,711,202,4.9504950495049505,0.0,95.04950495049505,14.541666666666668
GBPUSD,mom rsi70 h8,60,50,design,46.132208157524616,711,721,0.0,0.0,100.0,
GBPUSD,mom rsi70 h8,60,50,hold,46.132208157524616,711,192,0.0,0.0,100.0,
GBPUSD,mom rsi70 h8,60,75,design,46.132208157524616,711,721,0.0,0.0,100.0,
GBPUSD,mom rsi70 h8,60,75,hold,46.132208157524616,711,192,0.0,0.0,100.0,
GBPUSD,mom rsi70 h8,60,100,design,46.132208157524616,711,721,1.3869625520110958,0.0,98.6130374479889,52.77083333333333
GBPUSD,mom rsi70 h8,60,100,hold,46.132208157524616,711,192,0.0,0.0,100.0,
GBPUSD,mom rsi70 h8,60,125,design,46.132208157524616,711,721,3.744798890429958,0.0,96.25520110957004,38.583333333333336
GBPUSD,mom rsi70 h8,60,125,hold,46.132208157524616,711,192,0.0,0.0,100.0,
GBPUSD,mom rsi70 h8,60,150,design,46.132208157524616,711,721,6.934812760055478,0.0,93.06518723994452,37.20833333333333
GBPUSD,mom rsi70 h8,60,150,hold,46.132208157524616,711,192,5.208333333333334,0.0,94.79166666666666,41.083333333333336
GBPUSD,mom rsi70 h8,60,200,design,46.132208157524616,711,721,11.650485436893204,1.1095700416088765,87.23994452149792,30.6875
GBPUSD,mom rsi70 h8,60,200,hold,46.132208157524616,711,192,10.416666666666668,0.0,89.58333333333334,29.083333333333332
GBPUSD,mom rsi70 h8,90,50,design,46.132208157524616,711,721,0.0,0.0,100.0,
GBPUSD,mom rsi70 h8,90,50,hold,46.132208157524616,711,182,0.0,0.0,100.0,
GBPUSD,mom rsi70 h8,90,75,design,46.132208157524616,711,721,0.0,0.0,100.0,
GBPUSD,mom rsi70 h8,90,75,hold,46.132208157524616,711,182,0.0,0.0,100.0,
GBPUSD,mom rsi70 h8,90,100,design,46.132208157524616,711,721,1.6643550624133148,0.0,98.3356449375867,54.27083333333333
GBPUSD,mom rsi70 h8,90,100,hold,46.132208157524616,711,182,0.0,0.0,100.0,
GBPUSD,mom rsi70 h8,90,125,design,46.132208157524616,711,721,5.547850208044383,0.0,94.45214979195562,43.875
GBPUSD,mom rsi70 h8,90,125,hold,46.132208157524616,711,182,0.0,0.0,100.0,
GBPUSD,mom rsi70 h8,90,150,design,46.132208157524616,711,721,9.847434119278779,0.0,90.15256588072123,43.791666666666664
GBPUSD,mom rsi70 h8,90,150,hold,46.132208157524616,711,182,6.043956043956044,0.0,93.95604395604396,42.583333333333336
GBPUSD,mom rsi70 h8,90,200,design,46.132208157524616,711,721,16.920943134535367,3.744798890429958,79.33425797503467,45.125
GBPUSD,mom rsi70 h8,90,200,hold,46.132208157524616,711,182,15.384615384615385,0.0,84.61538461538461,41.083333333333336
GBPUSD,mom rsi70 h8,365,50,design,46.132208157524616,711,721,0.0,0.0,100.0,
GBPUSD,mom rsi70 h8,365,50,hold,46.132208157524616,711,122,0.0,0.0,100.0,
GBPUSD,mom rsi70 h8,365,75,design,46.132208157524616,711,721,4.854368932038835,0.0,95.14563106796116,303.75
GBPUSD,mom rsi70 h8,365,75,hold,46.132208157524616,711,122,0.0,0.0,100.0,
GBPUSD,mom rsi70 h8,365,100,design,46.132208157524616,711,721,11.095700416088766,9.986130374479888,78.91816920943134,281.6458333333333
GBPUSD,mom rsi70 h8,365,100,hold,46.132208157524616,711,122,7.377049180327869,0.0,92.62295081967213,188.125
GBPUSD,mom rsi70 h8,365,125,design,46.132208157524616,711,721,16.22746185852982,19.41747572815534,64.35506241331484,169.91666666666666
GBPUSD,mom rsi70 h8,365,125,hold,46.132208157524616,711,122,18.852459016393443,33.60655737704918,47.540983606557376,134.66666666666666
GBPUSD,mom rsi70 h8,365,150,design,46.132208157524616,711,721,27.184466019417474,30.651872399445214,42.163661581137305,164.16666666666666
GBPUSD,mom rsi70 h8,365,150,hold,46.132208157524616,711,122,25.40983606557377,36.0655737704918,38.52459016393443,107.66666666666667
GBPUSD,mom rsi70 h8,365,200,design,46.132208157524616,711,721,45.07628294036061,46.74063800277393,8.183079056865465,123.66666666666667
GBPUSD,mom rsi70 h8,365,200,hold,46.132208157524616,711,122,31.147540983606557,54.09836065573771,14.754098360655737,56.083333333333336
GBPUSD,mom rsi75 h8,30,50,design,43.417366946778714,357,721,0.0,0.0,100.0,
GBPUSD,mom rsi75 h8,30,50,hold,43.417366946778714,357,202,0.0,0.0,100.0,
GBPUSD,mom rsi75 h8,30,75,design,43.417366946778714,357,721,0.0,0.0,100.0,
GBPUSD,mom rsi75 h8,30,75,hold,43.417366946778714,357,202,0.0,0.0,100.0,
GBPUSD,mom rsi75 h8,30,100,design,43.417366946778714,357,721,0.0,0.0,100.0,
GBPUSD,mom rsi75 h8,30,100,hold,43.417366946778714,357,202,0.0,0.0,100.0,
GBPUSD,mom rsi75 h8,30,125,design,43.417366946778714,357,721,0.0,0.0,100.0,
GBPUSD,mom rsi75 h8,30,125,hold,43.417366946778714,357,202,0.0,0.0,100.0,
GBPUSD,mom rsi75 h8,30,150,design,43.417366946778714,357,721,0.0,0.0,100.0,
GBPUSD,mom rsi75 h8,30,150,hold,43.417366946778714,357,202,0.0,0.0,100.0,
GBPUSD,mom rsi75 h8,30,200,design,43.417366946778714,357,721,2.912621359223301,0.0,97.0873786407767,17.583333333333332
GBPUSD,mom rsi75 h8,30,200,hold,43.417366946778714,357,202,0.9900990099009901,0.0,99.00990099009901,25.958333333333332
GBPUSD,mom rsi75 h8,60,50,design,43.417366946778714,357,721,0.0,0.0,100.0,
GBPUSD,mom rsi75 h8,60,50,hold,43.417366946778714,357,192,0.0,0.0,100.0,
GBPUSD,mom rsi75 h8,60,75,design,43.417366946778714,357,721,0.0,0.0,100.0,
GBPUSD,mom rsi75 h8,60,75,hold,43.417366946778714,357,192,0.0,0.0,100.0,
GBPUSD,mom rsi75 h8,60,100,design,43.417366946778714,357,721,0.0,0.0,100.0,
GBPUSD,mom rsi75 h8,60,100,hold,43.417366946778714,357,192,0.0,0.0,100.0,
GBPUSD,mom rsi75 h8,60,125,design,43.417366946778714,357,721,0.0,0.0,100.0,
GBPUSD,mom rsi75 h8,60,125,hold,43.417366946778714,357,192,0.0,0.0,100.0,
GBPUSD,mom rsi75 h8,60,150,design,43.417366946778714,357,721,1.248266296809986,0.0,98.75173370319001,47.625
GBPUSD,mom rsi75 h8,60,150,hold,43.417366946778714,357,192,0.0,0.0,100.0,
GBPUSD,mom rsi75 h8,60,200,design,43.417366946778714,357,721,4.2995839112343965,0.13869625520110956,95.5617198335645,23.458333333333332
GBPUSD,mom rsi75 h8,60,200,hold,43.417366946778714,357,192,4.166666666666666,0.0,95.83333333333334,32.91666666666667
GBPUSD,mom rsi75 h8,90,50,design,43.417366946778714,357,721,0.0,0.0,100.0,
GBPUSD,mom rsi75 h8,90,50,hold,43.417366946778714,357,182,0.0,0.0,100.0,
GBPUSD,mom rsi75 h8,90,75,design,43.417366946778714,357,721,0.0,0.0,100.0,
GBPUSD,mom rsi75 h8,90,75,hold,43.417366946778714,357,182,0.0,0.0,100.0,
GBPUSD,mom rsi75 h8,90,100,design,43.417366946778714,357,721,0.0,0.0,100.0,
GBPUSD,mom rsi75 h8,90,100,hold,43.417366946778714,357,182,0.0,0.0,100.0,
GBPUSD,mom rsi75 h8,90,125,design,43.417366946778714,357,721,0.0,0.0,100.0,
GBPUSD,mom rsi75 h8,90,125,hold,43.417366946778714,357,182,0.0,0.0,100.0,
GBPUSD,mom rsi75 h8,90,150,design,43.417366946778714,357,721,1.6643550624133148,0.0,98.3356449375867,52.125
GBPUSD,mom rsi75 h8,90,150,hold,43.417366946778714,357,182,0.0,0.0,100.0,
GBPUSD,mom rsi75 h8,90,200,design,43.417366946778714,357,721,5.547850208044383,1.5256588072122053,92.92649098474341,29.0
GBPUSD,mom rsi75 h8,90,200,hold,43.417366946778714,357,182,9.340659340659341,0.0,90.65934065934066,62.375
GBPUSD,mom rsi75 h8,365,50,design,43.417366946778714,357,721,0.0,0.0,100.0,
GBPUSD,mom rsi75 h8,365,50,hold,43.417366946778714,357,122,0.0,0.0,100.0,
GBPUSD,mom rsi75 h8,365,75,design,43.417366946778714,357,721,0.0,0.0,100.0,
GBPUSD,mom rsi75 h8,365,75,hold,43.417366946778714,357,122,0.0,0.0,100.0,
GBPUSD,mom rsi75 h8,365,100,design,43.417366946778714,357,721,0.0,1.5256588072122053,98.47434119278779,
GBPUSD,mom rsi75 h8,365,100,hold,43.417366946778714,357,122,0.0,0.0,100.0,
GBPUSD,mom rsi75 h8,365,125,design,43.417366946778714,357,721,1.248266296809986,10.124826629680998,88.62690707350902,124.54166666666667
GBPUSD,mom rsi75 h8,365,125,hold,43.417366946778714,357,122,0.0,35.24590163934426,64.75409836065575,
GBPUSD,mom rsi75 h8,365,150,design,43.417366946778714,357,721,5.6865464632454925,22.88488210818308,71.42857142857143,130.54166666666666
GBPUSD,mom rsi75 h8,365,150,hold,43.417366946778714,357,122,0.0,47.540983606557376,52.459016393442624,
GBPUSD,mom rsi75 h8,365,200,design,43.417366946778714,357,721,24.826629680998614,43.13453536754508,32.038834951456316,185.875
GBPUSD,mom rsi75 h8,365,200,hold,43.417366946778714,357,122,16.39344262295082,46.72131147540984,36.885245901639344,67.41666666666666
USDJPY,fade3.0/20 h4,30,50,design,48.36363636363637,275,721,0.0,0.0,100.0,
USDJPY,fade3.0/20 h4,30,50,hold,48.36363636363637,275,193,0.0,0.0,100.0,
USDJPY,fade3.0/20 h4,30,75,design,48.36363636363637,275,721,0.0,0.0,100.0,
USDJPY,fade3.0/20 h4,30,75,hold,48.36363636363637,275,193,0.0,0.0,100.0,
USDJPY,fade3.0/20 h4,30,100,design,48.36363636363637,275,721,0.0,0.0,100.0,
USDJPY,fade3.0/20 h4,30,100,hold,48.36363636363637,275,193,0.0,0.0,100.0,
USDJPY,fade3.0/20 h4,30,125,design,48.36363636363637,275,721,0.0,0.0,100.0,
USDJPY,fade3.0/20 h4,30,125,hold,48.36363636363637,275,193,0.0,0.0,100.0,
USDJPY,fade3.0/20 h4,30,150,design,48.36363636363637,275,721,0.0,0.0,100.0,
USDJPY,fade3.0/20 h4,30,150,hold,48.36363636363637,275,193,0.0,0.0,100.0,
USDJPY,fade3.0/20 h4,30,200,design,48.36363636363637,275,721,0.0,0.0,100.0,
USDJPY,fade3.0/20 h4,30,200,hold,48.36363636363637,275,193,0.0,0.0,100.0,
USDJPY,fade3.0/20 h4,60,50,design,48.36363636363637,275,721,0.0,0.0,100.0,
USDJPY,fade3.0/20 h4,60,50,hold,48.36363636363637,275,183,0.0,0.0,100.0,
USDJPY,fade3.0/20 h4,60,75,design,48.36363636363637,275,721,0.0,0.0,100.0,
USDJPY,fade3.0/20 h4,60,75,hold,48.36363636363637,275,183,0.0,0.0,100.0,
USDJPY,fade3.0/20 h4,60,100,design,48.36363636363637,275,721,0.0,0.0,100.0,
USDJPY,fade3.0/20 h4,60,100,hold,48.36363636363637,275,183,0.0,0.0,100.0,
USDJPY,fade3.0/20 h4,60,125,design,48.36363636363637,275,721,0.0,0.0,100.0,
USDJPY,fade3.0/20 h4,60,125,hold,48.36363636363637,275,183,0.0,0.0,100.0,
USDJPY,fade3.0/20 h4,60,150,design,48.36363636363637,275,721,0.0,0.0,100.0,
USDJPY,fade3.0/20 h4,60,150,hold,48.36363636363637,275,183,0.0,0.0,100.0,
USDJPY,fade3.0/20 h4,60,200,design,48.36363636363637,275,721,0.0,0.0,100.0,
USDJPY,fade3.0/20 h4,60,200,hold,48.36363636363637,275,183,0.0,0.0,100.0,
USDJPY,fade3.0/20 h4,90,50,design,48.36363636363637,275,721,0.0,0.0,100.0,
USDJPY,fade3.0/20 h4,90,50,hold,48.36363636363637,275,173,0.0,0.0,100.0,
USDJPY,fade3.0/20 h4,90,75,design,48.36363636363637,275,721,0.0,0.0,100.0,
USDJPY,fade3.0/20 h4,90,75,hold,48.36363636363637,275,173,0.0,0.0,100.0,
USDJPY,fade3.0/20 h4,90,100,design,48.36363636363637,275,721,0.0,0.0,100.0,
USDJPY,fade3.0/20 h4,90,100,hold,48.36363636363637,275,173,0.0,0.0,100.0,
USDJPY,fade3.0/20 h4,90,125,design,48.36363636363637,275,721,0.0,0.0,100.0,
USDJPY,fade3.0/20 h4,90,125,hold,48.36363636363637,275,173,0.0,0.0,100.0,
USDJPY,fade3.0/20 h4,90,150,design,48.36363636363637,275,721,0.0,0.0,100.0,
USDJPY,fade3.0/20 h4,90,150,hold,48.36363636363637,275,173,0.0,0.0,100.0,
USDJPY,fade3.0/20 h4,90,200,design,48.36363636363637,275,721,0.0,0.0,100.0,
USDJPY,fade3.0/20 h4,90,200,hold,48.36363636363637,275,173,0.0,0.0,100.0,
USDJPY,fade3.0/20 h4,365,50,design,48.36363636363637,275,721,0.0,0.0,100.0,
USDJPY,fade3.0/20 h4,365,50,hold,48.36363636363637,275,113,0.0,0.0,100.0,
USDJPY,fade3.0/20 h4,365,75,design,48.36363636363637,275,721,0.0,0.0,100.0,
USDJPY,fade3.0/20 h4,365,75,hold,48.36363636363637,275,113,0.0,0.0,100.0,
USDJPY,fade3.0/20 h4,365,100,design,48.36363636363637,275,721,0.0,0.0,100.0,
USDJPY,fade3.0/20 h4,365,100,hold,48.36363636363637,275,113,0.0,0.0,100.0,
USDJPY,fade3.0/20 h4,365,125,design,48.36363636363637,275,721,0.0,0.0,100.0,
USDJPY,fade3.0/20 h4,365,125,hold,48.36363636363637,275,113,0.0,0.0,100.0,
USDJPY,fade3.0/20 h4,365,150,design,48.36363636363637,275,721,0.0,1.5256588072122053,98.47434119278779,
USDJPY,fade3.0/20 h4,365,150,hold,48.36363636363637,275,113,0.0,0.0,100.0,
USDJPY,fade3.0/20 h4,365,200,design,48.36363636363637,275,721,6.102635228848821,12.343966712898752,81.55339805825243,338.16666666666663
USDJPY,fade3.0/20 h4,365,200,hold,48.36363636363637,275,113,0.0,72.56637168141593,27.43362831858407,
USDJPY,fade3.0/20 h8,30,50,design,45.75645756457565,271,721,0.0,0.0,100.0,
USDJPY,fade3.0/20 h8,30,50,hold,45.75645756457565,271,193,0.0,0.0,100.0,
USDJPY,fade3.0/20 h8,30,75,design,45.75645756457565,271,721,0.0,0.0,100.0,
USDJPY,fade3.0/20 h8,30,75,hold,45.75645756457565,271,193,0.0,0.0,100.0,
USDJPY,fade3.0/20 h8,30,100,design,45.75645756457565,271,721,0.0,0.0,100.0,
USDJPY,fade3.0/20 h8,30,100,hold,45.75645756457565,271,193,0.0,0.0,100.0,
USDJPY,fade3.0/20 h8,30,125,design,45.75645756457565,271,721,0.0,0.0,100.0,
USDJPY,fade3.0/20 h8,30,125,hold,45.75645756457565,271,193,0.0,0.0,100.0,
USDJPY,fade3.0/20 h8,30,150,design,45.75645756457565,271,721,0.0,0.0,100.0,
USDJPY,fade3.0/20 h8,30,150,hold,45.75645756457565,271,193,0.0,0.0,100.0,
USDJPY,fade3.0/20 h8,30,200,design,45.75645756457565,271,721,0.0,0.0,100.0,
USDJPY,fade3.0/20 h8,30,200,hold,45.75645756457565,271,193,0.0,0.0,100.0,
USDJPY,fade3.0/20 h8,60,50,design,45.75645756457565,271,721,0.0,0.0,100.0,
USDJPY,fade3.0/20 h8,60,50,hold,45.75645756457565,271,183,0.0,0.0,100.0,
USDJPY,fade3.0/20 h8,60,75,design,45.75645756457565,271,721,0.0,0.0,100.0,
USDJPY,fade3.0/20 h8,60,75,hold,45.75645756457565,271,183,0.0,0.0,100.0,
USDJPY,fade3.0/20 h8,60,100,design,45.75645756457565,271,721,0.0,0.0,100.0,
USDJPY,fade3.0/20 h8,60,100,hold,45.75645756457565,271,183,0.0,0.0,100.0,
USDJPY,fade3.0/20 h8,60,125,design,45.75645756457565,271,721,0.0,0.0,100.0,
USDJPY,fade3.0/20 h8,60,125,hold,45.75645756457565,271,183,0.0,0.0,100.0,
USDJPY,fade3.0/20 h8,60,150,design,45.75645756457565,271,721,0.0,0.0,100.0,
USDJPY,fade3.0/20 h8,60,150,hold,45.75645756457565,271,183,0.0,0.0,100.0,
USDJPY,fade3.0/20 h8,60,200,design,45.75645756457565,271,721,1.3869625520110958,0.0,98.6130374479889,47.333333333333336
USDJPY,fade3.0/20 h8,60,200,hold,45.75645756457565,271,183,2.73224043715847,0.0,97.26775956284153,52.0
USDJPY,fade3.0/20 h8,90,50,design,45.75645756457565,271,721,0.0,0.0,100.0,
USDJPY,fade3.0/20 h8,90,50,hold,45.75645756457565,271,173,0.0,0.0,100.0,
USDJPY,fade3.0/20 h8,90,75,design,45.75645756457565,271,721,0.0,0.0,100.0,
USDJPY,fade3.0/20 h8,90,75,hold,45.75645756457565,271,173,0.0,0.0,100.0,
USDJPY,fade3.0/20 h8,90,100,design,45.75645756457565,271,721,0.0,0.0,100.0,
USDJPY,fade3.0/20 h8,90,100,hold,45.75645756457565,271,173,0.0,0.0,100.0,
USDJPY,fade3.0/20 h8,90,125,design,45.75645756457565,271,721,0.0,0.0,100.0,
USDJPY,fade3.0/20 h8,90,125,hold,45.75645756457565,271,173,0.0,0.0,100.0,
USDJPY,fade3.0/20 h8,90,150,design,45.75645756457565,271,721,0.4160887656033287,0.0,99.58391123439667,75.875
USDJPY,fade3.0/20 h8,90,150,hold,45.75645756457565,271,173,0.0,0.0,100.0,
USDJPY,fade3.0/20 h8,90,200,design,45.75645756457565,271,721,2.3578363384188625,0.5547850208044383,97.0873786407767,57.875
USDJPY,fade3.0/20 h8,90,200,hold,45.75645756457565,271,173,6.9364161849710975,0.0,93.0635838150289,62.5
USDJPY,fade3.0/20 h8,365,50,design,45.75645756457565,271,721,0.0,0.0,100.0,
USDJPY,fade3.0/20 h8,365,50,hold,45.75645756457565,271,113,0.0,0.0,100.0,
USDJPY,fade3.0/20 h8,365,75,design,45.75645756457565,271,721,0.0,0.0,100.0,
USDJPY,fade3.0/20 h8,365,75,hold,45.75645756457565,271,113,0.0,0.0,100.0,
USDJPY,fade3.0/20 h8,365,100,design,45.75645756457565,271,721,0.0,0.0,100.0,
USDJPY,fade3.0/20 h8,365,100,hold,45.75645756457565,271,113,0.0,0.0,100.0,
USDJPY,fade3.0/20 h8,365,125,design,45.75645756457565,271,721,0.27739251040221913,1.8030513176144243,97.91955617198336,362.375
USDJPY,fade3.0/20 h8,365,125,hold,45.75645756457565,271,113,0.0,0.0,100.0,
USDJPY,fade3.0/20 h8,365,150,design,45.75645756457565,271,721,3.744798890429958,10.679611650485436,85.5755894590846,332.8333333333333
USDJPY,fade3.0/20 h8,365,150,hold,45.75645756457565,271,113,0.0,0.0,100.0,
USDJPY,fade3.0/20 h8,365,200,design,45.75645756457565,271,721,17.891816920943135,33.70319001386963,48.40499306518724,238.375
USDJPY,fade3.0/20 h8,365,200,hold,45.75645756457565,271,113,10.619469026548673,0.0,89.38053097345133,62.5
USDJPY,fade2.5/25 h4,30,50,design,49.46120689655172,928,721,0.0,0.0,100.0,
USDJPY,fade2.5/25 h4,30,50,hold,49.46120689655172,928,202,0.0,0.0,100.0,
USDJPY,fade2.5/25 h4,30,75,design,49.46120689655172,928,721,0.0,0.0,100.0,
USDJPY,fade2.5/25 h4,30,75,hold,49.46120689655172,928,202,0.0,0.0,100.0,
USDJPY,fade2.5/25 h4,30,100,design,49.46120689655172,928,721,0.0,0.0,100.0,
USDJPY,fade2.5/25 h4,30,100,hold,49.46120689655172,928,202,0.0,0.0,100.0,
USDJPY,fade2.5/25 h4,30,125,design,49.46120689655172,928,721,0.0,0.0,100.0,
USDJPY,fade2.5/25 h4,30,125,hold,49.46120689655172,928,202,0.49504950495049505,0.0,99.5049504950495,28.791666666666668
USDJPY,fade2.5/25 h4,30,150,design,49.46120689655172,928,721,0.27739251040221913,0.0,99.72260748959778,25.958333333333332
USDJPY,fade2.5/25 h4,30,150,hold,49.46120689655172,928,202,0.49504950495049505,0.0,99.5049504950495,0.5833333333333334
USDJPY,fade2.5/25 h4,30,200,design,49.46120689655172,928,721,0.8321775312066574,0.0,99.16782246879335,17.5625
USDJPY,fade2.5/25 h4,30,200,hold,49.46120689655172,928,202,3.4653465346534658,0.0,96.53465346534654,24.583333333333332
USDJPY,fade2.5/25 h4,60,50,design,49.46120689655172,928,721,0.0,0.0,100.0,
USDJPY,fade2.5/25 h4,60,50,hold,49.46120689655172,928,192,0.0,0.0,100.0,
USDJPY,fade2.5/25 h4,60,75,design,49.46120689655172,928,721,0.0,0.0,100.0,
USDJPY,fade2.5/25 h4,60,75,hold,49.46120689655172,928,192,0.0,0.0,100.0,
USDJPY,fade2.5/25 h4,60,100,design,49.46120689655172,928,721,0.0,0.0,100.0,
USDJPY,fade2.5/25 h4,60,100,hold,49.46120689655172,928,192,0.0,0.0,100.0,
USDJPY,fade2.5/25 h4,60,125,design,49.46120689655172,928,721,0.4160887656033287,0.0,99.58391123439667,42.458333333333336
USDJPY,fade2.5/25 h4,60,125,hold,49.46120689655172,928,192,0.5208333333333333,0.0,99.47916666666666,28.791666666666668
USDJPY,fade2.5/25 h4,60,150,design,49.46120689655172,928,721,1.6643550624133148,0.0,98.3356449375867,40.0625
USDJPY,fade2.5/25 h4,60,150,hold,49.46120689655172,928,192,1.0416666666666665,0.0,98.95833333333334,29.645833333333336
USDJPY,fade2.5/25 h4,60,200,design,49.46120689655172,928,721,2.3578363384188625,1.9417475728155338,95.7004160887656,37.666666666666664
USDJPY,fade2.5/25 h4,60,200,hold,49.46120689655172,928,192,7.8125,0.0,92.1875,32.0
USDJPY,fade2.5/25 h4,90,50,design,49.46120689655172,928,721,0.0,0.0,100.0,
USDJPY,fade2.5/25 h4,90,50,hold,49.46120689655172,928,182,0.0,0.0,100.0,
USDJPY,fade2.5/25 h4,90,75,design,49.46120689655172,928,721,0.0,0.0,100.0,
USDJPY,fade2.5/25 h4,90,75,hold,49.46120689655172,928,182,0.0,0.0,100.0,
USDJPY,fade2.5/25 h4,90,100,design,49.46120689655172,928,721,0.13869625520110956,0.0,99.86130374479889,87.45833333333333
USDJPY,fade2.5/25 h4,90,100,hold,49.46120689655172,928,182,0.0,0.0,100.0,
USDJPY,fade2.5/25 h4,90,125,design,49.46120689655172,928,721,1.6643550624133148,0.0,98.3356449375867,72.16666666666667
USDJPY,fade2.5/25 h4,90,125,hold,49.46120689655172,928,182,0.0,0.0,100.0,
USDJPY,fade2.5/25 h4,90,150,design,49.46120689655172,928,721,3.467406380027739,1.3869625520110958,95.14563106796116,60.458333333333336
USDJPY,fade2.5/25 h4,90,150,hold,49.46120689655172,928,182,1.6483516483516485,0.0,98.35164835164835,79.79166666666667
USDJPY,fade2.5/25 h4,90,200,design,49.46120689655172,928,721,6.51872399445215,4.993065187239944,88.4882108183079,68.58333333333333
USDJPY,fade2.5/25 h4,90,200,hold,49.46120689655172,928,182,9.89010989010989,0.0,90.10989010989012,65.6875
USDJPY,fade2.5/25 h4,365,50,design,49.46120689655172,928,721,0.0,0.0,100.0,
USDJPY,fade2.5/25 h4,365,50,hold,49.46120689655172,928,122,0.0,0.0,100.0,
USDJPY,fade2.5/25 h4,365,75,design,49.46120689655172,928,721,4.993065187239944,0.0,95.00693481276005,315.625
USDJPY,fade2.5/25 h4,365,75,hold,49.46120689655172,928,122,0.0,0.0,100.0,
USDJPY,fade2.5/25 h4,365,100,design,49.46120689655172,928,721,14.701803051317613,3.19001386962552,82.10818307905686,273.85416666666663
USDJPY,fade2.5/25 h4,365,100,hold,49.46120689655172,928,122,0.0,0.0,100.0,
USDJPY,fade2.5/25 h4,365,125,design,49.46120689655172,928,721,24.965325936199722,11.234396671289876,63.80027739251041,229.52083333333334
USDJPY,fade2.5/25 h4,365,125,hold,49.46120689655172,928,122,0.0,0.0,100.0,
USDJPY,fade2.5/25 h4,365,150,design,49.46120689655172,928,721,29.403606102635226,20.388349514563107,50.20804438280167,191.35416666666669
USDJPY,fade2.5/25 h4,365,150,hold,49.46120689655172,928,122,1.639344262295082,0.0,98.36065573770492,363.2083333333333
USDJPY,fade2.5/25 h4,365,200,design,49.46120689655172,928,721,39.528432732316226,25.104022191400833,35.367545076282944,164.29166666666666
USDJPY,fade2.5/25 h4,365,200,hold,49.46120689655172,928,122,24.59016393442623,0.0,75.40983606557377,220.875
USDJPY,fade2.5/25 h8,30,50,design,47.08520179372198,892,721,0.0,0.0,100.0,
USDJPY,fade2.5/25 h8,30,50,hold,47.08520179372198,892,202,0.0,0.0,100.0,
USDJPY,fade2.5/25 h8,30,75,design,47.08520179372198,892,721,0.0,0.0,100.0,
USDJPY,fade2.5/25 h8,30,75,hold,47.08520179372198,892,202,0.0,0.0,100.0,
USDJPY,fade2.5/25 h8,30,100,design,47.08520179372198,892,721,0.0,0.0,100.0,
USDJPY,fade2.5/25 h8,30,100,hold,47.08520179372198,892,202,0.0,0.0,100.0,
USDJPY,fade2.5/25 h8,30,125,design,47.08520179372198,892,721,0.27739251040221913,0.0,99.72260748959778,26.125
USDJPY,fade2.5/25 h8,30,125,hold,47.08520179372198,892,202,0.49504950495049505,0.0,99.5049504950495,0.75
USDJPY,fade2.5/25 h8,30,150,design,47.08520179372198,892,721,0.6934812760055479,0.0,99.30651872399446,26.833333333333332
USDJPY,fade2.5/25 h8,30,150,hold,47.08520179372198,892,202,0.9900990099009901,0.0,99.00990099009901,14.104166666666666
USDJPY,fade2.5/25 h8,30,200,design,47.08520179372198,892,721,5.9639389736477115,1.1095700416088765,92.92649098474341,22.833333333333332
USDJPY,fade2.5/25 h8,30,200,hold,47.08520179372198,892,202,10.396039603960396,0.0,89.60396039603961,21.75
USDJPY,fade2.5/25 h8,60,50,design,47.08520179372198,892,721,0.0,0.0,100.0,
USDJPY,fade2.5/25 h8,60,50,hold,47.08520179372198,892,192,0.0,0.0,100.0,
USDJPY,fade2.5/25 h8,60,75,design,47.08520179372198,892,721,0.0,0.0,100.0,
USDJPY,fade2.5/25 h8,60,75,hold,47.08520179372198,892,192,0.0,0.0,100.0,
USDJPY,fade2.5/25 h8,60,100,design,47.08520179372198,892,721,0.9708737864077669,0.4160887656033287,98.6130374479889,48.625
USDJPY,fade2.5/25 h8,60,100,hold,47.08520179372198,892,192,0.0,0.0,100.0,
USDJPY,fade2.5/25 h8,60,125,design,47.08520179372198,892,721,2.219140083217753,1.3869625520110958,96.39389736477115,45.333333333333336
USDJPY,fade2.5/25 h8,60,125,hold,47.08520179372198,892,192,0.5208333333333333,0.0,99.47916666666666,0.75
USDJPY,fade2.5/25 h8,60,150,design,47.08520179372198,892,721,5.547850208044383,2.496532593619972,91.95561719833564,48.770833333333336
USDJPY,fade2.5/25 h8,60,150,hold,47.08520179372198,892,192,6.770833333333333,0.0,93.22916666666666,50.041666666666664
USDJPY,fade2.5/25 h8,60,200,design,47.08520179372198,892,721,16.36615811373093,8.460471567267684,75.17337031900139,36.354166666666664
USDJPY,fade2.5/25 h8,60,200,hold,47.08520179372198,892,192,22.395833333333336,2.604166666666667,75.0,31.0
USDJPY,fade2.5/25 h8,90,50,design,47.08520179372198,892,721,0.0,0.0,100.0,
USDJPY,fade2.5/25 h8,90,50,hold,47.08520179372198,892,182,0.0,0.0,100.0,
USDJPY,fade2.5/25 h8,90,75,design,47.08520179372198,892,721,0.4160887656033287,0.0,99.58391123439667,78.625
USDJPY,fade2.5/25 h8,90,75,hold,47.08520179372198,892,182,0.0,0.0,100.0,
USDJPY,fade2.5/25 h8,90,100,design,47.08520179372198,892,721,3.3287101248266295,1.8030513176144243,94.86823855755895,70.70833333333333
USDJPY,fade2.5/25 h8,90,100,hold,47.08520179372198,892,182,0.0,0.0,100.0,
USDJPY,fade2.5/25 h8,90,125,design,47.08520179372198,892,721,4.993065187239944,2.912621359223301,92.09431345353676,61.60416666666667
USDJPY,fade2.5/25 h8,90,125,hold,47.08520179372198,892,182,1.098901098901099,0.0,98.9010989010989,79.95833333333333
USDJPY,fade2.5/25 h8,90,150,design,47.08520179372198,892,721,9.43134535367545,6.657420249653259,83.91123439667129,55.6875
USDJPY,fade2.5/25 h8,90,150,hold,47.08520179372198,892,182,14.285714285714285,5.4945054945054945,80.21978021978022,61.25
USDJPY,fade2.5/25 h8,90,200,design,47.08520179372198,892,721,23.578363384188627,13.730929264909847,62.69070735090153,45.0
USDJPY,fade2.5/25 h8,90,200,hold,47.08520179372198,892,182,21.428571428571427,18.13186813186813,60.43956043956044,39.458333333333336
USDJPY,fade2.5/25 h8,365,50,design,47.08520179372198,892,721,0.0,0.0,100.0,
USDJPY,fade2.5/25 h8,365,50,hold,47.08520179372198,892,122,0.0,0.0,100.0,
USDJPY,fade2.5/25 h8,365,75,design,47.08520179372198,892,721,11.373092926490985,7.489597780859916,81.13730929264909,266.0625
USDJPY,fade2.5/25 h8,365,75,hold,47.08520179372198,892,122,0.0,0.0,100.0,
USDJPY,fade2.5/25 h8,365,100,design,47.08520179372198,892,721,22.191400832177532,11.927877947295423,65.88072122052705,226.39583333333334
USDJPY,fade2.5/25 h8,365,100,hold,47.08520179372198,892,122,0.0,0.0,100.0,
USDJPY,fade2.5/25 h8,365,125,design,47.08520179372198,892,721,30.097087378640776,10.957004160887656,58.945908460471564,160.83333333333334
USDJPY,fade2.5/25 h8,365,125,hold,47.08520179372198,892,122,1.639344262295082,43.44262295081967,54.91803278688525,79.95833333333333
USDJPY,fade2.5/25 h8,365,150,design,47.08520179372198,892,721,39.1123439667129,34.25797503467407,26.629680998613036,146.64583333333331
USDJPY,fade2.5/25 h8,365,150,hold,47.08520179372198,892,122,18.0327868852459,74.59016393442623,7.377049180327869,67.95833333333333
USDJPY,fade2.5/25 h8,365,200,design,47.08520179372198,892,721,51.17891816920943,41.33148404993065,7.489597780859916,97.79166666666667
USDJPY,fade2.5/25 h8,365,200,hold,47.08520179372198,892,122,29.508196721311474,67.21311475409836,3.278688524590164,52.1875
USDJPY,fade3.0/20 h4 L,30,50,design,54.90196078431373,153,721,0.0,0.0,100.0,
USDJPY,fade3.0/20 h4 L,30,50,hold,54.90196078431373,153,193,0.0,0.0,100.0,
USDJPY,fade3.0/20 h4 L,30,75,design,54.90196078431373,153,721,0.0,0.0,100.0,
USDJPY,fade3.0/20 h4 L,30,75,hold,54.90196078431373,153,193,0.0,0.0,100.0,
USDJPY,fade3.0/20 h4 L,30,100,design,54.90196078431373,153,721,0.0,0.0,100.0,
USDJPY,fade3.0/20 h4 L,30,100,hold,54.90196078431373,153,193,0.0,0.0,100.0,
USDJPY,fade3.0/20 h4 L,30,125,design,54.90196078431373,153,721,0.0,0.0,100.0,
USDJPY,fade3.0/20 h4 L,30,125,hold,54.90196078431373,153,193,0.0,0.0,100.0,
USDJPY,fade3.0/20 h4 L,30,150,design,54.90196078431373,153,721,0.0,0.0,100.0,
USDJPY,fade3.0/20 h4 L,30,150,hold,54.90196078431373,153,193,0.0,0.0,100.0,
USDJPY,fade3.0/20 h4 L,30,200,design,54.90196078431373,153,721,0.0,0.0,100.0,
USDJPY,fade3.0/20 h4 L,30,200,hold,54.90196078431373,153,193,0.0,0.0,100.0,
USDJPY,fade3.0/20 h4 L,60,50,design,54.90196078431373,153,721,0.0,0.0,100.0,
USDJPY,fade3.0/20 h4 L,60,50,hold,54.90196078431373,153,183,0.0,0.0,100.0,
USDJPY,fade3.0/20 h4 L,60,75,design,54.90196078431373,153,721,0.0,0.0,100.0,
USDJPY,fade3.0/20 h4 L,60,75,hold,54.90196078431373,153,183,0.0,0.0,100.0,
USDJPY,fade3.0/20 h4 L,60,100,design,54.90196078431373,153,721,0.0,0.0,100.0,
USDJPY,fade3.0/20 h4 L,60,100,hold,54.90196078431373,153,183,0.0,0.0,100.0,
USDJPY,fade3.0/20 h4 L,60,125,design,54.90196078431373,153,721,0.0,0.0,100.0,
USDJPY,fade3.0/20 h4 L,60,125,hold,54.90196078431373,153,183,0.0,0.0,100.0,
USDJPY,fade3.0/20 h4 L,60,150,design,54.90196078431373,153,721,0.0,0.0,100.0,
USDJPY,fade3.0/20 h4 L,60,150,hold,54.90196078431373,153,183,0.0,0.0,100.0,
USDJPY,fade3.0/20 h4 L,60,200,design,54.90196078431373,153,721,0.0,0.0,100.0,
USDJPY,fade3.0/20 h4 L,60,200,hold,54.90196078431373,153,183,0.0,0.0,100.0,
USDJPY,fade3.0/20 h4 L,90,50,design,54.90196078431373,153,721,0.0,0.0,100.0,
USDJPY,fade3.0/20 h4 L,90,50,hold,54.90196078431373,153,173,0.0,0.0,100.0,
USDJPY,fade3.0/20 h4 L,90,75,design,54.90196078431373,153,721,0.0,0.0,100.0,
USDJPY,fade3.0/20 h4 L,90,75,hold,54.90196078431373,153,173,0.0,0.0,100.0,
USDJPY,fade3.0/20 h4 L,90,100,design,54.90196078431373,153,721,0.0,0.0,100.0,
USDJPY,fade3.0/20 h4 L,90,100,hold,54.90196078431373,153,173,0.0,0.0,100.0,
USDJPY,fade3.0/20 h4 L,90,125,design,54.90196078431373,153,721,0.0,0.0,100.0,
USDJPY,fade3.0/20 h4 L,90,125,hold,54.90196078431373,153,173,0.0,0.0,100.0,
USDJPY,fade3.0/20 h4 L,90,150,design,54.90196078431373,153,721,0.0,0.0,100.0,
USDJPY,fade3.0/20 h4 L,90,150,hold,54.90196078431373,153,173,0.0,0.0,100.0,
USDJPY,fade3.0/20 h4 L,90,200,design,54.90196078431373,153,721,0.0,0.0,100.0,
USDJPY,fade3.0/20 h4 L,90,200,hold,54.90196078431373,153,173,0.0,0.0,100.0,
USDJPY,fade3.0/20 h4 L,365,50,design,54.90196078431373,153,721,0.0,0.0,100.0,
USDJPY,fade3.0/20 h4 L,365,50,hold,54.90196078431373,153,113,0.0,0.0,100.0,
USDJPY,fade3.0/20 h4 L,365,75,design,54.90196078431373,153,721,0.0,0.0,100.0,
USDJPY,fade3.0/20 h4 L,365,75,hold,54.90196078431373,153,113,0.0,0.0,100.0,
USDJPY,fade3.0/20 h4 L,365,100,design,54.90196078431373,153,721,0.0,0.0,100.0,
USDJPY,fade3.0/20 h4 L,365,100,hold,54.90196078431373,153,113,0.0,0.0,100.0,
USDJPY,fade3.0/20 h4 L,365,125,design,54.90196078431373,153,721,0.0,0.0,100.0,
USDJPY,fade3.0/20 h4 L,365,125,hold,54.90196078431373,153,113,0.0,0.0,100.0,
USDJPY,fade3.0/20 h4 L,365,150,design,54.90196078431373,153,721,0.0,0.0,100.0,
USDJPY,fade3.0/20 h4 L,365,150,hold,54.90196078431373,153,113,0.0,0.0,100.0,
USDJPY,fade3.0/20 h4 L,365,200,design,54.90196078431373,153,721,1.3869625520110958,0.0,98.6130374479889,334.0
USDJPY,fade3.0/20 h4 L,365,200,hold,54.90196078431373,153,113,0.0,0.0,100.0,
USDJPY,fade3.0/20 h8 L,30,50,design,49.668874172185426,151,721,0.0,0.0,100.0,
USDJPY,fade3.0/20 h8 L,30,50,hold,49.668874172185426,151,193,0.0,0.0,100.0,
USDJPY,fade3.0/20 h8 L,30,75,design,49.668874172185426,151,721,0.0,0.0,100.0,
USDJPY,fade3.0/20 h8 L,30,75,hold,49.668874172185426,151,193,0.0,0.0,100.0,
USDJPY,fade3.0/20 h8 L,30,100,design,49.668874172185426,151,721,0.0,0.0,100.0,
USDJPY,fade3.0/20 h8 L,30,100,hold,49.668874172185426,151,193,0.0,0.0,100.0,
USDJPY,fade3.0/20 h8 L,30,125,design,49.668874172185426,151,721,0.0,0.0,100.0,
USDJPY,fade3.0/20 h8 L,30,125,hold,49.668874172185426,151,193,0.0,0.0,100.0,
USDJPY,fade3.0/20 h8 L,30,150,design,49.668874172185426,151,721,0.0,0.0,100.0,
USDJPY,fade3.0/20 h8 L,30,150,hold,49.668874172185426,151,193,0.0,0.0,100.0,
USDJPY,fade3.0/20 h8 L,30,200,design,49.668874172185426,151,721,0.0,0.0,100.0,
USDJPY,fade3.0/20 h8 L,30,200,hold,49.668874172185426,151,193,0.0,0.0,100.0,
USDJPY,fade3.0/20 h8 L,60,50,design,49.668874172185426,151,721,0.0,0.0,100.0,
USDJPY,fade3.0/20 h8 L,60,50,hold,49.668874172185426,151,183,0.0,0.0,100.0,
USDJPY,fade3.0/20 h8 L,60,75,design,49.668874172185426,151,721,0.0,0.0,100.0,
USDJPY,fade3.0/20 h8 L,60,75,hold,49.668874172185426,151,183,0.0,0.0,100.0,
USDJPY,fade3.0/20 h8 L,60,100,design,49.668874172185426,151,721,0.0,0.0,100.0,
USDJPY,fade3.0/20 h8 L,60,100,hold,49.668874172185426,151,183,0.0,0.0,100.0,
USDJPY,fade3.0/20 h8 L,60,125,design,49.668874172185426,151,721,0.0,0.0,100.0,
USDJPY,fade3.0/20 h8 L,60,125,hold,49.668874172185426,151,183,0.0,0.0,100.0,
USDJPY,fade3.0/20 h8 L,60,150,design,49.668874172185426,151,721,0.0,0.0,100.0,
USDJPY,fade3.0/20 h8 L,60,150,hold,49.668874172185426,151,183,0.0,0.0,100.0,
USDJPY,fade3.0/20 h8 L,60,200,design,49.668874172185426,151,721,1.248266296809986,0.0,98.75173370319001,48.875
USDJPY,fade3.0/20 h8 L,60,200,hold,49.668874172185426,151,183,0.0,0.0,100.0,
USDJPY,fade3.0/20 h8 L,90,50,design,49.668874172185426,151,721,0.0,0.0,100.0,
USDJPY,fade3.0/20 h8 L,90,50,hold,49.668874172185426,151,173,0.0,0.0,100.0,
USDJPY,fade3.0/20 h8 L,90,75,design,49.668874172185426,151,721,0.0,0.0,100.0,
USDJPY,fade3.0/20 h8 L,90,75,hold,49.668874172185426,151,173,0.0,0.0,100.0,
USDJPY,fade3.0/20 h8 L,90,100,design,49.668874172185426,151,721,0.0,0.0,100.0,
USDJPY,fade3.0/20 h8 L,90,100,hold,49.668874172185426,151,173,0.0,0.0,100.0,
USDJPY,fade3.0/20 h8 L,90,125,design,49.668874172185426,151,721,0.0,0.0,100.0,
USDJPY,fade3.0/20 h8 L,90,125,hold,49.668874172185426,151,173,0.0,0.0,100.0,
USDJPY,fade3.0/20 h8 L,90,150,design,49.668874172185426,151,721,0.0,0.0,100.0,
USDJPY,fade3.0/20 h8 L,90,150,hold,49.668874172185426,151,173,0.0,0.0,100.0,
USDJPY,fade3.0/20 h8 L,90,200,design,49.668874172185426,151,721,2.0804438280166435,0.0,97.91955617198336,54.833333333333336
USDJPY,fade3.0/20 h8 L,90,200,hold,49.668874172185426,151,173,0.0,0.0,100.0,
USDJPY,fade3.0/20 h8 L,365,50,design,49.668874172185426,151,721,0.0,0.0,100.0,
USDJPY,fade3.0/20 h8 L,365,50,hold,49.668874172185426,151,113,0.0,0.0,100.0,
USDJPY,fade3.0/20 h8 L,365,75,design,49.668874172185426,151,721,0.0,0.0,100.0,
USDJPY,fade3.0/20 h8 L,365,75,hold,49.668874172185426,151,113,0.0,0.0,100.0,
USDJPY,fade3.0/20 h8 L,365,100,design,49.668874172185426,151,721,0.0,0.0,100.0,
USDJPY,fade3.0/20 h8 L,365,100,hold,49.668874172185426,151,113,0.0,0.0,100.0,
USDJPY,fade3.0/20 h8 L,365,125,design,49.668874172185426,151,721,0.0,0.0,100.0,
USDJPY,fade3.0/20 h8 L,365,125,hold,49.668874172185426,151,113,0.0,0.0,100.0,
USDJPY,fade3.0/20 h8 L,365,150,design,49.668874172185426,151,721,1.6643550624133148,0.0,98.3356449375867,350.375
USDJPY,fade3.0/20 h8 L,365,150,hold,49.668874172185426,151,113,0.0,0.0,100.0,
USDJPY,fade3.0/20 h8 L,365,200,design,49.668874172185426,151,721,11.373092926490985,6.934812760055478,81.69209431345354,275.375
USDJPY,fade3.0/20 h8 L,365,200,hold,49.668874172185426,151,113,0.0,0.0,100.0,
USDJPY,fade2.5/25 h4 L,30,50,design,55.00000000000001,480,721,0.0,0.0,100.0,
USDJPY,fade2.5/25 h4 L,30,50,hold,55.00000000000001,480,199,0.0,0.0,100.0,
USDJPY,fade2.5/25 h4 L,30,75,design,55.00000000000001,480,721,0.0,0.0,100.0,
USDJPY,fade2.5/25 h4 L,30,75,hold,55.00000000000001,480,199,0.0,0.0,100.0,
USDJPY,fade2.5/25 h4 L,30,100,design,55.00000000000001,480,721,0.0,0.0,100.0,
USDJPY,fade2.5/25 h4 L,30,100,hold,55.00000000000001,480,199,0.0,0.0,100.0,
USDJPY,fade2.5/25 h4 L,30,125,design,55.00000000000001,480,721,0.0,0.0,100.0,
USDJPY,fade2.5/25 h4 L,30,125,hold,55.00000000000001,480,199,0.0,0.0,100.0,
USDJPY,fade2.5/25 h4 L,30,150,design,55.00000000000001,480,721,0.0,0.0,100.0,
USDJPY,fade2.5/25 h4 L,30,150,hold,55.00000000000001,480,199,0.0,0.0,100.0,
USDJPY,fade2.5/25 h4 L,30,200,design,55.00000000000001,480,721,0.0,0.0,100.0,
USDJPY,fade2.5/25 h4 L,30,200,hold,55.00000000000001,480,199,0.0,0.0,100.0,
USDJPY,fade2.5/25 h4 L,60,50,design,55.00000000000001,480,721,0.0,0.0,100.0,
USDJPY,fade2.5/25 h4 L,60,50,hold,55.00000000000001,480,189,0.0,0.0,100.0,
USDJPY,fade2.5/25 h4 L,60,75,design,55.00000000000001,480,721,0.0,0.0,100.0,
USDJPY,fade2.5/25 h4 L,60,75,hold,55.00000000000001,480,189,0.0,0.0,100.0,
USDJPY,fade2.5/25 h4 L,60,100,design,55.00000000000001,480,721,0.0,0.0,100.0,
USDJPY,fade2.5/25 h4 L,60,100,hold,55.00000000000001,480,189,0.0,0.0,100.0,
USDJPY,fade2.5/25 h4 L,60,125,design,55.00000000000001,480,721,0.0,0.0,100.0,
USDJPY,fade2.5/25 h4 L,60,125,hold,55.00000000000001,480,189,0.0,0.0,100.0,
USDJPY,fade2.5/25 h4 L,60,150,design,55.00000000000001,480,721,0.0,0.0,100.0,
USDJPY,fade2.5/25 h4 L,60,150,hold,55.00000000000001,480,189,0.0,0.0,100.0,
USDJPY,fade2.5/25 h4 L,60,200,design,55.00000000000001,480,721,0.13869625520110956,0.0,99.86130374479889,40.666666666666664
USDJPY,fade2.5/25 h4 L,60,200,hold,55.00000000000001,480,189,0.0,0.0,100.0,
USDJPY,fade2.5/25 h4 L,90,50,design,55.00000000000001,480,721,0.0,0.0,100.0,
USDJPY,fade2.5/25 h4 L,90,50,hold,55.00000000000001,480,179,0.0,0.0,100.0,
USDJPY,fade2.5/25 h4 L,90,75,design,55.00000000000001,480,721,0.0,0.0,100.0,
USDJPY,fade2.5/25 h4 L,90,75,hold,55.00000000000001,480,179,0.0,0.0,100.0,
USDJPY,fade2.5/25 h4 L,90,100,design,55.00000000000001,480,721,0.0,0.0,100.0,
USDJPY,fade2.5/25 h4 L,90,100,hold,55.00000000000001,480,179,0.0,0.0,100.0,
USDJPY,fade2.5/25 h4 L,90,125,design,55.00000000000001,480,721,0.0,0.0,100.0,
USDJPY,fade2.5/25 h4 L,90,125,hold,55.00000000000001,480,179,0.0,0.0,100.0,
USDJPY,fade2.5/25 h4 L,90,150,design,55.00000000000001,480,721,0.0,0.0,100.0,
USDJPY,fade2.5/25 h4 L,90,150,hold,55.00000000000001,480,179,0.0,0.0,100.0,
USDJPY,fade2.5/25 h4 L,90,200,design,55.00000000000001,480,721,0.8321775312066574,0.0,99.16782246879335,84.77083333333334
USDJPY,fade2.5/25 h4 L,90,200,hold,55.00000000000001,480,179,0.0,0.0,100.0,
USDJPY,fade2.5/25 h4 L,365,50,design,55.00000000000001,480,721,0.0,0.0,100.0,
USDJPY,fade2.5/25 h4 L,365,50,hold,55.00000000000001,480,119,0.0,0.0,100.0,
USDJPY,fade2.5/25 h4 L,365,75,design,55.00000000000001,480,721,0.13869625520110956,0.0,99.86130374479889,364.4583333333333
USDJPY,fade2.5/25 h4 L,365,75,hold,55.00000000000001,480,119,0.0,0.0,100.0,
USDJPY,fade2.5/25 h4 L,365,100,design,55.00000000000001,480,721,13.592233009708737,0.0,86.40776699029125,320.54166666666663
USDJPY,fade2.5/25 h4 L,365,100,hold,55.00000000000001,480,119,0.0,0.0,100.0,
USDJPY,fade2.5/25 h4 L,365,125,design,55.00000000000001,480,721,27.323162274618586,0.0,72.67683772538142,275.4583333333333
USDJPY,fade2.5/25 h4 L,365,125,hold,55.00000000000001,480,119,0.0,0.0,100.0,
USDJPY,fade2.5/25 h4 L,365,150,design,55.00000000000001,480,721,34.25797503467407,0.0,65.74202496532594,229.45833333333334
USDJPY,fade2.5/25 h4 L,365,150,hold,55.00000000000001,480,119,0.0,0.0,100.0,
USDJPY,fade2.5/25 h4 L,365,200,design,55.00000000000001,480,721,39.66712898751734,11.234396671289876,49.09847434119279,177.10416666666666
USDJPY,fade2.5/25 h4 L,365,200,hold,55.00000000000001,480,119,0.0,2.5210084033613445,97.47899159663865,
USDJPY,fade2.5/25 h8 L,30,50,design,51.61290322580645,465,721,0.0,0.0,100.0,
USDJPY,fade2.5/25 h8 L,30,50,hold,51.61290322580645,465,199,0.0,0.0,100.0,
USDJPY,fade2.5/25 h8 L,30,75,design,51.61290322580645,465,721,0.0,0.0,100.0,
USDJPY,fade2.5/25 h8 L,30,75,hold,51.61290322580645,465,199,0.0,0.0,100.0,
USDJPY,fade2.5/25 h8 L,30,100,design,51.61290322580645,465,721,0.0,0.0,100.0,
USDJPY,fade2.5/25 h8 L,30,100,hold,51.61290322580645,465,199,0.0,0.0,100.0,
USDJPY,fade2.5/25 h8 L,30,125,design,51.61290322580645,465,721,0.0,0.0,100.0,
USDJPY,fade2.5/25 h8 L,30,125,hold,51.61290322580645,465,199,0.0,0.0,100.0,
USDJPY,fade2.5/25 h8 L,30,150,design,51.61290322580645,465,721,0.0,0.0,100.0,
USDJPY,fade2.5/25 h8 L,30,150,hold,51.61290322580645,465,199,0.0,0.0,100.0,
USDJPY,fade2.5/25 h8 L,30,200,design,51.61290322580645,465,721,1.248266296809986,0.0,98.75173370319001,25.625
USDJPY,fade2.5/25 h8 L,30,200,hold,51.61290322580645,465,199,0.0,0.0,100.0,
USDJPY,fade2.5/25 h8 L,60,50,design,51.61290322580645,465,721,0.0,0.0,100.0,
USDJPY,fade2.5/25 h8 L,60,50,hold,51.61290322580645,465,189,0.0,0.0,100.0,
USDJPY,fade2.5/25 h8 L,60,75,design,51.61290322580645,465,721,0.0,0.0,100.0,
USDJPY,fade2.5/25 h8 L,60,75,hold,51.61290322580645,465,189,0.0,0.0,100.0,
USDJPY,fade2.5/25 h8 L,60,100,design,51.61290322580645,465,721,0.0,0.0,100.0,
USDJPY,fade2.5/25 h8 L,60,100,hold,51.61290322580645,465,189,0.0,0.0,100.0,
USDJPY,fade2.5/25 h8 L,60,125,design,51.61290322580645,465,721,0.0,0.0,100.0,
USDJPY,fade2.5/25 h8 L,60,125,hold,51.61290322580645,465,189,0.0,0.0,100.0,
USDJPY,fade2.5/25 h8 L,60,150,design,51.61290322580645,465,721,0.4160887656033287,0.0,99.58391123439667,55.875
USDJPY,fade2.5/25 h8 L,60,150,hold,51.61290322580645,465,189,0.0,0.0,100.0,
USDJPY,fade2.5/25 h8 L,60,200,design,51.61290322580645,465,721,8.460471567267684,1.1095700416088765,90.42995839112345,40.916666666666664
USDJPY,fade2.5/25 h8 L,60,200,hold,51.61290322580645,465,189,0.0,0.0,100.0,
USDJPY,fade2.5/25 h8 L,90,50,design,51.61290322580645,465,721,0.0,0.0,100.0,
USDJPY,fade2.5/25 h8 L,90,50,hold,51.61290322580645,465,179,0.0,0.0,100.0,
USDJPY,fade2.5/25 h8 L,90,75,design,51.61290322580645,465,721,0.0,0.0,100.0,
USDJPY,fade2.5/25 h8 L,90,75,hold,51.61290322580645,465,179,0.0,0.0,100.0,
USDJPY,fade2.5/25 h8 L,90,100,design,51.61290322580645,465,721,0.9708737864077669,0.0,99.02912621359224,86.625
USDJPY,fade2.5/25 h8 L,90,100,hold,51.61290322580645,465,179,0.0,0.0,100.0,
USDJPY,fade2.5/25 h8 L,90,125,design,51.61290322580645,465,721,2.496532593619972,0.0,97.50346740638003,81.47916666666666
USDJPY,fade2.5/25 h8 L,90,125,hold,51.61290322580645,465,179,0.0,0.0,100.0,
USDJPY,fade2.5/25 h8 L,90,150,design,51.61290322580645,465,721,6.38002773925104,0.0,93.61997226074897,71.3125
USDJPY,fade2.5/25 h8 L,90,150,hold,51.61290322580645,465,179,0.0,0.0,100.0,
USDJPY,fade2.5/25 h8 L,90,200,design,51.61290322580645,465,721,16.22746185852982,3.8834951456310676,79.8890429958391,57.166666666666664
USDJPY,fade2.5/25 h8 L,90,200,hold,51.61290322580645,465,179,0.0,0.0,100.0,
USDJPY,fade2.5/25 h8 L,365,50,design,51.61290322580645,465,721,3.0513176144244105,0.0,96.9486823855756,330.22916666666663
USDJPY,fade2.5/25 h8 L,365,50,hold,51.61290322580645,465,119,0.0,0.0,100.0,
USDJPY,fade2.5/25 h8 L,365,75,design,51.61290322580645,465,721,15.256588072122051,0.0,84.74341192787794,252.66666666666669
USDJPY,fade2.5/25 h8 L,365,75,hold,51.61290322580645,465,119,0.0,0.0,100.0,
USDJPY,fade2.5/25 h8 L,365,100,design,51.61290322580645,465,721,25.79750346740638,0.0,74.20249653259361,228.0
USDJPY,fade2.5/25 h8 L,365,100,hold,51.61290322580645,465,119,0.0,0.0,100.0,
USDJPY,fade2.5/25 h8 L,365,125,design,51.61290322580645,465,721,38.97364771151179,0.0,61.026352288488205,219.625
USDJPY,fade2.5/25 h8 L,365,125,hold,51.61290322580645,465,119,0.0,41.17647058823529,58.82352941176471,
USDJPY,fade2.5/25 h8 L,365,150,design,51.61290322580645,465,721,47.295423023578365,1.5256588072122053,51.17891816920943,195.66666666666666
USDJPY,fade2.5/25 h8 L,365,150,hold,51.61290322580645,465,119,0.0,47.89915966386555,52.10084033613446,
USDJPY,fade2.5/25 h8 L,365,200,design,51.61290322580645,465,721,61.99722607489597,15.117891816920942,22.88488210818308,142.375
USDJPY,fade2.5/25 h8 L,365,200,hold,51.61290322580645,465,119,0.0,78.15126050420169,21.84873949579832,
USDJPY,mom rsi70 h8,30,50,design,48.23529411764706,765,721,0.0,0.0,100.0,
USDJPY,mom rsi70 h8,30,50,hold,48.23529411764706,765,202,0.0,0.0,100.0,
USDJPY,mom rsi70 h8,30,75,design,48.23529411764706,765,721,0.0,0.0,100.0,
USDJPY,mom rsi70 h8,30,75,hold,48.23529411764706,765,202,0.0,0.0,100.0,
USDJPY,mom rsi70 h8,30,100,design,48.23529411764706,765,721,0.0,0.0,100.0,
USDJPY,mom rsi70 h8,30,100,hold,48.23529411764706,765,202,0.0,0.0,100.0,
USDJPY,mom rsi70 h8,30,125,design,48.23529411764706,765,721,0.8321775312066574,0.0,99.16782246879335,21.041666666666668
USDJPY,mom rsi70 h8,30,125,hold,48.23529411764706,765,202,0.49504950495049505,0.0,99.5049504950495,28.458333333333332
USDJPY,mom rsi70 h8,30,150,design,48.23529411764706,765,721,1.5256588072122053,0.0,98.47434119278779,25.541666666666668
USDJPY,mom rsi70 h8,30,150,hold,48.23529411764706,765,202,0.49504950495049505,0.0,99.5049504950495,27.541666666666668
USDJPY,mom rsi70 h8,30,200,design,48.23529411764706,765,721,3.6061026352288486,0.5547850208044383,95.83911234396672,20.895833333333332
USDJPY,mom rsi70 h8,30,200,hold,48.23529411764706,765,202,9.405940594059405,0.49504950495049505,90.0990099009901,22.458333333333332
USDJPY,mom rsi70 h8,60,50,design,48.23529411764706,765,721,0.0,0.0,100.0,
USDJPY,mom rsi70 h8,60,50,hold,48.23529411764706,765,192,0.0,0.0,100.0,
USDJPY,mom rsi70 h8,60,75,design,48.23529411764706,765,721,0.0,0.0,100.0,
USDJPY,mom rsi70 h8,60,75,hold,48.23529411764706,765,192,0.0,0.0,100.0,
USDJPY,mom rsi70 h8,60,100,design,48.23529411764706,765,721,0.5547850208044383,0.0,99.44521497919555,55.5
USDJPY,mom rsi70 h8,60,100,hold,48.23529411764706,765,192,4.166666666666666,0.0,95.83333333333334,49.25
USDJPY,mom rsi70 h8,60,125,design,48.23529411764706,765,721,3.467406380027739,0.0,96.53259361997226,40.541666666666664
USDJPY,mom rsi70 h8,60,125,hold,48.23529411764706,765,192,6.25,0.5208333333333333,93.22916666666666,42.270833333333336
USDJPY,mom rsi70 h8,60,150,design,48.23529411764706,765,721,6.51872399445215,0.0,93.48127600554785,41.833333333333336
USDJPY,mom rsi70 h8,60,150,hold,48.23529411764706,765,192,8.854166666666668,3.125,88.02083333333334,42.541666666666664
USDJPY,mom rsi70 h8,60,200,design,48.23529411764706,765,721,11.234396671289876,3.467406380027739,85.29819694868237,38.916666666666664
USDJPY,mom rsi70 h8,60,200,hold,48.23529411764706,765,192,24.479166666666664,10.9375,64.58333333333334,35.208333333333336
USDJPY,mom rsi70 h8,90,50,design,48.23529411764706,765,721,0.0,0.0,100.0,
USDJPY,mom rsi70 h8,90,50,hold,48.23529411764706,765,182,0.0,0.0,100.0,
USDJPY,mom rsi70 h8,90,75,design,48.23529411764706,765,721,0.13869625520110956,0.0,99.86130374479889,88.25
USDJPY,mom rsi70 h8,90,75,hold,48.23529411764706,765,182,0.0,0.0,100.0,
USDJPY,mom rsi70 h8,90,100,design,48.23529411764706,765,721,2.0804438280166435,0.0,97.91955617198336,71.29166666666667
USDJPY,mom rsi70 h8,90,100,hold,48.23529411764706,765,182,11.538461538461538,0.0,88.46153846153845,64.45833333333333
USDJPY,mom rsi70 h8,90,125,design,48.23529411764706,765,721,7.628294036061026,0.0,92.37170596393898,61.75
USDJPY,mom rsi70 h8,90,125,hold,48.23529411764706,765,182,12.087912087912088,6.043956043956044,81.86813186813187,56.958333333333336
USDJPY,mom rsi70 h8,90,150,design,48.23529411764706,765,721,10.540915395284326,0.5547850208044383,88.90429958391124,53.5625
USDJPY,mom rsi70 h8,90,150,hold,48.23529411764706,765,182,17.032967032967033,13.736263736263737,69.23076923076923,57.541666666666664
USDJPY,mom rsi70 h8,90,200,design,48.23529411764706,765,721,17.891816920943135,9.153952843273231,72.95423023578364,52.291666666666664
USDJPY,mom rsi70 h8,90,200,hold,48.23529411764706,765,182,36.81318681318682,19.78021978021978,43.40659340659341,47.875
USDJPY,mom rsi70 h8,365,50,design,48.23529411764706,765,721,2.0804438280166435,0.0,97.91955617198336,321.8333333333333
USDJPY,mom rsi70 h8,365,50,hold,48.23529411764706,765,122,0.0,0.0,100.0,
USDJPY,mom rsi70 h8,365,75,design,48.23529411764706,765,721,12.205270457697642,0.0,87.79472954230236,229.60416666666669
USDJPY,mom rsi70 h8,365,75,hold,48.23529411764706,765,122,4.918032786885246,0.0,95.08196721311475,135.70833333333334
USDJPY,mom rsi70 h8,365,100,design,48.23529411764706,765,721,22.330097087378643,4.5769764216366156,73.09292649098474,189.125
USDJPY,mom rsi70 h8,365,100,hold,48.23529411764706,765,122,22.950819672131146,0.0,77.04918032786885,95.95833333333333
USDJPY,mom rsi70 h8,365,125,design,48.23529411764706,765,721,27.739251040221912,23.71705963938974,48.54368932038835,147.3125
USDJPY,mom rsi70 h8,365,125,hold,48.23529411764706,765,122,27.049180327868854,66.39344262295081,6.557377049180328,99.54166666666667
USDJPY,mom rsi70 h8,365,150,design,48.23529411764706,765,721,30.929264909847433,35.64493758668516,33.42579750346741,123.79166666666667
USDJPY,mom rsi70 h8,365,150,hold,48.23529411764706,765,122,36.885245901639344,59.83606557377049,3.278688524590164,107.45833333333333
USDJPY,mom rsi70 h8,365,200,design,48.23529411764706,765,721,34.95145631067961,45.35367545076283,19.694868238557557,89.75
USDJPY,mom rsi70 h8,365,200,hold,48.23529411764706,765,122,51.63934426229508,48.36065573770492,0.0,71.375
USDJPY,mom rsi75 h8,30,50,design,48.51258581235698,437,721,0.0,0.0,100.0,
USDJPY,mom rsi75 h8,30,50,hold,48.51258581235698,437,202,0.0,0.0,100.0,
USDJPY,mom rsi75 h8,30,75,design,48.51258581235698,437,721,0.0,0.0,100.0,
USDJPY,mom rsi75 h8,30,75,hold,48.51258581235698,437,202,0.0,0.0,100.0,
USDJPY,mom rsi75 h8,30,100,design,48.51258581235698,437,721,0.4160887656033287,0.0,99.58391123439667,25.583333333333332
USDJPY,mom rsi75 h8,30,100,hold,48.51258581235698,437,202,0.0,0.0,100.0,
USDJPY,mom rsi75 h8,30,125,design,48.51258581235698,437,721,0.8321775312066574,0.0,99.16782246879335,21.083333333333332
USDJPY,mom rsi75 h8,30,125,hold,48.51258581235698,437,202,0.0,0.0,100.0,
USDJPY,mom rsi75 h8,30,150,design,48.51258581235698,437,721,0.8321775312066574,0.0,99.16782246879335,21.083333333333332
USDJPY,mom rsi75 h8,30,150,hold,48.51258581235698,437,202,0.0,0.0,100.0,
USDJPY,mom rsi75 h8,30,200,design,48.51258581235698,437,721,2.3578363384188625,0.0,97.64216366158114,20.583333333333332
USDJPY,mom rsi75 h8,30,200,hold,48.51258581235698,437,202,2.9702970297029703,0.0,97.02970297029702,27.041666666666664
USDJPY,mom rsi75 h8,60,50,design,48.51258581235698,437,721,0.0,0.0,100.0,
USDJPY,mom rsi75 h8,60,50,hold,48.51258581235698,437,192,0.0,0.0,100.0,
USDJPY,mom rsi75 h8,60,75,design,48.51258581235698,437,721,0.0,0.0,100.0,
USDJPY,mom rsi75 h8,60,75,hold,48.51258581235698,437,192,0.0,0.0,100.0,
USDJPY,mom rsi75 h8,60,100,design,48.51258581235698,437,721,1.8030513176144243,0.0,98.19694868238558,40.583333333333336
USDJPY,mom rsi75 h8,60,100,hold,48.51258581235698,437,192,0.0,0.0,100.0,
USDJPY,mom rsi75 h8,60,125,design,48.51258581235698,437,721,2.219140083217753,0.0,97.78085991678225,36.083333333333336
USDJPY,mom rsi75 h8,60,125,hold,48.51258581235698,437,192,0.0,0.0,100.0,
USDJPY,mom rsi75 h8,60,150,design,48.51258581235698,437,721,2.6352288488210815,0.0,97.36477115117891,40.583333333333336
USDJPY,mom rsi75 h8,60,150,hold,48.51258581235698,437,192,1.0416666666666665,0.0,98.95833333333334,46.75
USDJPY,mom rsi75 h8,60,200,design,48.51258581235698,437,721,6.796116504854369,0.8321775312066574,92.37170596393898,38.916666666666664
USDJPY,mom rsi75 h8,60,200,hold,48.51258581235698,437,192,8.333333333333332,0.0,91.66666666666666,32.583333333333336
USDJPY,mom rsi75 h8,90,50,design,48.51258581235698,437,721,0.0,0.0,100.0,
USDJPY,mom rsi75 h8,90,50,hold,48.51258581235698,437,182,0.0,0.0,100.0,
USDJPY,mom rsi75 h8,90,75,design,48.51258581235698,437,721,0.0,0.0,100.0,
USDJPY,mom rsi75 h8,90,75,hold,48.51258581235698,437,182,0.0,0.0,100.0,
USDJPY,mom rsi75 h8,90,100,design,48.51258581235698,437,721,1.9417475728155338,0.0,98.05825242718447,42.083333333333336
USDJPY,mom rsi75 h8,90,100,hold,48.51258581235698,437,182,0.0,0.0,100.0,
USDJPY,mom rsi75 h8,90,125,design,48.51258581235698,437,721,4.0221914008321775,0.0,95.97780859916783,55.583333333333336
USDJPY,mom rsi75 h8,90,125,hold,48.51258581235698,437,182,1.6483516483516485,0.0,98.35164835164835,81.41666666666667
USDJPY,mom rsi75 h8,90,150,design,48.51258581235698,437,721,5.9639389736477115,0.0,94.03606102635229,62.583333333333336
USDJPY,mom rsi75 h8,90,150,hold,48.51258581235698,437,182,5.4945054945054945,0.0,94.5054945054945,67.91666666666667
USDJPY,mom rsi75 h8,90,200,design,48.51258581235698,437,721,13.314840499306518,2.219140083217753,84.46601941747572,59.729166666666664
USDJPY,mom rsi75 h8,90,200,hold,48.51258581235698,437,182,19.230769230769234,0.0,80.76923076923077,61.458333333333336
USDJPY,mom rsi75 h8,365,50,design,48.51258581235698,437,721,0.0,0.0,100.0,
USDJPY,mom rsi75 h8,365,50,hold,48.51258581235698,437,122,0.0,0.0,100.0,
USDJPY,mom rsi75 h8,365,75,design,48.51258581235698,437,721,4.715672676837725,0.0,95.28432732316227,253.875
USDJPY,mom rsi75 h8,365,75,hold,48.51258581235698,437,122,0.0,0.0,100.0,
USDJPY,mom rsi75 h8,365,100,design,48.51258581235698,437,721,21.914008321775313,0.0,78.08599167822469,199.39583333333331
USDJPY,mom rsi75 h8,365,100,hold,48.51258581235698,437,122,0.0,0.0,100.0,
USDJPY,mom rsi75 h8,365,125,design,48.51258581235698,437,721,27.045769764216367,5.9639389736477115,66.99029126213593,182.45833333333334
USDJPY,mom rsi75 h8,365,125,hold,48.51258581235698,437,122,29.508196721311474,0.0,70.49180327868852,131.8125
USDJPY,mom rsi75 h8,365,150,design,48.51258581235698,437,721,32.87101248266297,33.14840499306519,33.980582524271846,163.83333333333334
USDJPY,mom rsi75 h8,365,150,hold,48.51258581235698,437,122,45.08196721311475,0.0,54.91803278688525,146.25
USDJPY,mom rsi75 h8,365,200,design,48.51258581235698,437,721,35.78363384188627,42.995839112343965,21.220527045769764,116.33333333333333
USDJPY,mom rsi75 h8,365,200,hold,48.51258581235698,437,122,56.557377049180324,0.0,43.44262295081967,100.45833333333333
USDCHF,fade3.0/20 h4,30,50,design,43.24324324324324,296,721,0.0,0.0,100.0,
USDCHF,fade3.0/20 h4,30,50,hold,43.24324324324324,296,195,0.0,0.0,100.0,
USDCHF,fade3.0/20 h4,30,75,design,43.24324324324324,296,721,0.0,0.0,100.0,
USDCHF,fade3.0/20 h4,30,75,hold,43.24324324324324,296,195,0.0,0.0,100.0,
USDCHF,fade3.0/20 h4,30,100,design,43.24324324324324,296,721,0.0,0.0,100.0,
USDCHF,fade3.0/20 h4,30,100,hold,43.24324324324324,296,195,0.0,0.0,100.0,
USDCHF,fade3.0/20 h4,30,125,design,43.24324324324324,296,721,0.0,0.0,100.0,
USDCHF,fade3.0/20 h4,30,125,hold,43.24324324324324,296,195,0.0,0.0,100.0,
USDCHF,fade3.0/20 h4,30,150,design,43.24324324324324,296,721,0.0,0.0,100.0,
USDCHF,fade3.0/20 h4,30,150,hold,43.24324324324324,296,195,0.0,0.0,100.0,
USDCHF,fade3.0/20 h4,30,200,design,43.24324324324324,296,721,0.0,0.0,100.0,
USDCHF,fade3.0/20 h4,30,200,hold,43.24324324324324,296,195,0.0,0.0,100.0,
USDCHF,fade3.0/20 h4,60,50,design,43.24324324324324,296,721,0.0,0.0,100.0,
USDCHF,fade3.0/20 h4,60,50,hold,43.24324324324324,296,185,0.0,0.0,100.0,
USDCHF,fade3.0/20 h4,60,75,design,43.24324324324324,296,721,0.0,0.0,100.0,
USDCHF,fade3.0/20 h4,60,75,hold,43.24324324324324,296,185,0.0,0.0,100.0,
USDCHF,fade3.0/20 h4,60,100,design,43.24324324324324,296,721,0.0,0.0,100.0,
USDCHF,fade3.0/20 h4,60,100,hold,43.24324324324324,296,185,0.0,0.0,100.0,
USDCHF,fade3.0/20 h4,60,125,design,43.24324324324324,296,721,0.0,0.0,100.0,
USDCHF,fade3.0/20 h4,60,125,hold,43.24324324324324,296,185,0.0,0.0,100.0,
USDCHF,fade3.0/20 h4,60,150,design,43.24324324324324,296,721,0.0,0.0,100.0,
USDCHF,fade3.0/20 h4,60,150,hold,43.24324324324324,296,185,0.0,0.0,100.0,
USDCHF,fade3.0/20 h4,60,200,design,43.24324324324324,296,721,0.0,0.0,100.0,
USDCHF,fade3.0/20 h4,60,200,hold,43.24324324324324,296,185,0.0,0.0,100.0,
USDCHF,fade3.0/20 h4,90,50,design,43.24324324324324,296,721,0.0,0.0,100.0,
USDCHF,fade3.0/20 h4,90,50,hold,43.24324324324324,296,175,0.0,0.0,100.0,
USDCHF,fade3.0/20 h4,90,75,design,43.24324324324324,296,721,0.0,0.0,100.0,
USDCHF,fade3.0/20 h4,90,75,hold,43.24324324324324,296,175,0.0,0.0,100.0,
USDCHF,fade3.0/20 h4,90,100,design,43.24324324324324,296,721,0.0,0.0,100.0,
USDCHF,fade3.0/20 h4,90,100,hold,43.24324324324324,296,175,0.0,0.0,100.0,
USDCHF,fade3.0/20 h4,90,125,design,43.24324324324324,296,721,0.0,0.0,100.0,
USDCHF,fade3.0/20 h4,90,125,hold,43.24324324324324,296,175,0.0,0.0,100.0,
USDCHF,fade3.0/20 h4,90,150,design,43.24324324324324,296,721,0.0,0.0,100.0,
USDCHF,fade3.0/20 h4,90,150,hold,43.24324324324324,296,175,0.0,0.0,100.0,
USDCHF,fade3.0/20 h4,90,200,design,43.24324324324324,296,721,0.0,0.13869625520110956,99.86130374479889,
USDCHF,fade3.0/20 h4,90,200,hold,43.24324324324324,296,175,0.0,0.0,100.0,
USDCHF,fade3.0/20 h4,365,50,design,43.24324324324324,296,721,0.0,0.0,100.0,
USDCHF,fade3.0/20 h4,365,50,hold,43.24324324324324,296,115,0.0,0.0,100.0,
USDCHF,fade3.0/20 h4,365,75,design,43.24324324324324,296,721,0.0,0.0,100.0,
USDCHF,fade3.0/20 h4,365,75,hold,43.24324324324324,296,115,0.0,0.0,100.0,
USDCHF,fade3.0/20 h4,365,100,design,43.24324324324324,296,721,0.0,0.0,100.0,
USDCHF,fade3.0/20 h4,365,100,hold,43.24324324324324,296,115,0.0,0.0,100.0,
USDCHF,fade3.0/20 h4,365,125,design,43.24324324324324,296,721,0.0,8.321775312066574,91.67822468793344,
USDCHF,fade3.0/20 h4,365,125,hold,43.24324324324324,296,115,0.0,0.0,100.0,
USDCHF,fade3.0/20 h4,365,150,design,43.24324324324324,296,721,0.0,14.840499306518723,85.15950069348128,
USDCHF,fade3.0/20 h4,365,150,hold,43.24324324324324,296,115,0.0,0.0,100.0,
USDCHF,fade3.0/20 h4,365,200,design,43.24324324324324,296,721,4.0221914008321775,33.14840499306519,62.82940360610264,177.45833333333334
USDCHF,fade3.0/20 h4,365,200,hold,43.24324324324324,296,115,0.0,0.0,100.0,
USDCHF,fade3.0/20 h8,30,50,design,45.57823129251701,294,721,0.0,0.0,100.0,
USDCHF,fade3.0/20 h8,30,50,hold,45.57823129251701,294,195,0.0,0.0,100.0,
USDCHF,fade3.0/20 h8,30,75,design,45.57823129251701,294,721,0.0,0.0,100.0,
USDCHF,fade3.0/20 h8,30,75,hold,45.57823129251701,294,195,0.0,0.0,100.0,
USDCHF,fade3.0/20 h8,30,100,design,45.57823129251701,294,721,0.0,0.0,100.0,
USDCHF,fade3.0/20 h8,30,100,hold,45.57823129251701,294,195,0.0,0.0,100.0,
USDCHF,fade3.0/20 h8,30,125,design,45.57823129251701,294,721,0.0,0.0,100.0,
USDCHF,fade3.0/20 h8,30,125,hold,45.57823129251701,294,195,0.0,0.0,100.0,
USDCHF,fade3.0/20 h8,30,150,design,45.57823129251701,294,721,0.13869625520110956,0.0,99.86130374479889,17.791666666666668
USDCHF,fade3.0/20 h8,30,150,hold,45.57823129251701,294,195,0.0,0.0,100.0,
USDCHF,fade3.0/20 h8,30,200,design,45.57823129251701,294,721,1.248266296809986,0.0,98.75173370319001,23.791666666666668
USDCHF,fade3.0/20 h8,30,200,hold,45.57823129251701,294,195,0.0,0.0,100.0,
USDCHF,fade3.0/20 h8,60,50,design,45.57823129251701,294,721,0.0,0.0,100.0,
USDCHF,fade3.0/20 h8,60,50,hold,45.57823129251701,294,185,0.0,0.0,100.0,
USDCHF,fade3.0/20 h8,60,75,design,45.57823129251701,294,721,0.0,0.0,100.0,
USDCHF,fade3.0/20 h8,60,75,hold,45.57823129251701,294,185,0.0,0.0,100.0,
USDCHF,fade3.0/20 h8,60,100,design,45.57823129251701,294,721,0.0,0.0,100.0,
USDCHF,fade3.0/20 h8,60,100,hold,45.57823129251701,294,185,0.0,0.0,100.0,
USDCHF,fade3.0/20 h8,60,125,design,45.57823129251701,294,721,0.0,0.0,100.0,
USDCHF,fade3.0/20 h8,60,125,hold,45.57823129251701,294,185,0.0,0.0,100.0,
USDCHF,fade3.0/20 h8,60,150,design,45.57823129251701,294,721,0.13869625520110956,0.0,99.86130374479889,17.791666666666668
USDCHF,fade3.0/20 h8,60,150,hold,45.57823129251701,294,185,0.0,0.0,100.0,
USDCHF,fade3.0/20 h8,60,200,design,45.57823129251701,294,721,3.467406380027739,0.0,96.53259361997226,35.791666666666664
USDCHF,fade3.0/20 h8,60,200,hold,45.57823129251701,294,185,0.0,0.0,100.0,
USDCHF,fade3.0/20 h8,90,50,design,45.57823129251701,294,721,0.0,0.0,100.0,
USDCHF,fade3.0/20 h8,90,50,hold,45.57823129251701,294,175,0.0,0.0,100.0,
USDCHF,fade3.0/20 h8,90,75,design,45.57823129251701,294,721,0.0,0.0,100.0,
USDCHF,fade3.0/20 h8,90,75,hold,45.57823129251701,294,175,0.0,0.0,100.0,
USDCHF,fade3.0/20 h8,90,100,design,45.57823129251701,294,721,0.0,0.0,100.0,
USDCHF,fade3.0/20 h8,90,100,hold,45.57823129251701,294,175,0.0,0.0,100.0,
USDCHF,fade3.0/20 h8,90,125,design,45.57823129251701,294,721,0.0,0.0,100.0,
USDCHF,fade3.0/20 h8,90,125,hold,45.57823129251701,294,175,0.0,0.0,100.0,
USDCHF,fade3.0/20 h8,90,150,design,45.57823129251701,294,721,0.4160887656033287,0.0,99.58391123439667,84.45833333333333
USDCHF,fade3.0/20 h8,90,150,hold,45.57823129251701,294,175,0.0,0.0,100.0,
USDCHF,fade3.0/20 h8,90,200,design,45.57823129251701,294,721,5.547850208044383,0.0,94.45214979195562,46.625
USDCHF,fade3.0/20 h8,90,200,hold,45.57823129251701,294,175,0.0,0.0,100.0,
USDCHF,fade3.0/20 h8,365,50,design,45.57823129251701,294,721,0.0,0.0,100.0,
USDCHF,fade3.0/20 h8,365,50,hold,45.57823129251701,294,115,0.0,0.0,100.0,
USDCHF,fade3.0/20 h8,365,75,design,45.57823129251701,294,721,0.0,0.0,100.0,
USDCHF,fade3.0/20 h8,365,75,hold,45.57823129251701,294,115,0.0,0.0,100.0,
USDCHF,fade3.0/20 h8,365,100,design,45.57823129251701,294,721,0.0,0.5547850208044383,99.44521497919555,
USDCHF,fade3.0/20 h8,365,100,hold,45.57823129251701,294,115,0.0,0.0,100.0,
USDCHF,fade3.0/20 h8,365,125,design,45.57823129251701,294,721,1.5256588072122053,8.460471567267684,90.01386962552012,195.5
USDCHF,fade3.0/20 h8,365,125,hold,45.57823129251701,294,115,0.0,0.0,100.0,
USDCHF,fade3.0/20 h8,365,150,design,45.57823129251701,294,721,3.8834951456310676,26.21359223300971,69.90291262135922,145.29166666666666
USDCHF,fade3.0/20 h8,365,150,hold,45.57823129251701,294,115,10.434782608695652,0.0,89.56521739130436,152.875
USDCHF,fade3.0/20 h8,365,200,design,45.57823129251701,294,721,14.979195561719832,35.78363384188627,49.237170596393895,117.125
USDCHF,fade3.0/20 h8,365,200,hold,45.57823129251701,294,115,13.91304347826087,0.0,86.08695652173914,149.875
USDCHF,fade2.5/25 h4,30,50,design,43.7137330754352,1034,721,0.0,0.0,100.0,
USDCHF,fade2.5/25 h4,30,50,hold,43.7137330754352,1034,202,0.0,0.0,100.0,
USDCHF,fade2.5/25 h4,30,75,design,43.7137330754352,1034,721,0.0,0.0,100.0,
USDCHF,fade2.5/25 h4,30,75,hold,43.7137330754352,1034,202,0.0,0.0,100.0,
USDCHF,fade2.5/25 h4,30,100,design,43.7137330754352,1034,721,0.0,0.0,100.0,
USDCHF,fade2.5/25 h4,30,100,hold,43.7137330754352,1034,202,0.0,0.0,100.0,
USDCHF,fade2.5/25 h4,30,125,design,43.7137330754352,1034,721,0.0,0.0,100.0,
USDCHF,fade2.5/25 h4,30,125,hold,43.7137330754352,1034,202,0.0,0.0,100.0,
USDCHF,fade2.5/25 h4,30,150,design,43.7137330754352,1034,721,0.0,0.0,100.0,
USDCHF,fade2.5/25 h4,30,150,hold,43.7137330754352,1034,202,0.0,0.0,100.0,
USDCHF,fade2.5/25 h4,30,200,design,43.7137330754352,1034,721,0.27739251040221913,0.27739251040221913,99.44521497919555,10.333333333333334
USDCHF,fade2.5/25 h4,30,200,hold,43.7137330754352,1034,202,0.0,0.0,100.0,
USDCHF,fade2.5/25 h4,60,50,design,43.7137330754352,1034,721,0.0,0.0,100.0,
USDCHF,fade2.5/25 h4,60,50,hold,43.7137330754352,1034,192,0.0,0.0,100.0,
USDCHF,fade2.5/25 h4,60,75,design,43.7137330754352,1034,721,0.0,0.0,100.0,
USDCHF,fade2.5/25 h4,60,75,hold,43.7137330754352,1034,192,0.0,0.0,100.0,
USDCHF,fade2.5/25 h4,60,100,design,43.7137330754352,1034,721,0.0,0.0,100.0,
USDCHF,fade2.5/25 h4,60,100,hold,43.7137330754352,1034,192,0.0,0.0,100.0,
USDCHF,fade2.5/25 h4,60,125,design,43.7137330754352,1034,721,0.0,0.0,100.0,
USDCHF,fade2.5/25 h4,60,125,hold,43.7137330754352,1034,192,0.0,0.0,100.0,
USDCHF,fade2.5/25 h4,60,150,design,43.7137330754352,1034,721,0.0,0.13869625520110956,99.86130374479889,
USDCHF,fade2.5/25 h4,60,150,hold,43.7137330754352,1034,192,0.0,0.0,100.0,
USDCHF,fade2.5/25 h4,60,200,design,43.7137330754352,1034,721,1.3869625520110958,5.825242718446602,92.7877947295423,36.25
USDCHF,fade2.5/25 h4,60,200,hold,43.7137330754352,1034,192,1.0416666666666665,0.0,98.95833333333334,57.625
USDCHF,fade2.5/25 h4,90,50,design,43.7137330754352,1034,721,0.0,0.0,100.0,
USDCHF,fade2.5/25 h4,90,50,hold,43.7137330754352,1034,182,0.0,0.0,100.0,
USDCHF,fade2.5/25 h4,90,75,design,43.7137330754352,1034,721,0.0,0.0,100.0,
USDCHF,fade2.5/25 h4,90,75,hold,43.7137330754352,1034,182,0.0,0.0,100.0,
USDCHF,fade2.5/25 h4,90,100,design,43.7137330754352,1034,721,0.0,0.0,100.0,
USDCHF,fade2.5/25 h4,90,100,hold,43.7137330754352,1034,182,0.0,0.0,100.0,
USDCHF,fade2.5/25 h4,90,125,design,43.7137330754352,1034,721,0.0,0.0,100.0,
USDCHF,fade2.5/25 h4,90,125,hold,43.7137330754352,1034,182,0.0,0.0,100.0,
USDCHF,fade2.5/25 h4,90,150,design,43.7137330754352,1034,721,0.0,2.6352288488210815,97.36477115117891,
USDCHF,fade2.5/25 h4,90,150,hold,43.7137330754352,1034,182,0.0,0.0,100.0,
USDCHF,fade2.5/25 h4,90,200,design,43.7137330754352,1034,721,4.438280166435506,19.83356449375867,75.72815533980582,67.20833333333334
USDCHF,fade2.5/25 h4,90,200,hold,43.7137330754352,1034,182,1.098901098901099,0.0,98.9010989010989,57.625
USDCHF,fade2.5/25 h4,365,50,design,43.7137330754352,1034,721,0.0,0.0,100.0,
USDCHF,fade2.5/25 h4,365,50,hold,43.7137330754352,1034,122,0.0,0.0,100.0,
USDCHF,fade2.5/25 h4,365,75,design,43.7137330754352,1034,721,0.0,23.994452149791957,76.00554785020805,
USDCHF,fade2.5/25 h4,365,75,hold,43.7137330754352,1034,122,0.0,0.0,100.0,
USDCHF,fade2.5/25 h4,365,100,design,43.7137330754352,1034,721,0.0,38.55755894590846,61.44244105409153,
USDCHF,fade2.5/25 h4,365,100,hold,43.7137330754352,1034,122,0.0,0.0,100.0,
USDCHF,fade2.5/25 h4,365,125,design,43.7137330754352,1034,721,5.270457697642163,55.89459084604715,38.83495145631068,187.625
USDCHF,fade2.5/25 h4,365,125,hold,43.7137330754352,1034,122,0.0,0.0,100.0,
USDCHF,fade2.5/25 h4,365,150,design,43.7137330754352,1034,721,9.015256588072122,66.57420249653259,24.410540915395284,164.58333333333334
USDCHF,fade2.5/25 h4,365,150,hold,43.7137330754352,1034,122,0.0,55.73770491803278,44.26229508196721,
USDCHF,fade2.5/25 h4,365,200,design,43.7137330754352,1034,721,11.511789181692095,83.91123439667129,4.5769764216366156,117.625
USDCHF,fade2.5/25 h4,365,200,hold,43.7137330754352,1034,122,1.639344262295082,66.39344262295081,31.967213114754102,57.625
USDCHF,fade2.5/25 h8,30,50,design,45.41751527494908,982,721,0.0,0.0,100.0,
USDCHF,fade2.5/25 h8,30,50,hold,45.41751527494908,982,202,0.0,0.0,100.0,
USDCHF,fade2.5/25 h8,30,75,design,45.41751527494908,982,721,0.0,0.0,100.0,
USDCHF,fade2.5/25 h8,30,75,hold,45.41751527494908,982,202,0.0,0.0,100.0,
USDCHF,fade2.5/25 h8,30,100,design,45.41751527494908,982,721,0.0,0.0,100.0,
USDCHF,fade2.5/25 h8,30,100,hold,45.41751527494908,982,202,0.0,0.0,100.0,
USDCHF,fade2.5/25 h8,30,125,design,45.41751527494908,982,721,0.9708737864077669,0.0,99.02912621359224,21.666666666666668
USDCHF,fade2.5/25 h8,30,125,hold,45.41751527494908,982,202,0.0,0.0,100.0,
USDCHF,fade2.5/25 h8,30,150,design,45.41751527494908,982,721,2.3578363384188625,0.0,97.64216366158114,17.583333333333332
USDCHF,fade2.5/25 h8,30,150,hold,45.41751527494908,982,202,1.4851485148514851,0.0,98.51485148514851,25.25
USDCHF,fade2.5/25 h8,30,200,design,45.41751527494908,982,721,4.160887656033287,1.6643550624133148,94.1747572815534,17.583333333333332
USDCHF,fade2.5/25 h8,30,200,hold,45.41751527494908,982,202,4.455445544554455,0.0,95.54455445544554,19.25
USDCHF,fade2.5/25 h8,60,50,design,45.41751527494908,982,721,0.0,0.0,100.0,
USDCHF,fade2.5/25 h8,60,50,hold,45.41751527494908,982,192,0.0,0.0,100.0,
USDCHF,fade2.5/25 h8,60,75,design,45.41751527494908,982,721,0.0,0.0,100.0,
USDCHF,fade2.5/25 h8,60,75,hold,45.41751527494908,982,192,0.0,0.0,100.0,
USDCHF,fade2.5/25 h8,60,100,design,45.41751527494908,982,721,0.4160887656033287,0.0,99.58391123439667,46.666666666666664
USDCHF,fade2.5/25 h8,60,100,hold,45.41751527494908,982,192,0.0,0.0,100.0,
USDCHF,fade2.5/25 h8,60,125,design,45.41751527494908,982,721,1.8030513176144243,0.0,98.19694868238558,28.666666666666668
USDCHF,fade2.5/25 h8,60,125,hold,45.41751527494908,982,192,0.0,0.0,100.0,
USDCHF,fade2.5/25 h8,60,150,design,45.41751527494908,982,721,4.0221914008321775,3.0513176144244105,92.92649098474341,25.666666666666668
USDCHF,fade2.5/25 h8,60,150,hold,45.41751527494908,982,192,3.125,0.0,96.875,31.3125
USDCHF,fade2.5/25 h8,60,200,design,45.41751527494908,982,721,9.29264909847434,17.891816920943135,72.81553398058253,32.583333333333336
USDCHF,fade2.5/25 h8,60,200,hold,45.41751527494908,982,192,8.854166666666668,4.6875,86.45833333333334,28.375
USDCHF,fade2.5/25 h8,90,50,design,45.41751527494908,982,721,0.0,0.0,100.0,
USDCHF,fade2.5/25 h8,90,50,hold,45.41751527494908,982,182,0.0,0.0,100.0,
USDCHF,fade2.5/25 h8,90,75,design,45.41751527494908,982,721,0.0,0.0,100.0,
USDCHF,fade2.5/25 h8,90,75,hold,45.41751527494908,982,182,0.0,0.0,100.0,
USDCHF,fade2.5/25 h8,90,100,design,45.41751527494908,982,721,0.6934812760055479,0.0,99.30651872399446,49.666666666666664
USDCHF,fade2.5/25 h8,90,100,hold,45.41751527494908,982,182,0.0,0.0,100.0,
USDCHF,fade2.5/25 h8,90,125,design,45.41751527494908,982,721,3.3287101248266295,6.2413314840499305,90.42995839112345,55.666666666666664
USDCHF,fade2.5/25 h8,90,125,hold,45.41751527494908,982,182,0.0,0.0,100.0,
USDCHF,fade2.5/25 h8,90,150,design,45.41751527494908,982,721,7.489597780859916,12.066574202496533,80.44382801664355,51.291666666666664
USDCHF,fade2.5/25 h8,90,150,hold,45.41751527494908,982,182,3.296703296703297,0.0,96.7032967032967,31.3125
USDCHF,fade2.5/25 h8,90,200,design,45.41751527494908,982,721,14.424410540915394,34.535367545076284,51.04022191400832,47.60416666666667
USDCHF,fade2.5/25 h8,90,200,hold,45.41751527494908,982,182,10.43956043956044,11.538461538461538,78.02197802197803,31.375
USDCHF,fade2.5/25 h8,365,50,design,45.41751527494908,982,721,0.0,2.6352288488210815,97.36477115117891,
USDCHF,fade2.5/25 h8,365,50,hold,45.41751527494908,982,122,0.0,0.0,100.0,
USDCHF,fade2.5/25 h8,365,75,design,45.41751527494908,982,721,1.8030513176144243,34.674063800277395,63.52288488210819,334.3333333333333
USDCHF,fade2.5/25 h8,365,75,hold,45.41751527494908,982,122,0.0,0.0,100.0,
USDCHF,fade2.5/25 h8,365,100,design,45.41751527494908,982,721,5.547850208044383,44.79889042995839,49.65325936199723,279.7916666666667
USDCHF,fade2.5/25 h8,365,100,hold,45.41751527494908,982,122,0.0,0.0,100.0,
USDCHF,fade2.5/25 h8,365,125,design,45.41751527494908,982,721,18.169209431345354,58.80721220527045,23.02357836338419,197.29166666666666
USDCHF,fade2.5/25 h8,365,125,hold,45.41751527494908,982,122,0.0,0.0,100.0,
USDCHF,fade2.5/25 h8,365,150,design,45.41751527494908,982,721,27.877947295423024,62.27461858529819,9.847434119278779,162.66666666666666
USDCHF,fade2.5/25 h8,365,150,hold,45.41751527494908,982,122,4.918032786885246,67.21311475409836,27.86885245901639,31.3125
USDCHF,fade2.5/25 h8,365,200,design,45.41751527494908,982,721,32.73231622746186,66.15811373092927,1.1095700416088765,112.35416666666666
USDCHF,fade2.5/25 h8,365,200,hold,45.41751527494908,982,122,11.475409836065573,78.68852459016394,9.836065573770492,23.375
USDCHF,fade3.0/20 h4 L,30,50,design,44.15584415584416,154,721,0.0,0.0,100.0,
USDCHF,fade3.0/20 h4 L,30,50,hold,44.15584415584416,154,195,0.0,0.0,100.0,
USDCHF,fade3.0/20 h4 L,30,75,design,44.15584415584416,154,721,0.0,0.0,100.0,
USDCHF,fade3.0/20 h4 L,30,75,hold,44.15584415584416,154,195,0.0,0.0,100.0,
USDCHF,fade3.0/20 h4 L,30,100,design,44.15584415584416,154,721,0.0,0.0,100.0,
USDCHF,fade3.0/20 h4 L,30,100,hold,44.15584415584416,154,195,0.0,0.0,100.0,
USDCHF,fade3.0/20 h4 L,30,125,design,44.15584415584416,154,721,0.0,0.0,100.0,
USDCHF,fade3.0/20 h4 L,30,125,hold,44.15584415584416,154,195,0.0,0.0,100.0,
USDCHF,fade3.0/20 h4 L,30,150,design,44.15584415584416,154,721,0.0,0.0,100.0,
USDCHF,fade3.0/20 h4 L,30,150,hold,44.15584415584416,154,195,0.0,0.0,100.0,
USDCHF,fade3.0/20 h4 L,30,200,design,44.15584415584416,154,721,0.0,0.0,100.0,
USDCHF,fade3.0/20 h4 L,30,200,hold,44.15584415584416,154,195,0.0,0.0,100.0,
USDCHF,fade3.0/20 h4 L,60,50,design,44.15584415584416,154,721,0.0,0.0,100.0,
USDCHF,fade3.0/20 h4 L,60,50,hold,44.15584415584416,154,185,0.0,0.0,100.0,
USDCHF,fade3.0/20 h4 L,60,75,design,44.15584415584416,154,721,0.0,0.0,100.0,
USDCHF,fade3.0/20 h4 L,60,75,hold,44.15584415584416,154,185,0.0,0.0,100.0,
USDCHF,fade3.0/20 h4 L,60,100,design,44.15584415584416,154,721,0.0,0.0,100.0,
USDCHF,fade3.0/20 h4 L,60,100,hold,44.15584415584416,154,185,0.0,0.0,100.0,
USDCHF,fade3.0/20 h4 L,60,125,design,44.15584415584416,154,721,0.0,0.0,100.0,
USDCHF,fade3.0/20 h4 L,60,125,hold,44.15584415584416,154,185,0.0,0.0,100.0,
USDCHF,fade3.0/20 h4 L,60,150,design,44.15584415584416,154,721,0.0,0.0,100.0,
USDCHF,fade3.0/20 h4 L,60,150,hold,44.15584415584416,154,185,0.0,0.0,100.0,
USDCHF,fade3.0/20 h4 L,60,200,design,44.15584415584416,154,721,0.0,0.0,100.0,
USDCHF,fade3.0/20 h4 L,60,200,hold,44.15584415584416,154,185,0.0,0.0,100.0,
USDCHF,fade3.0/20 h4 L,90,50,design,44.15584415584416,154,721,0.0,0.0,100.0,
USDCHF,fade3.0/20 h4 L,90,50,hold,44.15584415584416,154,175,0.0,0.0,100.0,
USDCHF,fade3.0/20 h4 L,90,75,design,44.15584415584416,154,721,0.0,0.0,100.0,
USDCHF,fade3.0/20 h4 L,90,75,hold,44.15584415584416,154,175,0.0,0.0,100.0,
USDCHF,fade3.0/20 h4 L,90,100,design,44.15584415584416,154,721,0.0,0.0,100.0,
USDCHF,fade3.0/20 h4 L,90,100,hold,44.15584415584416,154,175,0.0,0.0,100.0,
USDCHF,fade3.0/20 h4 L,90,125,design,44.15584415584416,154,721,0.0,0.0,100.0,
USDCHF,fade3.0/20 h4 L,90,125,hold,44.15584415584416,154,175,0.0,0.0,100.0,
USDCHF,fade3.0/20 h4 L,90,150,design,44.15584415584416,154,721,0.0,0.0,100.0,
USDCHF,fade3.0/20 h4 L,90,150,hold,44.15584415584416,154,175,0.0,0.0,100.0,
USDCHF,fade3.0/20 h4 L,90,200,design,44.15584415584416,154,721,0.0,0.0,100.0,
USDCHF,fade3.0/20 h4 L,90,200,hold,44.15584415584416,154,175,0.0,0.0,100.0,
USDCHF,fade3.0/20 h4 L,365,50,design,44.15584415584416,154,721,0.0,0.0,100.0,
USDCHF,fade3.0/20 h4 L,365,50,hold,44.15584415584416,154,115,0.0,0.0,100.0,
USDCHF,fade3.0/20 h4 L,365,75,design,44.15584415584416,154,721,0.0,0.0,100.0,
USDCHF,fade3.0/20 h4 L,365,75,hold,44.15584415584416,154,115,0.0,0.0,100.0,
USDCHF,fade3.0/20 h4 L,365,100,design,44.15584415584416,154,721,0.0,0.0,100.0,
USDCHF,fade3.0/20 h4 L,365,100,hold,44.15584415584416,154,115,0.0,0.0,100.0,
USDCHF,fade3.0/20 h4 L,365,125,design,44.15584415584416,154,721,0.0,0.0,100.0,
USDCHF,fade3.0/20 h4 L,365,125,hold,44.15584415584416,154,115,0.0,0.0,100.0,
USDCHF,fade3.0/20 h4 L,365,150,design,44.15584415584416,154,721,0.0,0.0,100.0,
USDCHF,fade3.0/20 h4 L,365,150,hold,44.15584415584416,154,115,0.0,0.0,100.0,
USDCHF,fade3.0/20 h4 L,365,200,design,44.15584415584416,154,721,0.0,4.715672676837725,95.28432732316227,
USDCHF,fade3.0/20 h4 L,365,200,hold,44.15584415584416,154,115,0.0,0.0,100.0,
USDCHF,fade3.0/20 h8 L,30,50,design,46.103896103896105,154,721,0.0,0.0,100.0,
USDCHF,fade3.0/20 h8 L,30,50,hold,46.103896103896105,154,195,0.0,0.0,100.0,
USDCHF,fade3.0/20 h8 L,30,75,design,46.103896103896105,154,721,0.0,0.0,100.0,
USDCHF,fade3.0/20 h8 L,30,75,hold,46.103896103896105,154,195,0.0,0.0,100.0,
USDCHF,fade3.0/20 h8 L,30,100,design,46.103896103896105,154,721,0.0,0.0,100.0,
USDCHF,fade3.0/20 h8 L,30,100,hold,46.103896103896105,154,195,0.0,0.0,100.0,
USDCHF,fade3.0/20 h8 L,30,125,design,46.103896103896105,154,721,0.0,0.0,100.0,
USDCHF,fade3.0/20 h8 L,30,125,hold,46.103896103896105,154,195,0.0,0.0,100.0,
USDCHF,fade3.0/20 h8 L,30,150,design,46.103896103896105,154,721,0.13869625520110956,0.0,99.86130374479889,17.791666666666668
USDCHF,fade3.0/20 h8 L,30,150,hold,46.103896103896105,154,195,0.0,0.0,100.0,
USDCHF,fade3.0/20 h8 L,30,200,design,46.103896103896105,154,721,0.6934812760055479,0.0,99.30651872399446,23.791666666666668
USDCHF,fade3.0/20 h8 L,30,200,hold,46.103896103896105,154,195,0.0,0.0,100.0,
USDCHF,fade3.0/20 h8 L,60,50,design,46.103896103896105,154,721,0.0,0.0,100.0,
USDCHF,fade3.0/20 h8 L,60,50,hold,46.103896103896105,154,185,0.0,0.0,100.0,
USDCHF,fade3.0/20 h8 L,60,75,design,46.103896103896105,154,721,0.0,0.0,100.0,
USDCHF,fade3.0/20 h8 L,60,75,hold,46.103896103896105,154,185,0.0,0.0,100.0,
USDCHF,fade3.0/20 h8 L,60,100,design,46.103896103896105,154,721,0.0,0.0,100.0,
USDCHF,fade3.0/20 h8 L,60,100,hold,46.103896103896105,154,185,0.0,0.0,100.0,
USDCHF,fade3.0/20 h8 L,60,125,design,46.103896103896105,154,721,0.0,0.0,100.0,
USDCHF,fade3.0/20 h8 L,60,125,hold,46.103896103896105,154,185,0.0,0.0,100.0,
USDCHF,fade3.0/20 h8 L,60,150,design,46.103896103896105,154,721,0.13869625520110956,0.0,99.86130374479889,17.791666666666668
USDCHF,fade3.0/20 h8 L,60,150,hold,46.103896103896105,154,185,0.0,0.0,100.0,
USDCHF,fade3.0/20 h8 L,60,200,design,46.103896103896105,154,721,2.0804438280166435,0.0,97.91955617198336,38.791666666666664
USDCHF,fade3.0/20 h8 L,60,200,hold,46.103896103896105,154,185,0.0,0.0,100.0,
USDCHF,fade3.0/20 h8 L,90,50,design,46.103896103896105,154,721,0.0,0.0,100.0,
USDCHF,fade3.0/20 h8 L,90,50,hold,46.103896103896105,154,175,0.0,0.0,100.0,
USDCHF,fade3.0/20 h8 L,90,75,design,46.103896103896105,154,721,0.0,0.0,100.0,
USDCHF,fade3.0/20 h8 L,90,75,hold,46.103896103896105,154,175,0.0,0.0,100.0,
USDCHF,fade3.0/20 h8 L,90,100,design,46.103896103896105,154,721,0.0,0.0,100.0,
USDCHF,fade3.0/20 h8 L,90,100,hold,46.103896103896105,154,175,0.0,0.0,100.0,
USDCHF,fade3.0/20 h8 L,90,125,design,46.103896103896105,154,721,0.0,0.0,100.0,
USDCHF,fade3.0/20 h8 L,90,125,hold,46.103896103896105,154,175,0.0,0.0,100.0,
USDCHF,fade3.0/20 h8 L,90,150,design,46.103896103896105,154,721,0.13869625520110956,0.0,99.86130374479889,17.791666666666668
USDCHF,fade3.0/20 h8 L,90,150,hold,46.103896103896105,154,175,0.0,0.0,100.0,
USDCHF,fade3.0/20 h8 L,90,200,design,46.103896103896105,154,721,2.0804438280166435,0.0,97.91955617198336,38.791666666666664
USDCHF,fade3.0/20 h8 L,90,200,hold,46.103896103896105,154,175,0.0,0.0,100.0,
USDCHF,fade3.0/20 h8 L,365,50,design,46.103896103896105,154,721,0.0,0.0,100.0,
USDCHF,fade3.0/20 h8 L,365,50,hold,46.103896103896105,154,115,0.0,0.0,100.0,
USDCHF,fade3.0/20 h8 L,365,75,design,46.103896103896105,154,721,0.0,0.0,100.0,
USDCHF,fade3.0/20 h8 L,365,75,hold,46.103896103896105,154,115,0.0,0.0,100.0,
USDCHF,fade3.0/20 h8 L,365,100,design,46.103896103896105,154,721,0.0,0.0,100.0,
USDCHF,fade3.0/20 h8 L,365,100,hold,46.103896103896105,154,115,0.0,0.0,100.0,
USDCHF,fade3.0/20 h8 L,365,125,design,46.103896103896105,154,721,0.0,0.0,100.0,
USDCHF,fade3.0/20 h8 L,365,125,hold,46.103896103896105,154,115,0.0,0.0,100.0,
USDCHF,fade3.0/20 h8 L,365,150,design,46.103896103896105,154,721,0.13869625520110956,0.0,99.86130374479889,17.791666666666668
USDCHF,fade3.0/20 h8 L,365,150,hold,46.103896103896105,154,115,0.0,0.0,100.0,
USDCHF,fade3.0/20 h8 L,365,200,design,46.103896103896105,154,721,3.0513176144244105,22.330097087378643,74.61858529819695,49.291666666666664
USDCHF,fade3.0/20 h8 L,365,200,hold,46.103896103896105,154,115,0.0,0.0,100.0,
USDCHF,fade2.5/25 h4 L,30,50,design,41.85606060606061,528,721,0.0,0.0,100.0,
USDCHF,fade2.5/25 h4 L,30,50,hold,41.85606060606061,528,202,0.0,0.0,100.0,
USDCHF,fade2.5/25 h4 L,30,75,design,41.85606060606061,528,721,0.0,0.0,100.0,
USDCHF,fade2.5/25 h4 L,30,75,hold,41.85606060606061,528,202,0.0,0.0,100.0,
USDCHF,fade2.5/25 h4 L,30,100,design,41.85606060606061,528,721,0.0,0.0,100.0,
USDCHF,fade2.5/25 h4 L,30,100,hold,41.85606060606061,528,202,0.0,0.0,100.0,
USDCHF,fade2.5/25 h4 L,30,125,design,41.85606060606061,528,721,0.0,0.0,100.0,
USDCHF,fade2.5/25 h4 L,30,125,hold,41.85606060606061,528,202,0.0,0.0,100.0,
USDCHF,fade2.5/25 h4 L,30,150,design,41.85606060606061,528,721,0.0,0.0,100.0,
USDCHF,fade2.5/25 h4 L,30,150,hold,41.85606060606061,528,202,0.0,0.0,100.0,
USDCHF,fade2.5/25 h4 L,30,200,design,41.85606060606061,528,721,0.0,0.0,100.0,
USDCHF,fade2.5/25 h4 L,30,200,hold,41.85606060606061,528,202,0.0,0.0,100.0,
USDCHF,fade2.5/25 h4 L,60,50,design,41.85606060606061,528,721,0.0,0.0,100.0,
USDCHF,fade2.5/25 h4 L,60,50,hold,41.85606060606061,528,192,0.0,0.0,100.0,
USDCHF,fade2.5/25 h4 L,60,75,design,41.85606060606061,528,721,0.0,0.0,100.0,
USDCHF,fade2.5/25 h4 L,60,75,hold,41.85606060606061,528,192,0.0,0.0,100.0,
USDCHF,fade2.5/25 h4 L,60,100,design,41.85606060606061,528,721,0.0,0.0,100.0,
USDCHF,fade2.5/25 h4 L,60,100,hold,41.85606060606061,528,192,0.0,0.0,100.0,
USDCHF,fade2.5/25 h4 L,60,125,design,41.85606060606061,528,721,0.0,0.0,100.0,
USDCHF,fade2.5/25 h4 L,60,125,hold,41.85606060606061,528,192,0.0,0.0,100.0,
USDCHF,fade2.5/25 h4 L,60,150,design,41.85606060606061,528,721,0.0,0.0,100.0,
USDCHF,fade2.5/25 h4 L,60,150,hold,41.85606060606061,528,192,0.0,0.0,100.0,
USDCHF,fade2.5/25 h4 L,60,200,design,41.85606060606061,528,721,0.0,1.8030513176144243,98.19694868238558,
USDCHF,fade2.5/25 h4 L,60,200,hold,41.85606060606061,528,192,0.0,0.0,100.0,
USDCHF,fade2.5/25 h4 L,90,50,design,41.85606060606061,528,721,0.0,0.0,100.0,
USDCHF,fade2.5/25 h4 L,90,50,hold,41.85606060606061,528,182,0.0,0.0,100.0,
USDCHF,fade2.5/25 h4 L,90,75,design,41.85606060606061,528,721,0.0,0.0,100.0,
USDCHF,fade2.5/25 h4 L,90,75,hold,41.85606060606061,528,182,0.0,0.0,100.0,
USDCHF,fade2.5/25 h4 L,90,100,design,41.85606060606061,528,721,0.0,0.0,100.0,
USDCHF,fade2.5/25 h4 L,90,100,hold,41.85606060606061,528,182,0.0,0.0,100.0,
USDCHF,fade2.5/25 h4 L,90,125,design,41.85606060606061,528,721,0.0,0.0,100.0,
USDCHF,fade2.5/25 h4 L,90,125,hold,41.85606060606061,528,182,0.0,0.0,100.0,
USDCHF,fade2.5/25 h4 L,90,150,design,41.85606060606061,528,721,0.0,1.5256588072122053,98.47434119278779,
USDCHF,fade2.5/25 h4 L,90,150,hold,41.85606060606061,528,182,0.0,0.0,100.0,
USDCHF,fade2.5/25 h4 L,90,200,design,41.85606060606061,528,721,0.27739251040221913,5.547850208044383,94.1747572815534,74.04166666666667
USDCHF,fade2.5/25 h4 L,90,200,hold,41.85606060606061,528,182,0.0,0.0,100.0,
USDCHF,fade2.5/25 h4 L,365,50,design,41.85606060606061,528,721,0.0,0.0,100.0,
USDCHF,fade2.5/25 h4 L,365,50,hold,41.85606060606061,528,122,0.0,0.0,100.0,
USDCHF,fade2.5/25 h4 L,365,75,design,41.85606060606061,528,721,0.0,0.0,100.0,
USDCHF,fade2.5/25 h4 L,365,75,hold,41.85606060606061,528,122,0.0,0.0,100.0,
USDCHF,fade2.5/25 h4 L,365,100,design,41.85606060606061,528,721,0.0,10.540915395284326,89.45908460471568,
USDCHF,fade2.5/25 h4 L,365,100,hold,41.85606060606061,528,122,0.0,0.0,100.0,
USDCHF,fade2.5/25 h4 L,365,125,design,41.85606060606061,528,721,0.0,16.08876560332871,83.91123439667129,
USDCHF,fade2.5/25 h4 L,365,125,hold,41.85606060606061,528,122,0.0,0.0,100.0,
USDCHF,fade2.5/25 h4 L,365,150,design,41.85606060606061,528,721,0.0,18.8626907073509,81.13730929264909,
USDCHF,fade2.5/25 h4 L,365,150,hold,41.85606060606061,528,122,0.0,0.0,100.0,
USDCHF,fade2.5/25 h4 L,365,200,design,41.85606060606061,528,721,1.248266296809986,67.82246879334258,30.929264909847433,203.29166666666666
USDCHF,fade2.5/25 h4 L,365,200,hold,41.85606060606061,528,122,0.0,0.0,100.0,
USDCHF,fade2.5/25 h8 L,30,50,design,43.873517786561266,506,721,0.0,0.0,100.0,
USDCHF,fade2.5/25 h8 L,30,50,hold,43.873517786561266,506,202,0.0,0.0,100.0,
USDCHF,fade2.5/25 h8 L,30,75,design,43.873517786561266,506,721,0.0,0.0,100.0,
USDCHF,fade2.5/25 h8 L,30,75,hold,43.873517786561266,506,202,0.0,0.0,100.0,
USDCHF,fade2.5/25 h8 L,30,100,design,43.873517786561266,506,721,0.0,0.0,100.0,
USDCHF,fade2.5/25 h8 L,30,100,hold,43.873517786561266,506,202,0.0,0.0,100.0,
USDCHF,fade2.5/25 h8 L,30,125,design,43.873517786561266,506,721,0.0,0.0,100.0,
USDCHF,fade2.5/25 h8 L,30,125,hold,43.873517786561266,506,202,0.0,0.0,100.0,
USDCHF,fade2.5/25 h8 L,30,150,design,43.873517786561266,506,721,0.0,0.0,100.0,
USDCHF,fade2.5/25 h8 L,30,150,hold,43.873517786561266,506,202,0.0,0.0,100.0,
USDCHF,fade2.5/25 h8 L,30,200,design,43.873517786561266,506,721,0.27739251040221913,0.0,99.72260748959778,12.229166666666668
USDCHF,fade2.5/25 h8 L,30,200,hold,43.873517786561266,506,202,0.0,0.0,100.0,
USDCHF,fade2.5/25 h8 L,60,50,design,43.873517786561266,506,721,0.0,0.0,100.0,
USDCHF,fade2.5/25 h8 L,60,50,hold,43.873517786561266,506,192,0.0,0.0,100.0,
USDCHF,fade2.5/25 h8 L,60,75,design,43.873517786561266,506,721,0.0,0.0,100.0,
USDCHF,fade2.5/25 h8 L,60,75,hold,43.873517786561266,506,192,0.0,0.0,100.0,
USDCHF,fade2.5/25 h8 L,60,100,design,43.873517786561266,506,721,0.0,0.0,100.0,
USDCHF,fade2.5/25 h8 L,60,100,hold,43.873517786561266,506,192,0.0,0.0,100.0,
USDCHF,fade2.5/25 h8 L,60,125,design,43.873517786561266,506,721,0.0,0.0,100.0,
USDCHF,fade2.5/25 h8 L,60,125,hold,43.873517786561266,506,192,0.0,0.0,100.0,
USDCHF,fade2.5/25 h8 L,60,150,design,43.873517786561266,506,721,0.13869625520110956,0.4160887656033287,99.44521497919555,48.708333333333336
USDCHF,fade2.5/25 h8 L,60,150,hold,43.873517786561266,506,192,0.0,0.0,100.0,
USDCHF,fade2.5/25 h8 L,60,200,design,43.873517786561266,506,721,2.6352288488210815,3.8834951456310676,93.48127600554785,41.75
USDCHF,fade2.5/25 h8 L,60,200,hold,43.873517786561266,506,192,0.0,0.0,100.0,
USDCHF,fade2.5/25 h8 L,90,50,design,43.873517786561266,506,721,0.0,0.0,100.0,
USDCHF,fade2.5/25 h8 L,90,50,hold,43.873517786561266,506,182,0.0,0.0,100.0,
USDCHF,fade2.5/25 h8 L,90,75,design,43.873517786561266,506,721,0.0,0.0,100.0,
USDCHF,fade2.5/25 h8 L,90,75,hold,43.873517786561266,506,182,0.0,0.0,100.0,
USDCHF,fade2.5/25 h8 L,90,100,design,43.873517786561266,506,721,0.0,0.0,100.0,
USDCHF,fade2.5/25 h8 L,90,100,hold,43.873517786561266,506,182,0.0,0.0,100.0,
USDCHF,fade2.5/25 h8 L,90,125,design,43.873517786561266,506,721,0.0,0.5547850208044383,99.44521497919555,
USDCHF,fade2.5/25 h8 L,90,125,hold,43.873517786561266,506,182,0.0,0.0,100.0,
USDCHF,fade2.5/25 h8 L,90,150,design,43.873517786561266,506,721,0.13869625520110956,3.6061026352288486,96.25520110957004,48.708333333333336
USDCHF,fade2.5/25 h8 L,90,150,hold,43.873517786561266,506,182,0.0,0.0,100.0,
USDCHF,fade2.5/25 h8 L,90,200,design,43.873517786561266,506,721,4.0221914008321775,9.986130374479888,85.99167822468793,47.541666666666664
USDCHF,fade2.5/25 h8 L,90,200,hold,43.873517786561266,506,182,0.0,0.0,100.0,
USDCHF,fade2.5/25 h8 L,365,50,design,43.873517786561266,506,721,0.0,0.0,100.0,
USDCHF,fade2.5/25 h8 L,365,50,hold,43.873517786561266,506,122,0.0,0.0,100.0,
USDCHF,fade2.5/25 h8 L,365,75,design,43.873517786561266,506,721,0.0,0.6934812760055479,99.30651872399446,
USDCHF,fade2.5/25 h8 L,365,75,hold,43.873517786561266,506,122,0.0,0.0,100.0,
USDCHF,fade2.5/25 h8 L,365,100,design,43.873517786561266,506,721,0.0,15.811373092926493,84.1886269070735,
USDCHF,fade2.5/25 h8 L,365,100,hold,43.873517786561266,506,122,0.0,0.0,100.0,
USDCHF,fade2.5/25 h8 L,365,125,design,43.873517786561266,506,721,0.0,22.88488210818308,77.11511789181692,
USDCHF,fade2.5/25 h8 L,365,125,hold,43.873517786561266,506,122,0.0,0.0,100.0,
USDCHF,fade2.5/25 h8 L,365,150,design,43.873517786561266,506,721,0.6934812760055479,49.237170596393895,50.069348127600556,127.25
USDCHF,fade2.5/25 h8 L,365,150,hold,43.873517786561266,506,122,0.0,0.0,100.0,
USDCHF,fade2.5/25 h8 L,365,200,design,43.873517786561266,506,721,7.073509015256588,81.2760055478502,11.650485436893204,80.0
USDCHF,fade2.5/25 h8 L,365,200,hold,43.873517786561266,506,122,0.0,45.08196721311475,54.91803278688525,
USDCHF,mom rsi70 h8,30,50,design,46.25748502994012,668,721,0.0,0.0,100.0,
USDCHF,mom rsi70 h8,30,50,hold,46.25748502994012,668,201,0.0,0.0,100.0,
USDCHF,mom rsi70 h8,30,75,design,46.25748502994012,668,721,0.0,0.0,100.0,
USDCHF,mom rsi70 h8,30,75,hold,46.25748502994012,668,201,0.0,0.0,100.0,
USDCHF,mom rsi70 h8,30,100,design,46.25748502994012,668,721,0.4160887656033287,0.0,99.58391123439667,29.625
USDCHF,mom rsi70 h8,30,100,hold,46.25748502994012,668,201,0.0,0.0,100.0,
USDCHF,mom rsi70 h8,30,125,design,46.25748502994012,668,721,1.5256588072122053,0.0,98.47434119278779,19.625
USDCHF,mom rsi70 h8,30,125,hold,46.25748502994012,668,201,0.0,0.0,100.0,
USDCHF,mom rsi70 h8,30,150,design,46.25748502994012,668,721,3.467406380027739,0.0,96.53259361997226,19.625
USDCHF,mom rsi70 h8,30,150,hold,46.25748502994012,668,201,0.0,0.0,100.0,
USDCHF,mom rsi70 h8,30,200,design,46.25748502994012,668,721,5.6865464632454925,0.0,94.31345353675451,16.625
USDCHF,mom rsi70 h8,30,200,hold,46.25748502994012,668,201,2.4875621890547266,0.0,97.51243781094527,26.541666666666668
USDCHF,mom rsi70 h8,60,50,design,46.25748502994012,668,721,0.0,0.0,100.0,
USDCHF,mom rsi70 h8,60,50,hold,46.25748502994012,668,191,0.0,0.0,100.0,
USDCHF,mom rsi70 h8,60,75,design,46.25748502994012,668,721,1.1095700416088765,0.0,98.89042995839112,46.85416666666667
USDCHF,mom rsi70 h8,60,75,hold,46.25748502994012,668,191,0.0,0.0,100.0,
USDCHF,mom rsi70 h8,60,100,design,46.25748502994012,668,721,1.9417475728155338,0.0,98.05825242718447,42.625
USDCHF,mom rsi70 h8,60,100,hold,46.25748502994012,668,191,0.0,0.0,100.0,
USDCHF,mom rsi70 h8,60,125,design,46.25748502994012,668,721,4.5769764216366156,0.0,95.42302357836338,37.625
USDCHF,mom rsi70 h8,60,125,hold,46.25748502994012,668,191,0.0,0.0,100.0,
USDCHF,mom rsi70 h8,60,150,design,46.25748502994012,668,721,7.905686546463246,0.0,92.09431345353676,32.583333333333336
USDCHF,mom rsi70 h8,60,150,hold,46.25748502994012,668,191,4.712041884816754,0.0,95.28795811518324,47.541666666666664
USDCHF,mom rsi70 h8,60,200,design,46.25748502994012,668,721,13.0374479889043,0.0,86.9625520110957,33.27083333333333
USDCHF,mom rsi70 h8,60,200,hold,46.25748502994012,668,191,10.471204188481675,0.0,89.52879581151832,37.10416666666667
USDCHF,mom rsi70 h8,90,50,design,46.25748502994012,668,721,0.0,0.0,100.0,
USDCHF,mom rsi70 h8,90,50,hold,46.25748502994012,668,181,0.0,0.0,100.0,
USDCHF,mom rsi70 h8,90,75,design,46.25748502994012,668,721,2.496532593619972,0.0,97.50346740638003,61.0
USDCHF,mom rsi70 h8,90,75,hold,46.25748502994012,668,181,0.0,0.0,100.0,
USDCHF,mom rsi70 h8,90,100,design,46.25748502994012,668,721,3.8834951456310676,0.0,96.11650485436894,60.04166666666667
USDCHF,mom rsi70 h8,90,100,hold,46.25748502994012,668,181,0.0,0.0,100.0,
USDCHF,mom rsi70 h8,90,125,design,46.25748502994012,668,721,7.212205270457697,0.0,92.7877947295423,50.70833333333333
USDCHF,mom rsi70 h8,90,125,hold,46.25748502994012,668,181,0.0,0.0,100.0,
USDCHF,mom rsi70 h8,90,150,design,46.25748502994012,668,721,11.373092926490985,0.0,88.62690707350902,45.66666666666667
USDCHF,mom rsi70 h8,90,150,hold,46.25748502994012,668,181,7.734806629834254,0.0,92.26519337016575,55.041666666666664
USDCHF,mom rsi70 h8,90,200,design,46.25748502994012,668,721,21.081830790568652,2.912621359223301,76.00554785020805,50.6875
USDCHF,mom rsi70 h8,90,200,hold,46.25748502994012,668,181,14.917127071823206,4.972375690607735,80.11049723756905,44.375
USDCHF,mom rsi70 h8,365,50,design,46.25748502994012,668,721,7.350901525658807,0.0,92.6490984743412,262.6666666666667
USDCHF,mom rsi70 h8,365,50,hold,46.25748502994012,668,121,0.0,0.0,100.0,
USDCHF,mom rsi70 h8,365,75,design,46.25748502994012,668,721,10.402219140083217,0.0,89.59778085991678,138.41666666666666
USDCHF,mom rsi70 h8,365,75,hold,46.25748502994012,668,121,0.0,0.0,100.0,
USDCHF,mom rsi70 h8,365,100,design,46.25748502994012,668,721,16.78224687933426,5.131761442441054,78.08599167822469,149.625
USDCHF,mom rsi70 h8,365,100,hold,46.25748502994012,668,121,0.0,38.01652892561984,61.98347107438017,
USDCHF,mom rsi70 h8,365,125,design,46.25748502994012,668,721,24.965325936199722,22.607489597780862,52.42718446601942,131.70833333333331
USDCHF,mom rsi70 h8,365,125,hold,46.25748502994012,668,121,7.43801652892562,56.19834710743802,36.36363636363637,185.54166666666666
USDCHF,mom rsi70 h8,365,150,design,46.25748502994012,668,721,32.45492371705964,32.45492371705964,35.09015256588072,124.64583333333333
USDCHF,mom rsi70 h8,365,150,hold,46.25748502994012,668,121,24.793388429752067,53.71900826446281,21.487603305785125,100.0
USDCHF,mom rsi70 h8,365,200,design,46.25748502994012,668,721,43.5506241331484,35.22884882108183,21.220527045769764,93.16666666666666
USDCHF,mom rsi70 h8,365,200,hold,46.25748502994012,668,121,35.53719008264463,62.8099173553719,1.6528925619834711,63.416666666666664
USDCHF,mom rsi75 h8,30,50,design,43.258426966292134,356,721,0.0,0.0,100.0,
USDCHF,mom rsi75 h8,30,50,hold,43.258426966292134,356,199,0.0,0.0,100.0,
USDCHF,mom rsi75 h8,30,75,design,43.258426966292134,356,721,0.0,0.0,100.0,
USDCHF,mom rsi75 h8,30,75,hold,43.258426966292134,356,199,0.0,0.0,100.0,
USDCHF,mom rsi75 h8,30,100,design,43.258426966292134,356,721,0.0,0.0,100.0,
USDCHF,mom rsi75 h8,30,100,hold,43.258426966292134,356,199,0.0,0.0,100.0,
USDCHF,mom rsi75 h8,30,125,design,43.258426966292134,356,721,0.4160887656033287,0.0,99.58391123439667,25.583333333333332
USDCHF,mom rsi75 h8,30,125,hold,43.258426966292134,356,199,0.0,0.0,100.0,
USDCHF,mom rsi75 h8,30,150,design,43.258426966292134,356,721,1.3869625520110958,0.0,98.6130374479889,20.666666666666664
USDCHF,mom rsi75 h8,30,150,hold,43.258426966292134,356,199,0.0,0.0,100.0,
USDCHF,mom rsi75 h8,30,200,design,43.258426966292134,356,721,1.3869625520110958,0.0,98.6130374479889,18.083333333333332
USDCHF,mom rsi75 h8,30,200,hold,43.258426966292134,356,199,0.0,0.0,100.0,
USDCHF,mom rsi75 h8,60,50,design,43.258426966292134,356,721,0.0,0.0,100.0,
USDCHF,mom rsi75 h8,60,50,hold,43.258426966292134,356,189,0.0,0.0,100.0,
USDCHF,mom rsi75 h8,60,75,design,43.258426966292134,356,721,0.0,0.0,100.0,
USDCHF,mom rsi75 h8,60,75,hold,43.258426966292134,356,189,0.0,0.0,100.0,
USDCHF,mom rsi75 h8,60,100,design,43.258426966292134,356,721,1.248266296809986,0.0,98.75173370319001,46.625
USDCHF,mom rsi75 h8,60,100,hold,43.258426966292134,356,189,0.0,0.0,100.0,
USDCHF,mom rsi75 h8,60,125,design,43.258426966292134,356,721,1.8030513176144243,0.0,98.19694868238558,40.583333333333336
USDCHF,mom rsi75 h8,60,125,hold,43.258426966292134,356,189,0.0,0.0,100.0,
USDCHF,mom rsi75 h8,60,150,design,43.258426966292134,356,721,2.7739251040221915,0.0,97.2260748959778,29.208333333333332
USDCHF,mom rsi75 h8,60,150,hold,43.258426966292134,356,189,0.0,0.0,100.0,
USDCHF,mom rsi75 h8,60,200,design,43.258426966292134,356,721,3.3287101248266295,0.0,96.67128987517337,35.208333333333336
USDCHF,mom rsi75 h8,60,200,hold,43.258426966292134,356,189,0.0,0.0,100.0,
USDCHF,mom rsi75 h8,90,50,design,43.258426966292134,356,721,0.0,0.0,100.0,
USDCHF,mom rsi75 h8,90,50,hold,43.258426966292134,356,179,0.0,0.0,100.0,
USDCHF,mom rsi75 h8,90,75,design,43.258426966292134,356,721,0.0,0.0,100.0,
USDCHF,mom rsi75 h8,90,75,hold,43.258426966292134,356,179,0.0,0.0,100.0,
USDCHF,mom rsi75 h8,90,100,design,43.258426966292134,356,721,2.6352288488210815,0.0,97.36477115117891,61.625
USDCHF,mom rsi75 h8,90,100,hold,43.258426966292134,356,179,0.0,0.0,100.0,
USDCHF,mom rsi75 h8,90,125,design,43.258426966292134,356,721,3.19001386962552,0.0,96.80998613037448,55.583333333333336
USDCHF,mom rsi75 h8,90,125,hold,43.258426966292134,356,179,0.0,0.0,100.0,
USDCHF,mom rsi75 h8,90,150,design,43.258426966292134,356,721,4.160887656033287,0.0,95.83911234396672,44.208333333333336
USDCHF,mom rsi75 h8,90,150,hold,43.258426966292134,356,179,0.0,0.0,100.0,
USDCHF,mom rsi75 h8,90,200,design,43.258426966292134,356,721,6.2413314840499305,0.0,93.75866851595008,57.708333333333336
USDCHF,mom rsi75 h8,90,200,hold,43.258426966292134,356,179,0.0,1.1173184357541899,98.88268156424581,
USDCHF,mom rsi75 h8,365,50,design,43.258426966292134,356,721,0.0,0.0,100.0,
USDCHF,mom rsi75 h8,365,50,hold,43.258426966292134,356,119,0.0,0.0,100.0,
USDCHF,mom rsi75 h8,365,75,design,43.258426966292134,356,721,0.0,0.0,100.0,
USDCHF,mom rsi75 h8,365,75,hold,43.258426966292134,356,119,0.0,0.0,100.0,
USDCHF,mom rsi75 h8,365,100,design,43.258426966292134,356,721,5.131761442441054,0.0,94.86823855755895,88.625
USDCHF,mom rsi75 h8,365,100,hold,43.258426966292134,356,119,0.0,46.21848739495798,53.78151260504202,
USDCHF,mom rsi75 h8,365,125,design,43.258426966292134,356,721,9.986130374479888,0.0,90.01386962552012,123.20833333333333
USDCHF,mom rsi75 h8,365,125,hold,43.258426966292134,356,119,0.0,71.42857142857143,28.57142857142857,
USDCHF,mom rsi75 h8,365,150,design,43.258426966292134,356,721,12.62135922330097,10.540915395284326,76.8377253814147,130.58333333333334
USDCHF,mom rsi75 h8,365,150,hold,43.258426966292134,356,119,0.0,78.99159663865547,21.008403361344538,
USDCHF,mom rsi75 h8,365,200,design,43.258426966292134,356,721,19.694868238557557,39.1123439667129,41.19278779472954,122.77083333333333
USDCHF,mom rsi75 h8,365,200,hold,43.258426966292134,356,119,10.084033613445378,89.07563025210085,0.8403361344537815,161.33333333333334
USDCAD,fade3.0/20 h4,30,50,design,45.70446735395189,291,721,0.0,0.0,100.0,
USDCAD,fade3.0/20 h4,30,50,hold,45.70446735395189,291,200,0.0,0.0,100.0,
USDCAD,fade3.0/20 h4,30,75,design,45.70446735395189,291,721,0.0,0.0,100.0,
USDCAD,fade3.0/20 h4,30,75,hold,45.70446735395189,291,200,0.0,0.0,100.0,
USDCAD,fade3.0/20 h4,30,100,design,45.70446735395189,291,721,0.0,0.0,100.0,
USDCAD,fade3.0/20 h4,30,100,hold,45.70446735395189,291,200,0.0,0.0,100.0,
USDCAD,fade3.0/20 h4,30,125,design,45.70446735395189,291,721,0.0,0.0,100.0,
USDCAD,fade3.0/20 h4,30,125,hold,45.70446735395189,291,200,0.0,0.0,100.0,
USDCAD,fade3.0/20 h4,30,150,design,45.70446735395189,291,721,0.0,0.0,100.0,
USDCAD,fade3.0/20 h4,30,150,hold,45.70446735395189,291,200,0.0,0.0,100.0,
USDCAD,fade3.0/20 h4,30,200,design,45.70446735395189,291,721,0.0,0.0,100.0,
USDCAD,fade3.0/20 h4,30,200,hold,45.70446735395189,291,200,0.0,0.0,100.0,
USDCAD,fade3.0/20 h4,60,50,design,45.70446735395189,291,721,0.0,0.0,100.0,
USDCAD,fade3.0/20 h4,60,50,hold,45.70446735395189,291,190,0.0,0.0,100.0,
USDCAD,fade3.0/20 h4,60,75,design,45.70446735395189,291,721,0.0,0.0,100.0,
USDCAD,fade3.0/20 h4,60,75,hold,45.70446735395189,291,190,0.0,0.0,100.0,
USDCAD,fade3.0/20 h4,60,100,design,45.70446735395189,291,721,0.0,0.0,100.0,
USDCAD,fade3.0/20 h4,60,100,hold,45.70446735395189,291,190,0.0,0.0,100.0,
USDCAD,fade3.0/20 h4,60,125,design,45.70446735395189,291,721,0.0,0.0,100.0,
USDCAD,fade3.0/20 h4,60,125,hold,45.70446735395189,291,190,0.0,0.0,100.0,
USDCAD,fade3.0/20 h4,60,150,design,45.70446735395189,291,721,0.0,0.0,100.0,
USDCAD,fade3.0/20 h4,60,150,hold,45.70446735395189,291,190,0.0,0.0,100.0,
USDCAD,fade3.0/20 h4,60,200,design,45.70446735395189,291,721,0.0,0.0,100.0,
USDCAD,fade3.0/20 h4,60,200,hold,45.70446735395189,291,190,0.0,0.0,100.0,
USDCAD,fade3.0/20 h4,90,50,design,45.70446735395189,291,721,0.0,0.0,100.0,
USDCAD,fade3.0/20 h4,90,50,hold,45.70446735395189,291,180,0.0,0.0,100.0,
USDCAD,fade3.0/20 h4,90,75,design,45.70446735395189,291,721,0.0,0.0,100.0,
USDCAD,fade3.0/20 h4,90,75,hold,45.70446735395189,291,180,0.0,0.0,100.0,
USDCAD,fade3.0/20 h4,90,100,design,45.70446735395189,291,721,0.0,0.0,100.0,
USDCAD,fade3.0/20 h4,90,100,hold,45.70446735395189,291,180,0.0,0.0,100.0,
USDCAD,fade3.0/20 h4,90,125,design,45.70446735395189,291,721,0.0,0.0,100.0,
USDCAD,fade3.0/20 h4,90,125,hold,45.70446735395189,291,180,0.0,0.0,100.0,
USDCAD,fade3.0/20 h4,90,150,design,45.70446735395189,291,721,0.0,0.0,100.0,
USDCAD,fade3.0/20 h4,90,150,hold,45.70446735395189,291,180,0.0,0.0,100.0,
USDCAD,fade3.0/20 h4,90,200,design,45.70446735395189,291,721,0.0,0.0,100.0,
USDCAD,fade3.0/20 h4,90,200,hold,45.70446735395189,291,180,0.0,0.0,100.0,
USDCAD,fade3.0/20 h4,365,50,design,45.70446735395189,291,721,0.0,0.0,100.0,
USDCAD,fade3.0/20 h4,365,50,hold,45.70446735395189,291,120,0.0,0.0,100.0,
USDCAD,fade3.0/20 h4,365,75,design,45.70446735395189,291,721,0.0,0.0,100.0,
USDCAD,fade3.0/20 h4,365,75,hold,45.70446735395189,291,120,0.0,0.0,100.0,
USDCAD,fade3.0/20 h4,365,100,design,45.70446735395189,291,721,0.0,0.0,100.0,
USDCAD,fade3.0/20 h4,365,100,hold,45.70446735395189,291,120,0.0,0.0,100.0,
USDCAD,fade3.0/20 h4,365,125,design,45.70446735395189,291,721,0.0,0.0,100.0,
USDCAD,fade3.0/20 h4,365,125,hold,45.70446735395189,291,120,0.0,0.0,100.0,
USDCAD,fade3.0/20 h4,365,150,design,45.70446735395189,291,721,0.0,0.0,100.0,
USDCAD,fade3.0/20 h4,365,150,hold,45.70446735395189,291,120,0.0,0.0,100.0,
USDCAD,fade3.0/20 h4,365,200,design,45.70446735395189,291,721,1.1095700416088765,6.934812760055478,91.95561719833564,346.8333333333333
USDCAD,fade3.0/20 h4,365,200,hold,45.70446735395189,291,120,0.0,0.0,100.0,
USDCAD,fade3.0/20 h8,30,50,design,49.82698961937716,289,721,0.0,0.0,100.0,
USDCAD,fade3.0/20 h8,30,50,hold,49.82698961937716,289,200,0.0,0.0,100.0,
USDCAD,fade3.0/20 h8,30,75,design,49.82698961937716,289,721,0.0,0.0,100.0,
USDCAD,fade3.0/20 h8,30,75,hold,49.82698961937716,289,200,0.0,0.0,100.0,
USDCAD,fade3.0/20 h8,30,100,design,49.82698961937716,289,721,0.0,0.0,100.0,
USDCAD,fade3.0/20 h8,30,100,hold,49.82698961937716,289,200,0.0,0.0,100.0,
USDCAD,fade3.0/20 h8,30,125,design,49.82698961937716,289,721,0.0,0.0,100.0,
USDCAD,fade3.0/20 h8,30,125,hold,49.82698961937716,289,200,0.0,0.0,100.0,
USDCAD,fade3.0/20 h8,30,150,design,49.82698961937716,289,721,0.0,0.0,100.0,
USDCAD,fade3.0/20 h8,30,150,hold,49.82698961937716,289,200,0.0,0.0,100.0,
USDCAD,fade3.0/20 h8,30,200,design,49.82698961937716,289,721,0.4160887656033287,0.0,99.58391123439667,24.458333333333332
USDCAD,fade3.0/20 h8,30,200,hold,49.82698961937716,289,200,0.0,0.0,100.0,
USDCAD,fade3.0/20 h8,60,50,design,49.82698961937716,289,721,0.0,0.0,100.0,
USDCAD,fade3.0/20 h8,60,50,hold,49.82698961937716,289,190,0.0,0.0,100.0,
USDCAD,fade3.0/20 h8,60,75,design,49.82698961937716,289,721,0.0,0.0,100.0,
USDCAD,fade3.0/20 h8,60,75,hold,49.82698961937716,289,190,0.0,0.0,100.0,
USDCAD,fade3.0/20 h8,60,100,design,49.82698961937716,289,721,0.0,0.0,100.0,
USDCAD,fade3.0/20 h8,60,100,hold,49.82698961937716,289,190,0.0,0.0,100.0,
USDCAD,fade3.0/20 h8,60,125,design,49.82698961937716,289,721,0.13869625520110956,0.0,99.86130374479889,57.5
USDCAD,fade3.0/20 h8,60,125,hold,49.82698961937716,289,190,0.0,0.0,100.0,
USDCAD,fade3.0/20 h8,60,150,design,49.82698961937716,289,721,1.248266296809986,0.0,98.75173370319001,46.458333333333336
USDCAD,fade3.0/20 h8,60,150,hold,49.82698961937716,289,190,0.0,0.0,100.0,
USDCAD,fade3.0/20 h8,60,200,design,49.82698961937716,289,721,2.496532593619972,0.0,97.50346740638003,44.270833333333336
USDCAD,fade3.0/20 h8,60,200,hold,49.82698961937716,289,190,0.0,0.0,100.0,
USDCAD,fade3.0/20 h8,90,50,design,49.82698961937716,289,721,0.0,0.0,100.0,
USDCAD,fade3.0/20 h8,90,50,hold,49.82698961937716,289,180,0.0,0.0,100.0,
USDCAD,fade3.0/20 h8,90,75,design,49.82698961937716,289,721,0.0,0.0,100.0,
USDCAD,fade3.0/20 h8,90,75,hold,49.82698961937716,289,180,0.0,0.0,100.0,
USDCAD,fade3.0/20 h8,90,100,design,49.82698961937716,289,721,0.0,0.0,100.0,
USDCAD,fade3.0/20 h8,90,100,hold,49.82698961937716,289,180,0.0,0.0,100.0,
USDCAD,fade3.0/20 h8,90,125,design,49.82698961937716,289,721,2.219140083217753,0.0,97.78085991678225,74.47916666666666
USDCAD,fade3.0/20 h8,90,125,hold,49.82698961937716,289,180,0.0,0.0,100.0,
USDCAD,fade3.0/20 h8,90,150,design,49.82698961937716,289,721,2.6352288488210815,0.0,97.36477115117891,60.458333333333336
USDCAD,fade3.0/20 h8,90,150,hold,49.82698961937716,289,180,0.0,0.0,100.0,
USDCAD,fade3.0/20 h8,90,200,design,49.82698961937716,289,721,3.6061026352288486,0.0,96.39389736477115,50.270833333333336
USDCAD,fade3.0/20 h8,90,200,hold,49.82698961937716,289,180,4.444444444444445,0.0,95.55555555555556,78.95833333333333
USDCAD,fade3.0/20 h8,365,50,design,49.82698961937716,289,721,0.0,0.0,100.0,
USDCAD,fade3.0/20 h8,365,50,hold,49.82698961937716,289,120,0.0,0.0,100.0,
USDCAD,fade3.0/20 h8,365,75,design,49.82698961937716,289,721,0.0,0.0,100.0,
USDCAD,fade3.0/20 h8,365,75,hold,49.82698961937716,289,120,0.0,0.0,100.0,
USDCAD,fade3.0/20 h8,365,100,design,49.82698961937716,289,721,0.27739251040221913,0.0,99.72260748959778,355.9166666666667
USDCAD,fade3.0/20 h8,365,100,hold,49.82698961937716,289,120,0.0,0.0,100.0,
USDCAD,fade3.0/20 h8,365,125,design,49.82698961937716,289,721,11.095700416088766,0.0,88.90429958391124,230.0
USDCAD,fade3.0/20 h8,365,125,hold,49.82698961937716,289,120,4.166666666666666,0.0,95.83333333333334,236.45833333333334
USDCAD,fade3.0/20 h8,365,150,design,49.82698961937716,289,721,17.891816920943135,0.0,82.10818307905686,212.5
USDCAD,fade3.0/20 h8,365,150,hold,49.82698961937716,289,120,27.500000000000004,0.0,72.5,209.45833333333334
USDCAD,fade3.0/20 h8,365,200,design,49.82698961937716,289,721,27.739251040221912,4.715672676837725,67.54507628294036,224.9375
USDCAD,fade3.0/20 h8,365,200,hold,49.82698961937716,289,120,47.5,0.0,52.5,143.45833333333334
USDCAD,fade2.5/25 h4,30,50,design,47.629083245521606,949,721,0.0,0.0,100.0,
USDCAD,fade2.5/25 h4,30,50,hold,47.629083245521606,949,202,0.0,0.0,100.0,
USDCAD,fade2.5/25 h4,30,75,design,47.629083245521606,949,721,0.0,0.0,100.0,
USDCAD,fade2.5/25 h4,30,75,hold,47.629083245521606,949,202,0.0,0.0,100.0,
USDCAD,fade2.5/25 h4,30,100,design,47.629083245521606,949,721,0.0,0.0,100.0,
USDCAD,fade2.5/25 h4,30,100,hold,47.629083245521606,949,202,0.0,0.0,100.0,
USDCAD,fade2.5/25 h4,30,125,design,47.629083245521606,949,721,0.0,0.0,100.0,
USDCAD,fade2.5/25 h4,30,125,hold,47.629083245521606,949,202,0.0,0.0,100.0,
USDCAD,fade2.5/25 h4,30,150,design,47.629083245521606,949,721,0.0,0.0,100.0,
USDCAD,fade2.5/25 h4,30,150,hold,47.629083245521606,949,202,0.0,0.0,100.0,
USDCAD,fade2.5/25 h4,30,200,design,47.629083245521606,949,721,0.4160887656033287,0.0,99.58391123439667,18.541666666666668
USDCAD,fade2.5/25 h4,30,200,hold,47.629083245521606,949,202,0.0,0.0,100.0,
USDCAD,fade2.5/25 h4,60,50,design,47.629083245521606,949,721,0.0,0.0,100.0,
USDCAD,fade2.5/25 h4,60,50,hold,47.629083245521606,949,192,0.0,0.0,100.0,
USDCAD,fade2.5/25 h4,60,75,design,47.629083245521606,949,721,0.0,0.0,100.0,
USDCAD,fade2.5/25 h4,60,75,hold,47.629083245521606,949,192,0.0,0.0,100.0,
USDCAD,fade2.5/25 h4,60,100,design,47.629083245521606,949,721,0.0,0.0,100.0,
USDCAD,fade2.5/25 h4,60,100,hold,47.629083245521606,949,192,0.0,0.0,100.0,
USDCAD,fade2.5/25 h4,60,125,design,47.629083245521606,949,721,0.0,0.0,100.0,
USDCAD,fade2.5/25 h4,60,125,hold,47.629083245521606,949,192,0.0,0.0,100.0,
USDCAD,fade2.5/25 h4,60,150,design,47.629083245521606,949,721,0.13869625520110956,0.0,99.86130374479889,58.541666666666664
USDCAD,fade2.5/25 h4,60,150,hold,47.629083245521606,949,192,0.0,0.0,100.0,
USDCAD,fade2.5/25 h4,60,200,design,47.629083245521606,949,721,3.19001386962552,0.27739251040221913,96.53259361997226,42.541666666666664
USDCAD,fade2.5/25 h4,60,200,hold,47.629083245521606,949,192,1.0416666666666665,0.0,98.95833333333334,57.833333333333336
USDCAD,fade2.5/25 h4,90,50,design,47.629083245521606,949,721,0.0,0.0,100.0,
USDCAD,fade2.5/25 h4,90,50,hold,47.629083245521606,949,182,0.0,0.0,100.0,
USDCAD,fade2.5/25 h4,90,75,design,47.629083245521606,949,721,0.0,0.0,100.0,
USDCAD,fade2.5/25 h4,90,75,hold,47.629083245521606,949,182,0.0,0.0,100.0,
USDCAD,fade2.5/25 h4,90,100,design,47.629083245521606,949,721,0.0,0.0,100.0,
USDCAD,fade2.5/25 h4,90,100,hold,47.629083245521606,949,182,0.0,0.0,100.0,
USDCAD,fade2.5/25 h4,90,125,design,47.629083245521606,949,721,0.4160887656033287,0.0,99.58391123439667,76.54166666666667
USDCAD,fade2.5/25 h4,90,125,hold,47.629083245521606,949,182,0.0,0.0,100.0,
USDCAD,fade2.5/25 h4,90,150,design,47.629083245521606,949,721,1.1095700416088765,0.0,98.89042995839112,68.47916666666667
USDCAD,fade2.5/25 h4,90,150,hold,47.629083245521606,949,182,2.197802197802198,0.0,97.8021978021978,81.83333333333333
USDCAD,fade2.5/25 h4,90,200,design,47.629083245521606,949,721,4.0221914008321775,4.2995839112343965,91.67822468793344,49.541666666666664
USDCAD,fade2.5/25 h4,90,200,hold,47.629083245521606,949,182,12.087912087912088,0.0,87.91208791208791,67.33333333333333
USDCAD,fade2.5/25 h4,365,50,design,47.629083245521606,949,721,0.0,0.0,100.0,
USDCAD,fade2.5/25 h4,365,50,hold,47.629083245521606,949,122,0.0,0.0,100.0,
USDCAD,fade2.5/25 h4,365,75,design,47.629083245521606,949,721,0.0,0.0,100.0,
USDCAD,fade2.5/25 h4,365,75,hold,47.629083245521606,949,122,0.0,0.0,100.0,
USDCAD,fade2.5/25 h4,365,100,design,47.629083245521606,949,721,0.0,4.160887656033287,95.83911234396672,
USDCAD,fade2.5/25 h4,365,100,hold,47.629083245521606,949,122,1.639344262295082,0.0,98.36065573770492,191.125
USDCAD,fade2.5/25 h4,365,125,design,47.629083245521606,949,721,0.6934812760055479,22.052704576976424,77.25381414701803,79.54166666666667
USDCAD,fade2.5/25 h4,365,125,hold,47.629083245521606,949,122,11.475409836065573,0.0,88.52459016393442,167.125
USDCAD,fade2.5/25 h4,365,150,design,47.629083245521606,949,721,1.5256588072122053,28.71012482662968,69.76421636615811,72.41666666666667
USDCAD,fade2.5/25 h4,365,150,hold,47.629083245521606,949,122,27.86885245901639,0.0,72.1311475409836,146.125
USDCAD,fade2.5/25 h4,365,200,design,47.629083245521606,949,721,9.153952843273231,53.81414701803051,37.03190013869626,198.04166666666666
USDCAD,fade2.5/25 h4,365,200,hold,47.629083245521606,949,122,46.72131147540984,0.0,53.278688524590166,129.625
USDCAD,fade2.5/25 h8,30,50,design,49.23245614035088,912,721,0.0,0.0,100.0,
USDCAD,fade2.5/25 h8,30,50,hold,49.23245614035088,912,202,0.0,0.0,100.0,
USDCAD,fade2.5/25 h8,30,75,design,49.23245614035088,912,721,0.0,0.0,100.0,
USDCAD,fade2.5/25 h8,30,75,hold,49.23245614035088,912,202,0.0,0.0,100.0,
USDCAD,fade2.5/25 h8,30,100,design,49.23245614035088,912,721,0.0,0.0,100.0,
USDCAD,fade2.5/25 h8,30,100,hold,49.23245614035088,912,202,0.0,0.0,100.0,
USDCAD,fade2.5/25 h8,30,125,design,49.23245614035088,912,721,0.0,0.0,100.0,
USDCAD,fade2.5/25 h8,30,125,hold,49.23245614035088,912,202,0.0,0.0,100.0,
USDCAD,fade2.5/25 h8,30,150,design,49.23245614035088,912,721,0.4160887656033287,0.27739251040221913,99.30651872399446,28.75
USDCAD,fade2.5/25 h8,30,150,hold,49.23245614035088,912,202,0.0,0.0,100.0,
USDCAD,fade2.5/25 h8,30,200,design,49.23245614035088,912,721,3.744798890429958,0.8321775312066574,95.42302357836338,22.75
USDCAD,fade2.5/25 h8,30,200,hold,49.23245614035088,912,202,2.4752475247524752,0.0,97.52475247524752,26.375
USDCAD,fade2.5/25 h8,60,50,design,49.23245614035088,912,721,0.0,0.0,100.0,
USDCAD,fade2.5/25 h8,60,50,hold,49.23245614035088,912,192,0.0,0.0,100.0,
USDCAD,fade2.5/25 h8,60,75,design,49.23245614035088,912,721,0.0,0.0,100.0,
USDCAD,fade2.5/25 h8,60,75,hold,49.23245614035088,912,192,0.0,0.0,100.0,
USDCAD,fade2.5/25 h8,60,100,design,49.23245614035088,912,721,0.0,0.0,100.0,
USDCAD,fade2.5/25 h8,60,100,hold,49.23245614035088,912,192,0.0,0.0,100.0,
USDCAD,fade2.5/25 h8,60,125,design,49.23245614035088,912,721,1.1095700416088765,0.0,98.89042995839112,48.625
USDCAD,fade2.5/25 h8,60,125,hold,49.23245614035088,912,192,0.0,0.0,100.0,
USDCAD,fade2.5/25 h8,60,150,design,49.23245614035088,912,721,4.438280166435506,1.6643550624133148,93.89736477115119,43.22916666666667
USDCAD,fade2.5/25 h8,60,150,hold,49.23245614035088,912,192,0.0,0.0,100.0,
USDCAD,fade2.5/25 h8,60,200,design,49.23245614035088,912,721,10.679611650485436,6.934812760055478,82.38557558945908,36.75
USDCAD,fade2.5/25 h8,60,200,hold,49.23245614035088,912,192,5.729166666666666,0.0,94.27083333333334,32.375
USDCAD,fade2.5/25 h8,90,50,design,49.23245614035088,912,721,0.0,0.0,100.0,
USDCAD,fade2.5/25 h8,90,50,hold,49.23245614035088,912,182,0.0,0.0,100.0,
USDCAD,fade2.5/25 h8,90,75,design,49.23245614035088,912,721,0.0,0.0,100.0,
USDCAD,fade2.5/25 h8,90,75,hold,49.23245614035088,912,182,0.0,0.0,100.0,
USDCAD,fade2.5/25 h8,90,100,design,49.23245614035088,912,721,0.5547850208044383,0.0,99.44521497919555,80.33333333333333
USDCAD,fade2.5/25 h8,90,100,hold,49.23245614035088,912,182,0.0,0.0,100.0,
USDCAD,fade2.5/25 h8,90,125,design,49.23245614035088,912,721,3.8834951456310676,0.0,96.11650485436894,68.70833333333333
USDCAD,fade2.5/25 h8,90,125,hold,49.23245614035088,912,182,0.0,0.0,100.0,
USDCAD,fade2.5/25 h8,90,150,design,49.23245614035088,912,721,8.183079056865465,4.993065187239944,86.82385575589458,58.208333333333336
USDCAD,fade2.5/25 h8,90,150,hold,49.23245614035088,912,182,0.0,0.0,100.0,
USDCAD,fade2.5/25 h8,90,200,design,49.23245614035088,912,721,19.00138696255201,16.78224687933426,64.21636615811373,54.5
USDCAD,fade2.5/25 h8,90,200,hold,49.23245614035088,912,182,18.13186813186813,0.0,81.86813186813187,70.5
USDCAD,fade2.5/25 h8,365,50,design,49.23245614035088,912,721,0.0,0.0,100.0,
USDCAD,fade2.5/25 h8,365,50,hold,49.23245614035088,912,122,0.0,0.0,100.0,
USDCAD,fade2.5/25 h8,365,75,design,49.23245614035088,912,721,2.3578363384188625,0.0,97.64216366158114,254.04166666666666
USDCAD,fade2.5/25 h8,365,75,hold,49.23245614035088,912,122,0.0,0.0,100.0,
USDCAD,fade2.5/25 h8,365,100,design,49.23245614035088,912,721,12.482662968099861,22.607489597780862,64.90984743411929,236.97916666666669
USDCAD,fade2.5/25 h8,365,100,hold,49.23245614035088,912,122,0.819672131147541,0.0,99.18032786885246,131.375
USDCAD,fade2.5/25 h8,365,125,design,49.23245614035088,912,721,28.43273231622746,36.89320388349515,34.674063800277395,247.20833333333334
USDCAD,fade2.5/25 h8,365,125,hold,49.23245614035088,912,122,22.131147540983605,0.0,77.8688524590164,139.5
USDCAD,fade2.5/25 h8,365,150,design,49.23245614035088,912,721,36.061026352288486,61.026352288488205,2.912621359223301,152.25
USDCAD,fade2.5/25 h8,365,150,hold,49.23245614035088,912,122,30.327868852459016,0.0,69.67213114754098,145.5
USDCAD,fade2.5/25 h8,365,200,design,49.23245614035088,912,721,40.221914008321775,59.77808599167822,0.0,93.9375
USDCAD,fade2.5/25 h8,365,200,hold,49.23245614035088,912,122,50.81967213114754,0.0,49.18032786885246,97.5
USDCAD,fade3.0/20 h4 L,30,50,design,44.44444444444444,153,721,0.0,0.0,100.0,
USDCAD,fade3.0/20 h4 L,30,50,hold,44.44444444444444,153,196,0.0,0.0,100.0,
USDCAD,fade3.0/20 h4 L,30,75,design,44.44444444444444,153,721,0.0,0.0,100.0,
USDCAD,fade3.0/20 h4 L,30,75,hold,44.44444444444444,153,196,0.0,0.0,100.0,
USDCAD,fade3.0/20 h4 L,30,100,design,44.44444444444444,153,721,0.0,0.0,100.0,
USDCAD,fade3.0/20 h4 L,30,100,hold,44.44444444444444,153,196,0.0,0.0,100.0,
USDCAD,fade3.0/20 h4 L,30,125,design,44.44444444444444,153,721,0.0,0.0,100.0,
USDCAD,fade3.0/20 h4 L,30,125,hold,44.44444444444444,153,196,0.0,0.0,100.0,
USDCAD,fade3.0/20 h4 L,30,150,design,44.44444444444444,153,721,0.0,0.0,100.0,
USDCAD,fade3.0/20 h4 L,30,150,hold,44.44444444444444,153,196,0.0,0.0,100.0,
USDCAD,fade3.0/20 h4 L,30,200,design,44.44444444444444,153,721,0.0,0.0,100.0,
USDCAD,fade3.0/20 h4 L,30,200,hold,44.44444444444444,153,196,0.0,0.0,100.0,
USDCAD,fade3.0/20 h4 L,60,50,design,44.44444444444444,153,721,0.0,0.0,100.0,
USDCAD,fade3.0/20 h4 L,60,50,hold,44.44444444444444,153,186,0.0,0.0,100.0,
USDCAD,fade3.0/20 h4 L,60,75,design,44.44444444444444,153,721,0.0,0.0,100.0,
USDCAD,fade3.0/20 h4 L,60,75,hold,44.44444444444444,153,186,0.0,0.0,100.0,
USDCAD,fade3.0/20 h4 L,60,100,design,44.44444444444444,153,721,0.0,0.0,100.0,
USDCAD,fade3.0/20 h4 L,60,100,hold,44.44444444444444,153,186,0.0,0.0,100.0,
USDCAD,fade3.0/20 h4 L,60,125,design,44.44444444444444,153,721,0.0,0.0,100.0,
USDCAD,fade3.0/20 h4 L,60,125,hold,44.44444444444444,153,186,0.0,0.0,100.0,
USDCAD,fade3.0/20 h4 L,60,150,design,44.44444444444444,153,721,0.0,0.0,100.0,
USDCAD,fade3.0/20 h4 L,60,150,hold,44.44444444444444,153,186,0.0,0.0,100.0,
USDCAD,fade3.0/20 h4 L,60,200,design,44.44444444444444,153,721,0.0,0.0,100.0,
USDCAD,fade3.0/20 h4 L,60,200,hold,44.44444444444444,153,186,0.0,0.0,100.0,
USDCAD,fade3.0/20 h4 L,90,50,design,44.44444444444444,153,721,0.0,0.0,100.0,
USDCAD,fade3.0/20 h4 L,90,50,hold,44.44444444444444,153,176,0.0,0.0,100.0,
USDCAD,fade3.0/20 h4 L,90,75,design,44.44444444444444,153,721,0.0,0.0,100.0,
USDCAD,fade3.0/20 h4 L,90,75,hold,44.44444444444444,153,176,0.0,0.0,100.0,
USDCAD,fade3.0/20 h4 L,90,100,design,44.44444444444444,153,721,0.0,0.0,100.0,
USDCAD,fade3.0/20 h4 L,90,100,hold,44.44444444444444,153,176,0.0,0.0,100.0,
USDCAD,fade3.0/20 h4 L,90,125,design,44.44444444444444,153,721,0.0,0.0,100.0,
USDCAD,fade3.0/20 h4 L,90,125,hold,44.44444444444444,153,176,0.0,0.0,100.0,
USDCAD,fade3.0/20 h4 L,90,150,design,44.44444444444444,153,721,0.0,0.0,100.0,
USDCAD,fade3.0/20 h4 L,90,150,hold,44.44444444444444,153,176,0.0,0.0,100.0,
USDCAD,fade3.0/20 h4 L,90,200,design,44.44444444444444,153,721,0.0,0.0,100.0,
USDCAD,fade3.0/20 h4 L,90,200,hold,44.44444444444444,153,176,0.0,0.0,100.0,
USDCAD,fade3.0/20 h4 L,365,50,design,44.44444444444444,153,721,0.0,0.0,100.0,
USDCAD,fade3.0/20 h4 L,365,50,hold,44.44444444444444,153,116,0.0,0.0,100.0,
USDCAD,fade3.0/20 h4 L,365,75,design,44.44444444444444,153,721,0.0,0.0,100.0,
USDCAD,fade3.0/20 h4 L,365,75,hold,44.44444444444444,153,116,0.0,0.0,100.0,
USDCAD,fade3.0/20 h4 L,365,100,design,44.44444444444444,153,721,0.0,0.0,100.0,
USDCAD,fade3.0/20 h4 L,365,100,hold,44.44444444444444,153,116,0.0,0.0,100.0,
USDCAD,fade3.0/20 h4 L,365,125,design,44.44444444444444,153,721,0.0,0.0,100.0,
USDCAD,fade3.0/20 h4 L,365,125,hold,44.44444444444444,153,116,0.0,0.0,100.0,
USDCAD,fade3.0/20 h4 L,365,150,design,44.44444444444444,153,721,0.0,0.0,100.0,
USDCAD,fade3.0/20 h4 L,365,150,hold,44.44444444444444,153,116,0.0,0.0,100.0,
USDCAD,fade3.0/20 h4 L,365,200,design,44.44444444444444,153,721,0.0,0.0,100.0,
USDCAD,fade3.0/20 h4 L,365,200,hold,44.44444444444444,153,116,0.0,0.0,100.0,
USDCAD,fade3.0/20 h8 L,30,50,design,49.00662251655629,151,721,0.0,0.0,100.0,
USDCAD,fade3.0/20 h8 L,30,50,hold,49.00662251655629,151,196,0.0,0.0,100.0,
USDCAD,fade3.0/20 h8 L,30,75,design,49.00662251655629,151,721,0.0,0.0,100.0,
USDCAD,fade3.0/20 h8 L,30,75,hold,49.00662251655629,151,196,0.0,0.0,100.0,
USDCAD,fade3.0/20 h8 L,30,100,design,49.00662251655629,151,721,0.0,0.0,100.0,
USDCAD,fade3.0/20 h8 L,30,100,hold,49.00662251655629,151,196,0.0,0.0,100.0,
USDCAD,fade3.0/20 h8 L,30,125,design,49.00662251655629,151,721,0.0,0.0,100.0,
USDCAD,fade3.0/20 h8 L,30,125,hold,49.00662251655629,151,196,0.0,0.0,100.0,
USDCAD,fade3.0/20 h8 L,30,150,design,49.00662251655629,151,721,0.0,0.0,100.0,
USDCAD,fade3.0/20 h8 L,30,150,hold,49.00662251655629,151,196,0.0,0.0,100.0,
USDCAD,fade3.0/20 h8 L,30,200,design,49.00662251655629,151,721,0.0,0.0,100.0,
USDCAD,fade3.0/20 h8 L,30,200,hold,49.00662251655629,151,196,0.0,0.0,100.0,
USDCAD,fade3.0/20 h8 L,60,50,design,49.00662251655629,151,721,0.0,0.0,100.0,
USDCAD,fade3.0/20 h8 L,60,50,hold,49.00662251655629,151,186,0.0,0.0,100.0,
USDCAD,fade3.0/20 h8 L,60,75,design,49.00662251655629,151,721,0.0,0.0,100.0,
USDCAD,fade3.0/20 h8 L,60,75,hold,49.00662251655629,151,186,0.0,0.0,100.0,
USDCAD,fade3.0/20 h8 L,60,100,design,49.00662251655629,151,721,0.0,0.0,100.0,
USDCAD,fade3.0/20 h8 L,60,100,hold,49.00662251655629,151,186,0.0,0.0,100.0,
USDCAD,fade3.0/20 h8 L,60,125,design,49.00662251655629,151,721,0.0,0.0,100.0,
USDCAD,fade3.0/20 h8 L,60,125,hold,49.00662251655629,151,186,0.0,0.0,100.0,
USDCAD,fade3.0/20 h8 L,60,150,design,49.00662251655629,151,721,0.0,0.0,100.0,
USDCAD,fade3.0/20 h8 L,60,150,hold,49.00662251655629,151,186,0.0,0.0,100.0,
USDCAD,fade3.0/20 h8 L,60,200,design,49.00662251655629,151,721,0.0,0.0,100.0,
USDCAD,fade3.0/20 h8 L,60,200,hold,49.00662251655629,151,186,0.0,0.0,100.0,
USDCAD,fade3.0/20 h8 L,90,50,design,49.00662251655629,151,721,0.0,0.0,100.0,
USDCAD,fade3.0/20 h8 L,90,50,hold,49.00662251655629,151,176,0.0,0.0,100.0,
USDCAD,fade3.0/20 h8 L,90,75,design,49.00662251655629,151,721,0.0,0.0,100.0,
USDCAD,fade3.0/20 h8 L,90,75,hold,49.00662251655629,151,176,0.0,0.0,100.0,
USDCAD,fade3.0/20 h8 L,90,100,design,49.00662251655629,151,721,0.0,0.0,100.0,
USDCAD,fade3.0/20 h8 L,90,100,hold,49.00662251655629,151,176,0.0,0.0,100.0,
USDCAD,fade3.0/20 h8 L,90,125,design,49.00662251655629,151,721,0.0,0.0,100.0,
USDCAD,fade3.0/20 h8 L,90,125,hold,49.00662251655629,151,176,0.0,0.0,100.0,
USDCAD,fade3.0/20 h8 L,90,150,design,49.00662251655629,151,721,0.0,0.0,100.0,
USDCAD,fade3.0/20 h8 L,90,150,hold,49.00662251655629,151,176,0.0,0.0,100.0,
USDCAD,fade3.0/20 h8 L,90,200,design,49.00662251655629,151,721,0.0,0.0,100.0,
USDCAD,fade3.0/20 h8 L,90,200,hold,49.00662251655629,151,176,3.4090909090909087,0.0,96.5909090909091,81.95833333333333
USDCAD,fade3.0/20 h8 L,365,50,design,49.00662251655629,151,721,0.0,0.0,100.0,
USDCAD,fade3.0/20 h8 L,365,50,hold,49.00662251655629,151,116,0.0,0.0,100.0,
USDCAD,fade3.0/20 h8 L,365,75,design,49.00662251655629,151,721,0.0,0.0,100.0,
USDCAD,fade3.0/20 h8 L,365,75,hold,49.00662251655629,151,116,0.0,0.0,100.0,
USDCAD,fade3.0/20 h8 L,365,100,design,49.00662251655629,151,721,0.0,0.0,100.0,
USDCAD,fade3.0/20 h8 L,365,100,hold,49.00662251655629,151,116,0.0,0.0,100.0,
USDCAD,fade3.0/20 h8 L,365,125,design,49.00662251655629,151,721,2.7739251040221915,0.0,97.2260748959778,310.39583333333337
USDCAD,fade3.0/20 h8 L,365,125,hold,49.00662251655629,151,116,5.172413793103448,0.0,94.82758620689656,235.91666666666666
USDCAD,fade3.0/20 h8 L,365,150,design,49.00662251655629,151,721,5.547850208044383,0.0,94.45214979195562,293.4375
USDCAD,fade3.0/20 h8 L,365,150,hold,49.00662251655629,151,116,37.93103448275862,0.0,62.06896551724138,177.95833333333334
USDCAD,fade3.0/20 h8 L,365,200,design,49.00662251655629,151,721,6.51872399445215,0.0,93.48127600554785,262.625
USDCAD,fade3.0/20 h8 L,365,200,hold,49.00662251655629,151,116,48.275862068965516,0.0,51.724137931034484,138.125
USDCAD,fade2.5/25 h4 L,30,50,design,45.14038876889849,463,721,0.0,0.0,100.0,
USDCAD,fade2.5/25 h4 L,30,50,hold,45.14038876889849,463,199,0.0,0.0,100.0,
USDCAD,fade2.5/25 h4 L,30,75,design,45.14038876889849,463,721,0.0,0.0,100.0,
USDCAD,fade2.5/25 h4 L,30,75,hold,45.14038876889849,463,199,0.0,0.0,100.0,
USDCAD,fade2.5/25 h4 L,30,100,design,45.14038876889849,463,721,0.0,0.0,100.0,
USDCAD,fade2.5/25 h4 L,30,100,hold,45.14038876889849,463,199,0.0,0.0,100.0,
USDCAD,fade2.5/25 h4 L,30,125,design,45.14038876889849,463,721,0.0,0.0,100.0,
USDCAD,fade2.5/25 h4 L,30,125,hold,45.14038876889849,463,199,0.0,0.0,100.0,
USDCAD,fade2.5/25 h4 L,30,150,design,45.14038876889849,463,721,0.0,0.0,100.0,
USDCAD,fade2.5/25 h4 L,30,150,hold,45.14038876889849,463,199,0.0,0.0,100.0,
USDCAD,fade2.5/25 h4 L,30,200,design,45.14038876889849,463,721,0.0,0.0,100.0,
USDCAD,fade2.5/25 h4 L,30,200,hold,45.14038876889849,463,199,0.0,0.0,100.0,
USDCAD,fade2.5/25 h4 L,60,50,design,45.14038876889849,463,721,0.0,0.0,100.0,
USDCAD,fade2.5/25 h4 L,60,50,hold,45.14038876889849,463,189,0.0,0.0,100.0,
USDCAD,fade2.5/25 h4 L,60,75,design,45.14038876889849,463,721,0.0,0.0,100.0,
USDCAD,fade2.5/25 h4 L,60,75,hold,45.14038876889849,463,189,0.0,0.0,100.0,
USDCAD,fade2.5/25 h4 L,60,100,design,45.14038876889849,463,721,0.0,0.0,100.0,
USDCAD,fade2.5/25 h4 L,60,100,hold,45.14038876889849,463,189,0.0,0.0,100.0,
USDCAD,fade2.5/25 h4 L,60,125,design,45.14038876889849,463,721,0.0,0.0,100.0,
USDCAD,fade2.5/25 h4 L,60,125,hold,45.14038876889849,463,189,0.0,0.0,100.0,
USDCAD,fade2.5/25 h4 L,60,150,design,45.14038876889849,463,721,0.0,0.0,100.0,
USDCAD,fade2.5/25 h4 L,60,150,hold,45.14038876889849,463,189,0.0,0.0,100.0,
USDCAD,fade2.5/25 h4 L,60,200,design,45.14038876889849,463,721,0.0,0.0,100.0,
USDCAD,fade2.5/25 h4 L,60,200,hold,45.14038876889849,463,189,0.0,0.0,100.0,
USDCAD,fade2.5/25 h4 L,90,50,design,45.14038876889849,463,721,0.0,0.0,100.0,
USDCAD,fade2.5/25 h4 L,90,50,hold,45.14038876889849,463,179,0.0,0.0,100.0,
USDCAD,fade2.5/25 h4 L,90,75,design,45.14038876889849,463,721,0.0,0.0,100.0,
USDCAD,fade2.5/25 h4 L,90,75,hold,45.14038876889849,463,179,0.0,0.0,100.0,
USDCAD,fade2.5/25 h4 L,90,100,design,45.14038876889849,463,721,0.0,0.0,100.0,
USDCAD,fade2.5/25 h4 L,90,100,hold,45.14038876889849,463,179,0.0,0.0,100.0,
USDCAD,fade2.5/25 h4 L,90,125,design,45.14038876889849,463,721,0.0,0.0,100.0,
USDCAD,fade2.5/25 h4 L,90,125,hold,45.14038876889849,463,179,0.0,0.0,100.0,
USDCAD,fade2.5/25 h4 L,90,150,design,45.14038876889849,463,721,0.0,0.0,100.0,
USDCAD,fade2.5/25 h4 L,90,150,hold,45.14038876889849,463,179,0.0,0.0,100.0,
USDCAD,fade2.5/25 h4 L,90,200,design,45.14038876889849,463,721,0.8321775312066574,0.0,99.16782246879335,81.375
USDCAD,fade2.5/25 h4 L,90,200,hold,45.14038876889849,463,179,10.05586592178771,0.0,89.94413407821229,78.33333333333333
USDCAD,fade2.5/25 h4 L,365,50,design,45.14038876889849,463,721,0.0,0.0,100.0,
USDCAD,fade2.5/25 h4 L,365,50,hold,45.14038876889849,463,119,0.0,0.0,100.0,
USDCAD,fade2.5/25 h4 L,365,75,design,45.14038876889849,463,721,0.0,0.0,100.0,
USDCAD,fade2.5/25 h4 L,365,75,hold,45.14038876889849,463,119,0.0,0.0,100.0,
USDCAD,fade2.5/25 h4 L,365,100,design,45.14038876889849,463,721,0.0,0.0,100.0,
USDCAD,fade2.5/25 h4 L,365,100,hold,45.14038876889849,463,119,0.0,0.0,100.0,
USDCAD,fade2.5/25 h4 L,365,125,design,45.14038876889849,463,721,0.0,2.3578363384188625,97.64216366158114,
USDCAD,fade2.5/25 h4 L,365,125,hold,45.14038876889849,463,119,5.042016806722689,0.0,94.9579831932773,183.75
USDCAD,fade2.5/25 h4 L,365,150,design,45.14038876889849,463,721,1.5256588072122053,13.592233009708737,84.88210818307905,255.41666666666666
USDCAD,fade2.5/25 h4 L,365,150,hold,45.14038876889849,463,119,13.445378151260504,0.0,86.5546218487395,164.29166666666669
USDCAD,fade2.5/25 h4 L,365,200,design,45.14038876889849,463,721,8.183079056865465,32.17753120665742,59.63938973647711,195.41666666666666
USDCAD,fade2.5/25 h4 L,365,200,hold,45.14038876889849,463,119,51.26050420168067,0.0,48.739495798319325,147.25
USDCAD,fade2.5/25 h8 L,30,50,design,49.00221729490023,451,721,0.0,0.0,100.0,
USDCAD,fade2.5/25 h8 L,30,50,hold,49.00221729490023,451,199,0.0,0.0,100.0,
USDCAD,fade2.5/25 h8 L,30,75,design,49.00221729490023,451,721,0.0,0.0,100.0,
USDCAD,fade2.5/25 h8 L,30,75,hold,49.00221729490023,451,199,0.0,0.0,100.0,
USDCAD,fade2.5/25 h8 L,30,100,design,49.00221729490023,451,721,0.0,0.0,100.0,
USDCAD,fade2.5/25 h8 L,30,100,hold,49.00221729490023,451,199,0.0,0.0,100.0,
USDCAD,fade2.5/25 h8 L,30,125,design,49.00221729490023,451,721,0.0,0.0,100.0,
USDCAD,fade2.5/25 h8 L,30,125,hold,49.00221729490023,451,199,0.0,0.0,100.0,
USDCAD,fade2.5/25 h8 L,30,150,design,49.00221729490023,451,721,0.0,0.0,100.0,
USDCAD,fade2.5/25 h8 L,30,150,hold,49.00221729490023,451,199,0.0,0.0,100.0,
USDCAD,fade2.5/25 h8 L,30,200,design,49.00221729490023,451,721,0.13869625520110956,0.0,99.86130374479889,25.75
USDCAD,fade2.5/25 h8 L,30,200,hold,49.00221729490023,451,199,3.015075376884422,0.0,96.98492462311557,21.0
USDCAD,fade2.5/25 h8 L,60,50,design,49.00221729490023,451,721,0.0,0.0,100.0,
USDCAD,fade2.5/25 h8 L,60,50,hold,49.00221729490023,451,189,0.0,0.0,100.0,
USDCAD,fade2.5/25 h8 L,60,75,design,49.00221729490023,451,721,0.0,0.0,100.0,
USDCAD,fade2.5/25 h8 L,60,75,hold,49.00221729490023,451,189,0.0,0.0,100.0,
USDCAD,fade2.5/25 h8 L,60,100,design,49.00221729490023,451,721,0.0,0.0,100.0,
USDCAD,fade2.5/25 h8 L,60,100,hold,49.00221729490023,451,189,0.0,0.0,100.0,
USDCAD,fade2.5/25 h8 L,60,125,design,49.00221729490023,451,721,0.0,0.0,100.0,
USDCAD,fade2.5/25 h8 L,60,125,hold,49.00221729490023,451,189,1.0582010582010581,0.0,98.94179894179894,54.875
USDCAD,fade2.5/25 h8 L,60,150,design,49.00221729490023,451,721,0.27739251040221913,0.0,99.72260748959778,57.958333333333336
USDCAD,fade2.5/25 h8 L,60,150,hold,49.00221729490023,451,189,2.6455026455026456,0.0,97.35449735449735,52.5
USDCAD,fade2.5/25 h8 L,60,200,design,49.00221729490023,451,721,2.7739251040221915,0.13869625520110956,97.0873786407767,50.625
USDCAD,fade2.5/25 h8 L,60,200,hold,49.00221729490023,451,189,8.994708994708994,0.0,91.005291005291,37.5
USDCAD,fade2.5/25 h8 L,90,50,design,49.00221729490023,451,721,0.0,0.0,100.0,
USDCAD,fade2.5/25 h8 L,90,50,hold,49.00221729490023,451,179,0.0,0.0,100.0,
USDCAD,fade2.5/25 h8 L,90,75,design,49.00221729490023,451,721,0.0,0.0,100.0,
USDCAD,fade2.5/25 h8 L,90,75,hold,49.00221729490023,451,179,0.0,0.0,100.0,
USDCAD,fade2.5/25 h8 L,90,100,design,49.00221729490023,451,721,0.0,0.0,100.0,
USDCAD,fade2.5/25 h8 L,90,100,hold,49.00221729490023,451,179,0.0,0.0,100.0,
USDCAD,fade2.5/25 h8 L,90,125,design,49.00221729490023,451,721,0.0,0.0,100.0,
USDCAD,fade2.5/25 h8 L,90,125,hold,49.00221729490023,451,179,3.910614525139665,0.0,96.08938547486034,83.375
USDCAD,fade2.5/25 h8 L,90,150,design,49.00221729490023,451,721,2.0804438280166435,0.0,97.91955617198336,77.45833333333333
USDCAD,fade2.5/25 h8 L,90,150,hold,49.00221729490023,451,179,10.614525139664805,0.0,89.3854748603352,67.5
USDCAD,fade2.5/25 h8 L,90,200,design,49.00221729490023,451,721,7.628294036061026,1.5256588072122053,90.84604715672677,67.75
USDCAD,fade2.5/25 h8 L,90,200,hold,49.00221729490023,451,179,17.877094972067038,0.0,82.12290502793296,57.125
USDCAD,fade2.5/25 h8 L,365,50,design,49.00221729490023,451,721,0.0,0.0,100.0,
USDCAD,fade2.5/25 h8 L,365,50,hold,49.00221729490023,451,119,0.0,0.0,100.0,
USDCAD,fade2.5/25 h8 L,365,75,design,49.00221729490023,451,721,0.6934812760055479,0.0,99.30651872399446,313.5
USDCAD,fade2.5/25 h8 L,365,75,hold,49.00221729490023,451,119,0.0,0.0,100.0,
USDCAD,fade2.5/25 h8 L,365,100,design,49.00221729490023,451,721,7.212205270457697,2.6352288488210815,90.15256588072123,303.45833333333337
USDCAD,fade2.5/25 h8 L,365,100,hold,49.00221729490023,451,119,44.537815126050425,0.0,55.46218487394958,290.4166666666667
USDCAD,fade2.5/25 h8 L,365,125,design,49.00221729490023,451,721,9.70873786407767,17.337031900138697,72.95423023578364,267.125
USDCAD,fade2.5/25 h8 L,365,125,hold,49.00221729490023,451,119,61.34453781512605,0.0,38.655462184873954,155.41666666666666
USDCAD,fade2.5/25 h8 L,365,150,design,49.00221729490023,451,721,16.22746185852982,26.907073509015255,56.86546463245492,225.54166666666666
USDCAD,fade2.5/25 h8 L,365,150,hold,49.00221729490023,451,119,66.38655462184873,0.0,33.61344537815126,133.5
USDCAD,fade2.5/25 h8 L,365,200,design,49.00221729490023,451,721,28.01664355062413,36.754507628294036,35.22884882108183,153.95833333333334
USDCAD,fade2.5/25 h8 L,365,200,hold,49.00221729490023,451,119,88.23529411764706,0.0,11.76470588235294,158.41666666666666
USDCAD,mom rsi70 h8,30,50,design,43.794579172610554,701,721,0.0,0.0,100.0,
USDCAD,mom rsi70 h8,30,50,hold,43.794579172610554,701,202,0.0,0.0,100.0,
USDCAD,mom rsi70 h8,30,75,design,43.794579172610554,701,721,0.0,0.0,100.0,
USDCAD,mom rsi70 h8,30,75,hold,43.794579172610554,701,202,0.0,0.0,100.0,
USDCAD,mom rsi70 h8,30,100,design,43.794579172610554,701,721,0.0,0.0,100.0,
USDCAD,mom rsi70 h8,30,100,hold,43.794579172610554,701,202,0.0,0.0,100.0,
USDCAD,mom rsi70 h8,30,125,design,43.794579172610554,701,721,0.0,0.0,100.0,
USDCAD,mom rsi70 h8,30,125,hold,43.794579172610554,701,202,0.0,0.0,100.0,
USDCAD,mom rsi70 h8,30,150,design,43.794579172610554,701,721,0.0,0.0,100.0,
USDCAD,mom rsi70 h8,30,150,hold,43.794579172610554,701,202,0.0,0.0,100.0,
USDCAD,mom rsi70 h8,30,200,design,43.794579172610554,701,721,0.8321775312066574,0.13869625520110956,99.02912621359224,24.125
USDCAD,mom rsi70 h8,30,200,hold,43.794579172610554,701,202,0.0,0.0,100.0,
USDCAD,mom rsi70 h8,60,50,design,43.794579172610554,701,721,0.0,0.0,100.0,
USDCAD,mom rsi70 h8,60,50,hold,43.794579172610554,701,192,0.0,0.0,100.0,
USDCAD,mom rsi70 h8,60,75,design,43.794579172610554,701,721,0.0,0.0,100.0,
USDCAD,mom rsi70 h8,60,75,hold,43.794579172610554,701,192,0.0,0.0,100.0,
USDCAD,mom rsi70 h8,60,100,design,43.794579172610554,701,721,0.0,0.0,100.0,
USDCAD,mom rsi70 h8,60,100,hold,43.794579172610554,701,192,0.0,0.0,100.0,
USDCAD,mom rsi70 h8,60,125,design,43.794579172610554,701,721,0.13869625520110956,0.0,99.86130374479889,58.666666666666664
USDCAD,mom rsi70 h8,60,125,hold,43.794579172610554,701,192,0.0,0.0,100.0,
USDCAD,mom rsi70 h8,60,150,design,43.794579172610554,701,721,1.1095700416088765,1.248266296809986,97.64216366158114,45.52083333333333
USDCAD,mom rsi70 h8,60,150,hold,43.794579172610554,701,192,0.0,0.0,100.0,
USDCAD,mom rsi70 h8,60,200,design,43.794579172610554,701,721,4.854368932038835,5.547850208044383,89.59778085991678,42.916666666666664
USDCAD,mom rsi70 h8,60,200,hold,43.794579172610554,701,192,0.0,3.125,96.875,
USDCAD,mom rsi70 h8,90,50,design,43.794579172610554,701,721,0.0,0.0,100.0,
USDCAD,mom rsi70 h8,90,50,hold,43.794579172610554,701,182,0.0,0.0,100.0,
USDCAD,mom rsi70 h8,90,75,design,43.794579172610554,701,721,0.0,0.0,100.0,
USDCAD,mom rsi70 h8,90,75,hold,43.794579172610554,701,182,0.0,0.0,100.0,
USDCAD,mom rsi70 h8,90,100,design,43.794579172610554,701,721,0.0,0.0,100.0,
USDCAD,mom rsi70 h8,90,100,hold,43.794579172610554,701,182,0.0,0.0,100.0,
USDCAD,mom rsi70 h8,90,125,design,43.794579172610554,701,721,0.5547850208044383,0.13869625520110956,99.30651872399446,63.16666666666667
USDCAD,mom rsi70 h8,90,125,hold,43.794579172610554,701,182,0.0,0.0,100.0,
USDCAD,mom rsi70 h8,90,150,design,43.794579172610554,701,721,2.6352288488210815,6.796116504854369,90.56865464632455,64.66666666666667
USDCAD,mom rsi70 h8,90,150,hold,43.794579172610554,701,182,0.0,1.6483516483516485,98.35164835164835,
USDCAD,mom rsi70 h8,90,200,design,43.794579172610554,701,721,9.015256588072122,14.424410540915394,76.56033287101248,56.416666666666664
USDCAD,mom rsi70 h8,90,200,hold,43.794579172610554,701,182,0.0,7.142857142857142,92.85714285714286,
USDCAD,mom rsi70 h8,365,50,design,43.794579172610554,701,721,0.0,0.0,100.0,
USDCAD,mom rsi70 h8,365,50,hold,43.794579172610554,701,122,0.0,0.0,100.0,
USDCAD,mom rsi70 h8,365,75,design,43.794579172610554,701,721,0.0,14.701803051317613,85.29819694868237,
USDCAD,mom rsi70 h8,365,75,hold,43.794579172610554,701,122,0.0,0.0,100.0,
USDCAD,mom rsi70 h8,365,100,design,43.794579172610554,701,721,3.3287101248266295,42.57975034674064,54.09153952843273,195.95833333333331
USDCAD,mom rsi70 h8,365,100,hold,43.794579172610554,701,122,0.0,34.42622950819672,65.57377049180327,
USDCAD,mom rsi70 h8,365,125,design,43.794579172610554,701,721,9.43134535367545,61.30374479889043,29.26490984743412,161.97916666666669
USDCAD,mom rsi70 h8,365,125,hold,43.794579172610554,701,122,0.0,64.75409836065575,35.24590163934426,
USDCAD,mom rsi70 h8,365,150,design,43.794579172610554,701,721,17.198335644937586,66.15811373092927,16.643550624133148,166.83333333333331
USDCAD,mom rsi70 h8,365,150,hold,43.794579172610554,701,122,0.0,100.0,0.0,
USDCAD,mom rsi70 h8,365,200,design,43.794579172610554,701,721,26.21359223300971,69.4868238557559,4.2995839112343965,109.66666666666667
USDCAD,mom rsi70 h8,365,200,hold,43.794579172610554,701,122,0.0,100.0,0.0,
USDCAD,mom rsi75 h8,30,50,design,45.82043343653251,323,721,0.0,0.0,100.0,
USDCAD,mom rsi75 h8,30,50,hold,45.82043343653251,323,195,0.0,0.0,100.0,
USDCAD,mom rsi75 h8,30,75,design,45.82043343653251,323,721,0.0,0.0,100.0,
USDCAD,mom rsi75 h8,30,75,hold,45.82043343653251,323,195,0.0,0.0,100.0,
USDCAD,mom rsi75 h8,30,100,design,45.82043343653251,323,721,0.0,0.0,100.0,
USDCAD,mom rsi75 h8,30,100,hold,45.82043343653251,323,195,0.0,0.0,100.0,
USDCAD,mom rsi75 h8,30,125,design,45.82043343653251,323,721,0.0,0.0,100.0,
USDCAD,mom rsi75 h8,30,125,hold,45.82043343653251,323,195,0.0,0.0,100.0,
USDCAD,mom rsi75 h8,30,150,design,45.82043343653251,323,721,0.0,0.0,100.0,
USDCAD,mom rsi75 h8,30,150,hold,45.82043343653251,323,195,0.0,0.0,100.0,
USDCAD,mom rsi75 h8,30,200,design,45.82043343653251,323,721,0.0,0.0,100.0,
USDCAD,mom rsi75 h8,30,200,hold,45.82043343653251,323,195,0.0,0.0,100.0,
USDCAD,mom rsi75 h8,60,50,design,45.82043343653251,323,721,0.0,0.0,100.0,
USDCAD,mom rsi75 h8,60,50,hold,45.82043343653251,323,185,0.0,0.0,100.0,
USDCAD,mom rsi75 h8,60,75,design,45.82043343653251,323,721,0.0,0.0,100.0,
USDCAD,mom rsi75 h8,60,75,hold,45.82043343653251,323,185,0.0,0.0,100.0,
USDCAD,mom rsi75 h8,60,100,design,45.82043343653251,323,721,0.0,0.0,100.0,
USDCAD,mom rsi75 h8,60,100,hold,45.82043343653251,323,185,0.0,0.0,100.0,
USDCAD,mom rsi75 h8,60,125,design,45.82043343653251,323,721,0.0,0.0,100.0,
USDCAD,mom rsi75 h8,60,125,hold,45.82043343653251,323,185,0.0,0.0,100.0,
USDCAD,mom rsi75 h8,60,150,design,45.82043343653251,323,721,0.0,0.0,100.0,
USDCAD,mom rsi75 h8,60,150,hold,45.82043343653251,323,185,0.0,0.0,100.0,
USDCAD,mom rsi75 h8,60,200,design,45.82043343653251,323,721,1.6643550624133148,0.8321775312066574,97.50346740638003,48.333333333333336
USDCAD,mom rsi75 h8,60,200,hold,45.82043343653251,323,185,0.0,0.0,100.0,
USDCAD,mom rsi75 h8,90,50,design,45.82043343653251,323,721,0.0,0.0,100.0,
USDCAD,mom rsi75 h8,90,50,hold,45.82043343653251,323,175,0.0,0.0,100.0,
USDCAD,mom rsi75 h8,90,75,design,45.82043343653251,323,721,0.0,0.0,100.0,
USDCAD,mom rsi75 h8,90,75,hold,45.82043343653251,323,175,0.0,0.0,100.0,
USDCAD,mom rsi75 h8,90,100,design,45.82043343653251,323,721,0.0,0.0,100.0,
USDCAD,mom rsi75 h8,90,100,hold,45.82043343653251,323,175,0.0,0.0,100.0,
USDCAD,mom rsi75 h8,90,125,design,45.82043343653251,323,721,0.0,0.0,100.0,
USDCAD,mom rsi75 h8,90,125,hold,45.82043343653251,323,175,0.0,0.0,100.0,
USDCAD,mom rsi75 h8,90,150,design,45.82043343653251,323,721,0.0,0.0,100.0,
USDCAD,mom rsi75 h8,90,150,hold,45.82043343653251,323,175,0.0,0.0,100.0,
USDCAD,mom rsi75 h8,90,200,design,45.82043343653251,323,721,2.0804438280166435,2.219140083217753,95.7004160887656,51.541666666666664
USDCAD,mom rsi75 h8,90,200,hold,45.82043343653251,323,175,0.0,0.0,100.0,
USDCAD,mom rsi75 h8,365,50,design,45.82043343653251,323,721,0.0,0.0,100.0,
USDCAD,mom rsi75 h8,365,50,hold,45.82043343653251,323,115,0.0,0.0,100.0,
USDCAD,mom rsi75 h8,365,75,design,45.82043343653251,323,721,0.0,0.0,100.0,
USDCAD,mom rsi75 h8,365,75,hold,45.82043343653251,323,115,0.0,0.0,100.0,
USDCAD,mom rsi75 h8,365,100,design,45.82043343653251,323,721,2.219140083217753,0.0,97.78085991678225,296.1666666666667
USDCAD,mom rsi75 h8,365,100,hold,45.82043343653251,323,115,0.0,0.0,100.0,
USDCAD,mom rsi75 h8,365,125,design,45.82043343653251,323,721,11.095700416088766,9.29264909847434,79.6116504854369,265.5416666666667
USDCAD,mom rsi75 h8,365,125,hold,45.82043343653251,323,115,0.0,0.0,100.0,
USDCAD,mom rsi75 h8,365,150,design,45.82043343653251,323,721,11.650485436893204,22.88488210818308,65.46463245492372,214.79166666666666
USDCAD,mom rsi75 h8,365,150,hold,45.82043343653251,323,115,24.347826086956523,0.0,75.65217391304347,204.16666666666669
USDCAD,mom rsi75 h8,365,200,design,45.82043343653251,323,721,14.979195561719832,50.20804438280167,34.812760055478506,154.58333333333331
USDCAD,mom rsi75 h8,365,200,hold,45.82043343653251,323,115,38.26086956521739,0.0,61.73913043478261,189.08333333333334
AUDUSD,fade3.0/20 h4,30,50,design,46.15384615384615,208,721,0.0,0.0,100.0,
AUDUSD,fade3.0/20 h4,30,50,hold,46.15384615384615,208,181,0.0,0.0,100.0,
AUDUSD,fade3.0/20 h4,30,75,design,46.15384615384615,208,721,0.0,0.0,100.0,
AUDUSD,fade3.0/20 h4,30,75,hold,46.15384615384615,208,181,0.0,0.0,100.0,
AUDUSD,fade3.0/20 h4,30,100,design,46.15384615384615,208,721,0.0,0.0,100.0,
AUDUSD,fade3.0/20 h4,30,100,hold,46.15384615384615,208,181,0.0,0.0,100.0,
AUDUSD,fade3.0/20 h4,30,125,design,46.15384615384615,208,721,0.0,0.0,100.0,
AUDUSD,fade3.0/20 h4,30,125,hold,46.15384615384615,208,181,0.0,0.0,100.0,
AUDUSD,fade3.0/20 h4,30,150,design,46.15384615384615,208,721,0.0,0.0,100.0,
AUDUSD,fade3.0/20 h4,30,150,hold,46.15384615384615,208,181,0.0,0.0,100.0,
AUDUSD,fade3.0/20 h4,30,200,design,46.15384615384615,208,721,0.0,0.0,100.0,
AUDUSD,fade3.0/20 h4,30,200,hold,46.15384615384615,208,181,0.0,0.0,100.0,
AUDUSD,fade3.0/20 h4,60,50,design,46.15384615384615,208,721,0.0,0.0,100.0,
AUDUSD,fade3.0/20 h4,60,50,hold,46.15384615384615,208,171,0.0,0.0,100.0,
AUDUSD,fade3.0/20 h4,60,75,design,46.15384615384615,208,721,0.0,0.0,100.0,
AUDUSD,fade3.0/20 h4,60,75,hold,46.15384615384615,208,171,0.0,0.0,100.0,
AUDUSD,fade3.0/20 h4,60,100,design,46.15384615384615,208,721,0.0,0.0,100.0,
AUDUSD,fade3.0/20 h4,60,100,hold,46.15384615384615,208,171,0.0,0.0,100.0,
AUDUSD,fade3.0/20 h4,60,125,design,46.15384615384615,208,721,0.0,0.0,100.0,
AUDUSD,fade3.0/20 h4,60,125,hold,46.15384615384615,208,171,0.0,0.0,100.0,
AUDUSD,fade3.0/20 h4,60,150,design,46.15384615384615,208,721,0.0,0.0,100.0,
AUDUSD,fade3.0/20 h4,60,150,hold,46.15384615384615,208,171,0.0,0.0,100.0,
AUDUSD,fade3.0/20 h4,60,200,design,46.15384615384615,208,721,0.0,0.0,100.0,
AUDUSD,fade3.0/20 h4,60,200,hold,46.15384615384615,208,171,0.0,0.0,100.0,
AUDUSD,fade3.0/20 h4,90,50,design,46.15384615384615,208,721,0.0,0.0,100.0,
AUDUSD,fade3.0/20 h4,90,50,hold,46.15384615384615,208,161,0.0,0.0,100.0,
AUDUSD,fade3.0/20 h4,90,75,design,46.15384615384615,208,721,0.0,0.0,100.0,
AUDUSD,fade3.0/20 h4,90,75,hold,46.15384615384615,208,161,0.0,0.0,100.0,
AUDUSD,fade3.0/20 h4,90,100,design,46.15384615384615,208,721,0.0,0.0,100.0,
AUDUSD,fade3.0/20 h4,90,100,hold,46.15384615384615,208,161,0.0,0.0,100.0,
AUDUSD,fade3.0/20 h4,90,125,design,46.15384615384615,208,721,0.0,0.0,100.0,
AUDUSD,fade3.0/20 h4,90,125,hold,46.15384615384615,208,161,0.0,0.0,100.0,
AUDUSD,fade3.0/20 h4,90,150,design,46.15384615384615,208,721,0.0,0.0,100.0,
AUDUSD,fade3.0/20 h4,90,150,hold,46.15384615384615,208,161,0.0,0.0,100.0,
AUDUSD,fade3.0/20 h4,90,200,design,46.15384615384615,208,721,0.0,0.0,100.0,
AUDUSD,fade3.0/20 h4,90,200,hold,46.15384615384615,208,161,0.0,0.0,100.0,
AUDUSD,fade3.0/20 h4,365,50,design,46.15384615384615,208,721,0.0,0.0,100.0,
AUDUSD,fade3.0/20 h4,365,50,hold,46.15384615384615,208,101,0.0,0.0,100.0,
AUDUSD,fade3.0/20 h4,365,75,design,46.15384615384615,208,721,0.0,0.0,100.0,
AUDUSD,fade3.0/20 h4,365,75,hold,46.15384615384615,208,101,0.0,0.0,100.0,
AUDUSD,fade3.0/20 h4,365,100,design,46.15384615384615,208,721,0.0,0.0,100.0,
AUDUSD,fade3.0/20 h4,365,100,hold,46.15384615384615,208,101,0.0,0.0,100.0,
AUDUSD,fade3.0/20 h4,365,125,design,46.15384615384615,208,721,0.0,0.0,100.0,
AUDUSD,fade3.0/20 h4,365,125,hold,46.15384615384615,208,101,0.0,0.0,100.0,
AUDUSD,fade3.0/20 h4,365,150,design,46.15384615384615,208,721,0.0,0.0,100.0,
AUDUSD,fade3.0/20 h4,365,150,hold,46.15384615384615,208,101,3.9603960396039604,0.0,96.03960396039604,280.0833333333333
AUDUSD,fade3.0/20 h4,365,200,design,46.15384615384615,208,721,0.0,0.0,100.0,
AUDUSD,fade3.0/20 h4,365,200,hold,46.15384615384615,208,101,30.693069306930692,0.0,69.3069306930693,199.33333333333334
AUDUSD,fade3.0/20 h8,30,50,design,48.55769230769231,208,721,0.0,0.0,100.0,
AUDUSD,fade3.0/20 h8,30,50,hold,48.55769230769231,208,181,0.0,0.0,100.0,
AUDUSD,fade3.0/20 h8,30,75,design,48.55769230769231,208,721,0.0,0.0,100.0,
AUDUSD,fade3.0/20 h8,30,75,hold,48.55769230769231,208,181,0.0,0.0,100.0,
AUDUSD,fade3.0/20 h8,30,100,design,48.55769230769231,208,721,0.0,0.0,100.0,
AUDUSD,fade3.0/20 h8,30,100,hold,48.55769230769231,208,181,0.0,0.0,100.0,
AUDUSD,fade3.0/20 h8,30,125,design,48.55769230769231,208,721,0.0,0.0,100.0,
AUDUSD,fade3.0/20 h8,30,125,hold,48.55769230769231,208,181,0.0,0.0,100.0,
AUDUSD,fade3.0/20 h8,30,150,design,48.55769230769231,208,721,0.0,0.0,100.0,
AUDUSD,fade3.0/20 h8,30,150,hold,48.55769230769231,208,181,0.0,0.0,100.0,
AUDUSD,fade3.0/20 h8,30,200,design,48.55769230769231,208,721,0.0,0.0,100.0,
AUDUSD,fade3.0/20 h8,30,200,hold,48.55769230769231,208,181,0.0,0.0,100.0,
AUDUSD,fade3.0/20 h8,60,50,design,48.55769230769231,208,721,0.0,0.0,100.0,
AUDUSD,fade3.0/20 h8,60,50,hold,48.55769230769231,208,171,0.0,0.0,100.0,
AUDUSD,fade3.0/20 h8,60,75,design,48.55769230769231,208,721,0.0,0.0,100.0,
AUDUSD,fade3.0/20 h8,60,75,hold,48.55769230769231,208,171,0.0,0.0,100.0,
AUDUSD,fade3.0/20 h8,60,100,design,48.55769230769231,208,721,0.0,0.0,100.0,
AUDUSD,fade3.0/20 h8,60,100,hold,48.55769230769231,208,171,0.0,0.0,100.0,
AUDUSD,fade3.0/20 h8,60,125,design,48.55769230769231,208,721,0.0,0.0,100.0,
AUDUSD,fade3.0/20 h8,60,125,hold,48.55769230769231,208,171,0.0,0.0,100.0,
AUDUSD,fade3.0/20 h8,60,150,design,48.55769230769231,208,721,0.0,0.0,100.0,
AUDUSD,fade3.0/20 h8,60,150,hold,48.55769230769231,208,171,0.0,0.0,100.0,
AUDUSD,fade3.0/20 h8,60,200,design,48.55769230769231,208,721,0.0,0.0,100.0,
AUDUSD,fade3.0/20 h8,60,200,hold,48.55769230769231,208,171,0.0,0.0,100.0,
AUDUSD,fade3.0/20 h8,90,50,design,48.55769230769231,208,721,0.0,0.0,100.0,
AUDUSD,fade3.0/20 h8,90,50,hold,48.55769230769231,208,161,0.0,0.0,100.0,
AUDUSD,fade3.0/20 h8,90,75,design,48.55769230769231,208,721,0.0,0.0,100.0,
AUDUSD,fade3.0/20 h8,90,75,hold,48.55769230769231,208,161,0.0,0.0,100.0,
AUDUSD,fade3.0/20 h8,90,100,design,48.55769230769231,208,721,0.0,0.0,100.0,
AUDUSD,fade3.0/20 h8,90,100,hold,48.55769230769231,208,161,0.0,0.0,100.0,
AUDUSD,fade3.0/20 h8,90,125,design,48.55769230769231,208,721,0.0,0.0,100.0,
AUDUSD,fade3.0/20 h8,90,125,hold,48.55769230769231,208,161,0.0,0.0,100.0,
AUDUSD,fade3.0/20 h8,90,150,design,48.55769230769231,208,721,0.0,0.0,100.0,
AUDUSD,fade3.0/20 h8,90,150,hold,48.55769230769231,208,161,0.0,0.0,100.0,
AUDUSD,fade3.0/20 h8,90,200,design,48.55769230769231,208,721,0.0,0.0,100.0,
AUDUSD,fade3.0/20 h8,90,200,hold,48.55769230769231,208,161,0.0,0.0,100.0,
AUDUSD,fade3.0/20 h8,365,50,design,48.55769230769231,208,721,0.0,0.0,100.0,
AUDUSD,fade3.0/20 h8,365,50,hold,48.55769230769231,208,101,0.0,0.0,100.0,
AUDUSD,fade3.0/20 h8,365,75,design,48.55769230769231,208,721,0.0,0.0,100.0,
AUDUSD,fade3.0/20 h8,365,75,hold,48.55769230769231,208,101,0.0,0.0,100.0,
AUDUSD,fade3.0/20 h8,365,100,design,48.55769230769231,208,721,0.0,0.0,100.0,
AUDUSD,fade3.0/20 h8,365,100,hold,48.55769230769231,208,101,0.0,0.0,100.0,
AUDUSD,fade3.0/20 h8,365,125,design,48.55769230769231,208,721,0.0,0.0,100.0,
AUDUSD,fade3.0/20 h8,365,125,hold,48.55769230769231,208,101,0.0,0.0,100.0,
AUDUSD,fade3.0/20 h8,365,150,design,48.55769230769231,208,721,0.0,0.27739251040221913,99.72260748959778,
AUDUSD,fade3.0/20 h8,365,150,hold,48.55769230769231,208,101,0.0,0.0,100.0,
AUDUSD,fade3.0/20 h8,365,200,design,48.55769230769231,208,721,0.0,8.183079056865465,91.81692094313453,
AUDUSD,fade3.0/20 h8,365,200,hold,48.55769230769231,208,101,9.900990099009901,0.0,90.0990099009901,335.5416666666667
AUDUSD,fade2.5/25 h4,30,50,design,48.6013986013986,858,721,0.0,0.0,100.0,
AUDUSD,fade2.5/25 h4,30,50,hold,48.6013986013986,858,202,0.0,0.0,100.0,
AUDUSD,fade2.5/25 h4,30,75,design,48.6013986013986,858,721,0.0,0.0,100.0,
AUDUSD,fade2.5/25 h4,30,75,hold,48.6013986013986,858,202,0.0,0.0,100.0,
AUDUSD,fade2.5/25 h4,30,100,design,48.6013986013986,858,721,0.0,0.0,100.0,
AUDUSD,fade2.5/25 h4,30,100,hold,48.6013986013986,858,202,0.0,0.0,100.0,
AUDUSD,fade2.5/25 h4,30,125,design,48.6013986013986,858,721,0.0,0.0,100.0,
AUDUSD,fade2.5/25 h4,30,125,hold,48.6013986013986,858,202,0.0,0.0,100.0,
AUDUSD,fade2.5/25 h4,30,150,design,48.6013986013986,858,721,0.13869625520110956,0.0,99.86130374479889,29.416666666666668
AUDUSD,fade2.5/25 h4,30,150,hold,48.6013986013986,858,202,0.0,0.0,100.0,
AUDUSD,fade2.5/25 h4,30,200,design,48.6013986013986,858,721,0.4160887656033287,0.0,99.58391123439667,25.541666666666668
AUDUSD,fade2.5/25 h4,30,200,hold,48.6013986013986,858,202,1.4851485148514851,0.0,98.51485148514851,24.583333333333332
AUDUSD,fade2.5/25 h4,60,50,design,48.6013986013986,858,721,0.0,0.0,100.0,
AUDUSD,fade2.5/25 h4,60,50,hold,48.6013986013986,858,192,0.0,0.0,100.0,
AUDUSD,fade2.5/25 h4,60,75,design,48.6013986013986,858,721,0.0,0.0,100.0,
AUDUSD,fade2.5/25 h4,60,75,hold,48.6013986013986,858,192,0.0,0.0,100.0,
AUDUSD,fade2.5/25 h4,60,100,design,48.6013986013986,858,721,0.0,0.0,100.0,
AUDUSD,fade2.5/25 h4,60,100,hold,48.6013986013986,858,192,0.0,0.0,100.0,
AUDUSD,fade2.5/25 h4,60,125,design,48.6013986013986,858,721,0.4160887656033287,0.0,99.58391123439667,53.416666666666664
AUDUSD,fade2.5/25 h4,60,125,hold,48.6013986013986,858,192,0.0,0.0,100.0,
AUDUSD,fade2.5/25 h4,60,150,design,48.6013986013986,858,721,1.6643550624133148,0.0,98.3356449375867,45.041666666666664
AUDUSD,fade2.5/25 h4,60,150,hold,48.6013986013986,858,192,1.5625,0.0,98.4375,57.333333333333336
AUDUSD,fade2.5/25 h4,60,200,design,48.6013986013986,858,721,3.6061026352288486,3.3287101248266295,93.06518723994452,45.89583333333333
AUDUSD,fade2.5/25 h4,60,200,hold,48.6013986013986,858,192,17.1875,0.0,82.8125,48.25
AUDUSD,fade2.5/25 h4,90,50,design,48.6013986013986,858,721,0.0,0.0,100.0,
AUDUSD,fade2.5/25 h4,90,50,hold,48.6013986013986,858,182,0.0,0.0,100.0,
AUDUSD,fade2.5/25 h4,90,75,design,48.6013986013986,858,721,0.0,0.0,100.0,
AUDUSD,fade2.5/25 h4,90,75,hold,48.6013986013986,858,182,0.0,0.0,100.0,
AUDUSD,fade2.5/25 h4,90,100,design,48.6013986013986,858,721,0.0,0.0,100.0,
AUDUSD,fade2.5/25 h4,90,100,hold,48.6013986013986,858,182,0.0,0.0,100.0,
AUDUSD,fade2.5/25 h4,90,125,design,48.6013986013986,858,721,1.248266296809986,0.9708737864077669,97.78085991678225,67.54166666666667
AUDUSD,fade2.5/25 h4,90,125,hold,48.6013986013986,858,182,6.593406593406594,0.0,93.4065934065934,79.45833333333333
AUDUSD,fade2.5/25 h4,90,150,design,48.6013986013986,858,721,2.7739251040221915,3.3287101248266295,93.89736477115119,57.02083333333333
AUDUSD,fade2.5/25 h4,90,150,hold,48.6013986013986,858,182,12.637362637362637,0.0,87.36263736263736,68.25
AUDUSD,fade2.5/25 h4,90,200,design,48.6013986013986,858,721,5.547850208044383,8.044382801664355,86.40776699029125,50.979166666666664
AUDUSD,fade2.5/25 h4,90,200,hold,48.6013986013986,858,182,24.725274725274726,0.0,75.27472527472527,50.25
AUDUSD,fade2.5/25 h4,365,50,design,48.6013986013986,858,721,0.0,0.0,100.0,
AUDUSD,fade2.5/25 h4,365,50,hold,48.6013986013986,858,122,0.0,0.0,100.0,
AUDUSD,fade2.5/25 h4,365,75,design,48.6013986013986,858,721,0.0,3.3287101248266295,96.67128987517337,
AUDUSD,fade2.5/25 h4,365,75,hold,48.6013986013986,858,122,0.0,0.0,100.0,
AUDUSD,fade2.5/25 h4,365,100,design,48.6013986013986,858,721,0.27739251040221913,13.314840499306518,86.40776699029125,221.33333333333334
AUDUSD,fade2.5/25 h4,365,100,hold,48.6013986013986,858,122,17.21311475409836,0.0,82.78688524590164,317.875
AUDUSD,fade2.5/25 h4,365,125,design,48.6013986013986,858,721,8.599167822468793,23.71705963938974,67.68377253814147,198.97916666666669
AUDUSD,fade2.5/25 h4,365,125,hold,48.6013986013986,858,122,50.0,0.0,50.0,180.58333333333334
AUDUSD,fade2.5/25 h4,365,150,design,48.6013986013986,858,721,17.475728155339805,30.651872399445214,51.87239944521498,204.75
AUDUSD,fade2.5/25 h4,365,150,hold,48.6013986013986,858,122,71.31147540983606,0.0,28.688524590163933,171.58333333333334
AUDUSD,fade2.5/25 h4,365,200,design,48.6013986013986,858,721,33.70319001386963,34.39667128987517,31.900138696255205,208.54166666666666
AUDUSD,fade2.5/25 h4,365,200,hold,48.6013986013986,858,122,87.70491803278688,0.0,12.295081967213115,146.875
AUDUSD,fade2.5/25 h8,30,50,design,47.64776839565742,829,721,0.0,0.0,100.0,
AUDUSD,fade2.5/25 h8,30,50,hold,47.64776839565742,829,202,0.0,0.0,100.0,
AUDUSD,fade2.5/25 h8,30,75,design,47.64776839565742,829,721,0.0,0.0,100.0,
AUDUSD,fade2.5/25 h8,30,75,hold,47.64776839565742,829,202,0.0,0.0,100.0,
AUDUSD,fade2.5/25 h8,30,100,design,47.64776839565742,829,721,0.0,0.0,100.0,
AUDUSD,fade2.5/25 h8,30,100,hold,47.64776839565742,829,202,0.0,0.0,100.0,
AUDUSD,fade2.5/25 h8,30,125,design,47.64776839565742,829,721,0.0,0.0,100.0,
AUDUSD,fade2.5/25 h8,30,125,hold,47.64776839565742,829,202,0.0,0.0,100.0,
AUDUSD,fade2.5/25 h8,30,150,design,47.64776839565742,829,721,0.0,0.0,100.0,
AUDUSD,fade2.5/25 h8,30,150,hold,47.64776839565742,829,202,0.0,0.0,100.0,
AUDUSD,fade2.5/25 h8,30,200,design,47.64776839565742,829,721,0.13869625520110956,0.0,99.86130374479889,28.416666666666668
AUDUSD,fade2.5/25 h8,30,200,hold,47.64776839565742,829,202,0.0,0.0,100.0,
AUDUSD,fade2.5/25 h8,60,50,design,47.64776839565742,829,721,0.0,0.0,100.0,
AUDUSD,fade2.5/25 h8,60,50,hold,47.64776839565742,829,192,0.0,0.0,100.0,
AUDUSD,fade2.5/25 h8,60,75,design,47.64776839565742,829,721,0.0,0.0,100.0,
AUDUSD,fade2.5/25 h8,60,75,hold,47.64776839565742,829,192,0.0,0.0,100.0,
AUDUSD,fade2.5/25 h8,60,100,design,47.64776839565742,829,721,0.0,0.0,100.0,
AUDUSD,fade2.5/25 h8,60,100,hold,47.64776839565742,829,192,0.0,0.0,100.0,
AUDUSD,fade2.5/25 h8,60,125,design,47.64776839565742,829,721,0.0,0.0,100.0,
AUDUSD,fade2.5/25 h8,60,125,hold,47.64776839565742,829,192,0.0,0.0,100.0,
AUDUSD,fade2.5/25 h8,60,150,design,47.64776839565742,829,721,0.5547850208044383,1.1095700416088765,98.3356449375867,57.10416666666667
AUDUSD,fade2.5/25 h8,60,150,hold,47.64776839565742,829,192,0.0,0.0,100.0,
AUDUSD,fade2.5/25 h8,60,200,design,47.64776839565742,829,721,5.270457697642163,10.124826629680998,84.60471567267683,46.416666666666664
AUDUSD,fade2.5/25 h8,60,200,hold,47.64776839565742,829,192,6.25,0.0,93.75,48.41666666666667
AUDUSD,fade2.5/25 h8,90,50,design,47.64776839565742,829,721,0.0,0.0,100.0,
AUDUSD,fade2.5/25 h8,90,50,hold,47.64776839565742,829,182,0.0,0.0,100.0,
AUDUSD,fade2.5/25 h8,90,75,design,47.64776839565742,829,721,0.0,0.0,100.0,
AUDUSD,fade2.5/25 h8,90,75,hold,47.64776839565742,829,182,0.0,0.0,100.0,
AUDUSD,fade2.5/25 h8,90,100,design,47.64776839565742,829,721,0.0,0.0,100.0,
AUDUSD,fade2.5/25 h8,90,100,hold,47.64776839565742,829,182,0.0,0.0,100.0,
AUDUSD,fade2.5/25 h8,90,125,design,47.64776839565742,829,721,0.6934812760055479,3.8834951456310676,95.42302357836338,68.41666666666667
AUDUSD,fade2.5/25 h8,90,125,hold,47.64776839565742,829,182,0.0,0.0,100.0,
AUDUSD,fade2.5/25 h8,90,150,design,47.64776839565742,829,721,2.912621359223301,8.876560332871012,88.2108183079057,80.41666666666667
AUDUSD,fade2.5/25 h8,90,150,hold,47.64776839565742,829,182,1.6483516483516485,0.0,98.35164835164835,66.25
AUDUSD,fade2.5/25 h8,90,200,design,47.64776839565742,829,721,8.044382801664355,15.39528432732316,76.56033287101248,52.70833333333333
AUDUSD,fade2.5/25 h8,90,200,hold,47.64776839565742,829,182,15.934065934065933,0.0,84.06593406593407,65.41666666666667
AUDUSD,fade2.5/25 h8,365,50,design,47.64776839565742,829,721,0.0,0.0,100.0,
AUDUSD,fade2.5/25 h8,365,50,hold,47.64776839565742,829,122,0.0,0.0,100.0,
AUDUSD,fade2.5/25 h8,365,75,design,47.64776839565742,829,721,0.0,17.198335644937586,82.80166435506241,
AUDUSD,fade2.5/25 h8,365,75,hold,47.64776839565742,829,122,0.0,0.0,100.0,
AUDUSD,fade2.5/25 h8,365,100,design,47.64776839565742,829,721,7.628294036061026,27.184466019417474,65.18723994452151,287.5
AUDUSD,fade2.5/25 h8,365,100,hold,47.64776839565742,829,122,13.114754098360656,0.0,86.88524590163934,299.1875
AUDUSD,fade2.5/25 h8,365,125,design,47.64776839565742,829,721,17.337031900138697,43.27323162274618,39.389736477115115,212.41666666666666
AUDUSD,fade2.5/25 h8,365,125,hold,47.64776839565742,829,122,54.91803278688525,0.0,45.08196721311475,258.5
AUDUSD,fade2.5/25 h8,365,150,design,47.64776839565742,829,721,21.7753120665742,49.65325936199723,28.57142857142857,196.58333333333334
AUDUSD,fade2.5/25 h8,365,150,hold,47.64776839565742,829,122,79.50819672131148,0.0,20.491803278688526,230.5
AUDUSD,fade2.5/25 h8,365,200,design,47.64776839565742,829,721,29.819694868238557,60.19417475728155,9.986130374479888,152.45833333333334
AUDUSD,fade2.5/25 h8,365,200,hold,47.64776839565742,829,122,91.80327868852459,0.0,8.19672131147541,143.5
AUDUSD,fade3.0/20 h4 L,30,50,design,40.77669902912621,103,721,0.0,0.0,100.0,
AUDUSD,fade3.0/20 h4 L,30,50,hold,40.77669902912621,103,175,0.0,0.0,100.0,
AUDUSD,fade3.0/20 h4 L,30,75,design,40.77669902912621,103,721,0.0,0.0,100.0,
AUDUSD,fade3.0/20 h4 L,30,75,hold,40.77669902912621,103,175,0.0,0.0,100.0,
AUDUSD,fade3.0/20 h4 L,30,100,design,40.77669902912621,103,721,0.0,0.0,100.0,
AUDUSD,fade3.0/20 h4 L,30,100,hold,40.77669902912621,103,175,0.0,0.0,100.0,
AUDUSD,fade3.0/20 h4 L,30,125,design,40.77669902912621,103,721,0.0,0.0,100.0,
AUDUSD,fade3.0/20 h4 L,30,125,hold,40.77669902912621,103,175,0.0,0.0,100.0,
AUDUSD,fade3.0/20 h4 L,30,150,design,40.77669902912621,103,721,0.0,0.0,100.0,
AUDUSD,fade3.0/20 h4 L,30,150,hold,40.77669902912621,103,175,0.0,0.0,100.0,
AUDUSD,fade3.0/20 h4 L,30,200,design,40.77669902912621,103,721,0.0,0.0,100.0,
AUDUSD,fade3.0/20 h4 L,30,200,hold,40.77669902912621,103,175,0.0,0.0,100.0,
AUDUSD,fade3.0/20 h4 L,60,50,design,40.77669902912621,103,721,0.0,0.0,100.0,
AUDUSD,fade3.0/20 h4 L,60,50,hold,40.77669902912621,103,165,0.0,0.0,100.0,
AUDUSD,fade3.0/20 h4 L,60,75,design,40.77669902912621,103,721,0.0,0.0,100.0,
AUDUSD,fade3.0/20 h4 L,60,75,hold,40.77669902912621,103,165,0.0,0.0,100.0,
AUDUSD,fade3.0/20 h4 L,60,100,design,40.77669902912621,103,721,0.0,0.0,100.0,
AUDUSD,fade3.0/20 h4 L,60,100,hold,40.77669902912621,103,165,0.0,0.0,100.0,
AUDUSD,fade3.0/20 h4 L,60,125,design,40.77669902912621,103,721,0.0,0.0,100.0,
AUDUSD,fade3.0/20 h4 L,60,125,hold,40.77669902912621,103,165,0.0,0.0,100.0,
AUDUSD,fade3.0/20 h4 L,60,150,design,40.77669902912621,103,721,0.0,0.0,100.0,
AUDUSD,fade3.0/20 h4 L,60,150,hold,40.77669902912621,103,165,0.0,0.0,100.0,
AUDUSD,fade3.0/20 h4 L,60,200,design,40.77669902912621,103,721,0.0,0.0,100.0,
AUDUSD,fade3.0/20 h4 L,60,200,hold,40.77669902912621,103,165,0.0,0.0,100.0,
AUDUSD,fade3.0/20 h4 L,90,50,design,40.77669902912621,103,721,0.0,0.0,100.0,
AUDUSD,fade3.0/20 h4 L,90,50,hold,40.77669902912621,103,155,0.0,0.0,100.0,
AUDUSD,fade3.0/20 h4 L,90,75,design,40.77669902912621,103,721,0.0,0.0,100.0,
AUDUSD,fade3.0/20 h4 L,90,75,hold,40.77669902912621,103,155,0.0,0.0,100.0,
AUDUSD,fade3.0/20 h4 L,90,100,design,40.77669902912621,103,721,0.0,0.0,100.0,
AUDUSD,fade3.0/20 h4 L,90,100,hold,40.77669902912621,103,155,0.0,0.0,100.0,
AUDUSD,fade3.0/20 h4 L,90,125,design,40.77669902912621,103,721,0.0,0.0,100.0,
AUDUSD,fade3.0/20 h4 L,90,125,hold,40.77669902912621,103,155,0.0,0.0,100.0,
AUDUSD,fade3.0/20 h4 L,90,150,design,40.77669902912621,103,721,0.0,0.0,100.0,
AUDUSD,fade3.0/20 h4 L,90,150,hold,40.77669902912621,103,155,0.0,0.0,100.0,
AUDUSD,fade3.0/20 h4 L,90,200,design,40.77669902912621,103,721,0.0,0.0,100.0,
AUDUSD,fade3.0/20 h4 L,90,200,hold,40.77669902912621,103,155,0.0,0.0,100.0,
AUDUSD,fade3.0/20 h4 L,365,50,design,40.77669902912621,103,721,0.0,0.0,100.0,
AUDUSD,fade3.0/20 h4 L,365,50,hold,40.77669902912621,103,95,0.0,0.0,100.0,
AUDUSD,fade3.0/20 h4 L,365,75,design,40.77669902912621,103,721,0.0,0.0,100.0,
AUDUSD,fade3.0/20 h4 L,365,75,hold,40.77669902912621,103,95,0.0,0.0,100.0,
AUDUSD,fade3.0/20 h4 L,365,100,design,40.77669902912621,103,721,0.0,0.0,100.0,
AUDUSD,fade3.0/20 h4 L,365,100,hold,40.77669902912621,103,95,0.0,0.0,100.0,
AUDUSD,fade3.0/20 h4 L,365,125,design,40.77669902912621,103,721,0.0,0.0,100.0,
AUDUSD,fade3.0/20 h4 L,365,125,hold,40.77669902912621,103,95,0.0,0.0,100.0,
AUDUSD,fade3.0/20 h4 L,365,150,design,40.77669902912621,103,721,0.0,0.0,100.0,
AUDUSD,fade3.0/20 h4 L,365,150,hold,40.77669902912621,103,95,0.0,0.0,100.0,
AUDUSD,fade3.0/20 h4 L,365,200,design,40.77669902912621,103,721,0.0,0.0,100.0,
AUDUSD,fade3.0/20 h4 L,365,200,hold,40.77669902912621,103,95,0.0,0.0,100.0,
AUDUSD,fade3.0/20 h8 L,30,50,design,48.54368932038835,103,721,0.0,0.0,100.0,
AUDUSD,fade3.0/20 h8 L,30,50,hold,48.54368932038835,103,175,0.0,0.0,100.0,
AUDUSD,fade3.0/20 h8 L,30,75,design,48.54368932038835,103,721,0.0,0.0,100.0,
AUDUSD,fade3.0/20 h8 L,30,75,hold,48.54368932038835,103,175,0.0,0.0,100.0,
AUDUSD,fade3.0/20 h8 L,30,100,design,48.54368932038835,103,721,0.0,0.0,100.0,
AUDUSD,fade3.0/20 h8 L,30,100,hold,48.54368932038835,103,175,0.0,0.0,100.0,
AUDUSD,fade3.0/20 h8 L,30,125,design,48.54368932038835,103,721,0.0,0.0,100.0,
AUDUSD,fade3.0/20 h8 L,30,125,hold,48.54368932038835,103,175,0.0,0.0,100.0,
AUDUSD,fade3.0/20 h8 L,30,150,design,48.54368932038835,103,721,0.0,0.0,100.0,
AUDUSD,fade3.0/20 h8 L,30,150,hold,48.54368932038835,103,175,0.0,0.0,100.0,
AUDUSD,fade3.0/20 h8 L,30,200,design,48.54368932038835,103,721,0.0,0.0,100.0,
AUDUSD,fade3.0/20 h8 L,30,200,hold,48.54368932038835,103,175,0.0,0.0,100.0,
AUDUSD,fade3.0/20 h8 L,60,50,design,48.54368932038835,103,721,0.0,0.0,100.0,
AUDUSD,fade3.0/20 h8 L,60,50,hold,48.54368932038835,103,165,0.0,0.0,100.0,
AUDUSD,fade3.0/20 h8 L,60,75,design,48.54368932038835,103,721,0.0,0.0,100.0,
AUDUSD,fade3.0/20 h8 L,60,75,hold,48.54368932038835,103,165,0.0,0.0,100.0,
AUDUSD,fade3.0/20 h8 L,60,100,design,48.54368932038835,103,721,0.0,0.0,100.0,
AUDUSD,fade3.0/20 h8 L,60,100,hold,48.54368932038835,103,165,0.0,0.0,100.0,
AUDUSD,fade3.0/20 h8 L,60,125,design,48.54368932038835,103,721,0.0,0.0,100.0,
AUDUSD,fade3.0/20 h8 L,60,125,hold,48.54368932038835,103,165,0.0,0.0,100.0,
AUDUSD,fade3.0/20 h8 L,60,150,design,48.54368932038835,103,721,0.0,0.0,100.0,
AUDUSD,fade3.0/20 h8 L,60,150,hold,48.54368932038835,103,165,0.0,0.0,100.0,
AUDUSD,fade3.0/20 h8 L,60,200,design,48.54368932038835,103,721,0.0,0.0,100.0,
AUDUSD,fade3.0/20 h8 L,60,200,hold,48.54368932038835,103,165,0.0,0.0,100.0,
AUDUSD,fade3.0/20 h8 L,90,50,design,48.54368932038835,103,721,0.0,0.0,100.0,
AUDUSD,fade3.0/20 h8 L,90,50,hold,48.54368932038835,103,155,0.0,0.0,100.0,
AUDUSD,fade3.0/20 h8 L,90,75,design,48.54368932038835,103,721,0.0,0.0,100.0,
AUDUSD,fade3.0/20 h8 L,90,75,hold,48.54368932038835,103,155,0.0,0.0,100.0,
AUDUSD,fade3.0/20 h8 L,90,100,design,48.54368932038835,103,721,0.0,0.0,100.0,
AUDUSD,fade3.0/20 h8 L,90,100,hold,48.54368932038835,103,155,0.0,0.0,100.0,
AUDUSD,fade3.0/20 h8 L,90,125,design,48.54368932038835,103,721,0.0,0.0,100.0,
AUDUSD,fade3.0/20 h8 L,90,125,hold,48.54368932038835,103,155,0.0,0.0,100.0,
AUDUSD,fade3.0/20 h8 L,90,150,design,48.54368932038835,103,721,0.0,0.0,100.0,
AUDUSD,fade3.0/20 h8 L,90,150,hold,48.54368932038835,103,155,0.0,0.0,100.0,
AUDUSD,fade3.0/20 h8 L,90,200,design,48.54368932038835,103,721,0.0,0.0,100.0,
AUDUSD,fade3.0/20 h8 L,90,200,hold,48.54368932038835,103,155,0.0,0.0,100.0,
AUDUSD,fade3.0/20 h8 L,365,50,design,48.54368932038835,103,721,0.0,0.0,100.0,
AUDUSD,fade3.0/20 h8 L,365,50,hold,48.54368932038835,103,95,0.0,0.0,100.0,
AUDUSD,fade3.0/20 h8 L,365,75,design,48.54368932038835,103,721,0.0,0.0,100.0,
AUDUSD,fade3.0/20 h8 L,365,75,hold,48.54368932038835,103,95,0.0,0.0,100.0,
AUDUSD,fade3.0/20 h8 L,365,100,design,48.54368932038835,103,721,0.0,0.0,100.0,
AUDUSD,fade3.0/20 h8 L,365,100,hold,48.54368932038835,103,95,0.0,0.0,100.0,
AUDUSD,fade3.0/20 h8 L,365,125,design,48.54368932038835,103,721,0.0,0.0,100.0,
AUDUSD,fade3.0/20 h8 L,365,125,hold,48.54368932038835,103,95,0.0,0.0,100.0,
AUDUSD,fade3.0/20 h8 L,365,150,design,48.54368932038835,103,721,1.5256588072122053,0.0,98.47434119278779,282.8333333333333
AUDUSD,fade3.0/20 h8 L,365,150,hold,48.54368932038835,103,95,0.0,0.0,100.0,
AUDUSD,fade3.0/20 h8 L,365,200,design,48.54368932038835,103,721,5.131761442441054,0.0,94.86823855755895,257.375
AUDUSD,fade3.0/20 h8 L,365,200,hold,48.54368932038835,103,95,0.0,0.0,100.0,
AUDUSD,fade2.5/25 h4 L,30,50,design,47.53363228699551,446,721,0.0,0.0,100.0,
AUDUSD,fade2.5/25 h4 L,30,50,hold,47.53363228699551,446,202,0.0,0.0,100.0,
AUDUSD,fade2.5/25 h4 L,30,75,design,47.53363228699551,446,721,0.0,0.0,100.0,
AUDUSD,fade2.5/25 h4 L,30,75,hold,47.53363228699551,446,202,0.0,0.0,100.0,
AUDUSD,fade2.5/25 h4 L,30,100,design,47.53363228699551,446,721,0.0,0.0,100.0,
AUDUSD,fade2.5/25 h4 L,30,100,hold,47.53363228699551,446,202,0.0,0.0,100.0,
AUDUSD,fade2.5/25 h4 L,30,125,design,47.53363228699551,446,721,0.0,0.0,100.0,
AUDUSD,fade2.5/25 h4 L,30,125,hold,47.53363228699551,446,202,0.0,0.0,100.0,
AUDUSD,fade2.5/25 h4 L,30,150,design,47.53363228699551,446,721,0.0,0.0,100.0,
AUDUSD,fade2.5/25 h4 L,30,150,hold,47.53363228699551,446,202,0.0,0.0,100.0,
AUDUSD,fade2.5/25 h4 L,30,200,design,47.53363228699551,446,721,0.13869625520110956,0.0,99.86130374479889,29.416666666666668
AUDUSD,fade2.5/25 h4 L,30,200,hold,47.53363228699551,446,202,0.0,0.0,100.0,
AUDUSD,fade2.5/25 h4 L,60,50,design,47.53363228699551,446,721,0.0,0.0,100.0,
AUDUSD,fade2.5/25 h4 L,60,50,hold,47.53363228699551,446,192,0.0,0.0,100.0,
AUDUSD,fade2.5/25 h4 L,60,75,design,47.53363228699551,446,721,0.0,0.0,100.0,
AUDUSD,fade2.5/25 h4 L,60,75,hold,47.53363228699551,446,192,0.0,0.0,100.0,
AUDUSD,fade2.5/25 h4 L,60,100,design,47.53363228699551,446,721,0.0,0.0,100.0,
AUDUSD,fade2.5/25 h4 L,60,100,hold,47.53363228699551,446,192,0.0,0.0,100.0,
AUDUSD,fade2.5/25 h4 L,60,125,design,47.53363228699551,446,721,0.0,0.0,100.0,
AUDUSD,fade2.5/25 h4 L,60,125,hold,47.53363228699551,446,192,0.0,0.0,100.0,
AUDUSD,fade2.5/25 h4 L,60,150,design,47.53363228699551,446,721,0.13869625520110956,0.0,99.86130374479889,56.416666666666664
AUDUSD,fade2.5/25 h4 L,60,150,hold,47.53363228699551,446,192,0.0,0.0,100.0,
AUDUSD,fade2.5/25 h4 L,60,200,design,47.53363228699551,446,721,1.5256588072122053,0.13869625520110956,98.3356449375867,43.541666666666664
AUDUSD,fade2.5/25 h4 L,60,200,hold,47.53363228699551,446,192,6.770833333333333,0.0,93.22916666666666,51.083333333333336
AUDUSD,fade2.5/25 h4 L,90,50,design,47.53363228699551,446,721,0.0,0.0,100.0,
AUDUSD,fade2.5/25 h4 L,90,50,hold,47.53363228699551,446,182,0.0,0.0,100.0,
AUDUSD,fade2.5/25 h4 L,90,75,design,47.53363228699551,446,721,0.0,0.0,100.0,
AUDUSD,fade2.5/25 h4 L,90,75,hold,47.53363228699551,446,182,0.0,0.0,100.0,
AUDUSD,fade2.5/25 h4 L,90,100,design,47.53363228699551,446,721,0.0,0.0,100.0,
AUDUSD,fade2.5/25 h4 L,90,100,hold,47.53363228699551,446,182,0.0,0.0,100.0,
AUDUSD,fade2.5/25 h4 L,90,125,design,47.53363228699551,446,721,0.0,0.0,100.0,
AUDUSD,fade2.5/25 h4 L,90,125,hold,47.53363228699551,446,182,0.0,0.0,100.0,
AUDUSD,fade2.5/25 h4 L,90,150,design,47.53363228699551,446,721,0.13869625520110956,0.4160887656033287,99.44521497919555,56.416666666666664
AUDUSD,fade2.5/25 h4 L,90,150,hold,47.53363228699551,446,182,2.197802197802198,0.0,97.8021978021978,67.75
AUDUSD,fade2.5/25 h4 L,90,200,design,47.53363228699551,446,721,2.3578363384188625,3.19001386962552,94.45214979195562,52.541666666666664
AUDUSD,fade2.5/25 h4 L,90,200,hold,47.53363228699551,446,182,11.538461538461538,0.0,88.46153846153845,56.125
AUDUSD,fade2.5/25 h4 L,365,50,design,47.53363228699551,446,721,0.0,0.0,100.0,
AUDUSD,fade2.5/25 h4 L,365,50,hold,47.53363228699551,446,122,0.0,0.0,100.0,
AUDUSD,fade2.5/25 h4 L,365,75,design,47.53363228699551,446,721,0.0,0.0,100.0,
AUDUSD,fade2.5/25 h4 L,365,75,hold,47.53363228699551,446,122,0.0,0.0,100.0,
AUDUSD,fade2.5/25 h4 L,365,100,design,47.53363228699551,446,721,0.0,4.438280166435506,95.5617198335645,
AUDUSD,fade2.5/25 h4 L,365,100,hold,47.53363228699551,446,122,0.0,0.0,100.0,
AUDUSD,fade2.5/25 h4 L,365,125,design,47.53363228699551,446,721,0.0,13.314840499306518,86.68515950069347,
AUDUSD,fade2.5/25 h4 L,365,125,hold,47.53363228699551,446,122,0.0,0.0,100.0,
AUDUSD,fade2.5/25 h4 L,365,150,design,47.53363228699551,446,721,1.6643550624133148,14.840499306518723,83.49514563106796,154.75
AUDUSD,fade2.5/25 h4 L,365,150,hold,47.53363228699551,446,122,5.737704918032787,0.0,94.26229508196722,72.25
AUDUSD,fade2.5/25 h4 L,365,200,design,47.53363228699551,446,721,17.891816920943135,21.914008321775313,60.19417475728155,200.70833333333334
AUDUSD,fade2.5/25 h4 L,365,200,hold,47.53363228699551,446,122,21.311475409836063,0.0,78.68852459016394,60.625
AUDUSD,fade2.5/25 h8 L,30,50,design,48.72979214780601,433,721,0.0,0.0,100.0,
AUDUSD,fade2.5/25 h8 L,30,50,hold,48.72979214780601,433,202,0.0,0.0,100.0,
AUDUSD,fade2.5/25 h8 L,30,75,design,48.72979214780601,433,721,0.0,0.0,100.0,
AUDUSD,fade2.5/25 h8 L,30,75,hold,48.72979214780601,433,202,0.0,0.0,100.0,
AUDUSD,fade2.5/25 h8 L,30,100,design,48.72979214780601,433,721,0.0,0.0,100.0,
AUDUSD,fade2.5/25 h8 L,30,100,hold,48.72979214780601,433,202,0.0,0.0,100.0,
AUDUSD,fade2.5/25 h8 L,30,125,design,48.72979214780601,433,721,0.0,0.0,100.0,
AUDUSD,fade2.5/25 h8 L,30,125,hold,48.72979214780601,433,202,0.0,0.0,100.0,
AUDUSD,fade2.5/25 h8 L,30,150,design,48.72979214780601,433,721,0.0,0.0,100.0,
AUDUSD,fade2.5/25 h8 L,30,150,hold,48.72979214780601,433,202,0.0,0.0,100.0,
AUDUSD,fade2.5/25 h8 L,30,200,design,48.72979214780601,433,721,0.4160887656033287,0.0,99.58391123439667,25.791666666666668
AUDUSD,fade2.5/25 h8 L,30,200,hold,48.72979214780601,433,202,0.0,0.0,100.0,
AUDUSD,fade2.5/25 h8 L,60,50,design,48.72979214780601,433,721,0.0,0.0,100.0,
AUDUSD,fade2.5/25 h8 L,60,50,hold,48.72979214780601,433,192,0.0,0.0,100.0,
AUDUSD,fade2.5/25 h8 L,60,75,design,48.72979214780601,433,721,0.0,0.0,100.0,
AUDUSD,fade2.5/25 h8 L,60,75,hold,48.72979214780601,433,192,0.0,0.0,100.0,
AUDUSD,fade2.5/25 h8 L,60,100,design,48.72979214780601,433,721,0.0,0.0,100.0,
AUDUSD,fade2.5/25 h8 L,60,100,hold,48.72979214780601,433,192,0.0,0.0,100.0,
AUDUSD,fade2.5/25 h8 L,60,125,design,48.72979214780601,433,721,0.0,0.0,100.0,
AUDUSD,fade2.5/25 h8 L,60,125,hold,48.72979214780601,433,192,0.0,0.0,100.0,
AUDUSD,fade2.5/25 h8 L,60,150,design,48.72979214780601,433,721,0.0,0.0,100.0,
AUDUSD,fade2.5/25 h8 L,60,150,hold,48.72979214780601,433,192,0.0,0.0,100.0,
AUDUSD,fade2.5/25 h8 L,60,200,design,48.72979214780601,433,721,3.19001386962552,0.9708737864077669,95.83911234396672,39.833333333333336
AUDUSD,fade2.5/25 h8 L,60,200,hold,48.72979214780601,433,192,0.0,0.0,100.0,
AUDUSD,fade2.5/25 h8 L,90,50,design,48.72979214780601,433,721,0.0,0.0,100.0,
AUDUSD,fade2.5/25 h8 L,90,50,hold,48.72979214780601,433,182,0.0,0.0,100.0,
AUDUSD,fade2.5/25 h8 L,90,75,design,48.72979214780601,433,721,0.0,0.0,100.0,
AUDUSD,fade2.5/25 h8 L,90,75,hold,48.72979214780601,433,182,0.0,0.0,100.0,
AUDUSD,fade2.5/25 h8 L,90,100,design,48.72979214780601,433,721,0.0,0.0,100.0,
AUDUSD,fade2.5/25 h8 L,90,100,hold,48.72979214780601,433,182,0.0,0.0,100.0,
AUDUSD,fade2.5/25 h8 L,90,125,design,48.72979214780601,433,721,0.0,0.0,100.0,
AUDUSD,fade2.5/25 h8 L,90,125,hold,48.72979214780601,433,182,0.0,0.0,100.0,
AUDUSD,fade2.5/25 h8 L,90,150,design,48.72979214780601,433,721,0.0,1.1095700416088765,98.89042995839112,
AUDUSD,fade2.5/25 h8 L,90,150,hold,48.72979214780601,433,182,0.0,0.0,100.0,
AUDUSD,fade2.5/25 h8 L,90,200,design,48.72979214780601,433,721,4.0221914008321775,6.51872399445215,89.45908460471568,42.833333333333336
AUDUSD,fade2.5/25 h8 L,90,200,hold,48.72979214780601,433,182,1.6483516483516485,0.0,98.35164835164835,69.41666666666667
AUDUSD,fade2.5/25 h8 L,365,50,design,48.72979214780601,433,721,0.0,0.0,100.0,
AUDUSD,fade2.5/25 h8 L,365,50,hold,48.72979214780601,433,122,0.0,0.0,100.0,
AUDUSD,fade2.5/25 h8 L,365,75,design,48.72979214780601,433,721,0.0,0.0,100.0,
AUDUSD,fade2.5/25 h8 L,365,75,hold,48.72979214780601,433,122,0.0,0.0,100.0,
AUDUSD,fade2.5/25 h8 L,365,100,design,48.72979214780601,433,721,0.0,13.453536754507628,86.54646324549236,
AUDUSD,fade2.5/25 h8 L,365,100,hold,48.72979214780601,433,122,0.0,0.0,100.0,
AUDUSD,fade2.5/25 h8 L,365,125,design,48.72979214780601,433,721,1.6643550624133148,15.256588072122051,83.07905686546462,213.41666666666666
AUDUSD,fade2.5/25 h8 L,365,125,hold,48.72979214780601,433,122,0.0,0.0,100.0,
AUDUSD,fade2.5/25 h8 L,365,150,design,48.72979214780601,433,721,4.5769764216366156,34.11927877947296,61.30374479889043,171.83333333333334
AUDUSD,fade2.5/25 h8 L,365,150,hold,48.72979214780601,433,122,0.0,0.0,100.0,
AUDUSD,fade2.5/25 h8 L,365,200,design,48.72979214780601,433,721,21.63661581137309,48.82108183079057,29.542302357836338,163.66666666666666
AUDUSD,fade2.5/25 h8 L,365,200,hold,48.72979214780601,433,122,23.770491803278688,36.0655737704918,40.16393442622951,153.75
AUDUSD,mom rsi70 h8,30,50,design,45.59023066485753,737,721,0.0,0.0,100.0,
AUDUSD,mom rsi70 h8,30,50,hold,45.59023066485753,737,202,0.0,0.0,100.0,
AUDUSD,mom rsi70 h8,30,75,design,45.59023066485753,737,721,0.0,0.0,100.0,
AUDUSD,mom rsi70 h8,30,75,hold,45.59023066485753,737,202,0.0,0.0,100.0,
AUDUSD,mom rsi70 h8,30,100,design,45.59023066485753,737,721,0.0,0.0,100.0,
AUDUSD,mom rsi70 h8,30,100,hold,45.59023066485753,737,202,0.0,0.0,100.0,
AUDUSD,mom rsi70 h8,30,125,design,45.59023066485753,737,721,0.27739251040221913,0.0,99.72260748959778,27.166666666666668
AUDUSD,mom rsi70 h8,30,125,hold,45.59023066485753,737,202,0.0,0.0,100.0,
AUDUSD,mom rsi70 h8,30,150,design,45.59023066485753,737,721,0.5547850208044383,0.0,99.44521497919555,29.0
AUDUSD,mom rsi70 h8,30,150,hold,45.59023066485753,737,202,0.0,0.0,100.0,
AUDUSD,mom rsi70 h8,30,200,design,45.59023066485753,737,721,2.6352288488210815,0.0,97.36477115117891,22.666666666666668
AUDUSD,mom rsi70 h8,30,200,hold,45.59023066485753,737,202,0.0,0.0,100.0,
AUDUSD,mom rsi70 h8,60,50,design,45.59023066485753,737,721,0.0,0.0,100.0,
AUDUSD,mom rsi70 h8,60,50,hold,45.59023066485753,737,192,0.0,0.0,100.0,
AUDUSD,mom rsi70 h8,60,75,design,45.59023066485753,737,721,0.0,0.0,100.0,
AUDUSD,mom rsi70 h8,60,75,hold,45.59023066485753,737,192,0.0,0.0,100.0,
AUDUSD,mom rsi70 h8,60,100,design,45.59023066485753,737,721,0.0,0.0,100.0,
AUDUSD,mom rsi70 h8,60,100,hold,45.59023066485753,737,192,0.0,0.0,100.0,
AUDUSD,mom rsi70 h8,60,125,design,45.59023066485753,737,721,0.6934812760055479,0.0,99.30651872399446,31.666666666666668
AUDUSD,mom rsi70 h8,60,125,hold,45.59023066485753,737,192,0.0,0.0,100.0,
AUDUSD,mom rsi70 h8,60,150,design,45.59023066485753,737,721,2.6352288488210815,0.0,97.36477115117891,46.666666666666664
AUDUSD,mom rsi70 h8,60,150,hold,45.59023066485753,737,192,0.0,0.0,100.0,
AUDUSD,mom rsi70 h8,60,200,design,45.59023066485753,737,721,8.183079056865465,5.409153952843273,86.40776699029125,39.416666666666664
AUDUSD,mom rsi70 h8,60,200,hold,45.59023066485753,737,192,0.0,11.458333333333332,88.54166666666666,
AUDUSD,mom rsi70 h8,90,50,design,45.59023066485753,737,721,0.0,0.0,100.0,
AUDUSD,mom rsi70 h8,90,50,hold,45.59023066485753,737,182,0.0,0.0,100.0,
AUDUSD,mom rsi70 h8,90,75,design,45.59023066485753,737,721,0.0,0.0,100.0,
AUDUSD,mom rsi70 h8,90,75,hold,45.59023066485753,737,182,0.0,0.0,100.0,
AUDUSD,mom rsi70 h8,90,100,design,45.59023066485753,737,721,0.0,0.0,100.0,
AUDUSD,mom rsi70 h8,90,100,hold,45.59023066485753,737,182,0.0,0.0,100.0,
AUDUSD,mom rsi70 h8,90,125,design,45.59023066485753,737,721,2.0804438280166435,0.0,97.91955617198336,65.20833333333333
AUDUSD,mom rsi70 h8,90,125,hold,45.59023066485753,737,182,0.0,0.0,100.0,
AUDUSD,mom rsi70 h8,90,150,design,45.59023066485753,737,721,4.2995839112343965,0.6934812760055479,95.00693481276005,58.083333333333336
AUDUSD,mom rsi70 h8,90,150,hold,45.59023066485753,737,182,0.0,6.043956043956044,93.95604395604396,
AUDUSD,mom rsi70 h8,90,200,design,45.59023066485753,737,721,12.066574202496533,13.869625520110956,74.06380027739252,47.791666666666664
AUDUSD,mom rsi70 h8,90,200,hold,45.59023066485753,737,182,0.0,32.967032967032964,67.03296703296702,
AUDUSD,mom rsi70 h8,365,50,design,45.59023066485753,737,721,0.0,0.0,100.0,
AUDUSD,mom rsi70 h8,365,50,hold,45.59023066485753,737,122,0.0,0.0,100.0,
AUDUSD,mom rsi70 h8,365,75,design,45.59023066485753,737,721,1.6643550624133148,0.0,98.3356449375867,298.6875
AUDUSD,mom rsi70 h8,365,75,hold,45.59023066485753,737,122,0.0,43.44262295081967,56.557377049180324,
AUDUSD,mom rsi70 h8,365,100,design,45.59023066485753,737,721,4.854368932038835,11.234396671289876,83.91123439667129,265.3333333333333
AUDUSD,mom rsi70 h8,365,100,hold,45.59023066485753,737,122,0.0,76.22950819672131,23.770491803278688,
AUDUSD,mom rsi70 h8,365,125,design,45.59023066485753,737,721,14.008321775312066,31.206657420249652,54.785020804438275,185.29166666666666
AUDUSD,mom rsi70 h8,365,125,hold,45.59023066485753,737,122,0.0,99.18032786885246,0.819672131147541,
AUDUSD,mom rsi70 h8,365,150,design,45.59023066485753,737,721,23.02357836338419,36.33841886269071,40.6380027739251,148.33333333333331
AUDUSD,mom rsi70 h8,365,150,hold,45.59023066485753,737,122,0.0,100.0,0.0,
AUDUSD,mom rsi70 h8,365,200,design,45.59023066485753,737,721,33.14840499306519,61.165048543689316,5.6865464632454925,122.33333333333333
AUDUSD,mom rsi70 h8,365,200,hold,45.59023066485753,737,122,0.0,100.0,0.0,
AUDUSD,mom rsi75 h8,30,50,design,44.510385756676556,337,721,0.0,0.0,100.0,
AUDUSD,mom rsi75 h8,30,50,hold,44.510385756676556,337,193,0.0,0.0,100.0,
AUDUSD,mom rsi75 h8,30,75,design,44.510385756676556,337,721,0.0,0.0,100.0,
AUDUSD,mom rsi75 h8,30,75,hold,44.510385756676556,337,193,0.0,0.0,100.0,
AUDUSD,mom rsi75 h8,30,100,design,44.510385756676556,337,721,0.0,0.0,100.0,
AUDUSD,mom rsi75 h8,30,100,hold,44.510385756676556,337,193,0.0,0.0,100.0,
AUDUSD,mom rsi75 h8,30,125,design,44.510385756676556,337,721,0.0,0.0,100.0,
AUDUSD,mom rsi75 h8,30,125,hold,44.510385756676556,337,193,0.0,0.0,100.0,
AUDUSD,mom rsi75 h8,30,150,design,44.510385756676556,337,721,0.0,0.0,100.0,
AUDUSD,mom rsi75 h8,30,150,hold,44.510385756676556,337,193,0.0,0.0,100.0,
AUDUSD,mom rsi75 h8,30,200,design,44.510385756676556,337,721,0.0,0.0,100.0,
AUDUSD,mom rsi75 h8,30,200,hold,44.510385756676556,337,193,0.0,0.0,100.0,
AUDUSD,mom rsi75 h8,60,50,design,44.510385756676556,337,721,0.0,0.0,100.0,
AUDUSD,mom rsi75 h8,60,50,hold,44.510385756676556,337,183,0.0,0.0,100.0,
AUDUSD,mom rsi75 h8,60,75,design,44.510385756676556,337,721,0.0,0.0,100.0,
AUDUSD,mom rsi75 h8,60,75,hold,44.510385756676556,337,183,0.0,0.0,100.0,
AUDUSD,mom rsi75 h8,60,100,design,44.510385756676556,337,721,0.0,0.0,100.0,
AUDUSD,mom rsi75 h8,60,100,hold,44.510385756676556,337,183,0.0,0.0,100.0,
AUDUSD,mom rsi75 h8,60,125,design,44.510385756676556,337,721,0.0,0.0,100.0,
AUDUSD,mom rsi75 h8,60,125,hold,44.510385756676556,337,183,0.0,0.0,100.0,
AUDUSD,mom rsi75 h8,60,150,design,44.510385756676556,337,721,0.0,0.0,100.0,
AUDUSD,mom rsi75 h8,60,150,hold,44.510385756676556,337,183,0.0,0.0,100.0,
AUDUSD,mom rsi75 h8,60,200,design,44.510385756676556,337,721,1.9417475728155338,0.0,98.05825242718447,48.83333333333333
AUDUSD,mom rsi75 h8,60,200,hold,44.510385756676556,337,183,0.0,0.0,100.0,
AUDUSD,mom rsi75 h8,90,50,design,44.510385756676556,337,721,0.0,0.0,100.0,
AUDUSD,mom rsi75 h8,90,50,hold,44.510385756676556,337,173,0.0,0.0,100.0,
AUDUSD,mom rsi75 h8,90,75,design,44.510385756676556,337,721,0.0,0.0,100.0,
AUDUSD,mom rsi75 h8,90,75,hold,44.510385756676556,337,173,0.0,0.0,100.0,
AUDUSD,mom rsi75 h8,90,100,design,44.510385756676556,337,721,0.0,0.0,100.0,
AUDUSD,mom rsi75 h8,90,100,hold,44.510385756676556,337,173,0.0,0.0,100.0,
AUDUSD,mom rsi75 h8,90,125,design,44.510385756676556,337,721,0.0,0.0,100.0,
AUDUSD,mom rsi75 h8,90,125,hold,44.510385756676556,337,173,0.0,0.0,100.0,
AUDUSD,mom rsi75 h8,90,150,design,44.510385756676556,337,721,0.0,0.0,100.0,
AUDUSD,mom rsi75 h8,90,150,hold,44.510385756676556,337,173,0.0,0.0,100.0,
AUDUSD,mom rsi75 h8,90,200,design,44.510385756676556,337,721,4.438280166435506,0.0,95.5617198335645,62.33333333333333
AUDUSD,mom rsi75 h8,90,200,hold,44.510385756676556,337,173,0.0,0.0,100.0,
AUDUSD,mom rsi75 h8,365,50,design,44.510385756676556,337,721,0.0,0.0,100.0,
AUDUSD,mom rsi75 h8,365,50,hold,44.510385756676556,337,113,0.0,0.0,100.0,
AUDUSD,mom rsi75 h8,365,75,design,44.510385756676556,337,721,0.0,0.0,100.0,
AUDUSD,mom rsi75 h8,365,75,hold,44.510385756676556,337,113,0.0,0.0,100.0,
AUDUSD,mom rsi75 h8,365,100,design,44.510385756676556,337,721,0.0,0.0,100.0,
AUDUSD,mom rsi75 h8,365,100,hold,44.510385756676556,337,113,0.0,0.0,100.0,
AUDUSD,mom rsi75 h8,365,125,design,44.510385756676556,337,721,0.0,0.0,100.0,
AUDUSD,mom rsi75 h8,365,125,hold,44.510385756676556,337,113,0.0,0.0,100.0,
AUDUSD,mom rsi75 h8,365,150,design,44.510385756676556,337,721,0.9708737864077669,17.614424410540916,81.41470180305132,165.25
AUDUSD,mom rsi75 h8,365,150,hold,44.510385756676556,337,113,0.0,0.0,100.0,
AUDUSD,mom rsi75 h8,365,200,design,44.510385756676556,337,721,6.2413314840499305,60.332871012482656,33.42579750346741,72.625
AUDUSD,mom rsi75 h8,365,200,hold,44.510385756676556,337,113,0.0,0.0,100.0,
NZDUSD,fade3.0/20 h4,30,50,design,44.44444444444444,189,721,0.0,0.0,100.0,
NZDUSD,fade3.0/20 h4,30,50,hold,44.44444444444444,189,201,0.0,0.0,100.0,
NZDUSD,fade3.0/20 h4,30,75,design,44.44444444444444,189,721,0.0,0.0,100.0,
NZDUSD,fade3.0/20 h4,30,75,hold,44.44444444444444,189,201,0.0,0.0,100.0,
NZDUSD,fade3.0/20 h4,30,100,design,44.44444444444444,189,721,0.0,0.0,100.0,
NZDUSD,fade3.0/20 h4,30,100,hold,44.44444444444444,189,201,0.0,0.0,100.0,
NZDUSD,fade3.0/20 h4,30,125,design,44.44444444444444,189,721,0.0,0.0,100.0,
NZDUSD,fade3.0/20 h4,30,125,hold,44.44444444444444,189,201,0.0,0.0,100.0,
NZDUSD,fade3.0/20 h4,30,150,design,44.44444444444444,189,721,0.0,0.0,100.0,
NZDUSD,fade3.0/20 h4,30,150,hold,44.44444444444444,189,201,0.0,0.0,100.0,
NZDUSD,fade3.0/20 h4,30,200,design,44.44444444444444,189,721,0.0,0.0,100.0,
NZDUSD,fade3.0/20 h4,30,200,hold,44.44444444444444,189,201,0.0,0.0,100.0,
NZDUSD,fade3.0/20 h4,60,50,design,44.44444444444444,189,721,0.0,0.0,100.0,
NZDUSD,fade3.0/20 h4,60,50,hold,44.44444444444444,189,191,0.0,0.0,100.0,
NZDUSD,fade3.0/20 h4,60,75,design,44.44444444444444,189,721,0.0,0.0,100.0,
NZDUSD,fade3.0/20 h4,60,75,hold,44.44444444444444,189,191,0.0,0.0,100.0,
NZDUSD,fade3.0/20 h4,60,100,design,44.44444444444444,189,721,0.0,0.0,100.0,
NZDUSD,fade3.0/20 h4,60,100,hold,44.44444444444444,189,191,0.0,0.0,100.0,
NZDUSD,fade3.0/20 h4,60,125,design,44.44444444444444,189,721,0.0,0.0,100.0,
NZDUSD,fade3.0/20 h4,60,125,hold,44.44444444444444,189,191,0.0,0.0,100.0,
NZDUSD,fade3.0/20 h4,60,150,design,44.44444444444444,189,721,0.0,0.0,100.0,
NZDUSD,fade3.0/20 h4,60,150,hold,44.44444444444444,189,191,0.0,0.0,100.0,
NZDUSD,fade3.0/20 h4,60,200,design,44.44444444444444,189,721,0.0,0.0,100.0,
NZDUSD,fade3.0/20 h4,60,200,hold,44.44444444444444,189,191,0.0,0.0,100.0,
NZDUSD,fade3.0/20 h4,90,50,design,44.44444444444444,189,721,0.0,0.0,100.0,
NZDUSD,fade3.0/20 h4,90,50,hold,44.44444444444444,189,181,0.0,0.0,100.0,
NZDUSD,fade3.0/20 h4,90,75,design,44.44444444444444,189,721,0.0,0.0,100.0,
NZDUSD,fade3.0/20 h4,90,75,hold,44.44444444444444,189,181,0.0,0.0,100.0,
NZDUSD,fade3.0/20 h4,90,100,design,44.44444444444444,189,721,0.0,0.0,100.0,
NZDUSD,fade3.0/20 h4,90,100,hold,44.44444444444444,189,181,0.0,0.0,100.0,
NZDUSD,fade3.0/20 h4,90,125,design,44.44444444444444,189,721,0.0,0.0,100.0,
NZDUSD,fade3.0/20 h4,90,125,hold,44.44444444444444,189,181,0.0,0.0,100.0,
NZDUSD,fade3.0/20 h4,90,150,design,44.44444444444444,189,721,0.0,0.0,100.0,
NZDUSD,fade3.0/20 h4,90,150,hold,44.44444444444444,189,181,0.0,0.0,100.0,
NZDUSD,fade3.0/20 h4,90,200,design,44.44444444444444,189,721,0.0,0.0,100.0,
NZDUSD,fade3.0/20 h4,90,200,hold,44.44444444444444,189,181,0.0,0.0,100.0,
NZDUSD,fade3.0/20 h4,365,50,design,44.44444444444444,189,721,0.0,0.0,100.0,
NZDUSD,fade3.0/20 h4,365,50,hold,44.44444444444444,189,121,0.0,0.0,100.0,
NZDUSD,fade3.0/20 h4,365,75,design,44.44444444444444,189,721,0.0,0.0,100.0,
NZDUSD,fade3.0/20 h4,365,75,hold,44.44444444444444,189,121,0.0,0.0,100.0,
NZDUSD,fade3.0/20 h4,365,100,design,44.44444444444444,189,721,0.0,0.0,100.0,
NZDUSD,fade3.0/20 h4,365,100,hold,44.44444444444444,189,121,0.0,0.0,100.0,
NZDUSD,fade3.0/20 h4,365,125,design,44.44444444444444,189,721,0.0,0.0,100.0,
NZDUSD,fade3.0/20 h4,365,125,hold,44.44444444444444,189,121,0.0,0.0,100.0,
NZDUSD,fade3.0/20 h4,365,150,design,44.44444444444444,189,721,0.0,0.0,100.0,
NZDUSD,fade3.0/20 h4,365,150,hold,44.44444444444444,189,121,0.0,0.0,100.0,
NZDUSD,fade3.0/20 h4,365,200,design,44.44444444444444,189,721,0.0,0.0,100.0,
NZDUSD,fade3.0/20 h4,365,200,hold,44.44444444444444,189,121,0.0,0.0,100.0,
NZDUSD,fade3.0/20 h8,30,50,design,43.91534391534391,189,721,0.0,0.0,100.0,
NZDUSD,fade3.0/20 h8,30,50,hold,43.91534391534391,189,201,0.0,0.0,100.0,
NZDUSD,fade3.0/20 h8,30,75,design,43.91534391534391,189,721,0.0,0.0,100.0,
NZDUSD,fade3.0/20 h8,30,75,hold,43.91534391534391,189,201,0.0,0.0,100.0,
NZDUSD,fade3.0/20 h8,30,100,design,43.91534391534391,189,721,0.0,0.0,100.0,
NZDUSD,fade3.0/20 h8,30,100,hold,43.91534391534391,189,201,0.0,0.0,100.0,
NZDUSD,fade3.0/20 h8,30,125,design,43.91534391534391,189,721,0.0,0.0,100.0,
NZDUSD,fade3.0/20 h8,30,125,hold,43.91534391534391,189,201,0.0,0.0,100.0,
NZDUSD,fade3.0/20 h8,30,150,design,43.91534391534391,189,721,0.0,0.0,100.0,
NZDUSD,fade3.0/20 h8,30,150,hold,43.91534391534391,189,201,0.0,0.0,100.0,
NZDUSD,fade3.0/20 h8,30,200,design,43.91534391534391,189,721,0.0,0.0,100.0,
NZDUSD,fade3.0/20 h8,30,200,hold,43.91534391534391,189,201,0.0,0.0,100.0,
NZDUSD,fade3.0/20 h8,60,50,design,43.91534391534391,189,721,0.0,0.0,100.0,
NZDUSD,fade3.0/20 h8,60,50,hold,43.91534391534391,189,191,0.0,0.0,100.0,
NZDUSD,fade3.0/20 h8,60,75,design,43.91534391534391,189,721,0.0,0.0,100.0,
NZDUSD,fade3.0/20 h8,60,75,hold,43.91534391534391,189,191,0.0,0.0,100.0,
NZDUSD,fade3.0/20 h8,60,100,design,43.91534391534391,189,721,0.0,0.0,100.0,
NZDUSD,fade3.0/20 h8,60,100,hold,43.91534391534391,189,191,0.0,0.0,100.0,
NZDUSD,fade3.0/20 h8,60,125,design,43.91534391534391,189,721,0.0,0.0,100.0,
NZDUSD,fade3.0/20 h8,60,125,hold,43.91534391534391,189,191,0.0,0.0,100.0,
NZDUSD,fade3.0/20 h8,60,150,design,43.91534391534391,189,721,0.0,0.0,100.0,
NZDUSD,fade3.0/20 h8,60,150,hold,43.91534391534391,189,191,0.0,0.0,100.0,
NZDUSD,fade3.0/20 h8,60,200,design,43.91534391534391,189,721,0.0,0.0,100.0,
NZDUSD,fade3.0/20 h8,60,200,hold,43.91534391534391,189,191,0.0,0.0,100.0,
NZDUSD,fade3.0/20 h8,90,50,design,43.91534391534391,189,721,0.0,0.0,100.0,
NZDUSD,fade3.0/20 h8,90,50,hold,43.91534391534391,189,181,0.0,0.0,100.0,
NZDUSD,fade3.0/20 h8,90,75,design,43.91534391534391,189,721,0.0,0.0,100.0,
NZDUSD,fade3.0/20 h8,90,75,hold,43.91534391534391,189,181,0.0,0.0,100.0,
NZDUSD,fade3.0/20 h8,90,100,design,43.91534391534391,189,721,0.0,0.0,100.0,
NZDUSD,fade3.0/20 h8,90,100,hold,43.91534391534391,189,181,0.0,0.0,100.0,
NZDUSD,fade3.0/20 h8,90,125,design,43.91534391534391,189,721,0.0,0.0,100.0,
NZDUSD,fade3.0/20 h8,90,125,hold,43.91534391534391,189,181,0.0,0.0,100.0,
NZDUSD,fade3.0/20 h8,90,150,design,43.91534391534391,189,721,0.0,0.0,100.0,
NZDUSD,fade3.0/20 h8,90,150,hold,43.91534391534391,189,181,0.0,0.0,100.0,
NZDUSD,fade3.0/20 h8,90,200,design,43.91534391534391,189,721,0.0,0.0,100.0,
NZDUSD,fade3.0/20 h8,90,200,hold,43.91534391534391,189,181,0.0,0.0,100.0,
NZDUSD,fade3.0/20 h8,365,50,design,43.91534391534391,189,721,0.0,0.0,100.0,
NZDUSD,fade3.0/20 h8,365,50,hold,43.91534391534391,189,121,0.0,0.0,100.0,
NZDUSD,fade3.0/20 h8,365,75,design,43.91534391534391,189,721,0.0,0.0,100.0,
NZDUSD,fade3.0/20 h8,365,75,hold,43.91534391534391,189,121,0.0,0.0,100.0,
NZDUSD,fade3.0/20 h8,365,100,design,43.91534391534391,189,721,0.0,0.0,100.0,
NZDUSD,fade3.0/20 h8,365,100,hold,43.91534391534391,189,121,0.0,0.0,100.0,
NZDUSD,fade3.0/20 h8,365,125,design,43.91534391534391,189,721,0.0,0.0,100.0,
NZDUSD,fade3.0/20 h8,365,125,hold,43.91534391534391,189,121,0.0,0.0,100.0,
NZDUSD,fade3.0/20 h8,365,150,design,43.91534391534391,189,721,0.0,0.0,100.0,
NZDUSD,fade3.0/20 h8,365,150,hold,43.91534391534391,189,121,0.0,0.0,100.0,
NZDUSD,fade3.0/20 h8,365,200,design,43.91534391534391,189,721,0.0,0.0,100.0,
NZDUSD,fade3.0/20 h8,365,200,hold,43.91534391534391,189,121,0.0,0.0,100.0,
NZDUSD,fade2.5/25 h4,30,50,design,46.78217821782179,808,721,0.0,0.0,100.0,
NZDUSD,fade2.5/25 h4,30,50,hold,46.78217821782179,808,202,0.0,0.0,100.0,
NZDUSD,fade2.5/25 h4,30,75,design,46.78217821782179,808,721,0.0,0.0,100.0,
NZDUSD,fade2.5/25 h4,30,75,hold,46.78217821782179,808,202,0.0,0.0,100.0,
NZDUSD,fade2.5/25 h4,30,100,design,46.78217821782179,808,721,0.0,0.0,100.0,
NZDUSD,fade2.5/25 h4,30,100,hold,46.78217821782179,808,202,0.0,0.0,100.0,
NZDUSD,fade2.5/25 h4,30,125,design,46.78217821782179,808,721,0.0,0.0,100.0,
NZDUSD,fade2.5/25 h4,30,125,hold,46.78217821782179,808,202,0.0,0.0,100.0,
NZDUSD,fade2.5/25 h4,30,150,design,46.78217821782179,808,721,0.0,0.0,100.0,
NZDUSD,fade2.5/25 h4,30,150,hold,46.78217821782179,808,202,0.0,0.0,100.0,
NZDUSD,fade2.5/25 h4,30,200,design,46.78217821782179,808,721,0.13869625520110956,0.0,99.86130374479889,29.125
NZDUSD,fade2.5/25 h4,30,200,hold,46.78217821782179,808,202,0.0,0.0,100.0,
NZDUSD,fade2.5/25 h4,60,50,design,46.78217821782179,808,721,0.0,0.0,100.0,
NZDUSD,fade2.5/25 h4,60,50,hold,46.78217821782179,808,192,0.0,0.0,100.0,
NZDUSD,fade2.5/25 h4,60,75,design,46.78217821782179,808,721,0.0,0.0,100.0,
NZDUSD,fade2.5/25 h4,60,75,hold,46.78217821782179,808,192,0.0,0.0,100.0,
NZDUSD,fade2.5/25 h4,60,100,design,46.78217821782179,808,721,0.0,0.0,100.0,
NZDUSD,fade2.5/25 h4,60,100,hold,46.78217821782179,808,192,0.0,0.0,100.0,
NZDUSD,fade2.5/25 h4,60,125,design,46.78217821782179,808,721,0.0,0.0,100.0,
NZDUSD,fade2.5/25 h4,60,125,hold,46.78217821782179,808,192,0.0,0.0,100.0,
NZDUSD,fade2.5/25 h4,60,150,design,46.78217821782179,808,721,0.8321775312066574,0.0,99.16782246879335,52.8125
NZDUSD,fade2.5/25 h4,60,150,hold,46.78217821782179,808,192,0.0,0.0,100.0,
NZDUSD,fade2.5/25 h4,60,200,design,46.78217821782179,808,721,4.438280166435506,0.0,95.5617198335645,48.0
NZDUSD,fade2.5/25 h4,60,200,hold,46.78217821782179,808,192,0.0,0.0,100.0,
NZDUSD,fade2.5/25 h4,90,50,design,46.78217821782179,808,721,0.0,0.0,100.0,
NZDUSD,fade2.5/25 h4,90,50,hold,46.78217821782179,808,182,0.0,0.0,100.0,
NZDUSD,fade2.5/25 h4,90,75,design,46.78217821782179,808,721,0.0,0.0,100.0,
NZDUSD,fade2.5/25 h4,90,75,hold,46.78217821782179,808,182,0.0,0.0,100.0,
NZDUSD,fade2.5/25 h4,90,100,design,46.78217821782179,808,721,0.0,0.0,100.0,
NZDUSD,fade2.5/25 h4,90,100,hold,46.78217821782179,808,182,0.0,0.0,100.0,
NZDUSD,fade2.5/25 h4,90,125,design,46.78217821782179,808,721,1.1095700416088765,0.0,98.89042995839112,77.47916666666666
NZDUSD,fade2.5/25 h4,90,125,hold,46.78217821782179,808,182,0.0,0.0,100.0,
NZDUSD,fade2.5/25 h4,90,150,design,46.78217821782179,808,721,3.0513176144244105,0.0,96.9486823855756,70.85416666666666
NZDUSD,fade2.5/25 h4,90,150,hold,46.78217821782179,808,182,0.0,0.0,100.0,
NZDUSD,fade2.5/25 h4,90,200,design,46.78217821782179,808,721,9.29264909847434,0.6934812760055479,90.01386962552012,60.25
NZDUSD,fade2.5/25 h4,90,200,hold,46.78217821782179,808,182,0.0,0.0,100.0,
NZDUSD,fade2.5/25 h4,365,50,design,46.78217821782179,808,721,0.0,0.0,100.0,
NZDUSD,fade2.5/25 h4,365,50,hold,46.78217821782179,808,122,0.0,0.0,100.0,
NZDUSD,fade2.5/25 h4,365,75,design,46.78217821782179,808,721,0.0,0.0,100.0,
NZDUSD,fade2.5/25 h4,365,75,hold,46.78217821782179,808,122,0.0,0.0,100.0,
NZDUSD,fade2.5/25 h4,365,100,design,46.78217821782179,808,721,2.3578363384188625,3.8834951456310676,93.75866851595008,339.2083333333333
NZDUSD,fade2.5/25 h4,365,100,hold,46.78217821782179,808,122,0.0,0.0,100.0,
NZDUSD,fade2.5/25 h4,365,125,design,46.78217821782179,808,721,7.212205270457697,18.58529819694868,74.20249653259361,295.9166666666667
NZDUSD,fade2.5/25 h4,365,125,hold,46.78217821782179,808,122,0.0,0.0,100.0,
NZDUSD,fade2.5/25 h4,365,150,design,46.78217821782179,808,721,18.169209431345354,23.855755894590846,57.9750346740638,193.29166666666666
NZDUSD,fade2.5/25 h4,365,150,hold,46.78217821782179,808,122,0.0,0.0,100.0,
NZDUSD,fade2.5/25 h4,365,200,design,46.78217821782179,808,721,31.761442441054093,35.22884882108183,33.00970873786408,140.08333333333334
NZDUSD,fade2.5/25 h4,365,200,hold,46.78217821782179,808,122,0.0,40.98360655737705,59.01639344262295,
NZDUSD,fade2.5/25 h8,30,50,design,47.40177439797212,789,721,0.0,0.0,100.0,
NZDUSD,fade2.5/25 h8,30,50,hold,47.40177439797212,789,202,0.0,0.0,100.0,
NZDUSD,fade2.5/25 h8,30,75,design,47.40177439797212,789,721,0.0,0.0,100.0,
NZDUSD,fade2.5/25 h8,30,75,hold,47.40177439797212,789,202,0.0,0.0,100.0,
NZDUSD,fade2.5/25 h8,30,100,design,47.40177439797212,789,721,0.0,0.0,100.0,
NZDUSD,fade2.5/25 h8,30,100,hold,47.40177439797212,789,202,0.0,0.0,100.0,
NZDUSD,fade2.5/25 h8,30,125,design,47.40177439797212,789,721,0.0,0.0,100.0,
NZDUSD,fade2.5/25 h8,30,125,hold,47.40177439797212,789,202,0.0,0.0,100.0,
NZDUSD,fade2.5/25 h8,30,150,design,47.40177439797212,789,721,0.0,0.0,100.0,
NZDUSD,fade2.5/25 h8,30,150,hold,47.40177439797212,789,202,0.49504950495049505,0.0,99.5049504950495,22.166666666666668
NZDUSD,fade2.5/25 h8,30,200,design,47.40177439797212,789,721,1.3869625520110958,0.0,98.6130374479889,25.1875
NZDUSD,fade2.5/25 h8,30,200,hold,47.40177439797212,789,202,1.4851485148514851,0.0,98.51485148514851,15.791666666666666
NZDUSD,fade2.5/25 h8,60,50,design,47.40177439797212,789,721,0.0,0.0,100.0,
NZDUSD,fade2.5/25 h8,60,50,hold,47.40177439797212,789,192,0.0,0.0,100.0,
NZDUSD,fade2.5/25 h8,60,75,design,47.40177439797212,789,721,0.0,0.0,100.0,
NZDUSD,fade2.5/25 h8,60,75,hold,47.40177439797212,789,192,0.0,0.0,100.0,
NZDUSD,fade2.5/25 h8,60,100,design,47.40177439797212,789,721,0.0,0.0,100.0,
NZDUSD,fade2.5/25 h8,60,100,hold,47.40177439797212,789,192,0.0,0.0,100.0,
NZDUSD,fade2.5/25 h8,60,125,design,47.40177439797212,789,721,0.0,0.0,100.0,
NZDUSD,fade2.5/25 h8,60,125,hold,47.40177439797212,789,192,0.5208333333333333,0.0,99.47916666666666,41.458333333333336
NZDUSD,fade2.5/25 h8,60,150,design,47.40177439797212,789,721,0.27739251040221913,0.0,99.72260748959778,51.916666666666664
NZDUSD,fade2.5/25 h8,60,150,hold,47.40177439797212,789,192,1.0416666666666665,0.0,98.95833333333334,30.041666666666664
NZDUSD,fade2.5/25 h8,60,200,design,47.40177439797212,789,721,4.993065187239944,1.6643550624133148,93.34257975034674,40.666666666666664
NZDUSD,fade2.5/25 h8,60,200,hold,47.40177439797212,789,192,6.25,0.0,93.75,38.666666666666664
NZDUSD,fade2.5/25 h8,90,50,design,47.40177439797212,789,721,0.0,0.0,100.0,
NZDUSD,fade2.5/25 h8,90,50,hold,47.40177439797212,789,182,0.0,0.0,100.0,
NZDUSD,fade2.5/25 h8,90,75,design,47.40177439797212,789,721,0.0,0.0,100.0,
NZDUSD,fade2.5/25 h8,90,75,hold,47.40177439797212,789,182,0.0,0.0,100.0,
NZDUSD,fade2.5/25 h8,90,100,design,47.40177439797212,789,721,0.0,0.0,100.0,
NZDUSD,fade2.5/25 h8,90,100,hold,47.40177439797212,789,182,0.0,0.0,100.0,
NZDUSD,fade2.5/25 h8,90,125,design,47.40177439797212,789,721,0.27739251040221913,0.0,99.72260748959778,80.04166666666667
NZDUSD,fade2.5/25 h8,90,125,hold,47.40177439797212,789,182,0.5494505494505495,0.0,99.45054945054946,41.458333333333336
NZDUSD,fade2.5/25 h8,90,150,design,47.40177439797212,789,721,1.5256588072122053,0.0,98.47434119278779,72.91666666666667
NZDUSD,fade2.5/25 h8,90,150,hold,47.40177439797212,789,182,1.098901098901099,0.0,98.9010989010989,30.041666666666664
NZDUSD,fade2.5/25 h8,90,200,design,47.40177439797212,789,721,9.29264909847434,7.905686546463246,82.80166435506241,58.125
NZDUSD,fade2.5/25 h8,90,200,hold,47.40177439797212,789,182,10.43956043956044,0.0,89.56043956043956,55.166666666666664
NZDUSD,fade2.5/25 h8,365,50,design,47.40177439797212,789,721,0.0,0.0,100.0,
NZDUSD,fade2.5/25 h8,365,50,hold,47.40177439797212,789,122,0.0,0.0,100.0,
NZDUSD,fade2.5/25 h8,365,75,design,47.40177439797212,789,721,0.0,0.0,100.0,
NZDUSD,fade2.5/25 h8,365,75,hold,47.40177439797212,789,122,0.0,0.0,100.0,
NZDUSD,fade2.5/25 h8,365,100,design,47.40177439797212,789,721,0.8321775312066574,9.153952843273231,90.01386962552012,318.9583333333333
NZDUSD,fade2.5/25 h8,365,100,hold,47.40177439797212,789,122,0.0,0.0,100.0,
NZDUSD,fade2.5/25 h8,365,125,design,47.40177439797212,789,721,3.6061026352288486,23.1622746185853,73.23162274618585,312.75
NZDUSD,fade2.5/25 h8,365,125,hold,47.40177439797212,789,122,0.0,0.0,100.0,
NZDUSD,fade2.5/25 h8,365,150,design,47.40177439797212,789,721,7.766990291262135,35.78363384188627,56.44937586685159,137.04166666666666
NZDUSD,fade2.5/25 h8,365,150,hold,47.40177439797212,789,122,6.557377049180328,0.0,93.44262295081968,316.8333333333333
NZDUSD,fade2.5/25 h8,365,200,design,47.40177439797212,789,721,21.7753120665742,60.61026352288488,17.614424410540916,106.25
NZDUSD,fade2.5/25 h8,365,200,hold,47.40177439797212,789,122,44.26229508196721,0.0,55.73770491803278,234.04166666666666
NZDUSD,fade3.0/20 h4 L,30,50,design,42.857142857142854,98,721,0.0,0.0,100.0,
NZDUSD,fade3.0/20 h4 L,30,50,hold,42.857142857142854,98,201,0.0,0.0,100.0,
NZDUSD,fade3.0/20 h4 L,30,75,design,42.857142857142854,98,721,0.0,0.0,100.0,
NZDUSD,fade3.0/20 h4 L,30,75,hold,42.857142857142854,98,201,0.0,0.0,100.0,
NZDUSD,fade3.0/20 h4 L,30,100,design,42.857142857142854,98,721,0.0,0.0,100.0,
NZDUSD,fade3.0/20 h4 L,30,100,hold,42.857142857142854,98,201,0.0,0.0,100.0,
NZDUSD,fade3.0/20 h4 L,30,125,design,42.857142857142854,98,721,0.0,0.0,100.0,
NZDUSD,fade3.0/20 h4 L,30,125,hold,42.857142857142854,98,201,0.0,0.0,100.0,
NZDUSD,fade3.0/20 h4 L,30,150,design,42.857142857142854,98,721,0.0,0.0,100.0,
NZDUSD,fade3.0/20 h4 L,30,150,hold,42.857142857142854,98,201,0.0,0.0,100.0,
NZDUSD,fade3.0/20 h4 L,30,200,design,42.857142857142854,98,721,0.0,0.0,100.0,
NZDUSD,fade3.0/20 h4 L,30,200,hold,42.857142857142854,98,201,0.0,0.0,100.0,
NZDUSD,fade3.0/20 h4 L,60,50,design,42.857142857142854,98,721,0.0,0.0,100.0,
NZDUSD,fade3.0/20 h4 L,60,50,hold,42.857142857142854,98,191,0.0,0.0,100.0,
NZDUSD,fade3.0/20 h4 L,60,75,design,42.857142857142854,98,721,0.0,0.0,100.0,
NZDUSD,fade3.0/20 h4 L,60,75,hold,42.857142857142854,98,191,0.0,0.0,100.0,
NZDUSD,fade3.0/20 h4 L,60,100,design,42.857142857142854,98,721,0.0,0.0,100.0,
NZDUSD,fade3.0/20 h4 L,60,100,hold,42.857142857142854,98,191,0.0,0.0,100.0,
NZDUSD,fade3.0/20 h4 L,60,125,design,42.857142857142854,98,721,0.0,0.0,100.0,
NZDUSD,fade3.0/20 h4 L,60,125,hold,42.857142857142854,98,191,0.0,0.0,100.0,
NZDUSD,fade3.0/20 h4 L,60,150,design,42.857142857142854,98,721,0.0,0.0,100.0,
NZDUSD,fade3.0/20 h4 L,60,150,hold,42.857142857142854,98,191,0.0,0.0,100.0,
NZDUSD,fade3.0/20 h4 L,60,200,design,42.857142857142854,98,721,0.0,0.0,100.0,
NZDUSD,fade3.0/20 h4 L,60,200,hold,42.857142857142854,98,191,0.0,0.0,100.0,
NZDUSD,fade3.0/20 h4 L,90,50,design,42.857142857142854,98,721,0.0,0.0,100.0,
NZDUSD,fade3.0/20 h4 L,90,50,hold,42.857142857142854,98,181,0.0,0.0,100.0,
NZDUSD,fade3.0/20 h4 L,90,75,design,42.857142857142854,98,721,0.0,0.0,100.0,
NZDUSD,fade3.0/20 h4 L,90,75,hold,42.857142857142854,98,181,0.0,0.0,100.0,
NZDUSD,fade3.0/20 h4 L,90,100,design,42.857142857142854,98,721,0.0,0.0,100.0,
NZDUSD,fade3.0/20 h4 L,90,100,hold,42.857142857142854,98,181,0.0,0.0,100.0,
NZDUSD,fade3.0/20 h4 L,90,125,design,42.857142857142854,98,721,0.0,0.0,100.0,
NZDUSD,fade3.0/20 h4 L,90,125,hold,42.857142857142854,98,181,0.0,0.0,100.0,
NZDUSD,fade3.0/20 h4 L,90,150,design,42.857142857142854,98,721,0.0,0.0,100.0,
NZDUSD,fade3.0/20 h4 L,90,150,hold,42.857142857142854,98,181,0.0,0.0,100.0,
NZDUSD,fade3.0/20 h4 L,90,200,design,42.857142857142854,98,721,0.0,0.0,100.0,
NZDUSD,fade3.0/20 h4 L,90,200,hold,42.857142857142854,98,181,0.0,0.0,100.0,
NZDUSD,fade3.0/20 h4 L,365,50,design,42.857142857142854,98,721,0.0,0.0,100.0,
NZDUSD,fade3.0/20 h4 L,365,50,hold,42.857142857142854,98,121,0.0,0.0,100.0,
NZDUSD,fade3.0/20 h4 L,365,75,design,42.857142857142854,98,721,0.0,0.0,100.0,
NZDUSD,fade3.0/20 h4 L,365,75,hold,42.857142857142854,98,121,0.0,0.0,100.0,
NZDUSD,fade3.0/20 h4 L,365,100,design,42.857142857142854,98,721,0.0,0.0,100.0,
NZDUSD,fade3.0/20 h4 L,365,100,hold,42.857142857142854,98,121,0.0,0.0,100.0,
NZDUSD,fade3.0/20 h4 L,365,125,design,42.857142857142854,98,721,0.0,0.0,100.0,
NZDUSD,fade3.0/20 h4 L,365,125,hold,42.857142857142854,98,121,0.0,0.0,100.0,
NZDUSD,fade3.0/20 h4 L,365,150,design,42.857142857142854,98,721,0.0,0.0,100.0,
NZDUSD,fade3.0/20 h4 L,365,150,hold,42.857142857142854,98,121,0.0,0.0,100.0,
NZDUSD,fade3.0/20 h4 L,365,200,design,42.857142857142854,98,721,0.0,0.0,100.0,
NZDUSD,fade3.0/20 h4 L,365,200,hold,42.857142857142854,98,121,0.0,0.0,100.0,
NZDUSD,fade3.0/20 h8 L,30,50,design,40.816326530612244,98,721,0.0,0.0,100.0,
NZDUSD,fade3.0/20 h8 L,30,50,hold,40.816326530612244,98,201,0.0,0.0,100.0,
NZDUSD,fade3.0/20 h8 L,30,75,design,40.816326530612244,98,721,0.0,0.0,100.0,
NZDUSD,fade3.0/20 h8 L,30,75,hold,40.816326530612244,98,201,0.0,0.0,100.0,
NZDUSD,fade3.0/20 h8 L,30,100,design,40.816326530612244,98,721,0.0,0.0,100.0,
NZDUSD,fade3.0/20 h8 L,30,100,hold,40.816326530612244,98,201,0.0,0.0,100.0,
NZDUSD,fade3.0/20 h8 L,30,125,design,40.816326530612244,98,721,0.0,0.0,100.0,
NZDUSD,fade3.0/20 h8 L,30,125,hold,40.816326530612244,98,201,0.0,0.0,100.0,
NZDUSD,fade3.0/20 h8 L,30,150,design,40.816326530612244,98,721,0.0,0.0,100.0,
NZDUSD,fade3.0/20 h8 L,30,150,hold,40.816326530612244,98,201,0.0,0.0,100.0,
NZDUSD,fade3.0/20 h8 L,30,200,design,40.816326530612244,98,721,0.0,0.0,100.0,
NZDUSD,fade3.0/20 h8 L,30,200,hold,40.816326530612244,98,201,0.0,0.0,100.0,
NZDUSD,fade3.0/20 h8 L,60,50,design,40.816326530612244,98,721,0.0,0.0,100.0,
NZDUSD,fade3.0/20 h8 L,60,50,hold,40.816326530612244,98,191,0.0,0.0,100.0,
NZDUSD,fade3.0/20 h8 L,60,75,design,40.816326530612244,98,721,0.0,0.0,100.0,
NZDUSD,fade3.0/20 h8 L,60,75,hold,40.816326530612244,98,191,0.0,0.0,100.0,
NZDUSD,fade3.0/20 h8 L,60,100,design,40.816326530612244,98,721,0.0,0.0,100.0,
NZDUSD,fade3.0/20 h8 L,60,100,hold,40.816326530612244,98,191,0.0,0.0,100.0,
NZDUSD,fade3.0/20 h8 L,60,125,design,40.816326530612244,98,721,0.0,0.0,100.0,
NZDUSD,fade3.0/20 h8 L,60,125,hold,40.816326530612244,98,191,0.0,0.0,100.0,
NZDUSD,fade3.0/20 h8 L,60,150,design,40.816326530612244,98,721,0.0,0.0,100.0,
NZDUSD,fade3.0/20 h8 L,60,150,hold,40.816326530612244,98,191,0.0,0.0,100.0,
NZDUSD,fade3.0/20 h8 L,60,200,design,40.816326530612244,98,721,0.0,0.0,100.0,
NZDUSD,fade3.0/20 h8 L,60,200,hold,40.816326530612244,98,191,0.0,0.0,100.0,
NZDUSD,fade3.0/20 h8 L,90,50,design,40.816326530612244,98,721,0.0,0.0,100.0,
NZDUSD,fade3.0/20 h8 L,90,50,hold,40.816326530612244,98,181,0.0,0.0,100.0,
NZDUSD,fade3.0/20 h8 L,90,75,design,40.816326530612244,98,721,0.0,0.0,100.0,
NZDUSD,fade3.0/20 h8 L,90,75,hold,40.816326530612244,98,181,0.0,0.0,100.0,
NZDUSD,fade3.0/20 h8 L,90,100,design,40.816326530612244,98,721,0.0,0.0,100.0,
NZDUSD,fade3.0/20 h8 L,90,100,hold,40.816326530612244,98,181,0.0,0.0,100.0,
NZDUSD,fade3.0/20 h8 L,90,125,design,40.816326530612244,98,721,0.0,0.0,100.0,
NZDUSD,fade3.0/20 h8 L,90,125,hold,40.816326530612244,98,181,0.0,0.0,100.0,
NZDUSD,fade3.0/20 h8 L,90,150,design,40.816326530612244,98,721,0.0,0.0,100.0,
NZDUSD,fade3.0/20 h8 L,90,150,hold,40.816326530612244,98,181,0.0,0.0,100.0,
NZDUSD,fade3.0/20 h8 L,90,200,design,40.816326530612244,98,721,0.0,0.0,100.0,
NZDUSD,fade3.0/20 h8 L,90,200,hold,40.816326530612244,98,181,0.0,0.0,100.0,
NZDUSD,fade3.0/20 h8 L,365,50,design,40.816326530612244,98,721,0.0,0.0,100.0,
NZDUSD,fade3.0/20 h8 L,365,50,hold,40.816326530612244,98,121,0.0,0.0,100.0,
NZDUSD,fade3.0/20 h8 L,365,75,design,40.816326530612244,98,721,0.0,0.0,100.0,
NZDUSD,fade3.0/20 h8 L,365,75,hold,40.816326530612244,98,121,0.0,0.0,100.0,
NZDUSD,fade3.0/20 h8 L,365,100,design,40.816326530612244,98,721,0.0,0.0,100.0,
NZDUSD,fade3.0/20 h8 L,365,100,hold,40.816326530612244,98,121,0.0,0.0,100.0,
NZDUSD,fade3.0/20 h8 L,365,125,design,40.816326530612244,98,721,0.0,0.0,100.0,
NZDUSD,fade3.0/20 h8 L,365,125,hold,40.816326530612244,98,121,0.0,0.0,100.0,
NZDUSD,fade3.0/20 h8 L,365,150,design,40.816326530612244,98,721,0.0,0.0,100.0,
NZDUSD,fade3.0/20 h8 L,365,150,hold,40.816326530612244,98,121,0.0,0.0,100.0,
NZDUSD,fade3.0/20 h8 L,365,200,design,40.816326530612244,98,721,8.321775312066574,0.0,91.67822468793344,300.2083333333333
NZDUSD,fade3.0/20 h8 L,365,200,hold,40.816326530612244,98,121,0.0,0.0,100.0,
NZDUSD,fade2.5/25 h4 L,30,50,design,46.411483253588514,418,721,0.0,0.0,100.0,
NZDUSD,fade2.5/25 h4 L,30,50,hold,46.411483253588514,418,202,0.0,0.0,100.0,
NZDUSD,fade2.5/25 h4 L,30,75,design,46.411483253588514,418,721,0.0,0.0,100.0,
NZDUSD,fade2.5/25 h4 L,30,75,hold,46.411483253588514,418,202,0.0,0.0,100.0,
NZDUSD,fade2.5/25 h4 L,30,100,design,46.411483253588514,418,721,0.0,0.0,100.0,
NZDUSD,fade2.5/25 h4 L,30,100,hold,46.411483253588514,418,202,0.0,0.0,100.0,
NZDUSD,fade2.5/25 h4 L,30,125,design,46.411483253588514,418,721,0.0,0.0,100.0,
NZDUSD,fade2.5/25 h4 L,30,125,hold,46.411483253588514,418,202,0.0,0.0,100.0,
NZDUSD,fade2.5/25 h4 L,30,150,design,46.411483253588514,418,721,0.0,0.0,100.0,
NZDUSD,fade2.5/25 h4 L,30,150,hold,46.411483253588514,418,202,0.0,0.0,100.0,
NZDUSD,fade2.5/25 h4 L,30,200,design,46.411483253588514,418,721,0.0,0.0,100.0,
NZDUSD,fade2.5/25 h4 L,30,200,hold,46.411483253588514,418,202,0.0,0.0,100.0,
NZDUSD,fade2.5/25 h4 L,60,50,design,46.411483253588514,418,721,0.0,0.0,100.0,
NZDUSD,fade2.5/25 h4 L,60,50,hold,46.411483253588514,418,192,0.0,0.0,100.0,
NZDUSD,fade2.5/25 h4 L,60,75,design,46.411483253588514,418,721,0.0,0.0,100.0,
NZDUSD,fade2.5/25 h4 L,60,75,hold,46.411483253588514,418,192,0.0,0.0,100.0,
NZDUSD,fade2.5/25 h4 L,60,100,design,46.411483253588514,418,721,0.0,0.0,100.0,
NZDUSD,fade2.5/25 h4 L,60,100,hold,46.411483253588514,418,192,0.0,0.0,100.0,
NZDUSD,fade2.5/25 h4 L,60,125,design,46.411483253588514,418,721,0.0,0.0,100.0,
NZDUSD,fade2.5/25 h4 L,60,125,hold,46.411483253588514,418,192,0.0,0.0,100.0,
NZDUSD,fade2.5/25 h4 L,60,150,design,46.411483253588514,418,721,0.0,0.0,100.0,
NZDUSD,fade2.5/25 h4 L,60,150,hold,46.411483253588514,418,192,0.0,0.0,100.0,
NZDUSD,fade2.5/25 h4 L,60,200,design,46.411483253588514,418,721,0.13869625520110956,0.0,99.86130374479889,54.625
NZDUSD,fade2.5/25 h4 L,60,200,hold,46.411483253588514,418,192,0.0,0.0,100.0,
NZDUSD,fade2.5/25 h4 L,90,50,design,46.411483253588514,418,721,0.0,0.0,100.0,
NZDUSD,fade2.5/25 h4 L,90,50,hold,46.411483253588514,418,182,0.0,0.0,100.0,
NZDUSD,fade2.5/25 h4 L,90,75,design,46.411483253588514,418,721,0.0,0.0,100.0,
NZDUSD,fade2.5/25 h4 L,90,75,hold,46.411483253588514,418,182,0.0,0.0,100.0,
NZDUSD,fade2.5/25 h4 L,90,100,design,46.411483253588514,418,721,0.0,0.0,100.0,
NZDUSD,fade2.5/25 h4 L,90,100,hold,46.411483253588514,418,182,0.0,0.0,100.0,
NZDUSD,fade2.5/25 h4 L,90,125,design,46.411483253588514,418,721,0.0,0.0,100.0,
NZDUSD,fade2.5/25 h4 L,90,125,hold,46.411483253588514,418,182,0.0,0.0,100.0,
NZDUSD,fade2.5/25 h4 L,90,150,design,46.411483253588514,418,721,0.0,0.0,100.0,
NZDUSD,fade2.5/25 h4 L,90,150,hold,46.411483253588514,418,182,0.0,0.0,100.0,
NZDUSD,fade2.5/25 h4 L,90,200,design,46.411483253588514,418,721,1.248266296809986,0.0,98.75173370319001,66.625
NZDUSD,fade2.5/25 h4 L,90,200,hold,46.411483253588514,418,182,0.0,0.0,100.0,
NZDUSD,fade2.5/25 h4 L,365,50,design,46.411483253588514,418,721,0.0,0.0,100.0,
NZDUSD,fade2.5/25 h4 L,365,50,hold,46.411483253588514,418,122,0.0,0.0,100.0,
NZDUSD,fade2.5/25 h4 L,365,75,design,46.411483253588514,418,721,0.0,0.0,100.0,
NZDUSD,fade2.5/25 h4 L,365,75,hold,46.411483253588514,418,122,0.0,0.0,100.0,
NZDUSD,fade2.5/25 h4 L,365,100,design,46.411483253588514,418,721,0.0,0.0,100.0,
NZDUSD,fade2.5/25 h4 L,365,100,hold,46.411483253588514,418,122,0.0,0.0,100.0,
NZDUSD,fade2.5/25 h4 L,365,125,design,46.411483253588514,418,721,0.0,0.0,100.0,
NZDUSD,fade2.5/25 h4 L,365,125,hold,46.411483253588514,418,122,0.0,0.0,100.0,
NZDUSD,fade2.5/25 h4 L,365,150,design,46.411483253588514,418,721,4.854368932038835,8.044382801664355,87.1012482662968,326.375
NZDUSD,fade2.5/25 h4 L,365,150,hold,46.411483253588514,418,122,0.0,0.0,100.0,
NZDUSD,fade2.5/25 h4 L,365,200,design,46.411483253588514,418,721,10.263522884882107,14.424410540915394,75.31206657420249,209.125
NZDUSD,fade2.5/25 h4 L,365,200,hold,46.411483253588514,418,122,0.0,0.0,100.0,
NZDUSD,fade2.5/25 h8 L,30,50,design,44.66019417475729,412,721,0.0,0.0,100.0,
NZDUSD,fade2.5/25 h8 L,30,50,hold,44.66019417475729,412,202,0.0,0.0,100.0,
NZDUSD,fade2.5/25 h8 L,30,75,design,44.66019417475729,412,721,0.0,0.0,100.0,
NZDUSD,fade2.5/25 h8 L,30,75,hold,44.66019417475729,412,202,0.0,0.0,100.0,
NZDUSD,fade2.5/25 h8 L,30,100,design,44.66019417475729,412,721,0.0,0.0,100.0,
NZDUSD,fade2.5/25 h8 L,30,100,hold,44.66019417475729,412,202,0.0,0.0,100.0,
NZDUSD,fade2.5/25 h8 L,30,125,design,44.66019417475729,412,721,0.0,0.0,100.0,
NZDUSD,fade2.5/25 h8 L,30,125,hold,44.66019417475729,412,202,0.0,0.0,100.0,
NZDUSD,fade2.5/25 h8 L,30,150,design,44.66019417475729,412,721,0.0,0.0,100.0,
NZDUSD,fade2.5/25 h8 L,30,150,hold,44.66019417475729,412,202,0.0,0.0,100.0,
NZDUSD,fade2.5/25 h8 L,30,200,design,44.66019417475729,412,721,0.0,0.0,100.0,
NZDUSD,fade2.5/25 h8 L,30,200,hold,44.66019417475729,412,202,0.0,0.0,100.0,
NZDUSD,fade2.5/25 h8 L,60,50,design,44.66019417475729,412,721,0.0,0.0,100.0,
NZDUSD,fade2.5/25 h8 L,60,50,hold,44.66019417475729,412,192,0.0,0.0,100.0,
NZDUSD,fade2.5/25 h8 L,60,75,design,44.66019417475729,412,721,0.0,0.0,100.0,
NZDUSD,fade2.5/25 h8 L,60,75,hold,44.66019417475729,412,192,0.0,0.0,100.0,
NZDUSD,fade2.5/25 h8 L,60,100,design,44.66019417475729,412,721,0.0,0.0,100.0,
NZDUSD,fade2.5/25 h8 L,60,100,hold,44.66019417475729,412,192,0.0,0.0,100.0,
NZDUSD,fade2.5/25 h8 L,60,125,design,44.66019417475729,412,721,0.0,0.0,100.0,
NZDUSD,fade2.5/25 h8 L,60,125,hold,44.66019417475729,412,192,0.0,0.0,100.0,
NZDUSD,fade2.5/25 h8 L,60,150,design,44.66019417475729,412,721,0.0,0.0,100.0,
NZDUSD,fade2.5/25 h8 L,60,150,hold,44.66019417475729,412,192,0.0,0.0,100.0,
NZDUSD,fade2.5/25 h8 L,60,200,design,44.66019417475729,412,721,1.6643550624133148,0.0,98.3356449375867,51.39583333333333
NZDUSD,fade2.5/25 h8 L,60,200,hold,44.66019417475729,412,192,0.0,0.0,100.0,
NZDUSD,fade2.5/25 h8 L,90,50,design,44.66019417475729,412,721,0.0,0.0,100.0,
NZDUSD,fade2.5/25 h8 L,90,50,hold,44.66019417475729,412,182,0.0,0.0,100.0,
NZDUSD,fade2.5/25 h8 L,90,75,design,44.66019417475729,412,721,0.0,0.0,100.0,
NZDUSD,fade2.5/25 h8 L,90,75,hold,44.66019417475729,412,182,0.0,0.0,100.0,
NZDUSD,fade2.5/25 h8 L,90,100,design,44.66019417475729,412,721,0.0,0.0,100.0,
NZDUSD,fade2.5/25 h8 L,90,100,hold,44.66019417475729,412,182,0.0,0.0,100.0,
NZDUSD,fade2.5/25 h8 L,90,125,design,44.66019417475729,412,721,0.0,0.0,100.0,
NZDUSD,fade2.5/25 h8 L,90,125,hold,44.66019417475729,412,182,0.0,0.0,100.0,
NZDUSD,fade2.5/25 h8 L,90,150,design,44.66019417475729,412,721,1.5256588072122053,0.0,98.47434119278779,75.0
NZDUSD,fade2.5/25 h8 L,90,150,hold,44.66019417475729,412,182,0.0,0.0,100.0,
NZDUSD,fade2.5/25 h8 L,90,200,design,44.66019417475729,412,721,3.467406380027739,3.3287101248266295,93.20388349514563,60.791666666666664
NZDUSD,fade2.5/25 h8 L,90,200,hold,44.66019417475729,412,182,0.0,0.0,100.0,
NZDUSD,fade2.5/25 h8 L,365,50,design,44.66019417475729,412,721,0.0,0.0,100.0,
NZDUSD,fade2.5/25 h8 L,365,50,hold,44.66019417475729,412,122,0.0,0.0,100.0,
NZDUSD,fade2.5/25 h8 L,365,75,design,44.66019417475729,412,721,0.0,0.0,100.0,
NZDUSD,fade2.5/25 h8 L,365,75,hold,44.66019417475729,412,122,0.0,0.0,100.0,
NZDUSD,fade2.5/25 h8 L,365,100,design,44.66019417475729,412,721,0.4160887656033287,0.0,99.58391123439667,359.5416666666667
NZDUSD,fade2.5/25 h8 L,365,100,hold,44.66019417475729,412,122,0.0,0.0,100.0,
NZDUSD,fade2.5/25 h8 L,365,125,design,44.66019417475729,412,721,5.6865464632454925,1.248266296809986,93.06518723994452,302.5416666666667
NZDUSD,fade2.5/25 h8 L,365,125,hold,44.66019417475729,412,122,0.0,0.0,100.0,
NZDUSD,fade2.5/25 h8 L,365,150,design,44.66019417475729,412,721,9.153952843273231,16.22746185852982,74.61858529819695,153.39583333333331
NZDUSD,fade2.5/25 h8 L,365,150,hold,44.66019417475729,412,122,0.0,0.0,100.0,
NZDUSD,fade2.5/25 h8 L,365,200,design,44.66019417475729,412,721,19.41747572815534,31.345353675450767,49.237170596393895,187.02083333333331
NZDUSD,fade2.5/25 h8 L,365,200,hold,44.66019417475729,412,122,0.0,38.52459016393443,61.47540983606557,
NZDUSD,mom rsi70 h8,30,50,design,44.397759103641455,714,721,0.0,0.0,100.0,
NZDUSD,mom rsi70 h8,30,50,hold,44.397759103641455,714,202,0.0,0.0,100.0,
NZDUSD,mom rsi70 h8,30,75,design,44.397759103641455,714,721,0.0,0.0,100.0,
NZDUSD,mom rsi70 h8,30,75,hold,44.397759103641455,714,202,0.0,0.0,100.0,
NZDUSD,mom rsi70 h8,30,100,design,44.397759103641455,714,721,0.0,0.0,100.0,
NZDUSD,mom rsi70 h8,30,100,hold,44.397759103641455,714,202,0.0,0.0,100.0,
NZDUSD,mom rsi70 h8,30,125,design,44.397759103641455,714,721,0.0,0.0,100.0,
NZDUSD,mom rsi70 h8,30,125,hold,44.397759103641455,714,202,0.0,0.0,100.0,
NZDUSD,mom rsi70 h8,30,150,design,44.397759103641455,714,721,0.0,0.0,100.0,
NZDUSD,mom rsi70 h8,30,150,hold,44.397759103641455,714,202,0.0,0.0,100.0,
NZDUSD,mom rsi70 h8,30,200,design,44.397759103641455,714,721,0.6934812760055479,0.4160887656033287,98.89042995839112,22.875
NZDUSD,mom rsi70 h8,30,200,hold,44.397759103641455,714,202,3.9603960396039604,0.0,96.03960396039604,19.166666666666668
NZDUSD,mom rsi70 h8,60,50,design,44.397759103641455,714,721,0.0,0.0,100.0,
NZDUSD,mom rsi70 h8,60,50,hold,44.397759103641455,714,192,0.0,0.0,100.0,
NZDUSD,mom rsi70 h8,60,75,design,44.397759103641455,714,721,0.0,0.0,100.0,
NZDUSD,mom rsi70 h8,60,75,hold,44.397759103641455,714,192,0.0,0.0,100.0,
NZDUSD,mom rsi70 h8,60,100,design,44.397759103641455,714,721,0.0,0.0,100.0,
NZDUSD,mom rsi70 h8,60,100,hold,44.397759103641455,714,192,0.0,0.0,100.0,
NZDUSD,mom rsi70 h8,60,125,design,44.397759103641455,714,721,0.0,0.0,100.0,
NZDUSD,mom rsi70 h8,60,125,hold,44.397759103641455,714,192,1.5625,0.0,98.4375,50.666666666666664
NZDUSD,mom rsi70 h8,60,150,design,44.397759103641455,714,721,0.9708737864077669,0.0,99.02912621359224,51.5
NZDUSD,mom rsi70 h8,60,150,hold,44.397759103641455,714,192,5.208333333333334,0.0,94.79166666666666,45.666666666666664
NZDUSD,mom rsi70 h8,60,200,design,44.397759103641455,714,721,3.744798890429958,1.9417475728155338,94.31345353675451,47.5
NZDUSD,mom rsi70 h8,60,200,hold,44.397759103641455,714,192,9.895833333333332,4.6875,85.41666666666666,34.25
NZDUSD,mom rsi70 h8,90,50,design,44.397759103641455,714,721,0.0,0.0,100.0,
NZDUSD,mom rsi70 h8,90,50,hold,44.397759103641455,714,182,0.0,0.0,100.0,
NZDUSD,mom rsi70 h8,90,75,design,44.397759103641455,714,721,0.0,0.0,100.0,
NZDUSD,mom rsi70 h8,90,75,hold,44.397759103641455,714,182,0.0,0.0,100.0,
NZDUSD,mom rsi70 h8,90,100,design,44.397759103641455,714,721,0.0,0.0,100.0,
NZDUSD,mom rsi70 h8,90,100,hold,44.397759103641455,714,182,0.0,0.0,100.0,
NZDUSD,mom rsi70 h8,90,125,design,44.397759103641455,714,721,0.0,0.0,100.0,
NZDUSD,mom rsi70 h8,90,125,hold,44.397759103641455,714,182,1.6483516483516485,0.0,98.35164835164835,50.666666666666664
NZDUSD,mom rsi70 h8,90,150,design,44.397759103641455,714,721,2.0804438280166435,0.0,97.91955617198336,62.5
NZDUSD,mom rsi70 h8,90,150,hold,44.397759103641455,714,182,13.186813186813188,0.0,86.81318681318682,63.3125
NZDUSD,mom rsi70 h8,90,200,design,44.397759103641455,714,721,8.460471567267684,7.766990291262135,83.77253814147018,62.5
NZDUSD,mom rsi70 h8,90,200,hold,44.397759103641455,714,182,15.934065934065933,20.32967032967033,63.73626373626373,48.0
NZDUSD,mom rsi70 h8,365,50,design,44.397759103641455,714,721,0.0,0.0,100.0,
NZDUSD,mom rsi70 h8,365,50,hold,44.397759103641455,714,122,0.0,0.0,100.0,
NZDUSD,mom rsi70 h8,365,75,design,44.397759103641455,714,721,0.0,5.131761442441054,94.86823855755895,
NZDUSD,mom rsi70 h8,365,75,hold,44.397759103641455,714,122,0.0,0.0,100.0,
NZDUSD,mom rsi70 h8,365,100,design,44.397759103641455,714,721,1.1095700416088765,28.43273231622746,70.45769764216367,175.58333333333334
NZDUSD,mom rsi70 h8,365,100,hold,44.397759103641455,714,122,0.0,48.36065573770492,51.63934426229508,
NZDUSD,mom rsi70 h8,365,125,design,44.397759103641455,714,721,2.912621359223301,60.74895977808599,36.33841886269071,145.375
NZDUSD,mom rsi70 h8,365,125,hold,44.397759103641455,714,122,5.737704918032787,70.49180327868852,23.770491803278688,98.66666666666667
NZDUSD,mom rsi70 h8,365,150,design,44.397759103641455,714,721,5.270457697642163,71.42857142857143,23.300970873786408,116.29166666666667
NZDUSD,mom rsi70 h8,365,150,hold,44.397759103641455,714,122,28.688524590163933,68.85245901639344,2.459016393442623,69.95833333333333
NZDUSD,mom rsi70 h8,365,200,design,44.397759103641455,714,721,15.811373092926493,82.94036061026353,1.248266296809986,84.10416666666666
NZDUSD,mom rsi70 h8,365,200,hold,44.397759103641455,714,122,43.44262295081967,56.557377049180324,0.0,82.25
NZDUSD,mom rsi75 h8,30,50,design,44.07294832826747,329,721,0.0,0.0,100.0,
NZDUSD,mom rsi75 h8,30,50,hold,44.07294832826747,329,202,0.0,0.0,100.0,
NZDUSD,mom rsi75 h8,30,75,design,44.07294832826747,329,721,0.0,0.0,100.0,
NZDUSD,mom rsi75 h8,30,75,hold,44.07294832826747,329,202,0.0,0.0,100.0,
NZDUSD,mom rsi75 h8,30,100,design,44.07294832826747,329,721,0.0,0.0,100.0,
NZDUSD,mom rsi75 h8,30,100,hold,44.07294832826747,329,202,0.0,0.0,100.0,
NZDUSD,mom rsi75 h8,30,125,design,44.07294832826747,329,721,0.0,0.0,100.0,
NZDUSD,mom rsi75 h8,30,125,hold,44.07294832826747,329,202,0.0,0.0,100.0,
NZDUSD,mom rsi75 h8,30,150,design,44.07294832826747,329,721,0.0,0.0,100.0,
NZDUSD,mom rsi75 h8,30,150,hold,44.07294832826747,329,202,0.0,0.0,100.0,
NZDUSD,mom rsi75 h8,30,200,design,44.07294832826747,329,721,0.0,0.4160887656033287,99.58391123439667,
NZDUSD,mom rsi75 h8,30,200,hold,44.07294832826747,329,202,0.0,0.0,100.0,
NZDUSD,mom rsi75 h8,60,50,design,44.07294832826747,329,721,0.0,0.0,100.0,
NZDUSD,mom rsi75 h8,60,50,hold,44.07294832826747,329,192,0.0,0.0,100.0,
NZDUSD,mom rsi75 h8,60,75,design,44.07294832826747,329,721,0.0,0.0,100.0,
NZDUSD,mom rsi75 h8,60,75,hold,44.07294832826747,329,192,0.0,0.0,100.0,
NZDUSD,mom rsi75 h8,60,100,design,44.07294832826747,329,721,0.0,0.0,100.0,
NZDUSD,mom rsi75 h8,60,100,hold,44.07294832826747,329,192,0.0,0.0,100.0,
NZDUSD,mom rsi75 h8,60,125,design,44.07294832826747,329,721,0.0,0.0,100.0,
NZDUSD,mom rsi75 h8,60,125,hold,44.07294832826747,329,192,0.0,0.0,100.0,
NZDUSD,mom rsi75 h8,60,150,design,44.07294832826747,329,721,0.0,0.0,100.0,
NZDUSD,mom rsi75 h8,60,150,hold,44.07294832826747,329,192,0.0,0.0,100.0,
NZDUSD,mom rsi75 h8,60,200,design,44.07294832826747,329,721,0.0,1.8030513176144243,98.19694868238558,
NZDUSD,mom rsi75 h8,60,200,hold,44.07294832826747,329,192,0.0,0.0,100.0,
NZDUSD,mom rsi75 h8,90,50,design,44.07294832826747,329,721,0.0,0.0,100.0,
NZDUSD,mom rsi75 h8,90,50,hold,44.07294832826747,329,182,0.0,0.0,100.0,
NZDUSD,mom rsi75 h8,90,75,design,44.07294832826747,329,721,0.0,0.0,100.0,
NZDUSD,mom rsi75 h8,90,75,hold,44.07294832826747,329,182,0.0,0.0,100.0,
NZDUSD,mom rsi75 h8,90,100,design,44.07294832826747,329,721,0.0,0.0,100.0,
NZDUSD,mom rsi75 h8,90,100,hold,44.07294832826747,329,182,0.0,0.0,100.0,
NZDUSD,mom rsi75 h8,90,125,design,44.07294832826747,329,721,0.0,0.0,100.0,
NZDUSD,mom rsi75 h8,90,125,hold,44.07294832826747,329,182,0.0,0.0,100.0,
NZDUSD,mom rsi75 h8,90,150,design,44.07294832826747,329,721,0.0,0.0,100.0,
NZDUSD,mom rsi75 h8,90,150,hold,44.07294832826747,329,182,0.0,0.0,100.0,
NZDUSD,mom rsi75 h8,90,200,design,44.07294832826747,329,721,0.0,3.3287101248266295,96.67128987517337,
NZDUSD,mom rsi75 h8,90,200,hold,44.07294832826747,329,182,0.0,0.0,100.0,
NZDUSD,mom rsi75 h8,365,50,design,44.07294832826747,329,721,0.0,0.0,100.0,
NZDUSD,mom rsi75 h8,365,50,hold,44.07294832826747,329,122,0.0,0.0,100.0,
NZDUSD,mom rsi75 h8,365,75,design,44.07294832826747,329,721,0.0,0.0,100.0,
NZDUSD,mom rsi75 h8,365,75,hold,44.07294832826747,329,122,0.0,0.0,100.0,
NZDUSD,mom rsi75 h8,365,100,design,44.07294832826747,329,721,0.0,0.0,100.0,
NZDUSD,mom rsi75 h8,365,100,hold,44.07294832826747,329,122,0.0,0.0,100.0,
NZDUSD,mom rsi75 h8,365,125,design,44.07294832826747,329,721,0.0,9.70873786407767,90.29126213592234,
NZDUSD,mom rsi75 h8,365,125,hold,44.07294832826747,329,122,0.0,30.327868852459016,69.67213114754098,
NZDUSD,mom rsi75 h8,365,150,design,44.07294832826747,329,721,0.0,29.126213592233007,70.87378640776699,
NZDUSD,mom rsi75 h8,365,150,hold,44.07294832826747,329,122,1.639344262295082,54.91803278688525,43.44262295081967,195.58333333333334
NZDUSD,mom rsi75 h8,365,200,design,44.07294832826747,329,721,0.8321775312066574,43.689320388349515,55.478502080443825,339.1666666666667
NZDUSD,mom rsi75 h8,365,200,hold,44.07294832826747,329,122,7.377049180327869,56.557377049180324,36.0655737704918,150.79166666666666
EURGBP,fade3.0/20 h4,30,50,design,42.77777777777778,360,721,0.0,0.0,100.0,
EURGBP,fade3.0/20 h4,30,50,hold,42.77777777777778,360,202,0.0,0.0,100.0,
EURGBP,fade3.0/20 h4,30,75,design,42.77777777777778,360,721,0.0,0.0,100.0,
EURGBP,fade3.0/20 h4,30,75,hold,42.77777777777778,360,202,0.0,0.0,100.0,
EURGBP,fade3.0/20 h4,30,100,design,42.77777777777778,360,721,0.0,0.0,100.0,
EURGBP,fade3.0/20 h4,30,100,hold,42.77777777777778,360,202,0.0,0.0,100.0,
EURGBP,fade3.0/20 h4,30,125,design,42.77777777777778,360,721,0.0,0.0,100.0,
EURGBP,fade3.0/20 h4,30,125,hold,42.77777777777778,360,202,0.0,0.0,100.0,
EURGBP,fade3.0/20 h4,30,150,design,42.77777777777778,360,721,0.0,0.0,100.0,
EURGBP,fade3.0/20 h4,30,150,hold,42.77777777777778,360,202,0.0,0.0,100.0,
EURGBP,fade3.0/20 h4,30,200,design,42.77777777777778,360,721,0.8321775312066574,0.0,99.16782246879335,24.083333333333332
EURGBP,fade3.0/20 h4,30,200,hold,42.77777777777778,360,202,0.0,0.0,100.0,
EURGBP,fade3.0/20 h4,60,50,design,42.77777777777778,360,721,0.0,0.0,100.0,
EURGBP,fade3.0/20 h4,60,50,hold,42.77777777777778,360,192,0.0,0.0,100.0,
EURGBP,fade3.0/20 h4,60,75,design,42.77777777777778,360,721,0.0,0.0,100.0,
EURGBP,fade3.0/20 h4,60,75,hold,42.77777777777778,360,192,0.0,0.0,100.0,
EURGBP,fade3.0/20 h4,60,100,design,42.77777777777778,360,721,0.0,0.0,100.0,
EURGBP,fade3.0/20 h4,60,100,hold,42.77777777777778,360,192,0.0,0.0,100.0,
EURGBP,fade3.0/20 h4,60,125,design,42.77777777777778,360,721,1.6643550624133148,0.0,98.3356449375867,54.08333333333333
EURGBP,fade3.0/20 h4,60,125,hold,42.77777777777778,360,192,0.0,0.0,100.0,
EURGBP,fade3.0/20 h4,60,150,design,42.77777777777778,360,721,2.219140083217753,0.0,97.78085991678225,48.54166666666667
EURGBP,fade3.0/20 h4,60,150,hold,42.77777777777778,360,192,0.0,0.0,100.0,
EURGBP,fade3.0/20 h4,60,200,design,42.77777777777778,360,721,3.0513176144244105,0.0,96.9486823855756,37.54166666666667
EURGBP,fade3.0/20 h4,60,200,hold,42.77777777777778,360,192,0.0,0.0,100.0,
EURGBP,fade3.0/20 h4,90,50,design,42.77777777777778,360,721,0.0,0.0,100.0,
EURGBP,fade3.0/20 h4,90,50,hold,42.77777777777778,360,182,0.0,0.0,100.0,
EURGBP,fade3.0/20 h4,90,75,design,42.77777777777778,360,721,0.0,0.0,100.0,
EURGBP,fade3.0/20 h4,90,75,hold,42.77777777777778,360,182,0.0,0.0,100.0,
EURGBP,fade3.0/20 h4,90,100,design,42.77777777777778,360,721,1.5256588072122053,0.0,98.47434119278779,82.58333333333333
EURGBP,fade3.0/20 h4,90,100,hold,42.77777777777778,360,182,0.0,0.0,100.0,
EURGBP,fade3.0/20 h4,90,125,design,42.77777777777778,360,721,3.744798890429958,0.0,96.25520110957004,61.625
EURGBP,fade3.0/20 h4,90,125,hold,42.77777777777778,360,182,0.0,0.0,100.0,
EURGBP,fade3.0/20 h4,90,150,design,42.77777777777778,360,721,4.160887656033287,0.0,95.83911234396672,59.04166666666667
EURGBP,fade3.0/20 h4,90,150,hold,42.77777777777778,360,182,0.0,0.0,100.0,
EURGBP,fade3.0/20 h4,90,200,design,42.77777777777778,360,721,4.5769764216366156,0.0,95.42302357836338,44.5
EURGBP,fade3.0/20 h4,90,200,hold,42.77777777777778,360,182,0.0,0.0,100.0,
EURGBP,fade3.0/20 h4,365,50,design,42.77777777777778,360,721,0.0,0.0,100.0,
EURGBP,fade3.0/20 h4,365,50,hold,42.77777777777778,360,122,0.0,0.0,100.0,
EURGBP,fade3.0/20 h4,365,75,design,42.77777777777778,360,721,4.2995839112343965,0.0,95.7004160887656,200.66666666666666
EURGBP,fade3.0/20 h4,365,75,hold,42.77777777777778,360,122,0.0,0.0,100.0,
EURGBP,fade3.0/20 h4,365,100,design,42.77777777777778,360,721,10.263522884882107,0.0,89.73647711511789,160.125
EURGBP,fade3.0/20 h4,365,100,hold,42.77777777777778,360,122,0.0,0.0,100.0,
EURGBP,fade3.0/20 h4,365,125,design,42.77777777777778,360,721,11.373092926490985,0.0,88.62690707350902,135.08333333333334
EURGBP,fade3.0/20 h4,365,125,hold,42.77777777777778,360,122,0.0,0.0,100.0,
EURGBP,fade3.0/20 h4,365,150,design,42.77777777777778,360,721,12.343966712898752,13.0374479889043,74.61858529819695,133.45833333333334
EURGBP,fade3.0/20 h4,365,150,hold,42.77777777777778,360,122,0.0,0.0,100.0,
EURGBP,fade3.0/20 h4,365,200,design,42.77777777777778,360,721,14.563106796116504,25.52011095700416,59.91678224687933,145.5
EURGBP,fade3.0/20 h4,365,200,hold,42.77777777777778,360,122,0.0,0.0,100.0,
EURGBP,fade3.0/20 h8,30,50,design,43.05555555555556,360,721,0.0,0.0,100.0,
EURGBP,fade3.0/20 h8,30,50,hold,43.05555555555556,360,202,0.0,0.0,100.0,
EURGBP,fade3.0/20 h8,30,75,design,43.05555555555556,360,721,0.0,0.0,100.0,
EURGBP,fade3.0/20 h8,30,75,hold,43.05555555555556,360,202,0.0,0.0,100.0,
EURGBP,fade3.0/20 h8,30,100,design,43.05555555555556,360,721,0.0,0.0,100.0,
EURGBP,fade3.0/20 h8,30,100,hold,43.05555555555556,360,202,0.0,0.0,100.0,
EURGBP,fade3.0/20 h8,30,125,design,43.05555555555556,360,721,0.0,0.0,100.0,
EURGBP,fade3.0/20 h8,30,125,hold,43.05555555555556,360,202,0.0,0.0,100.0,
EURGBP,fade3.0/20 h8,30,150,design,43.05555555555556,360,721,0.0,0.0,100.0,
EURGBP,fade3.0/20 h8,30,150,hold,43.05555555555556,360,202,0.0,0.0,100.0,
EURGBP,fade3.0/20 h8,30,200,design,43.05555555555556,360,721,0.0,0.0,100.0,
EURGBP,fade3.0/20 h8,30,200,hold,43.05555555555556,360,202,0.0,0.0,100.0,
EURGBP,fade3.0/20 h8,60,50,design,43.05555555555556,360,721,0.0,0.0,100.0,
EURGBP,fade3.0/20 h8,60,50,hold,43.05555555555556,360,192,0.0,0.0,100.0,
EURGBP,fade3.0/20 h8,60,75,design,43.05555555555556,360,721,0.0,0.0,100.0,
EURGBP,fade3.0/20 h8,60,75,hold,43.05555555555556,360,192,0.0,0.0,100.0,
EURGBP,fade3.0/20 h8,60,100,design,43.05555555555556,360,721,0.0,0.0,100.0,
EURGBP,fade3.0/20 h8,60,100,hold,43.05555555555556,360,192,0.0,0.0,100.0,
EURGBP,fade3.0/20 h8,60,125,design,43.05555555555556,360,721,0.0,0.0,100.0,
EURGBP,fade3.0/20 h8,60,125,hold,43.05555555555556,360,192,0.0,0.0,100.0,
EURGBP,fade3.0/20 h8,60,150,design,43.05555555555556,360,721,0.0,0.0,100.0,
EURGBP,fade3.0/20 h8,60,150,hold,43.05555555555556,360,192,0.0,0.0,100.0,
EURGBP,fade3.0/20 h8,60,200,design,43.05555555555556,360,721,0.9708737864077669,0.0,99.02912621359224,49.75
EURGBP,fade3.0/20 h8,60,200,hold,43.05555555555556,360,192,0.0,0.0,100.0,
EURGBP,fade3.0/20 h8,90,50,design,43.05555555555556,360,721,0.0,0.0,100.0,
EURGBP,fade3.0/20 h8,90,50,hold,43.05555555555556,360,182,0.0,0.0,100.0,
EURGBP,fade3.0/20 h8,90,75,design,43.05555555555556,360,721,0.0,0.0,100.0,
EURGBP,fade3.0/20 h8,90,75,hold,43.05555555555556,360,182,0.0,0.0,100.0,
EURGBP,fade3.0/20 h8,90,100,design,43.05555555555556,360,721,0.0,0.0,100.0,
EURGBP,fade3.0/20 h8,90,100,hold,43.05555555555556,360,182,0.0,0.0,100.0,
EURGBP,fade3.0/20 h8,90,125,design,43.05555555555556,360,721,0.0,0.0,100.0,
EURGBP,fade3.0/20 h8,90,125,hold,43.05555555555556,360,182,0.0,0.0,100.0,
EURGBP,fade3.0/20 h8,90,150,design,43.05555555555556,360,721,1.3869625520110958,0.0,98.6130374479889,81.64583333333334
EURGBP,fade3.0/20 h8,90,150,hold,43.05555555555556,360,182,0.0,0.0,100.0,
EURGBP,fade3.0/20 h8,90,200,design,43.05555555555556,360,721,2.7739251040221915,0.4160887656033287,96.80998613037448,65.20833333333334
EURGBP,fade3.0/20 h8,90,200,hold,43.05555555555556,360,182,0.0,0.0,100.0,
EURGBP,fade3.0/20 h8,365,50,design,43.05555555555556,360,721,0.0,0.0,100.0,
EURGBP,fade3.0/20 h8,365,50,hold,43.05555555555556,360,122,0.0,0.0,100.0,
EURGBP,fade3.0/20 h8,365,75,design,43.05555555555556,360,721,0.0,0.0,100.0,
EURGBP,fade3.0/20 h8,365,75,hold,43.05555555555556,360,122,0.0,0.0,100.0,
EURGBP,fade3.0/20 h8,365,100,design,43.05555555555556,360,721,0.0,3.3287101248266295,96.67128987517337,
EURGBP,fade3.0/20 h8,365,100,hold,43.05555555555556,360,122,0.0,0.0,100.0,
EURGBP,fade3.0/20 h8,365,125,design,43.05555555555556,360,721,0.6934812760055479,18.58529819694868,80.72122052704577,116.79166666666667
EURGBP,fade3.0/20 h8,365,125,hold,43.05555555555556,360,122,0.0,0.0,100.0,
EURGBP,fade3.0/20 h8,365,150,design,43.05555555555556,360,721,2.6352288488210815,35.22884882108183,62.13592233009708,89.66666666666667
EURGBP,fade3.0/20 h8,365,150,hold,43.05555555555556,360,122,0.0,0.0,100.0,
EURGBP,fade3.0/20 h8,365,200,design,43.05555555555556,360,721,12.205270457697642,51.59500693481276,36.1997226074896,148.1875
EURGBP,fade3.0/20 h8,365,200,hold,43.05555555555556,360,122,8.19672131147541,0.0,91.80327868852459,252.83333333333334
EURGBP,fade2.5/25 h4,30,50,design,44.690265486725664,1130,721,0.0,0.0,100.0,
EURGBP,fade2.5/25 h4,30,50,hold,44.690265486725664,1130,202,0.0,0.0,100.0,
EURGBP,fade2.5/25 h4,30,75,design,44.690265486725664,1130,721,0.0,0.0,100.0,
EURGBP,fade2.5/25 h4,30,75,hold,44.690265486725664,1130,202,0.0,0.0,100.0,
EURGBP,fade2.5/25 h4,30,100,design,44.690265486725664,1130,721,0.0,0.0,100.0,
EURGBP,fade2.5/25 h4,30,100,hold,44.690265486725664,1130,202,0.0,0.0,100.0,
EURGBP,fade2.5/25 h4,30,125,design,44.690265486725664,1130,721,0.0,0.0,100.0,
EURGBP,fade2.5/25 h4,30,125,hold,44.690265486725664,1130,202,0.0,0.0,100.0,
EURGBP,fade2.5/25 h4,30,150,design,44.690265486725664,1130,721,0.9708737864077669,0.0,99.02912621359224,25.583333333333332
EURGBP,fade2.5/25 h4,30,150,hold,44.690265486725664,1130,202,0.0,0.0,100.0,
EURGBP,fade2.5/25 h4,30,200,design,44.690265486725664,1130,721,3.3287101248266295,0.0,96.67128987517337,24.5
EURGBP,fade2.5/25 h4,30,200,hold,44.690265486725664,1130,202,0.0,0.0,100.0,
EURGBP,fade2.5/25 h4,60,50,design,44.690265486725664,1130,721,0.0,0.0,100.0,
EURGBP,fade2.5/25 h4,60,50,hold,44.690265486725664,1130,192,0.0,0.0,100.0,
EURGBP,fade2.5/25 h4,60,75,design,44.690265486725664,1130,721,0.0,0.0,100.0,
EURGBP,fade2.5/25 h4,60,75,hold,44.690265486725664,1130,192,0.0,0.0,100.0,
EURGBP,fade2.5/25 h4,60,100,design,44.690265486725664,1130,721,0.5547850208044383,0.0,99.44521497919555,51.083333333333336
EURGBP,fade2.5/25 h4,60,100,hold,44.690265486725664,1130,192,0.0,0.0,100.0,
EURGBP,fade2.5/25 h4,60,125,design,44.690265486725664,1130,721,1.248266296809986,0.0,98.75173370319001,49.583333333333336
EURGBP,fade2.5/25 h4,60,125,hold,44.690265486725664,1130,192,0.0,0.0,100.0,
EURGBP,fade2.5/25 h4,60,150,design,44.690265486725664,1130,721,3.744798890429958,0.0,96.25520110957004,34.583333333333336
EURGBP,fade2.5/25 h4,60,150,hold,44.690265486725664,1130,192,0.0,0.0,100.0,
EURGBP,fade2.5/25 h4,60,200,design,44.690265486725664,1130,721,8.876560332871012,2.496532593619972,88.62690707350902,35.47916666666667
EURGBP,fade2.5/25 h4,60,200,hold,44.690265486725664,1130,192,1.5625,5.208333333333334,93.22916666666666,41.375
EURGBP,fade2.5/25 h4,90,50,design,44.690265486725664,1130,721,0.0,0.0,100.0,
EURGBP,fade2.5/25 h4,90,50,hold,44.690265486725664,1130,182,0.0,0.0,100.0,
EURGBP,fade2.5/25 h4,90,75,design,44.690265486725664,1130,721,0.0,0.0,100.0,
EURGBP,fade2.5/25 h4,90,75,hold,44.690265486725664,1130,182,0.0,0.0,100.0,
EURGBP,fade2.5/25 h4,90,100,design,44.690265486725664,1130,721,1.248266296809986,0.0,98.75173370319001,62.708333333333336
EURGBP,fade2.5/25 h4,90,100,hold,44.690265486725664,1130,182,0.0,0.0,100.0,
EURGBP,fade2.5/25 h4,90,125,design,44.690265486725664,1130,721,2.3578363384188625,0.0,97.64216366158114,58.458333333333336
EURGBP,fade2.5/25 h4,90,125,hold,44.690265486725664,1130,182,0.0,0.0,100.0,
EURGBP,fade2.5/25 h4,90,150,design,44.690265486725664,1130,721,5.547850208044383,2.219140083217753,92.23300970873787,41.0625
EURGBP,fade2.5/25 h4,90,150,hold,44.690265486725664,1130,182,0.0,2.197802197802198,97.8021978021978,
EURGBP,fade2.5/25 h4,90,200,design,44.690265486725664,1130,721,12.76005547850208,8.876560332871012,78.36338418862691,43.83333333333333
EURGBP,fade2.5/25 h4,90,200,hold,44.690265486725664,1130,182,6.043956043956044,16.483516483516482,77.47252747252747,68.33333333333333
EURGBP,fade2.5/25 h4,365,50,design,44.690265486725664,1130,721,0.0,0.0,100.0,
EURGBP,fade2.5/25 h4,365,50,hold,44.690265486725664,1130,122,0.0,0.0,100.0,
EURGBP,fade2.5/25 h4,365,75,design,44.690265486725664,1130,721,4.160887656033287,2.0804438280166435,93.75866851595008,211.16666666666666
EURGBP,fade2.5/25 h4,365,75,hold,44.690265486725664,1130,122,0.0,18.0327868852459,81.9672131147541,
EURGBP,fade2.5/25 h4,365,100,design,44.690265486725664,1130,721,9.847434119278779,14.701803051317613,75.4507628294036,168.45833333333334
EURGBP,fade2.5/25 h4,365,100,hold,44.690265486725664,1130,122,0.0,50.0,50.0,
EURGBP,fade2.5/25 h4,365,125,design,44.690265486725664,1130,721,14.424410540915394,30.513176144244103,55.0624133148405,162.91666666666666
EURGBP,fade2.5/25 h4,365,125,hold,44.690265486725664,1130,122,21.311475409836063,52.459016393442624,26.229508196721312,246.66666666666666
EURGBP,fade2.5/25 h4,365,150,design,44.690265486725664,1130,721,18.723994452149793,44.382801664355064,36.89320388349515,150.54166666666666
EURGBP,fade2.5/25 h4,365,150,hold,44.690265486725664,1130,122,40.16393442622951,55.73770491803278,4.098360655737705,200.16666666666666
EURGBP,fade2.5/25 h4,365,200,design,44.690265486725664,1130,721,26.0748959778086,60.61026352288488,13.314840499306518,93.5
EURGBP,fade2.5/25 h4,365,200,hold,44.690265486725664,1130,122,55.73770491803278,44.26229508196721,0.0,158.5625
EURGBP,fade2.5/25 h8,30,50,design,44.34137291280148,1078,721,0.0,0.0,100.0,
EURGBP,fade2.5/25 h8,30,50,hold,44.34137291280148,1078,202,0.0,0.0,100.0,
EURGBP,fade2.5/25 h8,30,75,design,44.34137291280148,1078,721,0.0,0.0,100.0,
EURGBP,fade2.5/25 h8,30,75,hold,44.34137291280148,1078,202,0.0,0.0,100.0,
EURGBP,fade2.5/25 h8,30,100,design,44.34137291280148,1078,721,0.0,0.0,100.0,
EURGBP,fade2.5/25 h8,30,100,hold,44.34137291280148,1078,202,0.0,0.0,100.0,
EURGBP,fade2.5/25 h8,30,125,design,44.34137291280148,1078,721,0.4160887656033287,0.0,99.58391123439667,27.708333333333332
EURGBP,fade2.5/25 h8,30,125,hold,44.34137291280148,1078,202,0.0,0.0,100.0,
EURGBP,fade2.5/25 h8,30,150,design,44.34137291280148,1078,721,2.912621359223301,0.0,97.0873786407767,22.625
EURGBP,fade2.5/25 h8,30,150,hold,44.34137291280148,1078,202,1.4851485148514851,0.0,98.51485148514851,25.458333333333332
EURGBP,fade2.5/25 h8,30,200,design,44.34137291280148,1078,721,7.212205270457697,0.8321775312066574,91.95561719833564,20.604166666666664
EURGBP,fade2.5/25 h8,30,200,hold,44.34137291280148,1078,202,1.9801980198019802,0.0,98.01980198019803,18.125
EURGBP,fade2.5/25 h8,60,50,design,44.34137291280148,1078,721,0.0,0.0,100.0,
EURGBP,fade2.5/25 h8,60,50,hold,44.34137291280148,1078,192,0.0,0.0,100.0,
EURGBP,fade2.5/25 h8,60,75,design,44.34137291280148,1078,721,0.0,0.0,100.0,
EURGBP,fade2.5/25 h8,60,75,hold,44.34137291280148,1078,192,0.0,0.0,100.0,
EURGBP,fade2.5/25 h8,60,100,design,44.34137291280148,1078,721,0.9708737864077669,0.0,99.02912621359224,47.875
EURGBP,fade2.5/25 h8,60,100,hold,44.34137291280148,1078,192,0.0,0.0,100.0,
EURGBP,fade2.5/25 h8,60,125,design,44.34137291280148,1078,721,3.3287101248266295,0.0,96.67128987517337,40.16666666666667
EURGBP,fade2.5/25 h8,60,125,hold,44.34137291280148,1078,192,0.0,0.0,100.0,
EURGBP,fade2.5/25 h8,60,150,design,44.34137291280148,1078,721,7.489597780859916,0.9708737864077669,91.53952843273233,36.5
EURGBP,fade2.5/25 h8,60,150,hold,44.34137291280148,1078,192,2.604166666666667,0.0,97.39583333333334,28.458333333333332
EURGBP,fade2.5/25 h8,60,200,design,44.34137291280148,1078,721,14.147018030513175,9.57004160887656,76.28294036061027,29.708333333333332
EURGBP,fade2.5/25 h8,60,200,hold,44.34137291280148,1078,192,5.208333333333334,7.291666666666667,87.5,34.375
EURGBP,fade2.5/25 h8,90,50,design,44.34137291280148,1078,721,0.0,0.0,100.0,
EURGBP,fade2.5/25 h8,90,50,hold,44.34137291280148,1078,182,0.0,0.0,100.0,
EURGBP,fade2.5/25 h8,90,75,design,44.34137291280148,1078,721,0.27739251040221913,0.0,99.72260748959778,81.1875
EURGBP,fade2.5/25 h8,90,75,hold,44.34137291280148,1078,182,0.0,0.0,100.0,
EURGBP,fade2.5/25 h8,90,100,design,44.34137291280148,1078,721,2.496532593619972,0.0,97.50346740638003,66.66666666666666
EURGBP,fade2.5/25 h8,90,100,hold,44.34137291280148,1078,182,0.0,0.0,100.0,
EURGBP,fade2.5/25 h8,90,125,design,44.34137291280148,1078,721,6.51872399445215,1.248266296809986,92.23300970873787,58.625
EURGBP,fade2.5/25 h8,90,125,hold,44.34137291280148,1078,182,0.0,3.8461538461538463,96.15384615384616,
EURGBP,fade2.5/25 h8,90,150,design,44.34137291280148,1078,721,11.095700416088766,6.102635228848821,82.80166435506241,45.75
EURGBP,fade2.5/25 h8,90,150,hold,44.34137291280148,1078,182,2.7472527472527473,11.538461538461538,85.71428571428571,28.458333333333332
EURGBP,fade2.5/25 h8,90,200,design,44.34137291280148,1078,721,20.388349514563107,24.133148404993065,55.478502080443825,41.833333333333336
EURGBP,fade2.5/25 h8,90,200,hold,44.34137291280148,1078,182,14.835164835164836,18.681318681318682,66.48351648351648,71.0
EURGBP,fade2.5/25 h8,365,50,design,44.34137291280148,1078,721,0.0,0.0,100.0,
EURGBP,fade2.5/25 h8,365,50,hold,44.34137291280148,1078,122,0.0,0.0,100.0,
EURGBP,fade2.5/25 h8,365,75,design,44.34137291280148,1078,721,8.737864077669903,9.847434119278779,81.41470180305132,279.9583333333333
EURGBP,fade2.5/25 h8,365,75,hold,44.34137291280148,1078,122,0.0,22.950819672131146,77.04918032786885,
EURGBP,fade2.5/25 h8,365,100,design,44.34137291280148,1078,721,20.110957004160888,37.03190013869626,42.857142857142854,218.91666666666666
EURGBP,fade2.5/25 h8,365,100,hold,44.34137291280148,1078,122,6.557377049180328,49.18032786885246,44.26229508196721,177.75
EURGBP,fade2.5/25 h8,365,125,design,44.34137291280148,1078,721,27.877947295423024,57.28155339805825,14.840499306518723,155.91666666666666
EURGBP,fade2.5/25 h8,365,125,hold,44.34137291280148,1078,122,17.21311475409836,52.459016393442624,30.327868852459016,151.45833333333334
EURGBP,fade2.5/25 h8,365,150,design,44.34137291280148,1078,721,32.45492371705964,62.96809986130375,4.5769764216366156,124.0625
EURGBP,fade2.5/25 h8,365,150,hold,44.34137291280148,1078,122,21.311475409836063,55.73770491803278,22.950819672131146,121.875
EURGBP,fade2.5/25 h8,365,200,design,44.34137291280148,1078,721,33.14840499306519,66.85159500693482,0.0,70.75
EURGBP,fade2.5/25 h8,365,200,hold,44.34137291280148,1078,122,33.60655737704918,66.39344262295081,0.0,79.375
EURGBP,fade3.0/20 h4 L,30,50,design,40.119760479041915,167,721,0.0,0.0,100.0,
EURGBP,fade3.0/20 h4 L,30,50,hold,40.119760479041915,167,202,0.0,0.0,100.0,
EURGBP,fade3.0/20 h4 L,30,75,design,40.119760479041915,167,721,0.0,0.0,100.0,
EURGBP,fade3.0/20 h4 L,30,75,hold,40.119760479041915,167,202,0.0,0.0,100.0,
EURGBP,fade3.0/20 h4 L,30,100,design,40.119760479041915,167,721,0.0,0.0,100.0,
EURGBP,fade3.0/20 h4 L,30,100,hold,40.119760479041915,167,202,0.0,0.0,100.0,
EURGBP,fade3.0/20 h4 L,30,125,design,40.119760479041915,167,721,0.0,0.0,100.0,
EURGBP,fade3.0/20 h4 L,30,125,hold,40.119760479041915,167,202,0.0,0.0,100.0,
EURGBP,fade3.0/20 h4 L,30,150,design,40.119760479041915,167,721,0.0,0.0,100.0,
EURGBP,fade3.0/20 h4 L,30,150,hold,40.119760479041915,167,202,0.0,0.0,100.0,
EURGBP,fade3.0/20 h4 L,30,200,design,40.119760479041915,167,721,0.0,0.0,100.0,
EURGBP,fade3.0/20 h4 L,30,200,hold,40.119760479041915,167,202,0.0,0.0,100.0,
EURGBP,fade3.0/20 h4 L,60,50,design,40.119760479041915,167,721,0.0,0.0,100.0,
EURGBP,fade3.0/20 h4 L,60,50,hold,40.119760479041915,167,192,0.0,0.0,100.0,
EURGBP,fade3.0/20 h4 L,60,75,design,40.119760479041915,167,721,0.0,0.0,100.0,
EURGBP,fade3.0/20 h4 L,60,75,hold,40.119760479041915,167,192,0.0,0.0,100.0,
EURGBP,fade3.0/20 h4 L,60,100,design,40.119760479041915,167,721,0.0,0.0,100.0,
EURGBP,fade3.0/20 h4 L,60,100,hold,40.119760479041915,167,192,0.0,0.0,100.0,
EURGBP,fade3.0/20 h4 L,60,125,design,40.119760479041915,167,721,0.0,0.0,100.0,
EURGBP,fade3.0/20 h4 L,60,125,hold,40.119760479041915,167,192,0.0,0.0,100.0,
EURGBP,fade3.0/20 h4 L,60,150,design,40.119760479041915,167,721,0.0,0.0,100.0,
EURGBP,fade3.0/20 h4 L,60,150,hold,40.119760479041915,167,192,0.0,0.0,100.0,
EURGBP,fade3.0/20 h4 L,60,200,design,40.119760479041915,167,721,0.0,0.0,100.0,
EURGBP,fade3.0/20 h4 L,60,200,hold,40.119760479041915,167,192,0.0,0.0,100.0,
EURGBP,fade3.0/20 h4 L,90,50,design,40.119760479041915,167,721,0.0,0.0,100.0,
EURGBP,fade3.0/20 h4 L,90,50,hold,40.119760479041915,167,182,0.0,0.0,100.0,
EURGBP,fade3.0/20 h4 L,90,75,design,40.119760479041915,167,721,0.0,0.0,100.0,
EURGBP,fade3.0/20 h4 L,90,75,hold,40.119760479041915,167,182,0.0,0.0,100.0,
EURGBP,fade3.0/20 h4 L,90,100,design,40.119760479041915,167,721,0.0,0.0,100.0,
EURGBP,fade3.0/20 h4 L,90,100,hold,40.119760479041915,167,182,0.0,0.0,100.0,
EURGBP,fade3.0/20 h4 L,90,125,design,40.119760479041915,167,721,0.0,0.0,100.0,
EURGBP,fade3.0/20 h4 L,90,125,hold,40.119760479041915,167,182,0.0,0.0,100.0,
EURGBP,fade3.0/20 h4 L,90,150,design,40.119760479041915,167,721,0.0,0.0,100.0,
EURGBP,fade3.0/20 h4 L,90,150,hold,40.119760479041915,167,182,0.0,0.0,100.0,
EURGBP,fade3.0/20 h4 L,90,200,design,40.119760479041915,167,721,0.9708737864077669,0.0,99.02912621359224,80.625
EURGBP,fade3.0/20 h4 L,90,200,hold,40.119760479041915,167,182,0.0,0.0,100.0,
EURGBP,fade3.0/20 h4 L,365,50,design,40.119760479041915,167,721,0.0,0.0,100.0,
EURGBP,fade3.0/20 h4 L,365,50,hold,40.119760479041915,167,122,0.0,0.0,100.0,
EURGBP,fade3.0/20 h4 L,365,75,design,40.119760479041915,167,721,0.0,0.0,100.0,
EURGBP,fade3.0/20 h4 L,365,75,hold,40.119760479041915,167,122,0.0,0.0,100.0,
EURGBP,fade3.0/20 h4 L,365,100,design,40.119760479041915,167,721,0.0,0.0,100.0,
EURGBP,fade3.0/20 h4 L,365,100,hold,40.119760479041915,167,122,0.0,0.0,100.0,
EURGBP,fade3.0/20 h4 L,365,125,design,40.119760479041915,167,721,0.0,0.0,100.0,
EURGBP,fade3.0/20 h4 L,365,125,hold,40.119760479041915,167,122,0.0,0.0,100.0,
EURGBP,fade3.0/20 h4 L,365,150,design,40.119760479041915,167,721,0.5547850208044383,0.0,99.44521497919555,178.16666666666666
EURGBP,fade3.0/20 h4 L,365,150,hold,40.119760479041915,167,122,0.0,0.0,100.0,
EURGBP,fade3.0/20 h4 L,365,200,design,40.119760479041915,167,721,4.715672676837725,9.43134535367545,85.85298196948682,113.64583333333334
EURGBP,fade3.0/20 h4 L,365,200,hold,40.119760479041915,167,122,0.0,0.0,100.0,
EURGBP,fade3.0/20 h8 L,30,50,design,42.51497005988024,167,721,0.0,0.0,100.0,
EURGBP,fade3.0/20 h8 L,30,50,hold,42.51497005988024,167,202,0.0,0.0,100.0,
EURGBP,fade3.0/20 h8 L,30,75,design,42.51497005988024,167,721,0.0,0.0,100.0,
EURGBP,fade3.0/20 h8 L,30,75,hold,42.51497005988024,167,202,0.0,0.0,100.0,
EURGBP,fade3.0/20 h8 L,30,100,design,42.51497005988024,167,721,0.0,0.0,100.0,
EURGBP,fade3.0/20 h8 L,30,100,hold,42.51497005988024,167,202,0.0,0.0,100.0,
EURGBP,fade3.0/20 h8 L,30,125,design,42.51497005988024,167,721,0.0,0.0,100.0,
EURGBP,fade3.0/20 h8 L,30,125,hold,42.51497005988024,167,202,0.0,0.0,100.0,
EURGBP,fade3.0/20 h8 L,30,150,design,42.51497005988024,167,721,0.0,0.0,100.0,
EURGBP,fade3.0/20 h8 L,30,150,hold,42.51497005988024,167,202,0.0,0.0,100.0,
EURGBP,fade3.0/20 h8 L,30,200,design,42.51497005988024,167,721,0.0,0.0,100.0,
EURGBP,fade3.0/20 h8 L,30,200,hold,42.51497005988024,167,202,0.0,0.0,100.0,
EURGBP,fade3.0/20 h8 L,60,50,design,42.51497005988024,167,721,0.0,0.0,100.0,
EURGBP,fade3.0/20 h8 L,60,50,hold,42.51497005988024,167,192,0.0,0.0,100.0,
EURGBP,fade3.0/20 h8 L,60,75,design,42.51497005988024,167,721,0.0,0.0,100.0,
EURGBP,fade3.0/20 h8 L,60,75,hold,42.51497005988024,167,192,0.0,0.0,100.0,
EURGBP,fade3.0/20 h8 L,60,100,design,42.51497005988024,167,721,0.0,0.0,100.0,
EURGBP,fade3.0/20 h8 L,60,100,hold,42.51497005988024,167,192,0.0,0.0,100.0,
EURGBP,fade3.0/20 h8 L,60,125,design,42.51497005988024,167,721,0.0,0.0,100.0,
EURGBP,fade3.0/20 h8 L,60,125,hold,42.51497005988024,167,192,0.0,0.0,100.0,
EURGBP,fade3.0/20 h8 L,60,150,design,42.51497005988024,167,721,0.0,0.0,100.0,
EURGBP,fade3.0/20 h8 L,60,150,hold,42.51497005988024,167,192,0.0,0.0,100.0,
EURGBP,fade3.0/20 h8 L,60,200,design,42.51497005988024,167,721,0.0,0.0,100.0,
EURGBP,fade3.0/20 h8 L,60,200,hold,42.51497005988024,167,192,0.0,0.0,100.0,
EURGBP,fade3.0/20 h8 L,90,50,design,42.51497005988024,167,721,0.0,0.0,100.0,
EURGBP,fade3.0/20 h8 L,90,50,hold,42.51497005988024,167,182,0.0,0.0,100.0,
EURGBP,fade3.0/20 h8 L,90,75,design,42.51497005988024,167,721,0.0,0.0,100.0,
EURGBP,fade3.0/20 h8 L,90,75,hold,42.51497005988024,167,182,0.0,0.0,100.0,
EURGBP,fade3.0/20 h8 L,90,100,design,42.51497005988024,167,721,0.0,0.0,100.0,
EURGBP,fade3.0/20 h8 L,90,100,hold,42.51497005988024,167,182,0.0,0.0,100.0,
EURGBP,fade3.0/20 h8 L,90,125,design,42.51497005988024,167,721,0.0,0.0,100.0,
EURGBP,fade3.0/20 h8 L,90,125,hold,42.51497005988024,167,182,0.0,0.0,100.0,
EURGBP,fade3.0/20 h8 L,90,150,design,42.51497005988024,167,721,0.0,0.0,100.0,
EURGBP,fade3.0/20 h8 L,90,150,hold,42.51497005988024,167,182,0.0,0.0,100.0,
EURGBP,fade3.0/20 h8 L,90,200,design,42.51497005988024,167,721,0.0,0.0,100.0,
EURGBP,fade3.0/20 h8 L,90,200,hold,42.51497005988024,167,182,0.0,0.0,100.0,
EURGBP,fade3.0/20 h8 L,365,50,design,42.51497005988024,167,721,0.0,0.0,100.0,
EURGBP,fade3.0/20 h8 L,365,50,hold,42.51497005988024,167,122,0.0,0.0,100.0,
EURGBP,fade3.0/20 h8 L,365,75,design,42.51497005988024,167,721,0.0,0.0,100.0,
EURGBP,fade3.0/20 h8 L,365,75,hold,42.51497005988024,167,122,0.0,0.0,100.0,
EURGBP,fade3.0/20 h8 L,365,100,design,42.51497005988024,167,721,0.0,0.0,100.0,
EURGBP,fade3.0/20 h8 L,365,100,hold,42.51497005988024,167,122,0.0,0.0,100.0,
EURGBP,fade3.0/20 h8 L,365,125,design,42.51497005988024,167,721,0.0,0.13869625520110956,99.86130374479889,
EURGBP,fade3.0/20 h8 L,365,125,hold,42.51497005988024,167,122,0.0,0.0,100.0,
EURGBP,fade3.0/20 h8 L,365,150,design,42.51497005988024,167,721,0.0,2.496532593619972,97.50346740638003,
EURGBP,fade3.0/20 h8 L,365,150,hold,42.51497005988024,167,122,0.0,0.0,100.0,
EURGBP,fade3.0/20 h8 L,365,200,design,42.51497005988024,167,721,6.2413314840499305,13.314840499306518,80.44382801664355,206.625
EURGBP,fade3.0/20 h8 L,365,200,hold,42.51497005988024,167,122,0.0,0.0,100.0,
EURGBP,fade2.5/25 h4 L,30,50,design,41.85639229422067,571,721,0.0,0.0,100.0,
EURGBP,fade2.5/25 h4 L,30,50,hold,41.85639229422067,571,202,0.0,0.0,100.0,
EURGBP,fade2.5/25 h4 L,30,75,design,41.85639229422067,571,721,0.0,0.0,100.0,
EURGBP,fade2.5/25 h4 L,30,75,hold,41.85639229422067,571,202,0.0,0.0,100.0,
EURGBP,fade2.5/25 h4 L,30,100,design,41.85639229422067,571,721,0.0,0.0,100.0,
EURGBP,fade2.5/25 h4 L,30,100,hold,41.85639229422067,571,202,0.0,0.0,100.0,
EURGBP,fade2.5/25 h4 L,30,125,design,41.85639229422067,571,721,0.0,0.0,100.0,
EURGBP,fade2.5/25 h4 L,30,125,hold,41.85639229422067,571,202,0.0,0.0,100.0,
EURGBP,fade2.5/25 h4 L,30,150,design,41.85639229422067,571,721,0.0,0.0,100.0,
EURGBP,fade2.5/25 h4 L,30,150,hold,41.85639229422067,571,202,0.0,0.0,100.0,
EURGBP,fade2.5/25 h4 L,30,200,design,41.85639229422067,571,721,0.4160887656033287,0.0,99.58391123439667,25.25
EURGBP,fade2.5/25 h4 L,30,200,hold,41.85639229422067,571,202,0.0,0.0,100.0,
EURGBP,fade2.5/25 h4 L,60,50,design,41.85639229422067,571,721,0.0,0.0,100.0,
EURGBP,fade2.5/25 h4 L,60,50,hold,41.85639229422067,571,192,0.0,0.0,100.0,
EURGBP,fade2.5/25 h4 L,60,75,design,41.85639229422067,571,721,0.0,0.0,100.0,
EURGBP,fade2.5/25 h4 L,60,75,hold,41.85639229422067,571,192,0.0,0.0,100.0,
EURGBP,fade2.5/25 h4 L,60,100,design,41.85639229422067,571,721,0.0,0.0,100.0,
EURGBP,fade2.5/25 h4 L,60,100,hold,41.85639229422067,571,192,0.0,0.0,100.0,
EURGBP,fade2.5/25 h4 L,60,125,design,41.85639229422067,571,721,0.0,0.0,100.0,
EURGBP,fade2.5/25 h4 L,60,125,hold,41.85639229422067,571,192,0.0,0.0,100.0,
EURGBP,fade2.5/25 h4 L,60,150,design,41.85639229422067,571,721,0.0,0.0,100.0,
EURGBP,fade2.5/25 h4 L,60,150,hold,41.85639229422067,571,192,0.0,0.0,100.0,
EURGBP,fade2.5/25 h4 L,60,200,design,41.85639229422067,571,721,0.4160887656033287,0.13869625520110956,99.44521497919555,25.25
EURGBP,fade2.5/25 h4 L,60,200,hold,41.85639229422067,571,192,0.0,0.0,100.0,
EURGBP,fade2.5/25 h4 L,90,50,design,41.85639229422067,571,721,0.0,0.0,100.0,
EURGBP,fade2.5/25 h4 L,90,50,hold,41.85639229422067,571,182,0.0,0.0,100.0,
EURGBP,fade2.5/25 h4 L,90,75,design,41.85639229422067,571,721,0.0,0.0,100.0,
EURGBP,fade2.5/25 h4 L,90,75,hold,41.85639229422067,571,182,0.0,0.0,100.0,
EURGBP,fade2.5/25 h4 L,90,100,design,41.85639229422067,571,721,0.0,0.0,100.0,
EURGBP,fade2.5/25 h4 L,90,100,hold,41.85639229422067,571,182,0.0,0.0,100.0,
EURGBP,fade2.5/25 h4 L,90,125,design,41.85639229422067,571,721,0.0,0.0,100.0,
EURGBP,fade2.5/25 h4 L,90,125,hold,41.85639229422067,571,182,0.0,0.0,100.0,
EURGBP,fade2.5/25 h4 L,90,150,design,41.85639229422067,571,721,0.0,0.0,100.0,
EURGBP,fade2.5/25 h4 L,90,150,hold,41.85639229422067,571,182,0.0,0.0,100.0,
EURGBP,fade2.5/25 h4 L,90,200,design,41.85639229422067,571,721,0.4160887656033287,2.496532593619972,97.0873786407767,25.25
EURGBP,fade2.5/25 h4 L,90,200,hold,41.85639229422067,571,182,0.0,2.7472527472527473,97.25274725274726,
EURGBP,fade2.5/25 h4 L,365,50,design,41.85639229422067,571,721,0.0,0.0,100.0,
EURGBP,fade2.5/25 h4 L,365,50,hold,41.85639229422067,571,122,0.0,0.0,100.0,
EURGBP,fade2.5/25 h4 L,365,75,design,41.85639229422067,571,721,0.0,0.0,100.0,
EURGBP,fade2.5/25 h4 L,365,75,hold,41.85639229422067,571,122,0.0,0.0,100.0,
EURGBP,fade2.5/25 h4 L,365,100,design,41.85639229422067,571,721,0.0,0.0,100.0,
EURGBP,fade2.5/25 h4 L,365,100,hold,41.85639229422067,571,122,0.0,0.0,100.0,
EURGBP,fade2.5/25 h4 L,365,125,design,41.85639229422067,571,721,0.0,12.205270457697642,87.79472954230236,
EURGBP,fade2.5/25 h4 L,365,125,hold,41.85639229422067,571,122,0.0,18.0327868852459,81.9672131147541,
EURGBP,fade2.5/25 h4 L,365,150,design,41.85639229422067,571,721,0.0,22.607489597780862,77.39251040221914,
EURGBP,fade2.5/25 h4 L,365,150,hold,41.85639229422067,571,122,0.0,36.0655737704918,63.934426229508205,
EURGBP,fade2.5/25 h4 L,365,200,design,41.85639229422067,571,721,0.9708737864077669,51.04022191400832,47.988904299583915,287.1666666666667
EURGBP,fade2.5/25 h4 L,365,200,hold,41.85639229422067,571,122,22.131147540983605,50.0,27.86885245901639,248.375
EURGBP,fade2.5/25 h8 L,30,50,design,43.11594202898551,552,721,0.0,0.0,100.0,
EURGBP,fade2.5/25 h8 L,30,50,hold,43.11594202898551,552,202,0.0,0.0,100.0,
EURGBP,fade2.5/25 h8 L,30,75,design,43.11594202898551,552,721,0.0,0.0,100.0,
EURGBP,fade2.5/25 h8 L,30,75,hold,43.11594202898551,552,202,0.0,0.0,100.0,
EURGBP,fade2.5/25 h8 L,30,100,design,43.11594202898551,552,721,0.0,0.0,100.0,
EURGBP,fade2.5/25 h8 L,30,100,hold,43.11594202898551,552,202,0.0,0.0,100.0,
EURGBP,fade2.5/25 h8 L,30,125,design,43.11594202898551,552,721,0.13869625520110956,0.0,99.86130374479889,29.708333333333332
EURGBP,fade2.5/25 h8 L,30,125,hold,43.11594202898551,552,202,0.0,0.0,100.0,
EURGBP,fade2.5/25 h8 L,30,150,design,43.11594202898551,552,721,0.9708737864077669,0.0,99.02912621359224,24.708333333333332
EURGBP,fade2.5/25 h8 L,30,150,hold,43.11594202898551,552,202,0.0,0.0,100.0,
EURGBP,fade2.5/25 h8 L,30,200,design,43.11594202898551,552,721,2.6352288488210815,0.0,97.36477115117891,16.625
EURGBP,fade2.5/25 h8 L,30,200,hold,43.11594202898551,552,202,1.4851485148514851,0.0,98.51485148514851,24.375
EURGBP,fade2.5/25 h8 L,60,50,design,43.11594202898551,552,721,0.0,0.0,100.0,
EURGBP,fade2.5/25 h8 L,60,50,hold,43.11594202898551,552,192,0.0,0.0,100.0,
EURGBP,fade2.5/25 h8 L,60,75,design,43.11594202898551,552,721,0.0,0.0,100.0,
EURGBP,fade2.5/25 h8 L,60,75,hold,43.11594202898551,552,192,0.0,0.0,100.0,
EURGBP,fade2.5/25 h8 L,60,100,design,43.11594202898551,552,721,0.13869625520110956,0.0,99.86130374479889,36.625
EURGBP,fade2.5/25 h8 L,60,100,hold,43.11594202898551,552,192,0.0,0.0,100.0,
EURGBP,fade2.5/25 h8 L,60,125,design,43.11594202898551,552,721,1.1095700416088765,0.0,98.89042995839112,47.125
EURGBP,fade2.5/25 h8 L,60,125,hold,43.11594202898551,552,192,0.0,0.0,100.0,
EURGBP,fade2.5/25 h8 L,60,150,design,43.11594202898551,552,721,3.467406380027739,0.0,96.53259361997226,38.75
EURGBP,fade2.5/25 h8 L,60,150,hold,43.11594202898551,552,192,0.0,0.0,100.0,
EURGBP,fade2.5/25 h8 L,60,200,design,43.11594202898551,552,721,5.270457697642163,0.13869625520110956,94.59084604715673,29.666666666666664
EURGBP,fade2.5/25 h8 L,60,200,hold,43.11594202898551,552,192,11.979166666666668,4.166666666666666,83.85416666666666,42.375
EURGBP,fade2.5/25 h8 L,90,50,design,43.11594202898551,552,721,0.0,0.0,100.0,
EURGBP,fade2.5/25 h8 L,90,50,hold,43.11594202898551,552,182,0.0,0.0,100.0,
EURGBP,fade2.5/25 h8 L,90,75,design,43.11594202898551,552,721,0.0,0.0,100.0,
EURGBP,fade2.5/25 h8 L,90,75,hold,43.11594202898551,552,182,0.0,0.0,100.0,
EURGBP,fade2.5/25 h8 L,90,100,design,43.11594202898551,552,721,0.13869625520110956,0.0,99.86130374479889,36.625
EURGBP,fade2.5/25 h8 L,90,100,hold,43.11594202898551,552,182,0.0,0.0,100.0,
EURGBP,fade2.5/25 h8 L,90,125,design,43.11594202898551,552,721,1.6643550624133148,0.0,98.3356449375867,53.125
EURGBP,fade2.5/25 h8 L,90,125,hold,43.11594202898551,552,182,0.0,0.0,100.0,
EURGBP,fade2.5/25 h8 L,90,150,design,43.11594202898551,552,721,4.993065187239944,0.0,95.00693481276005,47.16666666666667
EURGBP,fade2.5/25 h8 L,90,150,hold,43.11594202898551,552,182,0.5494505494505495,0.0,99.45054945054946,63.416666666666664
EURGBP,fade2.5/25 h8 L,90,200,design,43.11594202898551,552,721,7.766990291262135,3.467406380027739,88.76560332871013,41.72916666666667
EURGBP,fade2.5/25 h8 L,90,200,hold,43.11594202898551,552,182,16.483516483516482,15.384615384615385,68.13186813186813,47.35416666666667
EURGBP,fade2.5/25 h8 L,365,50,design,43.11594202898551,552,721,0.0,0.0,100.0,
EURGBP,fade2.5/25 h8 L,365,50,hold,43.11594202898551,552,122,0.0,0.0,100.0,
EURGBP,fade2.5/25 h8 L,365,75,design,43.11594202898551,552,721,0.0,0.0,100.0,
EURGBP,fade2.5/25 h8 L,365,75,hold,43.11594202898551,552,122,0.0,0.0,100.0,
EURGBP,fade2.5/25 h8 L,365,100,design,43.11594202898551,552,721,0.27739251040221913,5.131761442441054,94.59084604715673,115.125
EURGBP,fade2.5/25 h8 L,365,100,hold,43.11594202898551,552,122,0.0,36.0655737704918,63.934426229508205,
EURGBP,fade2.5/25 h8 L,365,125,design,43.11594202898551,552,721,5.270457697642163,23.994452149791957,70.73509015256589,183.125
EURGBP,fade2.5/25 h8 L,365,125,hold,43.11594202898551,552,122,0.0,50.81967213114754,49.18032786885246,
EURGBP,fade2.5/25 h8 L,365,150,design,43.11594202898551,552,721,12.62135922330097,24.965325936199722,62.413314840499304,135.625
EURGBP,fade2.5/25 h8 L,365,150,hold,43.11594202898551,552,122,10.655737704918032,53.278688524590166,36.0655737704918,167.25
EURGBP,fade2.5/25 h8 L,365,200,design,43.11594202898551,552,721,19.55617198335645,56.5880721220527,23.855755894590846,131.75
EURGBP,fade2.5/25 h8 L,365,200,hold,43.11594202898551,552,122,45.90163934426229,43.44262295081967,10.655737704918032,68.3125
EURGBP,mom rsi70 h8,30,50,design,45.60260586319218,614,721,0.0,0.0,100.0,
EURGBP,mom rsi70 h8,30,50,hold,45.60260586319218,614,200,0.0,0.0,100.0,
EURGBP,mom rsi70 h8,30,75,design,45.60260586319218,614,721,0.0,0.0,100.0,
EURGBP,mom rsi70 h8,30,75,hold,45.60260586319218,614,200,0.0,0.0,100.0,
EURGBP,mom rsi70 h8,30,100,design,45.60260586319218,614,721,0.0,0.0,100.0,
EURGBP,mom rsi70 h8,30,100,hold,45.60260586319218,614,200,0.0,0.0,100.0,
EURGBP,mom rsi70 h8,30,125,design,45.60260586319218,614,721,0.0,0.0,100.0,
EURGBP,mom rsi70 h8,30,125,hold,45.60260586319218,614,200,0.0,0.0,100.0,
EURGBP,mom rsi70 h8,30,150,design,45.60260586319218,614,721,0.4160887656033287,0.0,99.58391123439667,22.5
EURGBP,mom rsi70 h8,30,150,hold,45.60260586319218,614,200,0.0,0.0,100.0,
EURGBP,mom rsi70 h8,30,200,design,45.60260586319218,614,721,2.6352288488210815,0.0,97.36477115117891,16.5
EURGBP,mom rsi70 h8,30,200,hold,45.60260586319218,614,200,0.5,0.0,99.5,29.833333333333332
EURGBP,mom rsi70 h8,60,50,design,45.60260586319218,614,721,0.0,0.0,100.0,
EURGBP,mom rsi70 h8,60,50,hold,45.60260586319218,614,190,0.0,0.0,100.0,
EURGBP,mom rsi70 h8,60,75,design,45.60260586319218,614,721,0.0,0.0,100.0,
EURGBP,mom rsi70 h8,60,75,hold,45.60260586319218,614,190,0.0,0.0,100.0,
EURGBP,mom rsi70 h8,60,100,design,45.60260586319218,614,721,0.0,0.0,100.0,
EURGBP,mom rsi70 h8,60,100,hold,45.60260586319218,614,190,0.0,0.0,100.0,
EURGBP,mom rsi70 h8,60,125,design,45.60260586319218,614,721,0.0,0.0,100.0,
EURGBP,mom rsi70 h8,60,125,hold,45.60260586319218,614,190,0.0,0.0,100.0,
EURGBP,mom rsi70 h8,60,150,design,45.60260586319218,614,721,1.6643550624133148,0.0,98.3356449375867,34.02083333333333
EURGBP,mom rsi70 h8,60,150,hold,45.60260586319218,614,190,2.631578947368421,0.0,97.36842105263158,55.541666666666664
EURGBP,mom rsi70 h8,60,200,design,45.60260586319218,614,721,6.796116504854369,3.6061026352288486,89.59778085991678,35.166666666666664
EURGBP,mom rsi70 h8,60,200,hold,45.60260586319218,614,190,9.473684210526317,1.0526315789473684,89.47368421052632,42.66666666666667
EURGBP,mom rsi70 h8,90,50,design,45.60260586319218,614,721,0.0,0.0,100.0,
EURGBP,mom rsi70 h8,90,50,hold,45.60260586319218,614,180,0.0,0.0,100.0,
EURGBP,mom rsi70 h8,90,75,design,45.60260586319218,614,721,0.0,0.0,100.0,
EURGBP,mom rsi70 h8,90,75,hold,45.60260586319218,614,180,0.0,0.0,100.0,
EURGBP,mom rsi70 h8,90,100,design,45.60260586319218,614,721,0.0,0.0,100.0,
EURGBP,mom rsi70 h8,90,100,hold,45.60260586319218,614,180,0.0,0.0,100.0,
EURGBP,mom rsi70 h8,90,125,design,45.60260586319218,614,721,0.27739251040221913,0.27739251040221913,99.44521497919555,74.04166666666667
EURGBP,mom rsi70 h8,90,125,hold,45.60260586319218,614,180,0.5555555555555556,0.0,99.44444444444444,86.83333333333333
EURGBP,mom rsi70 h8,90,150,design,45.60260586319218,614,721,3.19001386962552,2.912621359223301,93.89736477115119,43.5
EURGBP,mom rsi70 h8,90,150,hold,45.60260586319218,614,180,10.555555555555555,0.0,89.44444444444444,67.54166666666667
EURGBP,mom rsi70 h8,90,200,design,45.60260586319218,614,721,11.927877947295423,12.066574202496533,76.00554785020805,55.02083333333333
EURGBP,mom rsi70 h8,90,200,hold,45.60260586319218,614,180,19.444444444444446,12.222222222222221,68.33333333333333,58.791666666666664
EURGBP,mom rsi70 h8,365,50,design,45.60260586319218,614,721,0.0,0.0,100.0,
EURGBP,mom rsi70 h8,365,50,hold,45.60260586319218,614,120,0.0,0.0,100.0,
EURGBP,mom rsi70 h8,365,75,design,45.60260586319218,614,721,0.0,10.263522884882107,89.73647711511789,
EURGBP,mom rsi70 h8,365,75,hold,45.60260586319218,614,120,0.0,0.0,100.0,
EURGBP,mom rsi70 h8,365,100,design,45.60260586319218,614,721,5.825242718446602,23.300970873786408,70.87378640776699,282.5833333333333
EURGBP,mom rsi70 h8,365,100,hold,45.60260586319218,614,120,10.0,0.0,90.0,126.6875
EURGBP,mom rsi70 h8,365,125,design,45.60260586319218,614,721,10.957004160887656,46.601941747572816,42.44105409153953,205.5
EURGBP,mom rsi70 h8,365,125,hold,45.60260586319218,614,120,20.833333333333336,42.5,36.666666666666664,115.54166666666667
EURGBP,mom rsi70 h8,365,150,design,45.60260586319218,614,721,17.753120665742024,62.55201109570042,19.694868238557557,153.66666666666666
EURGBP,mom rsi70 h8,365,150,hold,45.60260586319218,614,120,40.0,50.0,10.0,111.625
EURGBP,mom rsi70 h8,365,200,design,45.60260586319218,614,721,31.484049930651874,59.77808599167822,8.737864077669903,111.5
EURGBP,mom rsi70 h8,365,200,hold,45.60260586319218,614,120,41.66666666666667,58.333333333333336,0.0,107.25
EURGBP,mom rsi75 h8,30,50,design,48.66666666666667,300,721,0.0,0.0,100.0,
EURGBP,mom rsi75 h8,30,50,hold,48.66666666666667,300,199,0.0,0.0,100.0,
EURGBP,mom rsi75 h8,30,75,design,48.66666666666667,300,721,0.0,0.0,100.0,
EURGBP,mom rsi75 h8,30,75,hold,48.66666666666667,300,199,0.0,0.0,100.0,
EURGBP,mom rsi75 h8,30,100,design,48.66666666666667,300,721,0.0,0.0,100.0,
EURGBP,mom rsi75 h8,30,100,hold,48.66666666666667,300,199,0.0,0.0,100.0,
EURGBP,mom rsi75 h8,30,125,design,48.66666666666667,300,721,0.5547850208044383,0.0,99.44521497919555,24.083333333333332
EURGBP,mom rsi75 h8,30,125,hold,48.66666666666667,300,199,0.0,0.0,100.0,
EURGBP,mom rsi75 h8,30,150,design,48.66666666666667,300,721,0.5547850208044383,0.0,99.44521497919555,24.083333333333332
EURGBP,mom rsi75 h8,30,150,hold,48.66666666666667,300,199,0.0,0.0,100.0,
EURGBP,mom rsi75 h8,30,200,design,48.66666666666667,300,721,2.7739251040221915,0.0,97.2260748959778,18.083333333333332
EURGBP,mom rsi75 h8,30,200,hold,48.66666666666667,300,199,0.0,0.0,100.0,
EURGBP,mom rsi75 h8,60,50,design,48.66666666666667,300,721,0.0,0.0,100.0,
EURGBP,mom rsi75 h8,60,50,hold,48.66666666666667,300,189,0.0,0.0,100.0,
EURGBP,mom rsi75 h8,60,75,design,48.66666666666667,300,721,0.0,0.0,100.0,
EURGBP,mom rsi75 h8,60,75,hold,48.66666666666667,300,189,0.0,0.0,100.0,
EURGBP,mom rsi75 h8,60,100,design,48.66666666666667,300,721,0.0,0.0,100.0,
EURGBP,mom rsi75 h8,60,100,hold,48.66666666666667,300,189,0.0,0.0,100.0,
EURGBP,mom rsi75 h8,60,125,design,48.66666666666667,300,721,1.248266296809986,0.0,98.75173370319001,31.583333333333332
EURGBP,mom rsi75 h8,60,125,hold,48.66666666666667,300,189,0.0,0.0,100.0,
EURGBP,mom rsi75 h8,60,150,design,48.66666666666667,300,721,2.0804438280166435,0.0,97.91955617198336,40.583333333333336
EURGBP,mom rsi75 h8,60,150,hold,48.66666666666667,300,189,0.0,0.0,100.0,
EURGBP,mom rsi75 h8,60,200,design,48.66666666666667,300,721,7.489597780859916,0.0,92.51040221914009,35.229166666666664
EURGBP,mom rsi75 h8,60,200,hold,48.66666666666667,300,189,0.0,0.0,100.0,
EURGBP,mom rsi75 h8,90,50,design,48.66666666666667,300,721,0.0,0.0,100.0,
EURGBP,mom rsi75 h8,90,50,hold,48.66666666666667,300,179,0.0,0.0,100.0,
EURGBP,mom rsi75 h8,90,75,design,48.66666666666667,300,721,0.0,0.0,100.0,
EURGBP,mom rsi75 h8,90,75,hold,48.66666666666667,300,179,0.0,0.0,100.0,
EURGBP,mom rsi75 h8,90,100,design,48.66666666666667,300,721,0.0,0.0,100.0,
EURGBP,mom rsi75 h8,90,100,hold,48.66666666666667,300,179,0.0,0.0,100.0,
EURGBP,mom rsi75 h8,90,125,design,48.66666666666667,300,721,2.912621359223301,0.0,97.0873786407767,66.54166666666667
EURGBP,mom rsi75 h8,90,125,hold,48.66666666666667,300,179,0.0,0.0,100.0,
EURGBP,mom rsi75 h8,90,150,design,48.66666666666667,300,721,4.0221914008321775,0.0,95.97780859916783,57.541666666666664
EURGBP,mom rsi75 h8,90,150,hold,48.66666666666667,300,179,0.0,0.0,100.0,
EURGBP,mom rsi75 h8,90,200,design,48.66666666666667,300,721,12.89875173370319,0.0,87.1012482662968,50.666666666666664
EURGBP,mom rsi75 h8,90,200,hold,48.66666666666667,300,179,0.0,0.0,100.0,
EURGBP,mom rsi75 h8,365,50,design,48.66666666666667,300,721,0.0,0.0,100.0,
EURGBP,mom rsi75 h8,365,50,hold,48.66666666666667,300,119,0.0,0.0,100.0,
EURGBP,mom rsi75 h8,365,75,design,48.66666666666667,300,721,0.0,0.0,100.0,
EURGBP,mom rsi75 h8,365,75,hold,48.66666666666667,300,119,0.0,0.0,100.0,
EURGBP,mom rsi75 h8,365,100,design,48.66666666666667,300,721,5.270457697642163,0.0,94.72954230235784,268.75
EURGBP,mom rsi75 h8,365,100,hold,48.66666666666667,300,119,0.0,0.0,100.0,
EURGBP,mom rsi75 h8,365,125,design,48.66666666666667,300,721,26.0748959778086,0.0,73.9251040221914,260.75
EURGBP,mom rsi75 h8,365,125,hold,48.66666666666667,300,119,0.0,0.0,100.0,
EURGBP,mom rsi75 h8,365,150,design,48.66666666666667,300,721,34.95145631067961,0.0,65.0485436893204,234.375
EURGBP,mom rsi75 h8,365,150,hold,48.66666666666667,300,119,0.0,0.0,100.0,
EURGBP,mom rsi75 h8,365,200,design,48.66666666666667,300,721,43.41192787794729,11.373092926490985,45.214979195561725,151.33333333333334
EURGBP,mom rsi75 h8,365,200,hold,48.66666666666667,300,119,7.563025210084033,0.0,92.43697478991596,103.41666666666667
EURJPY,fade3.0/20 h4,30,50,design,44.66403162055336,253,721,0.0,0.0,100.0,
EURJPY,fade3.0/20 h4,30,50,hold,44.66403162055336,253,188,0.0,0.0,100.0,
EURJPY,fade3.0/20 h4,30,75,design,44.66403162055336,253,721,0.0,0.0,100.0,
EURJPY,fade3.0/20 h4,30,75,hold,44.66403162055336,253,188,0.0,0.0,100.0,
EURJPY,fade3.0/20 h4,30,100,design,44.66403162055336,253,721,0.0,0.0,100.0,
EURJPY,fade3.0/20 h4,30,100,hold,44.66403162055336,253,188,0.0,0.0,100.0,
EURJPY,fade3.0/20 h4,30,125,design,44.66403162055336,253,721,0.0,0.0,100.0,
EURJPY,fade3.0/20 h4,30,125,hold,44.66403162055336,253,188,0.0,0.0,100.0,
EURJPY,fade3.0/20 h4,30,150,design,44.66403162055336,253,721,0.0,0.0,100.0,
EURJPY,fade3.0/20 h4,30,150,hold,44.66403162055336,253,188,0.0,0.0,100.0,
EURJPY,fade3.0/20 h4,30,200,design,44.66403162055336,253,721,0.0,0.0,100.0,
EURJPY,fade3.0/20 h4,30,200,hold,44.66403162055336,253,188,0.0,0.0,100.0,
EURJPY,fade3.0/20 h4,60,50,design,44.66403162055336,253,721,0.0,0.0,100.0,
EURJPY,fade3.0/20 h4,60,50,hold,44.66403162055336,253,178,0.0,0.0,100.0,
EURJPY,fade3.0/20 h4,60,75,design,44.66403162055336,253,721,0.0,0.0,100.0,
EURJPY,fade3.0/20 h4,60,75,hold,44.66403162055336,253,178,0.0,0.0,100.0,
EURJPY,fade3.0/20 h4,60,100,design,44.66403162055336,253,721,0.0,0.0,100.0,
EURJPY,fade3.0/20 h4,60,100,hold,44.66403162055336,253,178,0.0,0.0,100.0,
EURJPY,fade3.0/20 h4,60,125,design,44.66403162055336,253,721,0.0,0.0,100.0,
EURJPY,fade3.0/20 h4,60,125,hold,44.66403162055336,253,178,0.0,0.0,100.0,
EURJPY,fade3.0/20 h4,60,150,design,44.66403162055336,253,721,0.0,0.0,100.0,
EURJPY,fade3.0/20 h4,60,150,hold,44.66403162055336,253,178,0.0,0.0,100.0,
EURJPY,fade3.0/20 h4,60,200,design,44.66403162055336,253,721,0.0,0.0,100.0,
EURJPY,fade3.0/20 h4,60,200,hold,44.66403162055336,253,178,0.0,0.0,100.0,
EURJPY,fade3.0/20 h4,90,50,design,44.66403162055336,253,721,0.0,0.0,100.0,
EURJPY,fade3.0/20 h4,90,50,hold,44.66403162055336,253,168,0.0,0.0,100.0,
EURJPY,fade3.0/20 h4,90,75,design,44.66403162055336,253,721,0.0,0.0,100.0,
EURJPY,fade3.0/20 h4,90,75,hold,44.66403162055336,253,168,0.0,0.0,100.0,
EURJPY,fade3.0/20 h4,90,100,design,44.66403162055336,253,721,0.0,0.0,100.0,
EURJPY,fade3.0/20 h4,90,100,hold,44.66403162055336,253,168,0.0,0.0,100.0,
EURJPY,fade3.0/20 h4,90,125,design,44.66403162055336,253,721,0.0,0.0,100.0,
EURJPY,fade3.0/20 h4,90,125,hold,44.66403162055336,253,168,0.0,0.0,100.0,
EURJPY,fade3.0/20 h4,90,150,design,44.66403162055336,253,721,0.0,0.0,100.0,
EURJPY,fade3.0/20 h4,90,150,hold,44.66403162055336,253,168,0.0,0.0,100.0,
EURJPY,fade3.0/20 h4,90,200,design,44.66403162055336,253,721,0.8321775312066574,0.0,99.16782246879335,80.83333333333333
EURJPY,fade3.0/20 h4,90,200,hold,44.66403162055336,253,168,0.0,0.0,100.0,
EURJPY,fade3.0/20 h4,365,50,design,44.66403162055336,253,721,0.0,0.0,100.0,
EURJPY,fade3.0/20 h4,365,50,hold,44.66403162055336,253,108,0.0,0.0,100.0,
EURJPY,fade3.0/20 h4,365,75,design,44.66403162055336,253,721,0.0,0.0,100.0,
EURJPY,fade3.0/20 h4,365,75,hold,44.66403162055336,253,108,0.0,0.0,100.0,
EURJPY,fade3.0/20 h4,365,100,design,44.66403162055336,253,721,0.0,0.0,100.0,
EURJPY,fade3.0/20 h4,365,100,hold,44.66403162055336,253,108,0.0,0.0,100.0,
EURJPY,fade3.0/20 h4,365,125,design,44.66403162055336,253,721,0.0,0.0,100.0,
EURJPY,fade3.0/20 h4,365,125,hold,44.66403162055336,253,108,0.0,0.0,100.0,
EURJPY,fade3.0/20 h4,365,150,design,44.66403162055336,253,721,0.0,4.854368932038835,95.14563106796116,
EURJPY,fade3.0/20 h4,365,150,hold,44.66403162055336,253,108,0.0,0.0,100.0,
EURJPY,fade3.0/20 h4,365,200,design,44.66403162055336,253,721,2.496532593619972,13.592233009708737,83.91123439667129,98.83333333333333
EURJPY,fade3.0/20 h4,365,200,hold,44.66403162055336,253,108,0.0,0.0,100.0,
EURJPY,fade3.0/20 h8,30,50,design,40.562248995983936,249,721,0.0,0.0,100.0,
EURJPY,fade3.0/20 h8,30,50,hold,40.562248995983936,249,188,0.0,0.0,100.0,
EURJPY,fade3.0/20 h8,30,75,design,40.562248995983936,249,721,0.0,0.0,100.0,
EURJPY,fade3.0/20 h8,30,75,hold,40.562248995983936,249,188,0.0,0.0,100.0,
EURJPY,fade3.0/20 h8,30,100,design,40.562248995983936,249,721,0.0,0.0,100.0,
EURJPY,fade3.0/20 h8,30,100,hold,40.562248995983936,249,188,0.0,0.0,100.0,
EURJPY,fade3.0/20 h8,30,125,design,40.562248995983936,249,721,0.0,0.0,100.0,
EURJPY,fade3.0/20 h8,30,125,hold,40.562248995983936,249,188,0.0,0.0,100.0,
EURJPY,fade3.0/20 h8,30,150,design,40.562248995983936,249,721,0.0,0.0,100.0,
EURJPY,fade3.0/20 h8,30,150,hold,40.562248995983936,249,188,0.0,0.0,100.0,
EURJPY,fade3.0/20 h8,30,200,design,40.562248995983936,249,721,0.0,0.0,100.0,
EURJPY,fade3.0/20 h8,30,200,hold,40.562248995983936,249,188,0.0,0.0,100.0,
EURJPY,fade3.0/20 h8,60,50,design,40.562248995983936,249,721,0.0,0.0,100.0,
EURJPY,fade3.0/20 h8,60,50,hold,40.562248995983936,249,178,0.0,0.0,100.0,
EURJPY,fade3.0/20 h8,60,75,design,40.562248995983936,249,721,0.0,0.0,100.0,
EURJPY,fade3.0/20 h8,60,75,hold,40.562248995983936,249,178,0.0,0.0,100.0,
EURJPY,fade3.0/20 h8,60,100,design,40.562248995983936,249,721,0.0,0.0,100.0,
EURJPY,fade3.0/20 h8,60,100,hold,40.562248995983936,249,178,0.0,0.0,100.0,
EURJPY,fade3.0/20 h8,60,125,design,40.562248995983936,249,721,0.0,0.0,100.0,
EURJPY,fade3.0/20 h8,60,125,hold,40.562248995983936,249,178,0.0,0.0,100.0,
EURJPY,fade3.0/20 h8,60,150,design,40.562248995983936,249,721,0.0,0.0,100.0,
EURJPY,fade3.0/20 h8,60,150,hold,40.562248995983936,249,178,0.0,0.0,100.0,
EURJPY,fade3.0/20 h8,60,200,design,40.562248995983936,249,721,1.248266296809986,0.0,98.75173370319001,46.5
EURJPY,fade3.0/20 h8,60,200,hold,40.562248995983936,249,178,0.0,0.0,100.0,
EURJPY,fade3.0/20 h8,90,50,design,40.562248995983936,249,721,0.0,0.0,100.0,
EURJPY,fade3.0/20 h8,90,50,hold,40.562248995983936,249,168,0.0,0.0,100.0,
EURJPY,fade3.0/20 h8,90,75,design,40.562248995983936,249,721,0.0,0.0,100.0,
EURJPY,fade3.0/20 h8,90,75,hold,40.562248995983936,249,168,0.0,0.0,100.0,
EURJPY,fade3.0/20 h8,90,100,design,40.562248995983936,249,721,0.0,0.0,100.0,
EURJPY,fade3.0/20 h8,90,100,hold,40.562248995983936,249,168,0.0,0.0,100.0,
EURJPY,fade3.0/20 h8,90,125,design,40.562248995983936,249,721,0.0,0.0,100.0,
EURJPY,fade3.0/20 h8,90,125,hold,40.562248995983936,249,168,0.0,0.0,100.0,
EURJPY,fade3.0/20 h8,90,150,design,40.562248995983936,249,721,0.8321775312066574,0.0,99.16782246879335,81.0
EURJPY,fade3.0/20 h8,90,150,hold,40.562248995983936,249,168,0.0,0.0,100.0,
EURJPY,fade3.0/20 h8,90,200,design,40.562248995983936,249,721,2.912621359223301,0.0,97.0873786407767,73.5
EURJPY,fade3.0/20 h8,90,200,hold,40.562248995983936,249,168,0.0,0.0,100.0,
EURJPY,fade3.0/20 h8,365,50,design,40.562248995983936,249,721,0.0,0.0,100.0,
EURJPY,fade3.0/20 h8,365,50,hold,40.562248995983936,249,108,0.0,0.0,100.0,
EURJPY,fade3.0/20 h8,365,75,design,40.562248995983936,249,721,0.0,0.0,100.0,
EURJPY,fade3.0/20 h8,365,75,hold,40.562248995983936,249,108,0.0,0.0,100.0,
EURJPY,fade3.0/20 h8,365,100,design,40.562248995983936,249,721,0.0,0.0,100.0,
EURJPY,fade3.0/20 h8,365,100,hold,40.562248995983936,249,108,0.0,0.0,100.0,
EURJPY,fade3.0/20 h8,365,125,design,40.562248995983936,249,721,0.0,8.183079056865465,91.81692094313453,
EURJPY,fade3.0/20 h8,365,125,hold,40.562248995983936,249,108,0.0,0.0,100.0,
EURJPY,fade3.0/20 h8,365,150,design,40.562248995983936,249,721,1.6643550624133148,13.314840499306518,85.02080443828017,90.0
EURJPY,fade3.0/20 h8,365,150,hold,40.562248995983936,249,108,0.0,0.0,100.0,
EURJPY,fade3.0/20 h8,365,200,design,40.562248995983936,249,721,9.43134535367545,16.78224687933426,73.7864077669903,110.08333333333334
EURJPY,fade3.0/20 h8,365,200,hold,40.562248995983936,249,108,0.0,27.77777777777778,72.22222222222221,
EURJPY,fade2.5/25 h4,30,50,design,44.983818770226534,927,721,0.0,0.0,100.0,
EURJPY,fade2.5/25 h4,30,50,hold,44.983818770226534,927,202,0.0,0.0,100.0,
EURJPY,fade2.5/25 h4,30,75,design,44.983818770226534,927,721,0.0,0.0,100.0,
EURJPY,fade2.5/25 h4,30,75,hold,44.983818770226534,927,202,0.0,0.0,100.0,
EURJPY,fade2.5/25 h4,30,100,design,44.983818770226534,927,721,0.0,0.0,100.0,
EURJPY,fade2.5/25 h4,30,100,hold,44.983818770226534,927,202,0.0,0.0,100.0,
EURJPY,fade2.5/25 h4,30,125,design,44.983818770226534,927,721,0.0,0.0,100.0,
EURJPY,fade2.5/25 h4,30,125,hold,44.983818770226534,927,202,0.0,0.0,100.0,
EURJPY,fade2.5/25 h4,30,150,design,44.983818770226534,927,721,0.0,0.0,100.0,
EURJPY,fade2.5/25 h4,30,150,hold,44.983818770226534,927,202,0.0,0.0,100.0,
EURJPY,fade2.5/25 h4,30,200,design,44.983818770226534,927,721,1.248266296809986,0.0,98.75173370319001,21.541666666666668
EURJPY,fade2.5/25 h4,30,200,hold,44.983818770226534,927,202,0.0,0.0,100.0,
EURJPY,fade2.5/25 h4,60,50,design,44.983818770226534,927,721,0.0,0.0,100.0,
EURJPY,fade2.5/25 h4,60,50,hold,44.983818770226534,927,192,0.0,0.0,100.0,
EURJPY,fade2.5/25 h4,60,75,design,44.983818770226534,927,721,0.0,0.0,100.0,
EURJPY,fade2.5/25 h4,60,75,hold,44.983818770226534,927,192,0.0,0.0,100.0,
EURJPY,fade2.5/25 h4,60,100,design,44.983818770226534,927,721,0.0,0.0,100.0,
EURJPY,fade2.5/25 h4,60,100,hold,44.983818770226534,927,192,0.0,0.0,100.0,
EURJPY,fade2.5/25 h4,60,125,design,44.983818770226534,927,721,0.0,0.0,100.0,
EURJPY,fade2.5/25 h4,60,125,hold,44.983818770226534,927,192,0.0,0.0,100.0,
EURJPY,fade2.5/25 h4,60,150,design,44.983818770226534,927,721,0.4160887656033287,0.0,99.58391123439667,50.333333333333336
EURJPY,fade2.5/25 h4,60,150,hold,44.983818770226534,927,192,0.0,0.0,100.0,
EURJPY,fade2.5/25 h4,60,200,design,44.983818770226534,927,721,8.044382801664355,1.1095700416088765,90.84604715672677,45.0625
EURJPY,fade2.5/25 h4,60,200,hold,44.983818770226534,927,192,0.0,0.0,100.0,
EURJPY,fade2.5/25 h4,90,50,design,44.983818770226534,927,721,0.0,0.0,100.0,
EURJPY,fade2.5/25 h4,90,50,hold,44.983818770226534,927,182,0.0,0.0,100.0,
EURJPY,fade2.5/25 h4,90,75,design,44.983818770226534,927,721,0.0,0.0,100.0,
EURJPY,fade2.5/25 h4,90,75,hold,44.983818770226534,927,182,0.0,0.0,100.0,
EURJPY,fade2.5/25 h4,90,100,design,44.983818770226534,927,721,0.0,0.0,100.0,
EURJPY,fade2.5/25 h4,90,100,hold,44.983818770226534,927,182,0.0,0.0,100.0,
EURJPY,fade2.5/25 h4,90,125,design,44.983818770226534,927,721,0.6934812760055479,0.0,99.30651872399446,83.0
EURJPY,fade2.5/25 h4,90,125,hold,44.983818770226534,927,182,0.0,0.0,100.0,
EURJPY,fade2.5/25 h4,90,150,design,44.983818770226534,927,721,2.496532593619972,0.0,97.50346740638003,77.95833333333334
EURJPY,fade2.5/25 h4,90,150,hold,44.983818770226534,927,182,0.0,0.0,100.0,
EURJPY,fade2.5/25 h4,90,200,design,44.983818770226534,927,721,12.343966712898752,6.934812760055478,80.72122052704577,50.791666666666664
EURJPY,fade2.5/25 h4,90,200,hold,44.983818770226534,927,182,0.0,0.0,100.0,
EURJPY,fade2.5/25 h4,365,50,design,44.983818770226534,927,721,0.0,0.0,100.0,
EURJPY,fade2.5/25 h4,365,50,hold,44.983818770226534,927,122,0.0,0.0,100.0,
EURJPY,fade2.5/25 h4,365,75,design,44.983818770226534,927,721,0.8321775312066574,0.0,99.16782246879335,247.29166666666666
EURJPY,fade2.5/25 h4,365,75,hold,44.983818770226534,927,122,0.0,0.0,100.0,
EURJPY,fade2.5/25 h4,365,100,design,44.983818770226534,927,721,9.015256588072122,0.0,90.98474341192788,205.83333333333334
EURJPY,fade2.5/25 h4,365,100,hold,44.983818770226534,927,122,0.0,35.24590163934426,64.75409836065575,
EURJPY,fade2.5/25 h4,365,125,design,44.983818770226534,927,721,12.62135922330097,21.081830790568652,66.29680998613038,195.625
EURJPY,fade2.5/25 h4,365,125,hold,44.983818770226534,927,122,0.0,95.90163934426229,4.098360655737705,
EURJPY,fade2.5/25 h4,365,150,design,44.983818770226534,927,721,15.39528432732316,51.87239944521498,32.73231622746186,156.70833333333334
EURJPY,fade2.5/25 h4,365,150,hold,44.983818770226534,927,122,0.0,100.0,0.0,
EURJPY,fade2.5/25 h4,365,200,design,44.983818770226534,927,721,25.24271844660194,66.85159500693482,7.905686546463246,91.60416666666666
EURJPY,fade2.5/25 h4,365,200,hold,44.983818770226534,927,122,0.0,100.0,0.0,
EURJPY,fade2.5/25 h8,30,50,design,45.8006718924972,893,721,0.0,0.0,100.0,
EURJPY,fade2.5/25 h8,30,50,hold,45.8006718924972,893,202,0.0,0.0,100.0,
EURJPY,fade2.5/25 h8,30,75,design,45.8006718924972,893,721,0.0,0.0,100.0,
EURJPY,fade2.5/25 h8,30,75,hold,45.8006718924972,893,202,0.0,0.0,100.0,
EURJPY,fade2.5/25 h8,30,100,design,45.8006718924972,893,721,0.0,0.0,100.0,
EURJPY,fade2.5/25 h8,30,100,hold,45.8006718924972,893,202,0.0,0.0,100.0,
EURJPY,fade2.5/25 h8,30,125,design,45.8006718924972,893,721,1.1095700416088765,0.0,98.89042995839112,22.104166666666664
EURJPY,fade2.5/25 h8,30,125,hold,45.8006718924972,893,202,0.0,0.0,100.0,
EURJPY,fade2.5/25 h8,30,150,design,45.8006718924972,893,721,1.5256588072122053,0.0,98.47434119278779,22.5
EURJPY,fade2.5/25 h8,30,150,hold,45.8006718924972,893,202,0.0,0.0,100.0,
EURJPY,fade2.5/25 h8,30,200,design,45.8006718924972,893,721,4.0221914008321775,0.6934812760055479,95.28432732316227,22.5
EURJPY,fade2.5/25 h8,30,200,hold,45.8006718924972,893,202,0.0,0.0,100.0,
EURJPY,fade2.5/25 h8,60,50,design,45.8006718924972,893,721,0.0,0.0,100.0,
EURJPY,fade2.5/25 h8,60,50,hold,45.8006718924972,893,192,0.0,0.0,100.0,
EURJPY,fade2.5/25 h8,60,75,design,45.8006718924972,893,721,0.0,0.0,100.0,
EURJPY,fade2.5/25 h8,60,75,hold,45.8006718924972,893,192,0.0,0.0,100.0,
EURJPY,fade2.5/25 h8,60,100,design,45.8006718924972,893,721,1.3869625520110958,0.0,98.6130374479889,48.0
EURJPY,fade2.5/25 h8,60,100,hold,45.8006718924972,893,192,0.0,0.0,100.0,
EURJPY,fade2.5/25 h8,60,125,design,45.8006718924972,893,721,4.438280166435506,0.0,95.5617198335645,39.0
EURJPY,fade2.5/25 h8,60,125,hold,45.8006718924972,893,192,0.0,0.0,100.0,
EURJPY,fade2.5/25 h8,60,150,design,45.8006718924972,893,721,6.102635228848821,0.6934812760055479,93.20388349514563,40.25
EURJPY,fade2.5/25 h8,60,150,hold,45.8006718924972,893,192,0.0,0.0,100.0,
EURJPY,fade2.5/25 h8,60,200,design,45.8006718924972,893,721,11.650485436893204,4.5769764216366156,83.77253814147018,37.083333333333336
EURJPY,fade2.5/25 h8,60,200,hold,45.8006718924972,893,192,0.0,5.729166666666666,94.27083333333334,
EURJPY,fade2.5/25 h8,90,50,design,45.8006718924972,893,721,0.0,0.0,100.0,
EURJPY,fade2.5/25 h8,90,50,hold,45.8006718924972,893,182,0.0,0.0,100.0,
EURJPY,fade2.5/25 h8,90,75,design,45.8006718924972,893,721,0.5547850208044383,0.0,99.44521497919555,84.0
EURJPY,fade2.5/25 h8,90,75,hold,45.8006718924972,893,182,0.0,0.0,100.0,
EURJPY,fade2.5/25 h8,90,100,design,45.8006718924972,893,721,3.8834951456310676,0.0,96.11650485436894,72.0
EURJPY,fade2.5/25 h8,90,100,hold,45.8006718924972,893,182,0.0,0.0,100.0,
EURJPY,fade2.5/25 h8,90,125,design,45.8006718924972,893,721,7.905686546463246,2.0804438280166435,90.01386962552012,57.708333333333336
EURJPY,fade2.5/25 h8,90,125,hold,45.8006718924972,893,182,0.0,0.0,100.0,
EURJPY,fade2.5/25 h8,90,150,design,45.8006718924972,893,721,11.234396671289876,4.715672676837725,84.0499306518724,54.583333333333336
EURJPY,fade2.5/25 h8,90,150,hold,45.8006718924972,893,182,0.0,6.043956043956044,93.95604395604396,
EURJPY,fade2.5/25 h8,90,200,design,45.8006718924972,893,721,15.950069348127602,11.789181692094314,72.26074895977808,48.583333333333336
EURJPY,fade2.5/25 h8,90,200,hold,45.8006718924972,893,182,0.0,18.13186813186813,81.86813186813187,
EURJPY,fade2.5/25 h8,365,50,design,45.8006718924972,893,721,0.0,0.0,100.0,
EURJPY,fade2.5/25 h8,365,50,hold,45.8006718924972,893,122,0.0,0.0,100.0,
EURJPY,fade2.5/25 h8,365,75,design,45.8006718924972,893,721,0.9708737864077669,0.0,99.02912621359224,88.5
EURJPY,fade2.5/25 h8,365,75,hold,45.8006718924972,893,122,0.0,45.08196721311475,54.91803278688525,
EURJPY,fade2.5/25 h8,365,100,design,45.8006718924972,893,721,9.153952843273231,19.83356449375867,71.0124826629681,102.14583333333334
EURJPY,fade2.5/25 h8,365,100,hold,45.8006718924972,893,122,0.0,81.14754098360656,18.852459016393443,
EURJPY,fade2.5/25 h8,365,125,design,45.8006718924972,893,721,15.53398058252427,39.94452149791955,44.521497919556175,89.97916666666666
EURJPY,fade2.5/25 h8,365,125,hold,45.8006718924972,893,122,0.0,94.26229508196722,5.737704918032787,
EURJPY,fade2.5/25 h8,365,150,design,45.8006718924972,893,721,22.74618585298197,52.843273231622746,24.410540915395284,91.0
EURJPY,fade2.5/25 h8,365,150,hold,45.8006718924972,893,122,0.0,100.0,0.0,
EURJPY,fade2.5/25 h8,365,200,design,45.8006718924972,893,721,31.622746185852986,61.99722607489597,6.38002773925104,89.33333333333334
EURJPY,fade2.5/25 h8,365,200,hold,45.8006718924972,893,122,0.0,100.0,0.0,
EURJPY,fade3.0/20 h4 L,30,50,design,46.043165467625904,139,721,0.0,0.0,100.0,
EURJPY,fade3.0/20 h4 L,30,50,hold,46.043165467625904,139,155,0.0,0.0,100.0,
EURJPY,fade3.0/20 h4 L,30,75,design,46.043165467625904,139,721,0.0,0.0,100.0,
EURJPY,fade3.0/20 h4 L,30,75,hold,46.043165467625904,139,155,0.0,0.0,100.0,
EURJPY,fade3.0/20 h4 L,30,100,design,46.043165467625904,139,721,0.0,0.0,100.0,
EURJPY,fade3.0/20 h4 L,30,100,hold,46.043165467625904,139,155,0.0,0.0,100.0,
EURJPY,fade3.0/20 h4 L,30,125,design,46.043165467625904,139,721,0.0,0.0,100.0,
EURJPY,fade3.0/20 h4 L,30,125,hold,46.043165467625904,139,155,0.0,0.0,100.0,
EURJPY,fade3.0/20 h4 L,30,150,design,46.043165467625904,139,721,0.0,0.0,100.0,
EURJPY,fade3.0/20 h4 L,30,150,hold,46.043165467625904,139,155,0.0,0.0,100.0,
EURJPY,fade3.0/20 h4 L,30,200,design,46.043165467625904,139,721,0.0,0.0,100.0,
EURJPY,fade3.0/20 h4 L,30,200,hold,46.043165467625904,139,155,0.0,0.0,100.0,
EURJPY,fade3.0/20 h4 L,60,50,design,46.043165467625904,139,721,0.0,0.0,100.0,
EURJPY,fade3.0/20 h4 L,60,50,hold,46.043165467625904,139,145,0.0,0.0,100.0,
EURJPY,fade3.0/20 h4 L,60,75,design,46.043165467625904,139,721,0.0,0.0,100.0,
EURJPY,fade3.0/20 h4 L,60,75,hold,46.043165467625904,139,145,0.0,0.0,100.0,
EURJPY,fade3.0/20 h4 L,60,100,design,46.043165467625904,139,721,0.0,0.0,100.0,
EURJPY,fade3.0/20 h4 L,60,100,hold,46.043165467625904,139,145,0.0,0.0,100.0,
EURJPY,fade3.0/20 h4 L,60,125,design,46.043165467625904,139,721,0.0,0.0,100.0,
EURJPY,fade3.0/20 h4 L,60,125,hold,46.043165467625904,139,145,0.0,0.0,100.0,
EURJPY,fade3.0/20 h4 L,60,150,design,46.043165467625904,139,721,0.0,0.0,100.0,
EURJPY,fade3.0/20 h4 L,60,150,hold,46.043165467625904,139,145,0.0,0.0,100.0,
EURJPY,fade3.0/20 h4 L,60,200,design,46.043165467625904,139,721,0.0,0.0,100.0,
EURJPY,fade3.0/20 h4 L,60,200,hold,46.043165467625904,139,145,0.0,0.0,100.0,
EURJPY,fade3.0/20 h4 L,90,50,design,46.043165467625904,139,721,0.0,0.0,100.0,
EURJPY,fade3.0/20 h4 L,90,50,hold,46.043165467625904,139,135,0.0,0.0,100.0,
EURJPY,fade3.0/20 h4 L,90,75,design,46.043165467625904,139,721,0.0,0.0,100.0,
EURJPY,fade3.0/20 h4 L,90,75,hold,46.043165467625904,139,135,0.0,0.0,100.0,
EURJPY,fade3.0/20 h4 L,90,100,design,46.043165467625904,139,721,0.0,0.0,100.0,
EURJPY,fade3.0/20 h4 L,90,100,hold,46.043165467625904,139,135,0.0,0.0,100.0,
EURJPY,fade3.0/20 h4 L,90,125,design,46.043165467625904,139,721,0.0,0.0,100.0,
EURJPY,fade3.0/20 h4 L,90,125,hold,46.043165467625904,139,135,0.0,0.0,100.0,
EURJPY,fade3.0/20 h4 L,90,150,design,46.043165467625904,139,721,0.0,0.0,100.0,
EURJPY,fade3.0/20 h4 L,90,150,hold,46.043165467625904,139,135,0.0,0.0,100.0,
EURJPY,fade3.0/20 h4 L,90,200,design,46.043165467625904,139,721,0.0,0.0,100.0,
EURJPY,fade3.0/20 h4 L,90,200,hold,46.043165467625904,139,135,0.0,0.0,100.0,
EURJPY,fade3.0/20 h4 L,365,50,design,46.043165467625904,139,721,0.0,0.0,100.0,
EURJPY,fade3.0/20 h4 L,365,50,hold,46.043165467625904,139,75,0.0,0.0,100.0,
EURJPY,fade3.0/20 h4 L,365,75,design,46.043165467625904,139,721,0.0,0.0,100.0,
EURJPY,fade3.0/20 h4 L,365,75,hold,46.043165467625904,139,75,0.0,0.0,100.0,
EURJPY,fade3.0/20 h4 L,365,100,design,46.043165467625904,139,721,0.0,0.0,100.0,
EURJPY,fade3.0/20 h4 L,365,100,hold,46.043165467625904,139,75,0.0,0.0,100.0,
EURJPY,fade3.0/20 h4 L,365,125,design,46.043165467625904,139,721,0.0,0.0,100.0,
EURJPY,fade3.0/20 h4 L,365,125,hold,46.043165467625904,139,75,0.0,0.0,100.0,
EURJPY,fade3.0/20 h4 L,365,150,design,46.043165467625904,139,721,0.0,0.0,100.0,
EURJPY,fade3.0/20 h4 L,365,150,hold,46.043165467625904,139,75,0.0,0.0,100.0,
EURJPY,fade3.0/20 h4 L,365,200,design,46.043165467625904,139,721,4.2995839112343965,4.0221914008321775,91.67822468793344,276.3333333333333
EURJPY,fade3.0/20 h4 L,365,200,hold,46.043165467625904,139,75,0.0,0.0,100.0,
EURJPY,fade3.0/20 h8 L,30,50,design,43.47826086956522,138,721,0.0,0.0,100.0,
EURJPY,fade3.0/20 h8 L,30,50,hold,43.47826086956522,138,155,0.0,0.0,100.0,
EURJPY,fade3.0/20 h8 L,30,75,design,43.47826086956522,138,721,0.0,0.0,100.0,
EURJPY,fade3.0/20 h8 L,30,75,hold,43.47826086956522,138,155,0.0,0.0,100.0,
EURJPY,fade3.0/20 h8 L,30,100,design,43.47826086956522,138,721,0.0,0.0,100.0,
EURJPY,fade3.0/20 h8 L,30,100,hold,43.47826086956522,138,155,0.0,0.0,100.0,
EURJPY,fade3.0/20 h8 L,30,125,design,43.47826086956522,138,721,0.0,0.0,100.0,
EURJPY,fade3.0/20 h8 L,30,125,hold,43.47826086956522,138,155,0.0,0.0,100.0,
EURJPY,fade3.0/20 h8 L,30,150,design,43.47826086956522,138,721,0.0,0.0,100.0,
EURJPY,fade3.0/20 h8 L,30,150,hold,43.47826086956522,138,155,0.0,0.0,100.0,
EURJPY,fade3.0/20 h8 L,30,200,design,43.47826086956522,138,721,0.0,0.0,100.0,
EURJPY,fade3.0/20 h8 L,30,200,hold,43.47826086956522,138,155,0.0,0.0,100.0,
EURJPY,fade3.0/20 h8 L,60,50,design,43.47826086956522,138,721,0.0,0.0,100.0,
EURJPY,fade3.0/20 h8 L,60,50,hold,43.47826086956522,138,145,0.0,0.0,100.0,
EURJPY,fade3.0/20 h8 L,60,75,design,43.47826086956522,138,721,0.0,0.0,100.0,
EURJPY,fade3.0/20 h8 L,60,75,hold,43.47826086956522,138,145,0.0,0.0,100.0,
EURJPY,fade3.0/20 h8 L,60,100,design,43.47826086956522,138,721,0.0,0.0,100.0,
EURJPY,fade3.0/20 h8 L,60,100,hold,43.47826086956522,138,145,0.0,0.0,100.0,
EURJPY,fade3.0/20 h8 L,60,125,design,43.47826086956522,138,721,0.0,0.0,100.0,
EURJPY,fade3.0/20 h8 L,60,125,hold,43.47826086956522,138,145,0.0,0.0,100.0,
EURJPY,fade3.0/20 h8 L,60,150,design,43.47826086956522,138,721,0.0,0.0,100.0,
EURJPY,fade3.0/20 h8 L,60,150,hold,43.47826086956522,138,145,0.0,0.0,100.0,
EURJPY,fade3.0/20 h8 L,60,200,design,43.47826086956522,138,721,0.0,0.0,100.0,
EURJPY,fade3.0/20 h8 L,60,200,hold,43.47826086956522,138,145,0.0,0.0,100.0,
EURJPY,fade3.0/20 h8 L,90,50,design,43.47826086956522,138,721,0.0,0.0,100.0,
EURJPY,fade3.0/20 h8 L,90,50,hold,43.47826086956522,138,135,0.0,0.0,100.0,
EURJPY,fade3.0/20 h8 L,90,75,design,43.47826086956522,138,721,0.0,0.0,100.0,
EURJPY,fade3.0/20 h8 L,90,75,hold,43.47826086956522,138,135,0.0,0.0,100.0,
EURJPY,fade3.0/20 h8 L,90,100,design,43.47826086956522,138,721,0.0,0.0,100.0,
EURJPY,fade3.0/20 h8 L,90,100,hold,43.47826086956522,138,135,0.0,0.0,100.0,
EURJPY,fade3.0/20 h8 L,90,125,design,43.47826086956522,138,721,0.0,0.0,100.0,
EURJPY,fade3.0/20 h8 L,90,125,hold,43.47826086956522,138,135,0.0,0.0,100.0,
EURJPY,fade3.0/20 h8 L,90,150,design,43.47826086956522,138,721,0.0,0.0,100.0,
EURJPY,fade3.0/20 h8 L,90,150,hold,43.47826086956522,138,135,0.0,0.0,100.0,
EURJPY,fade3.0/20 h8 L,90,200,design,43.47826086956522,138,721,0.0,0.0,100.0,
EURJPY,fade3.0/20 h8 L,90,200,hold,43.47826086956522,138,135,0.0,0.0,100.0,
EURJPY,fade3.0/20 h8 L,365,50,design,43.47826086956522,138,721,0.0,0.0,100.0,
EURJPY,fade3.0/20 h8 L,365,50,hold,43.47826086956522,138,75,0.0,0.0,100.0,
EURJPY,fade3.0/20 h8 L,365,75,design,43.47826086956522,138,721,0.0,0.0,100.0,
EURJPY,fade3.0/20 h8 L,365,75,hold,43.47826086956522,138,75,0.0,0.0,100.0,
EURJPY,fade3.0/20 h8 L,365,100,design,43.47826086956522,138,721,0.0,0.0,100.0,
EURJPY,fade3.0/20 h8 L,365,100,hold,43.47826086956522,138,75,0.0,0.0,100.0,
EURJPY,fade3.0/20 h8 L,365,125,design,43.47826086956522,138,721,0.0,0.0,100.0,
EURJPY,fade3.0/20 h8 L,365,125,hold,43.47826086956522,138,75,0.0,0.0,100.0,
EURJPY,fade3.0/20 h8 L,365,150,design,43.47826086956522,138,721,1.6643550624133148,0.0,98.3356449375867,261.7083333333333
EURJPY,fade3.0/20 h8 L,365,150,hold,43.47826086956522,138,75,0.0,0.0,100.0,
EURJPY,fade3.0/20 h8 L,365,200,design,43.47826086956522,138,721,5.547850208044383,11.789181692094314,82.6629680998613,254.0
EURJPY,fade3.0/20 h8 L,365,200,hold,43.47826086956522,138,75,0.0,0.0,100.0,
EURJPY,fade2.5/25 h4 L,30,50,design,49.17695473251029,486,721,0.0,0.0,100.0,
EURJPY,fade2.5/25 h4 L,30,50,hold,49.17695473251029,486,201,0.0,0.0,100.0,
EURJPY,fade2.5/25 h4 L,30,75,design,49.17695473251029,486,721,0.0,0.0,100.0,
EURJPY,fade2.5/25 h4 L,30,75,hold,49.17695473251029,486,201,0.0,0.0,100.0,
EURJPY,fade2.5/25 h4 L,30,100,design,49.17695473251029,486,721,0.0,0.0,100.0,
EURJPY,fade2.5/25 h4 L,30,100,hold,49.17695473251029,486,201,0.0,0.0,100.0,
EURJPY,fade2.5/25 h4 L,30,125,design,49.17695473251029,486,721,0.0,0.0,100.0,
EURJPY,fade2.5/25 h4 L,30,125,hold,49.17695473251029,486,201,0.0,0.0,100.0,
EURJPY,fade2.5/25 h4 L,30,150,design,49.17695473251029,486,721,0.0,0.0,100.0,
EURJPY,fade2.5/25 h4 L,30,150,hold,49.17695473251029,486,201,0.0,0.0,100.0,
EURJPY,fade2.5/25 h4 L,30,200,design,49.17695473251029,486,721,0.27739251040221913,0.0,99.72260748959778,28.625
EURJPY,fade2.5/25 h4 L,30,200,hold,49.17695473251029,486,201,0.0,0.0,100.0,
EURJPY,fade2.5/25 h4 L,60,50,design,49.17695473251029,486,721,0.0,0.0,100.0,
EURJPY,fade2.5/25 h4 L,60,50,hold,49.17695473251029,486,191,0.0,0.0,100.0,
EURJPY,fade2.5/25 h4 L,60,75,design,49.17695473251029,486,721,0.0,0.0,100.0,
EURJPY,fade2.5/25 h4 L,60,75,hold,49.17695473251029,486,191,0.0,0.0,100.0,
EURJPY,fade2.5/25 h4 L,60,100,design,49.17695473251029,486,721,0.0,0.0,100.0,
EURJPY,fade2.5/25 h4 L,60,100,hold,49.17695473251029,486,191,0.0,0.0,100.0,
EURJPY,fade2.5/25 h4 L,60,125,design,49.17695473251029,486,721,0.0,0.0,100.0,
EURJPY,fade2.5/25 h4 L,60,125,hold,49.17695473251029,486,191,0.0,0.0,100.0,
EURJPY,fade2.5/25 h4 L,60,150,design,49.17695473251029,486,721,0.27739251040221913,0.0,99.72260748959778,58.125
EURJPY,fade2.5/25 h4 L,60,150,hold,49.17695473251029,486,191,0.0,0.0,100.0,
EURJPY,fade2.5/25 h4 L,60,200,design,49.17695473251029,486,721,2.6352288488210815,0.0,97.36477115117891,41.625
EURJPY,fade2.5/25 h4 L,60,200,hold,49.17695473251029,486,191,0.0,0.0,100.0,
EURJPY,fade2.5/25 h4 L,90,50,design,49.17695473251029,486,721,0.0,0.0,100.0,
EURJPY,fade2.5/25 h4 L,90,50,hold,49.17695473251029,486,181,0.0,0.0,100.0,
EURJPY,fade2.5/25 h4 L,90,75,design,49.17695473251029,486,721,0.0,0.0,100.0,
EURJPY,fade2.5/25 h4 L,90,75,hold,49.17695473251029,486,181,0.0,0.0,100.0,
EURJPY,fade2.5/25 h4 L,90,100,design,49.17695473251029,486,721,0.0,0.0,100.0,
EURJPY,fade2.5/25 h4 L,90,100,hold,49.17695473251029,486,181,0.0,0.0,100.0,
EURJPY,fade2.5/25 h4 L,90,125,design,49.17695473251029,486,721,0.5547850208044383,0.0,99.44521497919555,81.5
EURJPY,fade2.5/25 h4 L,90,125,hold,49.17695473251029,486,181,0.0,0.0,100.0,
EURJPY,fade2.5/25 h4 L,90,150,design,49.17695473251029,486,721,2.6352288488210815,0.0,97.36477115117891,76.75
EURJPY,fade2.5/25 h4 L,90,150,hold,49.17695473251029,486,181,0.0,0.0,100.0,
EURJPY,fade2.5/25 h4 L,90,200,design,49.17695473251029,486,721,6.2413314840499305,0.0,93.75866851595008,64.33333333333333
EURJPY,fade2.5/25 h4 L,90,200,hold,49.17695473251029,486,181,0.0,0.0,100.0,
EURJPY,fade2.5/25 h4 L,365,50,design,49.17695473251029,486,721,0.0,0.0,100.0,
EURJPY,fade2.5/25 h4 L,365,50,hold,49.17695473251029,486,121,0.0,0.0,100.0,
EURJPY,fade2.5/25 h4 L,365,75,design,49.17695473251029,486,721,6.2413314840499305,0.0,93.75866851595008,294.9583333333333
EURJPY,fade2.5/25 h4 L,365,75,hold,49.17695473251029,486,121,0.0,0.0,100.0,
EURJPY,fade2.5/25 h4 L,365,100,design,49.17695473251029,486,721,12.066574202496533,0.0,87.93342579750347,207.625
EURJPY,fade2.5/25 h4 L,365,100,hold,49.17695473251029,486,121,0.0,0.0,100.0,
EURJPY,fade2.5/25 h4 L,365,125,design,49.17695473251029,486,721,15.811373092926493,0.0,84.1886269070735,219.22916666666669
EURJPY,fade2.5/25 h4 L,365,125,hold,49.17695473251029,486,121,0.0,0.0,100.0,
EURJPY,fade2.5/25 h4 L,365,150,design,49.17695473251029,486,721,17.05963938973648,0.0,82.94036061026353,182.625
EURJPY,fade2.5/25 h4 L,365,150,hold,49.17695473251029,486,121,0.0,0.0,100.0,
EURJPY,fade2.5/25 h4 L,365,200,design,49.17695473251029,486,721,23.1622746185853,10.679611650485436,66.15811373092927,153.625
EURJPY,fade2.5/25 h4 L,365,200,hold,49.17695473251029,486,121,0.0,16.528925619834713,83.47107438016529,
EURJPY,fade2.5/25 h8 L,30,50,design,46.61016949152542,472,721,0.0,0.0,100.0,
EURJPY,fade2.5/25 h8 L,30,50,hold,46.61016949152542,472,201,0.0,0.0,100.0,
EURJPY,fade2.5/25 h8 L,30,75,design,46.61016949152542,472,721,0.0,0.0,100.0,
EURJPY,fade2.5/25 h8 L,30,75,hold,46.61016949152542,472,201,0.0,0.0,100.0,
EURJPY,fade2.5/25 h8 L,30,100,design,46.61016949152542,472,721,0.0,0.0,100.0,
EURJPY,fade2.5/25 h8 L,30,100,hold,46.61016949152542,472,201,0.0,0.0,100.0,
EURJPY,fade2.5/25 h8 L,30,125,design,46.61016949152542,472,721,0.0,0.0,100.0,
EURJPY,fade2.5/25 h8 L,30,125,hold,46.61016949152542,472,201,0.0,0.0,100.0,
EURJPY,fade2.5/25 h8 L,30,150,design,46.61016949152542,472,721,0.0,0.0,100.0,
EURJPY,fade2.5/25 h8 L,30,150,hold,46.61016949152542,472,201,0.0,0.0,100.0,
EURJPY,fade2.5/25 h8 L,30,200,design,46.61016949152542,472,721,0.13869625520110956,0.0,99.86130374479889,18.541666666666668
EURJPY,fade2.5/25 h8 L,30,200,hold,46.61016949152542,472,201,0.0,0.0,100.0,
EURJPY,fade2.5/25 h8 L,60,50,design,46.61016949152542,472,721,0.0,0.0,100.0,
EURJPY,fade2.5/25 h8 L,60,50,hold,46.61016949152542,472,191,0.0,0.0,100.0,
EURJPY,fade2.5/25 h8 L,60,75,design,46.61016949152542,472,721,0.0,0.0,100.0,
EURJPY,fade2.5/25 h8 L,60,75,hold,46.61016949152542,472,191,0.0,0.0,100.0,
EURJPY,fade2.5/25 h8 L,60,100,design,46.61016949152542,472,721,0.0,0.0,100.0,
EURJPY,fade2.5/25 h8 L,60,100,hold,46.61016949152542,472,191,0.0,0.0,100.0,
EURJPY,fade2.5/25 h8 L,60,125,design,46.61016949152542,472,721,0.0,0.0,100.0,
EURJPY,fade2.5/25 h8 L,60,125,hold,46.61016949152542,472,191,0.0,0.0,100.0,
EURJPY,fade2.5/25 h8 L,60,150,design,46.61016949152542,472,721,1.248266296809986,0.0,98.75173370319001,55.791666666666664
EURJPY,fade2.5/25 h8 L,60,150,hold,46.61016949152542,472,191,0.0,0.0,100.0,
EURJPY,fade2.5/25 h8 L,60,200,design,46.61016949152542,472,721,4.5769764216366156,0.0,95.42302357836338,47.75
EURJPY,fade2.5/25 h8 L,60,200,hold,46.61016949152542,472,191,0.0,0.0,100.0,
EURJPY,fade2.5/25 h8 L,90,50,design,46.61016949152542,472,721,0.0,0.0,100.0,
EURJPY,fade2.5/25 h8 L,90,50,hold,46.61016949152542,472,181,0.0,0.0,100.0,
EURJPY,fade2.5/25 h8 L,90,75,design,46.61016949152542,472,721,0.0,0.0,100.0,
EURJPY,fade2.5/25 h8 L,90,75,hold,46.61016949152542,472,181,0.0,0.0,100.0,
EURJPY,fade2.5/25 h8 L,90,100,design,46.61016949152542,472,721,0.0,0.0,100.0,
EURJPY,fade2.5/25 h8 L,90,100,hold,46.61016949152542,472,181,0.0,0.0,100.0,
EURJPY,fade2.5/25 h8 L,90,125,design,46.61016949152542,472,721,0.13869625520110956,0.0,99.86130374479889,66.45833333333333
EURJPY,fade2.5/25 h8 L,90,125,hold,46.61016949152542,472,181,0.0,0.0,100.0,
EURJPY,fade2.5/25 h8 L,90,150,design,46.61016949152542,472,721,4.715672676837725,0.0,95.28432732316227,72.6875
EURJPY,fade2.5/25 h8 L,90,150,hold,46.61016949152542,472,181,0.0,0.0,100.0,
EURJPY,fade2.5/25 h8 L,90,200,design,46.61016949152542,472,721,7.905686546463246,0.0,92.09431345353676,55.333333333333336
EURJPY,fade2.5/25 h8 L,90,200,hold,46.61016949152542,472,181,0.0,0.0,100.0,
EURJPY,fade2.5/25 h8 L,365,50,design,46.61016949152542,472,721,0.0,0.0,100.0,
EURJPY,fade2.5/25 h8 L,365,50,hold,46.61016949152542,472,121,0.0,0.0,100.0,
EURJPY,fade2.5/25 h8 L,365,75,design,46.61016949152542,472,721,0.0,0.0,100.0,
EURJPY,fade2.5/25 h8 L,365,75,hold,46.61016949152542,472,121,0.0,0.0,100.0,
EURJPY,fade2.5/25 h8 L,365,100,design,46.61016949152542,472,721,0.8321775312066574,0.0,99.16782246879335,127.45833333333334
EURJPY,fade2.5/25 h8 L,365,100,hold,46.61016949152542,472,121,0.0,0.0,100.0,
EURJPY,fade2.5/25 h8 L,365,125,design,46.61016949152542,472,721,2.7739251040221915,0.0,97.2260748959778,121.79166666666667
EURJPY,fade2.5/25 h8 L,365,125,hold,46.61016949152542,472,121,0.0,27.27272727272727,72.72727272727273,
EURJPY,fade2.5/25 h8 L,365,150,design,46.61016949152542,472,721,11.650485436893204,0.0,88.3495145631068,98.85416666666666
EURJPY,fade2.5/25 h8 L,365,150,hold,46.61016949152542,472,121,0.0,82.64462809917356,17.355371900826448,
EURJPY,fade2.5/25 h8 L,365,200,design,46.61016949152542,472,721,23.1622746185853,16.50485436893204,60.332871012482656,113.75
EURJPY,fade2.5/25 h8 L,365,200,hold,46.61016949152542,472,121,0.0,89.25619834710744,10.743801652892563,
EURJPY,mom rsi70 h8,30,50,design,45.63662374821173,699,721,0.0,0.0,100.0,
EURJPY,mom rsi70 h8,30,50,hold,45.63662374821173,699,202,0.0,0.0,100.0,
EURJPY,mom rsi70 h8,30,75,design,45.63662374821173,699,721,0.0,0.0,100.0,
EURJPY,mom rsi70 h8,30,75,hold,45.63662374821173,699,202,0.0,0.0,100.0,
EURJPY,mom rsi70 h8,30,100,design,45.63662374821173,699,721,0.0,0.0,100.0,
EURJPY,mom rsi70 h8,30,100,hold,45.63662374821173,699,202,0.0,0.0,100.0,
EURJPY,mom rsi70 h8,30,125,design,45.63662374821173,699,721,0.0,0.0,100.0,
EURJPY,mom rsi70 h8,30,125,hold,45.63662374821173,699,202,0.0,0.0,100.0,
EURJPY,mom rsi70 h8,30,150,design,45.63662374821173,699,721,0.0,0.0,100.0,
EURJPY,mom rsi70 h8,30,150,hold,45.63662374821173,699,202,0.0,0.0,100.0,
EURJPY,mom rsi70 h8,30,200,design,45.63662374821173,699,721,0.13869625520110956,0.0,99.86130374479889,20.541666666666668
EURJPY,mom rsi70 h8,30,200,hold,45.63662374821173,699,202,0.0,0.0,100.0,
EURJPY,mom rsi70 h8,60,50,design,45.63662374821173,699,721,0.0,0.0,100.0,
EURJPY,mom rsi70 h8,60,50,hold,45.63662374821173,699,192,0.0,0.0,100.0,
EURJPY,mom rsi70 h8,60,75,design,45.63662374821173,699,721,0.0,0.0,100.0,
EURJPY,mom rsi70 h8,60,75,hold,45.63662374821173,699,192,0.0,0.0,100.0,
EURJPY,mom rsi70 h8,60,100,design,45.63662374821173,699,721,0.0,0.0,100.0,
EURJPY,mom rsi70 h8,60,100,hold,45.63662374821173,699,192,0.0,0.0,100.0,
EURJPY,mom rsi70 h8,60,125,design,45.63662374821173,699,721,0.0,0.0,100.0,
EURJPY,mom rsi70 h8,60,125,hold,45.63662374821173,699,192,0.0,0.0,100.0,
EURJPY,mom rsi70 h8,60,150,design,45.63662374821173,699,721,0.13869625520110956,0.0,99.86130374479889,52.166666666666664
EURJPY,mom rsi70 h8,60,150,hold,45.63662374821173,699,192,0.0,0.0,100.0,
EURJPY,mom rsi70 h8,60,200,design,45.63662374821173,699,721,0.9708737864077669,1.5256588072122053,97.50346740638003,41.541666666666664
EURJPY,mom rsi70 h8,60,200,hold,45.63662374821173,699,192,3.125,0.0,96.875,53.0625
EURJPY,mom rsi70 h8,90,50,design,45.63662374821173,699,721,0.0,0.0,100.0,
EURJPY,mom rsi70 h8,90,50,hold,45.63662374821173,699,182,0.0,0.0,100.0,
EURJPY,mom rsi70 h8,90,75,design,45.63662374821173,699,721,0.0,0.0,100.0,
EURJPY,mom rsi70 h8,90,75,hold,45.63662374821173,699,182,0.0,0.0,100.0,
EURJPY,mom rsi70 h8,90,100,design,45.63662374821173,699,721,0.0,0.0,100.0,
EURJPY,mom rsi70 h8,90,100,hold,45.63662374821173,699,182,0.0,0.0,100.0,
EURJPY,mom rsi70 h8,90,125,design,45.63662374821173,699,721,0.0,0.0,100.0,
EURJPY,mom rsi70 h8,90,125,hold,45.63662374821173,699,182,0.0,0.0,100.0,
EURJPY,mom rsi70 h8,90,150,design,45.63662374821173,699,721,0.13869625520110956,0.0,99.86130374479889,52.166666666666664
EURJPY,mom rsi70 h8,90,150,hold,45.63662374821173,699,182,0.0,0.0,100.0,
EURJPY,mom rsi70 h8,90,200,design,45.63662374821173,699,721,2.219140083217753,4.854368932038835,92.92649098474341,62.66666666666667
EURJPY,mom rsi70 h8,90,200,hold,45.63662374821173,699,182,3.296703296703297,4.945054945054945,91.75824175824175,72.83333333333334
EURJPY,mom rsi70 h8,365,50,design,45.63662374821173,699,721,0.0,0.0,100.0,
EURJPY,mom rsi70 h8,365,50,hold,45.63662374821173,699,122,0.0,0.0,100.0,
EURJPY,mom rsi70 h8,365,75,design,45.63662374821173,699,721,0.0,0.0,100.0,
EURJPY,mom rsi70 h8,365,75,hold,45.63662374821173,699,122,0.0,0.0,100.0,
EURJPY,mom rsi70 h8,365,100,design,45.63662374821173,699,721,0.0,15.672676837725383,84.32732316227461,
EURJPY,mom rsi70 h8,365,100,hold,45.63662374821173,699,122,0.0,0.0,100.0,
EURJPY,mom rsi70 h8,365,125,design,45.63662374821173,699,721,0.0,41.47018030513176,58.52981969486824,
EURJPY,mom rsi70 h8,365,125,hold,45.63662374821173,699,122,0.0,0.0,100.0,
EURJPY,mom rsi70 h8,365,150,design,45.63662374821173,699,721,0.5547850208044383,77.25381414701803,22.191400832177532,240.04166666666666
EURJPY,mom rsi70 h8,365,150,hold,45.63662374821173,699,122,0.0,9.836065573770492,90.1639344262295,
EURJPY,mom rsi70 h8,365,200,design,45.63662374821173,699,721,4.2995839112343965,89.59778085991678,6.102635228848821,74.29166666666667
EURJPY,mom rsi70 h8,365,200,hold,45.63662374821173,699,122,2.459016393442623,76.22950819672131,21.311475409836063,52.875
EURJPY,mom rsi75 h8,30,50,design,50.93833780160858,373,721,0.0,0.0,100.0,
EURJPY,mom rsi75 h8,30,50,hold,50.93833780160858,373,202,0.0,0.0,100.0,
EURJPY,mom rsi75 h8,30,75,design,50.93833780160858,373,721,0.0,0.0,100.0,
EURJPY,mom rsi75 h8,30,75,hold,50.93833780160858,373,202,0.0,0.0,100.0,
EURJPY,mom rsi75 h8,30,100,design,50.93833780160858,373,721,0.0,0.0,100.0,
EURJPY,mom rsi75 h8,30,100,hold,50.93833780160858,373,202,0.0,0.0,100.0,
EURJPY,mom rsi75 h8,30,125,design,50.93833780160858,373,721,0.0,0.0,100.0,
EURJPY,mom rsi75 h8,30,125,hold,50.93833780160858,373,202,0.0,0.0,100.0,
EURJPY,mom rsi75 h8,30,150,design,50.93833780160858,373,721,0.0,0.0,100.0,
EURJPY,mom rsi75 h8,30,150,hold,50.93833780160858,373,202,0.0,0.0,100.0,
EURJPY,mom rsi75 h8,30,200,design,50.93833780160858,373,721,0.4160887656033287,0.0,99.58391123439667,24.583333333333332
EURJPY,mom rsi75 h8,30,200,hold,50.93833780160858,373,202,1.9801980198019802,0.0,98.01980198019803,24.833333333333332
EURJPY,mom rsi75 h8,60,50,design,50.93833780160858,373,721,0.0,0.0,100.0,
EURJPY,mom rsi75 h8,60,50,hold,50.93833780160858,373,192,0.0,0.0,100.0,
EURJPY,mom rsi75 h8,60,75,design,50.93833780160858,373,721,0.0,0.0,100.0,
EURJPY,mom rsi75 h8,60,75,hold,50.93833780160858,373,192,0.0,0.0,100.0,
EURJPY,mom rsi75 h8,60,100,design,50.93833780160858,373,721,0.0,0.0,100.0,
EURJPY,mom rsi75 h8,60,100,hold,50.93833780160858,373,192,0.0,0.0,100.0,
EURJPY,mom rsi75 h8,60,125,design,50.93833780160858,373,721,0.0,0.0,100.0,
EURJPY,mom rsi75 h8,60,125,hold,50.93833780160858,373,192,2.083333333333333,0.0,97.91666666666666,54.833333333333336
EURJPY,mom rsi75 h8,60,150,design,50.93833780160858,373,721,0.0,0.0,100.0,
EURJPY,mom rsi75 h8,60,150,hold,50.93833780160858,373,192,2.083333333333333,0.0,97.91666666666666,54.833333333333336
EURJPY,mom rsi75 h8,60,200,design,50.93833780160858,373,721,1.8030513176144243,0.27739251040221913,97.91955617198336,39.583333333333336
EURJPY,mom rsi75 h8,60,200,hold,50.93833780160858,373,192,2.083333333333333,0.0,97.91666666666666,54.833333333333336
EURJPY,mom rsi75 h8,90,50,design,50.93833780160858,373,721,0.0,0.0,100.0,
EURJPY,mom rsi75 h8,90,50,hold,50.93833780160858,373,182,0.0,0.0,100.0,
EURJPY,mom rsi75 h8,90,75,design,50.93833780160858,373,721,0.0,0.0,100.0,
EURJPY,mom rsi75 h8,90,75,hold,50.93833780160858,373,182,0.0,0.0,100.0,
EURJPY,mom rsi75 h8,90,100,design,50.93833780160858,373,721,0.0,0.0,100.0,
EURJPY,mom rsi75 h8,90,100,hold,50.93833780160858,373,182,0.0,0.0,100.0,
EURJPY,mom rsi75 h8,90,125,design,50.93833780160858,373,721,0.0,0.0,100.0,
EURJPY,mom rsi75 h8,90,125,hold,50.93833780160858,373,182,2.197802197802198,0.0,97.8021978021978,84.83333333333333
EURJPY,mom rsi75 h8,90,150,design,50.93833780160858,373,721,1.1095700416088765,0.0,98.89042995839112,77.6875
EURJPY,mom rsi75 h8,90,150,hold,50.93833780160858,373,182,2.197802197802198,0.0,97.8021978021978,84.83333333333333
EURJPY,mom rsi75 h8,90,200,design,50.93833780160858,373,721,3.19001386962552,1.6643550624133148,95.14563106796116,54.583333333333336
EURJPY,mom rsi75 h8,90,200,hold,50.93833780160858,373,182,2.197802197802198,0.0,97.8021978021978,84.83333333333333
EURJPY,mom rsi75 h8,365,50,design,50.93833780160858,373,721,0.0,0.0,100.0,
EURJPY,mom rsi75 h8,365,50,hold,50.93833780160858,373,122,0.0,0.0,100.0,
EURJPY,mom rsi75 h8,365,75,design,50.93833780160858,373,721,0.0,0.0,100.0,
EURJPY,mom rsi75 h8,365,75,hold,50.93833780160858,373,122,0.0,0.0,100.0,
EURJPY,mom rsi75 h8,365,100,design,50.93833780160858,373,721,0.0,0.0,100.0,
EURJPY,mom rsi75 h8,365,100,hold,50.93833780160858,373,122,3.278688524590164,0.0,96.72131147540983,303.8333333333333
EURJPY,mom rsi75 h8,365,125,design,50.93833780160858,373,721,10.124826629680998,0.0,89.875173370319,243.875
EURJPY,mom rsi75 h8,365,125,hold,50.93833780160858,373,122,17.21311475409836,0.0,82.78688524590164,290.3333333333333
EURJPY,mom rsi75 h8,365,150,design,50.93833780160858,373,721,19.55617198335645,0.0,80.44382801664355,204.91666666666666
EURJPY,mom rsi75 h8,365,150,hold,50.93833780160858,373,122,27.86885245901639,0.0,72.1311475409836,282.8333333333333
EURJPY,mom rsi75 h8,365,200,design,50.93833780160858,373,721,33.00970873786408,25.93619972260749,41.05409153952843,198.5625
EURJPY,mom rsi75 h8,365,200,hold,50.93833780160858,373,122,59.01639344262295,0.0,40.98360655737705,266.1875
