sym,cfg,H,risk,part,wr,ntr,n,pass_,fail,open_,med_days
EURUSD,fade3.0/20 h4,30,50,design,46.913580246913575,324,721,0.0,0.0,100.0,
EURUSD,fade3.0/20 h4,30,50,hold,46.913580246913575,324,198,0.0,0.0,100.0,
EURUSD,fade3.0/20 h4,30,75,design,46.913580246913575,324,721,0.0,0.0,100.0,
EURUSD,fade3.0/20 h4,30,75,hold,46.913580246913575,324,198,0.0,0.0,100.0,
EURUSD,fade3.0/20 h4,30,100,design,46.913580246913575,324,721,0.0,0.0,100.0,
EURUSD,fade3.0/20 h4,30,100,hold,46.913580246913575,324,198,0.0,0.0,100.0,
EURUSD,fade3.0/20 h4,30,125,design,46.913580246913575,324,721,0.0,0.0,100.0,
EURUSD,fade3.0/20 h4,30,125,hold,46.913580246913575,324,198,0.0,0.0,100.0,
EURUSD,fade3.0/20 h4,30,150,design,46.913580246913575,324,721,0.13869625520110956,0.0,99.86130374479889,29.708333333333332
EURUSD,fade3.0/20 h4,30,150,hold,46.913580246913575,324,198,0.0,0.0,100.0,
EURUSD,fade3.0/20 h4,30,200,design,46.913580246913575,324,721,1.1095700416088765,0.0,98.89042995839112,23.083333333333332
EURUSD,fade3.0/20 h4,30,200,hold,46.913580246913575,324,198,0.0,0.0,100.0,
EURUSD,fade3.0/20 h4,60,50,design,46.913580246913575,324,721,0.0,0.0,100.0,
EURUSD,fade3.0/20 h4,60,50,hold,46.913580246913575,324,188,0.0,0.0,100.0,
EURUSD,fade3.0/20 h4,60,75,design,46.913580246913575,324,721,0.0,0.0,100.0,
EURUSD,fade3.0/20 h4,60,75,hold,46.913580246913575,324,188,0.0,0.0,100.0,
EURUSD,fade3.0/20 h4,60,100,design,46.913580246913575,324,721,0.0,0.0,100.0,
EURUSD,fade3.0/20 h4,60,100,hold,46.913580246913575,324,188,0.0,0.0,100.0,
EURUSD,fade3.0/20 h4,60,125,design,46.913580246913575,324,721,0.0,0.0,100.0,
EURUSD,fade3.0/20 h4,60,125,hold,46.913580246913575,324,188,0.0,0.0,100.0,
EURUSD,fade3.0/20 h4,60,150,design,46.913580246913575,324,721,0.4160887656033287,0.0,99.58391123439667,32.708333333333336
EURUSD,fade3.0/20 h4,60,150,hold,46.913580246913575,324,188,0.0,0.0,100.0,
EURUSD,fade3.0/20 h4,60,200,design,46.913580246913575,324,721,2.3578363384188625,0.0,97.64216366158114,31.458333333333332
EURUSD,fade3.0/20 h4,60,200,hold,46.913580246913575,324,188,0.0,0.0,100.0,
EURUSD,fade3.0/20 h4,90,50,design,46.913580246913575,324,721,0.0,0.0,100.0,
EURUSD,fade3.0/20 h4,90,50,hold,46.913580246913575,324,178,0.0,0.0,100.0,
EURUSD,fade3.0/20 h4,90,75,design,46.913580246913575,324,721,0.0,0.0,100.0,
EURUSD,fade3.0/20 h4,90,75,hold,46.913580246913575,324,178,0.0,0.0,100.0,
EURUSD,fade3.0/20 h4,90,100,design,46.913580246913575,324,721,0.0,0.0,100.0,
EURUSD,fade3.0/20 h4,90,100,hold,46.913580246913575,324,178,0.0,0.0,100.0,
EURUSD,fade3.0/20 h4,90,125,design,46.913580246913575,324,721,0.0,0.0,100.0,
EURUSD,fade3.0/20 h4,90,125,hold,46.913580246913575,324,178,0.0,0.0,100.0,
EURUSD,fade3.0/20 h4,90,150,design,46.913580246913575,324,721,0.9708737864077669,0.0,99.02912621359224,73.5
EURUSD,fade3.0/20 h4,90,150,hold,46.913580246913575,324,178,0.0,0.0,100.0,
EURUSD,fade3.0/20 h4,90,200,design,46.913580246913575,324,721,3.744798890429958,0.0,96.25520110957004,50.708333333333336
EURUSD,fade3.0/20 h4,90,200,hold,46.913580246913575,324,178,0.0,0.0,100.0,
EURUSD,fade3.0/20 h4,365,50,design,46.913580246913575,324,721,0.0,0.0,100.0,
EURUSD,fade3.0/20 h4,365,50,hold,46.913580246913575,324,118,0.0,0.0,100.0,
EURUSD,fade3.0/20 h4,365,75,design,46.913580246913575,324,721,0.0,0.0,100.0,
EURUSD,fade3.0/20 h4,365,75,hold,46.913580246913575,324,118,0.0,0.0,100.0,
EURUSD,fade3.0/20 h4,365,100,design,46.913580246913575,324,721,0.0,0.0,100.0,
EURUSD,fade3.0/20 h4,365,100,hold,46.913580246913575,324,118,0.0,0.0,100.0,
EURUSD,fade3.0/20 h4,365,125,design,46.913580246913575,324,721,0.0,2.3578363384188625,97.64216366158114,
EURUSD,fade3.0/20 h4,365,125,hold,46.913580246913575,324,118,0.0,0.0,100.0,
EURUSD,fade3.0/20 h4,365,150,design,46.913580246913575,324,721,5.131761442441054,11.373092926490985,83.49514563106796,227.70833333333334
EURUSD,fade3.0/20 h4,365,150,hold,46.913580246913575,324,118,0.0,0.0,100.0,
EURUSD,fade3.0/20 h4,365,200,design,46.913580246913575,324,721,17.614424410540916,18.8626907073509,63.52288488210819,190.45833333333334
EURUSD,fade3.0/20 h4,365,200,hold,46.913580246913575,324,118,3.389830508474576,0.0,96.61016949152543,218.70833333333331
EURUSD,fade3.0/20 h8,30,50,design,44.27244582043344,323,721,0.0,0.0,100.0,
EURUSD,fade3.0/20 h8,30,50,hold,44.27244582043344,323,198,0.0,0.0,100.0,
EURUSD,fade3.0/20 h8,30,75,design,44.27244582043344,323,721,0.0,0.0,100.0,
EURUSD,fade3.0/20 h8,30,75,hold,44.27244582043344,323,198,0.0,0.0,100.0,
EURUSD,fade3.0/20 h8,30,100,design,44.27244582043344,323,721,0.0,0.0,100.0,
EURUSD,fade3.0/20 h8,30,100,hold,44.27244582043344,323,198,0.0,0.0,100.0,
EURUSD,fade3.0/20 h8,30,125,design,44.27244582043344,323,721,0.0,0.0,100.0,
EURUSD,fade3.0/20 h8,30,125,hold,44.27244582043344,323,198,0.0,0.0,100.0,
EURUSD,fade3.0/20 h8,30,150,design,44.27244582043344,323,721,0.0,0.0,100.0,
EURUSD,fade3.0/20 h8,30,150,hold,44.27244582043344,323,198,0.0,0.0,100.0,
EURUSD,fade3.0/20 h8,30,200,design,44.27244582043344,323,721,0.13869625520110956,0.0,99.86130374479889,29.833333333333332
EURUSD,fade3.0/20 h8,30,200,hold,44.27244582043344,323,198,0.0,0.0,100.0,
EURUSD,fade3.0/20 h8,60,50,design,44.27244582043344,323,721,0.0,0.0,100.0,
EURUSD,fade3.0/20 h8,60,50,hold,44.27244582043344,323,188,0.0,0.0,100.0,
EURUSD,fade3.0/20 h8,60,75,design,44.27244582043344,323,721,0.0,0.0,100.0,
EURUSD,fade3.0/20 h8,60,75,hold,44.27244582043344,323,188,0.0,0.0,100.0,
EURUSD,fade3.0/20 h8,60,100,design,44.27244582043344,323,721,0.0,0.0,100.0,
EURUSD,fade3.0/20 h8,60,100,hold,44.27244582043344,323,188,0.0,0.0,100.0,
EURUSD,fade3.0/20 h8,60,125,design,44.27244582043344,323,721,0.0,0.0,100.0,
EURUSD,fade3.0/20 h8,60,125,hold,44.27244582043344,323,188,0.0,0.0,100.0,
EURUSD,fade3.0/20 h8,60,150,design,44.27244582043344,323,721,0.0,0.0,100.0,
EURUSD,fade3.0/20 h8,60,150,hold,44.27244582043344,323,188,0.0,0.0,100.0,
EURUSD,fade3.0/20 h8,60,200,design,44.27244582043344,323,721,0.9708737864077669,0.0,99.02912621359224,52.666666666666664
EURUSD,fade3.0/20 h8,60,200,hold,44.27244582043344,323,188,2.127659574468085,0.0,97.87234042553192,36.333333333333336
EURUSD,fade3.0/20 h8,90,50,design,44.27244582043344,323,721,0.0,0.0,100.0,
EURUSD,fade3.0/20 h8,90,50,hold,44.27244582043344,323,178,0.0,0.0,100.0,
EURUSD,fade3.0/20 h8,90,75,design,44.27244582043344,323,721,0.0,0.0,100.0,
EURUSD,fade3.0/20 h8,90,75,hold,44.27244582043344,323,178,0.0,0.0,100.0,
EURUSD,fade3.0/20 h8,90,100,design,44.27244582043344,323,721,0.0,0.0,100.0,
EURUSD,fade3.0/20 h8,90,100,hold,44.27244582043344,323,178,0.0,0.0,100.0,
EURUSD,fade3.0/20 h8,90,125,design,44.27244582043344,323,721,0.4160887656033287,0.0,99.58391123439667,67.66666666666667
EURUSD,fade3.0/20 h8,90,125,hold,44.27244582043344,323,178,0.0,0.0,100.0,
EURUSD,fade3.0/20 h8,90,150,design,44.27244582043344,323,721,2.0804438280166435,0.0,97.91955617198336,76.66666666666667
EURUSD,fade3.0/20 h8,90,150,hold,44.27244582043344,323,178,0.0,0.0,100.0,
EURUSD,fade3.0/20 h8,90,200,design,44.27244582043344,323,721,3.8834951456310676,0.13869625520110956,95.97780859916783,72.25
EURUSD,fade3.0/20 h8,90,200,hold,44.27244582043344,323,178,0.0,0.0,100.0,
EURUSD,fade3.0/20 h8,365,50,design,44.27244582043344,323,721,0.0,0.0,100.0,
EURUSD,fade3.0/20 h8,365,50,hold,44.27244582043344,323,118,0.0,0.0,100.0,
EURUSD,fade3.0/20 h8,365,75,design,44.27244582043344,323,721,0.0,0.0,100.0,
EURUSD,fade3.0/20 h8,365,75,hold,44.27244582043344,323,118,0.0,0.0,100.0,
EURUSD,fade3.0/20 h8,365,100,design,44.27244582043344,323,721,5.9639389736477115,0.0,94.03606102635229,314.9583333333333
EURUSD,fade3.0/20 h8,365,100,hold,44.27244582043344,323,118,0.0,0.0,100.0,
EURUSD,fade3.0/20 h8,365,125,design,44.27244582043344,323,721,13.176144244105409,0.0,86.82385575589458,230.95833333333334
EURUSD,fade3.0/20 h8,365,125,hold,44.27244582043344,323,118,0.0,0.0,100.0,
EURUSD,fade3.0/20 h8,365,150,design,44.27244582043344,323,721,16.643550624133148,9.847434119278779,73.50901525658807,214.64583333333331
EURUSD,fade3.0/20 h8,365,150,hold,44.27244582043344,323,118,0.0,0.0,100.0,
EURUSD,fade3.0/20 h8,365,200,design,44.27244582043344,323,721,19.27877947295423,56.03328710124826,24.687933425797503,193.875
EURUSD,fade3.0/20 h8,365,200,hold,44.27244582043344,323,118,0.0,31.35593220338983,68.64406779661016,
EURUSD,fade2.5/25 h4,30,50,design,48.114075436982525,1087,721,0.0,0.0,100.0,
EURUSD,fade2.5/25 h4,30,50,hold,48.114075436982525,1087,202,0.0,0.0,100.0,
EURUSD,fade2.5/25 h4,30,75,design,48.114075436982525,1087,721,0.0,0.0,100.0,
EURUSD,fade2.5/25 h4,30,75,hold,48.114075436982525,1087,202,0.0,0.0,100.0,
EURUSD,fade2.5/25 h4,30,100,design,48.114075436982525,1087,721,0.0,0.0,100.0,
EURUSD,fade2.5/25 h4,30,100,hold,48.114075436982525,1087,202,0.0,0.0,100.0,
EURUSD,fade2.5/25 h4,30,125,design,48.114075436982525,1087,721,0.13869625520110956,0.0,99.86130374479889,29.625
EURUSD,fade2.5/25 h4,30,125,hold,48.114075436982525,1087,202,0.0,0.0,100.0,
EURUSD,fade2.5/25 h4,30,150,design,48.114075436982525,1087,721,0.9708737864077669,0.0,99.02912621359224,23.625
EURUSD,fade2.5/25 h4,30,150,hold,48.114075436982525,1087,202,0.0,0.0,100.0,
EURUSD,fade2.5/25 h4,30,200,design,48.114075436982525,1087,721,5.131761442441054,0.27739251040221913,94.59084604715673,24.541666666666668
EURUSD,fade2.5/25 h4,30,200,hold,48.114075436982525,1087,202,5.9405940594059405,0.9900990099009901,93.06930693069307,24.75
EURUSD,fade2.5/25 h4,60,50,design,48.114075436982525,1087,721,0.0,0.0,100.0,
EURUSD,fade2.5/25 h4,60,50,hold,48.114075436982525,1087,192,0.0,0.0,100.0,
EURUSD,fade2.5/25 h4,60,75,design,48.114075436982525,1087,721,0.27739251040221913,0.0,99.72260748959778,58.125
EURUSD,fade2.5/25 h4,60,75,hold,48.114075436982525,1087,192,0.0,0.0,100.0,
EURUSD,fade2.5/25 h4,60,100,design,48.114075436982525,1087,721,1.1095700416088765,0.0,98.89042995839112,49.5
EURUSD,fade2.5/25 h4,60,100,hold,48.114075436982525,1087,192,0.0,0.0,100.0,
EURUSD,fade2.5/25 h4,60,125,design,48.114075436982525,1087,721,2.7739251040221915,0.0,97.2260748959778,45.125
EURUSD,fade2.5/25 h4,60,125,hold,48.114075436982525,1087,192,1.5625,0.0,98.4375,48.458333333333336
EURUSD,fade2.5/25 h4,60,150,design,48.114075436982525,1087,721,5.131761442441054,0.9708737864077669,93.89736477115119,40.458333333333336
EURUSD,fade2.5/25 h4,60,150,hold,48.114075436982525,1087,192,8.333333333333332,0.0,91.66666666666666,40.6875
EURUSD,fade2.5/25 h4,60,200,design,48.114075436982525,1087,721,12.89875173370319,7.905686546463246,79.19556171983356,37.375
EURUSD,fade2.5/25 h4,60,200,hold,48.114075436982525,1087,192,16.145833333333336,6.25,77.60416666666666,34.708333333333336
EURUSD,fade2.5/25 h4,90,50,design,48.114075436982525,1087,721,0.0,0.0,100.0,
EURUSD,fade2.5/25 h4,90,50,hold,48.114075436982525,1087,182,0.0,0.0,100.0,
EURUSD,fade2.5/25 h4,90,75,design,48.114075436982525,1087,721,0.4160887656033287,0.0,99.58391123439667,59.625
EURUSD,fade2.5/25 h4,90,75,hold,48.114075436982525,1087,182,0.0,0.0,100.0,
EURUSD,fade2.5/25 h4,90,100,design,48.114075436982525,1087,721,2.3578363384188625,0.0,97.64216366158114,61.5
EURUSD,fade2.5/25 h4,90,100,hold,48.114075436982525,1087,182,0.0,0.0,100.0,
EURUSD,fade2.5/25 h4,90,125,design,48.114075436982525,1087,721,6.51872399445215,0.8321775312066574,92.6490984743412,67.5
EURUSD,fade2.5/25 h4,90,125,hold,48.114075436982525,1087,182,3.8461538461538463,0.0,96.15384615384616,62.5
EURUSD,fade2.5/25 h4,90,150,design,48.114075436982525,1087,721,12.76005547850208,7.628294036061026,79.6116504854369,64.70833333333334
EURUSD,fade2.5/25 h4,90,150,hold,48.114075436982525,1087,182,10.989010989010989,0.0,89.01098901098901,56.5625
EURUSD,fade2.5/25 h4,90,200,design,48.114075436982525,1087,721,20.804438280166433,20.527045769764214,58.66851595006934,52.72916666666667
EURUSD,fade2.5/25 h4,90,200,hold,48.114075436982525,1087,182,22.52747252747253,16.483516483516482,60.98901098901099,58.708333333333336
EURUSD,fade2.5/25 h4,365,50,design,48.114075436982525,1087,721,0.0,0.0,100.0,
EURUSD,fade2.5/25 h4,365,50,hold,48.114075436982525,1087,122,0.0,0.0,100.0,
EURUSD,fade2.5/25 h4,365,75,design,48.114075436982525,1087,721,12.76005547850208,5.9639389736477115,81.2760055478502,280.77083333333337
EURUSD,fade2.5/25 h4,365,75,hold,48.114075436982525,1087,122,0.0,0.0,100.0,
EURUSD,fade2.5/25 h4,365,100,design,48.114075436982525,1087,721,20.804438280166433,19.972260748959776,59.22330097087378,224.47916666666669
EURUSD,fade2.5/25 h4,365,100,hold,48.114075436982525,1087,122,0.819672131147541,14.754098360655737,84.42622950819673,258.4583333333333
EURUSD,fade2.5/25 h4,365,125,design,48.114075436982525,1087,721,34.25797503467407,35.22884882108183,30.513176144244103,167.625
EURUSD,fade2.5/25 h4,365,125,hold,48.114075436982525,1087,122,13.934426229508196,49.18032786885246,36.885245901639344,253.66666666666666
EURUSD,fade2.5/25 h4,365,150,design,48.114075436982525,1087,721,39.1123439667129,49.237170596393895,11.650485436893204,121.66666666666667
EURUSD,fade2.5/25 h4,365,150,hold,48.114075436982525,1087,122,25.40983606557377,55.73770491803278,18.852459016393443,250.66666666666666
EURUSD,fade2.5/25 h4,365,200,design,48.114075436982525,1087,721,48.68238557558946,51.04022191400832,0.27739251040221913,100.5
EURUSD,fade2.5/25 h4,365,200,hold,48.114075436982525,1087,122,11.475409836065573,88.52459016393442,0.0,33.208333333333336
EURUSD,fade2.5/25 h8,30,50,design,45.861084681255946,1051,721,0.0,0.0,100.0,
EURUSD,fade2.5/25 h8,30,50,hold,45.861084681255946,1051,202,0.0,0.0,100.0,
EURUSD,fade2.5/25 h8,30,75,design,45.861084681255946,1051,721,0.0,0.0,100.0,
EURUSD,fade2.5/25 h8,30,75,hold,45.861084681255946,1051,202,0.0,0.0,100.0,
EURUSD,fade2.5/25 h8,30,100,design,45.861084681255946,1051,721,0.4160887656033287,0.0,99.58391123439667,28.708333333333332
EURUSD,fade2.5/25 h8,30,100,hold,45.861084681255946,1051,202,0.0,0.0,100.0,
EURUSD,fade2.5/25 h8,30,125,design,45.861084681255946,1051,721,2.912621359223301,0.0,97.0873786407767,24.666666666666668
EURUSD,fade2.5/25 h8,30,125,hold,45.861084681255946,1051,202,2.4752475247524752,0.0,97.52475247524752,27.625
EURUSD,fade2.5/25 h8,30,150,design,45.861084681255946,1051,721,4.715672676837725,0.27739251040221913,95.00693481276005,21.770833333333332
EURUSD,fade2.5/25 h8,30,150,hold,45.861084681255946,1051,202,3.9603960396039604,0.0,96.03960396039604,23.791666666666664
EURUSD,fade2.5/25 h8,30,200,design,45.861084681255946,1051,721,11.789181692094314,2.219140083217753,85.99167822468793,19.541666666666668
EURUSD,fade2.5/25 h8,30,200,hold,45.861084681255946,1051,202,5.445544554455446,2.4752475247524752,92.07920792079209,19.833333333333332
EURUSD,fade2.5/25 h8,60,50,design,45.861084681255946,1051,721,0.0,0.0,100.0,
EURUSD,fade2.5/25 h8,60,50,hold,45.861084681255946,1051,192,0.0,0.0,100.0,
EURUSD,fade2.5/25 h8,60,75,design,45.861084681255946,1051,721,1.1095700416088765,0.0,98.89042995839112,51.1875
EURUSD,fade2.5/25 h8,60,75,hold,45.861084681255946,1051,192,0.0,0.0,100.0,
EURUSD,fade2.5/25 h8,60,100,design,45.861084681255946,1051,721,3.6061026352288486,0.0,96.39389736477115,42.33333333333333
EURUSD,fade2.5/25 h8,60,100,hold,45.861084681255946,1051,192,5.208333333333334,0.0,94.79166666666666,45.333333333333336
EURUSD,fade2.5/25 h8,60,125,design,45.861084681255946,1051,721,8.737864077669903,1.248266296809986,90.01386962552012,35.875
EURUSD,fade2.5/25 h8,60,125,hold,45.861084681255946,1051,192,7.291666666666667,3.125,89.58333333333334,38.125
EURUSD,fade2.5/25 h8,60,150,design,45.861084681255946,1051,721,12.89875173370319,4.0221914008321775,83.07905686546462,36.666666666666664
EURUSD,fade2.5/25 h8,60,150,hold,45.861084681255946,1051,192,10.416666666666668,8.333333333333332,81.25,33.333333333333336
EURUSD,fade2.5/25 h8,60,200,design,45.861084681255946,1051,721,23.43966712898752,16.78224687933426,59.77808599167822,29.833333333333332
EURUSD,fade2.5/25 h8,60,200,hold,45.861084681255946,1051,192,16.666666666666664,24.479166666666664,58.854166666666664,44.625
EURUSD,fade2.5/25 h8,90,50,design,45.861084681255946,1051,721,0.0,0.0,100.0,
EURUSD,fade2.5/25 h8,90,50,hold,45.861084681255946,1051,182,0.0,0.0,100.0,
EURUSD,fade2.5/25 h8,90,75,design,45.861084681255946,1051,721,2.496532593619972,0.0,97.50346740638003,63.16666666666667
EURUSD,fade2.5/25 h8,90,75,hold,45.861084681255946,1051,182,1.6483516483516485,0.0,98.35164835164835,84.625
EURUSD,fade2.5/25 h8,90,100,design,45.861084681255946,1051,721,8.183079056865465,0.8321775312066574,90.98474341192788,62.708333333333336
EURUSD,fade2.5/25 h8,90,100,hold,45.861084681255946,1051,182,8.791208791208792,5.4945054945054945,85.71428571428571,66.33333333333333
EURUSD,fade2.5/25 h8,90,125,design,45.861084681255946,1051,721,16.50485436893204,5.6865464632454925,77.80859916782246,57.958333333333336
EURUSD,fade2.5/25 h8,90,125,hold,45.861084681255946,1051,182,10.43956043956044,12.087912087912088,77.47252747252747,62.833333333333336
EURUSD,fade2.5/25 h8,90,150,design,45.861084681255946,1051,721,19.83356449375867,11.650485436893204,68.51595006934814,51.875
EURUSD,fade2.5/25 h8,90,150,hold,45.861084681255946,1051,182,12.087912087912088,15.934065934065933,71.97802197802197,60.625
EURUSD,fade2.5/25 h8,90,200,design,45.861084681255946,1051,721,30.651872399445214,30.79056865464632,38.55755894590846,38.833333333333336
EURUSD,fade2.5/25 h8,90,200,hold,45.861084681255946,1051,182,20.32967032967033,36.81318681318682,42.857142857142854,58.041666666666664
EURUSD,fade2.5/25 h8,365,50,design,45.861084681255946,1051,721,0.0,0.9708737864077669,99.02912621359224,
EURUSD,fade2.5/25 h8,365,50,hold,45.861084681255946,1051,122,0.0,0.0,100.0,
EURUSD,fade2.5/25 h8,365,75,design,45.861084681255946,1051,721,9.986130374479888,16.36615811373093,73.64771151178918,235.29166666666666
EURUSD,fade2.5/25 h8,365,75,hold,45.861084681255946,1051,122,0.0,47.540983606557376,52.459016393442624,
EURUSD,fade2.5/25 h8,365,100,design,45.861084681255946,1051,721,24.410540915395284,31.761442441054093,43.828016643550626,134.20833333333331
EURUSD,fade2.5/25 h8,365,100,hold,45.861084681255946,1051,122,11.475409836065573,61.47540983606557,27.049180327868854,288.625
EURUSD,fade2.5/25 h8,365,125,design,45.861084681255946,1051,721,39.528432732316226,47.01803051317614,13.453536754507628,115.66666666666667
EURUSD,fade2.5/25 h8,365,125,hold,45.861084681255946,1051,122,18.852459016393443,68.0327868852459,13.114754098360656,286.8333333333333
EURUSD,fade2.5/25 h8,365,150,design,45.861084681255946,1051,721,41.88626907073509,55.20110957004161,2.912621359223301,97.66666666666667
EURUSD,fade2.5/25 h8,365,150,hold,45.861084681255946,1051,122,3.278688524590164,95.90163934426229,0.819672131147541,230.72916666666669
EURUSD,fade2.5/25 h8,365,200,design,45.861084681255946,1051,721,40.49930651872399,59.500693481276,0.0,49.85416666666667
EURUSD,fade2.5/25 h8,365,200,hold,45.861084681255946,1051,122,3.278688524590164,96.72131147540983,0.0,61.416666666666664
EURUSD,fade3.0/20 h4 L,30,50,design,46.62921348314607,178,721,0.0,0.0,100.0,
EURUSD,fade3.0/20 h4 L,30,50,hold,46.62921348314607,178,198,0.0,0.0,100.0,
EURUSD,fade3.0/20 h4 L,30,75,design,46.62921348314607,178,721,0.0,0.0,100.0,
EURUSD,fade3.0/20 h4 L,30,75,hold,46.62921348314607,178,198,0.0,0.0,100.0,
EURUSD,fade3.0/20 h4 L,30,100,design,46.62921348314607,178,721,0.0,0.0,100.0,
EURUSD,fade3.0/20 h4 L,30,100,hold,46.62921348314607,178,198,0.0,0.0,100.0,
EURUSD,fade3.0/20 h4 L,30,125,design,46.62921348314607,178,721,0.0,0.0,100.0,
EURUSD,fade3.0/20 h4 L,30,125,hold,46.62921348314607,178,198,0.0,0.0,100.0,
EURUSD,fade3.0/20 h4 L,30,150,design,46.62921348314607,178,721,0.0,0.0,100.0,
EURUSD,fade3.0/20 h4 L,30,150,hold,46.62921348314607,178,198,0.0,0.0,100.0,
EURUSD,fade3.0/20 h4 L,30,200,design,46.62921348314607,178,721,0.0,0.0,100.0,
EURUSD,fade3.0/20 h4 L,30,200,hold,46.62921348314607,178,198,0.0,0.0,100.0,
EURUSD,fade3.0/20 h4 L,60,50,design,46.62921348314607,178,721,0.0,0.0,100.0,
EURUSD,fade3.0/20 h4 L,60,50,hold,46.62921348314607,178,188,0.0,0.0,100.0,
EURUSD,fade3.0/20 h4 L,60,75,design,46.62921348314607,178,721,0.0,0.0,100.0,
EURUSD,fade3.0/20 h4 L,60,75,hold,46.62921348314607,178,188,0.0,0.0,100.0,
EURUSD,fade3.0/20 h4 L,60,100,design,46.62921348314607,178,721,0.0,0.0,100.0,
EURUSD,fade3.0/20 h4 L,60,100,hold,46.62921348314607,178,188,0.0,0.0,100.0,
EURUSD,fade3.0/20 h4 L,60,125,design,46.62921348314607,178,721,0.0,0.0,100.0,
EURUSD,fade3.0/20 h4 L,60,125,hold,46.62921348314607,178,188,0.0,0.0,100.0,
EURUSD,fade3.0/20 h4 L,60,150,design,46.62921348314607,178,721,0.0,0.0,100.0,
EURUSD,fade3.0/20 h4 L,60,150,hold,46.62921348314607,178,188,0.0,0.0,100.0,
EURUSD,fade3.0/20 h4 L,60,200,design,46.62921348314607,178,721,0.0,0.0,100.0,
EURUSD,fade3.0/20 h4 L,60,200,hold,46.62921348314607,178,188,0.0,0.0,100.0,
EURUSD,fade3.0/20 h4 L,90,50,design,46.62921348314607,178,721,0.0,0.0,100.0,
EURUSD,fade3.0/20 h4 L,90,50,hold,46.62921348314607,178,178,0.0,0.0,100.0,
EURUSD,fade3.0/20 h4 L,90,75,design,46.62921348314607,178,721,0.0,0.0,100.0,
EURUSD,fade3.0/20 h4 L,90,75,hold,46.62921348314607,178,178,0.0,0.0,100.0,
EURUSD,fade3.0/20 h4 L,90,100,design,46.62921348314607,178,721,0.0,0.0,100.0,
EURUSD,fade3.0/20 h4 L,90,100,hold,46.62921348314607,178,178,0.0,0.0,100.0,
EURUSD,fade3.0/20 h4 L,90,125,design,46.62921348314607,178,721,0.0,0.0,100.0,
EURUSD,fade3.0/20 h4 L,90,125,hold,46.62921348314607,178,178,0.0,0.0,100.0,
EURUSD,fade3.0/20 h4 L,90,150,design,46.62921348314607,178,721,0.0,0.0,100.0,
EURUSD,fade3.0/20 h4 L,90,150,hold,46.62921348314607,178,178,0.0,0.0,100.0,
EURUSD,fade3.0/20 h4 L,90,200,design,46.62921348314607,178,721,0.0,0.0,100.0,
EURUSD,fade3.0/20 h4 L,90,200,hold,46.62921348314607,178,178,0.0,0.0,100.0,
EURUSD,fade3.0/20 h4 L,365,50,design,46.62921348314607,178,721,0.0,0.0,100.0,
EURUSD,fade3.0/20 h4 L,365,50,hold,46.62921348314607,178,118,0.0,0.0,100.0,
EURUSD,fade3.0/20 h4 L,365,75,design,46.62921348314607,178,721,0.0,0.0,100.0,
EURUSD,fade3.0/20 h4 L,365,75,hold,46.62921348314607,178,118,0.0,0.0,100.0,
EURUSD,fade3.0/20 h4 L,365,100,design,46.62921348314607,178,721,0.0,0.0,100.0,
EURUSD,fade3.0/20 h4 L,365,100,hold,46.62921348314607,178,118,0.0,0.0,100.0,
EURUSD,fade3.0/20 h4 L,365,125,design,46.62921348314607,178,721,0.0,0.0,100.0,
EURUSD,fade3.0/20 h4 L,365,125,hold,46.62921348314607,178,118,0.0,0.0,100.0,
EURUSD,fade3.0/20 h4 L,365,150,design,46.62921348314607,178,721,0.0,0.0,100.0,
EURUSD,fade3.0/20 h4 L,365,150,hold,46.62921348314607,178,118,0.0,0.0,100.0,
EURUSD,fade3.0/20 h4 L,365,200,design,46.62921348314607,178,721,4.438280166435506,0.0,95.5617198335645,298.2083333333333
EURUSD,fade3.0/20 h4 L,365,200,hold,46.62921348314607,178,118,0.0,0.0,100.0,
EURUSD,fade3.0/20 h8 L,30,50,design,46.06741573033708,178,721,0.0,0.0,100.0,
EURUSD,fade3.0/20 h8 L,30,50,hold,46.06741573033708,178,198,0.0,0.0,100.0,
EURUSD,fade3.0/20 h8 L,30,75,design,46.06741573033708,178,721,0.0,0.0,100.0,
EURUSD,fade3.0/20 h8 L,30,75,hold,46.06741573033708,178,198,0.0,0.0,100.0,
EURUSD,fade3.0/20 h8 L,30,100,design,46.06741573033708,178,721,0.0,0.0,100.0,
EURUSD,fade3.0/20 h8 L,30,100,hold,46.06741573033708,178,198,0.0,0.0,100.0,
EURUSD,fade3.0/20 h8 L,30,125,design,46.06741573033708,178,721,0.0,0.0,100.0,
EURUSD,fade3.0/20 h8 L,30,125,hold,46.06741573033708,178,198,0.0,0.0,100.0,
EURUSD,fade3.0/20 h8 L,30,150,design,46.06741573033708,178,721,0.0,0.0,100.0,
EURUSD,fade3.0/20 h8 L,30,150,hold,46.06741573033708,178,198,0.0,0.0,100.0,
EURUSD,fade3.0/20 h8 L,30,200,design,46.06741573033708,178,721,0.4160887656033287,0.0,99.58391123439667,26.875
EURUSD,fade3.0/20 h8 L,30,200,hold,46.06741573033708,178,198,0.0,0.0,100.0,
EURUSD,fade3.0/20 h8 L,60,50,design,46.06741573033708,178,721,0.0,0.0,100.0,
EURUSD,fade3.0/20 h8 L,60,50,hold,46.06741573033708,178,188,0.0,0.0,100.0,
EURUSD,fade3.0/20 h8 L,60,75,design,46.06741573033708,178,721,0.0,0.0,100.0,
EURUSD,fade3.0/20 h8 L,60,75,hold,46.06741573033708,178,188,0.0,0.0,100.0,
EURUSD,fade3.0/20 h8 L,60,100,design,46.06741573033708,178,721,0.0,0.0,100.0,
EURUSD,fade3.0/20 h8 L,60,100,hold,46.06741573033708,178,188,0.0,0.0,100.0,
EURUSD,fade3.0/20 h8 L,60,125,design,46.06741573033708,178,721,0.0,0.0,100.0,
EURUSD,fade3.0/20 h8 L,60,125,hold,46.06741573033708,178,188,0.0,0.0,100.0,
EURUSD,fade3.0/20 h8 L,60,150,design,46.06741573033708,178,721,0.0,0.0,100.0,
EURUSD,fade3.0/20 h8 L,60,150,hold,46.06741573033708,178,188,0.0,0.0,100.0,
EURUSD,fade3.0/20 h8 L,60,200,design,46.06741573033708,178,721,2.7739251040221915,0.0,97.2260748959778,45.85416666666667
EURUSD,fade3.0/20 h8 L,60,200,hold,46.06741573033708,178,188,0.0,0.0,100.0,
EURUSD,fade3.0/20 h8 L,90,50,design,46.06741573033708,178,721,0.0,0.0,100.0,
EURUSD,fade3.0/20 h8 L,90,50,hold,46.06741573033708,178,178,0.0,0.0,100.0,
EURUSD,fade3.0/20 h8 L,90,75,design,46.06741573033708,178,721,0.0,0.0,100.0,
EURUSD,fade3.0/20 h8 L,90,75,hold,46.06741573033708,178,178,0.0,0.0,100.0,
EURUSD,fade3.0/20 h8 L,90,100,design,46.06741573033708,178,721,0.0,0.0,100.0,
EURUSD,fade3.0/20 h8 L,90,100,hold,46.06741573033708,178,178,0.0,0.0,100.0,
EURUSD,fade3.0/20 h8 L,90,125,design,46.06741573033708,178,721,0.0,0.0,100.0,
EURUSD,fade3.0/20 h8 L,90,125,hold,46.06741573033708,178,178,0.0,0.0,100.0,
EURUSD,fade3.0/20 h8 L,90,150,design,46.06741573033708,178,721,0.0,0.0,100.0,
EURUSD,fade3.0/20 h8 L,90,150,hold,46.06741573033708,178,178,0.0,0.0,100.0,
EURUSD,fade3.0/20 h8 L,90,200,design,46.06741573033708,178,721,4.5769764216366156,0.0,95.42302357836338,55.833333333333336
EURUSD,fade3.0/20 h8 L,90,200,hold,46.06741573033708,178,178,0.0,0.0,100.0,
EURUSD,fade3.0/20 h8 L,365,50,design,46.06741573033708,178,721,0.0,0.0,100.0,
EURUSD,fade3.0/20 h8 L,365,50,hold,46.06741573033708,178,118,0.0,0.0,100.0,
EURUSD,fade3.0/20 h8 L,365,75,design,46.06741573033708,178,721,0.0,0.0,100.0,
EURUSD,fade3.0/20 h8 L,365,75,hold,46.06741573033708,178,118,0.0,0.0,100.0,
EURUSD,fade3.0/20 h8 L,365,100,design,46.06741573033708,178,721,0.0,0.0,100.0,
EURUSD,fade3.0/20 h8 L,365,100,hold,46.06741573033708,178,118,0.0,0.0,100.0,
EURUSD,fade3.0/20 h8 L,365,125,design,46.06741573033708,178,721,2.219140083217753,0.0,97.78085991678225,310.125
EURUSD,fade3.0/20 h8 L,365,125,hold,46.06741573033708,178,118,0.0,0.0,100.0,
EURUSD,fade3.0/20 h8 L,365,150,design,46.06741573033708,178,721,5.9639389736477115,0.0,94.03606102635229,302.625
EURUSD,fade3.0/20 h8 L,365,150,hold,46.06741573033708,178,118,0.0,0.0,100.0,
EURUSD,fade3.0/20 h8 L,365,200,design,46.06741573033708,178,721,10.124826629680998,0.0,89.875173370319,100.83333333333333
EURUSD,fade3.0/20 h8 L,365,200,hold,46.06741573033708,178,118,0.0,0.0,100.0,
EURUSD,fade2.5/25 h4 L,30,50,design,49.11660777385159,566,721,0.0,0.0,100.0,
EURUSD,fade2.5/25 h4 L,30,50,hold,49.11660777385159,566,202,0.0,0.0,100.0,
EURUSD,fade2.5/25 h4 L,30,75,design,49.11660777385159,566,721,0.0,0.0,100.0,
EURUSD,fade2.5/25 h4 L,30,75,hold,49.11660777385159,566,202,0.0,0.0,100.0,
EURUSD,fade2.5/25 h4 L,30,100,design,49.11660777385159,566,721,0.0,0.0,100.0,
EURUSD,fade2.5/25 h4 L,30,100,hold,49.11660777385159,566,202,0.0,0.0,100.0,
EURUSD,fade2.5/25 h4 L,30,125,design,49.11660777385159,566,721,0.0,0.0,100.0,
EURUSD,fade2.5/25 h4 L,30,125,hold,49.11660777385159,566,202,0.0,0.0,100.0,
EURUSD,fade2.5/25 h4 L,30,150,design,49.11660777385159,566,721,0.0,0.0,100.0,
EURUSD,fade2.5/25 h4 L,30,150,hold,49.11660777385159,566,202,0.0,0.0,100.0,
EURUSD,fade2.5/25 h4 L,30,200,design,49.11660777385159,566,721,1.5256588072122053,0.0,98.47434119278779,26.5
EURUSD,fade2.5/25 h4 L,30,200,hold,49.11660777385159,566,202,1.9801980198019802,0.0,98.01980198019803,25.333333333333332
EURUSD,fade2.5/25 h4 L,60,50,design,49.11660777385159,566,721,0.0,0.0,100.0,
EURUSD,fade2.5/25 h4 L,60,50,hold,49.11660777385159,566,192,0.0,0.0,100.0,
EURUSD,fade2.5/25 h4 L,60,75,design,49.11660777385159,566,721,0.0,0.0,100.0,
EURUSD,fade2.5/25 h4 L,60,75,hold,49.11660777385159,566,192,0.0,0.0,100.0,
EURUSD,fade2.5/25 h4 L,60,100,design,49.11660777385159,566,721,0.0,0.0,100.0,
EURUSD,fade2.5/25 h4 L,60,100,hold,49.11660777385159,566,192,0.0,0.0,100.0,
EURUSD,fade2.5/25 h4 L,60,125,design,49.11660777385159,566,721,0.9708737864077669,0.0,99.02912621359224,50.5
EURUSD,fade2.5/25 h4 L,60,125,hold,49.11660777385159,566,192,0.0,0.0,100.0,
EURUSD,fade2.5/25 h4 L,60,150,design,49.11660777385159,566,721,2.219140083217753,0.0,97.78085991678225,42.54166666666667
EURUSD,fade2.5/25 h4 L,60,150,hold,49.11660777385159,566,192,0.0,0.0,100.0,
EURUSD,fade2.5/25 h4 L,60,200,design,49.11660777385159,566,721,7.489597780859916,0.0,92.51040221914009,42.0625
EURUSD,fade2.5/25 h4 L,60,200,hold,49.11660777385159,566,192,8.854166666666668,0.0,91.14583333333334,39.458333333333336
EURUSD,fade2.5/25 h4 L,90,50,design,49.11660777385159,566,721,0.0,0.0,100.0,
EURUSD,fade2.5/25 h4 L,90,50,hold,49.11660777385159,566,182,0.0,0.0,100.0,
EURUSD,fade2.5/25 h4 L,90,75,design,49.11660777385159,566,721,0.0,0.0,100.0,
EURUSD,fade2.5/25 h4 L,90,75,hold,49.11660777385159,566,182,0.0,0.0,100.0,
EURUSD,fade2.5/25 h4 L,90,100,design,49.11660777385159,566,721,0.0,0.0,100.0,
EURUSD,fade2.5/25 h4 L,90,100,hold,49.11660777385159,566,182,0.0,0.0,100.0,
EURUSD,fade2.5/25 h4 L,90,125,design,49.11660777385159,566,721,2.912621359223301,0.0,97.0873786407767,71.5
EURUSD,fade2.5/25 h4 L,90,125,hold,49.11660777385159,566,182,0.0,0.0,100.0,
EURUSD,fade2.5/25 h4 L,90,150,design,49.11660777385159,566,721,5.825242718446602,0.0,94.1747572815534,67.14583333333333
EURUSD,fade2.5/25 h4 L,90,150,hold,49.11660777385159,566,182,5.4945054945054945,0.0,94.5054945054945,73.04166666666666
EURUSD,fade2.5/25 h4 L,90,200,design,49.11660777385159,566,721,14.563106796116504,2.219140083217753,83.21775312066573,58.708333333333336
EURUSD,fade2.5/25 h4 L,90,200,hold,49.11660777385159,566,182,16.483516483516482,0.5494505494505495,82.96703296703298,50.125
EURUSD,fade2.5/25 h4 L,365,50,design,49.11660777385159,566,721,0.0,0.0,100.0,
EURUSD,fade2.5/25 h4 L,365,50,hold,49.11660777385159,566,122,0.0,0.0,100.0,
EURUSD,fade2.5/25 h4 L,365,75,design,49.11660777385159,566,721,2.6352288488210815,0.0,97.36477115117891,311.5
EURUSD,fade2.5/25 h4 L,365,75,hold,49.11660777385159,566,122,0.0,0.0,100.0,
EURUSD,fade2.5/25 h4 L,365,100,design,49.11660777385159,566,721,12.482662968099861,0.0,87.51733703190014,283.22916666666663
EURUSD,fade2.5/25 h4 L,365,100,hold,49.11660777385159,566,122,17.21311475409836,0.0,82.78688524590164,265.5416666666667
EURUSD,fade2.5/25 h4 L,365,125,design,49.11660777385159,566,721,20.665742024965326,1.1095700416088765,78.2246879334258,161.5
EURUSD,fade2.5/25 h4 L,365,125,hold,49.11660777385159,566,122,41.80327868852459,0.0,58.19672131147541,192.625
EURUSD,fade2.5/25 h4 L,365,150,design,49.11660777385159,566,721,31.622746185852986,14.424410540915394,53.95284327323162,160.04166666666666
EURUSD,fade2.5/25 h4 L,365,150,hold,49.11660777385159,566,122,46.72131147540984,0.0,53.278688524590166,150.625
EURUSD,fade2.5/25 h4 L,365,200,design,49.11660777385159,566,721,47.43411927877948,33.287101248266296,19.27877947295423,122.08333333333333
EURUSD,fade2.5/25 h4 L,365,200,hold,49.11660777385159,566,122,51.63934426229508,41.80327868852459,6.557377049180328,125.79166666666667
EURUSD,fade2.5/25 h8 L,30,50,design,46.223021582733814,556,721,0.0,0.0,100.0,
EURUSD,fade2.5/25 h8 L,30,50,hold,46.223021582733814,556,202,0.0,0.0,100.0,
EURUSD,fade2.5/25 h8 L,30,75,design,46.223021582733814,556,721,0.0,0.0,100.0,
EURUSD,fade2.5/25 h8 L,30,75,hold,46.223021582733814,556,202,0.0,0.0,100.0,
EURUSD,fade2.5/25 h8 L,30,100,design,46.223021582733814,556,721,0.0,0.0,100.0,
EURUSD,fade2.5/25 h8 L,30,100,hold,46.223021582733814,556,202,0.0,0.0,100.0,
EURUSD,fade2.5/25 h8 L,30,125,design,46.223021582733814,556,721,0.0,0.0,100.0,
EURUSD,fade2.5/25 h8 L,30,125,hold,46.223021582733814,556,202,0.0,0.0,100.0,
EURUSD,fade2.5/25 h8 L,30,150,design,46.223021582733814,556,721,1.5256588072122053,0.0,98.47434119278779,23.708333333333332
EURUSD,fade2.5/25 h8 L,30,150,hold,46.223021582733814,556,202,0.0,0.0,100.0,
EURUSD,fade2.5/25 h8 L,30,200,design,46.223021582733814,556,721,4.2995839112343965,0.0,95.7004160887656,21.666666666666668
EURUSD,fade2.5/25 h8 L,30,200,hold,46.223021582733814,556,202,0.0,0.0,100.0,
EURUSD,fade2.5/25 h8 L,60,50,design,46.223021582733814,556,721,0.0,0.0,100.0,
EURUSD,fade2.5/25 h8 L,60,50,hold,46.223021582733814,556,192,0.0,0.0,100.0,
EURUSD,fade2.5/25 h8 L,60,75,design,46.223021582733814,556,721,0.0,0.0,100.0,
EURUSD,fade2.5/25 h8 L,60,75,hold,46.223021582733814,556,192,0.0,0.0,100.0,
EURUSD,fade2.5/25 h8 L,60,100,design,46.223021582733814,556,721,0.0,0.0,100.0,
EURUSD,fade2.5/25 h8 L,60,100,hold,46.223021582733814,556,192,0.0,0.0,100.0,
EURUSD,fade2.5/25 h8 L,60,125,design,46.223021582733814,556,721,0.27739251040221913,0.0,99.72260748959778,43.208333333333336
EURUSD,fade2.5/25 h8 L,60,125,hold,46.223021582733814,556,192,0.0,0.0,100.0,
EURUSD,fade2.5/25 h8 L,60,150,design,46.223021582733814,556,721,3.19001386962552,0.0,96.80998613037448,32.708333333333336
EURUSD,fade2.5/25 h8 L,60,150,hold,46.223021582733814,556,192,0.0,0.0,100.0,
EURUSD,fade2.5/25 h8 L,60,200,design,46.223021582733814,556,721,12.343966712898752,0.27739251040221913,87.37864077669903,35.666666666666664
EURUSD,fade2.5/25 h8 L,60,200,hold,46.223021582733814,556,192,2.083333333333333,4.166666666666666,93.75,53.458333333333336
EURUSD,fade2.5/25 h8 L,90,50,design,46.223021582733814,556,721,0.0,0.0,100.0,
EURUSD,fade2.5/25 h8 L,90,50,hold,46.223021582733814,556,182,0.0,0.0,100.0,
EURUSD,fade2.5/25 h8 L,90,75,design,46.223021582733814,556,721,0.0,0.0,100.0,
EURUSD,fade2.5/25 h8 L,90,75,hold,46.223021582733814,556,182,0.0,0.0,100.0,
EURUSD,fade2.5/25 h8 L,90,100,design,46.223021582733814,556,721,0.4160887656033287,0.0,99.58391123439667,82.875
EURUSD,fade2.5/25 h8 L,90,100,hold,46.223021582733814,556,182,0.0,0.0,100.0,
EURUSD,fade2.5/25 h8 L,90,125,design,46.223021582733814,556,721,1.8030513176144243,0.0,98.19694868238558,74.875
EURUSD,fade2.5/25 h8 L,90,125,hold,46.223021582733814,556,182,0.0,0.5494505494505495,99.45054945054946,
EURUSD,fade2.5/25 h8 L,90,150,design,46.223021582733814,556,721,9.29264909847434,0.0,90.70735090152566,67.83333333333333
EURUSD,fade2.5/25 h8 L,90,150,hold,46.223021582733814,556,182,0.0,5.4945054945054945,94.5054945054945,
EURUSD,fade2.5/25 h8 L,90,200,design,46.223021582733814,556,721,20.804438280166433,4.854368932038835,74.34119278779472,53.27083333333333
EURUSD,fade2.5/25 h8 L,90,200,hold,46.223021582733814,556,182,4.945054945054945,14.285714285714285,80.76923076923077,70.70833333333333
EURUSD,fade2.5/25 h8 L,365,50,design,46.223021582733814,556,721,0.0,0.0,100.0,
EURUSD,fade2.5/25 h8 L,365,50,hold,46.223021582733814,556,122,0.0,0.0,100.0,
EURUSD,fade2.5/25 h8 L,365,75,design,46.223021582733814,556,721,4.993065187239944,0.0,95.00693481276005,275.625
EURUSD,fade2.5/25 h8 L,365,75,hold,46.223021582733814,556,122,0.0,0.0,100.0,
EURUSD,fade2.5/25 h8 L,365,100,design,46.223021582733814,556,721,16.643550624133148,8.737864077669903,74.61858529819695,228.25
EURUSD,fade2.5/25 h8 L,365,100,hold,46.223021582733814,556,122,3.278688524590164,0.0,96.72131147540983,315.2083333333333
EURUSD,fade2.5/25 h8 L,365,125,design,46.223021582733814,556,721,32.593619972260754,19.83356449375867,47.57281553398058,175.625
EURUSD,fade2.5/25 h8 L,365,125,hold,46.223021582733814,556,122,15.573770491803279,53.278688524590166,31.147540983606557,289.8333333333333
EURUSD,fade2.5/25 h8 L,365,150,design,46.223021582733814,556,721,41.88626907073509,28.9875173370319,29.126213592233007,145.22916666666669
EURUSD,fade2.5/25 h8 L,365,150,hold,46.223021582733814,556,122,18.852459016393443,56.557377049180324,24.59016393442623,265.8333333333333
EURUSD,fade2.5/25 h8 L,365,200,design,46.223021582733814,556,721,50.34674063800277,39.94452149791955,9.70873786407767,107.625
EURUSD,fade2.5/25 h8 L,365,200,hold,46.223021582733814,556,122,38.52459016393443,55.73770491803278,5.737704918032787,179.875
EURUSD,mom rsi70 h8,30,50,design,46.5444287729196,709,721,0.0,0.0,100.0,
EURUSD,mom rsi70 h8,30,50,hold,46.5444287729196,709,202,0.0,0.0,100.0,
EURUSD,mom rsi70 h8,30,75,design,46.5444287729196,709,721,0.0,0.0,100.0,
EURUSD,mom rsi70 h8,30,75,hold,46.5444287729196,709,202,0.0,0.0,100.0,
EURUSD,mom rsi70 h8,30,100,design,46.5444287729196,709,721,0.0,0.0,100.0,
EURUSD,mom rsi70 h8,30,100,hold,46.5444287729196,709,202,0.0,0.0,100.0,
EURUSD,mom rsi70 h8,30,125,design,46.5444287729196,709,721,0.13869625520110956,0.0,99.86130374479889,19.541666666666668
EURUSD,mom rsi70 h8,30,125,hold,46.5444287729196,709,202,0.0,0.0,100.0,
EURUSD,mom rsi70 h8,30,150,design,46.5444287729196,709,721,1.248266296809986,0.0,98.75173370319001,23.833333333333332
EURUSD,mom rsi70 h8,30,150,hold,46.5444287729196,709,202,1.4851485148514851,0.0,98.51485148514851,21.208333333333332
EURUSD,mom rsi70 h8,30,200,design,46.5444287729196,709,721,2.496532593619972,0.4160887656033287,97.0873786407767,22.916666666666668
EURUSD,mom rsi70 h8,30,200,hold,46.5444287729196,709,202,1.9801980198019802,0.0,98.01980198019803,22.708333333333332
EURUSD,mom rsi70 h8,60,50,design,46.5444287729196,709,721,0.0,0.0,100.0,
EURUSD,mom rsi70 h8,60,50,hold,46.5444287729196,709,192,0.0,0.0,100.0,
EURUSD,mom rsi70 h8,60,75,design,46.5444287729196,709,721,0.0,0.0,100.0,
EURUSD,mom rsi70 h8,60,75,hold,46.5444287729196,709,192,0.0,0.0,100.0,
EURUSD,mom rsi70 h8,60,100,design,46.5444287729196,709,721,0.0,0.0,100.0,
EURUSD,mom rsi70 h8,60,100,hold,46.5444287729196,709,192,0.0,0.0,100.0,
EURUSD,mom rsi70 h8,60,125,design,46.5444287729196,709,721,1.8030513176144243,0.0,98.19694868238558,53.083333333333336
EURUSD,mom rsi70 h8,60,125,hold,46.5444287729196,709,192,0.0,0.0,100.0,
EURUSD,mom rsi70 h8,60,150,design,46.5444287729196,709,721,4.5769764216366156,1.6643550624133148,93.75866851595008,40.083333333333336
EURUSD,mom rsi70 h8,60,150,hold,46.5444287729196,709,192,1.5625,0.0,98.4375,21.208333333333332
EURUSD,mom rsi70 h8,60,200,design,46.5444287729196,709,721,11.511789181692095,6.51872399445215,81.96948682385575,42.708333333333336
EURUSD,mom rsi70 h8,60,200,hold,46.5444287729196,709,192,7.8125,0.5208333333333333,91.66666666666666,43.625
EURUSD,mom rsi70 h8,90,50,design,46.5444287729196,709,721,0.0,0.0,100.0,
EURUSD,mom rsi70 h8,90,50,hold,46.5444287729196,709,182,0.0,0.0,100.0,
EURUSD,mom rsi70 h8,90,75,design,46.5444287729196,709,721,0.0,0.0,100.0,
EURUSD,mom rsi70 h8,90,75,hold,46.5444287729196,709,182,0.0,0.0,100.0,
EURUSD,mom rsi70 h8,90,100,design,46.5444287729196,709,721,0.4160887656033287,0.0,99.58391123439667,80.08333333333333
EURUSD,mom rsi70 h8,90,100,hold,46.5444287729196,709,182,0.0,0.0,100.0,
EURUSD,mom rsi70 h8,90,125,design,46.5444287729196,709,721,4.160887656033287,0.9708737864077669,94.86823855755895,65.58333333333333
EURUSD,mom rsi70 h8,90,125,hold,46.5444287729196,709,182,0.0,0.0,100.0,
EURUSD,mom rsi70 h8,90,150,design,46.5444287729196,709,721,9.57004160887656,7.073509015256588,83.35644937586684,61.541666666666664
EURUSD,mom rsi70 h8,90,150,hold,46.5444287729196,709,182,4.395604395604396,0.0,95.6043956043956,77.625
EURUSD,mom rsi70 h8,90,200,design,46.5444287729196,709,721,16.643550624133148,11.927877947295423,71.42857142857143,50.4375
EURUSD,mom rsi70 h8,90,200,hold,46.5444287729196,709,182,12.637362637362637,6.043956043956044,81.31868131868131,51.208333333333336
EURUSD,mom rsi70 h8,365,50,design,46.5444287729196,709,721,0.0,0.0,100.0,
EURUSD,mom rsi70 h8,365,50,hold,46.5444287729196,709,122,0.0,0.0,100.0,
EURUSD,mom rsi70 h8,365,75,design,46.5444287729196,709,721,0.8321775312066574,0.0,99.16782246879335,350.375
EURUSD,mom rsi70 h8,365,75,hold,46.5444287729196,709,122,0.0,0.0,100.0,
EURUSD,mom rsi70 h8,365,100,design,46.5444287729196,709,721,7.628294036061026,11.789181692094314,80.58252427184466,280.375
EURUSD,mom rsi70 h8,365,100,hold,46.5444287729196,709,122,0.0,0.0,100.0,
EURUSD,mom rsi70 h8,365,125,design,46.5444287729196,709,721,22.74618585298197,25.93619972260749,51.31761442441054,230.64583333333331
EURUSD,mom rsi70 h8,365,125,hold,46.5444287729196,709,122,0.0,0.0,100.0,
EURUSD,mom rsi70 h8,365,150,design,46.5444287729196,709,721,36.1997226074896,35.92233009708738,27.877947295423024,182.91666666666666
EURUSD,mom rsi70 h8,365,150,hold,46.5444287729196,709,122,13.114754098360656,0.0,86.88524590163934,122.625
EURUSD,mom rsi70 h8,365,200,design,46.5444287729196,709,721,49.375866851595006,39.389736477115115,11.234396671289876,132.16666666666669
EURUSD,mom rsi70 h8,365,200,hold,46.5444287729196,709,122,33.60655737704918,66.39344262295081,0.0,103.125
EURUSD,mom rsi75 h8,30,50,design,46.15384615384615,364,721,0.0,0.0,100.0,
EURUSD,mom rsi75 h8,30,50,hold,46.15384615384615,364,202,0.0,0.0,100.0,
EURUSD,mom rsi75 h8,30,75,design,46.15384615384615,364,721,0.0,0.0,100.0,
EURUSD,mom rsi75 h8,30,75,hold,46.15384615384615,364,202,0.0,0.0,100.0,
EURUSD,mom rsi75 h8,30,100,design,46.15384615384615,364,721,0.0,0.0,100.0,
EURUSD,mom rsi75 h8,30,100,hold,46.15384615384615,364,202,0.0,0.0,100.0,
EURUSD,mom rsi75 h8,30,125,design,46.15384615384615,364,721,0.0,0.0,100.0,
EURUSD,mom rsi75 h8,30,125,hold,46.15384615384615,364,202,0.0,0.0,100.0,
EURUSD,mom rsi75 h8,30,150,design,46.15384615384615,364,721,0.0,0.0,100.0,
EURUSD,mom rsi75 h8,30,150,hold,46.15384615384615,364,202,0.0,0.0,100.0,
EURUSD,mom rsi75 h8,30,200,design,46.15384615384615,364,721,0.0,0.0,100.0,
EURUSD,mom rsi75 h8,30,200,hold,46.15384615384615,364,202,0.0,0.0,100.0,
EURUSD,mom rsi75 h8,60,50,design,46.15384615384615,364,721,0.0,0.0,100.0,
EURUSD,mom rsi75 h8,60,50,hold,46.15384615384615,364,192,0.0,0.0,100.0,
EURUSD,mom rsi75 h8,60,75,design,46.15384615384615,364,721,0.0,0.0,100.0,
EURUSD,mom rsi75 h8,60,75,hold,46.15384615384615,364,192,0.0,0.0,100.0,
EURUSD,mom rsi75 h8,60,100,design,46.15384615384615,364,721,0.0,0.0,100.0,
EURUSD,mom rsi75 h8,60,100,hold,46.15384615384615,364,192,0.0,0.0,100.0,
EURUSD,mom rsi75 h8,60,125,design,46.15384615384615,364,721,0.0,0.0,100.0,
EURUSD,mom rsi75 h8,60,125,hold,46.15384615384615,364,192,0.0,0.0,100.0,
EURUSD,mom rsi75 h8,60,150,design,46.15384615384615,364,721,0.0,0.0,100.0,
EURUSD,mom rsi75 h8,60,150,hold,46.15384615384615,364,192,2.083333333333333,0.0,97.91666666666666,52.75
EURUSD,mom rsi75 h8,60,200,design,46.15384615384615,364,721,0.0,0.0,100.0,
EURUSD,mom rsi75 h8,60,200,hold,46.15384615384615,364,192,2.083333333333333,0.0,97.91666666666666,52.75
EURUSD,mom rsi75 h8,90,50,design,46.15384615384615,364,721,0.0,0.0,100.0,
EURUSD,mom rsi75 h8,90,50,hold,46.15384615384615,364,182,0.0,0.0,100.0,
EURUSD,mom rsi75 h8,90,75,design,46.15384615384615,364,721,0.0,0.0,100.0,
EURUSD,mom rsi75 h8,90,75,hold,46.15384615384615,364,182,0.0,0.0,100.0,
EURUSD,mom rsi75 h8,90,100,design,46.15384615384615,364,721,0.0,0.0,100.0,
EURUSD,mom rsi75 h8,90,100,hold,46.15384615384615,364,182,0.0,0.0,100.0,
EURUSD,mom rsi75 h8,90,125,design,46.15384615384615,364,721,0.0,0.0,100.0,
EURUSD,mom rsi75 h8,90,125,hold,46.15384615384615,364,182,0.5494505494505495,0.0,99.45054945054946,87.25
EURUSD,mom rsi75 h8,90,150,design,46.15384615384615,364,721,0.0,0.0,100.0,
EURUSD,mom rsi75 h8,90,150,hold,46.15384615384615,364,182,7.6923076923076925,0.0,92.3076923076923,67.75
EURUSD,mom rsi75 h8,90,200,design,46.15384615384615,364,721,1.248266296809986,0.0,98.75173370319001,76.625
EURUSD,mom rsi75 h8,90,200,hold,46.15384615384615,364,182,10.989010989010989,0.0,89.01098901098901,72.41666666666666
EURUSD,mom rsi75 h8,365,50,design,46.15384615384615,364,721,0.0,0.0,100.0,
EURUSD,mom rsi75 h8,365,50,hold,46.15384615384615,364,122,0.0,0.0,100.0,
EURUSD,mom rsi75 h8,365,75,design,46.15384615384615,364,721,0.0,0.0,100.0,
EURUSD,mom rsi75 h8,365,75,hold,46.15384615384615,364,122,0.0,0.0,100.0,
EURUSD,mom rsi75 h8,365,100,design,46.15384615384615,364,721,3.8834951456310676,0.0,96.11650485436894,253.75
EURUSD,mom rsi75 h8,365,100,hold,46.15384615384615,364,122,0.0,0.0,100.0,
EURUSD,mom rsi75 h8,365,125,design,46.15384615384615,364,721,10.679611650485436,0.0,89.32038834951457,258.5
EURUSD,mom rsi75 h8,365,125,hold,46.15384615384615,364,122,10.655737704918032,0.0,89.34426229508196,105.25
EURUSD,mom rsi75 h8,365,150,design,46.15384615384615,364,721,11.234396671289876,0.9708737864077669,87.79472954230236,228.58333333333334
EURUSD,mom rsi75 h8,365,150,hold,46.15384615384615,364,122,17.21311475409836,0.0,82.78688524590164,78.25
EURUSD,mom rsi75 h8,365,200,design,46.15384615384615,364,721,15.39528432732316,36.47711511789182,48.12760055478502,205.625
EURUSD,mom rsi75 h8,365,200,hold,46.15384615384615,364,122,25.40983606557377,42.62295081967213,31.967213114754102,81.25
GBPUSD,fade3.0/20 h4,30,50,design,49.69512195121951,328,721,0.0,0.0,100.0,
GBPUSD,fade3.0/20 h4,30,50,hold,49.69512195121951,328,198,0.0,0.0,100.0,
GBPUSD,fade3.0/20 h4,30,75,design,49.69512195121951,328,721,0.0,0.0,100.0,
GBPUSD,fade3.0/20 h4,30,75,hold,49.69512195121951,328,198,0.0,0.0,100.0,
GBPUSD,fade3.0/20 h4,30,100,design,49.69512195121951,328,721,0.0,0.0,100.0,
GBPUSD,fade3.0/20 h4,30,100,hold,49.69512195121951,328,198,0.0,0.0,100.0,
GBPUSD,fade3.0/20 h4,30,125,design,49.69512195121951,328,721,0.0,0.0,100.0,
GBPUSD,fade3.0/20 h4,30,125,hold,49.69512195121951,328,198,0.0,0.0,100.0,
GBPUSD,fade3.0/20 h4,30,150,design,49.69512195121951,328,721,0.0,0.0,100.0,
GBPUSD,fade3.0/20 h4,30,150,hold,49.69512195121951,328,198,0.0,0.0,100.0,
GBPUSD,fade3.0/20 h4,30,200,design,49.69512195121951,328,721,0.0,0.0,100.0,
GBPUSD,fade3.0/20 h4,30,200,hold,49.69512195121951,328,198,0.0,0.0,100.0,
GBPUSD,fade3.0/20 h4,60,50,design,49.69512195121951,328,721,0.0,0.0,100.0,
GBPUSD,fade3.0/20 h4,60,50,hold,49.69512195121951,328,188,0.0,0.0,100.0,
GBPUSD,fade3.0/20 h4,60,75,design,49.69512195121951,328,721,0.0,0.0,100.0,
GBPUSD,fade3.0/20 h4,60,75,hold,49.69512195121951,328,188,0.0,0.0,100.0,
GBPUSD,fade3.0/20 h4,60,100,design,49.69512195121951,328,721,0.0,0.0,100.0,
GBPUSD,fade3.0/20 h4,60,100,hold,49.69512195121951,328,188,0.0,0.0,100.0,
GBPUSD,fade3.0/20 h4,60,125,design,49.69512195121951,328,721,0.0,0.0,100.0,
GBPUSD,fade3.0/20 h4,60,125,hold,49.69512195121951,328,188,0.0,0.0,100.0,
GBPUSD,fade3.0/20 h4,60,150,design,49.69512195121951,328,721,0.0,0.0,100.0,
GBPUSD,fade3.0/20 h4,60,150,hold,49.69512195121951,328,188,0.0,0.0,100.0,
GBPUSD,fade3.0/20 h4,60,200,design,49.69512195121951,328,721,0.5547850208044383,0.0,99.44521497919555,55.083333333333336
GBPUSD,fade3.0/20 h4,60,200,hold,49.69512195121951,328,188,0.0,0.0,100.0,
GBPUSD,fade3.0/20 h4,90,50,design,49.69512195121951,328,721,0.0,0.0,100.0,
GBPUSD,fade3.0/20 h4,90,50,hold,49.69512195121951,328,178,0.0,0.0,100.0,
GBPUSD,fade3.0/20 h4,90,75,design,49.69512195121951,328,721,0.0,0.0,100.0,
GBPUSD,fade3.0/20 h4,90,75,hold,49.69512195121951,328,178,0.0,0.0,100.0,
GBPUSD,fade3.0/20 h4,90,100,design,49.69512195121951,328,721,0.0,0.0,100.0,
GBPUSD,fade3.0/20 h4,90,100,hold,49.69512195121951,328,178,0.0,0.0,100.0,
GBPUSD,fade3.0/20 h4,90,125,design,49.69512195121951,328,721,0.0,0.0,100.0,
GBPUSD,fade3.0/20 h4,90,125,hold,49.69512195121951,328,178,0.0,0.0,100.0,
GBPUSD,fade3.0/20 h4,90,150,design,49.69512195121951,328,721,0.0,0.0,100.0,
GBPUSD,fade3.0/20 h4,90,150,hold,49.69512195121951,328,178,0.0,0.0,100.0,
GBPUSD,fade3.0/20 h4,90,200,design,49.69512195121951,328,721,1.9417475728155338,0.0,98.05825242718447,70.08333333333333
GBPUSD,fade3.0/20 h4,90,200,hold,49.69512195121951,328,178,0.0,0.0,100.0,
GBPUSD,fade3.0/20 h4,365,50,design,49.69512195121951,328,721,0.0,0.0,100.0,
GBPUSD,fade3.0/20 h4,365,50,hold,49.69512195121951,328,118,0.0,0.0,100.0,
GBPUSD,fade3.0/20 h4,365,75,design,49.69512195121951,328,721,0.0,0.0,100.0,
GBPUSD,fade3.0/20 h4,365,75,hold,49.69512195121951,328,118,0.0,0.0,100.0,
GBPUSD,fade3.0/20 h4,365,100,design,49.69512195121951,328,721,0.9708737864077669,0.0,99.02912621359224,317.5833333333333
GBPUSD,fade3.0/20 h4,365,100,hold,49.69512195121951,328,118,0.0,0.0,100.0,
GBPUSD,fade3.0/20 h4,365,125,design,49.69512195121951,328,721,8.599167822468793,0.5547850208044383,90.84604715672677,253.08333333333334
GBPUSD,fade3.0/20 h4,365,125,hold,49.69512195121951,328,118,0.0,0.0,100.0,
GBPUSD,fade3.0/20 h4,365,150,design,49.69512195121951,328,721,12.205270457697642,6.51872399445215,81.2760055478502,234.0
GBPUSD,fade3.0/20 h4,365,150,hold,49.69512195121951,328,118,0.0,0.0,100.0,
GBPUSD,fade3.0/20 h4,365,200,design,49.69512195121951,328,721,20.388349514563107,14.147018030513175,65.46463245492372,180.5
GBPUSD,fade3.0/20 h4,365,200,hold,49.69512195121951,328,118,1.694915254237288,0.0,98.30508474576271,113.95833333333333
GBPUSD,fade3.0/20 h8,30,50,design,50.0,326,721,0.0,0.0,100.0,
GBPUSD,fade3.0/20 h8,30,50,hold,50.0,326,198,0.0,0.0,100.0,
GBPUSD,fade3.0/20 h8,30,75,design,50.0,326,721,0.0,0.0,100.0,
GBPUSD,fade3.0/20 h8,30,75,hold,50.0,326,198,0.0,0.0,100.0,
GBPUSD,fade3.0/20 h8,30,100,design,50.0,326,721,0.0,0.0,100.0,
GBPUSD,fade3.0/20 h8,30,100,hold,50.0,326,198,0.0,0.0,100.0,
GBPUSD,fade3.0/20 h8,30,125,design,50.0,326,721,0.13869625520110956,0.0,99.86130374479889,29.791666666666668
GBPUSD,fade3.0/20 h8,30,125,hold,50.0,326,198,0.0,0.0,100.0,
GBPUSD,fade3.0/20 h8,30,150,design,50.0,326,721,0.27739251040221913,0.0,99.72260748959778,26.708333333333336
GBPUSD,fade3.0/20 h8,30,150,hold,50.0,326,198,0.0,0.0,100.0,
GBPUSD,fade3.0/20 h8,30,200,design,50.0,326,721,1.3869625520110958,0.0,98.6130374479889,22.645833333333336
GBPUSD,fade3.0/20 h8,30,200,hold,50.0,326,198,0.0,0.0,100.0,
GBPUSD,fade3.0/20 h8,60,50,design,50.0,326,721,0.0,0.0,100.0,
GBPUSD,fade3.0/20 h8,60,50,hold,50.0,326,188,0.0,0.0,100.0,
GBPUSD,fade3.0/20 h8,60,75,design,50.0,326,721,0.0,0.0,100.0,
GBPUSD,fade3.0/20 h8,60,75,hold,50.0,326,188,0.0,0.0,100.0,
GBPUSD,fade3.0/20 h8,60,100,design,50.0,326,721,0.13869625520110956,0.0,99.86130374479889,41.625
GBPUSD,fade3.0/20 h8,60,100,hold,50.0,326,188,0.0,0.0,100.0,
GBPUSD,fade3.0/20 h8,60,125,design,50.0,326,721,1.8030513176144243,0.0,98.19694868238558,53.791666666666664
GBPUSD,fade3.0/20 h8,60,125,hold,50.0,326,188,0.0,0.0,100.0,
GBPUSD,fade3.0/20 h8,60,150,design,50.0,326,721,2.496532593619972,0.0,97.50346740638003,46.291666666666664
GBPUSD,fade3.0/20 h8,60,150,hold,50.0,326,188,0.0,0.0,100.0,
GBPUSD,fade3.0/20 h8,60,200,design,50.0,326,721,6.2413314840499305,0.13869625520110956,93.61997226074897,40.708333333333336
GBPUSD,fade3.0/20 h8,60,200,hold,50.0,326,188,0.5319148936170213,0.0,99.46808510638297,58.875
GBPUSD,fade3.0/20 h8,90,50,design,50.0,326,721,0.0,0.0,100.0,
GBPUSD,fade3.0/20 h8,90,50,hold,50.0,326,178,0.0,0.0,100.0,
GBPUSD,fade3.0/20 h8,90,75,design,50.0,326,721,0.0,0.0,100.0,
GBPUSD,fade3.0/20 h8,90,75,hold,50.0,326,178,0.0,0.0,100.0,
GBPUSD,fade3.0/20 h8,90,100,design,50.0,326,721,1.248266296809986,0.0,98.75173370319001,71.625
GBPUSD,fade3.0/20 h8,90,100,hold,50.0,326,178,0.0,0.0,100.0,
GBPUSD,fade3.0/20 h8,90,125,design,50.0,326,721,4.2995839112343965,0.0,95.7004160887656,65.70833333333333
GBPUSD,fade3.0/20 h8,90,125,hold,50.0,326,178,0.0,0.0,100.0,
GBPUSD,fade3.0/20 h8,90,150,design,50.0,326,721,5.6865464632454925,0.0,94.31345353675451,64.70833333333333
GBPUSD,fade3.0/20 h8,90,150,hold,50.0,326,178,3.3707865168539324,0.0,96.62921348314607,83.27083333333334
GBPUSD,fade3.0/20 h8,90,200,design,50.0,326,721,13.176144244105409,1.5256588072122053,85.29819694868237,61.708333333333336
GBPUSD,fade3.0/20 h8,90,200,hold,50.0,326,178,9.550561797752808,0.0,90.4494382022472,75.625
GBPUSD,fade3.0/20 h8,365,50,design,50.0,326,721,0.0,0.0,100.0,
GBPUSD,fade3.0/20 h8,365,50,hold,50.0,326,118,0.0,0.0,100.0,
GBPUSD,fade3.0/20 h8,365,75,design,50.0,326,721,0.0,0.0,100.0,
GBPUSD,fade3.0/20 h8,365,75,hold,50.0,326,118,0.0,0.0,100.0,
GBPUSD,fade3.0/20 h8,365,100,design,50.0,326,721,10.679611650485436,0.0,89.32038834951457,186.66666666666666
GBPUSD,fade3.0/20 h8,365,100,hold,50.0,326,118,0.0,0.0,100.0,
GBPUSD,fade3.0/20 h8,365,125,design,50.0,326,721,15.811373092926493,3.744798890429958,80.44382801664355,198.1875
GBPUSD,fade3.0/20 h8,365,125,hold,50.0,326,118,1.694915254237288,0.0,98.30508474576271,114.125
GBPUSD,fade3.0/20 h8,365,150,design,50.0,326,721,20.943134535367545,26.0748959778086,52.98196948682386,152.70833333333334
GBPUSD,fade3.0/20 h8,365,150,hold,50.0,326,118,14.40677966101695,0.0,85.59322033898306,97.625
GBPUSD,fade3.0/20 h8,365,200,design,50.0,326,721,29.680998613037445,33.00970873786408,37.309292649098474,105.60416666666666
GBPUSD,fade3.0/20 h8,365,200,hold,50.0,326,118,24.576271186440678,28.8135593220339,46.61016949152542,83.875
GBPUSD,fade2.5/25 h4,30,50,design,48.722627737226276,1096,721,0.0,0.0,100.0,
GBPUSD,fade2.5/25 h4,30,50,hold,48.722627737226276,1096,202,0.0,0.0,100.0,
GBPUSD,fade2.5/25 h4,30,75,design,48.722627737226276,1096,721,0.0,0.0,100.0,
GBPUSD,fade2.5/25 h4,30,75,hold,48.722627737226276,1096,202,0.0,0.0,100.0,
GBPUSD,fade2.5/25 h4,30,100,design,48.722627737226276,1096,721,0.0,0.0,100.0,
GBPUSD,fade2.5/25 h4,30,100,hold,48.722627737226276,1096,202,0.0,0.0,100.0,
GBPUSD,fade2.5/25 h4,30,125,design,48.722627737226276,1096,721,0.13869625520110956,0.0,99.86130374479889,14.541666666666666
GBPUSD,fade2.5/25 h4,30,125,hold,48.722627737226276,1096,202,1.4851485148514851,0.0,98.51485148514851,26.916666666666668
GBPUSD,fade2.5/25 h4,30,150,design,48.722627737226276,1096,721,0.4160887656033287,0.0,99.58391123439667,14.541666666666666
GBPUSD,fade2.5/25 h4,30,150,hold,48.722627737226276,1096,202,4.9504950495049505,0.0,95.04950495049505,20.5625
GBPUSD,fade2.5/25 h4,30,200,design,48.722627737226276,1096,721,5.131761442441054,0.27739251040221913,94.59084604715673,20.5
GBPUSD,fade2.5/25 h4,30,200,hold,48.722627737226276,1096,202,9.405940594059405,0.0,90.5940594059406,16.333333333333332
GBPUSD,fade2.5/25 h4,60,50,design,48.722627737226276,1096,721,0.0,0.0,100.0,
GBPUSD,fade2.5/25 h4,60,50,hold,48.722627737226276,1096,192,0.0,0.0,100.0,
GBPUSD,fade2.5/25 h4,60,75,design,48.722627737226276,1096,721,0.0,0.0,100.0,
GBPUSD,fade2.5/25 h4,60,75,hold,48.722627737226276,1096,192,0.0,0.0,100.0,
GBPUSD,fade2.5/25 h4,60,100,design,48.722627737226276,1096,721,0.27739251040221913,0.0,99.72260748959778,59.08333333333333
GBPUSD,fade2.5/25 h4,60,100,hold,48.722627737226276,1096,192,1.0416666666666665,0.0,98.95833333333334,33.166666666666664
GBPUSD,fade2.5/25 h4,60,125,design,48.722627737226276,1096,721,1.8030513176144243,0.6934812760055479,97.50346740638003,50.541666666666664
GBPUSD,fade2.5/25 h4,60,125,hold,48.722627737226276,1096,192,6.770833333333333,0.0,93.22916666666666,51.083333333333336
GBPUSD,fade2.5/25 h4,60,150,design,48.722627737226276,1096,721,4.715672676837725,2.219140083217753,93.06518723994452,49.04166666666667
GBPUSD,fade2.5/25 h4,60,150,hold,48.722627737226276,1096,192,16.145833333333336,0.0,83.85416666666666,39.083333333333336
GBPUSD,fade2.5/25 h4,60,200,design,48.722627737226276,1096,721,15.811373092926493,7.628294036061026,76.56033287101248,38.47916666666667
GBPUSD,fade2.5/25 h4,60,200,hold,48.722627737226276,1096,192,23.958333333333336,5.729166666666666,70.3125,36.08333333333333
GBPUSD,fade2.5/25 h4,90,50,design,48.722627737226276,1096,721,0.0,0.0,100.0,
GBPUSD,fade2.5/25 h4,90,50,hold,48.722627737226276,1096,182,0.0,0.0,100.0,
GBPUSD,fade2.5/25 h4,90,75,design,48.722627737226276,1096,721,0.0,0.0,100.0,
GBPUSD,fade2.5/25 h4,90,75,hold,48.722627737226276,1096,182,0.0,0.0,100.0,
GBPUSD,fade2.5/25 h4,90,100,design,48.722627737226276,1096,721,2.912621359223301,0.4160887656033287,96.67128987517337,76.5
GBPUSD,fade2.5/25 h4,90,100,hold,48.722627737226276,1096,182,4.945054945054945,0.0,95.05494505494505,74.75
GBPUSD,fade2.5/25 h4,90,125,design,48.722627737226276,1096,721,5.6865464632454925,2.3578363384188625,91.95561719833564,66.66666666666667
GBPUSD,fade2.5/25 h4,90,125,hold,48.722627737226276,1096,182,15.934065934065933,0.0,84.06593406593407,65.54166666666667
GBPUSD,fade2.5/25 h4,90,150,design,48.722627737226276,1096,721,11.511789181692095,5.409153952843273,83.07905686546462,65.79166666666667
GBPUSD,fade2.5/25 h4,90,150,hold,48.722627737226276,1096,182,30.21978021978022,2.197802197802198,67.58241758241759,54.666666666666664
GBPUSD,fade2.5/25 h4,90,200,design,48.722627737226276,1096,721,23.71705963938974,17.198335644937586,59.084604715672675,47.5
GBPUSD,fade2.5/25 h4,90,200,hold,48.722627737226276,1096,182,36.26373626373626,11.538461538461538,52.197802197802204,49.9375
GBPUSD,fade2.5/25 h4,365,50,design,48.722627737226276,1096,721,1.248266296809986,0.0,98.75173370319001,343.5
GBPUSD,fade2.5/25 h4,365,50,hold,48.722627737226276,1096,122,9.836065573770492,0.0,90.1639344262295,324.125
GBPUSD,fade2.5/25 h4,365,75,design,48.722627737226276,1096,721,12.482662968099861,8.321775312066574,79.19556171983356,262.97916666666663
GBPUSD,fade2.5/25 h4,365,75,hold,48.722627737226276,1096,122,51.63934426229508,0.0,48.36065573770492,268.625
GBPUSD,fade2.5/25 h4,365,100,design,48.722627737226276,1096,721,24.826629680998614,14.147018030513175,61.026352288488205,179.66666666666666
GBPUSD,fade2.5/25 h4,365,100,hold,48.722627737226276,1096,122,57.377049180327866,0.0,42.62295081967213,222.6875
GBPUSD,fade2.5/25 h4,365,125,design,48.722627737226276,1096,721,36.33841886269071,25.93619972260749,37.7253814147018,191.52083333333334
GBPUSD,fade2.5/25 h4,365,125,hold,48.722627737226276,1096,122,63.114754098360656,30.327868852459016,6.557377049180328,212.54166666666666
GBPUSD,fade2.5/25 h4,365,150,design,48.722627737226276,1096,721,41.88626907073509,41.19278779472954,16.920943134535367,142.95833333333331
GBPUSD,fade2.5/25 h4,365,150,hold,48.722627737226276,1096,122,63.934426229508205,30.327868852459016,5.737704918032787,185.64583333333331
GBPUSD,fade2.5/25 h4,365,200,design,48.722627737226276,1096,721,42.163661581137305,52.56588072122052,5.270457697642163,77.625
GBPUSD,fade2.5/25 h4,365,200,hold,48.722627737226276,1096,122,58.19672131147541,41.80327868852459,0.0,114.54166666666667
GBPUSD,fade2.5/25 h8,30,50,design,48.56870229007634,1048,721,0.0,0.0,100.0,
GBPUSD,fade2.5/25 h8,30,50,hold,48.56870229007634,1048,202,0.0,0.0,100.0,
GBPUSD,fade2.5/25 h8,30,75,design,48.56870229007634,1048,721,0.0,0.0,100.0,
GBPUSD,fade2.5/25 h8,30,75,hold,48.56870229007634,1048,202,0.0,0.0,100.0,
GBPUSD,fade2.5/25 h8,30,100,design,48.56870229007634,1048,721,0.6934812760055479,0.0,99.30651872399446,23.625
GBPUSD,fade2.5/25 h8,30,100,hold,48.56870229007634,1048,202,5.9405940594059405,0.0,94.05940594059405,21.791666666666664
GBPUSD,fade2.5/25 h8,30,125,design,48.56870229007634,1048,721,1.9417475728155338,0.0,98.05825242718447,22.75
GBPUSD,fade2.5/25 h8,30,125,hold,48.56870229007634,1048,202,7.920792079207921,0.0,92.07920792079209,20.104166666666664
GBPUSD,fade2.5/25 h8,30,150,design,48.56870229007634,1048,721,4.715672676837725,0.0,95.28432732316227,23.6875
GBPUSD,fade2.5/25 h8,30,150,hold,48.56870229007634,1048,202,8.415841584158416,0.0,91.58415841584159,17.541666666666668
GBPUSD,fade2.5/25 h8,30,200,design,48.56870229007634,1048,721,10.818307905686545,0.4160887656033287,88.76560332871013,19.770833333333332
GBPUSD,fade2.5/25 h8,30,200,hold,48.56870229007634,1048,202,13.366336633663368,0.0,86.63366336633663,13.5
GBPUSD,fade2.5/25 h8,60,50,design,48.56870229007634,1048,721,0.0,0.0,100.0,
GBPUSD,fade2.5/25 h8,60,50,hold,48.56870229007634,1048,192,0.0,0.0,100.0,
GBPUSD,fade2.5/25 h8,60,75,design,48.56870229007634,1048,721,2.219140083217753,0.0,97.78085991678225,54.1875
GBPUSD,fade2.5/25 h8,60,75,hold,48.56870229007634,1048,192,2.083333333333333,0.0,97.91666666666666,45.875
GBPUSD,fade2.5/25 h8,60,100,design,48.56870229007634,1048,721,5.825242718446602,0.0,94.1747572815534,47.708333333333336
GBPUSD,fade2.5/25 h8,60,100,hold,48.56870229007634,1048,192,17.1875,0.0,82.8125,38.916666666666664
GBPUSD,fade2.5/25 h8,60,125,design,48.56870229007634,1048,721,10.124826629680998,0.13869625520110956,89.73647711511789,43.666666666666664
GBPUSD,fade2.5/25 h8,60,125,hold,48.56870229007634,1048,192,18.229166666666664,0.0,81.77083333333334,32.708333333333336
GBPUSD,fade2.5/25 h8,60,150,design,48.56870229007634,1048,721,15.672676837725383,3.3287101248266295,80.99861303744798,38.708333333333336
GBPUSD,fade2.5/25 h8,60,150,hold,48.56870229007634,1048,192,20.833333333333336,0.5208333333333333,78.64583333333334,36.60416666666667
GBPUSD,fade2.5/25 h8,60,200,design,48.56870229007634,1048,721,26.21359223300971,12.066574202496533,61.719833564493754,33.666666666666664
GBPUSD,fade2.5/25 h8,60,200,hold,48.56870229007634,1048,192,23.4375,17.1875,59.375,23.708333333333332
GBPUSD,fade2.5/25 h8,90,50,design,48.56870229007634,1048,721,0.6934812760055479,0.0,99.30651872399446,83.83333333333333
GBPUSD,fade2.5/25 h8,90,50,hold,48.56870229007634,1048,182,0.0,0.0,100.0,
GBPUSD,fade2.5/25 h8,90,75,design,48.56870229007634,1048,721,5.547850208044383,0.0,94.45214979195562,65.27083333333333
GBPUSD,fade2.5/25 h8,90,75,hold,48.56870229007634,1048,182,9.89010989010989,0.0,90.10989010989012,70.91666666666667
GBPUSD,fade2.5/25 h8,90,100,design,48.56870229007634,1048,721,10.818307905686545,0.0,89.18169209431346,59.14583333333333
GBPUSD,fade2.5/25 h8,90,100,hold,48.56870229007634,1048,182,25.274725274725274,0.0,74.72527472527473,48.875
GBPUSD,fade2.5/25 h8,90,125,design,48.56870229007634,1048,721,15.39528432732316,5.131761442441054,79.47295423023579,51.583333333333336
GBPUSD,fade2.5/25 h8,90,125,hold,48.56870229007634,1048,182,27.472527472527474,3.296703296703297,69.23076923076923,44.29166666666667
GBPUSD,fade2.5/25 h8,90,150,design,48.56870229007634,1048,721,23.71705963938974,10.818307905686545,65.46463245492372,46.583333333333336
GBPUSD,fade2.5/25 h8,90,150,hold,48.56870229007634,1048,182,31.318681318681318,21.428571428571427,47.25274725274725,47.708333333333336
GBPUSD,fade2.5/25 h8,90,200,design,48.56870229007634,1048,721,36.89320388349515,21.081830790568652,42.0249653259362,43.625
GBPUSD,fade2.5/25 h8,90,200,hold,48.56870229007634,1048,182,31.318681318681318,43.40659340659341,25.274725274725274,43.5
GBPUSD,fade2.5/25 h8,365,50,design,48.56870229007634,1048,721,20.527045769764214,4.0221914008321775,75.4507628294036,239.79166666666669
GBPUSD,fade2.5/25 h8,365,50,hold,48.56870229007634,1048,122,4.098360655737705,0.0,95.90163934426229,307.7916666666667
GBPUSD,fade2.5/25 h8,365,75,design,48.56870229007634,1048,721,31.06796116504854,24.410540915395284,44.521497919556175,190.10416666666669
GBPUSD,fade2.5/25 h8,365,75,hold,48.56870229007634,1048,122,25.40983606557377,28.688524590163933,45.90163934426229,281.7083333333333
GBPUSD,fade2.5/25 h8,365,100,design,48.56870229007634,1048,721,44.9375866851595,26.629680998613036,28.43273231622746,166.16666666666669
GBPUSD,fade2.5/25 h8,365,100,hold,48.56870229007634,1048,122,36.885245901639344,36.0655737704918,27.049180327868854,230.70833333333334
GBPUSD,fade2.5/25 h8,365,125,design,48.56870229007634,1048,721,51.59500693481276,31.900138696255205,16.50485436893204,141.16666666666669
GBPUSD,fade2.5/25 h8,365,125,hold,48.56870229007634,1048,122,53.278688524590166,45.90163934426229,0.819672131147541,215.91666666666666
GBPUSD,fade2.5/25 h8,365,150,design,48.56870229007634,1048,721,56.03328710124826,38.69625520110957,5.270457697642163,110.10416666666666
GBPUSD,fade2.5/25 h8,365,150,hold,48.56870229007634,1048,122,50.0,50.0,0.0,127.95833333333333
GBPUSD,fade2.5/25 h8,365,200,design,48.56870229007634,1048,721,61.858529819694866,38.141470180305134,0.0,71.4375
GBPUSD,fade2.5/25 h8,365,200,hold,48.56870229007634,1048,122,22.131147540983605,77.8688524590164,0.0,34.583333333333336
GBPUSD,fade3.0/20 h4 L,30,50,design,51.11111111111111,180,721,0.0,0.0,100.0,
GBPUSD,fade3.0/20 h4 L,30,50,hold,51.11111111111111,180,198,0.0,0.0,100.0,
GBPUSD,fade3.0/20 h4 L,30,75,design,51.11111111111111,180,721,0.0,0.0,100.0,
GBPUSD,fade3.0/20 h4 L,30,75,hold,51.11111111111111,180,198,0.0,0.0,100.0,
GBPUSD,fade3.0/20 h4 L,30,100,design,51.11111111111111,180,721,0.0,0.0,100.0,
GBPUSD,fade3.0/20 h4 L,30,100,hold,51.11111111111111,180,198,0.0,0.0,100.0,
GBPUSD,fade3.0/20 h4 L,30,125,design,51.11111111111111,180,721,0.0,0.0,100.0,
GBPUSD,fade3.0/20 h4 L,30,125,hold,51.11111111111111,180,198,0.0,0.0,100.0,
GBPUSD,fade3.0/20 h4 L,30,150,design,51.11111111111111,180,721,0.0,0.0,100.0,
GBPUSD,fade3.0/20 h4 L,30,150,hold,51.11111111111111,180,198,0.0,0.0,100.0,
GBPUSD,fade3.0/20 h4 L,30,200,design,51.11111111111111,180,721,0.0,0.0,100.0,
GBPUSD,fade3.0/20 h4 L,30,200,hold,51.11111111111111,180,198,0.0,0.0,100.0,
GBPUSD,fade3.0/20 h4 L,60,50,design,51.11111111111111,180,721,0.0,0.0,100.0,
GBPUSD,fade3.0/20 h4 L,60,50,hold,51.11111111111111,180,188,0.0,0.0,100.0,
GBPUSD,fade3.0/20 h4 L,60,75,design,51.11111111111111,180,721,0.0,0.0,100.0,
GBPUSD,fade3.0/20 h4 L,60,75,hold,51.11111111111111,180,188,0.0,0.0,100.0,
GBPUSD,fade3.0/20 h4 L,60,100,design,51.11111111111111,180,721,0.0,0.0,100.0,
GBPUSD,fade3.0/20 h4 L,60,100,hold,51.11111111111111,180,188,0.0,0.0,100.0,
GBPUSD,fade3.0/20 h4 L,60,125,design,51.11111111111111,180,721,0.0,0.0,100.0,
GBPUSD,fade3.0/20 h4 L,60,125,hold,51.11111111111111,180,188,0.0,0.0,100.0,
GBPUSD,fade3.0/20 h4 L,60,150,design,51.11111111111111,180,721,0.0,0.0,100.0,
GBPUSD,fade3.0/20 h4 L,60,150,hold,51.11111111111111,180,188,0.0,0.0,100.0,
GBPUSD,fade3.0/20 h4 L,60,200,design,51.11111111111111,180,721,0.0,0.0,100.0,
GBPUSD,fade3.0/20 h4 L,60,200,hold,51.11111111111111,180,188,0.0,0.0,100.0,
GBPUSD,fade3.0/20 h4 L,90,50,design,51.11111111111111,180,721,0.0,0.0,100.0,
GBPUSD,fade3.0/20 h4 L,90,50,hold,51.11111111111111,180,178,0.0,0.0,100.0,
GBPUSD,fade3.0/20 h4 L,90,75,design,51.11111111111111,180,721,0.0,0.0,100.0,
GBPUSD,fade3.0/20 h4 L,90,75,hold,51.11111111111111,180,178,0.0,0.0,100.0,
GBPUSD,fade3.0/20 h4 L,90,100,design,51.11111111111111,180,721,0.0,0.0,100.0,
GBPUSD,fade3.0/20 h4 L,90,100,hold,51.11111111111111,180,178,0.0,0.0,100.0,
GBPUSD,fade3.0/20 h4 L,90,125,design,51.11111111111111,180,721,0.0,0.0,100.0,
GBPUSD,fade3.0/20 h4 L,90,125,hold,51.11111111111111,180,178,0.0,0.0,100.0,
GBPUSD,fade3.0/20 h4 L,90,150,design,51.11111111111111,180,721,0.0,0.0,100.0,
GBPUSD,fade3.0/20 h4 L,90,150,hold,51.11111111111111,180,178,0.0,0.0,100.0,
GBPUSD,fade3.0/20 h4 L,90,200,design,51.11111111111111,180,721,0.4160887656033287,0.0,99.58391123439667,85.41666666666667
GBPUSD,fade3.0/20 h4 L,90,200,hold,51.11111111111111,180,178,0.0,0.0,100.0,
GBPUSD,fade3.0/20 h4 L,365,50,design,51.11111111111111,180,721,0.0,0.0,100.0,
GBPUSD,fade3.0/20 h4 L,365,50,hold,51.11111111111111,180,118,0.0,0.0,100.0,
GBPUSD,fade3.0/20 h4 L,365,75,design,51.11111111111111,180,721,0.0,0.0,100.0,
GBPUSD,fade3.0/20 h4 L,365,75,hold,51.11111111111111,180,118,0.0,0.0,100.0,
GBPUSD,fade3.0/20 h4 L,365,100,design,51.11111111111111,180,721,0.9708737864077669,0.0,99.02912621359224,310.5
GBPUSD,fade3.0/20 h4 L,365,100,hold,51.11111111111111,180,118,0.0,0.0,100.0,
GBPUSD,fade3.0/20 h4 L,365,125,design,51.11111111111111,180,721,7.628294036061026,0.0,92.37170596393898,265.5
GBPUSD,fade3.0/20 h4 L,365,125,hold,51.11111111111111,180,118,0.0,0.0,100.0,
GBPUSD,fade3.0/20 h4 L,365,150,design,51.11111111111111,180,721,14.701803051317613,0.0,85.29819694868237,253.16666666666666
GBPUSD,fade3.0/20 h4 L,365,150,hold,51.11111111111111,180,118,0.0,0.0,100.0,
GBPUSD,fade3.0/20 h4 L,365,200,design,51.11111111111111,180,721,17.05963938973648,0.0,82.94036061026353,186.5
GBPUSD,fade3.0/20 h4 L,365,200,hold,51.11111111111111,180,118,0.0,0.0,100.0,
GBPUSD,fade3.0/20 h8 L,30,50,design,52.77777777777778,180,721,0.0,0.0,100.0,
GBPUSD,fade3.0/20 h8 L,30,50,hold,52.77777777777778,180,198,0.0,0.0,100.0,
GBPUSD,fade3.0/20 h8 L,30,75,design,52.77777777777778,180,721,0.0,0.0,100.0,
GBPUSD,fade3.0/20 h8 L,30,75,hold,52.77777777777778,180,198,0.0,0.0,100.0,
GBPUSD,fade3.0/20 h8 L,30,100,design,52.77777777777778,180,721,0.0,0.0,100.0,
GBPUSD,fade3.0/20 h8 L,30,100,hold,52.77777777777778,180,198,0.0,0.0,100.0,
GBPUSD,fade3.0/20 h8 L,30,125,design,52.77777777777778,180,721,0.13869625520110956,0.0,99.86130374479889,29.791666666666668
GBPUSD,fade3.0/20 h8 L,30,125,hold,52.77777777777778,180,198,0.0,0.0,100.0,
GBPUSD,fade3.0/20 h8 L,30,150,design,52.77777777777778,180,721,0.13869625520110956,0.0,99.86130374479889,29.791666666666668
GBPUSD,fade3.0/20 h8 L,30,150,hold,52.77777777777778,180,198,0.0,0.0,100.0,
GBPUSD,fade3.0/20 h8 L,30,200,design,52.77777777777778,180,721,0.8321775312066574,0.0,99.16782246879335,9.208333333333334
GBPUSD,fade3.0/20 h8 L,30,200,hold,52.77777777777778,180,198,0.0,0.0,100.0,
GBPUSD,fade3.0/20 h8 L,60,50,design,52.77777777777778,180,721,0.0,0.0,100.0,
GBPUSD,fade3.0/20 h8 L,60,50,hold,52.77777777777778,180,188,0.0,0.0,100.0,
GBPUSD,fade3.0/20 h8 L,60,75,design,52.77777777777778,180,721,0.0,0.0,100.0,
GBPUSD,fade3.0/20 h8 L,60,75,hold,52.77777777777778,180,188,0.0,0.0,100.0,
GBPUSD,fade3.0/20 h8 L,60,100,design,52.77777777777778,180,721,0.0,0.0,100.0,
GBPUSD,fade3.0/20 h8 L,60,100,hold,52.77777777777778,180,188,0.0,0.0,100.0,
GBPUSD,fade3.0/20 h8 L,60,125,design,52.77777777777778,180,721,1.5256588072122053,0.0,98.47434119278779,44.791666666666664
GBPUSD,fade3.0/20 h8 L,60,125,hold,52.77777777777778,180,188,0.0,0.0,100.0,
GBPUSD,fade3.0/20 h8 L,60,150,design,52.77777777777778,180,721,1.5256588072122053,0.0,98.47434119278779,44.791666666666664
GBPUSD,fade3.0/20 h8 L,60,150,hold,52.77777777777778,180,188,0.0,0.0,100.0,
GBPUSD,fade3.0/20 h8 L,60,200,design,52.77777777777778,180,721,2.3578363384188625,0.0,97.64216366158114,40.625
GBPUSD,fade3.0/20 h8 L,60,200,hold,52.77777777777778,180,188,0.0,0.0,100.0,
GBPUSD,fade3.0/20 h8 L,90,50,design,52.77777777777778,180,721,0.0,0.0,100.0,
GBPUSD,fade3.0/20 h8 L,90,50,hold,52.77777777777778,180,178,0.0,0.0,100.0,
GBPUSD,fade3.0/20 h8 L,90,75,design,52.77777777777778,180,721,0.0,0.0,100.0,
GBPUSD,fade3.0/20 h8 L,90,75,hold,52.77777777777778,180,178,0.0,0.0,100.0,
GBPUSD,fade3.0/20 h8 L,90,100,design,52.77777777777778,180,721,0.0,0.0,100.0,
GBPUSD,fade3.0/20 h8 L,90,100,hold,52.77777777777778,180,178,0.0,0.0,100.0,
GBPUSD,fade3.0/20 h8 L,90,125,design,52.77777777777778,180,721,2.0804438280166435,0.0,97.91955617198336,50.791666666666664
GBPUSD,fade3.0/20 h8 L,90,125,hold,52.77777777777778,180,178,0.0,0.0,100.0,
GBPUSD,fade3.0/20 h8 L,90,150,design,52.77777777777778,180,721,2.6352288488210815,0.0,97.36477115117891,56.791666666666664
GBPUSD,fade3.0/20 h8 L,90,150,hold,52.77777777777778,180,178,0.0,0.0,100.0,
GBPUSD,fade3.0/20 h8 L,90,200,design,52.77777777777778,180,721,6.51872399445215,0.0,93.48127600554785,66.91666666666667
GBPUSD,fade3.0/20 h8 L,90,200,hold,52.77777777777778,180,178,5.056179775280898,0.0,94.9438202247191,74.66666666666667
GBPUSD,fade3.0/20 h8 L,365,50,design,52.77777777777778,180,721,0.0,0.0,100.0,
GBPUSD,fade3.0/20 h8 L,365,50,hold,52.77777777777778,180,118,0.0,0.0,100.0,
GBPUSD,fade3.0/20 h8 L,365,75,design,52.77777777777778,180,721,0.0,0.0,100.0,
GBPUSD,fade3.0/20 h8 L,365,75,hold,52.77777777777778,180,118,0.0,0.0,100.0,
GBPUSD,fade3.0/20 h8 L,365,100,design,52.77777777777778,180,721,0.0,0.0,100.0,
GBPUSD,fade3.0/20 h8 L,365,100,hold,52.77777777777778,180,118,0.0,0.0,100.0,
GBPUSD,fade3.0/20 h8 L,365,125,design,52.77777777777778,180,721,6.51872399445215,0.0,93.48127600554785,244.66666666666666
GBPUSD,fade3.0/20 h8 L,365,125,hold,52.77777777777778,180,118,0.0,0.0,100.0,
GBPUSD,fade3.0/20 h8 L,365,150,design,52.77777777777778,180,721,18.58529819694868,0.0,81.41470180305132,216.125
GBPUSD,fade3.0/20 h8 L,365,150,hold,52.77777777777778,180,118,0.0,0.0,100.0,
GBPUSD,fade3.0/20 h8 L,365,200,design,52.77777777777778,180,721,31.900138696255205,4.993065187239944,63.10679611650486,203.16666666666666
GBPUSD,fade3.0/20 h8 L,365,200,hold,52.77777777777778,180,118,7.627118644067797,0.0,92.37288135593221,74.66666666666667
GBPUSD,fade2.5/25 h4 L,30,50,design,50.687285223367695,582,721,0.0,0.0,100.0,
GBPUSD,fade2.5/25 h4 L,30,50,hold,50.687285223367695,582,200,0.0,0.0,100.0,
GBPUSD,fade2.5/25 h4 L,30,75,design,50.687285223367695,582,721,0.0,0.0,100.0,
GBPUSD,fade2.5/25 h4 L,30,75,hold,50.687285223367695,582,200,0.0,0.0,100.0,
GBPUSD,fade2.5/25 h4 L,30,100,design,50.687285223367695,582,721,0.0,0.0,100.0,
GBPUSD,fade2.5/25 h4 L,30,100,hold,50.687285223367695,582,200,0.0,0.0,100.0,
GBPUSD,fade2.5/25 h4 L,30,125,design,50.687285223367695,582,721,0.0,0.0,100.0,
GBPUSD,fade2.5/25 h4 L,30,125,hold,50.687285223367695,582,200,0.0,0.0,100.0,
GBPUSD,fade2.5/25 h4 L,30,150,design,50.687285223367695,582,721,0.13869625520110956,0.0,99.86130374479889,28.5
GBPUSD,fade2.5/25 h4 L,30,150,hold,50.687285223367695,582,200,0.0,0.0,100.0,
GBPUSD,fade2.5/25 h4 L,30,200,design,50.687285223367695,582,721,1.248266296809986,0.0,98.75173370319001,24.625
GBPUSD,fade2.5/25 h4 L,30,200,hold,50.687285223367695,582,200,0.0,0.0,100.0,
GBPUSD,fade2.5/25 h4 L,60,50,design,50.687285223367695,582,721,0.0,0.0,100.0,
GBPUSD,fade2.5/25 h4 L,60,50,hold,50.687285223367695,582,190,0.0,0.0,100.0,
GBPUSD,fade2.5/25 h4 L,60,75,design,50.687285223367695,582,721,0.0,0.0,100.0,
GBPUSD,fade2.5/25 h4 L,60,75,hold,50.687285223367695,582,190,0.0,0.0,100.0,
GBPUSD,fade2.5/25 h4 L,60,100,design,50.687285223367695,582,721,0.4160887656033287,0.0,99.58391123439667,57.5
GBPUSD,fade2.5/25 h4 L,60,100,hold,50.687285223367695,582,190,0.0,0.0,100.0,
GBPUSD,fade2.5/25 h4 L,60,125,design,50.687285223367695,582,721,1.8030513176144243,0.0,98.19694868238558,51.5
GBPUSD,fade2.5/25 h4 L,60,125,hold,50.687285223367695,582,190,0.0,0.0,100.0,
GBPUSD,fade2.5/25 h4 L,60,150,design,50.687285223367695,582,721,2.7739251040221915,0.0,97.2260748959778,43.04166666666667
GBPUSD,fade2.5/25 h4 L,60,150,hold,50.687285223367695,582,190,0.0,0.0,100.0,
GBPUSD,fade2.5/25 h4 L,60,200,design,50.687285223367695,582,721,6.2413314840499305,0.8321775312066574,92.92649098474341,40.791666666666664
GBPUSD,fade2.5/25 h4 L,60,200,hold,50.687285223367695,582,190,3.684210526315789,0.0,96.3157894736842,53.75
GBPUSD,fade2.5/25 h4 L,90,50,design,50.687285223367695,582,721,0.0,0.0,100.0,
GBPUSD,fade2.5/25 h4 L,90,50,hold,50.687285223367695,582,180,0.0,0.0,100.0,
GBPUSD,fade2.5/25 h4 L,90,75,design,50.687285223367695,582,721,0.0,0.0,100.0,
GBPUSD,fade2.5/25 h4 L,90,75,hold,50.687285223367695,582,180,0.0,0.0,100.0,
GBPUSD,fade2.5/25 h4 L,90,100,design,50.687285223367695,582,721,1.8030513176144243,0.0,98.19694868238558,69.5
GBPUSD,fade2.5/25 h4 L,90,100,hold,50.687285223367695,582,180,0.0,0.0,100.0,
GBPUSD,fade2.5/25 h4 L,90,125,design,50.687285223367695,582,721,4.0221914008321775,0.0,95.97780859916783,64.5
GBPUSD,fade2.5/25 h4 L,90,125,hold,50.687285223367695,582,180,0.0,0.0,100.0,
GBPUSD,fade2.5/25 h4 L,90,150,design,50.687285223367695,582,721,5.6865464632454925,0.0,94.31345353675451,60.583333333333336
GBPUSD,fade2.5/25 h4 L,90,150,hold,50.687285223367695,582,180,1.1111111111111112,0.0,98.88888888888889,88.25
GBPUSD,fade2.5/25 h4 L,90,200,design,50.687285223367695,582,721,11.927877947295423,3.744798890429958,84.32732316227461,58.125
GBPUSD,fade2.5/25 h4 L,90,200,hold,50.687285223367695,582,180,16.11111111111111,0.0,83.88888888888889,71.58333333333333
GBPUSD,fade2.5/25 h4 L,365,50,design,50.687285223367695,582,721,5.6865464632454925,0.0,94.31345353675451,296.75
GBPUSD,fade2.5/25 h4 L,365,50,hold,50.687285223367695,582,120,0.0,0.0,100.0,
GBPUSD,fade2.5/25 h4 L,365,75,design,50.687285223367695,582,721,15.53398058252427,0.0,84.46601941747572,223.625
GBPUSD,fade2.5/25 h4 L,365,75,hold,50.687285223367695,582,120,1.6666666666666667,0.0,98.33333333333333,313.0833333333333
GBPUSD,fade2.5/25 h4 L,365,100,design,50.687285223367695,582,721,19.694868238557557,0.0,80.30513176144244,200.95833333333334
GBPUSD,fade2.5/25 h4 L,365,100,hold,50.687285223367695,582,120,46.666666666666664,0.0,53.333333333333336,292.0833333333333
GBPUSD,fade2.5/25 h4 L,365,125,design,50.687285223367695,582,721,21.081830790568652,9.153952843273231,69.76421636615811,167.5625
GBPUSD,fade2.5/25 h4 L,365,125,hold,50.687285223367695,582,120,53.333333333333336,0.0,46.666666666666664,262.25
GBPUSD,fade2.5/25 h4 L,365,150,design,50.687285223367695,582,721,21.914008321775313,23.578363384188627,54.50762829403606,148.02083333333331
GBPUSD,fade2.5/25 h4 L,365,150,hold,50.687285223367695,582,120,55.833333333333336,0.0,44.166666666666664,244.70833333333334
GBPUSD,fade2.5/25 h4 L,365,200,design,50.687285223367695,582,721,30.79056865464632,43.5506241331484,25.65880721220527,106.0625
GBPUSD,fade2.5/25 h4 L,365,200,hold,50.687285223367695,582,120,67.5,0.0,32.5,222.625
GBPUSD,fade2.5/25 h8 L,30,50,design,49.822695035460995,564,721,0.0,0.0,100.0,
GBPUSD,fade2.5/25 h8 L,30,50,hold,49.822695035460995,564,200,0.0,0.0,100.0,
GBPUSD,fade2.5/25 h8 L,30,75,design,49.822695035460995,564,721,0.0,0.0,100.0,
GBPUSD,fade2.5/25 h8 L,30,75,hold,49.822695035460995,564,200,0.0,0.0,100.0,
GBPUSD,fade2.5/25 h8 L,30,100,design,49.822695035460995,564,721,0.0,0.0,100.0,
GBPUSD,fade2.5/25 h8 L,30,100,hold,49.822695035460995,564,200,0.0,0.0,100.0,
GBPUSD,fade2.5/25 h8 L,30,125,design,49.822695035460995,564,721,0.6934812760055479,0.0,99.30651872399446,25.666666666666668
GBPUSD,fade2.5/25 h8 L,30,125,hold,49.822695035460995,564,200,0.0,0.0,100.0,
GBPUSD,fade2.5/25 h8 L,30,150,design,49.822695035460995,564,721,1.3869625520110958,0.0,98.6130374479889,25.666666666666668
GBPUSD,fade2.5/25 h8 L,30,150,hold,49.822695035460995,564,200,0.0,0.0,100.0,
GBPUSD,fade2.5/25 h8 L,30,200,design,49.822695035460995,564,721,4.854368932038835,0.0,95.14563106796116,22.666666666666668
GBPUSD,fade2.5/25 h8 L,30,200,hold,49.822695035460995,564,200,4.5,0.0,95.5,17.916666666666668
GBPUSD,fade2.5/25 h8 L,60,50,design,49.822695035460995,564,721,0.0,0.0,100.0,
GBPUSD,fade2.5/25 h8 L,60,50,hold,49.822695035460995,564,190,0.0,0.0,100.0,
GBPUSD,fade2.5/25 h8 L,60,75,design,49.822695035460995,564,721,0.0,0.0,100.0,
GBPUSD,fade2.5/25 h8 L,60,75,hold,49.822695035460995,564,190,0.0,0.0,100.0,
GBPUSD,fade2.5/25 h8 L,60,100,design,49.822695035460995,564,721,2.219140083217753,0.0,97.78085991678225,49.229166666666664
GBPUSD,fade2.5/25 h8 L,60,100,hold,49.822695035460995,564,190,0.0,0.0,100.0,
GBPUSD,fade2.5/25 h8 L,60,125,design,49.822695035460995,564,721,3.6061026352288486,0.0,96.39389736477115,42.729166666666664
GBPUSD,fade2.5/25 h8 L,60,125,hold,49.822695035460995,564,190,0.0,0.0,100.0,
GBPUSD,fade2.5/25 h8 L,60,150,design,49.822695035460995,564,721,7.489597780859916,0.0,92.51040221914009,43.25
GBPUSD,fade2.5/25 h8 L,60,150,hold,49.822695035460995,564,190,2.1052631578947367,0.0,97.89473684210527,49.416666666666664
GBPUSD,fade2.5/25 h8 L,60,200,design,49.822695035460995,564,721,12.343966712898752,1.3869625520110958,86.26907073509015,33.916666666666664
GBPUSD,fade2.5/25 h8 L,60,200,hold,49.822695035460995,564,190,9.473684210526317,0.0,90.52631578947368,37.416666666666664
GBPUSD,fade2.5/25 h8 L,90,50,design,49.822695035460995,564,721,0.0,0.0,100.0,
GBPUSD,fade2.5/25 h8 L,90,50,hold,49.822695035460995,564,180,0.0,0.0,100.0,
GBPUSD,fade2.5/25 h8 L,90,75,design,49.822695035460995,564,721,0.6934812760055479,0.0,99.30651872399446,82.66666666666667
GBPUSD,fade2.5/25 h8 L,90,75,hold,49.822695035460995,564,180,0.0,0.0,100.0,
GBPUSD,fade2.5/25 h8 L,90,100,design,49.822695035460995,564,721,4.0221914008321775,0.0,95.97780859916783,58.666666666666664
GBPUSD,fade2.5/25 h8 L,90,100,hold,49.822695035460995,564,180,0.0,0.0,100.0,
GBPUSD,fade2.5/25 h8 L,90,125,design,49.822695035460995,564,721,6.796116504854369,0.0,93.20388349514563,57.833333333333336
GBPUSD,fade2.5/25 h8 L,90,125,hold,49.822695035460995,564,180,3.888888888888889,0.0,96.11111111111111,80.75
GBPUSD,fade2.5/25 h8 L,90,150,design,49.822695035460995,564,721,11.234396671289876,1.248266296809986,87.51733703190014,51.625
GBPUSD,fade2.5/25 h8 L,90,150,hold,49.822695035460995,564,180,6.666666666666667,0.0,93.33333333333333,73.25
GBPUSD,fade2.5/25 h8 L,90,200,design,49.822695035460995,564,721,20.943134535367545,7.905686546463246,71.15117891816921,52.708333333333336
GBPUSD,fade2.5/25 h8 L,90,200,hold,49.822695035460995,564,180,15.555555555555555,0.0,84.44444444444444,55.416666666666664
GBPUSD,fade2.5/25 h8 L,365,50,design,49.822695035460995,564,721,4.854368932038835,0.0,95.14563106796116,241.66666666666666
GBPUSD,fade2.5/25 h8 L,365,50,hold,49.822695035460995,564,120,0.0,0.0,100.0,
GBPUSD,fade2.5/25 h8 L,365,75,design,49.822695035460995,564,721,13.176144244105409,0.0,86.82385575589458,192.75
GBPUSD,fade2.5/25 h8 L,365,75,hold,49.822695035460995,564,120,0.0,0.0,100.0,
GBPUSD,fade2.5/25 h8 L,365,100,design,49.822695035460995,564,721,17.614424410540916,8.321775312066574,74.06380027739252,129.875
GBPUSD,fade2.5/25 h8 L,365,100,hold,49.822695035460995,564,120,0.0,0.0,100.0,
GBPUSD,fade2.5/25 h8 L,365,125,design,49.822695035460995,564,721,22.74618585298197,14.424410540915394,62.82940360610264,123.60416666666666
GBPUSD,fade2.5/25 h8 L,365,125,hold,49.822695035460995,564,120,3.3333333333333335,0.0,96.66666666666667,310.25
GBPUSD,fade2.5/25 h8 L,365,150,design,49.822695035460995,564,721,30.235783633841883,21.7753120665742,47.988904299583915,109.79166666666666
GBPUSD,fade2.5/25 h8 L,365,150,hold,49.822695035460995,564,120,5.0,25.833333333333336,69.16666666666667,307.25
GBPUSD,fade2.5/25 h8 L,365,200,design,49.822695035460995,564,721,36.615811373092924,48.68238557558946,14.701803051317613,77.72916666666667
GBPUSD,fade2.5/25 h8 L,365,200,hold,49.822695035460995,564,120,28.333333333333332,46.666666666666664,25.0,292.25
GBPUSD,mom rsi70 h8,30,50,design,46.60056657223796,706,721,0.0,0.0,100.0,
GBPUSD,mom rsi70 h8,30,50,hold,46.60056657223796,706,200,0.0,0.0,100.0,
GBPUSD,mom rsi70 h8,30,75,design,46.60056657223796,706,721,0.0,0.0,100.0,
GBPUSD,mom rsi70 h8,30,75,hold,46.60056657223796,706,200,0.0,0.0,100.0,
GBPUSD,mom rsi70 h8,30,100,design,46.60056657223796,706,721,0.13869625520110956,0.0,99.86130374479889,29.333333333333332
GBPUSD,mom rsi70 h8,30,100,hold,46.60056657223796,706,200,0.0,0.0,100.0,
GBPUSD,mom rsi70 h8,30,125,design,46.60056657223796,706,721,0.6934812760055479,0.0,99.30651872399446,25.666666666666668
GBPUSD,mom rsi70 h8,30,125,hold,46.60056657223796,706,200,0.0,0.0,100.0,
GBPUSD,mom rsi70 h8,30,150,design,46.60056657223796,706,721,2.219140083217753,0.0,97.78085991678225,18.354166666666664
GBPUSD,mom rsi70 h8,30,150,hold,46.60056657223796,706,200,0.0,0.0,100.0,
GBPUSD,mom rsi70 h8,30,200,design,46.60056657223796,706,721,8.321775312066574,0.6934812760055479,90.98474341192788,16.208333333333332
GBPUSD,mom rsi70 h8,30,200,hold,46.60056657223796,706,200,2.5,0.0,97.5,21.291666666666668
GBPUSD,mom rsi70 h8,60,50,design,46.60056657223796,706,721,0.0,0.0,100.0,
GBPUSD,mom rsi70 h8,60,50,hold,46.60056657223796,706,190,0.0,0.0,100.0,
GBPUSD,mom rsi70 h8,60,75,design,46.60056657223796,706,721,0.0,0.0,100.0,
GBPUSD,mom rsi70 h8,60,75,hold,46.60056657223796,706,190,0.0,0.0,100.0,
GBPUSD,mom rsi70 h8,60,100,design,46.60056657223796,706,721,1.1095700416088765,0.0,98.89042995839112,46.229166666666664
GBPUSD,mom rsi70 h8,60,100,hold,46.60056657223796,706,190,0.0,0.0,100.0,
GBPUSD,mom rsi70 h8,60,125,design,46.60056657223796,706,721,3.8834951456310676,0.0,96.11650485436894,49.6875
GBPUSD,mom rsi70 h8,60,125,hold,46.60056657223796,706,190,0.0,0.0,100.0,
GBPUSD,mom rsi70 h8,60,150,design,46.60056657223796,706,721,8.183079056865465,0.0,91.81692094313453,43.666666666666664
GBPUSD,mom rsi70 h8,60,150,hold,46.60056657223796,706,190,2.1052631578947367,0.0,97.89473684210527,52.791666666666664
GBPUSD,mom rsi70 h8,60,200,design,46.60056657223796,706,721,16.643550624133148,5.6865464632454925,77.66990291262135,30.145833333333332
GBPUSD,mom rsi70 h8,60,200,hold,46.60056657223796,706,190,10.0,0.0,90.0,42.291666666666664
GBPUSD,mom rsi70 h8,90,50,design,46.60056657223796,706,721,0.0,0.0,100.0,
GBPUSD,mom rsi70 h8,90,50,hold,46.60056657223796,706,180,0.0,0.0,100.0,
GBPUSD,mom rsi70 h8,90,75,design,46.60056657223796,706,721,0.0,0.0,100.0,
GBPUSD,mom rsi70 h8,90,75,hold,46.60056657223796,706,180,0.0,0.0,100.0,
GBPUSD,mom rsi70 h8,90,100,design,46.60056657223796,706,721,2.0804438280166435,0.0,97.91955617198336,59.666666666666664
GBPUSD,mom rsi70 h8,90,100,hold,46.60056657223796,706,180,0.0,0.0,100.0,
GBPUSD,mom rsi70 h8,90,125,design,46.60056657223796,706,721,7.905686546463246,0.0,92.09431345353676,62.666666666666664
GBPUSD,mom rsi70 h8,90,125,hold,46.60056657223796,706,180,1.6666666666666667,0.0,98.33333333333333,87.29166666666667
GBPUSD,mom rsi70 h8,90,150,design,46.60056657223796,706,721,14.563106796116504,1.5256588072122053,83.91123439667129,56.708333333333336
GBPUSD,mom rsi70 h8,90,150,hold,46.60056657223796,706,180,8.333333333333332,0.0,91.66666666666666,69.29166666666667
GBPUSD,mom rsi70 h8,90,200,design,46.60056657223796,706,721,26.49098474341193,14.008321775312066,59.500693481276,45.583333333333336
GBPUSD,mom rsi70 h8,90,200,hold,46.60056657223796,706,180,17.22222222222222,0.0,82.77777777777777,54.291666666666664
GBPUSD,mom rsi70 h8,365,50,design,46.60056657223796,706,721,1.1095700416088765,0.0,98.89042995839112,311.7708333333333
GBPUSD,mom rsi70 h8,365,50,hold,46.60056657223796,706,120,0.0,0.0,100.0,
GBPUSD,mom rsi70 h8,365,75,design,46.60056657223796,706,721,18.446601941747574,0.0,81.55339805825243,255.29166666666666
GBPUSD,mom rsi70 h8,365,75,hold,46.60056657223796,706,120,0.0,0.0,100.0,
GBPUSD,mom rsi70 h8,365,100,design,46.60056657223796,706,721,30.513176144244103,3.6061026352288486,65.88072122052705,228.41666666666666
GBPUSD,mom rsi70 h8,365,100,hold,46.60056657223796,706,120,1.6666666666666667,0.0,98.33333333333333,106.79166666666667
GBPUSD,mom rsi70 h8,365,125,design,46.60056657223796,706,721,41.60887656033287,15.256588072122051,43.13453536754508,171.3125
GBPUSD,mom rsi70 h8,365,125,hold,46.60056657223796,706,120,6.666666666666667,0.0,93.33333333333333,90.41666666666667
GBPUSD,mom rsi70 h8,365,150,design,46.60056657223796,706,721,49.79195561719833,20.110957004160888,30.097087378640776,138.33333333333334
GBPUSD,mom rsi70 h8,365,150,hold,46.60056657223796,706,120,17.5,53.333333333333336,29.166666666666668,78.29166666666667
GBPUSD,mom rsi70 h8,365,200,design,46.60056657223796,706,721,47.8502080443828,52.1497919556172,0.0,78.79166666666667
GBPUSD,mom rsi70 h8,365,200,hold,46.60056657223796,706,120,25.0,75.0,0.0,55.916666666666664
GBPUSD,mom rsi75 h8,30,50,design,50.847457627118644,354,721,0.0,0.0,100.0,
GBPUSD,mom rsi75 h8,30,50,hold,50.847457627118644,354,200,0.0,0.0,100.0,
GBPUSD,mom rsi75 h8,30,75,design,50.847457627118644,354,721,0.0,0.0,100.0,
GBPUSD,mom rsi75 h8,30,75,hold,50.847457627118644,354,200,0.0,0.0,100.0,
GBPUSD,mom rsi75 h8,30,100,design,50.847457627118644,354,721,0.0,0.0,100.0,
GBPUSD,mom rsi75 h8,30,100,hold,50.847457627118644,354,200,0.0,0.0,100.0,
GBPUSD,mom rsi75 h8,30,125,design,50.847457627118644,354,721,0.27739251040221913,0.0,99.72260748959778,26.291666666666668
GBPUSD,mom rsi75 h8,30,125,hold,50.847457627118644,354,200,0.0,0.0,100.0,
GBPUSD,mom rsi75 h8,30,150,design,50.847457627118644,354,721,1.3869625520110958,0.0,98.6130374479889,19.5625
GBPUSD,mom rsi75 h8,30,150,hold,50.847457627118644,354,200,0.0,0.0,100.0,
GBPUSD,mom rsi75 h8,30,200,design,50.847457627118644,354,721,2.0804438280166435,0.0,97.91955617198336,10.666666666666666
GBPUSD,mom rsi75 h8,30,200,hold,50.847457627118644,354,200,0.0,0.0,100.0,
GBPUSD,mom rsi75 h8,60,50,design,50.847457627118644,354,721,0.0,0.0,100.0,
GBPUSD,mom rsi75 h8,60,50,hold,50.847457627118644,354,190,0.0,0.0,100.0,
GBPUSD,mom rsi75 h8,60,75,design,50.847457627118644,354,721,0.0,0.0,100.0,
GBPUSD,mom rsi75 h8,60,75,hold,50.847457627118644,354,190,0.0,0.0,100.0,
GBPUSD,mom rsi75 h8,60,100,design,50.847457627118644,354,721,0.0,0.0,100.0,
GBPUSD,mom rsi75 h8,60,100,hold,50.847457627118644,354,190,0.0,0.0,100.0,
GBPUSD,mom rsi75 h8,60,125,design,50.847457627118644,354,721,0.4160887656033287,0.0,99.58391123439667,27.791666666666668
GBPUSD,mom rsi75 h8,60,125,hold,50.847457627118644,354,190,0.0,0.0,100.0,
GBPUSD,mom rsi75 h8,60,150,design,50.847457627118644,354,721,3.744798890429958,0.0,96.25520110957004,45.791666666666664
GBPUSD,mom rsi75 h8,60,150,hold,50.847457627118644,354,190,0.0,0.0,100.0,
GBPUSD,mom rsi75 h8,60,200,design,50.847457627118644,354,721,5.825242718446602,0.0,94.1747572815534,38.97916666666667
GBPUSD,mom rsi75 h8,60,200,hold,50.847457627118644,354,190,0.5263157894736842,0.0,99.47368421052632,48.333333333333336
GBPUSD,mom rsi75 h8,90,50,design,50.847457627118644,354,721,0.0,0.0,100.0,
GBPUSD,mom rsi75 h8,90,50,hold,50.847457627118644,354,180,0.0,0.0,100.0,
GBPUSD,mom rsi75 h8,90,75,design,50.847457627118644,354,721,0.0,0.0,100.0,
GBPUSD,mom rsi75 h8,90,75,hold,50.847457627118644,354,180,0.0,0.0,100.0,
GBPUSD,mom rsi75 h8,90,100,design,50.847457627118644,354,721,0.0,0.0,100.0,
GBPUSD,mom rsi75 h8,90,100,hold,50.847457627118644,354,180,0.0,0.0,100.0,
GBPUSD,mom rsi75 h8,90,125,design,50.847457627118644,354,721,0.5547850208044383,0.0,99.44521497919555,29.291666666666668
GBPUSD,mom rsi75 h8,90,125,hold,50.847457627118644,354,180,0.0,0.0,100.0,
GBPUSD,mom rsi75 h8,90,150,design,50.847457627118644,354,721,6.657420249653259,0.0,93.34257975034674,56.97916666666667
GBPUSD,mom rsi75 h8,90,150,hold,50.847457627118644,354,180,0.0,0.0,100.0,
GBPUSD,mom rsi75 h8,90,200,design,50.847457627118644,354,721,11.511789181692095,0.0,88.4882108183079,58.666666666666664
GBPUSD,mom rsi75 h8,90,200,hold,50.847457627118644,354,180,0.5555555555555556,0.0,99.44444444444444,48.333333333333336
GBPUSD,mom rsi75 h8,365,50,design,50.847457627118644,354,721,0.0,0.0,100.0,
GBPUSD,mom rsi75 h8,365,50,hold,50.847457627118644,354,120,0.0,0.0,100.0,
GBPUSD,mom rsi75 h8,365,75,design,50.847457627118644,354,721,11.095700416088766,0.0,88.90429958391124,314.5208333333333
GBPUSD,mom rsi75 h8,365,75,hold,50.847457627118644,354,120,0.0,0.0,100.0,
GBPUSD,mom rsi75 h8,365,100,design,50.847457627118644,354,721,20.943134535367545,0.0,79.05686546463245,237.66666666666666
GBPUSD,mom rsi75 h8,365,100,hold,50.847457627118644,354,120,0.0,0.0,100.0,
GBPUSD,mom rsi75 h8,365,125,design,50.847457627118644,354,721,27.739251040221912,0.0,72.26074895977808,190.1875
GBPUSD,mom rsi75 h8,365,125,hold,50.847457627118644,354,120,0.0,0.0,100.0,
GBPUSD,mom rsi75 h8,365,150,design,50.847457627118644,354,721,30.235783633841883,6.102635228848821,63.6615811373093,152.54166666666669
GBPUSD,mom rsi75 h8,365,150,hold,50.847457627118644,354,120,0.0,0.0,100.0,
GBPUSD,mom rsi75 h8,365,200,design,50.847457627118644,354,721,38.55755894590846,21.914008321775313,39.528432732316226,122.625
GBPUSD,mom rsi75 h8,365,200,hold,50.847457627118644,354,120,9.166666666666666,0.0,90.83333333333333,190.83333333333334
USDJPY,fade3.0/20 h4,30,50,design,42.29390681003584,279,721,0.0,0.0,100.0,
USDJPY,fade3.0/20 h4,30,50,hold,42.29390681003584,279,198,0.0,0.0,100.0,
USDJPY,fade3.0/20 h4,30,75,design,42.29390681003584,279,721,0.0,0.0,100.0,
USDJPY,fade3.0/20 h4,30,75,hold,42.29390681003584,279,198,0.0,0.0,100.0,
USDJPY,fade3.0/20 h4,30,100,design,42.29390681003584,279,721,0.0,0.0,100.0,
USDJPY,fade3.0/20 h4,30,100,hold,42.29390681003584,279,198,0.0,0.0,100.0,
USDJPY,fade3.0/20 h4,30,125,design,42.29390681003584,279,721,0.0,0.0,100.0,
USDJPY,fade3.0/20 h4,30,125,hold,42.29390681003584,279,198,0.0,0.0,100.0,
USDJPY,fade3.0/20 h4,30,150,design,42.29390681003584,279,721,0.4160887656033287,0.0,99.58391123439667,24.458333333333332
USDJPY,fade3.0/20 h4,30,150,hold,42.29390681003584,279,198,0.0,0.0,100.0,
USDJPY,fade3.0/20 h4,30,200,design,42.29390681003584,279,721,1.248266296809986,0.0,98.75173370319001,17.666666666666668
USDJPY,fade3.0/20 h4,30,200,hold,42.29390681003584,279,198,0.0,0.0,100.0,
USDJPY,fade3.0/20 h4,60,50,design,42.29390681003584,279,721,0.0,0.0,100.0,
USDJPY,fade3.0/20 h4,60,50,hold,42.29390681003584,279,188,0.0,0.0,100.0,
USDJPY,fade3.0/20 h4,60,75,design,42.29390681003584,279,721,0.0,0.0,100.0,
USDJPY,fade3.0/20 h4,60,75,hold,42.29390681003584,279,188,0.0,0.0,100.0,
USDJPY,fade3.0/20 h4,60,100,design,42.29390681003584,279,721,0.0,0.0,100.0,
USDJPY,fade3.0/20 h4,60,100,hold,42.29390681003584,279,188,0.0,0.0,100.0,
USDJPY,fade3.0/20 h4,60,125,design,42.29390681003584,279,721,1.3869625520110958,0.0,98.6130374479889,43.916666666666664
USDJPY,fade3.0/20 h4,60,125,hold,42.29390681003584,279,188,0.0,0.0,100.0,
USDJPY,fade3.0/20 h4,60,150,design,42.29390681003584,279,721,1.6643550624133148,0.0,98.3356449375867,39.458333333333336
USDJPY,fade3.0/20 h4,60,150,hold,42.29390681003584,279,188,0.0,0.0,100.0,
USDJPY,fade3.0/20 h4,60,200,design,42.29390681003584,279,721,2.7739251040221915,0.0,97.2260748959778,31.541666666666664
USDJPY,fade3.0/20 h4,60,200,hold,42.29390681003584,279,188,0.0,0.0,100.0,
USDJPY,fade3.0/20 h4,90,50,design,42.29390681003584,279,721,0.0,0.0,100.0,
USDJPY,fade3.0/20 h4,90,50,hold,42.29390681003584,279,178,0.0,0.0,100.0,
USDJPY,fade3.0/20 h4,90,75,design,42.29390681003584,279,721,0.0,0.0,100.0,
USDJPY,fade3.0/20 h4,90,75,hold,42.29390681003584,279,178,0.0,0.0,100.0,
USDJPY,fade3.0/20 h4,90,100,design,42.29390681003584,279,721,0.0,0.0,100.0,
USDJPY,fade3.0/20 h4,90,100,hold,42.29390681003584,279,178,0.0,0.0,100.0,
USDJPY,fade3.0/20 h4,90,125,design,42.29390681003584,279,721,2.6352288488210815,0.0,97.36477115117891,57.416666666666664
USDJPY,fade3.0/20 h4,90,125,hold,42.29390681003584,279,178,0.0,0.0,100.0,
USDJPY,fade3.0/20 h4,90,150,design,42.29390681003584,279,721,3.0513176144244105,0.0,96.9486823855756,55.958333333333336
USDJPY,fade3.0/20 h4,90,150,hold,42.29390681003584,279,178,0.0,0.0,100.0,
USDJPY,fade3.0/20 h4,90,200,design,42.29390681003584,279,721,4.160887656033287,0.0,95.83911234396672,46.166666666666664
USDJPY,fade3.0/20 h4,90,200,hold,42.29390681003584,279,178,0.0,0.0,100.0,
USDJPY,fade3.0/20 h4,365,50,design,42.29390681003584,279,721,0.0,0.0,100.0,
USDJPY,fade3.0/20 h4,365,50,hold,42.29390681003584,279,118,0.0,0.0,100.0,
USDJPY,fade3.0/20 h4,365,75,design,42.29390681003584,279,721,0.0,0.0,100.0,
USDJPY,fade3.0/20 h4,365,75,hold,42.29390681003584,279,118,0.0,0.0,100.0,
USDJPY,fade3.0/20 h4,365,100,design,42.29390681003584,279,721,0.0,3.744798890429958,96.25520110957004,
USDJPY,fade3.0/20 h4,365,100,hold,42.29390681003584,279,118,0.0,0.0,100.0,
USDJPY,fade3.0/20 h4,365,125,design,42.29390681003584,279,721,4.0221914008321775,8.876560332871012,87.1012482662968,75.41666666666667
USDJPY,fade3.0/20 h4,365,125,hold,42.29390681003584,279,118,0.0,22.033898305084744,77.96610169491525,
USDJPY,fade3.0/20 h4,365,150,design,42.29390681003584,279,721,9.153952843273231,23.855755894590846,66.99029126213593,127.91666666666666
USDJPY,fade3.0/20 h4,365,150,hold,42.29390681003584,279,118,0.0,53.38983050847458,46.61016949152542,
USDJPY,fade3.0/20 h4,365,200,design,42.29390681003584,279,721,13.314840499306518,50.20804438280167,36.47711511789182,165.4375
USDJPY,fade3.0/20 h4,365,200,hold,42.29390681003584,279,118,0.0,99.15254237288136,0.847457627118644,
USDJPY,fade3.0/20 h8,30,50,design,42.238267148014444,277,721,0.0,0.0,100.0,
USDJPY,fade3.0/20 h8,30,50,hold,42.238267148014444,277,198,0.0,0.0,100.0,
USDJPY,fade3.0/20 h8,30,75,design,42.238267148014444,277,721,0.0,0.0,100.0,
USDJPY,fade3.0/20 h8,30,75,hold,42.238267148014444,277,198,0.0,0.0,100.0,
USDJPY,fade3.0/20 h8,30,100,design,42.238267148014444,277,721,0.0,0.0,100.0,
USDJPY,fade3.0/20 h8,30,100,hold,42.238267148014444,277,198,0.0,0.0,100.0,
USDJPY,fade3.0/20 h8,30,125,design,42.238267148014444,277,721,0.27739251040221913,0.0,99.72260748959778,26.125
USDJPY,fade3.0/20 h8,30,125,hold,42.238267148014444,277,198,0.0,0.0,100.0,
USDJPY,fade3.0/20 h8,30,150,design,42.238267148014444,277,721,0.6934812760055479,0.0,99.30651872399446,14.833333333333334
USDJPY,fade3.0/20 h8,30,150,hold,42.238267148014444,277,198,0.0,0.0,100.0,
USDJPY,fade3.0/20 h8,30,200,design,42.238267148014444,277,721,2.0804438280166435,0.0,97.91955617198336,20.833333333333332
USDJPY,fade3.0/20 h8,30,200,hold,42.238267148014444,277,198,0.0,0.0,100.0,
USDJPY,fade3.0/20 h8,60,50,design,42.238267148014444,277,721,0.0,0.0,100.0,
USDJPY,fade3.0/20 h8,60,50,hold,42.238267148014444,277,188,0.0,0.0,100.0,
USDJPY,fade3.0/20 h8,60,75,design,42.238267148014444,277,721,0.0,0.0,100.0,
USDJPY,fade3.0/20 h8,60,75,hold,42.238267148014444,277,188,0.0,0.0,100.0,
USDJPY,fade3.0/20 h8,60,100,design,42.238267148014444,277,721,0.9708737864077669,0.0,99.02912621359224,42.583333333333336
USDJPY,fade3.0/20 h8,60,100,hold,42.238267148014444,277,188,0.0,0.0,100.0,
USDJPY,fade3.0/20 h8,60,125,design,42.238267148014444,277,721,1.3869625520110958,0.0,98.6130374479889,38.125
USDJPY,fade3.0/20 h8,60,125,hold,42.238267148014444,277,188,0.0,0.0,100.0,
USDJPY,fade3.0/20 h8,60,150,design,42.238267148014444,277,721,1.8030513176144243,0.0,98.19694868238558,39.625
USDJPY,fade3.0/20 h8,60,150,hold,42.238267148014444,277,188,0.0,0.0,100.0,
USDJPY,fade3.0/20 h8,60,200,design,42.238267148014444,277,721,3.8834951456310676,0.0,96.11650485436894,28.708333333333332
USDJPY,fade3.0/20 h8,60,200,hold,42.238267148014444,277,188,0.0,0.0,100.0,
USDJPY,fade3.0/20 h8,90,50,design,42.238267148014444,277,721,0.0,0.0,100.0,
USDJPY,fade3.0/20 h8,90,50,hold,42.238267148014444,277,178,0.0,0.0,100.0,
USDJPY,fade3.0/20 h8,90,75,design,42.238267148014444,277,721,0.0,0.0,100.0,
USDJPY,fade3.0/20 h8,90,75,hold,42.238267148014444,277,178,0.0,0.0,100.0,
USDJPY,fade3.0/20 h8,90,100,design,42.238267148014444,277,721,2.3578363384188625,0.0,97.64216366158114,63.375
USDJPY,fade3.0/20 h8,90,100,hold,42.238267148014444,277,178,0.0,0.0,100.0,
USDJPY,fade3.0/20 h8,90,125,design,42.238267148014444,277,721,2.6352288488210815,0.0,97.36477115117891,57.583333333333336
USDJPY,fade3.0/20 h8,90,125,hold,42.238267148014444,277,178,0.0,0.0,100.0,
USDJPY,fade3.0/20 h8,90,150,design,42.238267148014444,277,721,2.912621359223301,0.0,97.0873786407767,51.625
USDJPY,fade3.0/20 h8,90,150,hold,42.238267148014444,277,178,0.0,0.0,100.0,
USDJPY,fade3.0/20 h8,90,200,design,42.238267148014444,277,721,4.854368932038835,0.0,95.14563106796116,33.375
USDJPY,fade3.0/20 h8,90,200,hold,42.238267148014444,277,178,0.0,0.0,100.0,
USDJPY,fade3.0/20 h8,365,50,design,42.238267148014444,277,721,0.0,0.0,100.0,
USDJPY,fade3.0/20 h8,365,50,hold,42.238267148014444,277,118,0.0,0.0,100.0,
USDJPY,fade3.0/20 h8,365,75,design,42.238267148014444,277,721,0.0,0.0,100.0,
USDJPY,fade3.0/20 h8,365,75,hold,42.238267148014444,277,118,0.0,0.0,100.0,
USDJPY,fade3.0/20 h8,365,100,design,42.238267148014444,277,721,2.7739251040221915,1.248266296809986,95.97780859916783,67.875
USDJPY,fade3.0/20 h8,365,100,hold,42.238267148014444,277,118,0.0,19.491525423728813,80.50847457627118,
USDJPY,fade3.0/20 h8,365,125,design,42.238267148014444,277,721,6.102635228848821,21.081830790568652,72.81553398058253,100.25
USDJPY,fade3.0/20 h8,365,125,hold,42.238267148014444,277,118,0.0,53.38983050847458,46.61016949152542,
USDJPY,fade3.0/20 h8,365,150,design,42.238267148014444,277,721,12.205270457697642,32.31622746185853,55.478502080443825,166.875
USDJPY,fade3.0/20 h8,365,150,hold,42.238267148014444,277,118,0.0,62.71186440677966,37.28813559322034,
USDJPY,fade3.0/20 h8,365,200,design,42.238267148014444,277,721,17.475728155339805,50.20804438280167,32.31622746185853,168.58333333333334
USDJPY,fade3.0/20 h8,365,200,hold,42.238267148014444,277,118,0.0,100.0,0.0,
USDJPY,fade2.5/25 h4,30,50,design,45.492662473794546,954,721,0.0,0.0,100.0,
USDJPY,fade2.5/25 h4,30,50,hold,45.492662473794546,954,202,0.0,0.0,100.0,
USDJPY,fade2.5/25 h4,30,75,design,45.492662473794546,954,721,0.0,0.0,100.0,
USDJPY,fade2.5/25 h4,30,75,hold,45.492662473794546,954,202,0.0,0.0,100.0,
USDJPY,fade2.5/25 h4,30,100,design,45.492662473794546,954,721,0.0,0.0,100.0,
USDJPY,fade2.5/25 h4,30,100,hold,45.492662473794546,954,202,0.0,0.0,100.0,
USDJPY,fade2.5/25 h4,30,125,design,45.492662473794546,954,721,0.0,0.0,100.0,
USDJPY,fade2.5/25 h4,30,125,hold,45.492662473794546,954,202,0.0,0.0,100.0,
USDJPY,fade2.5/25 h4,30,150,design,45.492662473794546,954,721,0.0,0.0,100.0,
USDJPY,fade2.5/25 h4,30,150,hold,45.492662473794546,954,202,0.0,0.0,100.0,
USDJPY,fade2.5/25 h4,30,200,design,45.492662473794546,954,721,0.0,0.0,100.0,
USDJPY,fade2.5/25 h4,30,200,hold,45.492662473794546,954,202,0.0,0.0,100.0,
USDJPY,fade2.5/25 h4,60,50,design,45.492662473794546,954,721,0.0,0.0,100.0,
USDJPY,fade2.5/25 h4,60,50,hold,45.492662473794546,954,192,0.0,0.0,100.0,
USDJPY,fade2.5/25 h4,60,75,design,45.492662473794546,954,721,0.0,0.0,100.0,
USDJPY,fade2.5/25 h4,60,75,hold,45.492662473794546,954,192,0.0,0.0,100.0,
USDJPY,fade2.5/25 h4,60,100,design,45.492662473794546,954,721,0.0,0.0,100.0,
USDJPY,fade2.5/25 h4,60,100,hold,45.492662473794546,954,192,0.0,0.0,100.0,
USDJPY,fade2.5/25 h4,60,125,design,45.492662473794546,954,721,0.0,0.0,100.0,
USDJPY,fade2.5/25 h4,60,125,hold,45.492662473794546,954,192,0.0,0.0,100.0,
USDJPY,fade2.5/25 h4,60,150,design,45.492662473794546,954,721,0.0,0.0,100.0,
USDJPY,fade2.5/25 h4,60,150,hold,45.492662473794546,954,192,0.0,0.0,100.0,
USDJPY,fade2.5/25 h4,60,200,design,45.492662473794546,954,721,0.0,7.350901525658807,92.6490984743412,
USDJPY,fade2.5/25 h4,60,200,hold,45.492662473794546,954,192,0.0,1.0416666666666665,98.95833333333334,
USDJPY,fade2.5/25 h4,90,50,design,45.492662473794546,954,721,0.0,0.0,100.0,
USDJPY,fade2.5/25 h4,90,50,hold,45.492662473794546,954,182,0.0,0.0,100.0,
USDJPY,fade2.5/25 h4,90,75,design,45.492662473794546,954,721,0.0,0.0,100.0,
USDJPY,fade2.5/25 h4,90,75,hold,45.492662473794546,954,182,0.0,0.0,100.0,
USDJPY,fade2.5/25 h4,90,100,design,45.492662473794546,954,721,0.0,0.0,100.0,
USDJPY,fade2.5/25 h4,90,100,hold,45.492662473794546,954,182,0.0,0.0,100.0,
USDJPY,fade2.5/25 h4,90,125,design,45.492662473794546,954,721,0.0,0.6934812760055479,99.30651872399446,
USDJPY,fade2.5/25 h4,90,125,hold,45.492662473794546,954,182,0.0,0.0,100.0,
USDJPY,fade2.5/25 h4,90,150,design,45.492662473794546,954,721,0.0,4.2995839112343965,95.7004160887656,
USDJPY,fade2.5/25 h4,90,150,hold,45.492662473794546,954,182,0.0,0.0,100.0,
USDJPY,fade2.5/25 h4,90,200,design,45.492662473794546,954,721,0.0,17.337031900138697,82.6629680998613,
USDJPY,fade2.5/25 h4,90,200,hold,45.492662473794546,954,182,0.0,15.384615384615385,84.61538461538461,
USDJPY,fade2.5/25 h4,365,50,design,45.492662473794546,954,721,0.0,0.0,100.0,
USDJPY,fade2.5/25 h4,365,50,hold,45.492662473794546,954,122,0.0,0.0,100.0,
USDJPY,fade2.5/25 h4,365,75,design,45.492662473794546,954,721,0.0,16.643550624133148,83.35644937586684,
USDJPY,fade2.5/25 h4,365,75,hold,45.492662473794546,954,122,0.0,0.0,100.0,
USDJPY,fade2.5/25 h4,365,100,design,45.492662473794546,954,721,0.0,50.20804438280167,49.79195561719833,
USDJPY,fade2.5/25 h4,365,100,hold,45.492662473794546,954,122,0.0,21.311475409836063,78.68852459016394,
USDJPY,fade2.5/25 h4,365,125,design,45.492662473794546,954,721,0.0,62.69070735090153,37.309292649098474,
USDJPY,fade2.5/25 h4,365,125,hold,45.492662473794546,954,122,0.0,41.80327868852459,58.19672131147541,
USDJPY,fade2.5/25 h4,365,150,design,45.492662473794546,954,721,0.0,79.19556171983356,20.804438280166433,
USDJPY,fade2.5/25 h4,365,150,hold,45.492662473794546,954,122,0.0,53.278688524590166,46.72131147540984,
USDJPY,fade2.5/25 h4,365,200,design,45.492662473794546,954,721,0.27739251040221913,99.30651872399446,0.4160887656033287,148.91666666666666
USDJPY,fade2.5/25 h4,365,200,hold,45.492662473794546,954,122,2.459016393442623,68.85245901639344,28.688524590163933,129.16666666666666
USDJPY,fade2.5/25 h8,30,50,design,47.30603448275862,928,721,0.0,0.0,100.0,
USDJPY,fade2.5/25 h8,30,50,hold,47.30603448275862,928,202,0.0,0.0,100.0,
USDJPY,fade2.5/25 h8,30,75,design,47.30603448275862,928,721,0.0,0.0,100.0,
USDJPY,fade2.5/25 h8,30,75,hold,47.30603448275862,928,202,0.0,0.0,100.0,
USDJPY,fade2.5/25 h8,30,100,design,47.30603448275862,928,721,0.0,0.0,100.0,
USDJPY,fade2.5/25 h8,30,100,hold,47.30603448275862,928,202,0.0,0.0,100.0,
USDJPY,fade2.5/25 h8,30,125,design,47.30603448275862,928,721,0.4160887656033287,0.0,99.58391123439667,26.583333333333332
USDJPY,fade2.5/25 h8,30,125,hold,47.30603448275862,928,202,0.0,0.0,100.0,
USDJPY,fade2.5/25 h8,30,150,design,47.30603448275862,928,721,1.1095700416088765,0.27739251040221913,98.6130374479889,21.625
USDJPY,fade2.5/25 h8,30,150,hold,47.30603448275862,928,202,0.9900990099009901,0.0,99.00990099009901,22.625
USDJPY,fade2.5/25 h8,30,200,design,47.30603448275862,928,721,3.0513176144244105,2.219140083217753,94.72954230235784,20.0
USDJPY,fade2.5/25 h8,30,200,hold,47.30603448275862,928,202,2.4752475247524752,0.0,97.52475247524752,23.291666666666668
USDJPY,fade2.5/25 h8,60,50,design,47.30603448275862,928,721,0.0,0.0,100.0,
USDJPY,fade2.5/25 h8,60,50,hold,47.30603448275862,928,192,0.0,0.0,100.0,
USDJPY,fade2.5/25 h8,60,75,design,47.30603448275862,928,721,0.0,0.0,100.0,
USDJPY,fade2.5/25 h8,60,75,hold,47.30603448275862,928,192,0.0,0.0,100.0,
USDJPY,fade2.5/25 h8,60,100,design,47.30603448275862,928,721,0.0,0.0,100.0,
USDJPY,fade2.5/25 h8,60,100,hold,47.30603448275862,928,192,0.0,0.0,100.0,
USDJPY,fade2.5/25 h8,60,125,design,47.30603448275862,928,721,0.6934812760055479,1.9417475728155338,97.36477115117891,27.833333333333332
USDJPY,fade2.5/25 h8,60,125,hold,47.30603448275862,928,192,0.5208333333333333,0.0,99.47916666666666,53.625
USDJPY,fade2.5/25 h8,60,150,design,47.30603448275862,928,721,1.248266296809986,4.993065187239944,93.75866851595008,22.666666666666668
USDJPY,fade2.5/25 h8,60,150,hold,47.30603448275862,928,192,3.6458333333333335,0.0,96.35416666666666,35.291666666666664
USDJPY,fade2.5/25 h8,60,200,design,47.30603448275862,928,721,6.2413314840499305,15.117891816920942,78.64077669902912,30.541666666666668
USDJPY,fade2.5/25 h8,60,200,hold,47.30603448275862,928,192,5.208333333333334,11.979166666666668,82.8125,29.291666666666668
USDJPY,fade2.5/25 h8,90,50,design,47.30603448275862,928,721,0.0,0.0,100.0,
USDJPY,fade2.5/25 h8,90,50,hold,47.30603448275862,928,182,0.0,0.0,100.0,
USDJPY,fade2.5/25 h8,90,75,design,47.30603448275862,928,721,0.0,0.0,100.0,
USDJPY,fade2.5/25 h8,90,75,hold,47.30603448275862,928,182,0.0,0.0,100.0,
USDJPY,fade2.5/25 h8,90,100,design,47.30603448275862,928,721,0.0,0.6934812760055479,99.30651872399446,
USDJPY,fade2.5/25 h8,90,100,hold,47.30603448275862,928,182,0.0,0.0,100.0,
USDJPY,fade2.5/25 h8,90,125,design,47.30603448275862,928,721,0.9708737864077669,7.212205270457697,91.81692094313453,35.583333333333336
USDJPY,fade2.5/25 h8,90,125,hold,47.30603448275862,928,182,0.5494505494505495,0.5494505494505495,98.9010989010989,53.625
USDJPY,fade2.5/25 h8,90,150,design,47.30603448275862,928,721,2.0804438280166435,15.811373092926493,82.10818307905686,28.666666666666668
USDJPY,fade2.5/25 h8,90,150,hold,47.30603448275862,928,182,3.8461538461538463,6.043956043956044,90.10989010989012,35.291666666666664
USDJPY,fade2.5/25 h8,90,200,design,47.30603448275862,928,721,8.876560332871012,32.31622746185853,58.80721220527045,41.72916666666667
USDJPY,fade2.5/25 h8,90,200,hold,47.30603448275862,928,182,7.142857142857142,39.010989010989015,53.84615384615385,33.791666666666664
USDJPY,fade2.5/25 h8,365,50,design,47.30603448275862,928,721,0.0,8.183079056865465,91.81692094313453,
USDJPY,fade2.5/25 h8,365,50,hold,47.30603448275862,928,122,0.0,0.0,100.0,
USDJPY,fade2.5/25 h8,365,75,design,47.30603448275862,928,721,0.0,38.41886269070735,61.58113730929264,
USDJPY,fade2.5/25 h8,365,75,hold,47.30603448275862,928,122,0.0,0.0,100.0,
USDJPY,fade2.5/25 h8,365,100,design,47.30603448275862,928,721,0.13869625520110956,58.80721220527045,41.05409153952843,228.33333333333334
USDJPY,fade2.5/25 h8,365,100,hold,47.30603448275862,928,122,0.0,68.85245901639344,31.147540983606557,
USDJPY,fade2.5/25 h8,365,125,design,47.30603448275862,928,721,2.3578363384188625,66.85159500693482,30.79056865464632,104.70833333333333
USDJPY,fade2.5/25 h8,365,125,hold,47.30603448275862,928,122,0.819672131147541,99.18032786885246,0.0,53.625
USDJPY,fade2.5/25 h8,365,150,design,47.30603448275862,928,721,6.2413314840499305,83.35644937586684,10.402219140083217,104.70833333333333
USDJPY,fade2.5/25 h8,365,150,hold,47.30603448275862,928,122,5.737704918032787,94.26229508196722,0.0,35.291666666666664
USDJPY,fade2.5/25 h8,365,200,design,47.30603448275862,928,721,15.256588072122051,83.63384188626907,1.1095700416088765,79.45833333333333
USDJPY,fade2.5/25 h8,365,200,hold,47.30603448275862,928,122,10.655737704918032,89.34426229508196,0.0,33.791666666666664
USDJPY,fade3.0/20 h4 L,30,50,design,49.03225806451613,155,721,0.0,0.0,100.0,
USDJPY,fade3.0/20 h4 L,30,50,hold,49.03225806451613,155,196,0.0,0.0,100.0,
USDJPY,fade3.0/20 h4 L,30,75,design,49.03225806451613,155,721,0.0,0.0,100.0,
USDJPY,fade3.0/20 h4 L,30,75,hold,49.03225806451613,155,196,0.0,0.0,100.0,
USDJPY,fade3.0/20 h4 L,30,100,design,49.03225806451613,155,721,0.0,0.0,100.0,
USDJPY,fade3.0/20 h4 L,30,100,hold,49.03225806451613,155,196,0.0,0.0,100.0,
USDJPY,fade3.0/20 h4 L,30,125,design,49.03225806451613,155,721,0.0,0.0,100.0,
USDJPY,fade3.0/20 h4 L,30,125,hold,49.03225806451613,155,196,0.0,0.0,100.0,
USDJPY,fade3.0/20 h4 L,30,150,design,49.03225806451613,155,721,0.0,0.0,100.0,
USDJPY,fade3.0/20 h4 L,30,150,hold,49.03225806451613,155,196,0.0,0.0,100.0,
USDJPY,fade3.0/20 h4 L,30,200,design,49.03225806451613,155,721,0.0,0.0,100.0,
USDJPY,fade3.0/20 h4 L,30,200,hold,49.03225806451613,155,196,0.0,0.0,100.0,
USDJPY,fade3.0/20 h4 L,60,50,design,49.03225806451613,155,721,0.0,0.0,100.0,
USDJPY,fade3.0/20 h4 L,60,50,hold,49.03225806451613,155,186,0.0,0.0,100.0,
USDJPY,fade3.0/20 h4 L,60,75,design,49.03225806451613,155,721,0.0,0.0,100.0,
USDJPY,fade3.0/20 h4 L,60,75,hold,49.03225806451613,155,186,0.0,0.0,100.0,
USDJPY,fade3.0/20 h4 L,60,100,design,49.03225806451613,155,721,0.0,0.0,100.0,
USDJPY,fade3.0/20 h4 L,60,100,hold,49.03225806451613,155,186,0.0,0.0,100.0,
USDJPY,fade3.0/20 h4 L,60,125,design,49.03225806451613,155,721,0.0,0.0,100.0,
USDJPY,fade3.0/20 h4 L,60,125,hold,49.03225806451613,155,186,0.0,0.0,100.0,
USDJPY,fade3.0/20 h4 L,60,150,design,49.03225806451613,155,721,0.0,0.0,100.0,
USDJPY,fade3.0/20 h4 L,60,150,hold,49.03225806451613,155,186,0.0,0.0,100.0,
USDJPY,fade3.0/20 h4 L,60,200,design,49.03225806451613,155,721,0.0,0.0,100.0,
USDJPY,fade3.0/20 h4 L,60,200,hold,49.03225806451613,155,186,0.0,0.0,100.0,
USDJPY,fade3.0/20 h4 L,90,50,design,49.03225806451613,155,721,0.0,0.0,100.0,
USDJPY,fade3.0/20 h4 L,90,50,hold,49.03225806451613,155,176,0.0,0.0,100.0,
USDJPY,fade3.0/20 h4 L,90,75,design,49.03225806451613,155,721,0.0,0.0,100.0,
USDJPY,fade3.0/20 h4 L,90,75,hold,49.03225806451613,155,176,0.0,0.0,100.0,
USDJPY,fade3.0/20 h4 L,90,100,design,49.03225806451613,155,721,0.0,0.0,100.0,
USDJPY,fade3.0/20 h4 L,90,100,hold,49.03225806451613,155,176,0.0,0.0,100.0,
USDJPY,fade3.0/20 h4 L,90,125,design,49.03225806451613,155,721,0.0,0.0,100.0,
USDJPY,fade3.0/20 h4 L,90,125,hold,49.03225806451613,155,176,0.0,0.0,100.0,
USDJPY,fade3.0/20 h4 L,90,150,design,49.03225806451613,155,721,0.0,0.0,100.0,
USDJPY,fade3.0/20 h4 L,90,150,hold,49.03225806451613,155,176,0.0,0.0,100.0,
USDJPY,fade3.0/20 h4 L,90,200,design,49.03225806451613,155,721,0.0,0.0,100.0,
USDJPY,fade3.0/20 h4 L,90,200,hold,49.03225806451613,155,176,0.0,0.0,100.0,
USDJPY,fade3.0/20 h4 L,365,50,design,49.03225806451613,155,721,0.0,0.0,100.0,
USDJPY,fade3.0/20 h4 L,365,50,hold,49.03225806451613,155,116,0.0,0.0,100.0,
USDJPY,fade3.0/20 h4 L,365,75,design,49.03225806451613,155,721,0.0,0.0,100.0,
USDJPY,fade3.0/20 h4 L,365,75,hold,49.03225806451613,155,116,0.0,0.0,100.0,
USDJPY,fade3.0/20 h4 L,365,100,design,49.03225806451613,155,721,0.0,0.0,100.0,
USDJPY,fade3.0/20 h4 L,365,100,hold,49.03225806451613,155,116,0.0,0.0,100.0,
USDJPY,fade3.0/20 h4 L,365,125,design,49.03225806451613,155,721,0.0,0.0,100.0,
USDJPY,fade3.0/20 h4 L,365,125,hold,49.03225806451613,155,116,0.0,0.0,100.0,
USDJPY,fade3.0/20 h4 L,365,150,design,49.03225806451613,155,721,0.0,4.993065187239944,95.00693481276005,
USDJPY,fade3.0/20 h4 L,365,150,hold,49.03225806451613,155,116,0.0,0.0,100.0,
USDJPY,fade3.0/20 h4 L,365,200,design,49.03225806451613,155,721,2.6352288488210815,13.314840499306518,84.0499306518724,204.66666666666666
USDJPY,fade3.0/20 h4 L,365,200,hold,49.03225806451613,155,116,0.0,6.896551724137931,93.10344827586206,
USDJPY,fade3.0/20 h8 L,30,50,design,48.05194805194805,154,721,0.0,0.0,100.0,
USDJPY,fade3.0/20 h8 L,30,50,hold,48.05194805194805,154,196,0.0,0.0,100.0,
USDJPY,fade3.0/20 h8 L,30,75,design,48.05194805194805,154,721,0.0,0.0,100.0,
USDJPY,fade3.0/20 h8 L,30,75,hold,48.05194805194805,154,196,0.0,0.0,100.0,
USDJPY,fade3.0/20 h8 L,30,100,design,48.05194805194805,154,721,0.0,0.0,100.0,
USDJPY,fade3.0/20 h8 L,30,100,hold,48.05194805194805,154,196,0.0,0.0,100.0,
USDJPY,fade3.0/20 h8 L,30,125,design,48.05194805194805,154,721,0.0,0.0,100.0,
USDJPY,fade3.0/20 h8 L,30,125,hold,48.05194805194805,154,196,0.0,0.0,100.0,
USDJPY,fade3.0/20 h8 L,30,150,design,48.05194805194805,154,721,0.0,0.0,100.0,
USDJPY,fade3.0/20 h8 L,30,150,hold,48.05194805194805,154,196,0.0,0.0,100.0,
USDJPY,fade3.0/20 h8 L,30,200,design,48.05194805194805,154,721,0.0,0.0,100.0,
USDJPY,fade3.0/20 h8 L,30,200,hold,48.05194805194805,154,196,0.0,0.0,100.0,
USDJPY,fade3.0/20 h8 L,60,50,design,48.05194805194805,154,721,0.0,0.0,100.0,
USDJPY,fade3.0/20 h8 L,60,50,hold,48.05194805194805,154,186,0.0,0.0,100.0,
USDJPY,fade3.0/20 h8 L,60,75,design,48.05194805194805,154,721,0.0,0.0,100.0,
USDJPY,fade3.0/20 h8 L,60,75,hold,48.05194805194805,154,186,0.0,0.0,100.0,
USDJPY,fade3.0/20 h8 L,60,100,design,48.05194805194805,154,721,0.0,0.0,100.0,
USDJPY,fade3.0/20 h8 L,60,100,hold,48.05194805194805,154,186,0.0,0.0,100.0,
USDJPY,fade3.0/20 h8 L,60,125,design,48.05194805194805,154,721,0.0,0.0,100.0,
USDJPY,fade3.0/20 h8 L,60,125,hold,48.05194805194805,154,186,0.0,0.0,100.0,
USDJPY,fade3.0/20 h8 L,60,150,design,48.05194805194805,154,721,0.0,0.0,100.0,
USDJPY,fade3.0/20 h8 L,60,150,hold,48.05194805194805,154,186,0.0,0.0,100.0,
USDJPY,fade3.0/20 h8 L,60,200,design,48.05194805194805,154,721,1.1095700416088765,0.0,98.89042995839112,46.875
USDJPY,fade3.0/20 h8 L,60,200,hold,48.05194805194805,154,186,0.0,0.0,100.0,
USDJPY,fade3.0/20 h8 L,90,50,design,48.05194805194805,154,721,0.0,0.0,100.0,
USDJPY,fade3.0/20 h8 L,90,50,hold,48.05194805194805,154,176,0.0,0.0,100.0,
USDJPY,fade3.0/20 h8 L,90,75,design,48.05194805194805,154,721,0.0,0.0,100.0,
USDJPY,fade3.0/20 h8 L,90,75,hold,48.05194805194805,154,176,0.0,0.0,100.0,
USDJPY,fade3.0/20 h8 L,90,100,design,48.05194805194805,154,721,0.0,0.0,100.0,
USDJPY,fade3.0/20 h8 L,90,100,hold,48.05194805194805,154,176,0.0,0.0,100.0,
USDJPY,fade3.0/20 h8 L,90,125,design,48.05194805194805,154,721,0.0,0.0,100.0,
USDJPY,fade3.0/20 h8 L,90,125,hold,48.05194805194805,154,176,0.0,0.0,100.0,
USDJPY,fade3.0/20 h8 L,90,150,design,48.05194805194805,154,721,0.0,0.0,100.0,
USDJPY,fade3.0/20 h8 L,90,150,hold,48.05194805194805,154,176,0.0,0.0,100.0,
USDJPY,fade3.0/20 h8 L,90,200,design,48.05194805194805,154,721,2.496532593619972,0.0,97.50346740638003,61.875
USDJPY,fade3.0/20 h8 L,90,200,hold,48.05194805194805,154,176,0.0,0.0,100.0,
USDJPY,fade3.0/20 h8 L,365,50,design,48.05194805194805,154,721,0.0,0.0,100.0,
USDJPY,fade3.0/20 h8 L,365,50,hold,48.05194805194805,154,116,0.0,0.0,100.0,
USDJPY,fade3.0/20 h8 L,365,75,design,48.05194805194805,154,721,0.0,0.0,100.0,
USDJPY,fade3.0/20 h8 L,365,75,hold,48.05194805194805,154,116,0.0,0.0,100.0,
USDJPY,fade3.0/20 h8 L,365,100,design,48.05194805194805,154,721,0.0,0.0,100.0,
USDJPY,fade3.0/20 h8 L,365,100,hold,48.05194805194805,154,116,0.0,0.0,100.0,
USDJPY,fade3.0/20 h8 L,365,125,design,48.05194805194805,154,721,0.0,0.0,100.0,
USDJPY,fade3.0/20 h8 L,365,125,hold,48.05194805194805,154,116,0.0,0.0,100.0,
USDJPY,fade3.0/20 h8 L,365,150,design,48.05194805194805,154,721,0.0,0.0,100.0,
USDJPY,fade3.0/20 h8 L,365,150,hold,48.05194805194805,154,116,0.0,0.0,100.0,
USDJPY,fade3.0/20 h8 L,365,200,design,48.05194805194805,154,721,7.766990291262135,1.5256588072122053,90.70735090152566,147.375
USDJPY,fade3.0/20 h8 L,365,200,hold,48.05194805194805,154,116,0.0,31.03448275862069,68.96551724137932,
USDJPY,fade2.5/25 h4 L,30,50,design,49.79838709677419,496,721,0.0,0.0,100.0,
USDJPY,fade2.5/25 h4 L,30,50,hold,49.79838709677419,496,202,0.0,0.0,100.0,
USDJPY,fade2.5/25 h4 L,30,75,design,49.79838709677419,496,721,0.0,0.0,100.0,
USDJPY,fade2.5/25 h4 L,30,75,hold,49.79838709677419,496,202,0.0,0.0,100.0,
USDJPY,fade2.5/25 h4 L,30,100,design,49.79838709677419,496,721,0.0,0.0,100.0,
USDJPY,fade2.5/25 h4 L,30,100,hold,49.79838709677419,496,202,0.0,0.0,100.0,
USDJPY,fade2.5/25 h4 L,30,125,design,49.79838709677419,496,721,0.0,0.0,100.0,
USDJPY,fade2.5/25 h4 L,30,125,hold,49.79838709677419,496,202,0.0,0.0,100.0,
USDJPY,fade2.5/25 h4 L,30,150,design,49.79838709677419,496,721,0.0,0.0,100.0,
USDJPY,fade2.5/25 h4 L,30,150,hold,49.79838709677419,496,202,0.0,0.0,100.0,
USDJPY,fade2.5/25 h4 L,30,200,design,49.79838709677419,496,721,0.0,0.0,100.0,
USDJPY,fade2.5/25 h4 L,30,200,hold,49.79838709677419,496,202,0.0,0.0,100.0,
USDJPY,fade2.5/25 h4 L,60,50,design,49.79838709677419,496,721,0.0,0.0,100.0,
USDJPY,fade2.5/25 h4 L,60,50,hold,49.79838709677419,496,192,0.0,0.0,100.0,
USDJPY,fade2.5/25 h4 L,60,75,design,49.79838709677419,496,721,0.0,0.0,100.0,
USDJPY,fade2.5/25 h4 L,60,75,hold,49.79838709677419,496,192,0.0,0.0,100.0,
USDJPY,fade2.5/25 h4 L,60,100,design,49.79838709677419,496,721,0.0,0.0,100.0,
USDJPY,fade2.5/25 h4 L,60,100,hold,49.79838709677419,496,192,0.0,0.0,100.0,
USDJPY,fade2.5/25 h4 L,60,125,design,49.79838709677419,496,721,0.0,0.0,100.0,
USDJPY,fade2.5/25 h4 L,60,125,hold,49.79838709677419,496,192,0.0,0.0,100.0,
USDJPY,fade2.5/25 h4 L,60,150,design,49.79838709677419,496,721,0.0,0.0,100.0,
USDJPY,fade2.5/25 h4 L,60,150,hold,49.79838709677419,496,192,0.0,0.0,100.0,
USDJPY,fade2.5/25 h4 L,60,200,design,49.79838709677419,496,721,1.3869625520110958,0.0,98.6130374479889,49.166666666666664
USDJPY,fade2.5/25 h4 L,60,200,hold,49.79838709677419,496,192,0.0,0.0,100.0,
USDJPY,fade2.5/25 h4 L,90,50,design,49.79838709677419,496,721,0.0,0.0,100.0,
USDJPY,fade2.5/25 h4 L,90,50,hold,49.79838709677419,496,182,0.0,0.0,100.0,
USDJPY,fade2.5/25 h4 L,90,75,design,49.79838709677419,496,721,0.0,0.0,100.0,
USDJPY,fade2.5/25 h4 L,90,75,hold,49.79838709677419,496,182,0.0,0.0,100.0,
USDJPY,fade2.5/25 h4 L,90,100,design,49.79838709677419,496,721,0.0,0.0,100.0,
USDJPY,fade2.5/25 h4 L,90,100,hold,49.79838709677419,496,182,0.0,0.0,100.0,
USDJPY,fade2.5/25 h4 L,90,125,design,49.79838709677419,496,721,0.13869625520110956,0.0,99.86130374479889,77.16666666666667
USDJPY,fade2.5/25 h4 L,90,125,hold,49.79838709677419,496,182,0.0,0.0,100.0,
USDJPY,fade2.5/25 h4 L,90,150,design,49.79838709677419,496,721,0.6934812760055479,0.0,99.30651872399446,77.66666666666667
USDJPY,fade2.5/25 h4 L,90,150,hold,49.79838709677419,496,182,0.0,0.0,100.0,
USDJPY,fade2.5/25 h4 L,90,200,design,49.79838709677419,496,721,5.547850208044383,2.219140083217753,92.23300970873787,71.125
USDJPY,fade2.5/25 h4 L,90,200,hold,49.79838709677419,496,182,0.0,0.0,100.0,
USDJPY,fade2.5/25 h4 L,365,50,design,49.79838709677419,496,721,0.0,0.0,100.0,
USDJPY,fade2.5/25 h4 L,365,50,hold,49.79838709677419,496,122,0.0,0.0,100.0,
USDJPY,fade2.5/25 h4 L,365,75,design,49.79838709677419,496,721,0.0,0.0,100.0,
USDJPY,fade2.5/25 h4 L,365,75,hold,49.79838709677419,496,122,0.0,0.0,100.0,
USDJPY,fade2.5/25 h4 L,365,100,design,49.79838709677419,496,721,1.248266296809986,6.657420249653259,92.09431345353676,155.66666666666666
USDJPY,fade2.5/25 h4 L,365,100,hold,49.79838709677419,496,122,0.0,0.0,100.0,
USDJPY,fade2.5/25 h4 L,365,125,design,49.79838709677419,496,721,10.124826629680998,16.920943134535367,72.95423023578364,188.66666666666666
USDJPY,fade2.5/25 h4 L,365,125,hold,49.79838709677419,496,122,0.0,0.0,100.0,
USDJPY,fade2.5/25 h4 L,365,150,design,49.79838709677419,496,721,16.78224687933426,28.01664355062413,55.20110957004161,160.75
USDJPY,fade2.5/25 h4 L,365,150,hold,49.79838709677419,496,122,0.0,0.0,100.0,
USDJPY,fade2.5/25 h4 L,365,200,design,49.79838709677419,496,721,31.06796116504854,48.95977808599168,19.972260748959776,149.20833333333331
USDJPY,fade2.5/25 h4 L,365,200,hold,49.79838709677419,496,122,0.0,13.934426229508196,86.0655737704918,
USDJPY,fade2.5/25 h8 L,30,50,design,50.0,486,721,0.0,0.0,100.0,
USDJPY,fade2.5/25 h8 L,30,50,hold,50.0,486,202,0.0,0.0,100.0,
USDJPY,fade2.5/25 h8 L,30,75,design,50.0,486,721,0.0,0.0,100.0,
USDJPY,fade2.5/25 h8 L,30,75,hold,50.0,486,202,0.0,0.0,100.0,
USDJPY,fade2.5/25 h8 L,30,100,design,50.0,486,721,0.0,0.0,100.0,
USDJPY,fade2.5/25 h8 L,30,100,hold,50.0,486,202,0.0,0.0,100.0,
USDJPY,fade2.5/25 h8 L,30,125,design,50.0,486,721,0.0,0.0,100.0,
USDJPY,fade2.5/25 h8 L,30,125,hold,50.0,486,202,0.0,0.0,100.0,
USDJPY,fade2.5/25 h8 L,30,150,design,50.0,486,721,0.27739251040221913,0.0,99.72260748959778,28.083333333333332
USDJPY,fade2.5/25 h8 L,30,150,hold,50.0,486,202,0.0,0.0,100.0,
USDJPY,fade2.5/25 h8 L,30,200,design,50.0,486,721,2.496532593619972,0.13869625520110956,97.36477115117891,22.770833333333336
USDJPY,fade2.5/25 h8 L,30,200,hold,50.0,486,202,0.0,0.0,100.0,
USDJPY,fade2.5/25 h8 L,60,50,design,50.0,486,721,0.0,0.0,100.0,
USDJPY,fade2.5/25 h8 L,60,50,hold,50.0,486,192,0.0,0.0,100.0,
USDJPY,fade2.5/25 h8 L,60,75,design,50.0,486,721,0.0,0.0,100.0,
USDJPY,fade2.5/25 h8 L,60,75,hold,50.0,486,192,0.0,0.0,100.0,
USDJPY,fade2.5/25 h8 L,60,100,design,50.0,486,721,0.0,0.0,100.0,
USDJPY,fade2.5/25 h8 L,60,100,hold,50.0,486,192,0.0,0.0,100.0,
USDJPY,fade2.5/25 h8 L,60,125,design,50.0,486,721,0.4160887656033287,0.0,99.58391123439667,56.833333333333336
USDJPY,fade2.5/25 h8 L,60,125,hold,50.0,486,192,0.0,0.0,100.0,
USDJPY,fade2.5/25 h8 L,60,150,design,50.0,486,721,2.6352288488210815,0.5547850208044383,96.80998613037448,47.833333333333336
USDJPY,fade2.5/25 h8 L,60,150,hold,50.0,486,192,1.0416666666666665,0.0,98.95833333333334,52.125
USDJPY,fade2.5/25 h8 L,60,200,design,50.0,486,721,6.2413314840499305,3.3287101248266295,90.42995839112345,39.333333333333336
USDJPY,fade2.5/25 h8 L,60,200,hold,50.0,486,192,5.208333333333334,0.0,94.79166666666666,42.0
USDJPY,fade2.5/25 h8 L,90,50,design,50.0,486,721,0.0,0.0,100.0,
USDJPY,fade2.5/25 h8 L,90,50,hold,50.0,486,182,0.0,0.0,100.0,
USDJPY,fade2.5/25 h8 L,90,75,design,50.0,486,721,0.0,0.0,100.0,
USDJPY,fade2.5/25 h8 L,90,75,hold,50.0,486,182,0.0,0.0,100.0,
USDJPY,fade2.5/25 h8 L,90,100,design,50.0,486,721,0.0,0.0,100.0,
USDJPY,fade2.5/25 h8 L,90,100,hold,50.0,486,182,0.0,0.0,100.0,
USDJPY,fade2.5/25 h8 L,90,125,design,50.0,486,721,2.7739251040221915,0.0,97.2260748959778,73.75
USDJPY,fade2.5/25 h8 L,90,125,hold,50.0,486,182,0.0,0.0,100.0,
USDJPY,fade2.5/25 h8 L,90,150,design,50.0,486,721,6.102635228848821,2.496532593619972,91.40083217753121,63.166666666666664
USDJPY,fade2.5/25 h8 L,90,150,hold,50.0,486,182,1.6483516483516485,0.0,98.35164835164835,53.625
USDJPY,fade2.5/25 h8 L,90,200,design,50.0,486,721,10.818307905686545,9.015256588072122,80.16643550624133,53.70833333333333
USDJPY,fade2.5/25 h8 L,90,200,hold,50.0,486,182,6.593406593406594,1.098901098901099,92.3076923076923,43.89583333333333
USDJPY,fade2.5/25 h8 L,365,50,design,50.0,486,721,0.0,0.0,100.0,
USDJPY,fade2.5/25 h8 L,365,50,hold,50.0,486,122,0.0,0.0,100.0,
USDJPY,fade2.5/25 h8 L,365,75,design,50.0,486,721,4.854368932038835,5.270457697642163,89.875173370319,237.58333333333334
USDJPY,fade2.5/25 h8 L,365,75,hold,50.0,486,122,0.0,0.0,100.0,
USDJPY,fade2.5/25 h8 L,365,100,design,50.0,486,721,16.08876560332871,16.78224687933426,67.12898751733704,218.6875
USDJPY,fade2.5/25 h8 L,365,100,hold,50.0,486,122,0.0,0.0,100.0,
USDJPY,fade2.5/25 h8 L,365,125,design,50.0,486,721,24.965325936199722,23.71705963938974,51.31761442441054,173.60416666666669
USDJPY,fade2.5/25 h8 L,365,125,hold,50.0,486,122,0.0,0.0,100.0,
USDJPY,fade2.5/25 h8 L,365,150,design,50.0,486,721,27.184466019417474,36.33841886269071,36.47711511789182,158.375
USDJPY,fade2.5/25 h8 L,365,150,hold,50.0,486,122,2.459016393442623,0.0,97.54098360655738,53.625
USDJPY,fade2.5/25 h8 L,365,200,design,50.0,486,721,27.600554785020805,68.65464632454923,3.744798890429958,107.66666666666667
USDJPY,fade2.5/25 h8 L,365,200,hold,50.0,486,122,9.836065573770492,9.836065573770492,80.32786885245902,43.89583333333333
USDJPY,mom rsi70 h8,30,50,design,50.59760956175299,753,721,0.0,0.0,100.0,
USDJPY,mom rsi70 h8,30,50,hold,50.59760956175299,753,200,0.0,0.0,100.0,
USDJPY,mom rsi70 h8,30,75,design,50.59760956175299,753,721,0.27739251040221913,0.0,99.72260748959778,22.708333333333332
USDJPY,mom rsi70 h8,30,75,hold,50.59760956175299,753,200,0.0,0.0,100.0,
USDJPY,mom rsi70 h8,30,100,design,50.59760956175299,753,721,0.9708737864077669,0.0,99.02912621359224,24.375
USDJPY,mom rsi70 h8,30,100,hold,50.59760956175299,753,200,0.0,0.0,100.0,
USDJPY,mom rsi70 h8,30,125,design,50.59760956175299,753,721,3.8834951456310676,0.0,96.11650485436894,20.604166666666668
USDJPY,mom rsi70 h8,30,125,hold,50.59760956175299,753,200,0.0,0.0,100.0,
USDJPY,mom rsi70 h8,30,150,design,50.59760956175299,753,721,7.212205270457697,0.0,92.7877947295423,21.3125
USDJPY,mom rsi70 h8,30,150,hold,50.59760956175299,753,200,3.0,0.0,97.0,26.291666666666668
USDJPY,mom rsi70 h8,30,200,design,50.59760956175299,753,721,12.76005547850208,0.0,87.23994452149792,19.395833333333336
USDJPY,mom rsi70 h8,30,200,hold,50.59760956175299,753,200,4.0,0.0,96.0,22.041666666666668
USDJPY,mom rsi70 h8,60,50,design,50.59760956175299,753,721,0.0,0.0,100.0,
USDJPY,mom rsi70 h8,60,50,hold,50.59760956175299,753,190,0.0,0.0,100.0,
USDJPY,mom rsi70 h8,60,75,design,50.59760956175299,753,721,2.0804438280166435,0.0,97.91955617198336,43.791666666666664
USDJPY,mom rsi70 h8,60,75,hold,50.59760956175299,753,190,0.0,0.0,100.0,
USDJPY,mom rsi70 h8,60,100,design,50.59760956175299,753,721,5.9639389736477115,0.0,94.03606102635229,42.416666666666664
USDJPY,mom rsi70 h8,60,100,hold,50.59760956175299,753,190,0.0,0.0,100.0,
USDJPY,mom rsi70 h8,60,125,design,50.59760956175299,753,721,9.986130374479888,0.0,90.01386962552012,34.1875
USDJPY,mom rsi70 h8,60,125,hold,50.59760956175299,753,190,3.684210526315789,0.0,96.3157894736842,54.666666666666664
USDJPY,mom rsi70 h8,60,150,design,50.59760956175299,753,721,16.08876560332871,0.0,83.91123439667129,33.75
USDJPY,mom rsi70 h8,60,150,hold,50.59760956175299,753,190,10.526315789473683,0.0,89.47368421052632,44.958333333333336
USDJPY,mom rsi70 h8,60,200,design,50.59760956175299,753,721,27.045769764216367,3.467406380027739,69.4868238557559,32.541666666666664
USDJPY,mom rsi70 h8,60,200,hold,50.59760956175299,753,190,21.578947368421055,0.0,78.42105263157895,41.625
USDJPY,mom rsi70 h8,90,50,design,50.59760956175299,753,721,0.13869625520110956,0.0,99.86130374479889,89.33333333333333
USDJPY,mom rsi70 h8,90,50,hold,50.59760956175299,753,180,0.0,0.0,100.0,
USDJPY,mom rsi70 h8,90,75,design,50.59760956175299,753,721,3.467406380027739,0.0,96.53259361997226,52.791666666666664
USDJPY,mom rsi70 h8,90,75,hold,50.59760956175299,753,180,0.0,0.0,100.0,
USDJPY,mom rsi70 h8,90,100,design,50.59760956175299,753,721,10.679611650485436,0.0,89.32038834951457,56.541666666666664
USDJPY,mom rsi70 h8,90,100,hold,50.59760956175299,753,180,5.555555555555555,0.0,94.44444444444444,73.375
USDJPY,mom rsi70 h8,90,125,design,50.59760956175299,753,721,18.030513176144243,0.0,81.96948682385575,54.64583333333333
USDJPY,mom rsi70 h8,90,125,hold,50.59760956175299,753,180,9.444444444444445,0.0,90.55555555555556,70.5
USDJPY,mom rsi70 h8,90,150,design,50.59760956175299,753,721,25.52011095700416,0.13869625520110956,74.34119278779472,49.8125
USDJPY,mom rsi70 h8,90,150,hold,50.59760956175299,753,180,19.444444444444446,0.0,80.55555555555556,56.625
USDJPY,mom rsi70 h8,90,200,design,50.59760956175299,753,721,39.1123439667129,12.066574202496533,48.82108183079057,45.70833333333333
USDJPY,mom rsi70 h8,90,200,hold,50.59760956175299,753,180,35.0,0.0,65.0,50.708333333333336
USDJPY,mom rsi70 h8,365,50,design,50.59760956175299,753,721,13.453536754507628,0.0,86.54646324549236,263.5416666666667
USDJPY,mom rsi70 h8,365,50,hold,50.59760956175299,753,120,0.0,0.0,100.0,
USDJPY,mom rsi70 h8,365,75,design,50.59760956175299,753,721,45.49237170596394,0.0,54.50762829403606,248.4375
USDJPY,mom rsi70 h8,365,75,hold,50.59760956175299,753,120,37.5,0.0,62.5,283.5
USDJPY,mom rsi70 h8,365,100,design,50.59760956175299,753,721,64.77115117891817,3.0513176144244105,32.17753120665742,198.91666666666666
USDJPY,mom rsi70 h8,365,100,hold,50.59760956175299,753,120,67.5,0.0,32.5,235.375
USDJPY,mom rsi70 h8,365,125,design,50.59760956175299,753,721,71.56726768377254,18.446601941747574,9.986130374479888,170.64583333333331
USDJPY,mom rsi70 h8,365,125,hold,50.59760956175299,753,120,86.66666666666667,0.0,13.333333333333334,204.95833333333331
USDJPY,mom rsi70 h8,365,150,design,50.59760956175299,753,721,76.8377253814147,18.723994452149793,4.438280166435506,127.5
USDJPY,mom rsi70 h8,365,150,hold,50.59760956175299,753,120,89.16666666666667,0.0,10.833333333333334,115.375
USDJPY,mom rsi70 h8,365,200,design,50.59760956175299,753,721,66.99029126213593,31.484049930651874,1.5256588072122053,73.125
USDJPY,mom rsi70 h8,365,200,hold,50.59760956175299,753,120,95.0,0.0,5.0,79.79166666666667
USDJPY,mom rsi75 h8,30,50,design,49.76525821596244,426,721,0.0,0.0,100.0,
USDJPY,mom rsi75 h8,30,50,hold,49.76525821596244,426,200,0.0,0.0,100.0,
USDJPY,mom rsi75 h8,30,75,design,49.76525821596244,426,721,0.0,0.0,100.0,
USDJPY,mom rsi75 h8,30,75,hold,49.76525821596244,426,200,0.0,0.0,100.0,
USDJPY,mom rsi75 h8,30,100,design,49.76525821596244,426,721,0.0,0.0,100.0,
USDJPY,mom rsi75 h8,30,100,hold,49.76525821596244,426,200,0.0,0.0,100.0,
USDJPY,mom rsi75 h8,30,125,design,49.76525821596244,426,721,1.248266296809986,0.0,98.75173370319001,23.875
USDJPY,mom rsi75 h8,30,125,hold,49.76525821596244,426,200,0.0,0.0,100.0,
USDJPY,mom rsi75 h8,30,150,design,49.76525821596244,426,721,1.8030513176144243,0.0,98.19694868238558,16.875
USDJPY,mom rsi75 h8,30,150,hold,49.76525821596244,426,200,0.0,0.0,100.0,
USDJPY,mom rsi75 h8,30,200,design,49.76525821596244,426,721,4.854368932038835,0.0,95.14563106796116,20.291666666666668
USDJPY,mom rsi75 h8,30,200,hold,49.76525821596244,426,200,0.0,0.0,100.0,
USDJPY,mom rsi75 h8,60,50,design,49.76525821596244,426,721,0.0,0.0,100.0,
USDJPY,mom rsi75 h8,60,50,hold,49.76525821596244,426,190,0.0,0.0,100.0,
USDJPY,mom rsi75 h8,60,75,design,49.76525821596244,426,721,0.0,0.0,100.0,
USDJPY,mom rsi75 h8,60,75,hold,49.76525821596244,426,190,0.0,0.0,100.0,
USDJPY,mom rsi75 h8,60,100,design,49.76525821596244,426,721,1.1095700416088765,0.0,98.89042995839112,46.833333333333336
USDJPY,mom rsi75 h8,60,100,hold,49.76525821596244,426,190,0.0,0.0,100.0,
USDJPY,mom rsi75 h8,60,125,design,49.76525821596244,426,721,4.160887656033287,0.0,95.83911234396672,37.54166666666667
USDJPY,mom rsi75 h8,60,125,hold,49.76525821596244,426,190,0.0,0.0,100.0,
USDJPY,mom rsi75 h8,60,150,design,49.76525821596244,426,721,6.2413314840499305,0.0,93.75866851595008,41.458333333333336
USDJPY,mom rsi75 h8,60,150,hold,49.76525821596244,426,190,0.0,0.0,100.0,
USDJPY,mom rsi75 h8,60,200,design,49.76525821596244,426,721,15.672676837725383,0.0,84.32732316227461,39.958333333333336
USDJPY,mom rsi75 h8,60,200,hold,49.76525821596244,426,190,0.5263157894736842,0.0,99.47368421052632,59.458333333333336
USDJPY,mom rsi75 h8,90,50,design,49.76525821596244,426,721,0.0,0.0,100.0,
USDJPY,mom rsi75 h8,90,50,hold,49.76525821596244,426,180,0.0,0.0,100.0,
USDJPY,mom rsi75 h8,90,75,design,49.76525821596244,426,721,0.8321775312066574,0.0,99.16782246879335,83.875
USDJPY,mom rsi75 h8,90,75,hold,49.76525821596244,426,180,0.0,0.0,100.0,
USDJPY,mom rsi75 h8,90,100,design,49.76525821596244,426,721,3.8834951456310676,0.0,96.11650485436894,73.0625
USDJPY,mom rsi75 h8,90,100,hold,49.76525821596244,426,180,0.0,0.0,100.0,
USDJPY,mom rsi75 h8,90,125,design,49.76525821596244,426,721,8.599167822468793,0.0,91.40083217753121,60.125
USDJPY,mom rsi75 h8,90,125,hold,49.76525821596244,426,180,0.0,0.0,100.0,
USDJPY,mom rsi75 h8,90,150,design,49.76525821596244,426,721,14.147018030513175,0.0,85.85298196948682,63.3125
USDJPY,mom rsi75 h8,90,150,hold,49.76525821596244,426,180,0.0,0.0,100.0,
USDJPY,mom rsi75 h8,90,200,design,49.76525821596244,426,721,25.52011095700416,0.6934812760055479,73.7864077669903,51.6875
USDJPY,mom rsi75 h8,90,200,hold,49.76525821596244,426,180,2.2222222222222223,0.0,97.77777777777777,79.79166666666667
USDJPY,mom rsi75 h8,365,50,design,49.76525821596244,426,721,14.424410540915394,0.0,85.5755894590846,252.1875
USDJPY,mom rsi75 h8,365,50,hold,49.76525821596244,426,120,0.0,0.0,100.0,
USDJPY,mom rsi75 h8,365,75,design,49.76525821596244,426,721,32.593619972260754,0.0,67.40638002773926,263.4583333333333
USDJPY,mom rsi75 h8,365,75,hold,49.76525821596244,426,120,0.0,0.0,100.0,
USDJPY,mom rsi75 h8,365,100,design,49.76525821596244,426,721,43.41192787794729,0.0,56.5880721220527,197.375
USDJPY,mom rsi75 h8,365,100,hold,49.76525821596244,426,120,0.0,0.0,100.0,
USDJPY,mom rsi75 h8,365,125,design,49.76525821596244,426,721,52.843273231622746,4.993065187239944,42.163661581137305,173.20833333333334
USDJPY,mom rsi75 h8,365,125,hold,49.76525821596244,426,120,0.0,0.0,100.0,
USDJPY,mom rsi75 h8,365,150,design,49.76525821596244,426,721,59.500693481276,7.905686546463246,32.593619972260754,149.25
USDJPY,mom rsi75 h8,365,150,hold,49.76525821596244,426,120,0.0,0.0,100.0,
USDJPY,mom rsi75 h8,365,200,design,49.76525821596244,426,721,73.23162274618585,7.350901525658807,19.41747572815534,122.875
USDJPY,mom rsi75 h8,365,200,hold,49.76525821596244,426,120,10.0,0.0,90.0,304.625
USDCHF,fade3.0/20 h4,30,50,design,46.0,300,721,0.0,0.0,100.0,
USDCHF,fade3.0/20 h4,30,50,hold,46.0,300,198,0.0,0.0,100.0,
USDCHF,fade3.0/20 h4,30,75,design,46.0,300,721,0.0,0.0,100.0,
USDCHF,fade3.0/20 h4,30,75,hold,46.0,300,198,0.0,0.0,100.0,
USDCHF,fade3.0/20 h4,30,100,design,46.0,300,721,0.0,0.0,100.0,
USDCHF,fade3.0/20 h4,30,100,hold,46.0,300,198,0.0,0.0,100.0,
USDCHF,fade3.0/20 h4,30,125,design,46.0,300,721,0.0,0.0,100.0,
USDCHF,fade3.0/20 h4,30,125,hold,46.0,300,198,0.0,0.0,100.0,
USDCHF,fade3.0/20 h4,30,150,design,46.0,300,721,0.0,0.0,100.0,
USDCHF,fade3.0/20 h4,30,150,hold,46.0,300,198,0.0,0.0,100.0,
USDCHF,fade3.0/20 h4,30,200,design,46.0,300,721,0.4160887656033287,0.0,99.58391123439667,25.458333333333332
USDCHF,fade3.0/20 h4,30,200,hold,46.0,300,198,0.0,0.0,100.0,
USDCHF,fade3.0/20 h4,60,50,design,46.0,300,721,0.0,0.0,100.0,
USDCHF,fade3.0/20 h4,60,50,hold,46.0,300,188,0.0,0.0,100.0,
USDCHF,fade3.0/20 h4,60,75,design,46.0,300,721,0.0,0.0,100.0,
USDCHF,fade3.0/20 h4,60,75,hold,46.0,300,188,0.0,0.0,100.0,
USDCHF,fade3.0/20 h4,60,100,design,46.0,300,721,0.0,0.0,100.0,
USDCHF,fade3.0/20 h4,60,100,hold,46.0,300,188,0.0,0.0,100.0,
USDCHF,fade3.0/20 h4,60,125,design,46.0,300,721,0.0,0.0,100.0,
USDCHF,fade3.0/20 h4,60,125,hold,46.0,300,188,0.0,0.0,100.0,
USDCHF,fade3.0/20 h4,60,150,design,46.0,300,721,0.13869625520110956,0.0,99.86130374479889,57.708333333333336
USDCHF,fade3.0/20 h4,60,150,hold,46.0,300,188,0.0,0.0,100.0,
USDCHF,fade3.0/20 h4,60,200,design,46.0,300,721,2.3578363384188625,0.0,97.64216366158114,47.708333333333336
USDCHF,fade3.0/20 h4,60,200,hold,46.0,300,188,0.0,0.0,100.0,
USDCHF,fade3.0/20 h4,90,50,design,46.0,300,721,0.0,0.0,100.0,
USDCHF,fade3.0/20 h4,90,50,hold,46.0,300,178,0.0,0.0,100.0,
USDCHF,fade3.0/20 h4,90,75,design,46.0,300,721,0.0,0.0,100.0,
USDCHF,fade3.0/20 h4,90,75,hold,46.0,300,178,0.0,0.0,100.0,
USDCHF,fade3.0/20 h4,90,100,design,46.0,300,721,0.0,0.0,100.0,
USDCHF,fade3.0/20 h4,90,100,hold,46.0,300,178,0.0,0.0,100.0,
USDCHF,fade3.0/20 h4,90,125,design,46.0,300,721,0.0,0.0,100.0,
USDCHF,fade3.0/20 h4,90,125,hold,46.0,300,178,0.0,0.0,100.0,
USDCHF,fade3.0/20 h4,90,150,design,46.0,300,721,0.5547850208044383,0.0,99.44521497919555,62.208333333333336
USDCHF,fade3.0/20 h4,90,150,hold,46.0,300,178,0.0,0.0,100.0,
USDCHF,fade3.0/20 h4,90,200,design,46.0,300,721,3.744798890429958,0.0,96.25520110957004,56.583333333333336
USDCHF,fade3.0/20 h4,90,200,hold,46.0,300,178,0.0,0.0,100.0,
USDCHF,fade3.0/20 h4,365,50,design,46.0,300,721,0.0,0.0,100.0,
USDCHF,fade3.0/20 h4,365,50,hold,46.0,300,118,0.0,0.0,100.0,
USDCHF,fade3.0/20 h4,365,75,design,46.0,300,721,0.0,0.0,100.0,
USDCHF,fade3.0/20 h4,365,75,hold,46.0,300,118,0.0,0.0,100.0,
USDCHF,fade3.0/20 h4,365,100,design,46.0,300,721,0.0,0.0,100.0,
USDCHF,fade3.0/20 h4,365,100,hold,46.0,300,118,0.0,0.0,100.0,
USDCHF,fade3.0/20 h4,365,125,design,46.0,300,721,0.9708737864077669,0.0,99.02912621359224,357.7083333333333
USDCHF,fade3.0/20 h4,365,125,hold,46.0,300,118,0.0,0.0,100.0,
USDCHF,fade3.0/20 h4,365,150,design,46.0,300,721,3.19001386962552,8.044382801664355,88.76560332871013,341.4583333333333
USDCHF,fade3.0/20 h4,365,150,hold,46.0,300,118,0.0,0.0,100.0,
USDCHF,fade3.0/20 h4,365,200,design,46.0,300,721,17.614424410540916,14.285714285714285,68.0998613037448,186.70833333333334
USDCHF,fade3.0/20 h4,365,200,hold,46.0,300,118,0.0,0.0,100.0,
USDCHF,fade3.0/20 h8,30,50,design,42.95302013422819,298,721,0.0,0.0,100.0,
USDCHF,fade3.0/20 h8,30,50,hold,42.95302013422819,298,198,0.0,0.0,100.0,
USDCHF,fade3.0/20 h8,30,75,design,42.95302013422819,298,721,0.0,0.0,100.0,
USDCHF,fade3.0/20 h8,30,75,hold,42.95302013422819,298,198,0.0,0.0,100.0,
USDCHF,fade3.0/20 h8,30,100,design,42.95302013422819,298,721,0.0,0.0,100.0,
USDCHF,fade3.0/20 h8,30,100,hold,42.95302013422819,298,198,0.0,0.0,100.0,
USDCHF,fade3.0/20 h8,30,125,design,42.95302013422819,298,721,0.0,0.0,100.0,
USDCHF,fade3.0/20 h8,30,125,hold,42.95302013422819,298,198,0.0,0.0,100.0,
USDCHF,fade3.0/20 h8,30,150,design,42.95302013422819,298,721,0.0,0.0,100.0,
USDCHF,fade3.0/20 h8,30,150,hold,42.95302013422819,298,198,0.0,0.0,100.0,
USDCHF,fade3.0/20 h8,30,200,design,42.95302013422819,298,721,0.6934812760055479,0.0,99.30651872399446,22.875
USDCHF,fade3.0/20 h8,30,200,hold,42.95302013422819,298,198,0.0,0.0,100.0,
USDCHF,fade3.0/20 h8,60,50,design,42.95302013422819,298,721,0.0,0.0,100.0,
USDCHF,fade3.0/20 h8,60,50,hold,42.95302013422819,298,188,0.0,0.0,100.0,
USDCHF,fade3.0/20 h8,60,75,design,42.95302013422819,298,721,0.0,0.0,100.0,
USDCHF,fade3.0/20 h8,60,75,hold,42.95302013422819,298,188,0.0,0.0,100.0,
USDCHF,fade3.0/20 h8,60,100,design,42.95302013422819,298,721,0.0,0.0,100.0,
USDCHF,fade3.0/20 h8,60,100,hold,42.95302013422819,298,188,0.0,0.0,100.0,
USDCHF,fade3.0/20 h8,60,125,design,42.95302013422819,298,721,0.0,0.0,100.0,
USDCHF,fade3.0/20 h8,60,125,hold,42.95302013422819,298,188,0.0,0.0,100.0,
USDCHF,fade3.0/20 h8,60,150,design,42.95302013422819,298,721,0.8321775312066574,0.0,99.16782246879335,52.25
USDCHF,fade3.0/20 h8,60,150,hold,42.95302013422819,298,188,0.0,0.0,100.0,
USDCHF,fade3.0/20 h8,60,200,design,42.95302013422819,298,721,2.496532593619972,0.0,97.50346740638003,42.375
USDCHF,fade3.0/20 h8,60,200,hold,42.95302013422819,298,188,0.0,0.0,100.0,
USDCHF,fade3.0/20 h8,90,50,design,42.95302013422819,298,721,0.0,0.0,100.0,
USDCHF,fade3.0/20 h8,90,50,hold,42.95302013422819,298,178,0.0,0.0,100.0,
USDCHF,fade3.0/20 h8,90,75,design,42.95302013422819,298,721,0.0,0.0,100.0,
USDCHF,fade3.0/20 h8,90,75,hold,42.95302013422819,298,178,0.0,0.0,100.0,
USDCHF,fade3.0/20 h8,90,100,design,42.95302013422819,298,721,0.0,0.0,100.0,
USDCHF,fade3.0/20 h8,90,100,hold,42.95302013422819,298,178,0.0,0.0,100.0,
USDCHF,fade3.0/20 h8,90,125,design,42.95302013422819,298,721,0.0,0.0,100.0,
USDCHF,fade3.0/20 h8,90,125,hold,42.95302013422819,298,178,0.0,0.0,100.0,
USDCHF,fade3.0/20 h8,90,150,design,42.95302013422819,298,721,0.8321775312066574,0.0,99.16782246879335,52.25
USDCHF,fade3.0/20 h8,90,150,hold,42.95302013422819,298,178,0.0,0.0,100.0,
USDCHF,fade3.0/20 h8,90,200,design,42.95302013422819,298,721,3.744798890429958,0.0,96.25520110957004,49.875
USDCHF,fade3.0/20 h8,90,200,hold,42.95302013422819,298,178,0.0,0.0,100.0,
USDCHF,fade3.0/20 h8,365,50,design,42.95302013422819,298,721,0.0,0.0,100.0,
USDCHF,fade3.0/20 h8,365,50,hold,42.95302013422819,298,118,0.0,0.0,100.0,
USDCHF,fade3.0/20 h8,365,75,design,42.95302013422819,298,721,0.0,0.0,100.0,
USDCHF,fade3.0/20 h8,365,75,hold,42.95302013422819,298,118,0.0,0.0,100.0,
USDCHF,fade3.0/20 h8,365,100,design,42.95302013422819,298,721,0.6934812760055479,0.0,99.30651872399446,358.625
USDCHF,fade3.0/20 h8,365,100,hold,42.95302013422819,298,118,0.0,0.0,100.0,
USDCHF,fade3.0/20 h8,365,125,design,42.95302013422819,298,721,0.9708737864077669,13.314840499306518,85.71428571428571,256.6666666666667
USDCHF,fade3.0/20 h8,365,125,hold,42.95302013422819,298,118,0.0,0.0,100.0,
USDCHF,fade3.0/20 h8,365,150,design,42.95302013422819,298,721,2.3578363384188625,33.980582524271846,63.6615811373093,234.91666666666666
USDCHF,fade3.0/20 h8,365,150,hold,42.95302013422819,298,118,0.0,56.779661016949156,43.22033898305085,
USDCHF,fade3.0/20 h8,365,200,design,42.95302013422819,298,721,15.950069348127602,57.558945908460466,26.49098474341193,211.875
USDCHF,fade3.0/20 h8,365,200,hold,42.95302013422819,298,118,0.0,100.0,0.0,
USDCHF,fade2.5/25 h4,30,50,design,45.84120982986767,1058,721,0.0,0.0,100.0,
USDCHF,fade2.5/25 h4,30,50,hold,45.84120982986767,1058,202,0.0,0.0,100.0,
USDCHF,fade2.5/25 h4,30,75,design,45.84120982986767,1058,721,0.0,0.0,100.0,
USDCHF,fade2.5/25 h4,30,75,hold,45.84120982986767,1058,202,0.0,0.0,100.0,
USDCHF,fade2.5/25 h4,30,100,design,45.84120982986767,1058,721,0.0,0.0,100.0,
USDCHF,fade2.5/25 h4,30,100,hold,45.84120982986767,1058,202,0.0,0.0,100.0,
USDCHF,fade2.5/25 h4,30,125,design,45.84120982986767,1058,721,0.4160887656033287,0.0,99.58391123439667,27.75
USDCHF,fade2.5/25 h4,30,125,hold,45.84120982986767,1058,202,0.0,0.0,100.0,
USDCHF,fade2.5/25 h4,30,150,design,45.84120982986767,1058,721,1.1095700416088765,0.0,98.89042995839112,20.25
USDCHF,fade2.5/25 h4,30,150,hold,45.84120982986767,1058,202,0.0,0.0,100.0,
USDCHF,fade2.5/25 h4,30,200,design,45.84120982986767,1058,721,4.2995839112343965,0.0,95.7004160887656,18.666666666666668
USDCHF,fade2.5/25 h4,30,200,hold,45.84120982986767,1058,202,2.9702970297029703,0.0,97.02970297029702,14.125
USDCHF,fade2.5/25 h4,60,50,design,45.84120982986767,1058,721,0.0,0.0,100.0,
USDCHF,fade2.5/25 h4,60,50,hold,45.84120982986767,1058,192,0.0,0.0,100.0,
USDCHF,fade2.5/25 h4,60,75,design,45.84120982986767,1058,721,0.0,0.0,100.0,
USDCHF,fade2.5/25 h4,60,75,hold,45.84120982986767,1058,192,0.0,0.0,100.0,
USDCHF,fade2.5/25 h4,60,100,design,45.84120982986767,1058,721,0.0,0.0,100.0,
USDCHF,fade2.5/25 h4,60,100,hold,45.84120982986767,1058,192,0.0,0.0,100.0,
USDCHF,fade2.5/25 h4,60,125,design,45.84120982986767,1058,721,0.5547850208044383,0.0,99.44521497919555,28.729166666666664
USDCHF,fade2.5/25 h4,60,125,hold,45.84120982986767,1058,192,0.0,0.0,100.0,
USDCHF,fade2.5/25 h4,60,150,design,45.84120982986767,1058,721,2.496532593619972,0.4160887656033287,97.0873786407767,34.208333333333336
USDCHF,fade2.5/25 h4,60,150,hold,45.84120982986767,1058,192,0.0,0.0,100.0,
USDCHF,fade2.5/25 h4,60,200,design,45.84120982986767,1058,721,8.044382801664355,6.38002773925104,85.5755894590846,26.75
USDCHF,fade2.5/25 h4,60,200,hold,45.84120982986767,1058,192,6.770833333333333,0.0,93.22916666666666,35.958333333333336
USDCHF,fade2.5/25 h4,90,50,design,45.84120982986767,1058,721,0.0,0.0,100.0,
USDCHF,fade2.5/25 h4,90,50,hold,45.84120982986767,1058,182,0.0,0.0,100.0,
USDCHF,fade2.5/25 h4,90,75,design,45.84120982986767,1058,721,0.0,0.0,100.0,
USDCHF,fade2.5/25 h4,90,75,hold,45.84120982986767,1058,182,0.0,0.0,100.0,
USDCHF,fade2.5/25 h4,90,100,design,45.84120982986767,1058,721,0.0,0.0,100.0,
USDCHF,fade2.5/25 h4,90,100,hold,45.84120982986767,1058,182,0.0,0.0,100.0,
USDCHF,fade2.5/25 h4,90,125,design,45.84120982986767,1058,721,1.248266296809986,0.0,98.75173370319001,73.5
USDCHF,fade2.5/25 h4,90,125,hold,45.84120982986767,1058,182,0.0,0.0,100.0,
USDCHF,fade2.5/25 h4,90,150,design,45.84120982986767,1058,721,3.8834951456310676,5.270457697642163,90.84604715672677,42.625
USDCHF,fade2.5/25 h4,90,150,hold,45.84120982986767,1058,182,3.296703296703297,0.0,96.7032967032967,81.125
USDCHF,fade2.5/25 h4,90,200,design,45.84120982986767,1058,721,13.730929264909847,19.00138696255201,67.26768377253815,48.5
USDCHF,fade2.5/25 h4,90,200,hold,45.84120982986767,1058,182,9.340659340659341,4.395604395604396,86.26373626373626,38.958333333333336
USDCHF,fade2.5/25 h4,365,50,design,45.84120982986767,1058,721,0.0,0.0,100.0,
USDCHF,fade2.5/25 h4,365,50,hold,45.84120982986767,1058,122,0.0,0.0,100.0,
USDCHF,fade2.5/25 h4,365,75,design,45.84120982986767,1058,721,1.1095700416088765,8.321775312066574,90.56865464632455,350.1666666666667
USDCHF,fade2.5/25 h4,365,75,hold,45.84120982986767,1058,122,0.0,0.0,100.0,
USDCHF,fade2.5/25 h4,365,100,design,45.84120982986767,1058,721,12.62135922330097,32.593619972260754,54.785020804438275,260.4583333333333
USDCHF,fade2.5/25 h4,365,100,hold,45.84120982986767,1058,122,0.0,0.0,100.0,
USDCHF,fade2.5/25 h4,365,125,design,45.84120982986767,1058,721,18.169209431345354,42.71844660194174,39.1123439667129,229.54166666666666
USDCHF,fade2.5/25 h4,365,125,hold,45.84120982986767,1058,122,0.0,0.0,100.0,
USDCHF,fade2.5/25 h4,365,150,design,45.84120982986767,1058,721,20.804438280166433,54.36893203883495,24.826629680998614,143.625
USDCHF,fade2.5/25 h4,365,150,hold,45.84120982986767,1058,122,0.0,1.639344262295082,98.36065573770492,
USDCHF,fade2.5/25 h4,365,200,design,45.84120982986767,1058,721,29.126213592233007,70.87378640776699,0.0,96.02083333333333
USDCHF,fade2.5/25 h4,365,200,hold,45.84120982986767,1058,122,10.655737704918032,50.81967213114754,38.52459016393443,60.625
USDCHF,fade2.5/25 h8,30,50,design,43.1661750245821,1017,721,0.0,0.0,100.0,
USDCHF,fade2.5/25 h8,30,50,hold,43.1661750245821,1017,202,0.0,0.0,100.0,
USDCHF,fade2.5/25 h8,30,75,design,43.1661750245821,1017,721,0.0,0.0,100.0,
USDCHF,fade2.5/25 h8,30,75,hold,43.1661750245821,1017,202,0.0,0.0,100.0,
USDCHF,fade2.5/25 h8,30,100,design,43.1661750245821,1017,721,0.27739251040221913,0.0,99.72260748959778,21.270833333333336
USDCHF,fade2.5/25 h8,30,100,hold,43.1661750245821,1017,202,0.0,0.0,100.0,
USDCHF,fade2.5/25 h8,30,125,design,43.1661750245821,1017,721,0.8321775312066574,0.0,99.16782246879335,19.166666666666668
USDCHF,fade2.5/25 h8,30,125,hold,43.1661750245821,1017,202,0.0,0.0,100.0,
USDCHF,fade2.5/25 h8,30,150,design,43.1661750245821,1017,721,1.248266296809986,0.0,98.75173370319001,20.666666666666668
USDCHF,fade2.5/25 h8,30,150,hold,43.1661750245821,1017,202,0.0,0.0,100.0,
USDCHF,fade2.5/25 h8,30,200,design,43.1661750245821,1017,721,5.6865464632454925,1.1095700416088765,93.20388349514563,17.791666666666668
USDCHF,fade2.5/25 h8,30,200,hold,43.1661750245821,1017,202,2.4752475247524752,0.9900990099009901,96.53465346534654,17.666666666666668
USDCHF,fade2.5/25 h8,60,50,design,43.1661750245821,1017,721,0.0,0.0,100.0,
USDCHF,fade2.5/25 h8,60,50,hold,43.1661750245821,1017,192,0.0,0.0,100.0,
USDCHF,fade2.5/25 h8,60,75,design,43.1661750245821,1017,721,0.0,0.0,100.0,
USDCHF,fade2.5/25 h8,60,75,hold,43.1661750245821,1017,192,0.0,0.0,100.0,
USDCHF,fade2.5/25 h8,60,100,design,43.1661750245821,1017,721,0.27739251040221913,0.0,99.72260748959778,21.270833333333336
USDCHF,fade2.5/25 h8,60,100,hold,43.1661750245821,1017,192,0.0,0.0,100.0,
USDCHF,fade2.5/25 h8,60,125,design,43.1661750245821,1017,721,0.9708737864077669,0.9708737864077669,98.05825242718447,20.666666666666668
USDCHF,fade2.5/25 h8,60,125,hold,43.1661750245821,1017,192,0.0,0.0,100.0,
USDCHF,fade2.5/25 h8,60,150,design,43.1661750245821,1017,721,4.854368932038835,2.912621359223301,92.23300970873787,39.958333333333336
USDCHF,fade2.5/25 h8,60,150,hold,43.1661750245821,1017,192,0.0,0.0,100.0,
USDCHF,fade2.5/25 h8,60,200,design,43.1661750245821,1017,721,13.453536754507628,15.950069348127602,70.59639389736478,33.958333333333336
USDCHF,fade2.5/25 h8,60,200,hold,43.1661750245821,1017,192,3.125,20.833333333333336,76.04166666666666,19.166666666666668
USDCHF,fade2.5/25 h8,90,50,design,43.1661750245821,1017,721,0.0,0.0,100.0,
USDCHF,fade2.5/25 h8,90,50,hold,43.1661750245821,1017,182,0.0,0.0,100.0,
USDCHF,fade2.5/25 h8,90,75,design,43.1661750245821,1017,721,0.0,0.0,100.0,
USDCHF,fade2.5/25 h8,90,75,hold,43.1661750245821,1017,182,0.0,0.0,100.0,
USDCHF,fade2.5/25 h8,90,100,design,43.1661750245821,1017,721,0.8321775312066574,0.0,99.16782246879335,85.0
USDCHF,fade2.5/25 h8,90,100,hold,43.1661750245821,1017,182,0.0,0.0,100.0,
USDCHF,fade2.5/25 h8,90,125,design,43.1661750245821,1017,721,2.6352288488210815,4.0221914008321775,93.34257975034674,65.83333333333333
USDCHF,fade2.5/25 h8,90,125,hold,43.1661750245821,1017,182,0.0,0.0,100.0,
USDCHF,fade2.5/25 h8,90,150,design,43.1661750245821,1017,721,8.737864077669903,15.811373092926493,75.4507628294036,56.958333333333336
USDCHF,fade2.5/25 h8,90,150,hold,43.1661750245821,1017,182,0.0,4.945054945054945,95.05494505494505,
USDCHF,fade2.5/25 h8,90,200,design,43.1661750245821,1017,721,18.307905686546462,37.17059639389736,44.521497919556175,42.729166666666664
USDCHF,fade2.5/25 h8,90,200,hold,43.1661750245821,1017,182,6.043956043956044,40.10989010989011,53.84615384615385,42.791666666666664
USDCHF,fade2.5/25 h8,365,50,design,43.1661750245821,1017,721,0.0,0.0,100.0,
USDCHF,fade2.5/25 h8,365,50,hold,43.1661750245821,1017,122,0.0,0.0,100.0,
USDCHF,fade2.5/25 h8,365,75,design,43.1661750245821,1017,721,4.993065187239944,29.819694868238557,65.18723994452151,280.1666666666667
USDCHF,fade2.5/25 h8,365,75,hold,43.1661750245821,1017,122,0.0,0.0,100.0,
USDCHF,fade2.5/25 h8,365,100,design,43.1661750245821,1017,721,13.176144244105409,60.74895977808599,26.0748959778086,206.625
USDCHF,fade2.5/25 h8,365,100,hold,43.1661750245821,1017,122,0.0,2.459016393442623,97.54098360655738,
USDCHF,fade2.5/25 h8,365,125,design,43.1661750245821,1017,721,18.030513176144243,77.53120665742024,4.438280166435506,173.77083333333334
USDCHF,fade2.5/25 h8,365,125,hold,43.1661750245821,1017,122,0.819672131147541,94.26229508196722,4.918032786885246,105.79166666666667
USDCHF,fade2.5/25 h8,365,150,design,43.1661750245821,1017,721,22.46879334257975,76.42163661581137,1.1095700416088765,138.27083333333331
USDCHF,fade2.5/25 h8,365,150,hold,43.1661750245821,1017,122,3.278688524590164,96.72131147540983,0.0,102.16666666666667
USDCHF,fade2.5/25 h8,365,200,design,43.1661750245821,1017,721,28.71012482662968,70.73509015256589,0.5547850208044383,64.70833333333333
USDCHF,fade2.5/25 h8,365,200,hold,43.1661750245821,1017,122,13.114754098360656,86.88524590163934,0.0,91.22916666666667
USDCHF,fade3.0/20 h4 L,30,50,design,45.22292993630573,157,721,0.0,0.0,100.0,
USDCHF,fade3.0/20 h4 L,30,50,hold,45.22292993630573,157,191,0.0,0.0,100.0,
USDCHF,fade3.0/20 h4 L,30,75,design,45.22292993630573,157,721,0.0,0.0,100.0,
USDCHF,fade3.0/20 h4 L,30,75,hold,45.22292993630573,157,191,0.0,0.0,100.0,
USDCHF,fade3.0/20 h4 L,30,100,design,45.22292993630573,157,721,0.0,0.0,100.0,
USDCHF,fade3.0/20 h4 L,30,100,hold,45.22292993630573,157,191,0.0,0.0,100.0,
USDCHF,fade3.0/20 h4 L,30,125,design,45.22292993630573,157,721,0.0,0.0,100.0,
USDCHF,fade3.0/20 h4 L,30,125,hold,45.22292993630573,157,191,0.0,0.0,100.0,
USDCHF,fade3.0/20 h4 L,30,150,design,45.22292993630573,157,721,0.0,0.0,100.0,
USDCHF,fade3.0/20 h4 L,30,150,hold,45.22292993630573,157,191,0.0,0.0,100.0,
USDCHF,fade3.0/20 h4 L,30,200,design,45.22292993630573,157,721,0.27739251040221913,0.0,99.72260748959778,28.208333333333332
USDCHF,fade3.0/20 h4 L,30,200,hold,45.22292993630573,157,191,0.0,0.0,100.0,
USDCHF,fade3.0/20 h4 L,60,50,design,45.22292993630573,157,721,0.0,0.0,100.0,
USDCHF,fade3.0/20 h4 L,60,50,hold,45.22292993630573,157,181,0.0,0.0,100.0,
USDCHF,fade3.0/20 h4 L,60,75,design,45.22292993630573,157,721,0.0,0.0,100.0,
USDCHF,fade3.0/20 h4 L,60,75,hold,45.22292993630573,157,181,0.0,0.0,100.0,
USDCHF,fade3.0/20 h4 L,60,100,design,45.22292993630573,157,721,0.0,0.0,100.0,
USDCHF,fade3.0/20 h4 L,60,100,hold,45.22292993630573,157,181,0.0,0.0,100.0,
USDCHF,fade3.0/20 h4 L,60,125,design,45.22292993630573,157,721,0.0,0.0,100.0,
USDCHF,fade3.0/20 h4 L,60,125,hold,45.22292993630573,157,181,0.0,0.0,100.0,
USDCHF,fade3.0/20 h4 L,60,150,design,45.22292993630573,157,721,0.0,0.0,100.0,
USDCHF,fade3.0/20 h4 L,60,150,hold,45.22292993630573,157,181,0.0,0.0,100.0,
USDCHF,fade3.0/20 h4 L,60,200,design,45.22292993630573,157,721,2.0804438280166435,0.0,97.91955617198336,47.708333333333336
USDCHF,fade3.0/20 h4 L,60,200,hold,45.22292993630573,157,181,0.0,0.0,100.0,
USDCHF,fade3.0/20 h4 L,90,50,design,45.22292993630573,157,721,0.0,0.0,100.0,
USDCHF,fade3.0/20 h4 L,90,50,hold,45.22292993630573,157,171,0.0,0.0,100.0,
USDCHF,fade3.0/20 h4 L,90,75,design,45.22292993630573,157,721,0.0,0.0,100.0,
USDCHF,fade3.0/20 h4 L,90,75,hold,45.22292993630573,157,171,0.0,0.0,100.0,
USDCHF,fade3.0/20 h4 L,90,100,design,45.22292993630573,157,721,0.0,0.0,100.0,
USDCHF,fade3.0/20 h4 L,90,100,hold,45.22292993630573,157,171,0.0,0.0,100.0,
USDCHF,fade3.0/20 h4 L,90,125,design,45.22292993630573,157,721,0.0,0.0,100.0,
USDCHF,fade3.0/20 h4 L,90,125,hold,45.22292993630573,157,171,0.0,0.0,100.0,
USDCHF,fade3.0/20 h4 L,90,150,design,45.22292993630573,157,721,0.0,0.0,100.0,
USDCHF,fade3.0/20 h4 L,90,150,hold,45.22292993630573,157,171,0.0,0.0,100.0,
USDCHF,fade3.0/20 h4 L,90,200,design,45.22292993630573,157,721,3.0513176144244105,0.0,96.9486823855756,54.208333333333336
USDCHF,fade3.0/20 h4 L,90,200,hold,45.22292993630573,157,171,0.0,0.0,100.0,
USDCHF,fade3.0/20 h4 L,365,50,design,45.22292993630573,157,721,0.0,0.0,100.0,
USDCHF,fade3.0/20 h4 L,365,50,hold,45.22292993630573,157,111,0.0,0.0,100.0,
USDCHF,fade3.0/20 h4 L,365,75,design,45.22292993630573,157,721,0.0,0.0,100.0,
USDCHF,fade3.0/20 h4 L,365,75,hold,45.22292993630573,157,111,0.0,0.0,100.0,
USDCHF,fade3.0/20 h4 L,365,100,design,45.22292993630573,157,721,0.0,0.0,100.0,
USDCHF,fade3.0/20 h4 L,365,100,hold,45.22292993630573,157,111,0.0,0.0,100.0,
USDCHF,fade3.0/20 h4 L,365,125,design,45.22292993630573,157,721,0.13869625520110956,0.0,99.86130374479889,362.7083333333333
USDCHF,fade3.0/20 h4 L,365,125,hold,45.22292993630573,157,111,0.0,0.0,100.0,
USDCHF,fade3.0/20 h4 L,365,150,design,45.22292993630573,157,721,0.6934812760055479,0.0,99.30651872399446,358.4583333333333
USDCHF,fade3.0/20 h4 L,365,150,hold,45.22292993630573,157,111,0.0,0.0,100.0,
USDCHF,fade3.0/20 h4 L,365,200,design,45.22292993630573,157,721,6.934812760055478,0.0,93.06518723994452,112.08333333333333
USDCHF,fade3.0/20 h4 L,365,200,hold,45.22292993630573,157,111,0.0,0.0,100.0,
USDCHF,fade3.0/20 h8 L,30,50,design,43.94904458598726,157,721,0.0,0.0,100.0,
USDCHF,fade3.0/20 h8 L,30,50,hold,43.94904458598726,157,191,0.0,0.0,100.0,
USDCHF,fade3.0/20 h8 L,30,75,design,43.94904458598726,157,721,0.0,0.0,100.0,
USDCHF,fade3.0/20 h8 L,30,75,hold,43.94904458598726,157,191,0.0,0.0,100.0,
USDCHF,fade3.0/20 h8 L,30,100,design,43.94904458598726,157,721,0.0,0.0,100.0,
USDCHF,fade3.0/20 h8 L,30,100,hold,43.94904458598726,157,191,0.0,0.0,100.0,
USDCHF,fade3.0/20 h8 L,30,125,design,43.94904458598726,157,721,0.0,0.0,100.0,
USDCHF,fade3.0/20 h8 L,30,125,hold,43.94904458598726,157,191,0.0,0.0,100.0,
USDCHF,fade3.0/20 h8 L,30,150,design,43.94904458598726,157,721,0.0,0.0,100.0,
USDCHF,fade3.0/20 h8 L,30,150,hold,43.94904458598726,157,191,0.0,0.0,100.0,
USDCHF,fade3.0/20 h8 L,30,200,design,43.94904458598726,157,721,0.0,0.0,100.0,
USDCHF,fade3.0/20 h8 L,30,200,hold,43.94904458598726,157,191,0.0,0.0,100.0,
USDCHF,fade3.0/20 h8 L,60,50,design,43.94904458598726,157,721,0.0,0.0,100.0,
USDCHF,fade3.0/20 h8 L,60,50,hold,43.94904458598726,157,181,0.0,0.0,100.0,
USDCHF,fade3.0/20 h8 L,60,75,design,43.94904458598726,157,721,0.0,0.0,100.0,
USDCHF,fade3.0/20 h8 L,60,75,hold,43.94904458598726,157,181,0.0,0.0,100.0,
USDCHF,fade3.0/20 h8 L,60,100,design,43.94904458598726,157,721,0.0,0.0,100.0,
USDCHF,fade3.0/20 h8 L,60,100,hold,43.94904458598726,157,181,0.0,0.0,100.0,
USDCHF,fade3.0/20 h8 L,60,125,design,43.94904458598726,157,721,0.0,0.0,100.0,
USDCHF,fade3.0/20 h8 L,60,125,hold,43.94904458598726,157,181,0.0,0.0,100.0,
USDCHF,fade3.0/20 h8 L,60,150,design,43.94904458598726,157,721,0.0,0.0,100.0,
USDCHF,fade3.0/20 h8 L,60,150,hold,43.94904458598726,157,181,0.0,0.0,100.0,
USDCHF,fade3.0/20 h8 L,60,200,design,43.94904458598726,157,721,2.219140083217753,0.0,97.78085991678225,49.29166666666667
USDCHF,fade3.0/20 h8 L,60,200,hold,43.94904458598726,157,181,0.0,0.0,100.0,
USDCHF,fade3.0/20 h8 L,90,50,design,43.94904458598726,157,721,0.0,0.0,100.0,
USDCHF,fade3.0/20 h8 L,90,50,hold,43.94904458598726,157,171,0.0,0.0,100.0,
USDCHF,fade3.0/20 h8 L,90,75,design,43.94904458598726,157,721,0.0,0.0,100.0,
USDCHF,fade3.0/20 h8 L,90,75,hold,43.94904458598726,157,171,0.0,0.0,100.0,
USDCHF,fade3.0/20 h8 L,90,100,design,43.94904458598726,157,721,0.0,0.0,100.0,
USDCHF,fade3.0/20 h8 L,90,100,hold,43.94904458598726,157,171,0.0,0.0,100.0,
USDCHF,fade3.0/20 h8 L,90,125,design,43.94904458598726,157,721,0.0,0.0,100.0,
USDCHF,fade3.0/20 h8 L,90,125,hold,43.94904458598726,157,171,0.0,0.0,100.0,
USDCHF,fade3.0/20 h8 L,90,150,design,43.94904458598726,157,721,0.0,0.0,100.0,
USDCHF,fade3.0/20 h8 L,90,150,hold,43.94904458598726,157,171,0.0,0.0,100.0,
USDCHF,fade3.0/20 h8 L,90,200,design,43.94904458598726,157,721,2.7739251040221915,0.0,97.2260748959778,52.29166666666667
USDCHF,fade3.0/20 h8 L,90,200,hold,43.94904458598726,157,171,0.0,0.0,100.0,
USDCHF,fade3.0/20 h8 L,365,50,design,43.94904458598726,157,721,0.0,0.0,100.0,
USDCHF,fade3.0/20 h8 L,365,50,hold,43.94904458598726,157,111,0.0,0.0,100.0,
USDCHF,fade3.0/20 h8 L,365,75,design,43.94904458598726,157,721,0.0,0.0,100.0,
USDCHF,fade3.0/20 h8 L,365,75,hold,43.94904458598726,157,111,0.0,0.0,100.0,
USDCHF,fade3.0/20 h8 L,365,100,design,43.94904458598726,157,721,0.6934812760055479,0.0,99.30651872399446,358.625
USDCHF,fade3.0/20 h8 L,365,100,hold,43.94904458598726,157,111,0.0,0.0,100.0,
USDCHF,fade3.0/20 h8 L,365,125,design,43.94904458598726,157,721,1.248266296809986,0.0,98.75173370319001,217.70833333333334
USDCHF,fade3.0/20 h8 L,365,125,hold,43.94904458598726,157,111,0.0,0.0,100.0,
USDCHF,fade3.0/20 h8 L,365,150,design,43.94904458598726,157,721,5.825242718446602,0.0,94.1747572815534,281.1875
USDCHF,fade3.0/20 h8 L,365,150,hold,43.94904458598726,157,111,0.0,0.0,100.0,
USDCHF,fade3.0/20 h8 L,365,200,design,43.94904458598726,157,721,14.424410540915394,23.855755894590846,61.719833564493754,226.33333333333334
USDCHF,fade3.0/20 h8 L,365,200,hold,43.94904458598726,157,111,0.0,0.0,100.0,
USDCHF,fade2.5/25 h4 L,30,50,design,45.43795620437956,548,721,0.0,0.0,100.0,
USDCHF,fade2.5/25 h4 L,30,50,hold,45.43795620437956,548,199,0.0,0.0,100.0,
USDCHF,fade2.5/25 h4 L,30,75,design,45.43795620437956,548,721,0.0,0.0,100.0,
USDCHF,fade2.5/25 h4 L,30,75,hold,45.43795620437956,548,199,0.0,0.0,100.0,
USDCHF,fade2.5/25 h4 L,30,100,design,45.43795620437956,548,721,0.0,0.0,100.0,
USDCHF,fade2.5/25 h4 L,30,100,hold,45.43795620437956,548,199,0.0,0.0,100.0,
USDCHF,fade2.5/25 h4 L,30,125,design,45.43795620437956,548,721,0.0,0.0,100.0,
USDCHF,fade2.5/25 h4 L,30,125,hold,45.43795620437956,548,199,0.0,0.0,100.0,
USDCHF,fade2.5/25 h4 L,30,150,design,45.43795620437956,548,721,0.0,0.0,100.0,
USDCHF,fade2.5/25 h4 L,30,150,hold,45.43795620437956,548,199,0.0,0.0,100.0,
USDCHF,fade2.5/25 h4 L,30,200,design,45.43795620437956,548,721,0.5547850208044383,0.0,99.44521497919555,12.125
USDCHF,fade2.5/25 h4 L,30,200,hold,45.43795620437956,548,199,0.0,0.0,100.0,
USDCHF,fade2.5/25 h4 L,60,50,design,45.43795620437956,548,721,0.0,0.0,100.0,
USDCHF,fade2.5/25 h4 L,60,50,hold,45.43795620437956,548,189,0.0,0.0,100.0,
USDCHF,fade2.5/25 h4 L,60,75,design,45.43795620437956,548,721,0.0,0.0,100.0,
USDCHF,fade2.5/25 h4 L,60,75,hold,45.43795620437956,548,189,0.0,0.0,100.0,
USDCHF,fade2.5/25 h4 L,60,100,design,45.43795620437956,548,721,0.0,0.0,100.0,
USDCHF,fade2.5/25 h4 L,60,100,hold,45.43795620437956,548,189,0.0,0.0,100.0,
USDCHF,fade2.5/25 h4 L,60,125,design,45.43795620437956,548,721,0.0,0.0,100.0,
USDCHF,fade2.5/25 h4 L,60,125,hold,45.43795620437956,548,189,0.0,0.0,100.0,
USDCHF,fade2.5/25 h4 L,60,150,design,45.43795620437956,548,721,0.0,0.0,100.0,
USDCHF,fade2.5/25 h4 L,60,150,hold,45.43795620437956,548,189,0.0,0.0,100.0,
USDCHF,fade2.5/25 h4 L,60,200,design,45.43795620437956,548,721,1.248266296809986,0.4160887656033287,98.3356449375867,43.5
USDCHF,fade2.5/25 h4 L,60,200,hold,45.43795620437956,548,189,0.0,0.0,100.0,
USDCHF,fade2.5/25 h4 L,90,50,design,45.43795620437956,548,721,0.0,0.0,100.0,
USDCHF,fade2.5/25 h4 L,90,50,hold,45.43795620437956,548,179,0.0,0.0,100.0,
USDCHF,fade2.5/25 h4 L,90,75,design,45.43795620437956,548,721,0.0,0.0,100.0,
USDCHF,fade2.5/25 h4 L,90,75,hold,45.43795620437956,548,179,0.0,0.0,100.0,
USDCHF,fade2.5/25 h4 L,90,100,design,45.43795620437956,548,721,0.0,0.0,100.0,
USDCHF,fade2.5/25 h4 L,90,100,hold,45.43795620437956,548,179,0.0,0.0,100.0,
USDCHF,fade2.5/25 h4 L,90,125,design,45.43795620437956,548,721,0.0,0.0,100.0,
USDCHF,fade2.5/25 h4 L,90,125,hold,45.43795620437956,548,179,0.0,0.0,100.0,
USDCHF,fade2.5/25 h4 L,90,150,design,45.43795620437956,548,721,0.4160887656033287,0.0,99.58391123439667,80.45833333333333
USDCHF,fade2.5/25 h4 L,90,150,hold,45.43795620437956,548,179,0.0,0.0,100.0,
USDCHF,fade2.5/25 h4 L,90,200,design,45.43795620437956,548,721,4.715672676837725,4.854368932038835,90.42995839112345,69.54166666666666
USDCHF,fade2.5/25 h4 L,90,200,hold,45.43795620437956,548,179,0.0,0.0,100.0,
USDCHF,fade2.5/25 h4 L,365,50,design,45.43795620437956,548,721,0.0,0.0,100.0,
USDCHF,fade2.5/25 h4 L,365,50,hold,45.43795620437956,548,119,0.0,0.0,100.0,
USDCHF,fade2.5/25 h4 L,365,75,design,45.43795620437956,548,721,0.0,0.0,100.0,
USDCHF,fade2.5/25 h4 L,365,75,hold,45.43795620437956,548,119,0.0,0.0,100.0,
USDCHF,fade2.5/25 h4 L,365,100,design,45.43795620437956,548,721,0.0,0.0,100.0,
USDCHF,fade2.5/25 h4 L,365,100,hold,45.43795620437956,548,119,0.0,0.0,100.0,
USDCHF,fade2.5/25 h4 L,365,125,design,45.43795620437956,548,721,0.4160887656033287,14.424410540915394,85.15950069348128,204.70833333333334
USDCHF,fade2.5/25 h4 L,365,125,hold,45.43795620437956,548,119,0.0,0.0,100.0,
USDCHF,fade2.5/25 h4 L,365,150,design,45.43795620437956,548,721,4.854368932038835,41.33148404993065,53.81414701803051,121.66666666666667
USDCHF,fade2.5/25 h4 L,365,150,hold,45.43795620437956,548,119,0.0,14.285714285714285,85.71428571428571,
USDCHF,fade2.5/25 h4 L,365,200,design,45.43795620437956,548,721,19.694868238557557,56.5880721220527,23.71705963938974,123.6875
USDCHF,fade2.5/25 h4 L,365,200,hold,45.43795620437956,548,119,0.0,26.05042016806723,73.94957983193278,
USDCHF,fade2.5/25 h8 L,30,50,design,41.308411214953274,535,721,0.0,0.0,100.0,
USDCHF,fade2.5/25 h8 L,30,50,hold,41.308411214953274,535,199,0.0,0.0,100.0,
USDCHF,fade2.5/25 h8 L,30,75,design,41.308411214953274,535,721,0.0,0.0,100.0,
USDCHF,fade2.5/25 h8 L,30,75,hold,41.308411214953274,535,199,0.0,0.0,100.0,
USDCHF,fade2.5/25 h8 L,30,100,design,41.308411214953274,535,721,0.0,0.0,100.0,
USDCHF,fade2.5/25 h8 L,30,100,hold,41.308411214953274,535,199,0.0,0.0,100.0,
USDCHF,fade2.5/25 h8 L,30,125,design,41.308411214953274,535,721,0.0,0.0,100.0,
USDCHF,fade2.5/25 h8 L,30,125,hold,41.308411214953274,535,199,0.0,0.0,100.0,
USDCHF,fade2.5/25 h8 L,30,150,design,41.308411214953274,535,721,0.0,0.0,100.0,
USDCHF,fade2.5/25 h8 L,30,150,hold,41.308411214953274,535,199,0.0,0.0,100.0,
USDCHF,fade2.5/25 h8 L,30,200,design,41.308411214953274,535,721,1.1095700416088765,0.0,98.89042995839112,24.6875
USDCHF,fade2.5/25 h8 L,30,200,hold,41.308411214953274,535,199,0.0,0.0,100.0,
USDCHF,fade2.5/25 h8 L,60,50,design,41.308411214953274,535,721,0.0,0.0,100.0,
USDCHF,fade2.5/25 h8 L,60,50,hold,41.308411214953274,535,189,0.0,0.0,100.0,
USDCHF,fade2.5/25 h8 L,60,75,design,41.308411214953274,535,721,0.0,0.0,100.0,
USDCHF,fade2.5/25 h8 L,60,75,hold,41.308411214953274,535,189,0.0,0.0,100.0,
USDCHF,fade2.5/25 h8 L,60,100,design,41.308411214953274,535,721,0.0,0.0,100.0,
USDCHF,fade2.5/25 h8 L,60,100,hold,41.308411214953274,535,189,0.0,0.0,100.0,
USDCHF,fade2.5/25 h8 L,60,125,design,41.308411214953274,535,721,0.0,0.0,100.0,
USDCHF,fade2.5/25 h8 L,60,125,hold,41.308411214953274,535,189,0.0,0.0,100.0,
USDCHF,fade2.5/25 h8 L,60,150,design,41.308411214953274,535,721,0.4160887656033287,0.0,99.58391123439667,45.875
USDCHF,fade2.5/25 h8 L,60,150,hold,41.308411214953274,535,189,0.0,0.0,100.0,
USDCHF,fade2.5/25 h8 L,60,200,design,41.308411214953274,535,721,3.0513176144244105,4.0221914008321775,92.92649098474341,33.6875
USDCHF,fade2.5/25 h8 L,60,200,hold,41.308411214953274,535,189,0.0,5.82010582010582,94.17989417989418,
USDCHF,fade2.5/25 h8 L,90,50,design,41.308411214953274,535,721,0.0,0.0,100.0,
USDCHF,fade2.5/25 h8 L,90,50,hold,41.308411214953274,535,179,0.0,0.0,100.0,
USDCHF,fade2.5/25 h8 L,90,75,design,41.308411214953274,535,721,0.0,0.0,100.0,
USDCHF,fade2.5/25 h8 L,90,75,hold,41.308411214953274,535,179,0.0,0.0,100.0,
USDCHF,fade2.5/25 h8 L,90,100,design,41.308411214953274,535,721,0.0,0.0,100.0,
USDCHF,fade2.5/25 h8 L,90,100,hold,41.308411214953274,535,179,0.0,0.0,100.0,
USDCHF,fade2.5/25 h8 L,90,125,design,41.308411214953274,535,721,0.0,0.0,100.0,
USDCHF,fade2.5/25 h8 L,90,125,hold,41.308411214953274,535,179,0.0,0.0,100.0,
USDCHF,fade2.5/25 h8 L,90,150,design,41.308411214953274,535,721,0.5547850208044383,1.3869625520110958,98.05825242718447,46.25
USDCHF,fade2.5/25 h8 L,90,150,hold,41.308411214953274,535,179,0.0,4.4692737430167595,95.53072625698324,
USDCHF,fade2.5/25 h8 L,90,200,design,41.308411214953274,535,721,7.628294036061026,16.36615811373093,76.00554785020805,69.875
USDCHF,fade2.5/25 h8 L,90,200,hold,41.308411214953274,535,179,0.0,10.05586592178771,89.94413407821229,
USDCHF,fade2.5/25 h8 L,365,50,design,41.308411214953274,535,721,0.0,0.0,100.0,
USDCHF,fade2.5/25 h8 L,365,50,hold,41.308411214953274,535,119,0.0,0.0,100.0,
USDCHF,fade2.5/25 h8 L,365,75,design,41.308411214953274,535,721,0.0,7.766990291262135,92.23300970873787,
USDCHF,fade2.5/25 h8 L,365,75,hold,41.308411214953274,535,119,0.0,0.0,100.0,
USDCHF,fade2.5/25 h8 L,365,100,design,41.308411214953274,535,721,0.13869625520110956,33.70319001386963,66.15811373092927,127.83333333333333
USDCHF,fade2.5/25 h8 L,365,100,hold,41.308411214953274,535,119,0.0,8.403361344537815,91.59663865546219,
USDCHF,fade2.5/25 h8 L,365,125,design,41.308411214953274,535,721,1.3869625520110958,57.9750346740638,40.6380027739251,114.625
USDCHF,fade2.5/25 h8 L,365,125,hold,41.308411214953274,535,119,0.0,18.487394957983195,81.5126050420168,
USDCHF,fade2.5/25 h8 L,365,150,design,41.308411214953274,535,721,2.219140083217753,76.42163661581137,21.35922330097087,99.625
USDCHF,fade2.5/25 h8 L,365,150,hold,41.308411214953274,535,119,0.0,26.05042016806723,73.94957983193278,
USDCHF,fade2.5/25 h8 L,365,200,design,41.308411214953274,535,721,11.927877947295423,85.5755894590846,2.496532593619972,82.27083333333334
USDCHF,fade2.5/25 h8 L,365,200,hold,41.308411214953274,535,119,0.0,100.0,0.0,
USDCHF,mom rsi70 h8,30,50,design,49.165402124430955,659,721,0.0,0.0,100.0,
USDCHF,mom rsi70 h8,30,50,hold,49.165402124430955,659,202,0.0,0.0,100.0,
USDCHF,mom rsi70 h8,30,75,design,49.165402124430955,659,721,0.0,0.0,100.0,
USDCHF,mom rsi70 h8,30,75,hold,49.165402124430955,659,202,0.0,0.0,100.0,
USDCHF,mom rsi70 h8,30,100,design,49.165402124430955,659,721,0.8321775312066574,0.0,99.16782246879335,25.208333333333332
USDCHF,mom rsi70 h8,30,100,hold,49.165402124430955,659,202,0.0,0.0,100.0,
USDCHF,mom rsi70 h8,30,125,design,49.165402124430955,659,721,1.1095700416088765,0.0,98.89042995839112,22.020833333333332
USDCHF,mom rsi70 h8,30,125,hold,49.165402124430955,659,202,1.4851485148514851,0.0,98.51485148514851,24.583333333333332
USDCHF,mom rsi70 h8,30,150,design,49.165402124430955,659,721,2.219140083217753,0.0,97.78085991678225,15.0625
USDCHF,mom rsi70 h8,30,150,hold,49.165402124430955,659,202,1.4851485148514851,0.0,98.51485148514851,24.583333333333332
USDCHF,mom rsi70 h8,30,200,design,49.165402124430955,659,721,6.657420249653259,0.0,93.34257975034674,20.625
USDCHF,mom rsi70 h8,30,200,hold,49.165402124430955,659,202,6.435643564356436,0.0,93.56435643564357,20.833333333333332
USDCHF,mom rsi70 h8,60,50,design,49.165402124430955,659,721,0.0,0.0,100.0,
USDCHF,mom rsi70 h8,60,50,hold,49.165402124430955,659,192,0.0,0.0,100.0,
USDCHF,mom rsi70 h8,60,75,design,49.165402124430955,659,721,0.27739251040221913,0.0,99.72260748959778,37.375
USDCHF,mom rsi70 h8,60,75,hold,49.165402124430955,659,192,0.0,0.0,100.0,
USDCHF,mom rsi70 h8,60,100,design,49.165402124430955,659,721,2.3578363384188625,0.0,97.64216366158114,35.708333333333336
USDCHF,mom rsi70 h8,60,100,hold,49.165402124430955,659,192,0.5208333333333333,0.0,99.47916666666666,59.0
USDCHF,mom rsi70 h8,60,125,design,49.165402124430955,659,721,3.3287101248266295,0.0,96.67128987517337,40.208333333333336
USDCHF,mom rsi70 h8,60,125,hold,49.165402124430955,659,192,7.8125,0.0,92.1875,42.583333333333336
USDCHF,mom rsi70 h8,60,150,design,49.165402124430955,659,721,7.489597780859916,0.0,92.51040221914009,41.25
USDCHF,mom rsi70 h8,60,150,hold,49.165402124430955,659,192,14.0625,0.0,85.9375,50.833333333333336
USDCHF,mom rsi70 h8,60,200,design,49.165402124430955,659,721,17.05963938973648,0.5547850208044383,82.38557558945908,35.625
USDCHF,mom rsi70 h8,60,200,hold,49.165402124430955,659,192,21.354166666666664,2.083333333333333,76.5625,36.416666666666664
USDCHF,mom rsi70 h8,90,50,design,49.165402124430955,659,721,0.0,0.0,100.0,
USDCHF,mom rsi70 h8,90,50,hold,49.165402124430955,659,182,0.0,0.0,100.0,
USDCHF,mom rsi70 h8,90,75,design,49.165402124430955,659,721,0.8321775312066574,0.0,99.16782246879335,67.375
USDCHF,mom rsi70 h8,90,75,hold,49.165402124430955,659,182,0.0,0.0,100.0,
USDCHF,mom rsi70 h8,90,100,design,49.165402124430955,659,721,4.0221914008321775,0.0,95.97780859916783,53.708333333333336
USDCHF,mom rsi70 h8,90,100,hold,49.165402124430955,659,182,2.197802197802198,0.0,97.8021978021978,61.29166666666667
USDCHF,mom rsi70 h8,90,125,design,49.165402124430955,659,721,6.657420249653259,0.0,93.34257975034674,61.020833333333336
USDCHF,mom rsi70 h8,90,125,hold,49.165402124430955,659,182,17.032967032967033,0.0,82.96703296703298,60.583333333333336
USDCHF,mom rsi70 h8,90,150,design,49.165402124430955,659,721,11.927877947295423,0.0,88.07212205270459,51.145833333333336
USDCHF,mom rsi70 h8,90,150,hold,49.165402124430955,659,182,24.175824175824175,0.0,75.82417582417582,55.708333333333336
USDCHF,mom rsi70 h8,90,200,design,49.165402124430955,659,721,24.410540915395284,6.796116504854369,68.79334257975034,43.854166666666664
USDCHF,mom rsi70 h8,90,200,hold,49.165402124430955,659,182,32.417582417582416,7.6923076923076925,59.89010989010989,45.25
USDCHF,mom rsi70 h8,365,50,design,49.165402124430955,659,721,9.70873786407767,0.0,90.29126213592234,259.2083333333333
USDCHF,mom rsi70 h8,365,50,hold,49.165402124430955,659,122,0.0,0.0,100.0,
USDCHF,mom rsi70 h8,365,75,design,49.165402124430955,659,721,20.110957004160888,0.0,79.8890429958391,204.45833333333334
USDCHF,mom rsi70 h8,365,75,hold,49.165402124430955,659,122,19.672131147540984,0.0,80.32786885245902,343.22916666666663
USDCHF,mom rsi70 h8,365,100,design,49.165402124430955,659,721,26.768377253814148,5.270457697642163,67.96116504854369,173.66666666666666
USDCHF,mom rsi70 h8,365,100,hold,49.165402124430955,659,122,72.95081967213115,0.0,27.049180327868854,252.58333333333334
USDCHF,mom rsi70 h8,365,125,design,49.165402124430955,659,721,29.958391123439664,15.53398058252427,54.50762829403606,125.5
USDCHF,mom rsi70 h8,365,125,hold,49.165402124430955,659,122,100.0,0.0,0.0,168.20833333333334
USDCHF,mom rsi70 h8,365,150,design,49.165402124430955,659,721,33.14840499306519,22.191400832177532,44.66019417475729,104.79166666666667
USDCHF,mom rsi70 h8,365,150,hold,49.165402124430955,659,122,100.0,0.0,0.0,136.22916666666669
USDCHF,mom rsi70 h8,365,200,design,49.165402124430955,659,721,44.24410540915395,41.74757281553398,14.008321775312066,80.83333333333333
USDCHF,mom rsi70 h8,365,200,hold,49.165402124430955,659,122,100.0,0.0,0.0,115.70833333333333
USDCHF,mom rsi75 h8,30,50,design,50.28571428571429,350,721,0.0,0.0,100.0,
USDCHF,mom rsi75 h8,30,50,hold,50.28571428571429,350,202,0.0,0.0,100.0,
USDCHF,mom rsi75 h8,30,75,design,50.28571428571429,350,721,0.0,0.0,100.0,
USDCHF,mom rsi75 h8,30,75,hold,50.28571428571429,350,202,0.0,0.0,100.0,
USDCHF,mom rsi75 h8,30,100,design,50.28571428571429,350,721,0.0,0.0,100.0,
USDCHF,mom rsi75 h8,30,100,hold,50.28571428571429,350,202,0.0,0.0,100.0,
USDCHF,mom rsi75 h8,30,125,design,50.28571428571429,350,721,0.0,0.0,100.0,
USDCHF,mom rsi75 h8,30,125,hold,50.28571428571429,350,202,0.0,0.0,100.0,
USDCHF,mom rsi75 h8,30,150,design,50.28571428571429,350,721,0.0,0.0,100.0,
USDCHF,mom rsi75 h8,30,150,hold,50.28571428571429,350,202,1.4851485148514851,0.0,98.51485148514851,24.791666666666668
USDCHF,mom rsi75 h8,30,200,design,50.28571428571429,350,721,0.5547850208044383,0.0,99.44521497919555,23.916666666666664
USDCHF,mom rsi75 h8,30,200,hold,50.28571428571429,350,202,3.9603960396039604,0.0,96.03960396039604,23.020833333333336
USDCHF,mom rsi75 h8,60,50,design,50.28571428571429,350,721,0.0,0.0,100.0,
USDCHF,mom rsi75 h8,60,50,hold,50.28571428571429,350,192,0.0,0.0,100.0,
USDCHF,mom rsi75 h8,60,75,design,50.28571428571429,350,721,0.0,0.0,100.0,
USDCHF,mom rsi75 h8,60,75,hold,50.28571428571429,350,192,0.0,0.0,100.0,
USDCHF,mom rsi75 h8,60,100,design,50.28571428571429,350,721,0.0,0.0,100.0,
USDCHF,mom rsi75 h8,60,100,hold,50.28571428571429,350,192,0.0,0.0,100.0,
USDCHF,mom rsi75 h8,60,125,design,50.28571428571429,350,721,0.0,0.0,100.0,
USDCHF,mom rsi75 h8,60,125,hold,50.28571428571429,350,192,2.083333333333333,0.0,97.91666666666666,53.291666666666664
USDCHF,mom rsi75 h8,60,150,design,50.28571428571429,350,721,0.27739251040221913,0.0,99.72260748959778,37.5
USDCHF,mom rsi75 h8,60,150,hold,50.28571428571429,350,192,8.854166666666668,0.0,91.14583333333334,43.875
USDCHF,mom rsi75 h8,60,200,design,50.28571428571429,350,721,1.5256588072122053,0.0,98.47434119278779,42.0
USDCHF,mom rsi75 h8,60,200,hold,50.28571428571429,350,192,17.1875,0.0,82.8125,39.25
USDCHF,mom rsi75 h8,90,50,design,50.28571428571429,350,721,0.0,0.0,100.0,
USDCHF,mom rsi75 h8,90,50,hold,50.28571428571429,350,182,0.0,0.0,100.0,
USDCHF,mom rsi75 h8,90,75,design,50.28571428571429,350,721,0.0,0.0,100.0,
USDCHF,mom rsi75 h8,90,75,hold,50.28571428571429,350,182,0.0,0.0,100.0,
USDCHF,mom rsi75 h8,90,100,design,50.28571428571429,350,721,0.0,0.0,100.0,
USDCHF,mom rsi75 h8,90,100,hold,50.28571428571429,350,182,0.5494505494505495,0.0,99.45054945054946,60.791666666666664
USDCHF,mom rsi75 h8,90,125,design,50.28571428571429,350,721,0.0,0.0,100.0,
USDCHF,mom rsi75 h8,90,125,hold,50.28571428571429,350,182,8.241758241758241,0.0,91.75824175824175,69.79166666666667
USDCHF,mom rsi75 h8,90,150,design,50.28571428571429,350,721,0.27739251040221913,0.0,99.72260748959778,37.5
USDCHF,mom rsi75 h8,90,150,hold,50.28571428571429,350,182,14.285714285714285,0.0,85.71428571428571,52.854166666666664
USDCHF,mom rsi75 h8,90,200,design,50.28571428571429,350,721,3.6061026352288486,0.9708737864077669,95.42302357836338,66.66666666666666
USDCHF,mom rsi75 h8,90,200,hold,50.28571428571429,350,182,23.626373626373624,0.0,76.37362637362637,43.875
USDCHF,mom rsi75 h8,365,50,design,50.28571428571429,350,721,0.0,0.0,100.0,
USDCHF,mom rsi75 h8,365,50,hold,50.28571428571429,350,122,0.0,0.0,100.0,
USDCHF,mom rsi75 h8,365,75,design,50.28571428571429,350,721,0.0,0.0,100.0,
USDCHF,mom rsi75 h8,365,75,hold,50.28571428571429,350,122,13.114754098360656,0.0,86.88524590163934,335.2916666666667
USDCHF,mom rsi75 h8,365,100,design,50.28571428571429,350,721,3.6061026352288486,0.0,96.39389736477115,328.2083333333333
USDCHF,mom rsi75 h8,365,100,hold,50.28571428571429,350,122,34.42622950819672,0.0,65.57377049180327,304.33333333333337
USDCHF,mom rsi75 h8,365,125,design,50.28571428571429,350,721,11.511789181692095,0.0,88.4882108183079,324.375
USDCHF,mom rsi75 h8,365,125,hold,50.28571428571429,350,122,74.59016393442623,0.0,25.40983606557377,183.79166666666666
USDCHF,mom rsi75 h8,365,150,design,50.28571428571429,350,721,26.21359223300971,8.599167822468793,65.18723994452151,257.625
USDCHF,mom rsi75 h8,365,150,hold,50.28571428571429,350,122,95.08196721311475,0.0,4.918032786885246,144.0625
USDCHF,mom rsi75 h8,365,200,design,50.28571428571429,350,721,42.995839112343965,27.739251040221912,29.26490984743412,203.14583333333331
USDCHF,mom rsi75 h8,365,200,hold,50.28571428571429,350,122,100.0,0.0,0.0,142.83333333333331
USDCAD,fade3.0/20 h4,30,50,design,47.26027397260274,292,721,0.0,0.0,100.0,
USDCAD,fade3.0/20 h4,30,50,hold,47.26027397260274,292,198,0.0,0.0,100.0,
USDCAD,fade3.0/20 h4,30,75,design,47.26027397260274,292,721,0.0,0.0,100.0,
USDCAD,fade3.0/20 h4,30,75,hold,47.26027397260274,292,198,0.0,0.0,100.0,
USDCAD,fade3.0/20 h4,30,100,design,47.26027397260274,292,721,0.0,0.0,100.0,
USDCAD,fade3.0/20 h4,30,100,hold,47.26027397260274,292,198,0.0,0.0,100.0,
USDCAD,fade3.0/20 h4,30,125,design,47.26027397260274,292,721,0.0,0.0,100.0,
USDCAD,fade3.0/20 h4,30,125,hold,47.26027397260274,292,198,0.0,0.0,100.0,
USDCAD,fade3.0/20 h4,30,150,design,47.26027397260274,292,721,0.0,0.0,100.0,
USDCAD,fade3.0/20 h4,30,150,hold,47.26027397260274,292,198,0.0,0.0,100.0,
USDCAD,fade3.0/20 h4,30,200,design,47.26027397260274,292,721,0.0,0.0,100.0,
USDCAD,fade3.0/20 h4,30,200,hold,47.26027397260274,292,198,0.0,0.0,100.0,
USDCAD,fade3.0/20 h4,60,50,design,47.26027397260274,292,721,0.0,0.0,100.0,
USDCAD,fade3.0/20 h4,60,50,hold,47.26027397260274,292,188,0.0,0.0,100.0,
USDCAD,fade3.0/20 h4,60,75,design,47.26027397260274,292,721,0.0,0.0,100.0,
USDCAD,fade3.0/20 h4,60,75,hold,47.26027397260274,292,188,0.0,0.0,100.0,
USDCAD,fade3.0/20 h4,60,100,design,47.26027397260274,292,721,0.0,0.0,100.0,
USDCAD,fade3.0/20 h4,60,100,hold,47.26027397260274,292,188,0.0,0.0,100.0,
USDCAD,fade3.0/20 h4,60,125,design,47.26027397260274,292,721,0.0,0.0,100.0,
USDCAD,fade3.0/20 h4,60,125,hold,47.26027397260274,292,188,0.0,0.0,100.0,
USDCAD,fade3.0/20 h4,60,150,design,47.26027397260274,292,721,0.0,0.0,100.0,
USDCAD,fade3.0/20 h4,60,150,hold,47.26027397260274,292,188,0.0,0.0,100.0,
USDCAD,fade3.0/20 h4,60,200,design,47.26027397260274,292,721,0.0,0.0,100.0,
USDCAD,fade3.0/20 h4,60,200,hold,47.26027397260274,292,188,0.0,0.0,100.0,
USDCAD,fade3.0/20 h4,90,50,design,47.26027397260274,292,721,0.0,0.0,100.0,
USDCAD,fade3.0/20 h4,90,50,hold,47.26027397260274,292,178,0.0,0.0,100.0,
USDCAD,fade3.0/20 h4,90,75,design,47.26027397260274,292,721,0.0,0.0,100.0,
USDCAD,fade3.0/20 h4,90,75,hold,47.26027397260274,292,178,0.0,0.0,100.0,
USDCAD,fade3.0/20 h4,90,100,design,47.26027397260274,292,721,0.0,0.0,100.0,
USDCAD,fade3.0/20 h4,90,100,hold,47.26027397260274,292,178,0.0,0.0,100.0,
USDCAD,fade3.0/20 h4,90,125,design,47.26027397260274,292,721,0.0,0.0,100.0,
USDCAD,fade3.0/20 h4,90,125,hold,47.26027397260274,292,178,0.0,0.0,100.0,
USDCAD,fade3.0/20 h4,90,150,design,47.26027397260274,292,721,0.0,0.0,100.0,
USDCAD,fade3.0/20 h4,90,150,hold,47.26027397260274,292,178,0.0,0.0,100.0,
USDCAD,fade3.0/20 h4,90,200,design,47.26027397260274,292,721,0.0,0.0,100.0,
USDCAD,fade3.0/20 h4,90,200,hold,47.26027397260274,292,178,0.0,0.0,100.0,
USDCAD,fade3.0/20 h4,365,50,design,47.26027397260274,292,721,0.0,0.0,100.0,
USDCAD,fade3.0/20 h4,365,50,hold,47.26027397260274,292,118,0.0,0.0,100.0,
USDCAD,fade3.0/20 h4,365,75,design,47.26027397260274,292,721,0.0,0.0,100.0,
USDCAD,fade3.0/20 h4,365,75,hold,47.26027397260274,292,118,0.0,0.0,100.0,
USDCAD,fade3.0/20 h4,365,100,design,47.26027397260274,292,721,0.0,0.0,100.0,
USDCAD,fade3.0/20 h4,365,100,hold,47.26027397260274,292,118,0.0,0.0,100.0,
USDCAD,fade3.0/20 h4,365,125,design,47.26027397260274,292,721,0.0,0.0,100.0,
USDCAD,fade3.0/20 h4,365,125,hold,47.26027397260274,292,118,0.0,0.0,100.0,
USDCAD,fade3.0/20 h4,365,150,design,47.26027397260274,292,721,0.0,6.657420249653259,93.34257975034674,
USDCAD,fade3.0/20 h4,365,150,hold,47.26027397260274,292,118,0.0,7.627118644067797,92.37288135593221,
USDCAD,fade3.0/20 h4,365,200,design,47.26027397260274,292,721,0.8321775312066574,21.220527045769764,77.94729542302358,176.25
USDCAD,fade3.0/20 h4,365,200,hold,47.26027397260274,292,118,0.0,82.20338983050848,17.796610169491526,
USDCAD,fade3.0/20 h8,30,50,design,43.79310344827586,290,721,0.0,0.0,100.0,
USDCAD,fade3.0/20 h8,30,50,hold,43.79310344827586,290,198,0.0,0.0,100.0,
USDCAD,fade3.0/20 h8,30,75,design,43.79310344827586,290,721,0.0,0.0,100.0,
USDCAD,fade3.0/20 h8,30,75,hold,43.79310344827586,290,198,0.0,0.0,100.0,
USDCAD,fade3.0/20 h8,30,100,design,43.79310344827586,290,721,0.0,0.0,100.0,
USDCAD,fade3.0/20 h8,30,100,hold,43.79310344827586,290,198,0.0,0.0,100.0,
USDCAD,fade3.0/20 h8,30,125,design,43.79310344827586,290,721,0.0,0.0,100.0,
USDCAD,fade3.0/20 h8,30,125,hold,43.79310344827586,290,198,0.0,0.0,100.0,
USDCAD,fade3.0/20 h8,30,150,design,43.79310344827586,290,721,0.0,0.0,100.0,
USDCAD,fade3.0/20 h8,30,150,hold,43.79310344827586,290,198,0.0,0.0,100.0,
USDCAD,fade3.0/20 h8,30,200,design,43.79310344827586,290,721,0.0,0.0,100.0,
USDCAD,fade3.0/20 h8,30,200,hold,43.79310344827586,290,198,0.0,0.0,100.0,
USDCAD,fade3.0/20 h8,60,50,design,43.79310344827586,290,721,0.0,0.0,100.0,
USDCAD,fade3.0/20 h8,60,50,hold,43.79310344827586,290,188,0.0,0.0,100.0,
USDCAD,fade3.0/20 h8,60,75,design,43.79310344827586,290,721,0.0,0.0,100.0,
USDCAD,fade3.0/20 h8,60,75,hold,43.79310344827586,290,188,0.0,0.0,100.0,
USDCAD,fade3.0/20 h8,60,100,design,43.79310344827586,290,721,0.0,0.0,100.0,
USDCAD,fade3.0/20 h8,60,100,hold,43.79310344827586,290,188,0.0,0.0,100.0,
USDCAD,fade3.0/20 h8,60,125,design,43.79310344827586,290,721,0.0,0.0,100.0,
USDCAD,fade3.0/20 h8,60,125,hold,43.79310344827586,290,188,0.0,0.0,100.0,
USDCAD,fade3.0/20 h8,60,150,design,43.79310344827586,290,721,0.0,0.0,100.0,
USDCAD,fade3.0/20 h8,60,150,hold,43.79310344827586,290,188,0.0,0.0,100.0,
USDCAD,fade3.0/20 h8,60,200,design,43.79310344827586,290,721,0.0,0.6934812760055479,99.30651872399446,
USDCAD,fade3.0/20 h8,60,200,hold,43.79310344827586,290,188,0.0,0.0,100.0,
USDCAD,fade3.0/20 h8,90,50,design,43.79310344827586,290,721,0.0,0.0,100.0,
USDCAD,fade3.0/20 h8,90,50,hold,43.79310344827586,290,178,0.0,0.0,100.0,
USDCAD,fade3.0/20 h8,90,75,design,43.79310344827586,290,721,0.0,0.0,100.0,
USDCAD,fade3.0/20 h8,90,75,hold,43.79310344827586,290,178,0.0,0.0,100.0,
USDCAD,fade3.0/20 h8,90,100,design,43.79310344827586,290,721,0.0,0.0,100.0,
USDCAD,fade3.0/20 h8,90,100,hold,43.79310344827586,290,178,0.0,0.0,100.0,
USDCAD,fade3.0/20 h8,90,125,design,43.79310344827586,290,721,0.0,0.0,100.0,
USDCAD,fade3.0/20 h8,90,125,hold,43.79310344827586,290,178,0.0,0.0,100.0,
USDCAD,fade3.0/20 h8,90,150,design,43.79310344827586,290,721,0.0,0.0,100.0,
USDCAD,fade3.0/20 h8,90,150,hold,43.79310344827586,290,178,0.0,0.0,100.0,
USDCAD,fade3.0/20 h8,90,200,design,43.79310344827586,290,721,0.0,2.3578363384188625,97.64216366158114,
USDCAD,fade3.0/20 h8,90,200,hold,43.79310344827586,290,178,0.0,0.0,100.0,
USDCAD,fade3.0/20 h8,365,50,design,43.79310344827586,290,721,0.0,0.0,100.0,
USDCAD,fade3.0/20 h8,365,50,hold,43.79310344827586,290,118,0.0,0.0,100.0,
USDCAD,fade3.0/20 h8,365,75,design,43.79310344827586,290,721,0.0,0.0,100.0,
USDCAD,fade3.0/20 h8,365,75,hold,43.79310344827586,290,118,0.0,0.0,100.0,
USDCAD,fade3.0/20 h8,365,100,design,43.79310344827586,290,721,0.0,0.0,100.0,
USDCAD,fade3.0/20 h8,365,100,hold,43.79310344827586,290,118,0.0,0.0,100.0,
USDCAD,fade3.0/20 h8,365,125,design,43.79310344827586,290,721,0.0,0.0,100.0,
USDCAD,fade3.0/20 h8,365,125,hold,43.79310344827586,290,118,0.0,1.694915254237288,98.30508474576271,
USDCAD,fade3.0/20 h8,365,150,design,43.79310344827586,290,721,0.0,7.350901525658807,92.6490984743412,
USDCAD,fade3.0/20 h8,365,150,hold,43.79310344827586,290,118,0.0,53.38983050847458,46.61016949152542,
USDCAD,fade3.0/20 h8,365,200,design,43.79310344827586,290,721,0.0,44.382801664355064,55.617198335644936,
USDCAD,fade3.0/20 h8,365,200,hold,43.79310344827586,290,118,0.0,100.0,0.0,
USDCAD,fade2.5/25 h4,30,50,design,46.36174636174636,962,721,0.0,0.0,100.0,
USDCAD,fade2.5/25 h4,30,50,hold,46.36174636174636,962,200,0.0,0.0,100.0,
USDCAD,fade2.5/25 h4,30,75,design,46.36174636174636,962,721,0.0,0.0,100.0,
USDCAD,fade2.5/25 h4,30,75,hold,46.36174636174636,962,200,0.0,0.0,100.0,
USDCAD,fade2.5/25 h4,30,100,design,46.36174636174636,962,721,0.0,0.0,100.0,
USDCAD,fade2.5/25 h4,30,100,hold,46.36174636174636,962,200,0.0,0.0,100.0,
USDCAD,fade2.5/25 h4,30,125,design,46.36174636174636,962,721,0.13869625520110956,0.0,99.86130374479889,20.666666666666668
USDCAD,fade2.5/25 h4,30,125,hold,46.36174636174636,962,200,0.0,0.0,100.0,
USDCAD,fade2.5/25 h4,30,150,design,46.36174636174636,962,721,1.1095700416088765,0.0,98.89042995839112,17.666666666666664
USDCAD,fade2.5/25 h4,30,150,hold,46.36174636174636,962,200,0.0,0.0,100.0,
USDCAD,fade2.5/25 h4,30,200,design,46.36174636174636,962,721,3.6061026352288486,0.0,96.39389736477115,18.604166666666664
USDCAD,fade2.5/25 h4,30,200,hold,46.36174636174636,962,200,0.0,0.0,100.0,
USDCAD,fade2.5/25 h4,60,50,design,46.36174636174636,962,721,0.0,0.0,100.0,
USDCAD,fade2.5/25 h4,60,50,hold,46.36174636174636,962,190,0.0,0.0,100.0,
USDCAD,fade2.5/25 h4,60,75,design,46.36174636174636,962,721,0.0,0.0,100.0,
USDCAD,fade2.5/25 h4,60,75,hold,46.36174636174636,962,190,0.0,0.0,100.0,
USDCAD,fade2.5/25 h4,60,100,design,46.36174636174636,962,721,0.0,0.0,100.0,
USDCAD,fade2.5/25 h4,60,100,hold,46.36174636174636,962,190,0.0,0.0,100.0,
USDCAD,fade2.5/25 h4,60,125,design,46.36174636174636,962,721,1.248266296809986,0.0,98.75173370319001,51.125
USDCAD,fade2.5/25 h4,60,125,hold,46.36174636174636,962,190,0.0,0.0,100.0,
USDCAD,fade2.5/25 h4,60,150,design,46.36174636174636,962,721,3.744798890429958,0.0,96.25520110957004,38.625
USDCAD,fade2.5/25 h4,60,150,hold,46.36174636174636,962,190,0.0,0.0,100.0,
USDCAD,fade2.5/25 h4,60,200,design,46.36174636174636,962,721,9.29264909847434,2.3578363384188625,88.3495145631068,35.666666666666664
USDCAD,fade2.5/25 h4,60,200,hold,46.36174636174636,962,190,1.5789473684210527,4.736842105263158,93.6842105263158,37.666666666666664
USDCAD,fade2.5/25 h4,90,50,design,46.36174636174636,962,721,0.0,0.0,100.0,
USDCAD,fade2.5/25 h4,90,50,hold,46.36174636174636,962,180,0.0,0.0,100.0,
USDCAD,fade2.5/25 h4,90,75,design,46.36174636174636,962,721,0.0,0.0,100.0,
USDCAD,fade2.5/25 h4,90,75,hold,46.36174636174636,962,180,0.0,0.0,100.0,
USDCAD,fade2.5/25 h4,90,100,design,46.36174636174636,962,721,0.0,0.0,100.0,
USDCAD,fade2.5/25 h4,90,100,hold,46.36174636174636,962,180,0.0,0.0,100.0,
USDCAD,fade2.5/25 h4,90,125,design,46.36174636174636,962,721,1.9417475728155338,0.0,98.05825242718447,59.66666666666667
USDCAD,fade2.5/25 h4,90,125,hold,46.36174636174636,962,180,0.0,0.0,100.0,
USDCAD,fade2.5/25 h4,90,150,design,46.36174636174636,962,721,4.2995839112343965,0.9708737864077669,94.72954230235784,39.125
USDCAD,fade2.5/25 h4,90,150,hold,46.36174636174636,962,180,0.0,3.888888888888889,96.11111111111111,
USDCAD,fade2.5/25 h4,90,200,design,46.36174636174636,962,721,13.592233009708737,8.876560332871012,77.53120665742024,47.70833333333333
USDCAD,fade2.5/25 h4,90,200,hold,46.36174636174636,962,180,1.1111111111111112,27.22222222222222,71.66666666666667,66.25
USDCAD,fade2.5/25 h4,365,50,design,46.36174636174636,962,721,0.0,0.0,100.0,
USDCAD,fade2.5/25 h4,365,50,hold,46.36174636174636,962,120,0.0,0.0,100.0,
USDCAD,fade2.5/25 h4,365,75,design,46.36174636174636,962,721,0.0,0.0,100.0,
USDCAD,fade2.5/25 h4,365,75,hold,46.36174636174636,962,120,0.0,48.333333333333336,51.66666666666667,
USDCAD,fade2.5/25 h4,365,100,design,46.36174636174636,962,721,2.6352288488210815,12.89875173370319,84.46601941747572,206.70833333333334
USDCAD,fade2.5/25 h4,365,100,hold,46.36174636174636,962,120,0.0,89.16666666666667,10.833333333333334,
USDCAD,fade2.5/25 h4,365,125,design,46.36174636174636,962,721,11.789181692094314,30.513176144244103,57.69764216366158,212.70833333333334
USDCAD,fade2.5/25 h4,365,125,hold,46.36174636174636,962,120,0.0,100.0,0.0,
USDCAD,fade2.5/25 h4,365,150,design,46.36174636174636,962,721,18.446601941747574,54.64632454923717,26.907073509015255,173.70833333333334
USDCAD,fade2.5/25 h4,365,150,hold,46.36174636174636,962,120,0.0,100.0,0.0,
USDCAD,fade2.5/25 h4,365,200,design,46.36174636174636,962,721,31.761442441054093,63.938973647711514,4.2995839112343965,106.75
USDCAD,fade2.5/25 h4,365,200,hold,46.36174636174636,962,120,1.6666666666666667,98.33333333333333,0.0,66.25
USDCAD,fade2.5/25 h8,30,50,design,44.96788008565311,934,721,0.0,0.0,100.0,
USDCAD,fade2.5/25 h8,30,50,hold,44.96788008565311,934,200,0.0,0.0,100.0,
USDCAD,fade2.5/25 h8,30,75,design,44.96788008565311,934,721,0.0,0.0,100.0,
USDCAD,fade2.5/25 h8,30,75,hold,44.96788008565311,934,200,0.0,0.0,100.0,
USDCAD,fade2.5/25 h8,30,100,design,44.96788008565311,934,721,0.8321775312066574,0.0,99.16782246879335,21.291666666666664
USDCAD,fade2.5/25 h8,30,100,hold,44.96788008565311,934,200,0.0,0.0,100.0,
USDCAD,fade2.5/25 h8,30,125,design,44.96788008565311,934,721,2.912621359223301,0.0,97.0873786407767,22.958333333333332
USDCAD,fade2.5/25 h8,30,125,hold,44.96788008565311,934,200,0.0,0.0,100.0,
USDCAD,fade2.5/25 h8,30,150,design,44.96788008565311,934,721,6.102635228848821,0.0,93.89736477115119,19.854166666666664
USDCAD,fade2.5/25 h8,30,150,hold,44.96788008565311,934,200,0.0,0.0,100.0,
USDCAD,fade2.5/25 h8,30,200,design,44.96788008565311,934,721,9.847434119278779,0.0,90.15256588072123,15.791666666666666
USDCAD,fade2.5/25 h8,30,200,hold,44.96788008565311,934,200,0.0,0.0,100.0,
USDCAD,fade2.5/25 h8,60,50,design,44.96788008565311,934,721,0.0,0.0,100.0,
USDCAD,fade2.5/25 h8,60,50,hold,44.96788008565311,934,190,0.0,0.0,100.0,
USDCAD,fade2.5/25 h8,60,75,design,44.96788008565311,934,721,1.6643550624133148,0.0,98.3356449375867,49.70833333333333
USDCAD,fade2.5/25 h8,60,75,hold,44.96788008565311,934,190,0.0,0.0,100.0,
USDCAD,fade2.5/25 h8,60,100,design,44.96788008565311,934,721,3.6061026352288486,0.0,96.39389736477115,37.85416666666667
USDCAD,fade2.5/25 h8,60,100,hold,44.96788008565311,934,190,0.0,0.0,100.0,
USDCAD,fade2.5/25 h8,60,125,design,44.96788008565311,934,721,6.2413314840499305,0.0,93.75866851595008,30.833333333333332
USDCAD,fade2.5/25 h8,60,125,hold,44.96788008565311,934,190,0.0,0.0,100.0,
USDCAD,fade2.5/25 h8,60,150,design,44.96788008565311,934,721,12.343966712898752,0.27739251040221913,87.37864077669903,30.625
USDCAD,fade2.5/25 h8,60,150,hold,44.96788008565311,934,190,0.0,0.0,100.0,
USDCAD,fade2.5/25 h8,60,200,design,44.96788008565311,934,721,17.891816920943135,4.438280166435506,77.66990291262135,27.75
USDCAD,fade2.5/25 h8,60,200,hold,44.96788008565311,934,190,0.0,20.0,80.0,
USDCAD,fade2.5/25 h8,90,50,design,44.96788008565311,934,721,0.0,0.0,100.0,
USDCAD,fade2.5/25 h8,90,50,hold,44.96788008565311,934,180,0.0,0.0,100.0,
USDCAD,fade2.5/25 h8,90,75,design,44.96788008565311,934,721,3.467406380027739,0.0,96.53259361997226,60.875
USDCAD,fade2.5/25 h8,90,75,hold,44.96788008565311,934,180,0.0,0.0,100.0,
USDCAD,fade2.5/25 h8,90,100,design,44.96788008565311,934,721,5.6865464632454925,0.0,94.31345353675451,48.666666666666664
USDCAD,fade2.5/25 h8,90,100,hold,44.96788008565311,934,180,0.0,0.0,100.0,
USDCAD,fade2.5/25 h8,90,125,design,44.96788008565311,934,721,8.876560332871012,0.0,91.12343966712899,35.833333333333336
USDCAD,fade2.5/25 h8,90,125,hold,44.96788008565311,934,180,0.0,2.2222222222222223,97.77777777777777,
USDCAD,fade2.5/25 h8,90,150,design,44.96788008565311,934,721,15.53398058252427,3.8834951456310676,80.58252427184466,37.72916666666667
USDCAD,fade2.5/25 h8,90,150,hold,44.96788008565311,934,180,0.0,8.88888888888889,91.11111111111111,
USDCAD,fade2.5/25 h8,90,200,design,44.96788008565311,934,721,22.74618585298197,23.1622746185853,54.09153952843273,33.85416666666667
USDCAD,fade2.5/25 h8,90,200,hold,44.96788008565311,934,180,0.0,48.333333333333336,51.66666666666667,
USDCAD,fade2.5/25 h8,365,50,design,44.96788008565311,934,721,0.0,0.0,100.0,
USDCAD,fade2.5/25 h8,365,50,hold,44.96788008565311,934,120,0.0,0.0,100.0,
USDCAD,fade2.5/25 h8,365,75,design,44.96788008565311,934,721,12.76005547850208,11.650485436893204,75.58945908460471,218.16666666666666
USDCAD,fade2.5/25 h8,365,75,hold,44.96788008565311,934,120,0.0,84.16666666666667,15.833333333333332,
USDCAD,fade2.5/25 h8,365,100,design,44.96788008565311,934,721,23.300970873786408,41.19278779472954,35.50624133148405,163.25
USDCAD,fade2.5/25 h8,365,100,hold,44.96788008565311,934,120,0.0,100.0,0.0,
USDCAD,fade2.5/25 h8,365,125,design,44.96788008565311,934,721,30.374479889042995,47.43411927877948,22.191400832177532,150.66666666666666
USDCAD,fade2.5/25 h8,365,125,hold,44.96788008565311,934,120,0.0,100.0,0.0,
USDCAD,fade2.5/25 h8,365,150,design,44.96788008565311,934,721,31.06796116504854,58.80721220527045,10.124826629680998,87.41666666666667
USDCAD,fade2.5/25 h8,365,150,hold,44.96788008565311,934,120,0.0,100.0,0.0,
USDCAD,fade2.5/25 h8,365,200,design,44.96788008565311,934,721,38.83495145631068,61.165048543689316,0.0,67.875
USDCAD,fade2.5/25 h8,365,200,hold,44.96788008565311,934,120,0.0,100.0,0.0,
USDCAD,fade3.0/20 h4 L,30,50,design,47.712418300653596,153,721,0.0,0.0,100.0,
USDCAD,fade3.0/20 h4 L,30,50,hold,47.712418300653596,153,188,0.0,0.0,100.0,
USDCAD,fade3.0/20 h4 L,30,75,design,47.712418300653596,153,721,0.0,0.0,100.0,
USDCAD,fade3.0/20 h4 L,30,75,hold,47.712418300653596,153,188,0.0,0.0,100.0,
USDCAD,fade3.0/20 h4 L,30,100,design,47.712418300653596,153,721,0.0,0.0,100.0,
USDCAD,fade3.0/20 h4 L,30,100,hold,47.712418300653596,153,188,0.0,0.0,100.0,
USDCAD,fade3.0/20 h4 L,30,125,design,47.712418300653596,153,721,0.0,0.0,100.0,
USDCAD,fade3.0/20 h4 L,30,125,hold,47.712418300653596,153,188,0.0,0.0,100.0,
USDCAD,fade3.0/20 h4 L,30,150,design,47.712418300653596,153,721,0.0,0.0,100.0,
USDCAD,fade3.0/20 h4 L,30,150,hold,47.712418300653596,153,188,0.0,0.0,100.0,
USDCAD,fade3.0/20 h4 L,30,200,design,47.712418300653596,153,721,0.0,0.0,100.0,
USDCAD,fade3.0/20 h4 L,30,200,hold,47.712418300653596,153,188,0.0,0.0,100.0,
USDCAD,fade3.0/20 h4 L,60,50,design,47.712418300653596,153,721,0.0,0.0,100.0,
USDCAD,fade3.0/20 h4 L,60,50,hold,47.712418300653596,153,178,0.0,0.0,100.0,
USDCAD,fade3.0/20 h4 L,60,75,design,47.712418300653596,153,721,0.0,0.0,100.0,
USDCAD,fade3.0/20 h4 L,60,75,hold,47.712418300653596,153,178,0.0,0.0,100.0,
USDCAD,fade3.0/20 h4 L,60,100,design,47.712418300653596,153,721,0.0,0.0,100.0,
USDCAD,fade3.0/20 h4 L,60,100,hold,47.712418300653596,153,178,0.0,0.0,100.0,
USDCAD,fade3.0/20 h4 L,60,125,design,47.712418300653596,153,721,0.0,0.0,100.0,
USDCAD,fade3.0/20 h4 L,60,125,hold,47.712418300653596,153,178,0.0,0.0,100.0,
USDCAD,fade3.0/20 h4 L,60,150,design,47.712418300653596,153,721,0.0,0.0,100.0,
USDCAD,fade3.0/20 h4 L,60,150,hold,47.712418300653596,153,178,0.0,0.0,100.0,
USDCAD,fade3.0/20 h4 L,60,200,design,47.712418300653596,153,721,0.0,0.0,100.0,
USDCAD,fade3.0/20 h4 L,60,200,hold,47.712418300653596,153,178,0.0,0.0,100.0,
USDCAD,fade3.0/20 h4 L,90,50,design,47.712418300653596,153,721,0.0,0.0,100.0,
USDCAD,fade3.0/20 h4 L,90,50,hold,47.712418300653596,153,168,0.0,0.0,100.0,
USDCAD,fade3.0/20 h4 L,90,75,design,47.712418300653596,153,721,0.0,0.0,100.0,
USDCAD,fade3.0/20 h4 L,90,75,hold,47.712418300653596,153,168,0.0,0.0,100.0,
USDCAD,fade3.0/20 h4 L,90,100,design,47.712418300653596,153,721,0.0,0.0,100.0,
USDCAD,fade3.0/20 h4 L,90,100,hold,47.712418300653596,153,168,0.0,0.0,100.0,
USDCAD,fade3.0/20 h4 L,90,125,design,47.712418300653596,153,721,0.0,0.0,100.0,
USDCAD,fade3.0/20 h4 L,90,125,hold,47.712418300653596,153,168,0.0,0.0,100.0,
USDCAD,fade3.0/20 h4 L,90,150,design,47.712418300653596,153,721,0.0,0.0,100.0,
USDCAD,fade3.0/20 h4 L,90,150,hold,47.712418300653596,153,168,0.0,0.0,100.0,
USDCAD,fade3.0/20 h4 L,90,200,design,47.712418300653596,153,721,0.0,0.0,100.0,
USDCAD,fade3.0/20 h4 L,90,200,hold,47.712418300653596,153,168,0.0,0.0,100.0,
USDCAD,fade3.0/20 h4 L,365,50,design,47.712418300653596,153,721,0.0,0.0,100.0,
USDCAD,fade3.0/20 h4 L,365,50,hold,47.712418300653596,153,108,0.0,0.0,100.0,
USDCAD,fade3.0/20 h4 L,365,75,design,47.712418300653596,153,721,0.0,0.0,100.0,
USDCAD,fade3.0/20 h4 L,365,75,hold,47.712418300653596,153,108,0.0,0.0,100.0,
USDCAD,fade3.0/20 h4 L,365,100,design,47.712418300653596,153,721,0.0,0.0,100.0,
USDCAD,fade3.0/20 h4 L,365,100,hold,47.712418300653596,153,108,0.0,0.0,100.0,
USDCAD,fade3.0/20 h4 L,365,125,design,47.712418300653596,153,721,0.0,0.0,100.0,
USDCAD,fade3.0/20 h4 L,365,125,hold,47.712418300653596,153,108,0.0,0.9259259259259258,99.07407407407408,
USDCAD,fade3.0/20 h4 L,365,150,design,47.712418300653596,153,721,0.0,0.0,100.0,
USDCAD,fade3.0/20 h4 L,365,150,hold,47.712418300653596,153,108,0.0,50.92592592592593,49.074074074074076,
USDCAD,fade3.0/20 h4 L,365,200,design,47.712418300653596,153,721,2.3578363384188625,1.248266296809986,96.39389736477115,257.6666666666667
USDCAD,fade3.0/20 h4 L,365,200,hold,47.712418300653596,153,108,0.0,100.0,0.0,
USDCAD,fade3.0/20 h8 L,30,50,design,43.70860927152318,151,721,0.0,0.0,100.0,
USDCAD,fade3.0/20 h8 L,30,50,hold,43.70860927152318,151,188,0.0,0.0,100.0,
USDCAD,fade3.0/20 h8 L,30,75,design,43.70860927152318,151,721,0.0,0.0,100.0,
USDCAD,fade3.0/20 h8 L,30,75,hold,43.70860927152318,151,188,0.0,0.0,100.0,
USDCAD,fade3.0/20 h8 L,30,100,design,43.70860927152318,151,721,0.0,0.0,100.0,
USDCAD,fade3.0/20 h8 L,30,100,hold,43.70860927152318,151,188,0.0,0.0,100.0,
USDCAD,fade3.0/20 h8 L,30,125,design,43.70860927152318,151,721,0.0,0.0,100.0,
USDCAD,fade3.0/20 h8 L,30,125,hold,43.70860927152318,151,188,0.0,0.0,100.0,
USDCAD,fade3.0/20 h8 L,30,150,design,43.70860927152318,151,721,0.0,0.0,100.0,
USDCAD,fade3.0/20 h8 L,30,150,hold,43.70860927152318,151,188,0.0,0.0,100.0,
USDCAD,fade3.0/20 h8 L,30,200,design,43.70860927152318,151,721,0.0,0.0,100.0,
USDCAD,fade3.0/20 h8 L,30,200,hold,43.70860927152318,151,188,0.0,0.0,100.0,
USDCAD,fade3.0/20 h8 L,60,50,design,43.70860927152318,151,721,0.0,0.0,100.0,
USDCAD,fade3.0/20 h8 L,60,50,hold,43.70860927152318,151,178,0.0,0.0,100.0,
USDCAD,fade3.0/20 h8 L,60,75,design,43.70860927152318,151,721,0.0,0.0,100.0,
USDCAD,fade3.0/20 h8 L,60,75,hold,43.70860927152318,151,178,0.0,0.0,100.0,
USDCAD,fade3.0/20 h8 L,60,100,design,43.70860927152318,151,721,0.0,0.0,100.0,
USDCAD,fade3.0/20 h8 L,60,100,hold,43.70860927152318,151,178,0.0,0.0,100.0,
USDCAD,fade3.0/20 h8 L,60,125,design,43.70860927152318,151,721,0.0,0.0,100.0,
USDCAD,fade3.0/20 h8 L,60,125,hold,43.70860927152318,151,178,0.0,0.0,100.0,
USDCAD,fade3.0/20 h8 L,60,150,design,43.70860927152318,151,721,0.0,0.0,100.0,
USDCAD,fade3.0/20 h8 L,60,150,hold,43.70860927152318,151,178,0.0,0.0,100.0,
USDCAD,fade3.0/20 h8 L,60,200,design,43.70860927152318,151,721,0.0,0.0,100.0,
USDCAD,fade3.0/20 h8 L,60,200,hold,43.70860927152318,151,178,0.0,0.0,100.0,
USDCAD,fade3.0/20 h8 L,90,50,design,43.70860927152318,151,721,0.0,0.0,100.0,
USDCAD,fade3.0/20 h8 L,90,50,hold,43.70860927152318,151,168,0.0,0.0,100.0,
USDCAD,fade3.0/20 h8 L,90,75,design,43.70860927152318,151,721,0.0,0.0,100.0,
USDCAD,fade3.0/20 h8 L,90,75,hold,43.70860927152318,151,168,0.0,0.0,100.0,
USDCAD,fade3.0/20 h8 L,90,100,design,43.70860927152318,151,721,0.0,0.0,100.0,
USDCAD,fade3.0/20 h8 L,90,100,hold,43.70860927152318,151,168,0.0,0.0,100.0,
USDCAD,fade3.0/20 h8 L,90,125,design,43.70860927152318,151,721,0.0,0.0,100.0,
USDCAD,fade3.0/20 h8 L,90,125,hold,43.70860927152318,151,168,0.0,0.0,100.0,
USDCAD,fade3.0/20 h8 L,90,150,design,43.70860927152318,151,721,0.0,0.0,100.0,
USDCAD,fade3.0/20 h8 L,90,150,hold,43.70860927152318,151,168,0.0,0.0,100.0,
USDCAD,fade3.0/20 h8 L,90,200,design,43.70860927152318,151,721,0.0,0.0,100.0,
USDCAD,fade3.0/20 h8 L,90,200,hold,43.70860927152318,151,168,0.0,0.0,100.0,
USDCAD,fade3.0/20 h8 L,365,50,design,43.70860927152318,151,721,0.0,0.0,100.0,
USDCAD,fade3.0/20 h8 L,365,50,hold,43.70860927152318,151,108,0.0,0.0,100.0,
USDCAD,fade3.0/20 h8 L,365,75,design,43.70860927152318,151,721,0.0,0.0,100.0,
USDCAD,fade3.0/20 h8 L,365,75,hold,43.70860927152318,151,108,0.0,0.0,100.0,
USDCAD,fade3.0/20 h8 L,365,100,design,43.70860927152318,151,721,0.0,0.0,100.0,
USDCAD,fade3.0/20 h8 L,365,100,hold,43.70860927152318,151,108,0.0,0.0,100.0,
USDCAD,fade3.0/20 h8 L,365,125,design,43.70860927152318,151,721,0.0,0.0,100.0,
USDCAD,fade3.0/20 h8 L,365,125,hold,43.70860927152318,151,108,0.0,11.11111111111111,88.88888888888889,
USDCAD,fade3.0/20 h8 L,365,150,design,43.70860927152318,151,721,0.0,0.0,100.0,
USDCAD,fade3.0/20 h8 L,365,150,hold,43.70860927152318,151,108,0.0,77.77777777777779,22.22222222222222,
USDCAD,fade3.0/20 h8 L,365,200,design,43.70860927152318,151,721,0.0,19.00138696255201,80.99861303744798,
USDCAD,fade3.0/20 h8 L,365,200,hold,43.70860927152318,151,108,0.0,100.0,0.0,
USDCAD,fade2.5/25 h4 L,30,50,design,47.04641350210971,474,721,0.0,0.0,100.0,
USDCAD,fade2.5/25 h4 L,30,50,hold,47.04641350210971,474,195,0.0,0.0,100.0,
USDCAD,fade2.5/25 h4 L,30,75,design,47.04641350210971,474,721,0.0,0.0,100.0,
USDCAD,fade2.5/25 h4 L,30,75,hold,47.04641350210971,474,195,0.0,0.0,100.0,
USDCAD,fade2.5/25 h4 L,30,100,design,47.04641350210971,474,721,0.0,0.0,100.0,
USDCAD,fade2.5/25 h4 L,30,100,hold,47.04641350210971,474,195,0.0,0.0,100.0,
USDCAD,fade2.5/25 h4 L,30,125,design,47.04641350210971,474,721,0.6934812760055479,0.0,99.30651872399446,21.583333333333332
USDCAD,fade2.5/25 h4 L,30,125,hold,47.04641350210971,474,195,0.0,0.0,100.0,
USDCAD,fade2.5/25 h4 L,30,150,design,47.04641350210971,474,721,0.9708737864077669,0.0,99.02912621359224,18.583333333333332
USDCAD,fade2.5/25 h4 L,30,150,hold,47.04641350210971,474,195,0.0,0.0,100.0,
USDCAD,fade2.5/25 h4 L,30,200,design,47.04641350210971,474,721,1.8030513176144243,0.0,98.19694868238558,18.583333333333332
USDCAD,fade2.5/25 h4 L,30,200,hold,47.04641350210971,474,195,0.0,0.0,100.0,
USDCAD,fade2.5/25 h4 L,60,50,design,47.04641350210971,474,721,0.0,0.0,100.0,
USDCAD,fade2.5/25 h4 L,60,50,hold,47.04641350210971,474,185,0.0,0.0,100.0,
USDCAD,fade2.5/25 h4 L,60,75,design,47.04641350210971,474,721,0.0,0.0,100.0,
USDCAD,fade2.5/25 h4 L,60,75,hold,47.04641350210971,474,185,0.0,0.0,100.0,
USDCAD,fade2.5/25 h4 L,60,100,design,47.04641350210971,474,721,0.0,0.0,100.0,
USDCAD,fade2.5/25 h4 L,60,100,hold,47.04641350210971,474,185,0.0,0.0,100.0,
USDCAD,fade2.5/25 h4 L,60,125,design,47.04641350210971,474,721,1.3869625520110958,0.0,98.6130374479889,29.083333333333332
USDCAD,fade2.5/25 h4 L,60,125,hold,47.04641350210971,474,185,0.0,0.0,100.0,
USDCAD,fade2.5/25 h4 L,60,150,design,47.04641350210971,474,721,3.467406380027739,0.0,96.53259361997226,41.666666666666664
USDCAD,fade2.5/25 h4 L,60,150,hold,47.04641350210971,474,185,0.0,0.0,100.0,
USDCAD,fade2.5/25 h4 L,60,200,design,47.04641350210971,474,721,7.073509015256588,0.0,92.92649098474341,42.625
USDCAD,fade2.5/25 h4 L,60,200,hold,47.04641350210971,474,185,1.0810810810810811,0.0,98.91891891891892,39.166666666666664
USDCAD,fade2.5/25 h4 L,90,50,design,47.04641350210971,474,721,0.0,0.0,100.0,
USDCAD,fade2.5/25 h4 L,90,50,hold,47.04641350210971,474,175,0.0,0.0,100.0,
USDCAD,fade2.5/25 h4 L,90,75,design,47.04641350210971,474,721,0.0,0.0,100.0,
USDCAD,fade2.5/25 h4 L,90,75,hold,47.04641350210971,474,175,0.0,0.0,100.0,
USDCAD,fade2.5/25 h4 L,90,100,design,47.04641350210971,474,721,0.0,0.0,100.0,
USDCAD,fade2.5/25 h4 L,90,100,hold,47.04641350210971,474,175,0.0,0.0,100.0,
USDCAD,fade2.5/25 h4 L,90,125,design,47.04641350210971,474,721,4.0221914008321775,0.0,95.97780859916783,68.66666666666667
USDCAD,fade2.5/25 h4 L,90,125,hold,47.04641350210971,474,175,0.0,0.0,100.0,
USDCAD,fade2.5/25 h4 L,90,150,design,47.04641350210971,474,721,7.073509015256588,0.0,92.92649098474341,60.583333333333336
USDCAD,fade2.5/25 h4 L,90,150,hold,47.04641350210971,474,175,0.0,0.0,100.0,
USDCAD,fade2.5/25 h4 L,90,200,design,47.04641350210971,474,721,13.0374479889043,0.0,86.9625520110957,58.145833333333336
USDCAD,fade2.5/25 h4 L,90,200,hold,47.04641350210971,474,175,1.1428571428571428,4.0,94.85714285714286,72.16666666666667
USDCAD,fade2.5/25 h4 L,365,50,design,47.04641350210971,474,721,0.0,0.0,100.0,
USDCAD,fade2.5/25 h4 L,365,50,hold,47.04641350210971,474,115,0.0,0.0,100.0,
USDCAD,fade2.5/25 h4 L,365,75,design,47.04641350210971,474,721,0.0,0.0,100.0,
USDCAD,fade2.5/25 h4 L,365,75,hold,47.04641350210971,474,115,0.0,0.0,100.0,
USDCAD,fade2.5/25 h4 L,365,100,design,47.04641350210971,474,721,9.986130374479888,0.0,90.01386962552012,220.4375
USDCAD,fade2.5/25 h4 L,365,100,hold,47.04641350210971,474,115,0.0,24.347826086956523,75.65217391304347,
USDCAD,fade2.5/25 h4 L,365,125,design,47.04641350210971,474,721,21.63661581137309,0.0,78.36338418862691,187.14583333333334
USDCAD,fade2.5/25 h4 L,365,125,hold,47.04641350210971,474,115,0.0,91.30434782608695,8.695652173913043,
USDCAD,fade2.5/25 h4 L,365,150,design,47.04641350210971,474,721,25.65880721220527,0.9708737864077669,73.37031900138696,158.75
USDCAD,fade2.5/25 h4 L,365,150,hold,47.04641350210971,474,115,0.0,100.0,0.0,
USDCAD,fade2.5/25 h4 L,365,200,design,47.04641350210971,474,721,37.03190013869626,24.549237170596395,38.41886269070735,126.58333333333333
USDCAD,fade2.5/25 h4 L,365,200,hold,47.04641350210971,474,115,0.0,100.0,0.0,
USDCAD,fade2.5/25 h8 L,30,50,design,45.72649572649573,468,721,0.0,0.0,100.0,
USDCAD,fade2.5/25 h8 L,30,50,hold,45.72649572649573,468,195,0.0,0.0,100.0,
USDCAD,fade2.5/25 h8 L,30,75,design,45.72649572649573,468,721,0.0,0.0,100.0,
USDCAD,fade2.5/25 h8 L,30,75,hold,45.72649572649573,468,195,0.0,0.0,100.0,
USDCAD,fade2.5/25 h8 L,30,100,design,45.72649572649573,468,721,0.6934812760055479,0.0,99.30651872399446,21.75
USDCAD,fade2.5/25 h8 L,30,100,hold,45.72649572649573,468,195,0.0,0.0,100.0,
USDCAD,fade2.5/25 h8 L,30,125,design,45.72649572649573,468,721,1.3869625520110958,0.0,98.6130374479889,23.854166666666664
USDCAD,fade2.5/25 h8 L,30,125,hold,45.72649572649573,468,195,0.0,0.0,100.0,
USDCAD,fade2.5/25 h8 L,30,150,design,45.72649572649573,468,721,3.0513176144244105,0.0,96.9486823855756,18.6875
USDCAD,fade2.5/25 h8 L,30,150,hold,45.72649572649573,468,195,0.0,0.0,100.0,
USDCAD,fade2.5/25 h8 L,30,200,design,45.72649572649573,468,721,3.6061026352288486,0.0,96.39389736477115,16.708333333333336
USDCAD,fade2.5/25 h8 L,30,200,hold,45.72649572649573,468,195,0.0,0.0,100.0,
USDCAD,fade2.5/25 h8 L,60,50,design,45.72649572649573,468,721,0.0,0.0,100.0,
USDCAD,fade2.5/25 h8 L,60,50,hold,45.72649572649573,468,185,0.0,0.0,100.0,
USDCAD,fade2.5/25 h8 L,60,75,design,45.72649572649573,468,721,0.0,0.0,100.0,
USDCAD,fade2.5/25 h8 L,60,75,hold,45.72649572649573,468,185,0.0,0.0,100.0,
USDCAD,fade2.5/25 h8 L,60,100,design,45.72649572649573,468,721,1.6643550624133148,0.0,98.3356449375867,32.25
USDCAD,fade2.5/25 h8 L,60,100,hold,45.72649572649573,468,185,0.0,0.0,100.0,
USDCAD,fade2.5/25 h8 L,60,125,design,45.72649572649573,468,721,5.825242718446602,0.0,94.1747572815534,44.3125
USDCAD,fade2.5/25 h8 L,60,125,hold,45.72649572649573,468,185,0.0,0.0,100.0,
USDCAD,fade2.5/25 h8 L,60,150,design,45.72649572649573,468,721,7.905686546463246,0.0,92.09431345353676,36.625
USDCAD,fade2.5/25 h8 L,60,150,hold,45.72649572649573,468,185,0.0,0.0,100.0,
USDCAD,fade2.5/25 h8 L,60,200,design,45.72649572649573,468,721,11.373092926490985,0.0,88.62690707350902,36.27083333333333
USDCAD,fade2.5/25 h8 L,60,200,hold,45.72649572649573,468,185,0.0,0.0,100.0,
USDCAD,fade2.5/25 h8 L,90,50,design,45.72649572649573,468,721,0.0,0.0,100.0,
USDCAD,fade2.5/25 h8 L,90,50,hold,45.72649572649573,468,175,0.0,0.0,100.0,
USDCAD,fade2.5/25 h8 L,90,75,design,45.72649572649573,468,721,0.0,0.0,100.0,
USDCAD,fade2.5/25 h8 L,90,75,hold,45.72649572649573,468,175,0.0,0.0,100.0,
USDCAD,fade2.5/25 h8 L,90,100,design,45.72649572649573,468,721,4.438280166435506,0.0,95.5617198335645,65.1875
USDCAD,fade2.5/25 h8 L,90,100,hold,45.72649572649573,468,175,0.0,0.0,100.0,
USDCAD,fade2.5/25 h8 L,90,125,design,45.72649572649573,468,721,10.402219140083217,0.0,89.59778085991678,54.75
USDCAD,fade2.5/25 h8 L,90,125,hold,45.72649572649573,468,175,0.0,0.0,100.0,
USDCAD,fade2.5/25 h8 L,90,150,design,45.72649572649573,468,721,12.482662968099861,0.0,87.51733703190014,48.20833333333333
USDCAD,fade2.5/25 h8 L,90,150,hold,45.72649572649573,468,175,0.0,0.0,100.0,
USDCAD,fade2.5/25 h8 L,90,200,design,45.72649572649573,468,721,17.05963938973648,0.0,82.94036061026353,47.666666666666664
USDCAD,fade2.5/25 h8 L,90,200,hold,45.72649572649573,468,175,0.0,0.0,100.0,
USDCAD,fade2.5/25 h8 L,365,50,design,45.72649572649573,468,721,0.0,0.0,100.0,
USDCAD,fade2.5/25 h8 L,365,50,hold,45.72649572649573,468,115,0.0,0.0,100.0,
USDCAD,fade2.5/25 h8 L,365,75,design,45.72649572649573,468,721,0.5547850208044383,0.0,99.44521497919555,266.85416666666663
USDCAD,fade2.5/25 h8 L,365,75,hold,45.72649572649573,468,115,0.0,0.0,100.0,
USDCAD,fade2.5/25 h8 L,365,100,design,45.72649572649573,468,721,31.206657420249652,0.0,68.79334257975034,237.75
USDCAD,fade2.5/25 h8 L,365,100,hold,45.72649572649573,468,115,0.0,9.565217391304348,90.43478260869566,
USDCAD,fade2.5/25 h8 L,365,125,design,45.72649572649573,468,721,42.163661581137305,14.701803051317613,43.13453536754508,168.6875
USDCAD,fade2.5/25 h8 L,365,125,hold,45.72649572649573,468,115,0.0,68.69565217391305,31.30434782608696,
USDCAD,fade2.5/25 h8 L,365,150,design,45.72649572649573,468,721,46.04715672676838,29.403606102635226,24.549237170596395,168.14583333333331
USDCAD,fade2.5/25 h8 L,365,150,hold,45.72649572649573,468,115,0.0,100.0,0.0,
USDCAD,fade2.5/25 h8 L,365,200,design,45.72649572649573,468,721,53.25936199722607,42.995839112343965,3.744798890429958,153.72916666666669
USDCAD,fade2.5/25 h8 L,365,200,hold,45.72649572649573,468,115,0.0,100.0,0.0,
USDCAD,mom rsi70 h8,30,50,design,48.250728862973766,686,721,0.0,0.0,100.0,
USDCAD,mom rsi70 h8,30,50,hold,48.250728862973766,686,202,0.0,0.0,100.0,
USDCAD,mom rsi70 h8,30,75,design,48.250728862973766,686,721,0.0,0.0,100.0,
USDCAD,mom rsi70 h8,30,75,hold,48.250728862973766,686,202,0.0,0.0,100.0,
USDCAD,mom rsi70 h8,30,100,design,48.250728862973766,686,721,0.0,0.0,100.0,
USDCAD,mom rsi70 h8,30,100,hold,48.250728862973766,686,202,0.0,0.0,100.0,
USDCAD,mom rsi70 h8,30,125,design,48.250728862973766,686,721,0.0,0.0,100.0,
USDCAD,mom rsi70 h8,30,125,hold,48.250728862973766,686,202,0.0,0.0,100.0,
USDCAD,mom rsi70 h8,30,150,design,48.250728862973766,686,721,0.13869625520110956,0.0,99.86130374479889,21.666666666666668
USDCAD,mom rsi70 h8,30,150,hold,48.250728862973766,686,202,0.0,0.0,100.0,
USDCAD,mom rsi70 h8,30,200,design,48.250728862973766,686,721,3.19001386962552,0.0,96.80998613037448,22.291666666666668
USDCAD,mom rsi70 h8,30,200,hold,48.250728862973766,686,202,1.4851485148514851,0.0,98.51485148514851,9.708333333333334
USDCAD,mom rsi70 h8,60,50,design,48.250728862973766,686,721,0.0,0.0,100.0,
USDCAD,mom rsi70 h8,60,50,hold,48.250728862973766,686,192,0.0,0.0,100.0,
USDCAD,mom rsi70 h8,60,75,design,48.250728862973766,686,721,0.0,0.0,100.0,
USDCAD,mom rsi70 h8,60,75,hold,48.250728862973766,686,192,0.0,0.0,100.0,
USDCAD,mom rsi70 h8,60,100,design,48.250728862973766,686,721,0.4160887656033287,0.0,99.58391123439667,56.583333333333336
USDCAD,mom rsi70 h8,60,100,hold,48.250728862973766,686,192,0.0,0.0,100.0,
USDCAD,mom rsi70 h8,60,125,design,48.250728862973766,686,721,3.6061026352288486,0.0,96.39389736477115,50.5
USDCAD,mom rsi70 h8,60,125,hold,48.250728862973766,686,192,0.0,0.0,100.0,
USDCAD,mom rsi70 h8,60,150,design,48.250728862973766,686,721,4.993065187239944,0.0,95.00693481276005,47.39583333333333
USDCAD,mom rsi70 h8,60,150,hold,48.250728862973766,686,192,0.5208333333333333,0.0,99.47916666666666,50.625
USDCAD,mom rsi70 h8,60,200,design,48.250728862973766,686,721,9.847434119278779,1.248266296809986,88.90429958391124,36.833333333333336
USDCAD,mom rsi70 h8,60,200,hold,48.250728862973766,686,192,6.770833333333333,0.0,93.22916666666666,53.625
USDCAD,mom rsi70 h8,90,50,design,48.250728862973766,686,721,0.0,0.0,100.0,
USDCAD,mom rsi70 h8,90,50,hold,48.250728862973766,686,182,0.0,0.0,100.0,
USDCAD,mom rsi70 h8,90,75,design,48.250728862973766,686,721,1.248266296809986,0.0,98.75173370319001,82.29166666666667
USDCAD,mom rsi70 h8,90,75,hold,48.250728862973766,686,182,0.0,0.0,100.0,
USDCAD,mom rsi70 h8,90,100,design,48.250728862973766,686,721,3.467406380027739,0.0,96.53259361997226,74.58333333333333
USDCAD,mom rsi70 h8,90,100,hold,48.250728862973766,686,182,0.0,0.0,100.0,
USDCAD,mom rsi70 h8,90,125,design,48.250728862973766,686,721,7.073509015256588,0.0,92.92649098474341,59.583333333333336
USDCAD,mom rsi70 h8,90,125,hold,48.250728862973766,686,182,0.5494505494505495,0.0,99.45054945054946,82.45833333333333
USDCAD,mom rsi70 h8,90,150,design,48.250728862973766,686,721,9.43134535367545,0.0,90.56865464632455,59.5
USDCAD,mom rsi70 h8,90,150,hold,48.250728862973766,686,182,2.7472527472527473,0.0,97.25274725274726,68.625
USDCAD,mom rsi70 h8,90,200,design,48.250728862973766,686,721,18.030513176144243,12.62135922330097,69.34812760055479,56.0
USDCAD,mom rsi70 h8,90,200,hold,48.250728862973766,686,182,16.483516483516482,0.0,83.51648351648352,62.77083333333333
USDCAD,mom rsi70 h8,365,50,design,48.250728862973766,686,721,0.8321775312066574,0.0,99.16782246879335,325.2083333333333
USDCAD,mom rsi70 h8,365,50,hold,48.250728862973766,686,122,0.0,0.0,100.0,
USDCAD,mom rsi70 h8,365,75,design,48.250728862973766,686,721,17.337031900138697,0.0,82.6629680998613,212.83333333333334
USDCAD,mom rsi70 h8,365,75,hold,48.250728862973766,686,122,0.0,0.0,100.0,
USDCAD,mom rsi70 h8,365,100,design,48.250728862973766,686,721,25.52011095700416,1.248266296809986,73.23162274618585,180.72916666666666
USDCAD,mom rsi70 h8,365,100,hold,48.250728862973766,686,122,0.0,0.0,100.0,
USDCAD,mom rsi70 h8,365,125,design,48.250728862973766,686,721,27.600554785020805,36.1997226074896,36.1997226074896,139.375
USDCAD,mom rsi70 h8,365,125,hold,48.250728862973766,686,122,13.114754098360656,0.0,86.88524590163934,230.20833333333334
USDCAD,mom rsi70 h8,365,150,design,48.250728862973766,686,721,31.622746185852986,50.48543689320388,17.891816920943135,123.8125
USDCAD,mom rsi70 h8,365,150,hold,48.250728862973766,686,122,49.18032786885246,0.0,50.81967213114754,250.8125
USDCAD,mom rsi70 h8,365,200,design,48.250728862973766,686,721,38.69625520110957,57.14285714285714,4.160887656033287,93.66666666666667
USDCAD,mom rsi70 h8,365,200,hold,48.250728862973766,686,122,64.75409836065575,22.950819672131146,12.295081967213115,200.625
USDCAD,mom rsi75 h8,30,50,design,46.25,320,721,0.0,0.0,100.0,
USDCAD,mom rsi75 h8,30,50,hold,46.25,320,202,0.0,0.0,100.0,
USDCAD,mom rsi75 h8,30,75,design,46.25,320,721,0.0,0.0,100.0,
USDCAD,mom rsi75 h8,30,75,hold,46.25,320,202,0.0,0.0,100.0,
USDCAD,mom rsi75 h8,30,100,design,46.25,320,721,0.0,0.0,100.0,
USDCAD,mom rsi75 h8,30,100,hold,46.25,320,202,0.0,0.0,100.0,
USDCAD,mom rsi75 h8,30,125,design,46.25,320,721,0.0,0.0,100.0,
USDCAD,mom rsi75 h8,30,125,hold,46.25,320,202,0.0,0.0,100.0,
USDCAD,mom rsi75 h8,30,150,design,46.25,320,721,0.0,0.0,100.0,
USDCAD,mom rsi75 h8,30,150,hold,46.25,320,202,0.0,0.0,100.0,
USDCAD,mom rsi75 h8,30,200,design,46.25,320,721,0.0,0.0,100.0,
USDCAD,mom rsi75 h8,30,200,hold,46.25,320,202,0.0,0.0,100.0,
USDCAD,mom rsi75 h8,60,50,design,46.25,320,721,0.0,0.0,100.0,
USDCAD,mom rsi75 h8,60,50,hold,46.25,320,192,0.0,0.0,100.0,
USDCAD,mom rsi75 h8,60,75,design,46.25,320,721,0.0,0.0,100.0,
USDCAD,mom rsi75 h8,60,75,hold,46.25,320,192,0.0,0.0,100.0,
USDCAD,mom rsi75 h8,60,100,design,46.25,320,721,0.0,0.0,100.0,
USDCAD,mom rsi75 h8,60,100,hold,46.25,320,192,0.0,0.0,100.0,
USDCAD,mom rsi75 h8,60,125,design,46.25,320,721,0.0,0.0,100.0,
USDCAD,mom rsi75 h8,60,125,hold,46.25,320,192,0.0,0.0,100.0,
USDCAD,mom rsi75 h8,60,150,design,46.25,320,721,0.4160887656033287,0.0,99.58391123439667,37.291666666666664
USDCAD,mom rsi75 h8,60,150,hold,46.25,320,192,0.0,0.0,100.0,
USDCAD,mom rsi75 h8,60,200,design,46.25,320,721,1.3869625520110958,0.5547850208044383,98.05825242718447,47.791666666666664
USDCAD,mom rsi75 h8,60,200,hold,46.25,320,192,0.0,0.0,100.0,
USDCAD,mom rsi75 h8,90,50,design,46.25,320,721,0.0,0.0,100.0,
USDCAD,mom rsi75 h8,90,50,hold,46.25,320,182,0.0,0.0,100.0,
USDCAD,mom rsi75 h8,90,75,design,46.25,320,721,0.0,0.0,100.0,
USDCAD,mom rsi75 h8,90,75,hold,46.25,320,182,0.0,0.0,100.0,
USDCAD,mom rsi75 h8,90,100,design,46.25,320,721,0.0,0.0,100.0,
USDCAD,mom rsi75 h8,90,100,hold,46.25,320,182,0.0,0.0,100.0,
USDCAD,mom rsi75 h8,90,125,design,46.25,320,721,0.0,0.0,100.0,
USDCAD,mom rsi75 h8,90,125,hold,46.25,320,182,0.0,0.0,100.0,
USDCAD,mom rsi75 h8,90,150,design,46.25,320,721,1.6643550624133148,0.6934812760055479,97.64216366158114,71.79166666666667
USDCAD,mom rsi75 h8,90,150,hold,46.25,320,182,0.0,0.0,100.0,
USDCAD,mom rsi75 h8,90,200,design,46.25,320,721,4.160887656033287,4.160887656033287,91.67822468793344,72.52083333333334
USDCAD,mom rsi75 h8,90,200,hold,46.25,320,182,3.296703296703297,0.0,96.7032967032967,74.41666666666667
USDCAD,mom rsi75 h8,365,50,design,46.25,320,721,0.0,0.0,100.0,
USDCAD,mom rsi75 h8,365,50,hold,46.25,320,122,0.0,0.0,100.0,
USDCAD,mom rsi75 h8,365,75,design,46.25,320,721,0.0,0.0,100.0,
USDCAD,mom rsi75 h8,365,75,hold,46.25,320,122,0.0,0.0,100.0,
USDCAD,mom rsi75 h8,365,100,design,46.25,320,721,4.854368932038835,14.701803051317613,80.44382801664355,222.5
USDCAD,mom rsi75 h8,365,100,hold,46.25,320,122,0.0,0.0,100.0,
USDCAD,mom rsi75 h8,365,125,design,46.25,320,721,18.58529819694868,17.337031900138697,64.07766990291263,257.0416666666667
USDCAD,mom rsi75 h8,365,125,hold,46.25,320,122,0.0,0.0,100.0,
USDCAD,mom rsi75 h8,365,150,design,46.25,320,721,24.965325936199722,19.694868238557557,55.33980582524271,230.125
USDCAD,mom rsi75 h8,365,150,hold,46.25,320,122,0.0,0.0,100.0,
USDCAD,mom rsi75 h8,365,200,design,46.25,320,721,33.841886269070734,39.66712898751734,26.49098474341193,151.29166666666669
USDCAD,mom rsi75 h8,365,200,hold,46.25,320,122,4.918032786885246,0.0,95.08196721311475,74.41666666666667
AUDUSD,fade3.0/20 h4,30,50,design,54.285714285714285,210,721,0.0,0.0,100.0,
AUDUSD,fade3.0/20 h4,30,50,hold,54.285714285714285,210,202,0.0,0.0,100.0,
AUDUSD,fade3.0/20 h4,30,75,design,54.285714285714285,210,721,0.0,0.0,100.0,
AUDUSD,fade3.0/20 h4,30,75,hold,54.285714285714285,210,202,0.0,0.0,100.0,
AUDUSD,fade3.0/20 h4,30,100,design,54.285714285714285,210,721,0.0,0.0,100.0,
AUDUSD,fade3.0/20 h4,30,100,hold,54.285714285714285,210,202,0.0,0.0,100.0,
AUDUSD,fade3.0/20 h4,30,125,design,54.285714285714285,210,721,0.0,0.0,100.0,
AUDUSD,fade3.0/20 h4,30,125,hold,54.285714285714285,210,202,0.0,0.0,100.0,
AUDUSD,fade3.0/20 h4,30,150,design,54.285714285714285,210,721,0.0,0.0,100.0,
AUDUSD,fade3.0/20 h4,30,150,hold,54.285714285714285,210,202,0.0,0.0,100.0,
AUDUSD,fade3.0/20 h4,30,200,design,54.285714285714285,210,721,0.0,0.0,100.0,
AUDUSD,fade3.0/20 h4,30,200,hold,54.285714285714285,210,202,0.0,0.0,100.0,
AUDUSD,fade3.0/20 h4,60,50,design,54.285714285714285,210,721,0.0,0.0,100.0,
AUDUSD,fade3.0/20 h4,60,50,hold,54.285714285714285,210,192,0.0,0.0,100.0,
AUDUSD,fade3.0/20 h4,60,75,design,54.285714285714285,210,721,0.0,0.0,100.0,
AUDUSD,fade3.0/20 h4,60,75,hold,54.285714285714285,210,192,0.0,0.0,100.0,
AUDUSD,fade3.0/20 h4,60,100,design,54.285714285714285,210,721,0.0,0.0,100.0,
AUDUSD,fade3.0/20 h4,60,100,hold,54.285714285714285,210,192,0.0,0.0,100.0,
AUDUSD,fade3.0/20 h4,60,125,design,54.285714285714285,210,721,0.0,0.0,100.0,
AUDUSD,fade3.0/20 h4,60,125,hold,54.285714285714285,210,192,0.0,0.0,100.0,
AUDUSD,fade3.0/20 h4,60,150,design,54.285714285714285,210,721,0.0,0.0,100.0,
AUDUSD,fade3.0/20 h4,60,150,hold,54.285714285714285,210,192,0.0,0.0,100.0,
AUDUSD,fade3.0/20 h4,60,200,design,54.285714285714285,210,721,0.0,0.0,100.0,
AUDUSD,fade3.0/20 h4,60,200,hold,54.285714285714285,210,192,0.0,0.0,100.0,
AUDUSD,fade3.0/20 h4,90,50,design,54.285714285714285,210,721,0.0,0.0,100.0,
AUDUSD,fade3.0/20 h4,90,50,hold,54.285714285714285,210,182,0.0,0.0,100.0,
AUDUSD,fade3.0/20 h4,90,75,design,54.285714285714285,210,721,0.0,0.0,100.0,
AUDUSD,fade3.0/20 h4,90,75,hold,54.285714285714285,210,182,0.0,0.0,100.0,
AUDUSD,fade3.0/20 h4,90,100,design,54.285714285714285,210,721,0.0,0.0,100.0,
AUDUSD,fade3.0/20 h4,90,100,hold,54.285714285714285,210,182,0.0,0.0,100.0,
AUDUSD,fade3.0/20 h4,90,125,design,54.285714285714285,210,721,0.0,0.0,100.0,
AUDUSD,fade3.0/20 h4,90,125,hold,54.285714285714285,210,182,0.0,0.0,100.0,
AUDUSD,fade3.0/20 h4,90,150,design,54.285714285714285,210,721,0.0,0.0,100.0,
AUDUSD,fade3.0/20 h4,90,150,hold,54.285714285714285,210,182,0.0,0.0,100.0,
AUDUSD,fade3.0/20 h4,90,200,design,54.285714285714285,210,721,0.0,0.0,100.0,
AUDUSD,fade3.0/20 h4,90,200,hold,54.285714285714285,210,182,0.0,0.0,100.0,
AUDUSD,fade3.0/20 h4,365,50,design,54.285714285714285,210,721,0.0,0.0,100.0,
AUDUSD,fade3.0/20 h4,365,50,hold,54.285714285714285,210,122,0.0,0.0,100.0,
AUDUSD,fade3.0/20 h4,365,75,design,54.285714285714285,210,721,0.0,0.0,100.0,
AUDUSD,fade3.0/20 h4,365,75,hold,54.285714285714285,210,122,0.0,0.0,100.0,
AUDUSD,fade3.0/20 h4,365,100,design,54.285714285714285,210,721,0.0,0.0,100.0,
AUDUSD,fade3.0/20 h4,365,100,hold,54.285714285714285,210,122,6.557377049180328,0.0,93.44262295081968,311.0
AUDUSD,fade3.0/20 h4,365,125,design,54.285714285714285,210,721,0.0,0.0,100.0,
AUDUSD,fade3.0/20 h4,365,125,hold,54.285714285714285,210,122,31.147540983606557,0.0,68.85245901639344,271.9375
AUDUSD,fade3.0/20 h4,365,150,design,54.285714285714285,210,721,0.0,0.0,100.0,
AUDUSD,fade3.0/20 h4,365,150,hold,54.285714285714285,210,122,49.18032786885246,0.0,50.81967213114754,278.75
AUDUSD,fade3.0/20 h4,365,200,design,54.285714285714285,210,721,6.2413314840499305,0.0,93.75866851595008,298.7083333333333
AUDUSD,fade3.0/20 h4,365,200,hold,54.285714285714285,210,122,59.83606557377049,0.0,40.16393442622951,259.7083333333333
AUDUSD,fade3.0/20 h8,30,50,design,48.57142857142857,210,721,0.0,0.0,100.0,
AUDUSD,fade3.0/20 h8,30,50,hold,48.57142857142857,210,202,0.0,0.0,100.0,
AUDUSD,fade3.0/20 h8,30,75,design,48.57142857142857,210,721,0.0,0.0,100.0,
AUDUSD,fade3.0/20 h8,30,75,hold,48.57142857142857,210,202,0.0,0.0,100.0,
AUDUSD,fade3.0/20 h8,30,100,design,48.57142857142857,210,721,0.0,0.0,100.0,
AUDUSD,fade3.0/20 h8,30,100,hold,48.57142857142857,210,202,0.0,0.0,100.0,
AUDUSD,fade3.0/20 h8,30,125,design,48.57142857142857,210,721,0.0,0.0,100.0,
AUDUSD,fade3.0/20 h8,30,125,hold,48.57142857142857,210,202,0.0,0.0,100.0,
AUDUSD,fade3.0/20 h8,30,150,design,48.57142857142857,210,721,0.0,0.0,100.0,
AUDUSD,fade3.0/20 h8,30,150,hold,48.57142857142857,210,202,0.0,0.0,100.0,
AUDUSD,fade3.0/20 h8,30,200,design,48.57142857142857,210,721,0.0,0.0,100.0,
AUDUSD,fade3.0/20 h8,30,200,hold,48.57142857142857,210,202,0.0,0.0,100.0,
AUDUSD,fade3.0/20 h8,60,50,design,48.57142857142857,210,721,0.0,0.0,100.0,
AUDUSD,fade3.0/20 h8,60,50,hold,48.57142857142857,210,192,0.0,0.0,100.0,
AUDUSD,fade3.0/20 h8,60,75,design,48.57142857142857,210,721,0.0,0.0,100.0,
AUDUSD,fade3.0/20 h8,60,75,hold,48.57142857142857,210,192,0.0,0.0,100.0,
AUDUSD,fade3.0/20 h8,60,100,design,48.57142857142857,210,721,0.0,0.0,100.0,
AUDUSD,fade3.0/20 h8,60,100,hold,48.57142857142857,210,192,0.0,0.0,100.0,
AUDUSD,fade3.0/20 h8,60,125,design,48.57142857142857,210,721,0.0,0.0,100.0,
AUDUSD,fade3.0/20 h8,60,125,hold,48.57142857142857,210,192,0.0,0.0,100.0,
AUDUSD,fade3.0/20 h8,60,150,design,48.57142857142857,210,721,0.0,0.0,100.0,
AUDUSD,fade3.0/20 h8,60,150,hold,48.57142857142857,210,192,0.0,0.0,100.0,
AUDUSD,fade3.0/20 h8,60,200,design,48.57142857142857,210,721,1.248266296809986,0.0,98.75173370319001,47.333333333333336
AUDUSD,fade3.0/20 h8,60,200,hold,48.57142857142857,210,192,0.0,0.0,100.0,
AUDUSD,fade3.0/20 h8,90,50,design,48.57142857142857,210,721,0.0,0.0,100.0,
AUDUSD,fade3.0/20 h8,90,50,hold,48.57142857142857,210,182,0.0,0.0,100.0,
AUDUSD,fade3.0/20 h8,90,75,design,48.57142857142857,210,721,0.0,0.0,100.0,
AUDUSD,fade3.0/20 h8,90,75,hold,48.57142857142857,210,182,0.0,0.0,100.0,
AUDUSD,fade3.0/20 h8,90,100,design,48.57142857142857,210,721,0.0,0.0,100.0,
AUDUSD,fade3.0/20 h8,90,100,hold,48.57142857142857,210,182,0.0,0.0,100.0,
AUDUSD,fade3.0/20 h8,90,125,design,48.57142857142857,210,721,0.0,0.0,100.0,
AUDUSD,fade3.0/20 h8,90,125,hold,48.57142857142857,210,182,0.0,0.0,100.0,
AUDUSD,fade3.0/20 h8,90,150,design,48.57142857142857,210,721,0.0,0.0,100.0,
AUDUSD,fade3.0/20 h8,90,150,hold,48.57142857142857,210,182,0.0,0.0,100.0,
AUDUSD,fade3.0/20 h8,90,200,design,48.57142857142857,210,721,2.6352288488210815,0.0,97.36477115117891,62.333333333333336
AUDUSD,fade3.0/20 h8,90,200,hold,48.57142857142857,210,182,0.0,0.0,100.0,
AUDUSD,fade3.0/20 h8,365,50,design,48.57142857142857,210,721,0.0,0.0,100.0,
AUDUSD,fade3.0/20 h8,365,50,hold,48.57142857142857,210,122,0.0,0.0,100.0,
AUDUSD,fade3.0/20 h8,365,75,design,48.57142857142857,210,721,0.0,0.0,100.0,
AUDUSD,fade3.0/20 h8,365,75,hold,48.57142857142857,210,122,0.0,0.0,100.0,
AUDUSD,fade3.0/20 h8,365,100,design,48.57142857142857,210,721,0.0,0.0,100.0,
AUDUSD,fade3.0/20 h8,365,100,hold,48.57142857142857,210,122,0.0,0.0,100.0,
AUDUSD,fade3.0/20 h8,365,125,design,48.57142857142857,210,721,0.0,0.0,100.0,
AUDUSD,fade3.0/20 h8,365,125,hold,48.57142857142857,210,122,0.0,0.0,100.0,
AUDUSD,fade3.0/20 h8,365,150,design,48.57142857142857,210,721,8.044382801664355,0.0,91.95561719833564,176.16666666666666
AUDUSD,fade3.0/20 h8,365,150,hold,48.57142857142857,210,122,12.295081967213115,0.0,87.70491803278688,289.8333333333333
AUDUSD,fade3.0/20 h8,365,200,design,48.57142857142857,210,721,9.015256588072122,7.766990291262135,83.21775312066573,113.875
AUDUSD,fade3.0/20 h8,365,200,hold,48.57142857142857,210,122,20.491803278688526,0.0,79.50819672131148,229.41666666666666
AUDUSD,fade2.5/25 h4,30,50,design,48.10126582278481,869,721,0.0,0.0,100.0,
AUDUSD,fade2.5/25 h4,30,50,hold,48.10126582278481,869,202,0.0,0.0,100.0,
AUDUSD,fade2.5/25 h4,30,75,design,48.10126582278481,869,721,0.0,0.0,100.0,
AUDUSD,fade2.5/25 h4,30,75,hold,48.10126582278481,869,202,0.0,0.0,100.0,
AUDUSD,fade2.5/25 h4,30,100,design,48.10126582278481,869,721,0.0,0.0,100.0,
AUDUSD,fade2.5/25 h4,30,100,hold,48.10126582278481,869,202,0.0,0.0,100.0,
AUDUSD,fade2.5/25 h4,30,125,design,48.10126582278481,869,721,0.0,0.0,100.0,
AUDUSD,fade2.5/25 h4,30,125,hold,48.10126582278481,869,202,0.0,0.0,100.0,
AUDUSD,fade2.5/25 h4,30,150,design,48.10126582278481,869,721,0.0,0.0,100.0,
AUDUSD,fade2.5/25 h4,30,150,hold,48.10126582278481,869,202,0.0,0.0,100.0,
AUDUSD,fade2.5/25 h4,30,200,design,48.10126582278481,869,721,0.0,0.0,100.0,
AUDUSD,fade2.5/25 h4,30,200,hold,48.10126582278481,869,202,3.4653465346534658,0.0,96.53465346534654,24.083333333333332
AUDUSD,fade2.5/25 h4,60,50,design,48.10126582278481,869,721,0.0,0.0,100.0,
AUDUSD,fade2.5/25 h4,60,50,hold,48.10126582278481,869,192,0.0,0.0,100.0,
AUDUSD,fade2.5/25 h4,60,75,design,48.10126582278481,869,721,0.0,0.0,100.0,
AUDUSD,fade2.5/25 h4,60,75,hold,48.10126582278481,869,192,0.0,0.0,100.0,
AUDUSD,fade2.5/25 h4,60,100,design,48.10126582278481,869,721,0.0,0.0,100.0,
AUDUSD,fade2.5/25 h4,60,100,hold,48.10126582278481,869,192,0.0,0.0,100.0,
AUDUSD,fade2.5/25 h4,60,125,design,48.10126582278481,869,721,0.0,0.0,100.0,
AUDUSD,fade2.5/25 h4,60,125,hold,48.10126582278481,869,192,0.0,0.0,100.0,
AUDUSD,fade2.5/25 h4,60,150,design,48.10126582278481,869,721,0.5547850208044383,0.4160887656033287,99.02912621359224,53.708333333333336
AUDUSD,fade2.5/25 h4,60,150,hold,48.10126582278481,869,192,2.083333333333333,0.0,97.91666666666666,41.708333333333336
AUDUSD,fade2.5/25 h4,60,200,design,48.10126582278481,869,721,1.6643550624133148,1.9417475728155338,96.39389736477115,45.60416666666667
AUDUSD,fade2.5/25 h4,60,200,hold,48.10126582278481,869,192,6.770833333333333,0.0,93.22916666666666,29.875
AUDUSD,fade2.5/25 h4,90,50,design,48.10126582278481,869,721,0.0,0.0,100.0,
AUDUSD,fade2.5/25 h4,90,50,hold,48.10126582278481,869,182,0.0,0.0,100.0,
AUDUSD,fade2.5/25 h4,90,75,design,48.10126582278481,869,721,0.0,0.0,100.0,
AUDUSD,fade2.5/25 h4,90,75,hold,48.10126582278481,869,182,0.0,0.0,100.0,
AUDUSD,fade2.5/25 h4,90,100,design,48.10126582278481,869,721,0.0,0.0,100.0,
AUDUSD,fade2.5/25 h4,90,100,hold,48.10126582278481,869,182,0.0,0.0,100.0,
AUDUSD,fade2.5/25 h4,90,125,design,48.10126582278481,869,721,0.0,0.6934812760055479,99.30651872399446,
AUDUSD,fade2.5/25 h4,90,125,hold,48.10126582278481,869,182,3.296703296703297,0.0,96.7032967032967,80.125
AUDUSD,fade2.5/25 h4,90,150,design,48.10126582278481,869,721,0.6934812760055479,2.6352288488210815,96.67128987517337,55.208333333333336
AUDUSD,fade2.5/25 h4,90,150,hold,48.10126582278481,869,182,6.593406593406594,0.0,93.4065934065934,71.79166666666667
AUDUSD,fade2.5/25 h4,90,200,design,48.10126582278481,869,721,4.993065187239944,5.131761442441054,89.875173370319,65.125
AUDUSD,fade2.5/25 h4,90,200,hold,48.10126582278481,869,182,11.538461538461538,1.098901098901099,87.36263736263736,36.083333333333336
AUDUSD,fade2.5/25 h4,365,50,design,48.10126582278481,869,721,0.0,0.0,100.0,
AUDUSD,fade2.5/25 h4,365,50,hold,48.10126582278481,869,122,0.0,0.0,100.0,
AUDUSD,fade2.5/25 h4,365,75,design,48.10126582278481,869,721,0.0,0.0,100.0,
AUDUSD,fade2.5/25 h4,365,75,hold,48.10126582278481,869,122,0.0,0.0,100.0,
AUDUSD,fade2.5/25 h4,365,100,design,48.10126582278481,869,721,0.0,14.979195561719832,85.02080443828017,
AUDUSD,fade2.5/25 h4,365,100,hold,48.10126582278481,869,122,0.0,0.0,100.0,
AUDUSD,fade2.5/25 h4,365,125,design,48.10126582278481,869,721,0.5547850208044383,22.46879334257975,76.97642163661581,124.875
AUDUSD,fade2.5/25 h4,365,125,hold,48.10126582278481,869,122,12.295081967213115,0.0,87.70491803278688,156.625
AUDUSD,fade2.5/25 h4,365,150,design,48.10126582278481,869,721,3.3287101248266295,39.528432732316226,57.14285714285714,115.875
AUDUSD,fade2.5/25 h4,365,150,hold,48.10126582278481,869,122,26.229508196721312,9.836065573770492,63.934426229508205,146.66666666666666
AUDUSD,fade2.5/25 h4,365,200,design,48.10126582278481,869,721,13.869625520110956,61.026352288488205,25.104022191400833,111.0625
AUDUSD,fade2.5/25 h4,365,200,hold,48.10126582278481,869,122,35.24590163934426,57.377049180327866,7.377049180327869,117.08333333333333
AUDUSD,fade2.5/25 h8,30,50,design,48.99169632265718,843,721,0.0,0.0,100.0,
AUDUSD,fade2.5/25 h8,30,50,hold,48.99169632265718,843,202,0.0,0.0,100.0,
AUDUSD,fade2.5/25 h8,30,75,design,48.99169632265718,843,721,0.0,0.0,100.0,
AUDUSD,fade2.5/25 h8,30,75,hold,48.99169632265718,843,202,0.0,0.0,100.0,
AUDUSD,fade2.5/25 h8,30,100,design,48.99169632265718,843,721,0.0,0.0,100.0,
AUDUSD,fade2.5/25 h8,30,100,hold,48.99169632265718,843,202,0.0,0.0,100.0,
AUDUSD,fade2.5/25 h8,30,125,design,48.99169632265718,843,721,0.0,0.0,100.0,
AUDUSD,fade2.5/25 h8,30,125,hold,48.99169632265718,843,202,0.0,0.0,100.0,
AUDUSD,fade2.5/25 h8,30,150,design,48.99169632265718,843,721,0.0,0.0,100.0,
AUDUSD,fade2.5/25 h8,30,150,hold,48.99169632265718,843,202,0.0,0.0,100.0,
AUDUSD,fade2.5/25 h8,30,200,design,48.99169632265718,843,721,2.912621359223301,0.0,97.0873786407767,22.666666666666668
AUDUSD,fade2.5/25 h8,30,200,hold,48.99169632265718,843,202,2.9702970297029703,0.0,97.02970297029702,26.729166666666668
AUDUSD,fade2.5/25 h8,60,50,design,48.99169632265718,843,721,0.0,0.0,100.0,
AUDUSD,fade2.5/25 h8,60,50,hold,48.99169632265718,843,192,0.0,0.0,100.0,
AUDUSD,fade2.5/25 h8,60,75,design,48.99169632265718,843,721,0.0,0.0,100.0,
AUDUSD,fade2.5/25 h8,60,75,hold,48.99169632265718,843,192,0.0,0.0,100.0,
AUDUSD,fade2.5/25 h8,60,100,design,48.99169632265718,843,721,0.0,0.0,100.0,
AUDUSD,fade2.5/25 h8,60,100,hold,48.99169632265718,843,192,0.0,0.0,100.0,
AUDUSD,fade2.5/25 h8,60,125,design,48.99169632265718,843,721,0.27739251040221913,0.0,99.72260748959778,58.91666666666667
AUDUSD,fade2.5/25 h8,60,125,hold,48.99169632265718,843,192,0.0,0.0,100.0,
AUDUSD,fade2.5/25 h8,60,150,design,48.99169632265718,843,721,1.5256588072122053,0.0,98.47434119278779,53.458333333333336
AUDUSD,fade2.5/25 h8,60,150,hold,48.99169632265718,843,192,0.0,0.0,100.0,
AUDUSD,fade2.5/25 h8,60,200,design,48.99169632265718,843,721,11.095700416088766,3.0513176144244105,85.85298196948682,40.5
AUDUSD,fade2.5/25 h8,60,200,hold,48.99169632265718,843,192,5.729166666666666,0.0,94.27083333333334,29.416666666666668
AUDUSD,fade2.5/25 h8,90,50,design,48.99169632265718,843,721,0.0,0.0,100.0,
AUDUSD,fade2.5/25 h8,90,50,hold,48.99169632265718,843,182,0.0,0.0,100.0,
AUDUSD,fade2.5/25 h8,90,75,design,48.99169632265718,843,721,0.0,0.0,100.0,
AUDUSD,fade2.5/25 h8,90,75,hold,48.99169632265718,843,182,0.0,0.0,100.0,
AUDUSD,fade2.5/25 h8,90,100,design,48.99169632265718,843,721,0.0,0.0,100.0,
AUDUSD,fade2.5/25 h8,90,100,hold,48.99169632265718,843,182,0.0,0.0,100.0,
AUDUSD,fade2.5/25 h8,90,125,design,48.99169632265718,843,721,1.5256588072122053,0.0,98.47434119278779,71.08333333333333
AUDUSD,fade2.5/25 h8,90,125,hold,48.99169632265718,843,182,0.0,0.0,100.0,
AUDUSD,fade2.5/25 h8,90,150,design,48.99169632265718,843,721,6.38002773925104,0.0,93.61997226074897,68.16666666666666
AUDUSD,fade2.5/25 h8,90,150,hold,48.99169632265718,843,182,0.0,0.0,100.0,
AUDUSD,fade2.5/25 h8,90,200,design,48.99169632265718,843,721,18.723994452149793,9.847434119278779,71.42857142857143,55.375
AUDUSD,fade2.5/25 h8,90,200,hold,48.99169632265718,843,182,6.043956043956044,0.0,93.95604395604396,29.416666666666668
AUDUSD,fade2.5/25 h8,365,50,design,48.99169632265718,843,721,0.0,0.0,100.0,
AUDUSD,fade2.5/25 h8,365,50,hold,48.99169632265718,843,122,0.0,0.0,100.0,
AUDUSD,fade2.5/25 h8,365,75,design,48.99169632265718,843,721,0.13869625520110956,0.0,99.86130374479889,222.66666666666666
AUDUSD,fade2.5/25 h8,365,75,hold,48.99169632265718,843,122,0.0,0.0,100.0,
AUDUSD,fade2.5/25 h8,365,100,design,48.99169632265718,843,721,3.3287101248266295,0.0,96.67128987517337,216.0
AUDUSD,fade2.5/25 h8,365,100,hold,48.99169632265718,843,122,0.0,0.0,100.0,
AUDUSD,fade2.5/25 h8,365,125,design,48.99169632265718,843,721,9.986130374479888,17.753120665742024,72.26074895977808,156.1875
AUDUSD,fade2.5/25 h8,365,125,hold,48.99169632265718,843,122,0.0,16.39344262295082,83.60655737704919,
AUDUSD,fade2.5/25 h8,365,150,design,48.99169632265718,843,721,27.600554785020805,25.79750346740638,46.601941747572816,135.0
AUDUSD,fade2.5/25 h8,365,150,hold,48.99169632265718,843,122,0.0,37.704918032786885,62.295081967213115,
AUDUSD,fade2.5/25 h8,365,200,design,48.99169632265718,843,721,46.463245492371705,44.382801664355064,9.153952843273231,105.33333333333333
AUDUSD,fade2.5/25 h8,365,200,hold,48.99169632265718,843,122,4.918032786885246,69.67213114754098,25.40983606557377,38.875
AUDUSD,fade3.0/20 h4 L,30,50,design,51.45631067961165,103,721,0.0,0.0,100.0,
AUDUSD,fade3.0/20 h4 L,30,50,hold,51.45631067961165,103,202,0.0,0.0,100.0,
AUDUSD,fade3.0/20 h4 L,30,75,design,51.45631067961165,103,721,0.0,0.0,100.0,
AUDUSD,fade3.0/20 h4 L,30,75,hold,51.45631067961165,103,202,0.0,0.0,100.0,
AUDUSD,fade3.0/20 h4 L,30,100,design,51.45631067961165,103,721,0.0,0.0,100.0,
AUDUSD,fade3.0/20 h4 L,30,100,hold,51.45631067961165,103,202,0.0,0.0,100.0,
AUDUSD,fade3.0/20 h4 L,30,125,design,51.45631067961165,103,721,0.0,0.0,100.0,
AUDUSD,fade3.0/20 h4 L,30,125,hold,51.45631067961165,103,202,0.0,0.0,100.0,
AUDUSD,fade3.0/20 h4 L,30,150,design,51.45631067961165,103,721,0.0,0.0,100.0,
AUDUSD,fade3.0/20 h4 L,30,150,hold,51.45631067961165,103,202,0.0,0.0,100.0,
AUDUSD,fade3.0/20 h4 L,30,200,design,51.45631067961165,103,721,0.0,0.0,100.0,
AUDUSD,fade3.0/20 h4 L,30,200,hold,51.45631067961165,103,202,0.0,0.0,100.0,
AUDUSD,fade3.0/20 h4 L,60,50,design,51.45631067961165,103,721,0.0,0.0,100.0,
AUDUSD,fade3.0/20 h4 L,60,50,hold,51.45631067961165,103,192,0.0,0.0,100.0,
AUDUSD,fade3.0/20 h4 L,60,75,design,51.45631067961165,103,721,0.0,0.0,100.0,
AUDUSD,fade3.0/20 h4 L,60,75,hold,51.45631067961165,103,192,0.0,0.0,100.0,
AUDUSD,fade3.0/20 h4 L,60,100,design,51.45631067961165,103,721,0.0,0.0,100.0,
AUDUSD,fade3.0/20 h4 L,60,100,hold,51.45631067961165,103,192,0.0,0.0,100.0,
AUDUSD,fade3.0/20 h4 L,60,125,design,51.45631067961165,103,721,0.0,0.0,100.0,
AUDUSD,fade3.0/20 h4 L,60,125,hold,51.45631067961165,103,192,0.0,0.0,100.0,
AUDUSD,fade3.0/20 h4 L,60,150,design,51.45631067961165,103,721,0.0,0.0,100.0,
AUDUSD,fade3.0/20 h4 L,60,150,hold,51.45631067961165,103,192,0.0,0.0,100.0,
AUDUSD,fade3.0/20 h4 L,60,200,design,51.45631067961165,103,721,0.0,0.0,100.0,
AUDUSD,fade3.0/20 h4 L,60,200,hold,51.45631067961165,103,192,0.0,0.0,100.0,
AUDUSD,fade3.0/20 h4 L,90,50,design,51.45631067961165,103,721,0.0,0.0,100.0,
AUDUSD,fade3.0/20 h4 L,90,50,hold,51.45631067961165,103,182,0.0,0.0,100.0,
AUDUSD,fade3.0/20 h4 L,90,75,design,51.45631067961165,103,721,0.0,0.0,100.0,
AUDUSD,fade3.0/20 h4 L,90,75,hold,51.45631067961165,103,182,0.0,0.0,100.0,
AUDUSD,fade3.0/20 h4 L,90,100,design,51.45631067961165,103,721,0.0,0.0,100.0,
AUDUSD,fade3.0/20 h4 L,90,100,hold,51.45631067961165,103,182,0.0,0.0,100.0,
AUDUSD,fade3.0/20 h4 L,90,125,design,51.45631067961165,103,721,0.0,0.0,100.0,
AUDUSD,fade3.0/20 h4 L,90,125,hold,51.45631067961165,103,182,0.0,0.0,100.0,
AUDUSD,fade3.0/20 h4 L,90,150,design,51.45631067961165,103,721,0.0,0.0,100.0,
AUDUSD,fade3.0/20 h4 L,90,150,hold,51.45631067961165,103,182,0.0,0.0,100.0,
AUDUSD,fade3.0/20 h4 L,90,200,design,51.45631067961165,103,721,0.0,0.0,100.0,
AUDUSD,fade3.0/20 h4 L,90,200,hold,51.45631067961165,103,182,0.0,0.0,100.0,
AUDUSD,fade3.0/20 h4 L,365,50,design,51.45631067961165,103,721,0.0,0.0,100.0,
AUDUSD,fade3.0/20 h4 L,365,50,hold,51.45631067961165,103,122,0.0,0.0,100.0,
AUDUSD,fade3.0/20 h4 L,365,75,design,51.45631067961165,103,721,0.0,0.0,100.0,
AUDUSD,fade3.0/20 h4 L,365,75,hold,51.45631067961165,103,122,0.0,0.0,100.0,
AUDUSD,fade3.0/20 h4 L,365,100,design,51.45631067961165,103,721,0.0,0.0,100.0,
AUDUSD,fade3.0/20 h4 L,365,100,hold,51.45631067961165,103,122,0.0,0.0,100.0,
AUDUSD,fade3.0/20 h4 L,365,125,design,51.45631067961165,103,721,0.0,0.0,100.0,
AUDUSD,fade3.0/20 h4 L,365,125,hold,51.45631067961165,103,122,0.0,0.0,100.0,
AUDUSD,fade3.0/20 h4 L,365,150,design,51.45631067961165,103,721,0.0,0.0,100.0,
AUDUSD,fade3.0/20 h4 L,365,150,hold,51.45631067961165,103,122,0.0,0.0,100.0,
AUDUSD,fade3.0/20 h4 L,365,200,design,51.45631067961165,103,721,0.0,0.0,100.0,
AUDUSD,fade3.0/20 h4 L,365,200,hold,51.45631067961165,103,122,22.131147540983605,0.0,77.8688524590164,258.5
AUDUSD,fade3.0/20 h8 L,30,50,design,45.63106796116505,103,721,0.0,0.0,100.0,
AUDUSD,fade3.0/20 h8 L,30,50,hold,45.63106796116505,103,202,0.0,0.0,100.0,
AUDUSD,fade3.0/20 h8 L,30,75,design,45.63106796116505,103,721,0.0,0.0,100.0,
AUDUSD,fade3.0/20 h8 L,30,75,hold,45.63106796116505,103,202,0.0,0.0,100.0,
AUDUSD,fade3.0/20 h8 L,30,100,design,45.63106796116505,103,721,0.0,0.0,100.0,
AUDUSD,fade3.0/20 h8 L,30,100,hold,45.63106796116505,103,202,0.0,0.0,100.0,
AUDUSD,fade3.0/20 h8 L,30,125,design,45.63106796116505,103,721,0.0,0.0,100.0,
AUDUSD,fade3.0/20 h8 L,30,125,hold,45.63106796116505,103,202,0.0,0.0,100.0,
AUDUSD,fade3.0/20 h8 L,30,150,design,45.63106796116505,103,721,0.0,0.0,100.0,
AUDUSD,fade3.0/20 h8 L,30,150,hold,45.63106796116505,103,202,0.0,0.0,100.0,
AUDUSD,fade3.0/20 h8 L,30,200,design,45.63106796116505,103,721,0.0,0.0,100.0,
AUDUSD,fade3.0/20 h8 L,30,200,hold,45.63106796116505,103,202,0.0,0.0,100.0,
AUDUSD,fade3.0/20 h8 L,60,50,design,45.63106796116505,103,721,0.0,0.0,100.0,
AUDUSD,fade3.0/20 h8 L,60,50,hold,45.63106796116505,103,192,0.0,0.0,100.0,
AUDUSD,fade3.0/20 h8 L,60,75,design,45.63106796116505,103,721,0.0,0.0,100.0,
AUDUSD,fade3.0/20 h8 L,60,75,hold,45.63106796116505,103,192,0.0,0.0,100.0,
AUDUSD,fade3.0/20 h8 L,60,100,design,45.63106796116505,103,721,0.0,0.0,100.0,
AUDUSD,fade3.0/20 h8 L,60,100,hold,45.63106796116505,103,192,0.0,0.0,100.0,
AUDUSD,fade3.0/20 h8 L,60,125,design,45.63106796116505,103,721,0.0,0.0,100.0,
AUDUSD,fade3.0/20 h8 L,60,125,hold,45.63106796116505,103,192,0.0,0.0,100.0,
AUDUSD,fade3.0/20 h8 L,60,150,design,45.63106796116505,103,721,0.0,0.0,100.0,
AUDUSD,fade3.0/20 h8 L,60,150,hold,45.63106796116505,103,192,0.0,0.0,100.0,
AUDUSD,fade3.0/20 h8 L,60,200,design,45.63106796116505,103,721,0.0,0.0,100.0,
AUDUSD,fade3.0/20 h8 L,60,200,hold,45.63106796116505,103,192,0.0,0.0,100.0,
AUDUSD,fade3.0/20 h8 L,90,50,design,45.63106796116505,103,721,0.0,0.0,100.0,
AUDUSD,fade3.0/20 h8 L,90,50,hold,45.63106796116505,103,182,0.0,0.0,100.0,
AUDUSD,fade3.0/20 h8 L,90,75,design,45.63106796116505,103,721,0.0,0.0,100.0,
AUDUSD,fade3.0/20 h8 L,90,75,hold,45.63106796116505,103,182,0.0,0.0,100.0,
AUDUSD,fade3.0/20 h8 L,90,100,design,45.63106796116505,103,721,0.0,0.0,100.0,
AUDUSD,fade3.0/20 h8 L,90,100,hold,45.63106796116505,103,182,0.0,0.0,100.0,
AUDUSD,fade3.0/20 h8 L,90,125,design,45.63106796116505,103,721,0.0,0.0,100.0,
AUDUSD,fade3.0/20 h8 L,90,125,hold,45.63106796116505,103,182,0.0,0.0,100.0,
AUDUSD,fade3.0/20 h8 L,90,150,design,45.63106796116505,103,721,0.0,0.0,100.0,
AUDUSD,fade3.0/20 h8 L,90,150,hold,45.63106796116505,103,182,0.0,0.0,100.0,
AUDUSD,fade3.0/20 h8 L,90,200,design,45.63106796116505,103,721,0.0,0.0,100.0,
AUDUSD,fade3.0/20 h8 L,90,200,hold,45.63106796116505,103,182,0.0,0.0,100.0,
AUDUSD,fade3.0/20 h8 L,365,50,design,45.63106796116505,103,721,0.0,0.0,100.0,
AUDUSD,fade3.0/20 h8 L,365,50,hold,45.63106796116505,103,122,0.0,0.0,100.0,
AUDUSD,fade3.0/20 h8 L,365,75,design,45.63106796116505,103,721,0.0,0.0,100.0,
AUDUSD,fade3.0/20 h8 L,365,75,hold,45.63106796116505,103,122,0.0,0.0,100.0,
AUDUSD,fade3.0/20 h8 L,365,100,design,45.63106796116505,103,721,0.0,0.0,100.0,
AUDUSD,fade3.0/20 h8 L,365,100,hold,45.63106796116505,103,122,0.0,0.0,100.0,
AUDUSD,fade3.0/20 h8 L,365,125,design,45.63106796116505,103,721,0.0,0.0,100.0,
AUDUSD,fade3.0/20 h8 L,365,125,hold,45.63106796116505,103,122,0.0,0.0,100.0,
AUDUSD,fade3.0/20 h8 L,365,150,design,45.63106796116505,103,721,0.0,0.0,100.0,
AUDUSD,fade3.0/20 h8 L,365,150,hold,45.63106796116505,103,122,0.0,0.0,100.0,
AUDUSD,fade3.0/20 h8 L,365,200,design,45.63106796116505,103,721,0.0,0.0,100.0,
AUDUSD,fade3.0/20 h8 L,365,200,hold,45.63106796116505,103,122,0.0,0.0,100.0,
AUDUSD,fade2.5/25 h4 L,30,50,design,47.78761061946903,452,721,0.0,0.0,100.0,
AUDUSD,fade2.5/25 h4 L,30,50,hold,47.78761061946903,452,202,0.0,0.0,100.0,
AUDUSD,fade2.5/25 h4 L,30,75,design,47.78761061946903,452,721,0.0,0.0,100.0,
AUDUSD,fade2.5/25 h4 L,30,75,hold,47.78761061946903,452,202,0.0,0.0,100.0,
AUDUSD,fade2.5/25 h4 L,30,100,design,47.78761061946903,452,721,0.0,0.0,100.0,
AUDUSD,fade2.5/25 h4 L,30,100,hold,47.78761061946903,452,202,0.0,0.0,100.0,
AUDUSD,fade2.5/25 h4 L,30,125,design,47.78761061946903,452,721,0.0,0.0,100.0,
AUDUSD,fade2.5/25 h4 L,30,125,hold,47.78761061946903,452,202,0.0,0.0,100.0,
AUDUSD,fade2.5/25 h4 L,30,150,design,47.78761061946903,452,721,0.0,0.0,100.0,
AUDUSD,fade2.5/25 h4 L,30,150,hold,47.78761061946903,452,202,0.0,0.0,100.0,
AUDUSD,fade2.5/25 h4 L,30,200,design,47.78761061946903,452,721,0.0,0.0,100.0,
AUDUSD,fade2.5/25 h4 L,30,200,hold,47.78761061946903,452,202,2.4752475247524752,0.0,97.52475247524752,21.083333333333332
AUDUSD,fade2.5/25 h4 L,60,50,design,47.78761061946903,452,721,0.0,0.0,100.0,
AUDUSD,fade2.5/25 h4 L,60,50,hold,47.78761061946903,452,192,0.0,0.0,100.0,
AUDUSD,fade2.5/25 h4 L,60,75,design,47.78761061946903,452,721,0.0,0.0,100.0,
AUDUSD,fade2.5/25 h4 L,60,75,hold,47.78761061946903,452,192,0.0,0.0,100.0,
AUDUSD,fade2.5/25 h4 L,60,100,design,47.78761061946903,452,721,0.0,0.0,100.0,
AUDUSD,fade2.5/25 h4 L,60,100,hold,47.78761061946903,452,192,0.0,0.0,100.0,
AUDUSD,fade2.5/25 h4 L,60,125,design,47.78761061946903,452,721,0.0,0.0,100.0,
AUDUSD,fade2.5/25 h4 L,60,125,hold,47.78761061946903,452,192,0.0,0.0,100.0,
AUDUSD,fade2.5/25 h4 L,60,150,design,47.78761061946903,452,721,0.0,0.0,100.0,
AUDUSD,fade2.5/25 h4 L,60,150,hold,47.78761061946903,452,192,0.0,0.0,100.0,
AUDUSD,fade2.5/25 h4 L,60,200,design,47.78761061946903,452,721,0.5547850208044383,0.13869625520110956,99.30651872399446,53.708333333333336
AUDUSD,fade2.5/25 h4 L,60,200,hold,47.78761061946903,452,192,7.8125,0.0,92.1875,36.083333333333336
AUDUSD,fade2.5/25 h4 L,90,50,design,47.78761061946903,452,721,0.0,0.0,100.0,
AUDUSD,fade2.5/25 h4 L,90,50,hold,47.78761061946903,452,182,0.0,0.0,100.0,
AUDUSD,fade2.5/25 h4 L,90,75,design,47.78761061946903,452,721,0.0,0.0,100.0,
AUDUSD,fade2.5/25 h4 L,90,75,hold,47.78761061946903,452,182,0.0,0.0,100.0,
AUDUSD,fade2.5/25 h4 L,90,100,design,47.78761061946903,452,721,0.0,0.0,100.0,
AUDUSD,fade2.5/25 h4 L,90,100,hold,47.78761061946903,452,182,0.0,0.0,100.0,
AUDUSD,fade2.5/25 h4 L,90,125,design,47.78761061946903,452,721,0.0,0.0,100.0,
AUDUSD,fade2.5/25 h4 L,90,125,hold,47.78761061946903,452,182,0.0,0.0,100.0,
AUDUSD,fade2.5/25 h4 L,90,150,design,47.78761061946903,452,721,0.0,0.0,100.0,
AUDUSD,fade2.5/25 h4 L,90,150,hold,47.78761061946903,452,182,5.4945054945054945,0.0,94.5054945054945,81.95833333333334
AUDUSD,fade2.5/25 h4 L,90,200,design,47.78761061946903,452,721,1.248266296809986,2.912621359223301,95.83911234396672,61.208333333333336
AUDUSD,fade2.5/25 h4 L,90,200,hold,47.78761061946903,452,182,18.13186813186813,0.0,81.86813186813187,63.083333333333336
AUDUSD,fade2.5/25 h4 L,365,50,design,47.78761061946903,452,721,0.0,0.0,100.0,
AUDUSD,fade2.5/25 h4 L,365,50,hold,47.78761061946903,452,122,0.0,0.0,100.0,
AUDUSD,fade2.5/25 h4 L,365,75,design,47.78761061946903,452,721,0.0,0.0,100.0,
AUDUSD,fade2.5/25 h4 L,365,75,hold,47.78761061946903,452,122,0.0,0.0,100.0,
AUDUSD,fade2.5/25 h4 L,365,100,design,47.78761061946903,452,721,0.0,6.2413314840499305,93.75866851595008,
AUDUSD,fade2.5/25 h4 L,365,100,hold,47.78761061946903,452,122,8.19672131147541,0.0,91.80327868852459,213.20833333333334
AUDUSD,fade2.5/25 h4 L,365,125,design,47.78761061946903,452,721,0.0,15.117891816920942,84.88210818307905,
AUDUSD,fade2.5/25 h4 L,365,125,hold,47.78761061946903,452,122,27.049180327868854,0.0,72.95081967213115,160.29166666666666
AUDUSD,fade2.5/25 h4 L,365,150,design,47.78761061946903,452,721,0.0,16.920943134535367,83.07905686546462,
AUDUSD,fade2.5/25 h4 L,365,150,hold,47.78761061946903,452,122,33.60655737704918,0.0,66.39344262295081,129.08333333333334
AUDUSD,fade2.5/25 h4 L,365,200,design,47.78761061946903,452,721,2.0804438280166435,33.70319001386963,64.21636615811373,83.875
AUDUSD,fade2.5/25 h4 L,365,200,hold,47.78761061946903,452,122,40.98360655737705,50.81967213114754,8.19672131147541,121.47916666666666
AUDUSD,fade2.5/25 h8 L,30,50,design,46.71201814058957,441,721,0.0,0.0,100.0,
AUDUSD,fade2.5/25 h8 L,30,50,hold,46.71201814058957,441,202,0.0,0.0,100.0,
AUDUSD,fade2.5/25 h8 L,30,75,design,46.71201814058957,441,721,0.0,0.0,100.0,
AUDUSD,fade2.5/25 h8 L,30,75,hold,46.71201814058957,441,202,0.0,0.0,100.0,
AUDUSD,fade2.5/25 h8 L,30,100,design,46.71201814058957,441,721,0.0,0.0,100.0,
AUDUSD,fade2.5/25 h8 L,30,100,hold,46.71201814058957,441,202,0.0,0.0,100.0,
AUDUSD,fade2.5/25 h8 L,30,125,design,46.71201814058957,441,721,0.0,0.0,100.0,
AUDUSD,fade2.5/25 h8 L,30,125,hold,46.71201814058957,441,202,0.0,0.0,100.0,
AUDUSD,fade2.5/25 h8 L,30,150,design,46.71201814058957,441,721,0.0,0.0,100.0,
AUDUSD,fade2.5/25 h8 L,30,150,hold,46.71201814058957,441,202,0.0,0.0,100.0,
AUDUSD,fade2.5/25 h8 L,30,200,design,46.71201814058957,441,721,0.0,0.0,100.0,
AUDUSD,fade2.5/25 h8 L,30,200,hold,46.71201814058957,441,202,0.9900990099009901,0.0,99.00990099009901,25.541666666666668
AUDUSD,fade2.5/25 h8 L,60,50,design,46.71201814058957,441,721,0.0,0.0,100.0,
AUDUSD,fade2.5/25 h8 L,60,50,hold,46.71201814058957,441,192,0.0,0.0,100.0,
AUDUSD,fade2.5/25 h8 L,60,75,design,46.71201814058957,441,721,0.0,0.0,100.0,
AUDUSD,fade2.5/25 h8 L,60,75,hold,46.71201814058957,441,192,0.0,0.0,100.0,
AUDUSD,fade2.5/25 h8 L,60,100,design,46.71201814058957,441,721,0.0,0.0,100.0,
AUDUSD,fade2.5/25 h8 L,60,100,hold,46.71201814058957,441,192,0.0,0.0,100.0,
AUDUSD,fade2.5/25 h8 L,60,125,design,46.71201814058957,441,721,0.0,0.0,100.0,
AUDUSD,fade2.5/25 h8 L,60,125,hold,46.71201814058957,441,192,0.0,0.0,100.0,
AUDUSD,fade2.5/25 h8 L,60,150,design,46.71201814058957,441,721,0.0,0.0,100.0,
AUDUSD,fade2.5/25 h8 L,60,150,hold,46.71201814058957,441,192,0.0,0.0,100.0,
AUDUSD,fade2.5/25 h8 L,60,200,design,46.71201814058957,441,721,0.0,0.0,100.0,
AUDUSD,fade2.5/25 h8 L,60,200,hold,46.71201814058957,441,192,5.729166666666666,0.0,94.27083333333334,39.041666666666664
AUDUSD,fade2.5/25 h8 L,90,50,design,46.71201814058957,441,721,0.0,0.0,100.0,
AUDUSD,fade2.5/25 h8 L,90,50,hold,46.71201814058957,441,182,0.0,0.0,100.0,
AUDUSD,fade2.5/25 h8 L,90,75,design,46.71201814058957,441,721,0.0,0.0,100.0,
AUDUSD,fade2.5/25 h8 L,90,75,hold,46.71201814058957,441,182,0.0,0.0,100.0,
AUDUSD,fade2.5/25 h8 L,90,100,design,46.71201814058957,441,721,0.0,0.0,100.0,
AUDUSD,fade2.5/25 h8 L,90,100,hold,46.71201814058957,441,182,0.0,0.0,100.0,
AUDUSD,fade2.5/25 h8 L,90,125,design,46.71201814058957,441,721,0.0,0.0,100.0,
AUDUSD,fade2.5/25 h8 L,90,125,hold,46.71201814058957,441,182,0.0,0.0,100.0,
AUDUSD,fade2.5/25 h8 L,90,150,design,46.71201814058957,441,721,0.0,0.0,100.0,
AUDUSD,fade2.5/25 h8 L,90,150,hold,46.71201814058957,441,182,0.0,0.0,100.0,
AUDUSD,fade2.5/25 h8 L,90,200,design,46.71201814058957,441,721,0.0,0.8321775312066574,99.16782246879335,
AUDUSD,fade2.5/25 h8 L,90,200,hold,46.71201814058957,441,182,7.6923076923076925,0.0,92.3076923076923,46.75
AUDUSD,fade2.5/25 h8 L,365,50,design,46.71201814058957,441,721,0.0,0.0,100.0,
AUDUSD,fade2.5/25 h8 L,365,50,hold,46.71201814058957,441,122,0.0,0.0,100.0,
AUDUSD,fade2.5/25 h8 L,365,75,design,46.71201814058957,441,721,0.0,0.0,100.0,
AUDUSD,fade2.5/25 h8 L,365,75,hold,46.71201814058957,441,122,0.0,0.0,100.0,
AUDUSD,fade2.5/25 h8 L,365,100,design,46.71201814058957,441,721,0.0,0.0,100.0,
AUDUSD,fade2.5/25 h8 L,365,100,hold,46.71201814058957,441,122,0.0,0.0,100.0,
AUDUSD,fade2.5/25 h8 L,365,125,design,46.71201814058957,441,721,0.0,10.679611650485436,89.32038834951457,
AUDUSD,fade2.5/25 h8 L,365,125,hold,46.71201814058957,441,122,0.0,0.0,100.0,
AUDUSD,fade2.5/25 h8 L,365,150,design,46.71201814058957,441,721,0.0,18.307905686546462,81.69209431345354,
AUDUSD,fade2.5/25 h8 L,365,150,hold,46.71201814058957,441,122,0.0,0.0,100.0,
AUDUSD,fade2.5/25 h8 L,365,200,design,46.71201814058957,441,721,2.3578363384188625,45.63106796116505,52.011095700416085,160.33333333333334
AUDUSD,fade2.5/25 h8 L,365,200,hold,46.71201814058957,441,122,7.377049180327869,72.1311475409836,20.491803278688526,93.25
AUDUSD,mom rsi70 h8,30,50,design,43.98907103825137,732,721,0.0,0.0,100.0,
AUDUSD,mom rsi70 h8,30,50,hold,43.98907103825137,732,202,0.0,0.0,100.0,
AUDUSD,mom rsi70 h8,30,75,design,43.98907103825137,732,721,0.0,0.0,100.0,
AUDUSD,mom rsi70 h8,30,75,hold,43.98907103825137,732,202,0.0,0.0,100.0,
AUDUSD,mom rsi70 h8,30,100,design,43.98907103825137,732,721,0.0,0.0,100.0,
AUDUSD,mom rsi70 h8,30,100,hold,43.98907103825137,732,202,0.0,0.0,100.0,
AUDUSD,mom rsi70 h8,30,125,design,43.98907103825137,732,721,0.0,0.0,100.0,
AUDUSD,mom rsi70 h8,30,125,hold,43.98907103825137,732,202,0.0,0.0,100.0,
AUDUSD,mom rsi70 h8,30,150,design,43.98907103825137,732,721,0.13869625520110956,0.0,99.86130374479889,29.833333333333332
AUDUSD,mom rsi70 h8,30,150,hold,43.98907103825137,732,202,0.0,0.0,100.0,
AUDUSD,mom rsi70 h8,30,200,design,43.98907103825137,732,721,2.912621359223301,0.13869625520110956,96.9486823855756,18.666666666666668
AUDUSD,mom rsi70 h8,30,200,hold,43.98907103825137,732,202,0.0,0.0,100.0,
AUDUSD,mom rsi70 h8,60,50,design,43.98907103825137,732,721,0.0,0.0,100.0,
AUDUSD,mom rsi70 h8,60,50,hold,43.98907103825137,732,192,0.0,0.0,100.0,
AUDUSD,mom rsi70 h8,60,75,design,43.98907103825137,732,721,0.0,0.0,100.0,
AUDUSD,mom rsi70 h8,60,75,hold,43.98907103825137,732,192,0.0,0.0,100.0,
AUDUSD,mom rsi70 h8,60,100,design,43.98907103825137,732,721,0.0,0.0,100.0,
AUDUSD,mom rsi70 h8,60,100,hold,43.98907103825137,732,192,0.0,0.0,100.0,
AUDUSD,mom rsi70 h8,60,125,design,43.98907103825137,732,721,0.27739251040221913,0.0,99.72260748959778,53.166666666666664
AUDUSD,mom rsi70 h8,60,125,hold,43.98907103825137,732,192,0.0,0.0,100.0,
AUDUSD,mom rsi70 h8,60,150,design,43.98907103825137,732,721,1.8030513176144243,0.13869625520110956,98.05825242718447,51.666666666666664
AUDUSD,mom rsi70 h8,60,150,hold,43.98907103825137,732,192,0.0,0.0,100.0,
AUDUSD,mom rsi70 h8,60,200,design,43.98907103825137,732,721,7.905686546463246,4.993065187239944,87.1012482662968,37.625
AUDUSD,mom rsi70 h8,60,200,hold,43.98907103825137,732,192,0.0,0.0,100.0,
AUDUSD,mom rsi70 h8,90,50,design,43.98907103825137,732,721,0.0,0.0,100.0,
AUDUSD,mom rsi70 h8,90,50,hold,43.98907103825137,732,182,0.0,0.0,100.0,
AUDUSD,mom rsi70 h8,90,75,design,43.98907103825137,732,721,0.0,0.0,100.0,
AUDUSD,mom rsi70 h8,90,75,hold,43.98907103825137,732,182,0.0,0.0,100.0,
AUDUSD,mom rsi70 h8,90,100,design,43.98907103825137,732,721,0.0,0.0,100.0,
AUDUSD,mom rsi70 h8,90,100,hold,43.98907103825137,732,182,0.0,0.0,100.0,
AUDUSD,mom rsi70 h8,90,125,design,43.98907103825137,732,721,2.7739251040221915,0.27739251040221913,96.9486823855756,81.72916666666667
AUDUSD,mom rsi70 h8,90,125,hold,43.98907103825137,732,182,0.0,0.0,100.0,
AUDUSD,mom rsi70 h8,90,150,design,43.98907103825137,732,721,7.073509015256588,3.744798890429958,89.18169209431346,72.66666666666667
AUDUSD,mom rsi70 h8,90,150,hold,43.98907103825137,732,182,0.0,0.0,100.0,
AUDUSD,mom rsi70 h8,90,200,design,43.98907103825137,732,721,13.730929264909847,14.285714285714285,71.98335644937586,55.875
AUDUSD,mom rsi70 h8,90,200,hold,43.98907103825137,732,182,0.0,13.736263736263737,86.26373626373626,
AUDUSD,mom rsi70 h8,365,50,design,43.98907103825137,732,721,2.3578363384188625,0.0,97.64216366158114,272.1666666666667
AUDUSD,mom rsi70 h8,365,50,hold,43.98907103825137,732,122,0.0,0.0,100.0,
AUDUSD,mom rsi70 h8,365,75,design,43.98907103825137,732,721,8.183079056865465,2.7739251040221915,89.04299583911235,186.75
AUDUSD,mom rsi70 h8,365,75,hold,43.98907103825137,732,122,0.0,0.0,100.0,
AUDUSD,mom rsi70 h8,365,100,design,43.98907103825137,732,721,13.176144244105409,27.739251040221912,59.084604715672675,140.54166666666666
AUDUSD,mom rsi70 h8,365,100,hold,43.98907103825137,732,122,0.0,0.0,100.0,
AUDUSD,mom rsi70 h8,365,125,design,43.98907103825137,732,721,13.730929264909847,42.995839112343965,43.27323162274618,114.375
AUDUSD,mom rsi70 h8,365,125,hold,43.98907103825137,732,122,0.0,78.68852459016394,21.311475409836063,
AUDUSD,mom rsi70 h8,365,150,design,43.98907103825137,732,721,13.0374479889043,75.17337031900139,11.789181692094314,85.75
AUDUSD,mom rsi70 h8,365,150,hold,43.98907103825137,732,122,0.0,100.0,0.0,
AUDUSD,mom rsi70 h8,365,200,design,43.98907103825137,732,721,18.446601941747574,79.750346740638,1.8030513176144243,65.45833333333333
AUDUSD,mom rsi70 h8,365,200,hold,43.98907103825137,732,122,0.0,100.0,0.0,
AUDUSD,mom rsi75 h8,30,50,design,44.31137724550898,334,721,0.0,0.0,100.0,
AUDUSD,mom rsi75 h8,30,50,hold,44.31137724550898,334,200,0.0,0.0,100.0,
AUDUSD,mom rsi75 h8,30,75,design,44.31137724550898,334,721,0.0,0.0,100.0,
AUDUSD,mom rsi75 h8,30,75,hold,44.31137724550898,334,200,0.0,0.0,100.0,
AUDUSD,mom rsi75 h8,30,100,design,44.31137724550898,334,721,0.0,0.0,100.0,
AUDUSD,mom rsi75 h8,30,100,hold,44.31137724550898,334,200,0.0,0.0,100.0,
AUDUSD,mom rsi75 h8,30,125,design,44.31137724550898,334,721,0.0,0.0,100.0,
AUDUSD,mom rsi75 h8,30,125,hold,44.31137724550898,334,200,0.0,0.0,100.0,
AUDUSD,mom rsi75 h8,30,150,design,44.31137724550898,334,721,0.0,0.0,100.0,
AUDUSD,mom rsi75 h8,30,150,hold,44.31137724550898,334,200,0.0,0.0,100.0,
AUDUSD,mom rsi75 h8,30,200,design,44.31137724550898,334,721,0.0,0.0,100.0,
AUDUSD,mom rsi75 h8,30,200,hold,44.31137724550898,334,200,0.0,0.0,100.0,
AUDUSD,mom rsi75 h8,60,50,design,44.31137724550898,334,721,0.0,0.0,100.0,
AUDUSD,mom rsi75 h8,60,50,hold,44.31137724550898,334,190,0.0,0.0,100.0,
AUDUSD,mom rsi75 h8,60,75,design,44.31137724550898,334,721,0.0,0.0,100.0,
AUDUSD,mom rsi75 h8,60,75,hold,44.31137724550898,334,190,0.0,0.0,100.0,
AUDUSD,mom rsi75 h8,60,100,design,44.31137724550898,334,721,0.0,0.0,100.0,
AUDUSD,mom rsi75 h8,60,100,hold,44.31137724550898,334,190,0.0,0.0,100.0,
AUDUSD,mom rsi75 h8,60,125,design,44.31137724550898,334,721,0.0,0.0,100.0,
AUDUSD,mom rsi75 h8,60,125,hold,44.31137724550898,334,190,0.0,0.0,100.0,
AUDUSD,mom rsi75 h8,60,150,design,44.31137724550898,334,721,0.0,0.0,100.0,
AUDUSD,mom rsi75 h8,60,150,hold,44.31137724550898,334,190,0.0,0.0,100.0,
AUDUSD,mom rsi75 h8,60,200,design,44.31137724550898,334,721,0.0,0.0,100.0,
AUDUSD,mom rsi75 h8,60,200,hold,44.31137724550898,334,190,2.1052631578947367,0.0,97.89473684210527,42.208333333333336
AUDUSD,mom rsi75 h8,90,50,design,44.31137724550898,334,721,0.0,0.0,100.0,
AUDUSD,mom rsi75 h8,90,50,hold,44.31137724550898,334,180,0.0,0.0,100.0,
AUDUSD,mom rsi75 h8,90,75,design,44.31137724550898,334,721,0.0,0.0,100.0,
AUDUSD,mom rsi75 h8,90,75,hold,44.31137724550898,334,180,0.0,0.0,100.0,
AUDUSD,mom rsi75 h8,90,100,design,44.31137724550898,334,721,0.0,0.0,100.0,
AUDUSD,mom rsi75 h8,90,100,hold,44.31137724550898,334,180,0.0,0.0,100.0,
AUDUSD,mom rsi75 h8,90,125,design,44.31137724550898,334,721,0.0,0.0,100.0,
AUDUSD,mom rsi75 h8,90,125,hold,44.31137724550898,334,180,0.0,0.0,100.0,
AUDUSD,mom rsi75 h8,90,150,design,44.31137724550898,334,721,0.0,0.0,100.0,
AUDUSD,mom rsi75 h8,90,150,hold,44.31137724550898,334,180,0.0,0.0,100.0,
AUDUSD,mom rsi75 h8,90,200,design,44.31137724550898,334,721,0.6934812760055479,0.8321775312066574,98.47434119278779,81.625
AUDUSD,mom rsi75 h8,90,200,hold,44.31137724550898,334,180,2.2222222222222223,0.0,97.77777777777777,42.208333333333336
AUDUSD,mom rsi75 h8,365,50,design,44.31137724550898,334,721,0.0,0.0,100.0,
AUDUSD,mom rsi75 h8,365,50,hold,44.31137724550898,334,120,0.0,0.0,100.0,
AUDUSD,mom rsi75 h8,365,75,design,44.31137724550898,334,721,0.0,0.0,100.0,
AUDUSD,mom rsi75 h8,365,75,hold,44.31137724550898,334,120,0.0,0.0,100.0,
AUDUSD,mom rsi75 h8,365,100,design,44.31137724550898,334,721,0.0,0.0,100.0,
AUDUSD,mom rsi75 h8,365,100,hold,44.31137724550898,334,120,0.0,0.0,100.0,
AUDUSD,mom rsi75 h8,365,125,design,44.31137724550898,334,721,1.1095700416088765,0.0,98.89042995839112,295.3125
AUDUSD,mom rsi75 h8,365,125,hold,44.31137724550898,334,120,0.0,30.0,70.0,
AUDUSD,mom rsi75 h8,365,150,design,44.31137724550898,334,721,4.993065187239944,4.2995839112343965,90.70735090152566,252.125
AUDUSD,mom rsi75 h8,365,150,hold,44.31137724550898,334,120,0.0,80.83333333333333,19.166666666666668,
AUDUSD,mom rsi75 h8,365,200,design,44.31137724550898,334,721,13.869625520110956,29.819694868238557,56.310679611650485,206.0
AUDUSD,mom rsi75 h8,365,200,hold,44.31137724550898,334,120,11.666666666666666,79.16666666666666,9.166666666666666,144.33333333333334
NZDUSD,fade3.0/20 h4,30,50,design,42.63157894736842,190,721,0.0,0.0,100.0,
NZDUSD,fade3.0/20 h4,30,50,hold,42.63157894736842,190,198,0.0,0.0,100.0,
NZDUSD,fade3.0/20 h4,30,75,design,42.63157894736842,190,721,0.0,0.0,100.0,
NZDUSD,fade3.0/20 h4,30,75,hold,42.63157894736842,190,198,0.0,0.0,100.0,
NZDUSD,fade3.0/20 h4,30,100,design,42.63157894736842,190,721,0.0,0.0,100.0,
NZDUSD,fade3.0/20 h4,30,100,hold,42.63157894736842,190,198,0.0,0.0,100.0,
NZDUSD,fade3.0/20 h4,30,125,design,42.63157894736842,190,721,0.0,0.0,100.0,
NZDUSD,fade3.0/20 h4,30,125,hold,42.63157894736842,190,198,0.0,0.0,100.0,
NZDUSD,fade3.0/20 h4,30,150,design,42.63157894736842,190,721,0.0,0.0,100.0,
NZDUSD,fade3.0/20 h4,30,150,hold,42.63157894736842,190,198,0.0,0.0,100.0,
NZDUSD,fade3.0/20 h4,30,200,design,42.63157894736842,190,721,0.0,0.0,100.0,
NZDUSD,fade3.0/20 h4,30,200,hold,42.63157894736842,190,198,0.0,0.0,100.0,
NZDUSD,fade3.0/20 h4,60,50,design,42.63157894736842,190,721,0.0,0.0,100.0,
NZDUSD,fade3.0/20 h4,60,50,hold,42.63157894736842,190,188,0.0,0.0,100.0,
NZDUSD,fade3.0/20 h4,60,75,design,42.63157894736842,190,721,0.0,0.0,100.0,
NZDUSD,fade3.0/20 h4,60,75,hold,42.63157894736842,190,188,0.0,0.0,100.0,
NZDUSD,fade3.0/20 h4,60,100,design,42.63157894736842,190,721,0.0,0.0,100.0,
NZDUSD,fade3.0/20 h4,60,100,hold,42.63157894736842,190,188,0.0,0.0,100.0,
NZDUSD,fade3.0/20 h4,60,125,design,42.63157894736842,190,721,0.0,0.0,100.0,
NZDUSD,fade3.0/20 h4,60,125,hold,42.63157894736842,190,188,0.0,0.0,100.0,
NZDUSD,fade3.0/20 h4,60,150,design,42.63157894736842,190,721,0.0,0.0,100.0,
NZDUSD,fade3.0/20 h4,60,150,hold,42.63157894736842,190,188,0.0,0.0,100.0,
NZDUSD,fade3.0/20 h4,60,200,design,42.63157894736842,190,721,0.0,0.0,100.0,
NZDUSD,fade3.0/20 h4,60,200,hold,42.63157894736842,190,188,0.0,0.0,100.0,
NZDUSD,fade3.0/20 h4,90,50,design,42.63157894736842,190,721,0.0,0.0,100.0,
NZDUSD,fade3.0/20 h4,90,50,hold,42.63157894736842,190,178,0.0,0.0,100.0,
NZDUSD,fade3.0/20 h4,90,75,design,42.63157894736842,190,721,0.0,0.0,100.0,
NZDUSD,fade3.0/20 h4,90,75,hold,42.63157894736842,190,178,0.0,0.0,100.0,
NZDUSD,fade3.0/20 h4,90,100,design,42.63157894736842,190,721,0.0,0.0,100.0,
NZDUSD,fade3.0/20 h4,90,100,hold,42.63157894736842,190,178,0.0,0.0,100.0,
NZDUSD,fade3.0/20 h4,90,125,design,42.63157894736842,190,721,0.0,0.0,100.0,
NZDUSD,fade3.0/20 h4,90,125,hold,42.63157894736842,190,178,0.0,0.0,100.0,
NZDUSD,fade3.0/20 h4,90,150,design,42.63157894736842,190,721,0.0,0.0,100.0,
NZDUSD,fade3.0/20 h4,90,150,hold,42.63157894736842,190,178,0.0,0.0,100.0,
NZDUSD,fade3.0/20 h4,90,200,design,42.63157894736842,190,721,0.0,0.0,100.0,
NZDUSD,fade3.0/20 h4,90,200,hold,42.63157894736842,190,178,0.0,0.0,100.0,
NZDUSD,fade3.0/20 h4,365,50,design,42.63157894736842,190,721,0.0,0.0,100.0,
NZDUSD,fade3.0/20 h4,365,50,hold,42.63157894736842,190,118,0.0,0.0,100.0,
NZDUSD,fade3.0/20 h4,365,75,design,42.63157894736842,190,721,0.0,0.0,100.0,
NZDUSD,fade3.0/20 h4,365,75,hold,42.63157894736842,190,118,0.0,0.0,100.0,
NZDUSD,fade3.0/20 h4,365,100,design,42.63157894736842,190,721,0.0,0.0,100.0,
NZDUSD,fade3.0/20 h4,365,100,hold,42.63157894736842,190,118,0.0,0.0,100.0,
NZDUSD,fade3.0/20 h4,365,125,design,42.63157894736842,190,721,0.0,0.0,100.0,
NZDUSD,fade3.0/20 h4,365,125,hold,42.63157894736842,190,118,0.0,0.0,100.0,
NZDUSD,fade3.0/20 h4,365,150,design,42.63157894736842,190,721,0.0,0.0,100.0,
NZDUSD,fade3.0/20 h4,365,150,hold,42.63157894736842,190,118,0.0,0.0,100.0,
NZDUSD,fade3.0/20 h4,365,200,design,42.63157894736842,190,721,0.0,0.0,100.0,
NZDUSD,fade3.0/20 h4,365,200,hold,42.63157894736842,190,118,0.0,0.0,100.0,
NZDUSD,fade3.0/20 h8,30,50,design,40.0,190,721,0.0,0.0,100.0,
NZDUSD,fade3.0/20 h8,30,50,hold,40.0,190,198,0.0,0.0,100.0,
NZDUSD,fade3.0/20 h8,30,75,design,40.0,190,721,0.0,0.0,100.0,
NZDUSD,fade3.0/20 h8,30,75,hold,40.0,190,198,0.0,0.0,100.0,
NZDUSD,fade3.0/20 h8,30,100,design,40.0,190,721,0.0,0.0,100.0,
NZDUSD,fade3.0/20 h8,30,100,hold,40.0,190,198,0.0,0.0,100.0,
NZDUSD,fade3.0/20 h8,30,125,design,40.0,190,721,0.0,0.0,100.0,
NZDUSD,fade3.0/20 h8,30,125,hold,40.0,190,198,0.0,0.0,100.0,
NZDUSD,fade3.0/20 h8,30,150,design,40.0,190,721,0.0,0.0,100.0,
NZDUSD,fade3.0/20 h8,30,150,hold,40.0,190,198,0.0,0.0,100.0,
NZDUSD,fade3.0/20 h8,30,200,design,40.0,190,721,0.0,0.0,100.0,
NZDUSD,fade3.0/20 h8,30,200,hold,40.0,190,198,0.0,0.0,100.0,
NZDUSD,fade3.0/20 h8,60,50,design,40.0,190,721,0.0,0.0,100.0,
NZDUSD,fade3.0/20 h8,60,50,hold,40.0,190,188,0.0,0.0,100.0,
NZDUSD,fade3.0/20 h8,60,75,design,40.0,190,721,0.0,0.0,100.0,
NZDUSD,fade3.0/20 h8,60,75,hold,40.0,190,188,0.0,0.0,100.0,
NZDUSD,fade3.0/20 h8,60,100,design,40.0,190,721,0.0,0.0,100.0,
NZDUSD,fade3.0/20 h8,60,100,hold,40.0,190,188,0.0,0.0,100.0,
NZDUSD,fade3.0/20 h8,60,125,design,40.0,190,721,0.0,0.0,100.0,
NZDUSD,fade3.0/20 h8,60,125,hold,40.0,190,188,0.0,0.0,100.0,
NZDUSD,fade3.0/20 h8,60,150,design,40.0,190,721,0.0,0.0,100.0,
NZDUSD,fade3.0/20 h8,60,150,hold,40.0,190,188,0.0,0.0,100.0,
NZDUSD,fade3.0/20 h8,60,200,design,40.0,190,721,0.0,0.0,100.0,
NZDUSD,fade3.0/20 h8,60,200,hold,40.0,190,188,0.0,0.0,100.0,
NZDUSD,fade3.0/20 h8,90,50,design,40.0,190,721,0.0,0.0,100.0,
NZDUSD,fade3.0/20 h8,90,50,hold,40.0,190,178,0.0,0.0,100.0,
NZDUSD,fade3.0/20 h8,90,75,design,40.0,190,721,0.0,0.0,100.0,
NZDUSD,fade3.0/20 h8,90,75,hold,40.0,190,178,0.0,0.0,100.0,
NZDUSD,fade3.0/20 h8,90,100,design,40.0,190,721,0.0,0.0,100.0,
NZDUSD,fade3.0/20 h8,90,100,hold,40.0,190,178,0.0,0.0,100.0,
NZDUSD,fade3.0/20 h8,90,125,design,40.0,190,721,0.0,0.0,100.0,
NZDUSD,fade3.0/20 h8,90,125,hold,40.0,190,178,0.0,0.0,100.0,
NZDUSD,fade3.0/20 h8,90,150,design,40.0,190,721,0.0,0.0,100.0,
NZDUSD,fade3.0/20 h8,90,150,hold,40.0,190,178,0.0,0.0,100.0,
NZDUSD,fade3.0/20 h8,90,200,design,40.0,190,721,0.0,0.0,100.0,
NZDUSD,fade3.0/20 h8,90,200,hold,40.0,190,178,0.0,0.0,100.0,
NZDUSD,fade3.0/20 h8,365,50,design,40.0,190,721,0.0,0.0,100.0,
NZDUSD,fade3.0/20 h8,365,50,hold,40.0,190,118,0.0,0.0,100.0,
NZDUSD,fade3.0/20 h8,365,75,design,40.0,190,721,0.0,0.0,100.0,
NZDUSD,fade3.0/20 h8,365,75,hold,40.0,190,118,0.0,0.0,100.0,
NZDUSD,fade3.0/20 h8,365,100,design,40.0,190,721,0.0,0.0,100.0,
NZDUSD,fade3.0/20 h8,365,100,hold,40.0,190,118,0.0,0.0,100.0,
NZDUSD,fade3.0/20 h8,365,125,design,40.0,190,721,0.0,0.0,100.0,
NZDUSD,fade3.0/20 h8,365,125,hold,40.0,190,118,0.0,0.0,100.0,
NZDUSD,fade3.0/20 h8,365,150,design,40.0,190,721,0.0,0.0,100.0,
NZDUSD,fade3.0/20 h8,365,150,hold,40.0,190,118,0.0,0.0,100.0,
NZDUSD,fade3.0/20 h8,365,200,design,40.0,190,721,0.0,10.540915395284326,89.45908460471568,
NZDUSD,fade3.0/20 h8,365,200,hold,40.0,190,118,0.0,29.66101694915254,70.33898305084746,
NZDUSD,fade2.5/25 h4,30,50,design,43.627450980392155,816,721,0.0,0.0,100.0,
NZDUSD,fade2.5/25 h4,30,50,hold,43.627450980392155,816,200,0.0,0.0,100.0,
NZDUSD,fade2.5/25 h4,30,75,design,43.627450980392155,816,721,0.0,0.0,100.0,
NZDUSD,fade2.5/25 h4,30,75,hold,43.627450980392155,816,200,0.0,0.0,100.0,
NZDUSD,fade2.5/25 h4,30,100,design,43.627450980392155,816,721,0.0,0.0,100.0,
NZDUSD,fade2.5/25 h4,30,100,hold,43.627450980392155,816,200,0.0,0.0,100.0,
NZDUSD,fade2.5/25 h4,30,125,design,43.627450980392155,816,721,0.0,0.0,100.0,
NZDUSD,fade2.5/25 h4,30,125,hold,43.627450980392155,816,200,0.0,0.0,100.0,
NZDUSD,fade2.5/25 h4,30,150,design,43.627450980392155,816,721,0.0,0.0,100.0,
NZDUSD,fade2.5/25 h4,30,150,hold,43.627450980392155,816,200,0.0,0.0,100.0,
NZDUSD,fade2.5/25 h4,30,200,design,43.627450980392155,816,721,0.0,0.0,100.0,
NZDUSD,fade2.5/25 h4,30,200,hold,43.627450980392155,816,200,0.0,0.0,100.0,
NZDUSD,fade2.5/25 h4,60,50,design,43.627450980392155,816,721,0.0,0.0,100.0,
NZDUSD,fade2.5/25 h4,60,50,hold,43.627450980392155,816,190,0.0,0.0,100.0,
NZDUSD,fade2.5/25 h4,60,75,design,43.627450980392155,816,721,0.0,0.0,100.0,
NZDUSD,fade2.5/25 h4,60,75,hold,43.627450980392155,816,190,0.0,0.0,100.0,
NZDUSD,fade2.5/25 h4,60,100,design,43.627450980392155,816,721,0.0,0.0,100.0,
NZDUSD,fade2.5/25 h4,60,100,hold,43.627450980392155,816,190,0.0,0.0,100.0,
NZDUSD,fade2.5/25 h4,60,125,design,43.627450980392155,816,721,0.0,0.0,100.0,
NZDUSD,fade2.5/25 h4,60,125,hold,43.627450980392155,816,190,0.0,0.0,100.0,
NZDUSD,fade2.5/25 h4,60,150,design,43.627450980392155,816,721,0.0,0.0,100.0,
NZDUSD,fade2.5/25 h4,60,150,hold,43.627450980392155,816,190,0.0,0.0,100.0,
NZDUSD,fade2.5/25 h4,60,200,design,43.627450980392155,816,721,0.27739251040221913,1.5256588072122053,98.19694868238558,49.708333333333336
NZDUSD,fade2.5/25 h4,60,200,hold,43.627450980392155,816,190,1.0526315789473684,3.1578947368421053,95.78947368421052,39.208333333333336
NZDUSD,fade2.5/25 h4,90,50,design,43.627450980392155,816,721,0.0,0.0,100.0,
NZDUSD,fade2.5/25 h4,90,50,hold,43.627450980392155,816,180,0.0,0.0,100.0,
NZDUSD,fade2.5/25 h4,90,75,design,43.627450980392155,816,721,0.0,0.0,100.0,
NZDUSD,fade2.5/25 h4,90,75,hold,43.627450980392155,816,180,0.0,0.0,100.0,
NZDUSD,fade2.5/25 h4,90,100,design,43.627450980392155,816,721,0.0,0.0,100.0,
NZDUSD,fade2.5/25 h4,90,100,hold,43.627450980392155,816,180,0.0,0.0,100.0,
NZDUSD,fade2.5/25 h4,90,125,design,43.627450980392155,816,721,0.0,0.0,100.0,
NZDUSD,fade2.5/25 h4,90,125,hold,43.627450980392155,816,180,0.0,0.0,100.0,
NZDUSD,fade2.5/25 h4,90,150,design,43.627450980392155,816,721,0.0,0.0,100.0,
NZDUSD,fade2.5/25 h4,90,150,hold,43.627450980392155,816,180,0.0,0.0,100.0,
NZDUSD,fade2.5/25 h4,90,200,design,43.627450980392155,816,721,1.248266296809986,9.70873786407767,89.04299583911235,73.70833333333333
NZDUSD,fade2.5/25 h4,90,200,hold,43.627450980392155,816,180,1.1111111111111112,9.444444444444445,89.44444444444444,39.208333333333336
NZDUSD,fade2.5/25 h4,365,50,design,43.627450980392155,816,721,0.0,0.0,100.0,
NZDUSD,fade2.5/25 h4,365,50,hold,43.627450980392155,816,120,0.0,0.0,100.0,
NZDUSD,fade2.5/25 h4,365,75,design,43.627450980392155,816,721,0.0,1.3869625520110958,98.6130374479889,
NZDUSD,fade2.5/25 h4,365,75,hold,43.627450980392155,816,120,0.0,0.0,100.0,
NZDUSD,fade2.5/25 h4,365,100,design,43.627450980392155,816,721,0.0,13.453536754507628,86.54646324549236,
NZDUSD,fade2.5/25 h4,365,100,hold,43.627450980392155,816,120,0.0,0.0,100.0,
NZDUSD,fade2.5/25 h4,365,125,design,43.627450980392155,816,721,0.0,34.674063800277395,65.3259361997226,
NZDUSD,fade2.5/25 h4,365,125,hold,43.627450980392155,816,120,0.0,11.666666666666666,88.33333333333333,
NZDUSD,fade2.5/25 h4,365,150,design,43.627450980392155,816,721,0.0,62.96809986130375,37.03190013869626,
NZDUSD,fade2.5/25 h4,365,150,hold,43.627450980392155,816,120,0.0,45.83333333333333,54.166666666666664,
NZDUSD,fade2.5/25 h4,365,200,design,43.627450980392155,816,721,4.0221914008321775,81.2760055478502,14.701803051317613,101.54166666666667
NZDUSD,fade2.5/25 h4,365,200,hold,43.627450980392155,816,120,2.5,97.5,0.0,40.708333333333336
NZDUSD,fade2.5/25 h8,30,50,design,41.895261845386536,802,721,0.0,0.0,100.0,
NZDUSD,fade2.5/25 h8,30,50,hold,41.895261845386536,802,200,0.0,0.0,100.0,
NZDUSD,fade2.5/25 h8,30,75,design,41.895261845386536,802,721,0.0,0.0,100.0,
NZDUSD,fade2.5/25 h8,30,75,hold,41.895261845386536,802,200,0.0,0.0,100.0,
NZDUSD,fade2.5/25 h8,30,100,design,41.895261845386536,802,721,0.0,0.0,100.0,
NZDUSD,fade2.5/25 h8,30,100,hold,41.895261845386536,802,200,0.0,0.0,100.0,
NZDUSD,fade2.5/25 h8,30,125,design,41.895261845386536,802,721,0.0,0.0,100.0,
NZDUSD,fade2.5/25 h8,30,125,hold,41.895261845386536,802,200,0.0,0.0,100.0,
NZDUSD,fade2.5/25 h8,30,150,design,41.895261845386536,802,721,0.0,0.0,100.0,
NZDUSD,fade2.5/25 h8,30,150,hold,41.895261845386536,802,200,0.0,0.0,100.0,
NZDUSD,fade2.5/25 h8,30,200,design,41.895261845386536,802,721,0.9708737864077669,0.0,99.02912621359224,23.833333333333332
NZDUSD,fade2.5/25 h8,30,200,hold,41.895261845386536,802,200,0.0,0.0,100.0,
NZDUSD,fade2.5/25 h8,60,50,design,41.895261845386536,802,721,0.0,0.0,100.0,
NZDUSD,fade2.5/25 h8,60,50,hold,41.895261845386536,802,190,0.0,0.0,100.0,
NZDUSD,fade2.5/25 h8,60,75,design,41.895261845386536,802,721,0.0,0.0,100.0,
NZDUSD,fade2.5/25 h8,60,75,hold,41.895261845386536,802,190,0.0,0.0,100.0,
NZDUSD,fade2.5/25 h8,60,100,design,41.895261845386536,802,721,0.0,0.0,100.0,
NZDUSD,fade2.5/25 h8,60,100,hold,41.895261845386536,802,190,0.0,0.0,100.0,
NZDUSD,fade2.5/25 h8,60,125,design,41.895261845386536,802,721,0.0,0.0,100.0,
NZDUSD,fade2.5/25 h8,60,125,hold,41.895261845386536,802,190,0.0,0.0,100.0,
NZDUSD,fade2.5/25 h8,60,150,design,41.895261845386536,802,721,0.5547850208044383,0.27739251040221913,99.16782246879335,39.416666666666664
NZDUSD,fade2.5/25 h8,60,150,hold,41.895261845386536,802,190,0.0,0.0,100.0,
NZDUSD,fade2.5/25 h8,60,200,design,41.895261845386536,802,721,2.3578363384188625,6.934812760055478,90.70735090152566,46.916666666666664
NZDUSD,fade2.5/25 h8,60,200,hold,41.895261845386536,802,190,1.0526315789473684,0.0,98.94736842105263,58.416666666666664
NZDUSD,fade2.5/25 h8,90,50,design,41.895261845386536,802,721,0.0,0.0,100.0,
NZDUSD,fade2.5/25 h8,90,50,hold,41.895261845386536,802,180,0.0,0.0,100.0,
NZDUSD,fade2.5/25 h8,90,75,design,41.895261845386536,802,721,0.0,0.0,100.0,
NZDUSD,fade2.5/25 h8,90,75,hold,41.895261845386536,802,180,0.0,0.0,100.0,
NZDUSD,fade2.5/25 h8,90,100,design,41.895261845386536,802,721,0.0,0.0,100.0,
NZDUSD,fade2.5/25 h8,90,100,hold,41.895261845386536,802,180,0.0,0.0,100.0,
NZDUSD,fade2.5/25 h8,90,125,design,41.895261845386536,802,721,0.0,0.5547850208044383,99.44521497919555,
NZDUSD,fade2.5/25 h8,90,125,hold,41.895261845386536,802,180,0.0,0.0,100.0,
NZDUSD,fade2.5/25 h8,90,150,design,41.895261845386536,802,721,0.6934812760055479,7.628294036061026,91.67822468793344,40.916666666666664
NZDUSD,fade2.5/25 h8,90,150,hold,41.895261845386536,802,180,0.0,0.0,100.0,
NZDUSD,fade2.5/25 h8,90,200,design,41.895261845386536,802,721,4.160887656033287,17.198335644937586,78.64077669902912,54.833333333333336
NZDUSD,fade2.5/25 h8,90,200,hold,41.895261845386536,802,180,5.0,5.555555555555555,89.44444444444444,68.91666666666667
NZDUSD,fade2.5/25 h8,365,50,design,41.895261845386536,802,721,0.0,0.0,100.0,
NZDUSD,fade2.5/25 h8,365,50,hold,41.895261845386536,802,120,0.0,0.0,100.0,
NZDUSD,fade2.5/25 h8,365,75,design,41.895261845386536,802,721,0.0,22.74618585298197,77.25381414701803,
NZDUSD,fade2.5/25 h8,365,75,hold,41.895261845386536,802,120,0.0,0.0,100.0,
NZDUSD,fade2.5/25 h8,365,100,design,41.895261845386536,802,721,0.0,32.45492371705964,67.54507628294036,
NZDUSD,fade2.5/25 h8,365,100,hold,41.895261845386536,802,120,0.0,31.666666666666664,68.33333333333333,
NZDUSD,fade2.5/25 h8,365,125,design,41.895261845386536,802,721,0.4160887656033287,57.42024965325936,42.163661581137305,178.91666666666666
NZDUSD,fade2.5/25 h8,365,125,hold,41.895261845386536,802,120,0.0,49.166666666666664,50.83333333333333,
NZDUSD,fade2.5/25 h8,365,150,design,41.895261845386536,802,721,2.7739251040221915,72.5381414701803,24.687933425797503,163.3125
NZDUSD,fade2.5/25 h8,365,150,hold,41.895261845386536,802,120,0.0,60.0,40.0,
NZDUSD,fade2.5/25 h8,365,200,design,41.895261845386536,802,721,7.628294036061026,84.74341192787794,7.628294036061026,78.83333333333333
NZDUSD,fade2.5/25 h8,365,200,hold,41.895261845386536,802,120,7.5,92.5,0.0,68.91666666666667
NZDUSD,fade3.0/20 h4 L,30,50,design,38.775510204081634,98,721,0.0,0.0,100.0,
NZDUSD,fade3.0/20 h4 L,30,50,hold,38.775510204081634,98,198,0.0,0.0,100.0,
NZDUSD,fade3.0/20 h4 L,30,75,design,38.775510204081634,98,721,0.0,0.0,100.0,
NZDUSD,fade3.0/20 h4 L,30,75,hold,38.775510204081634,98,198,0.0,0.0,100.0,
NZDUSD,fade3.0/20 h4 L,30,100,design,38.775510204081634,98,721,0.0,0.0,100.0,
NZDUSD,fade3.0/20 h4 L,30,100,hold,38.775510204081634,98,198,0.0,0.0,100.0,
NZDUSD,fade3.0/20 h4 L,30,125,design,38.775510204081634,98,721,0.0,0.0,100.0,
NZDUSD,fade3.0/20 h4 L,30,125,hold,38.775510204081634,98,198,0.0,0.0,100.0,
NZDUSD,fade3.0/20 h4 L,30,150,design,38.775510204081634,98,721,0.0,0.0,100.0,
NZDUSD,fade3.0/20 h4 L,30,150,hold,38.775510204081634,98,198,0.0,0.0,100.0,
NZDUSD,fade3.0/20 h4 L,30,200,design,38.775510204081634,98,721,0.0,0.0,100.0,
NZDUSD,fade3.0/20 h4 L,30,200,hold,38.775510204081634,98,198,0.0,0.0,100.0,
NZDUSD,fade3.0/20 h4 L,60,50,design,38.775510204081634,98,721,0.0,0.0,100.0,
NZDUSD,fade3.0/20 h4 L,60,50,hold,38.775510204081634,98,188,0.0,0.0,100.0,
NZDUSD,fade3.0/20 h4 L,60,75,design,38.775510204081634,98,721,0.0,0.0,100.0,
NZDUSD,fade3.0/20 h4 L,60,75,hold,38.775510204081634,98,188,0.0,0.0,100.0,
NZDUSD,fade3.0/20 h4 L,60,100,design,38.775510204081634,98,721,0.0,0.0,100.0,
NZDUSD,fade3.0/20 h4 L,60,100,hold,38.775510204081634,98,188,0.0,0.0,100.0,
NZDUSD,fade3.0/20 h4 L,60,125,design,38.775510204081634,98,721,0.0,0.0,100.0,
NZDUSD,fade3.0/20 h4 L,60,125,hold,38.775510204081634,98,188,0.0,0.0,100.0,
NZDUSD,fade3.0/20 h4 L,60,150,design,38.775510204081634,98,721,0.0,0.0,100.0,
NZDUSD,fade3.0/20 h4 L,60,150,hold,38.775510204081634,98,188,0.0,0.0,100.0,
NZDUSD,fade3.0/20 h4 L,60,200,design,38.775510204081634,98,721,0.0,0.0,100.0,
NZDUSD,fade3.0/20 h4 L,60,200,hold,38.775510204081634,98,188,0.0,0.0,100.0,
NZDUSD,fade3.0/20 h4 L,90,50,design,38.775510204081634,98,721,0.0,0.0,100.0,
NZDUSD,fade3.0/20 h4 L,90,50,hold,38.775510204081634,98,178,0.0,0.0,100.0,
NZDUSD,fade3.0/20 h4 L,90,75,design,38.775510204081634,98,721,0.0,0.0,100.0,
NZDUSD,fade3.0/20 h4 L,90,75,hold,38.775510204081634,98,178,0.0,0.0,100.0,
NZDUSD,fade3.0/20 h4 L,90,100,design,38.775510204081634,98,721,0.0,0.0,100.0,
NZDUSD,fade3.0/20 h4 L,90,100,hold,38.775510204081634,98,178,0.0,0.0,100.0,
NZDUSD,fade3.0/20 h4 L,90,125,design,38.775510204081634,98,721,0.0,0.0,100.0,
NZDUSD,fade3.0/20 h4 L,90,125,hold,38.775510204081634,98,178,0.0,0.0,100.0,
NZDUSD,fade3.0/20 h4 L,90,150,design,38.775510204081634,98,721,0.0,0.0,100.0,
NZDUSD,fade3.0/20 h4 L,90,150,hold,38.775510204081634,98,178,0.0,0.0,100.0,
NZDUSD,fade3.0/20 h4 L,90,200,design,38.775510204081634,98,721,0.0,0.0,100.0,
NZDUSD,fade3.0/20 h4 L,90,200,hold,38.775510204081634,98,178,0.0,0.0,100.0,
NZDUSD,fade3.0/20 h4 L,365,50,design,38.775510204081634,98,721,0.0,0.0,100.0,
NZDUSD,fade3.0/20 h4 L,365,50,hold,38.775510204081634,98,118,0.0,0.0,100.0,
NZDUSD,fade3.0/20 h4 L,365,75,design,38.775510204081634,98,721,0.0,0.0,100.0,
NZDUSD,fade3.0/20 h4 L,365,75,hold,38.775510204081634,98,118,0.0,0.0,100.0,
NZDUSD,fade3.0/20 h4 L,365,100,design,38.775510204081634,98,721,0.0,0.0,100.0,
NZDUSD,fade3.0/20 h4 L,365,100,hold,38.775510204081634,98,118,0.0,0.0,100.0,
NZDUSD,fade3.0/20 h4 L,365,125,design,38.775510204081634,98,721,0.0,0.0,100.0,
NZDUSD,fade3.0/20 h4 L,365,125,hold,38.775510204081634,98,118,0.0,0.0,100.0,
NZDUSD,fade3.0/20 h4 L,365,150,design,38.775510204081634,98,721,0.0,0.0,100.0,
NZDUSD,fade3.0/20 h4 L,365,150,hold,38.775510204081634,98,118,0.0,0.0,100.0,
NZDUSD,fade3.0/20 h4 L,365,200,design,38.775510204081634,98,721,0.0,0.0,100.0,
NZDUSD,fade3.0/20 h4 L,365,200,hold,38.775510204081634,98,118,0.0,0.0,100.0,
NZDUSD,fade3.0/20 h8 L,30,50,design,32.6530612244898,98,721,0.0,0.0,100.0,
NZDUSD,fade3.0/20 h8 L,30,50,hold,32.6530612244898,98,198,0.0,0.0,100.0,
NZDUSD,fade3.0/20 h8 L,30,75,design,32.6530612244898,98,721,0.0,0.0,100.0,
NZDUSD,fade3.0/20 h8 L,30,75,hold,32.6530612244898,98,198,0.0,0.0,100.0,
NZDUSD,fade3.0/20 h8 L,30,100,design,32.6530612244898,98,721,0.0,0.0,100.0,
NZDUSD,fade3.0/20 h8 L,30,100,hold,32.6530612244898,98,198,0.0,0.0,100.0,
NZDUSD,fade3.0/20 h8 L,30,125,design,32.6530612244898,98,721,0.0,0.0,100.0,
NZDUSD,fade3.0/20 h8 L,30,125,hold,32.6530612244898,98,198,0.0,0.0,100.0,
NZDUSD,fade3.0/20 h8 L,30,150,design,32.6530612244898,98,721,0.0,0.0,100.0,
NZDUSD,fade3.0/20 h8 L,30,150,hold,32.6530612244898,98,198,0.0,0.0,100.0,
NZDUSD,fade3.0/20 h8 L,30,200,design,32.6530612244898,98,721,0.0,0.0,100.0,
NZDUSD,fade3.0/20 h8 L,30,200,hold,32.6530612244898,98,198,0.0,0.0,100.0,
NZDUSD,fade3.0/20 h8 L,60,50,design,32.6530612244898,98,721,0.0,0.0,100.0,
NZDUSD,fade3.0/20 h8 L,60,50,hold,32.6530612244898,98,188,0.0,0.0,100.0,
NZDUSD,fade3.0/20 h8 L,60,75,design,32.6530612244898,98,721,0.0,0.0,100.0,
NZDUSD,fade3.0/20 h8 L,60,75,hold,32.6530612244898,98,188,0.0,0.0,100.0,
NZDUSD,fade3.0/20 h8 L,60,100,design,32.6530612244898,98,721,0.0,0.0,100.0,
NZDUSD,fade3.0/20 h8 L,60,100,hold,32.6530612244898,98,188,0.0,0.0,100.0,
NZDUSD,fade3.0/20 h8 L,60,125,design,32.6530612244898,98,721,0.0,0.0,100.0,
NZDUSD,fade3.0/20 h8 L,60,125,hold,32.6530612244898,98,188,0.0,0.0,100.0,
NZDUSD,fade3.0/20 h8 L,60,150,design,32.6530612244898,98,721,0.0,0.0,100.0,
NZDUSD,fade3.0/20 h8 L,60,150,hold,32.6530612244898,98,188,0.0,0.0,100.0,
NZDUSD,fade3.0/20 h8 L,60,200,design,32.6530612244898,98,721,0.0,0.0,100.0,
NZDUSD,fade3.0/20 h8 L,60,200,hold,32.6530612244898,98,188,0.0,0.0,100.0,
NZDUSD,fade3.0/20 h8 L,90,50,design,32.6530612244898,98,721,0.0,0.0,100.0,
NZDUSD,fade3.0/20 h8 L,90,50,hold,32.6530612244898,98,178,0.0,0.0,100.0,
NZDUSD,fade3.0/20 h8 L,90,75,design,32.6530612244898,98,721,0.0,0.0,100.0,
NZDUSD,fade3.0/20 h8 L,90,75,hold,32.6530612244898,98,178,0.0,0.0,100.0,
NZDUSD,fade3.0/20 h8 L,90,100,design,32.6530612244898,98,721,0.0,0.0,100.0,
NZDUSD,fade3.0/20 h8 L,90,100,hold,32.6530612244898,98,178,0.0,0.0,100.0,
NZDUSD,fade3.0/20 h8 L,90,125,design,32.6530612244898,98,721,0.0,0.0,100.0,
NZDUSD,fade3.0/20 h8 L,90,125,hold,32.6530612244898,98,178,0.0,0.0,100.0,
NZDUSD,fade3.0/20 h8 L,90,150,design,32.6530612244898,98,721,0.0,0.0,100.0,
NZDUSD,fade3.0/20 h8 L,90,150,hold,32.6530612244898,98,178,0.0,0.0,100.0,
NZDUSD,fade3.0/20 h8 L,90,200,design,32.6530612244898,98,721,0.0,0.0,100.0,
NZDUSD,fade3.0/20 h8 L,90,200,hold,32.6530612244898,98,178,0.0,0.0,100.0,
NZDUSD,fade3.0/20 h8 L,365,50,design,32.6530612244898,98,721,0.0,0.0,100.0,
NZDUSD,fade3.0/20 h8 L,365,50,hold,32.6530612244898,98,118,0.0,0.0,100.0,
NZDUSD,fade3.0/20 h8 L,365,75,design,32.6530612244898,98,721,0.0,0.0,100.0,
NZDUSD,fade3.0/20 h8 L,365,75,hold,32.6530612244898,98,118,0.0,0.0,100.0,
NZDUSD,fade3.0/20 h8 L,365,100,design,32.6530612244898,98,721,0.0,0.0,100.0,
NZDUSD,fade3.0/20 h8 L,365,100,hold,32.6530612244898,98,118,0.0,0.0,100.0,
NZDUSD,fade3.0/20 h8 L,365,125,design,32.6530612244898,98,721,0.0,0.0,100.0,
NZDUSD,fade3.0/20 h8 L,365,125,hold,32.6530612244898,98,118,0.0,0.0,100.0,
NZDUSD,fade3.0/20 h8 L,365,150,design,32.6530612244898,98,721,0.0,0.0,100.0,
NZDUSD,fade3.0/20 h8 L,365,150,hold,32.6530612244898,98,118,0.0,0.0,100.0,
NZDUSD,fade3.0/20 h8 L,365,200,design,32.6530612244898,98,721,0.0,1.1095700416088765,98.89042995839112,
NZDUSD,fade3.0/20 h8 L,365,200,hold,32.6530612244898,98,118,0.0,29.66101694915254,70.33898305084746,
NZDUSD,fade2.5/25 h4 L,30,50,design,43.02600472813239,423,721,0.0,0.0,100.0,
NZDUSD,fade2.5/25 h4 L,30,50,hold,43.02600472813239,423,200,0.0,0.0,100.0,
NZDUSD,fade2.5/25 h4 L,30,75,design,43.02600472813239,423,721,0.0,0.0,100.0,
NZDUSD,fade2.5/25 h4 L,30,75,hold,43.02600472813239,423,200,0.0,0.0,100.0,
NZDUSD,fade2.5/25 h4 L,30,100,design,43.02600472813239,423,721,0.0,0.0,100.0,
NZDUSD,fade2.5/25 h4 L,30,100,hold,43.02600472813239,423,200,0.0,0.0,100.0,
NZDUSD,fade2.5/25 h4 L,30,125,design,43.02600472813239,423,721,0.0,0.0,100.0,
NZDUSD,fade2.5/25 h4 L,30,125,hold,43.02600472813239,423,200,0.0,0.0,100.0,
NZDUSD,fade2.5/25 h4 L,30,150,design,43.02600472813239,423,721,0.0,0.0,100.0,
NZDUSD,fade2.5/25 h4 L,30,150,hold,43.02600472813239,423,200,0.0,0.0,100.0,
NZDUSD,fade2.5/25 h4 L,30,200,design,43.02600472813239,423,721,0.0,0.0,100.0,
NZDUSD,fade2.5/25 h4 L,30,200,hold,43.02600472813239,423,200,0.0,0.0,100.0,
NZDUSD,fade2.5/25 h4 L,60,50,design,43.02600472813239,423,721,0.0,0.0,100.0,
NZDUSD,fade2.5/25 h4 L,60,50,hold,43.02600472813239,423,190,0.0,0.0,100.0,
NZDUSD,fade2.5/25 h4 L,60,75,design,43.02600472813239,423,721,0.0,0.0,100.0,
NZDUSD,fade2.5/25 h4 L,60,75,hold,43.02600472813239,423,190,0.0,0.0,100.0,
NZDUSD,fade2.5/25 h4 L,60,100,design,43.02600472813239,423,721,0.0,0.0,100.0,
NZDUSD,fade2.5/25 h4 L,60,100,hold,43.02600472813239,423,190,0.0,0.0,100.0,
NZDUSD,fade2.5/25 h4 L,60,125,design,43.02600472813239,423,721,0.0,0.0,100.0,
NZDUSD,fade2.5/25 h4 L,60,125,hold,43.02600472813239,423,190,0.0,0.0,100.0,
NZDUSD,fade2.5/25 h4 L,60,150,design,43.02600472813239,423,721,0.0,0.0,100.0,
NZDUSD,fade2.5/25 h4 L,60,150,hold,43.02600472813239,423,190,0.0,0.0,100.0,
NZDUSD,fade2.5/25 h4 L,60,200,design,43.02600472813239,423,721,0.0,0.0,100.0,
NZDUSD,fade2.5/25 h4 L,60,200,hold,43.02600472813239,423,190,0.0,0.0,100.0,
NZDUSD,fade2.5/25 h4 L,90,50,design,43.02600472813239,423,721,0.0,0.0,100.0,
NZDUSD,fade2.5/25 h4 L,90,50,hold,43.02600472813239,423,180,0.0,0.0,100.0,
NZDUSD,fade2.5/25 h4 L,90,75,design,43.02600472813239,423,721,0.0,0.0,100.0,
NZDUSD,fade2.5/25 h4 L,90,75,hold,43.02600472813239,423,180,0.0,0.0,100.0,
NZDUSD,fade2.5/25 h4 L,90,100,design,43.02600472813239,423,721,0.0,0.0,100.0,
NZDUSD,fade2.5/25 h4 L,90,100,hold,43.02600472813239,423,180,0.0,0.0,100.0,
NZDUSD,fade2.5/25 h4 L,90,125,design,43.02600472813239,423,721,0.0,0.0,100.0,
NZDUSD,fade2.5/25 h4 L,90,125,hold,43.02600472813239,423,180,0.0,0.0,100.0,
NZDUSD,fade2.5/25 h4 L,90,150,design,43.02600472813239,423,721,0.0,0.0,100.0,
NZDUSD,fade2.5/25 h4 L,90,150,hold,43.02600472813239,423,180,0.0,0.0,100.0,
NZDUSD,fade2.5/25 h4 L,90,200,design,43.02600472813239,423,721,0.0,0.0,100.0,
NZDUSD,fade2.5/25 h4 L,90,200,hold,43.02600472813239,423,180,0.0,3.3333333333333335,96.66666666666667,
NZDUSD,fade2.5/25 h4 L,365,50,design,43.02600472813239,423,721,0.0,0.0,100.0,
NZDUSD,fade2.5/25 h4 L,365,50,hold,43.02600472813239,423,120,0.0,0.0,100.0,
NZDUSD,fade2.5/25 h4 L,365,75,design,43.02600472813239,423,721,0.0,0.0,100.0,
NZDUSD,fade2.5/25 h4 L,365,75,hold,43.02600472813239,423,120,0.0,0.0,100.0,
NZDUSD,fade2.5/25 h4 L,365,100,design,43.02600472813239,423,721,0.0,0.0,100.0,
NZDUSD,fade2.5/25 h4 L,365,100,hold,43.02600472813239,423,120,0.0,0.0,100.0,
NZDUSD,fade2.5/25 h4 L,365,125,design,43.02600472813239,423,721,0.0,5.825242718446602,94.1747572815534,
NZDUSD,fade2.5/25 h4 L,365,125,hold,43.02600472813239,423,120,0.0,0.0,100.0,
NZDUSD,fade2.5/25 h4 L,365,150,design,43.02600472813239,423,721,0.0,31.06796116504854,68.93203883495146,
NZDUSD,fade2.5/25 h4 L,365,150,hold,43.02600472813239,423,120,0.0,0.0,100.0,
NZDUSD,fade2.5/25 h4 L,365,200,design,43.02600472813239,423,721,0.0,78.64077669902912,21.35922330097087,
NZDUSD,fade2.5/25 h4 L,365,200,hold,43.02600472813239,423,120,2.5,65.0,32.5,226.70833333333334
NZDUSD,fade2.5/25 h8 L,30,50,design,41.05011933174224,419,721,0.0,0.0,100.0,
NZDUSD,fade2.5/25 h8 L,30,50,hold,41.05011933174224,419,200,0.0,0.0,100.0,
NZDUSD,fade2.5/25 h8 L,30,75,design,41.05011933174224,419,721,0.0,0.0,100.0,
NZDUSD,fade2.5/25 h8 L,30,75,hold,41.05011933174224,419,200,0.0,0.0,100.0,
NZDUSD,fade2.5/25 h8 L,30,100,design,41.05011933174224,419,721,0.0,0.0,100.0,
NZDUSD,fade2.5/25 h8 L,30,100,hold,41.05011933174224,419,200,0.0,0.0,100.0,
NZDUSD,fade2.5/25 h8 L,30,125,design,41.05011933174224,419,721,0.0,0.0,100.0,
NZDUSD,fade2.5/25 h8 L,30,125,hold,41.05011933174224,419,200,0.0,0.0,100.0,
NZDUSD,fade2.5/25 h8 L,30,150,design,41.05011933174224,419,721,0.0,0.0,100.0,
NZDUSD,fade2.5/25 h8 L,30,150,hold,41.05011933174224,419,200,0.0,0.0,100.0,
NZDUSD,fade2.5/25 h8 L,30,200,design,41.05011933174224,419,721,0.0,0.0,100.0,
NZDUSD,fade2.5/25 h8 L,30,200,hold,41.05011933174224,419,200,0.0,0.0,100.0,
NZDUSD,fade2.5/25 h8 L,60,50,design,41.05011933174224,419,721,0.0,0.0,100.0,
NZDUSD,fade2.5/25 h8 L,60,50,hold,41.05011933174224,419,190,0.0,0.0,100.0,
NZDUSD,fade2.5/25 h8 L,60,75,design,41.05011933174224,419,721,0.0,0.0,100.0,
NZDUSD,fade2.5/25 h8 L,60,75,hold,41.05011933174224,419,190,0.0,0.0,100.0,
NZDUSD,fade2.5/25 h8 L,60,100,design,41.05011933174224,419,721,0.0,0.0,100.0,
NZDUSD,fade2.5/25 h8 L,60,100,hold,41.05011933174224,419,190,0.0,0.0,100.0,
NZDUSD,fade2.5/25 h8 L,60,125,design,41.05011933174224,419,721,0.0,0.0,100.0,
NZDUSD,fade2.5/25 h8 L,60,125,hold,41.05011933174224,419,190,0.0,0.0,100.0,
NZDUSD,fade2.5/25 h8 L,60,150,design,41.05011933174224,419,721,0.0,0.0,100.0,
NZDUSD,fade2.5/25 h8 L,60,150,hold,41.05011933174224,419,190,0.0,0.0,100.0,
NZDUSD,fade2.5/25 h8 L,60,200,design,41.05011933174224,419,721,0.0,0.0,100.0,
NZDUSD,fade2.5/25 h8 L,60,200,hold,41.05011933174224,419,190,0.0,0.0,100.0,
NZDUSD,fade2.5/25 h8 L,90,50,design,41.05011933174224,419,721,0.0,0.0,100.0,
NZDUSD,fade2.5/25 h8 L,90,50,hold,41.05011933174224,419,180,0.0,0.0,100.0,
NZDUSD,fade2.5/25 h8 L,90,75,design,41.05011933174224,419,721,0.0,0.0,100.0,
NZDUSD,fade2.5/25 h8 L,90,75,hold,41.05011933174224,419,180,0.0,0.0,100.0,
NZDUSD,fade2.5/25 h8 L,90,100,design,41.05011933174224,419,721,0.0,0.0,100.0,
NZDUSD,fade2.5/25 h8 L,90,100,hold,41.05011933174224,419,180,0.0,0.0,100.0,
NZDUSD,fade2.5/25 h8 L,90,125,design,41.05011933174224,419,721,0.0,0.0,100.0,
NZDUSD,fade2.5/25 h8 L,90,125,hold,41.05011933174224,419,180,0.0,0.0,100.0,
NZDUSD,fade2.5/25 h8 L,90,150,design,41.05011933174224,419,721,0.0,0.0,100.0,
NZDUSD,fade2.5/25 h8 L,90,150,hold,41.05011933174224,419,180,0.0,0.0,100.0,
NZDUSD,fade2.5/25 h8 L,90,200,design,41.05011933174224,419,721,0.8321775312066574,4.0221914008321775,95.14563106796116,82.33333333333333
NZDUSD,fade2.5/25 h8 L,90,200,hold,41.05011933174224,419,180,0.0,0.0,100.0,
NZDUSD,fade2.5/25 h8 L,365,50,design,41.05011933174224,419,721,0.0,0.0,100.0,
NZDUSD,fade2.5/25 h8 L,365,50,hold,41.05011933174224,419,120,0.0,0.0,100.0,
NZDUSD,fade2.5/25 h8 L,365,75,design,41.05011933174224,419,721,0.0,0.0,100.0,
NZDUSD,fade2.5/25 h8 L,365,75,hold,41.05011933174224,419,120,0.0,0.0,100.0,
NZDUSD,fade2.5/25 h8 L,365,100,design,41.05011933174224,419,721,0.0,12.62135922330097,87.37864077669903,
NZDUSD,fade2.5/25 h8 L,365,100,hold,41.05011933174224,419,120,0.0,0.0,100.0,
NZDUSD,fade2.5/25 h8 L,365,125,design,41.05011933174224,419,721,0.0,45.76976421636616,54.23023578363384,
NZDUSD,fade2.5/25 h8 L,365,125,hold,41.05011933174224,419,120,0.0,0.0,100.0,
NZDUSD,fade2.5/25 h8 L,365,150,design,41.05011933174224,419,721,1.248266296809986,70.18030513176144,28.57142857142857,224.0
NZDUSD,fade2.5/25 h8 L,365,150,hold,41.05011933174224,419,120,0.0,32.5,67.5,
NZDUSD,fade2.5/25 h8 L,365,200,design,41.05011933174224,419,721,4.160887656033287,84.0499306518724,11.789181692094314,184.20833333333334
NZDUSD,fade2.5/25 h8 L,365,200,hold,41.05011933174224,419,120,0.0,100.0,0.0,
NZDUSD,mom rsi70 h8,30,50,design,48.36879432624113,705,721,0.0,0.0,100.0,
NZDUSD,mom rsi70 h8,30,50,hold,48.36879432624113,705,202,0.0,0.0,100.0,
NZDUSD,mom rsi70 h8,30,75,design,48.36879432624113,705,721,0.0,0.0,100.0,
NZDUSD,mom rsi70 h8,30,75,hold,48.36879432624113,705,202,0.0,0.0,100.0,
NZDUSD,mom rsi70 h8,30,100,design,48.36879432624113,705,721,0.0,0.0,100.0,
NZDUSD,mom rsi70 h8,30,100,hold,48.36879432624113,705,202,0.0,0.0,100.0,
NZDUSD,mom rsi70 h8,30,125,design,48.36879432624113,705,721,0.0,0.0,100.0,
NZDUSD,mom rsi70 h8,30,125,hold,48.36879432624113,705,202,0.0,0.0,100.0,
NZDUSD,mom rsi70 h8,30,150,design,48.36879432624113,705,721,0.0,0.0,100.0,
NZDUSD,mom rsi70 h8,30,150,hold,48.36879432624113,705,202,0.0,0.0,100.0,
NZDUSD,mom rsi70 h8,30,200,design,48.36879432624113,705,721,0.27739251040221913,0.0,99.72260748959778,4.5
NZDUSD,mom rsi70 h8,30,200,hold,48.36879432624113,705,202,4.455445544554455,0.0,95.54455445544554,24.75
NZDUSD,mom rsi70 h8,60,50,design,48.36879432624113,705,721,0.0,0.0,100.0,
NZDUSD,mom rsi70 h8,60,50,hold,48.36879432624113,705,192,0.0,0.0,100.0,
NZDUSD,mom rsi70 h8,60,75,design,48.36879432624113,705,721,0.0,0.0,100.0,
NZDUSD,mom rsi70 h8,60,75,hold,48.36879432624113,705,192,0.0,0.0,100.0,
NZDUSD,mom rsi70 h8,60,100,design,48.36879432624113,705,721,0.0,0.0,100.0,
NZDUSD,mom rsi70 h8,60,100,hold,48.36879432624113,705,192,0.0,0.0,100.0,
NZDUSD,mom rsi70 h8,60,125,design,48.36879432624113,705,721,0.0,0.0,100.0,
NZDUSD,mom rsi70 h8,60,125,hold,48.36879432624113,705,192,0.0,0.0,100.0,
NZDUSD,mom rsi70 h8,60,150,design,48.36879432624113,705,721,0.0,0.0,100.0,
NZDUSD,mom rsi70 h8,60,150,hold,48.36879432624113,705,192,1.5625,0.0,98.4375,33.75
NZDUSD,mom rsi70 h8,60,200,design,48.36879432624113,705,721,2.3578363384188625,1.1095700416088765,96.53259361997226,50.666666666666664
NZDUSD,mom rsi70 h8,60,200,hold,48.36879432624113,705,192,16.666666666666664,0.0,83.33333333333334,43.77083333333333
NZDUSD,mom rsi70 h8,90,50,design,48.36879432624113,705,721,0.0,0.0,100.0,
NZDUSD,mom rsi70 h8,90,50,hold,48.36879432624113,705,182,0.0,0.0,100.0,
NZDUSD,mom rsi70 h8,90,75,design,48.36879432624113,705,721,0.0,0.0,100.0,
NZDUSD,mom rsi70 h8,90,75,hold,48.36879432624113,705,182,0.0,0.0,100.0,
NZDUSD,mom rsi70 h8,90,100,design,48.36879432624113,705,721,0.0,0.0,100.0,
NZDUSD,mom rsi70 h8,90,100,hold,48.36879432624113,705,182,0.0,0.0,100.0,
NZDUSD,mom rsi70 h8,90,125,design,48.36879432624113,705,721,0.0,0.0,100.0,
NZDUSD,mom rsi70 h8,90,125,hold,48.36879432624113,705,182,1.098901098901099,0.0,98.9010989010989,83.9375
NZDUSD,mom rsi70 h8,90,150,design,48.36879432624113,705,721,0.5547850208044383,0.0,99.44521497919555,85.125
NZDUSD,mom rsi70 h8,90,150,hold,48.36879432624113,705,182,10.43956043956044,0.0,89.56043956043956,78.08333333333333
NZDUSD,mom rsi70 h8,90,200,design,48.36879432624113,705,721,6.102635228848821,6.51872399445215,87.37864077669903,72.125
NZDUSD,mom rsi70 h8,90,200,hold,48.36879432624113,705,182,34.61538461538461,0.0,65.38461538461539,59.791666666666664
NZDUSD,mom rsi70 h8,365,50,design,48.36879432624113,705,721,0.0,0.0,100.0,
NZDUSD,mom rsi70 h8,365,50,hold,48.36879432624113,705,122,0.0,0.0,100.0,
NZDUSD,mom rsi70 h8,365,75,design,48.36879432624113,705,721,0.0,0.0,100.0,
NZDUSD,mom rsi70 h8,365,75,hold,48.36879432624113,705,122,15.573770491803279,0.0,84.42622950819673,337.2083333333333
NZDUSD,mom rsi70 h8,365,100,design,48.36879432624113,705,721,10.402219140083217,7.073509015256588,82.52427184466019,315.75
NZDUSD,mom rsi70 h8,365,100,hold,48.36879432624113,705,122,54.09836065573771,0.0,45.90163934426229,263.9375
NZDUSD,mom rsi70 h8,365,125,design,48.36879432624113,705,721,19.694868238557557,33.00970873786408,47.295423023578365,258.625
NZDUSD,mom rsi70 h8,365,125,hold,48.36879432624113,705,122,74.59016393442623,0.0,25.40983606557377,207.75
NZDUSD,mom rsi70 h8,365,150,design,48.36879432624113,705,721,24.549237170596395,45.07628294036061,30.374479889042995,222.08333333333334
NZDUSD,mom rsi70 h8,365,150,hold,48.36879432624113,705,122,94.26229508196722,0.0,5.737704918032787,177.75
NZDUSD,mom rsi70 h8,365,200,design,48.36879432624113,705,721,35.78363384188627,53.398058252427184,10.818307905686545,164.64583333333331
NZDUSD,mom rsi70 h8,365,200,hold,48.36879432624113,705,122,100.0,0.0,0.0,111.64583333333333
NZDUSD,mom rsi75 h8,30,50,design,44.37689969604863,329,721,0.0,0.0,100.0,
NZDUSD,mom rsi75 h8,30,50,hold,44.37689969604863,329,197,0.0,0.0,100.0,
NZDUSD,mom rsi75 h8,30,75,design,44.37689969604863,329,721,0.0,0.0,100.0,
NZDUSD,mom rsi75 h8,30,75,hold,44.37689969604863,329,197,0.0,0.0,100.0,
NZDUSD,mom rsi75 h8,30,100,design,44.37689969604863,329,721,0.0,0.0,100.0,
NZDUSD,mom rsi75 h8,30,100,hold,44.37689969604863,329,197,0.0,0.0,100.0,
NZDUSD,mom rsi75 h8,30,125,design,44.37689969604863,329,721,0.0,0.0,100.0,
NZDUSD,mom rsi75 h8,30,125,hold,44.37689969604863,329,197,0.0,0.0,100.0,
NZDUSD,mom rsi75 h8,30,150,design,44.37689969604863,329,721,0.0,0.0,100.0,
NZDUSD,mom rsi75 h8,30,150,hold,44.37689969604863,329,197,0.0,0.0,100.0,
NZDUSD,mom rsi75 h8,30,200,design,44.37689969604863,329,721,0.0,0.0,100.0,
NZDUSD,mom rsi75 h8,30,200,hold,44.37689969604863,329,197,0.0,0.0,100.0,
NZDUSD,mom rsi75 h8,60,50,design,44.37689969604863,329,721,0.0,0.0,100.0,
NZDUSD,mom rsi75 h8,60,50,hold,44.37689969604863,329,187,0.0,0.0,100.0,
NZDUSD,mom rsi75 h8,60,75,design,44.37689969604863,329,721,0.0,0.0,100.0,
NZDUSD,mom rsi75 h8,60,75,hold,44.37689969604863,329,187,0.0,0.0,100.0,
NZDUSD,mom rsi75 h8,60,100,design,44.37689969604863,329,721,0.0,0.0,100.0,
NZDUSD,mom rsi75 h8,60,100,hold,44.37689969604863,329,187,0.0,0.0,100.0,
NZDUSD,mom rsi75 h8,60,125,design,44.37689969604863,329,721,0.0,0.0,100.0,
NZDUSD,mom rsi75 h8,60,125,hold,44.37689969604863,329,187,0.0,0.0,100.0,
NZDUSD,mom rsi75 h8,60,150,design,44.37689969604863,329,721,0.0,0.0,100.0,
NZDUSD,mom rsi75 h8,60,150,hold,44.37689969604863,329,187,0.0,0.0,100.0,
NZDUSD,mom rsi75 h8,60,200,design,44.37689969604863,329,721,0.0,0.0,100.0,
NZDUSD,mom rsi75 h8,60,200,hold,44.37689969604863,329,187,0.53475935828877,0.0,99.46524064171123,31.625
NZDUSD,mom rsi75 h8,90,50,design,44.37689969604863,329,721,0.0,0.0,100.0,
NZDUSD,mom rsi75 h8,90,50,hold,44.37689969604863,329,177,0.0,0.0,100.0,
NZDUSD,mom rsi75 h8,90,75,design,44.37689969604863,329,721,0.0,0.0,100.0,
NZDUSD,mom rsi75 h8,90,75,hold,44.37689969604863,329,177,0.0,0.0,100.0,
NZDUSD,mom rsi75 h8,90,100,design,44.37689969604863,329,721,0.0,0.0,100.0,
NZDUSD,mom rsi75 h8,90,100,hold,44.37689969604863,329,177,0.0,0.0,100.0,
NZDUSD,mom rsi75 h8,90,125,design,44.37689969604863,329,721,0.0,0.0,100.0,
NZDUSD,mom rsi75 h8,90,125,hold,44.37689969604863,329,177,0.0,0.0,100.0,
NZDUSD,mom rsi75 h8,90,150,design,44.37689969604863,329,721,0.0,0.0,100.0,
NZDUSD,mom rsi75 h8,90,150,hold,44.37689969604863,329,177,0.0,0.0,100.0,
NZDUSD,mom rsi75 h8,90,200,design,44.37689969604863,329,721,0.6934812760055479,0.6934812760055479,98.6130374479889,81.625
NZDUSD,mom rsi75 h8,90,200,hold,44.37689969604863,329,177,1.1299435028248588,0.0,98.87005649717514,60.4375
NZDUSD,mom rsi75 h8,365,50,design,44.37689969604863,329,721,0.0,0.0,100.0,
NZDUSD,mom rsi75 h8,365,50,hold,44.37689969604863,329,117,0.0,0.0,100.0,
NZDUSD,mom rsi75 h8,365,75,design,44.37689969604863,329,721,0.0,0.0,100.0,
NZDUSD,mom rsi75 h8,365,75,hold,44.37689969604863,329,117,0.0,0.0,100.0,
NZDUSD,mom rsi75 h8,365,100,design,44.37689969604863,329,721,0.0,0.0,100.0,
NZDUSD,mom rsi75 h8,365,100,hold,44.37689969604863,329,117,0.0,0.0,100.0,
NZDUSD,mom rsi75 h8,365,125,design,44.37689969604863,329,721,2.219140083217753,8.737864077669903,89.04299583911235,200.125
NZDUSD,mom rsi75 h8,365,125,hold,44.37689969604863,329,117,0.0,0.0,100.0,
NZDUSD,mom rsi75 h8,365,150,design,44.37689969604863,329,721,6.102635228848821,21.914008321775313,71.98335644937586,182.125
NZDUSD,mom rsi75 h8,365,150,hold,44.37689969604863,329,117,0.8547008547008548,0.0,99.14529914529915,101.25
NZDUSD,mom rsi75 h8,365,200,design,44.37689969604863,329,721,11.650485436893204,46.18585298196949,42.163661581137305,144.64583333333331
NZDUSD,mom rsi75 h8,365,200,hold,44.37689969604863,329,117,16.23931623931624,0.0,83.76068376068376,116.25
EURGBP,fade3.0/20 h4,30,50,design,49.72677595628415,366,721,0.0,0.0,100.0,
EURGBP,fade3.0/20 h4,30,50,hold,49.72677595628415,366,202,0.0,0.0,100.0,
EURGBP,fade3.0/20 h4,30,75,design,49.72677595628415,366,721,0.0,0.0,100.0,
EURGBP,fade3.0/20 h4,30,75,hold,49.72677595628415,366,202,0.0,0.0,100.0,
EURGBP,fade3.0/20 h4,30,100,design,49.72677595628415,366,721,0.0,0.0,100.0,
EURGBP,fade3.0/20 h4,30,100,hold,49.72677595628415,366,202,0.0,0.0,100.0,
EURGBP,fade3.0/20 h4,30,125,design,49.72677595628415,366,721,0.27739251040221913,0.0,99.72260748959778,26.083333333333332
EURGBP,fade3.0/20 h4,30,125,hold,49.72677595628415,366,202,0.0,0.0,100.0,
EURGBP,fade3.0/20 h4,30,150,design,49.72677595628415,366,721,0.6934812760055479,0.0,99.30651872399446,21.5
EURGBP,fade3.0/20 h4,30,150,hold,49.72677595628415,366,202,0.0,0.0,100.0,
EURGBP,fade3.0/20 h4,30,200,design,49.72677595628415,366,721,1.3869625520110958,0.0,98.6130374479889,24.979166666666664
EURGBP,fade3.0/20 h4,30,200,hold,49.72677595628415,366,202,0.0,0.0,100.0,
EURGBP,fade3.0/20 h4,60,50,design,49.72677595628415,366,721,0.0,0.0,100.0,
EURGBP,fade3.0/20 h4,60,50,hold,49.72677595628415,366,192,0.0,0.0,100.0,
EURGBP,fade3.0/20 h4,60,75,design,49.72677595628415,366,721,0.0,0.0,100.0,
EURGBP,fade3.0/20 h4,60,75,hold,49.72677595628415,366,192,0.0,0.0,100.0,
EURGBP,fade3.0/20 h4,60,100,design,49.72677595628415,366,721,0.4160887656033287,0.0,99.58391123439667,54.583333333333336
EURGBP,fade3.0/20 h4,60,100,hold,49.72677595628415,366,192,0.0,0.0,100.0,
EURGBP,fade3.0/20 h4,60,125,design,49.72677595628415,366,721,2.0804438280166435,0.0,97.91955617198336,42.583333333333336
EURGBP,fade3.0/20 h4,60,125,hold,49.72677595628415,366,192,0.0,0.0,100.0,
EURGBP,fade3.0/20 h4,60,150,design,49.72677595628415,366,721,2.496532593619972,0.0,97.50346740638003,36.97916666666667
EURGBP,fade3.0/20 h4,60,150,hold,49.72677595628415,366,192,0.0,0.0,100.0,
EURGBP,fade3.0/20 h4,60,200,design,49.72677595628415,366,721,3.744798890429958,0.0,96.25520110957004,32.541666666666664
EURGBP,fade3.0/20 h4,60,200,hold,49.72677595628415,366,192,0.0,0.0,100.0,
EURGBP,fade3.0/20 h4,90,50,design,49.72677595628415,366,721,0.0,0.0,100.0,
EURGBP,fade3.0/20 h4,90,50,hold,49.72677595628415,366,182,0.0,0.0,100.0,
EURGBP,fade3.0/20 h4,90,75,design,49.72677595628415,366,721,0.0,0.0,100.0,
EURGBP,fade3.0/20 h4,90,75,hold,49.72677595628415,366,182,0.0,0.0,100.0,
EURGBP,fade3.0/20 h4,90,100,design,49.72677595628415,366,721,1.8030513176144243,0.0,98.19694868238558,69.58333333333333
EURGBP,fade3.0/20 h4,90,100,hold,49.72677595628415,366,182,0.0,0.0,100.0,
EURGBP,fade3.0/20 h4,90,125,design,49.72677595628415,366,721,3.467406380027739,0.0,96.53259361997226,51.5
EURGBP,fade3.0/20 h4,90,125,hold,49.72677595628415,366,182,0.0,0.0,100.0,
EURGBP,fade3.0/20 h4,90,150,design,49.72677595628415,366,721,3.467406380027739,0.0,96.53259361997226,43.458333333333336
EURGBP,fade3.0/20 h4,90,150,hold,49.72677595628415,366,182,0.0,0.0,100.0,
EURGBP,fade3.0/20 h4,90,200,design,49.72677595628415,366,721,4.993065187239944,2.496532593619972,92.51040221914009,45.958333333333336
EURGBP,fade3.0/20 h4,90,200,hold,49.72677595628415,366,182,2.7472527472527473,0.0,97.25274725274726,69.54166666666667
EURGBP,fade3.0/20 h4,365,50,design,49.72677595628415,366,721,0.0,0.0,100.0,
EURGBP,fade3.0/20 h4,365,50,hold,49.72677595628415,366,122,0.0,0.0,100.0,
EURGBP,fade3.0/20 h4,365,75,design,49.72677595628415,366,721,2.219140083217753,0.0,97.78085991678225,236.16666666666666
EURGBP,fade3.0/20 h4,365,75,hold,49.72677595628415,366,122,0.0,0.0,100.0,
EURGBP,fade3.0/20 h4,365,100,design,49.72677595628415,366,721,7.350901525658807,4.2995839112343965,88.3495145631068,230.5
EURGBP,fade3.0/20 h4,365,100,hold,49.72677595628415,366,122,0.0,0.0,100.0,
EURGBP,fade3.0/20 h4,365,125,design,49.72677595628415,366,721,8.737864077669903,13.592233009708737,77.66990291262135,132.58333333333334
EURGBP,fade3.0/20 h4,365,125,hold,49.72677595628415,366,122,0.0,0.0,100.0,
EURGBP,fade3.0/20 h4,365,150,design,49.72677595628415,366,721,10.957004160887656,19.83356449375867,69.20943134535368,141.58333333333334
EURGBP,fade3.0/20 h4,365,150,hold,49.72677595628415,366,122,0.0,0.0,100.0,
EURGBP,fade3.0/20 h4,365,200,design,49.72677595628415,366,721,19.83356449375867,51.31761442441054,28.84882108183079,141.5
EURGBP,fade3.0/20 h4,365,200,hold,49.72677595628415,366,122,4.918032786885246,0.0,95.08196721311475,71.04166666666667
EURGBP,fade3.0/20 h8,30,50,design,47.540983606557376,366,721,0.0,0.0,100.0,
EURGBP,fade3.0/20 h8,30,50,hold,47.540983606557376,366,202,0.0,0.0,100.0,
EURGBP,fade3.0/20 h8,30,75,design,47.540983606557376,366,721,0.0,0.0,100.0,
EURGBP,fade3.0/20 h8,30,75,hold,47.540983606557376,366,202,0.0,0.0,100.0,
EURGBP,fade3.0/20 h8,30,100,design,47.540983606557376,366,721,0.0,0.0,100.0,
EURGBP,fade3.0/20 h8,30,100,hold,47.540983606557376,366,202,0.0,0.0,100.0,
EURGBP,fade3.0/20 h8,30,125,design,47.540983606557376,366,721,0.27739251040221913,0.0,99.72260748959778,26.25
EURGBP,fade3.0/20 h8,30,125,hold,47.540983606557376,366,202,0.0,0.0,100.0,
EURGBP,fade3.0/20 h8,30,150,design,47.540983606557376,366,721,0.27739251040221913,0.0,99.72260748959778,26.25
EURGBP,fade3.0/20 h8,30,150,hold,47.540983606557376,366,202,0.0,0.0,100.0,
EURGBP,fade3.0/20 h8,30,200,design,47.540983606557376,366,721,1.9417475728155338,0.0,98.05825242718447,18.708333333333336
EURGBP,fade3.0/20 h8,30,200,hold,47.540983606557376,366,202,0.0,0.0,100.0,
EURGBP,fade3.0/20 h8,60,50,design,47.540983606557376,366,721,0.0,0.0,100.0,
EURGBP,fade3.0/20 h8,60,50,hold,47.540983606557376,366,192,0.0,0.0,100.0,
EURGBP,fade3.0/20 h8,60,75,design,47.540983606557376,366,721,0.0,0.0,100.0,
EURGBP,fade3.0/20 h8,60,75,hold,47.540983606557376,366,192,0.0,0.0,100.0,
EURGBP,fade3.0/20 h8,60,100,design,47.540983606557376,366,721,0.4160887656033287,0.0,99.58391123439667,54.75
EURGBP,fade3.0/20 h8,60,100,hold,47.540983606557376,366,192,0.0,0.0,100.0,
EURGBP,fade3.0/20 h8,60,125,design,47.540983606557376,366,721,1.9417475728155338,0.0,98.05825242718447,42.70833333333333
EURGBP,fade3.0/20 h8,60,125,hold,47.540983606557376,366,192,0.0,0.0,100.0,
EURGBP,fade3.0/20 h8,60,150,design,47.540983606557376,366,721,2.0804438280166435,0.0,97.91955617198336,39.666666666666664
EURGBP,fade3.0/20 h8,60,150,hold,47.540983606557376,366,192,0.0,0.0,100.0,
EURGBP,fade3.0/20 h8,60,200,design,47.540983606557376,366,721,4.854368932038835,0.0,95.14563106796116,33.666666666666664
EURGBP,fade3.0/20 h8,60,200,hold,47.540983606557376,366,192,0.0,0.0,100.0,
EURGBP,fade3.0/20 h8,90,50,design,47.540983606557376,366,721,0.0,0.0,100.0,
EURGBP,fade3.0/20 h8,90,50,hold,47.540983606557376,366,182,0.0,0.0,100.0,
EURGBP,fade3.0/20 h8,90,75,design,47.540983606557376,366,721,0.0,0.0,100.0,
EURGBP,fade3.0/20 h8,90,75,hold,47.540983606557376,366,182,0.0,0.0,100.0,
EURGBP,fade3.0/20 h8,90,100,design,47.540983606557376,366,721,1.8030513176144243,0.0,98.19694868238558,69.75
EURGBP,fade3.0/20 h8,90,100,hold,47.540983606557376,366,182,0.0,0.0,100.0,
EURGBP,fade3.0/20 h8,90,125,design,47.540983606557376,366,721,3.467406380027739,0.0,96.53259361997226,51.666666666666664
EURGBP,fade3.0/20 h8,90,125,hold,47.540983606557376,366,182,0.0,0.0,100.0,
EURGBP,fade3.0/20 h8,90,150,design,47.540983606557376,366,721,3.467406380027739,0.0,96.53259361997226,51.666666666666664
EURGBP,fade3.0/20 h8,90,150,hold,47.540983606557376,366,182,0.0,0.0,100.0,
EURGBP,fade3.0/20 h8,90,200,design,47.540983606557376,366,721,7.489597780859916,4.993065187239944,87.51733703190014,41.3125
EURGBP,fade3.0/20 h8,90,200,hold,47.540983606557376,366,182,2.7472527472527473,0.0,97.25274725274726,69.70833333333333
EURGBP,fade3.0/20 h8,365,50,design,47.540983606557376,366,721,0.0,0.0,100.0,
EURGBP,fade3.0/20 h8,365,50,hold,47.540983606557376,366,122,0.0,0.0,100.0,
EURGBP,fade3.0/20 h8,365,75,design,47.540983606557376,366,721,3.6061026352288486,0.0,96.39389736477115,315.3333333333333
EURGBP,fade3.0/20 h8,365,75,hold,47.540983606557376,366,122,0.0,0.0,100.0,
EURGBP,fade3.0/20 h8,365,100,design,47.540983606557376,366,721,8.183079056865465,6.2413314840499305,85.5755894590846,187.79166666666666
EURGBP,fade3.0/20 h8,365,100,hold,47.540983606557376,366,122,0.0,0.0,100.0,
EURGBP,fade3.0/20 h8,365,125,design,47.540983606557376,366,721,9.153952843273231,33.287101248266296,57.558945908460466,120.70833333333334
EURGBP,fade3.0/20 h8,365,125,hold,47.540983606557376,366,122,0.0,0.0,100.0,
EURGBP,fade3.0/20 h8,365,150,design,47.540983606557376,366,721,15.950069348127602,38.69625520110957,45.35367545076283,174.75
EURGBP,fade3.0/20 h8,365,150,hold,47.540983606557376,366,122,4.098360655737705,0.0,95.90163934426229,116.70833333333333
EURGBP,fade3.0/20 h8,365,200,design,47.540983606557376,366,721,31.06796116504854,56.5880721220527,12.343966712898752,178.6875
EURGBP,fade3.0/20 h8,365,200,hold,47.540983606557376,366,122,6.557377049180328,35.24590163934426,58.19672131147541,75.70833333333333
EURGBP,fade2.5/25 h4,30,50,design,48.01038062283737,1156,721,0.0,0.0,100.0,
EURGBP,fade2.5/25 h4,30,50,hold,48.01038062283737,1156,202,0.0,0.0,100.0,
EURGBP,fade2.5/25 h4,30,75,design,48.01038062283737,1156,721,0.0,0.0,100.0,
EURGBP,fade2.5/25 h4,30,75,hold,48.01038062283737,1156,202,0.0,0.0,100.0,
EURGBP,fade2.5/25 h4,30,100,design,48.01038062283737,1156,721,0.0,0.0,100.0,
EURGBP,fade2.5/25 h4,30,100,hold,48.01038062283737,1156,202,0.0,0.0,100.0,
EURGBP,fade2.5/25 h4,30,125,design,48.01038062283737,1156,721,1.248266296809986,0.0,98.75173370319001,22.541666666666668
EURGBP,fade2.5/25 h4,30,125,hold,48.01038062283737,1156,202,0.0,0.0,100.0,
EURGBP,fade2.5/25 h4,30,150,design,48.01038062283737,1156,721,2.3578363384188625,0.0,97.64216366158114,22.416666666666668
EURGBP,fade2.5/25 h4,30,150,hold,48.01038062283737,1156,202,0.0,0.0,100.0,
EURGBP,fade2.5/25 h4,30,200,design,48.01038062283737,1156,721,5.547850208044383,1.1095700416088765,93.34257975034674,18.520833333333336
EURGBP,fade2.5/25 h4,30,200,hold,48.01038062283737,1156,202,0.0,0.0,100.0,
EURGBP,fade2.5/25 h4,60,50,design,48.01038062283737,1156,721,0.0,0.0,100.0,
EURGBP,fade2.5/25 h4,60,50,hold,48.01038062283737,1156,192,0.0,0.0,100.0,
EURGBP,fade2.5/25 h4,60,75,design,48.01038062283737,1156,721,0.0,0.0,100.0,
EURGBP,fade2.5/25 h4,60,75,hold,48.01038062283737,1156,192,0.0,0.0,100.0,
EURGBP,fade2.5/25 h4,60,100,design,48.01038062283737,1156,721,0.6934812760055479,0.0,99.30651872399446,53.583333333333336
EURGBP,fade2.5/25 h4,60,100,hold,48.01038062283737,1156,192,0.0,0.0,100.0,
EURGBP,fade2.5/25 h4,60,125,design,48.01038062283737,1156,721,3.744798890429958,2.219140083217753,94.03606102635229,43.416666666666664
EURGBP,fade2.5/25 h4,60,125,hold,48.01038062283737,1156,192,0.0,0.0,100.0,
EURGBP,fade2.5/25 h4,60,150,design,48.01038062283737,1156,721,6.38002773925104,4.2995839112343965,89.32038834951457,35.0625
EURGBP,fade2.5/25 h4,60,150,hold,48.01038062283737,1156,192,0.0,0.0,100.0,
EURGBP,fade2.5/25 h4,60,200,design,48.01038062283737,1156,721,16.08876560332871,9.70873786407767,74.20249653259361,37.08333333333333
EURGBP,fade2.5/25 h4,60,200,hold,48.01038062283737,1156,192,0.0,1.0416666666666665,98.95833333333334,
EURGBP,fade2.5/25 h4,90,50,design,48.01038062283737,1156,721,0.0,0.0,100.0,
EURGBP,fade2.5/25 h4,90,50,hold,48.01038062283737,1156,182,0.0,0.0,100.0,
EURGBP,fade2.5/25 h4,90,75,design,48.01038062283737,1156,721,0.0,0.0,100.0,
EURGBP,fade2.5/25 h4,90,75,hold,48.01038062283737,1156,182,0.0,0.0,100.0,
EURGBP,fade2.5/25 h4,90,100,design,48.01038062283737,1156,721,0.8321775312066574,2.912621359223301,96.25520110957004,55.083333333333336
EURGBP,fade2.5/25 h4,90,100,hold,48.01038062283737,1156,182,0.0,0.0,100.0,
EURGBP,fade2.5/25 h4,90,125,design,48.01038062283737,1156,721,4.438280166435506,3.744798890429958,91.81692094313453,46.08333333333333
EURGBP,fade2.5/25 h4,90,125,hold,48.01038062283737,1156,182,0.0,0.0,100.0,
EURGBP,fade2.5/25 h4,90,150,design,48.01038062283737,1156,721,13.0374479889043,9.015256588072122,77.94729542302358,61.041666666666664
EURGBP,fade2.5/25 h4,90,150,hold,48.01038062283737,1156,182,0.0,0.0,100.0,
EURGBP,fade2.5/25 h4,90,200,design,48.01038062283737,1156,721,28.84882108183079,17.753120665742024,53.398058252427184,56.5
EURGBP,fade2.5/25 h4,90,200,hold,48.01038062283737,1156,182,0.0,14.285714285714285,85.71428571428571,
EURGBP,fade2.5/25 h4,365,50,design,48.01038062283737,1156,721,0.0,0.0,100.0,
EURGBP,fade2.5/25 h4,365,50,hold,48.01038062283737,1156,122,0.0,0.0,100.0,
EURGBP,fade2.5/25 h4,365,75,design,48.01038062283737,1156,721,17.198335644937586,13.0374479889043,69.76421636615811,296.0
EURGBP,fade2.5/25 h4,365,75,hold,48.01038062283737,1156,122,0.0,0.0,100.0,
EURGBP,fade2.5/25 h4,365,100,design,48.01038062283737,1156,721,38.41886269070735,23.994452149791957,37.586685159500696,246.75
EURGBP,fade2.5/25 h4,365,100,hold,48.01038062283737,1156,122,0.0,58.19672131147541,41.80327868852459,
EURGBP,fade2.5/25 h4,365,125,design,48.01038062283737,1156,721,50.624133148404994,38.55755894590846,10.818307905686545,185.66666666666666
EURGBP,fade2.5/25 h4,365,125,hold,48.01038062283737,1156,122,0.0,100.0,0.0,
EURGBP,fade2.5/25 h4,365,150,design,48.01038062283737,1156,721,54.92371705963939,42.163661581137305,2.912621359223301,138.02083333333331
EURGBP,fade2.5/25 h4,365,150,hold,48.01038062283737,1156,122,0.0,100.0,0.0,
EURGBP,fade2.5/25 h4,365,200,design,48.01038062283737,1156,721,61.719833564493754,38.28016643550624,0.0,94.41666666666667
EURGBP,fade2.5/25 h4,365,200,hold,48.01038062283737,1156,122,0.819672131147541,99.18032786885246,0.0,111.66666666666667
EURGBP,fade2.5/25 h8,30,50,design,47.35899731423456,1117,721,0.0,0.0,100.0,
EURGBP,fade2.5/25 h8,30,50,hold,47.35899731423456,1117,202,0.0,0.0,100.0,
EURGBP,fade2.5/25 h8,30,75,design,47.35899731423456,1117,721,0.0,0.0,100.0,
EURGBP,fade2.5/25 h8,30,75,hold,47.35899731423456,1117,202,0.0,0.0,100.0,
EURGBP,fade2.5/25 h8,30,100,design,47.35899731423456,1117,721,0.0,0.0,100.0,
EURGBP,fade2.5/25 h8,30,100,hold,47.35899731423456,1117,202,0.0,0.0,100.0,
EURGBP,fade2.5/25 h8,30,125,design,47.35899731423456,1117,721,2.0804438280166435,0.0,97.91955617198336,23.625
EURGBP,fade2.5/25 h8,30,125,hold,47.35899731423456,1117,202,0.0,0.0,100.0,
EURGBP,fade2.5/25 h8,30,150,design,47.35899731423456,1117,721,3.467406380027739,0.4160887656033287,96.11650485436894,19.625
EURGBP,fade2.5/25 h8,30,150,hold,47.35899731423456,1117,202,0.0,0.0,100.0,
EURGBP,fade2.5/25 h8,30,200,design,47.35899731423456,1117,721,8.737864077669903,1.9417475728155338,89.32038834951457,18.791666666666668
EURGBP,fade2.5/25 h8,30,200,hold,47.35899731423456,1117,202,0.9900990099009901,4.9504950495049505,94.05940594059405,24.416666666666668
EURGBP,fade2.5/25 h8,60,50,design,47.35899731423456,1117,721,0.0,0.0,100.0,
EURGBP,fade2.5/25 h8,60,50,hold,47.35899731423456,1117,192,0.0,0.0,100.0,
EURGBP,fade2.5/25 h8,60,75,design,47.35899731423456,1117,721,0.0,0.0,100.0,
EURGBP,fade2.5/25 h8,60,75,hold,47.35899731423456,1117,192,0.0,0.0,100.0,
EURGBP,fade2.5/25 h8,60,100,design,47.35899731423456,1117,721,0.6934812760055479,0.5547850208044383,98.75173370319001,46.583333333333336
EURGBP,fade2.5/25 h8,60,100,hold,47.35899731423456,1117,192,0.0,0.0,100.0,
EURGBP,fade2.5/25 h8,60,125,design,47.35899731423456,1117,721,5.9639389736477115,2.6352288488210815,91.40083217753121,39.833333333333336
EURGBP,fade2.5/25 h8,60,125,hold,47.35899731423456,1117,192,0.0,0.0,100.0,
EURGBP,fade2.5/25 h8,60,150,design,47.35899731423456,1117,721,9.43134535367545,3.467406380027739,87.1012482662968,39.166666666666664
EURGBP,fade2.5/25 h8,60,150,hold,47.35899731423456,1117,192,0.0,0.0,100.0,
EURGBP,fade2.5/25 h8,60,200,design,47.35899731423456,1117,721,20.388349514563107,14.979195561719832,64.63245492371706,34.583333333333336
EURGBP,fade2.5/25 h8,60,200,hold,47.35899731423456,1117,192,4.6875,14.0625,81.25,42.666666666666664
EURGBP,fade2.5/25 h8,90,50,design,47.35899731423456,1117,721,0.0,0.0,100.0,
EURGBP,fade2.5/25 h8,90,50,hold,47.35899731423456,1117,182,0.0,0.0,100.0,
EURGBP,fade2.5/25 h8,90,75,design,47.35899731423456,1117,721,0.0,0.0,100.0,
EURGBP,fade2.5/25 h8,90,75,hold,47.35899731423456,1117,182,0.0,0.0,100.0,
EURGBP,fade2.5/25 h8,90,100,design,47.35899731423456,1117,721,2.912621359223301,3.467406380027739,93.61997226074897,71.66666666666667
EURGBP,fade2.5/25 h8,90,100,hold,47.35899731423456,1117,182,0.0,0.0,100.0,
EURGBP,fade2.5/25 h8,90,125,design,47.35899731423456,1117,721,11.927877947295423,5.131761442441054,82.94036061026353,60.66666666666667
EURGBP,fade2.5/25 h8,90,125,hold,47.35899731423456,1117,182,0.0,0.5494505494505495,99.45054945054946,
EURGBP,fade2.5/25 h8,90,150,design,47.35899731423456,1117,721,19.00138696255201,13.453536754507628,67.54507628294036,60.666666666666664
EURGBP,fade2.5/25 h8,90,150,hold,47.35899731423456,1117,182,0.0,11.538461538461538,88.46153846153845,
EURGBP,fade2.5/25 h8,90,200,design,47.35899731423456,1117,721,31.484049930651874,25.104022191400833,43.41192787794729,49.625
EURGBP,fade2.5/25 h8,90,200,hold,47.35899731423456,1117,182,6.043956043956044,41.75824175824176,52.197802197802204,43.833333333333336
EURGBP,fade2.5/25 h8,365,50,design,47.35899731423456,1117,721,0.0,7.905686546463246,92.09431345353676,
EURGBP,fade2.5/25 h8,365,50,hold,47.35899731423456,1117,122,0.0,0.0,100.0,
EURGBP,fade2.5/25 h8,365,75,design,47.35899731423456,1117,721,8.044382801664355,19.972260748959776,71.98335644937586,203.22916666666666
EURGBP,fade2.5/25 h8,365,75,hold,47.35899731423456,1117,122,0.0,10.655737704918032,89.34426229508196,
EURGBP,fade2.5/25 h8,365,100,design,47.35899731423456,1117,721,23.1622746185853,43.828016643550626,33.00970873786408,199.58333333333334
EURGBP,fade2.5/25 h8,365,100,hold,47.35899731423456,1117,122,0.0,100.0,0.0,
EURGBP,fade2.5/25 h8,365,125,design,47.35899731423456,1117,721,38.97364771151179,42.302357836338416,18.723994452149793,155.625
EURGBP,fade2.5/25 h8,365,125,hold,47.35899731423456,1117,122,0.0,100.0,0.0,
EURGBP,fade2.5/25 h8,365,150,design,47.35899731423456,1117,721,49.930651872399444,45.63106796116505,4.438280166435506,118.79166666666666
EURGBP,fade2.5/25 h8,365,150,hold,47.35899731423456,1117,122,0.0,100.0,0.0,
EURGBP,fade2.5/25 h8,365,200,design,47.35899731423456,1117,721,55.33980582524271,44.66019417475729,0.0,76.79166666666667
EURGBP,fade2.5/25 h8,365,200,hold,47.35899731423456,1117,122,9.836065573770492,90.1639344262295,0.0,44.75
EURGBP,fade3.0/20 h4 L,30,50,design,48.80952380952381,168,721,0.0,0.0,100.0,
EURGBP,fade3.0/20 h4 L,30,50,hold,48.80952380952381,168,202,0.0,0.0,100.0,
EURGBP,fade3.0/20 h4 L,30,75,design,48.80952380952381,168,721,0.0,0.0,100.0,
EURGBP,fade3.0/20 h4 L,30,75,hold,48.80952380952381,168,202,0.0,0.0,100.0,
EURGBP,fade3.0/20 h4 L,30,100,design,48.80952380952381,168,721,0.0,0.0,100.0,
EURGBP,fade3.0/20 h4 L,30,100,hold,48.80952380952381,168,202,0.0,0.0,100.0,
EURGBP,fade3.0/20 h4 L,30,125,design,48.80952380952381,168,721,0.0,0.0,100.0,
EURGBP,fade3.0/20 h4 L,30,125,hold,48.80952380952381,168,202,0.0,0.0,100.0,
EURGBP,fade3.0/20 h4 L,30,150,design,48.80952380952381,168,721,0.0,0.0,100.0,
EURGBP,fade3.0/20 h4 L,30,150,hold,48.80952380952381,168,202,0.0,0.0,100.0,
EURGBP,fade3.0/20 h4 L,30,200,design,48.80952380952381,168,721,0.0,0.0,100.0,
EURGBP,fade3.0/20 h4 L,30,200,hold,48.80952380952381,168,202,0.0,0.0,100.0,
EURGBP,fade3.0/20 h4 L,60,50,design,48.80952380952381,168,721,0.0,0.0,100.0,
EURGBP,fade3.0/20 h4 L,60,50,hold,48.80952380952381,168,192,0.0,0.0,100.0,
EURGBP,fade3.0/20 h4 L,60,75,design,48.80952380952381,168,721,0.0,0.0,100.0,
EURGBP,fade3.0/20 h4 L,60,75,hold,48.80952380952381,168,192,0.0,0.0,100.0,
EURGBP,fade3.0/20 h4 L,60,100,design,48.80952380952381,168,721,0.0,0.0,100.0,
EURGBP,fade3.0/20 h4 L,60,100,hold,48.80952380952381,168,192,0.0,0.0,100.0,
EURGBP,fade3.0/20 h4 L,60,125,design,48.80952380952381,168,721,0.0,0.0,100.0,
EURGBP,fade3.0/20 h4 L,60,125,hold,48.80952380952381,168,192,0.0,0.0,100.0,
EURGBP,fade3.0/20 h4 L,60,150,design,48.80952380952381,168,721,0.0,0.0,100.0,
EURGBP,fade3.0/20 h4 L,60,150,hold,48.80952380952381,168,192,0.0,0.0,100.0,
EURGBP,fade3.0/20 h4 L,60,200,design,48.80952380952381,168,721,0.0,0.0,100.0,
EURGBP,fade3.0/20 h4 L,60,200,hold,48.80952380952381,168,192,0.0,0.0,100.0,
EURGBP,fade3.0/20 h4 L,90,50,design,48.80952380952381,168,721,0.0,0.0,100.0,
EURGBP,fade3.0/20 h4 L,90,50,hold,48.80952380952381,168,182,0.0,0.0,100.0,
EURGBP,fade3.0/20 h4 L,90,75,design,48.80952380952381,168,721,0.0,0.0,100.0,
EURGBP,fade3.0/20 h4 L,90,75,hold,48.80952380952381,168,182,0.0,0.0,100.0,
EURGBP,fade3.0/20 h4 L,90,100,design,48.80952380952381,168,721,0.0,0.0,100.0,
EURGBP,fade3.0/20 h4 L,90,100,hold,48.80952380952381,168,182,0.0,0.0,100.0,
EURGBP,fade3.0/20 h4 L,90,125,design,48.80952380952381,168,721,0.0,0.0,100.0,
EURGBP,fade3.0/20 h4 L,90,125,hold,48.80952380952381,168,182,0.0,0.0,100.0,
EURGBP,fade3.0/20 h4 L,90,150,design,48.80952380952381,168,721,0.0,0.0,100.0,
EURGBP,fade3.0/20 h4 L,90,150,hold,48.80952380952381,168,182,0.0,0.0,100.0,
EURGBP,fade3.0/20 h4 L,90,200,design,48.80952380952381,168,721,0.0,0.0,100.0,
EURGBP,fade3.0/20 h4 L,90,200,hold,48.80952380952381,168,182,0.0,0.0,100.0,
EURGBP,fade3.0/20 h4 L,365,50,design,48.80952380952381,168,721,0.0,0.0,100.0,
EURGBP,fade3.0/20 h4 L,365,50,hold,48.80952380952381,168,122,0.0,0.0,100.0,
EURGBP,fade3.0/20 h4 L,365,75,design,48.80952380952381,168,721,0.0,0.0,100.0,
EURGBP,fade3.0/20 h4 L,365,75,hold,48.80952380952381,168,122,0.0,0.0,100.0,
EURGBP,fade3.0/20 h4 L,365,100,design,48.80952380952381,168,721,0.0,0.0,100.0,
EURGBP,fade3.0/20 h4 L,365,100,hold,48.80952380952381,168,122,0.0,0.0,100.0,
EURGBP,fade3.0/20 h4 L,365,125,design,48.80952380952381,168,721,0.0,0.0,100.0,
EURGBP,fade3.0/20 h4 L,365,125,hold,48.80952380952381,168,122,0.0,0.0,100.0,
EURGBP,fade3.0/20 h4 L,365,150,design,48.80952380952381,168,721,0.0,0.0,100.0,
EURGBP,fade3.0/20 h4 L,365,150,hold,48.80952380952381,168,122,0.0,0.0,100.0,
EURGBP,fade3.0/20 h4 L,365,200,design,48.80952380952381,168,721,9.015256588072122,10.263522884882107,80.72122052704577,235.54166666666666
EURGBP,fade3.0/20 h4 L,365,200,hold,48.80952380952381,168,122,0.0,0.0,100.0,
EURGBP,fade3.0/20 h8 L,30,50,design,49.404761904761905,168,721,0.0,0.0,100.0,
EURGBP,fade3.0/20 h8 L,30,50,hold,49.404761904761905,168,202,0.0,0.0,100.0,
EURGBP,fade3.0/20 h8 L,30,75,design,49.404761904761905,168,721,0.0,0.0,100.0,
EURGBP,fade3.0/20 h8 L,30,75,hold,49.404761904761905,168,202,0.0,0.0,100.0,
EURGBP,fade3.0/20 h8 L,30,100,design,49.404761904761905,168,721,0.0,0.0,100.0,
EURGBP,fade3.0/20 h8 L,30,100,hold,49.404761904761905,168,202,0.0,0.0,100.0,
EURGBP,fade3.0/20 h8 L,30,125,design,49.404761904761905,168,721,0.0,0.0,100.0,
EURGBP,fade3.0/20 h8 L,30,125,hold,49.404761904761905,168,202,0.0,0.0,100.0,
EURGBP,fade3.0/20 h8 L,30,150,design,49.404761904761905,168,721,0.0,0.0,100.0,
EURGBP,fade3.0/20 h8 L,30,150,hold,49.404761904761905,168,202,0.0,0.0,100.0,
EURGBP,fade3.0/20 h8 L,30,200,design,49.404761904761905,168,721,0.9708737864077669,0.0,99.02912621359224,20.791666666666668
EURGBP,fade3.0/20 h8 L,30,200,hold,49.404761904761905,168,202,0.0,0.0,100.0,
EURGBP,fade3.0/20 h8 L,60,50,design,49.404761904761905,168,721,0.0,0.0,100.0,
EURGBP,fade3.0/20 h8 L,60,50,hold,49.404761904761905,168,192,0.0,0.0,100.0,
EURGBP,fade3.0/20 h8 L,60,75,design,49.404761904761905,168,721,0.0,0.0,100.0,
EURGBP,fade3.0/20 h8 L,60,75,hold,49.404761904761905,168,192,0.0,0.0,100.0,
EURGBP,fade3.0/20 h8 L,60,100,design,49.404761904761905,168,721,0.0,0.0,100.0,
EURGBP,fade3.0/20 h8 L,60,100,hold,49.404761904761905,168,192,0.0,0.0,100.0,
EURGBP,fade3.0/20 h8 L,60,125,design,49.404761904761905,168,721,0.0,0.0,100.0,
EURGBP,fade3.0/20 h8 L,60,125,hold,49.404761904761905,168,192,0.0,0.0,100.0,
EURGBP,fade3.0/20 h8 L,60,150,design,49.404761904761905,168,721,0.6934812760055479,0.0,99.30651872399446,48.666666666666664
EURGBP,fade3.0/20 h8 L,60,150,hold,49.404761904761905,168,192,0.0,0.0,100.0,
EURGBP,fade3.0/20 h8 L,60,200,design,49.404761904761905,168,721,2.6352288488210815,0.0,97.36477115117891,34.666666666666664
EURGBP,fade3.0/20 h8 L,60,200,hold,49.404761904761905,168,192,0.0,0.0,100.0,
EURGBP,fade3.0/20 h8 L,90,50,design,49.404761904761905,168,721,0.0,0.0,100.0,
EURGBP,fade3.0/20 h8 L,90,50,hold,49.404761904761905,168,182,0.0,0.0,100.0,
EURGBP,fade3.0/20 h8 L,90,75,design,49.404761904761905,168,721,0.0,0.0,100.0,
EURGBP,fade3.0/20 h8 L,90,75,hold,49.404761904761905,168,182,0.0,0.0,100.0,
EURGBP,fade3.0/20 h8 L,90,100,design,49.404761904761905,168,721,0.0,0.0,100.0,
EURGBP,fade3.0/20 h8 L,90,100,hold,49.404761904761905,168,182,0.0,0.0,100.0,
EURGBP,fade3.0/20 h8 L,90,125,design,49.404761904761905,168,721,0.27739251040221913,0.0,99.72260748959778,87.20833333333333
EURGBP,fade3.0/20 h8 L,90,125,hold,49.404761904761905,168,182,0.0,0.0,100.0,
EURGBP,fade3.0/20 h8 L,90,150,design,49.404761904761905,168,721,2.219140083217753,0.0,97.78085991678225,69.20833333333333
EURGBP,fade3.0/20 h8 L,90,150,hold,49.404761904761905,168,182,0.0,0.0,100.0,
EURGBP,fade3.0/20 h8 L,90,200,design,49.404761904761905,168,721,4.0221914008321775,0.0,95.97780859916783,46.666666666666664
EURGBP,fade3.0/20 h8 L,90,200,hold,49.404761904761905,168,182,0.0,0.0,100.0,
EURGBP,fade3.0/20 h8 L,365,50,design,49.404761904761905,168,721,0.0,0.0,100.0,
EURGBP,fade3.0/20 h8 L,365,50,hold,49.404761904761905,168,122,0.0,0.0,100.0,
EURGBP,fade3.0/20 h8 L,365,75,design,49.404761904761905,168,721,0.0,0.0,100.0,
EURGBP,fade3.0/20 h8 L,365,75,hold,49.404761904761905,168,122,0.0,0.0,100.0,
EURGBP,fade3.0/20 h8 L,365,100,design,49.404761904761905,168,721,0.0,0.0,100.0,
EURGBP,fade3.0/20 h8 L,365,100,hold,49.404761904761905,168,122,0.0,0.0,100.0,
EURGBP,fade3.0/20 h8 L,365,125,design,49.404761904761905,168,721,10.263522884882107,0.0,89.73647711511789,207.20833333333334
EURGBP,fade3.0/20 h8 L,365,125,hold,49.404761904761905,168,122,0.0,0.0,100.0,
EURGBP,fade3.0/20 h8 L,365,150,design,49.404761904761905,168,721,15.117891816920942,0.0,84.88210818307905,185.75
EURGBP,fade3.0/20 h8 L,365,150,hold,49.404761904761905,168,122,0.0,0.0,100.0,
EURGBP,fade3.0/20 h8 L,365,200,design,49.404761904761905,168,721,20.249653259361995,12.066574202496533,67.68377253814147,201.75
EURGBP,fade3.0/20 h8 L,365,200,hold,49.404761904761905,168,122,0.819672131147541,0.0,99.18032786885246,333.9583333333333
EURGBP,fade2.5/25 h4 L,30,50,design,45.89041095890411,584,721,0.0,0.0,100.0,
EURGBP,fade2.5/25 h4 L,30,50,hold,45.89041095890411,584,202,0.0,0.0,100.0,
EURGBP,fade2.5/25 h4 L,30,75,design,45.89041095890411,584,721,0.0,0.0,100.0,
EURGBP,fade2.5/25 h4 L,30,75,hold,45.89041095890411,584,202,0.0,0.0,100.0,
EURGBP,fade2.5/25 h4 L,30,100,design,45.89041095890411,584,721,0.0,0.0,100.0,
EURGBP,fade2.5/25 h4 L,30,100,hold,45.89041095890411,584,202,0.0,0.0,100.0,
EURGBP,fade2.5/25 h4 L,30,125,design,45.89041095890411,584,721,0.0,0.0,100.0,
EURGBP,fade2.5/25 h4 L,30,125,hold,45.89041095890411,584,202,0.0,0.0,100.0,
EURGBP,fade2.5/25 h4 L,30,150,design,45.89041095890411,584,721,0.13869625520110956,0.0,99.86130374479889,16.5
EURGBP,fade2.5/25 h4 L,30,150,hold,45.89041095890411,584,202,0.0,0.0,100.0,
EURGBP,fade2.5/25 h4 L,30,200,design,45.89041095890411,584,721,1.1095700416088765,0.0,98.89042995839112,18.041666666666668
EURGBP,fade2.5/25 h4 L,30,200,hold,45.89041095890411,584,202,0.0,0.0,100.0,
EURGBP,fade2.5/25 h4 L,60,50,design,45.89041095890411,584,721,0.0,0.0,100.0,
EURGBP,fade2.5/25 h4 L,60,50,hold,45.89041095890411,584,192,0.0,0.0,100.0,
EURGBP,fade2.5/25 h4 L,60,75,design,45.89041095890411,584,721,0.0,0.0,100.0,
EURGBP,fade2.5/25 h4 L,60,75,hold,45.89041095890411,584,192,0.0,0.0,100.0,
EURGBP,fade2.5/25 h4 L,60,100,design,45.89041095890411,584,721,0.0,0.0,100.0,
EURGBP,fade2.5/25 h4 L,60,100,hold,45.89041095890411,584,192,0.0,0.0,100.0,
EURGBP,fade2.5/25 h4 L,60,125,design,45.89041095890411,584,721,0.0,0.0,100.0,
EURGBP,fade2.5/25 h4 L,60,125,hold,45.89041095890411,584,192,0.0,0.0,100.0,
EURGBP,fade2.5/25 h4 L,60,150,design,45.89041095890411,584,721,0.13869625520110956,0.0,99.86130374479889,16.5
EURGBP,fade2.5/25 h4 L,60,150,hold,45.89041095890411,584,192,0.0,0.0,100.0,
EURGBP,fade2.5/25 h4 L,60,200,design,45.89041095890411,584,721,1.6643550624133148,1.5256588072122053,96.80998613037448,24.041666666666668
EURGBP,fade2.5/25 h4 L,60,200,hold,45.89041095890411,584,192,0.0,0.0,100.0,
EURGBP,fade2.5/25 h4 L,90,50,design,45.89041095890411,584,721,0.0,0.0,100.0,
EURGBP,fade2.5/25 h4 L,90,50,hold,45.89041095890411,584,182,0.0,0.0,100.0,
EURGBP,fade2.5/25 h4 L,90,75,design,45.89041095890411,584,721,0.0,0.0,100.0,
EURGBP,fade2.5/25 h4 L,90,75,hold,45.89041095890411,584,182,0.0,0.0,100.0,
EURGBP,fade2.5/25 h4 L,90,100,design,45.89041095890411,584,721,0.0,0.0,100.0,
EURGBP,fade2.5/25 h4 L,90,100,hold,45.89041095890411,584,182,0.0,0.0,100.0,
EURGBP,fade2.5/25 h4 L,90,125,design,45.89041095890411,584,721,0.0,0.0,100.0,
EURGBP,fade2.5/25 h4 L,90,125,hold,45.89041095890411,584,182,0.0,0.0,100.0,
EURGBP,fade2.5/25 h4 L,90,150,design,45.89041095890411,584,721,0.6934812760055479,0.0,99.30651872399446,82.54166666666667
EURGBP,fade2.5/25 h4 L,90,150,hold,45.89041095890411,584,182,0.0,0.0,100.0,
EURGBP,fade2.5/25 h4 L,90,200,design,45.89041095890411,584,721,4.2995839112343965,8.737864077669903,86.9625520110957,69.5
EURGBP,fade2.5/25 h4 L,90,200,hold,45.89041095890411,584,182,0.0,0.0,100.0,
EURGBP,fade2.5/25 h4 L,365,50,design,45.89041095890411,584,721,0.0,0.0,100.0,
EURGBP,fade2.5/25 h4 L,365,50,hold,45.89041095890411,584,122,0.0,0.0,100.0,
EURGBP,fade2.5/25 h4 L,365,75,design,45.89041095890411,584,721,0.8321775312066574,0.0,99.16782246879335,357.2916666666667
EURGBP,fade2.5/25 h4 L,365,75,hold,45.89041095890411,584,122,0.0,0.0,100.0,
EURGBP,fade2.5/25 h4 L,365,100,design,45.89041095890411,584,721,6.102635228848821,0.0,93.89736477115119,329.02083333333337
EURGBP,fade2.5/25 h4 L,365,100,hold,45.89041095890411,584,122,0.0,0.0,100.0,
EURGBP,fade2.5/25 h4 L,365,125,design,45.89041095890411,584,721,15.950069348127602,4.5769764216366156,79.47295423023579,258.5
EURGBP,fade2.5/25 h4 L,365,125,hold,45.89041095890411,584,122,0.0,49.18032786885246,50.81967213114754,
EURGBP,fade2.5/25 h4 L,365,150,design,45.89041095890411,584,721,25.381414701803052,13.176144244105409,61.44244105409153,246.5
EURGBP,fade2.5/25 h4 L,365,150,hold,45.89041095890411,584,122,0.0,86.0655737704918,13.934426229508196,
EURGBP,fade2.5/25 h4 L,365,200,design,45.89041095890411,584,721,40.49930651872399,47.57281553398058,11.927877947295423,182.5
EURGBP,fade2.5/25 h4 L,365,200,hold,45.89041095890411,584,122,0.0,100.0,0.0,
EURGBP,fade2.5/25 h8 L,30,50,design,45.29616724738676,574,721,0.0,0.0,100.0,
EURGBP,fade2.5/25 h8 L,30,50,hold,45.29616724738676,574,202,0.0,0.0,100.0,
EURGBP,fade2.5/25 h8 L,30,75,design,45.29616724738676,574,721,0.0,0.0,100.0,
EURGBP,fade2.5/25 h8 L,30,75,hold,45.29616724738676,574,202,0.0,0.0,100.0,
EURGBP,fade2.5/25 h8 L,30,100,design,45.29616724738676,574,721,0.0,0.0,100.0,
EURGBP,fade2.5/25 h8 L,30,100,hold,45.29616724738676,574,202,0.0,0.0,100.0,
EURGBP,fade2.5/25 h8 L,30,125,design,45.29616724738676,574,721,0.9708737864077669,0.0,99.02912621359224,23.666666666666668
EURGBP,fade2.5/25 h8 L,30,125,hold,45.29616724738676,574,202,0.0,0.0,100.0,
EURGBP,fade2.5/25 h8 L,30,150,design,45.29616724738676,574,721,1.1095700416088765,0.0,98.89042995839112,19.166666666666668
EURGBP,fade2.5/25 h8 L,30,150,hold,45.29616724738676,574,202,0.0,0.0,100.0,
EURGBP,fade2.5/25 h8 L,30,200,design,45.29616724738676,574,721,1.3869625520110958,0.0,98.6130374479889,16.166666666666668
EURGBP,fade2.5/25 h8 L,30,200,hold,45.29616724738676,574,202,0.0,4.9504950495049505,95.04950495049505,
EURGBP,fade2.5/25 h8 L,60,50,design,45.29616724738676,574,721,0.0,0.0,100.0,
EURGBP,fade2.5/25 h8 L,60,50,hold,45.29616724738676,574,192,0.0,0.0,100.0,
EURGBP,fade2.5/25 h8 L,60,75,design,45.29616724738676,574,721,0.0,0.0,100.0,
EURGBP,fade2.5/25 h8 L,60,75,hold,45.29616724738676,574,192,0.0,0.0,100.0,
EURGBP,fade2.5/25 h8 L,60,100,design,45.29616724738676,574,721,0.0,0.0,100.0,
EURGBP,fade2.5/25 h8 L,60,100,hold,45.29616724738676,574,192,0.0,0.0,100.0,
EURGBP,fade2.5/25 h8 L,60,125,design,45.29616724738676,574,721,1.248266296809986,0.0,98.75173370319001,25.708333333333332
EURGBP,fade2.5/25 h8 L,60,125,hold,45.29616724738676,574,192,0.0,0.0,100.0,
EURGBP,fade2.5/25 h8 L,60,150,design,45.29616724738676,574,721,1.8030513176144243,0.0,98.19694868238558,26.666666666666668
EURGBP,fade2.5/25 h8 L,60,150,hold,45.29616724738676,574,192,0.0,0.0,100.0,
EURGBP,fade2.5/25 h8 L,60,200,design,45.29616724738676,574,721,3.744798890429958,1.6643550624133148,94.59084604715673,38.666666666666664
EURGBP,fade2.5/25 h8 L,60,200,hold,45.29616724738676,574,192,0.0,10.416666666666668,89.58333333333334,
EURGBP,fade2.5/25 h8 L,90,50,design,45.29616724738676,574,721,0.0,0.0,100.0,
EURGBP,fade2.5/25 h8 L,90,50,hold,45.29616724738676,574,182,0.0,0.0,100.0,
EURGBP,fade2.5/25 h8 L,90,75,design,45.29616724738676,574,721,0.0,0.0,100.0,
EURGBP,fade2.5/25 h8 L,90,75,hold,45.29616724738676,574,182,0.0,0.0,100.0,
EURGBP,fade2.5/25 h8 L,90,100,design,45.29616724738676,574,721,0.13869625520110956,0.0,99.86130374479889,88.91666666666667
EURGBP,fade2.5/25 h8 L,90,100,hold,45.29616724738676,574,182,0.0,0.0,100.0,
EURGBP,fade2.5/25 h8 L,90,125,design,45.29616724738676,574,721,2.0804438280166435,0.0,97.91955617198336,37.708333333333336
EURGBP,fade2.5/25 h8 L,90,125,hold,45.29616724738676,574,182,0.0,0.0,100.0,
EURGBP,fade2.5/25 h8 L,90,150,design,45.29616724738676,574,721,3.744798890429958,1.9417475728155338,94.31345353675451,61.708333333333336
EURGBP,fade2.5/25 h8 L,90,150,hold,45.29616724738676,574,182,0.0,0.0,100.0,
EURGBP,fade2.5/25 h8 L,90,200,design,45.29616724738676,574,721,7.766990291262135,10.818307905686545,81.41470180305132,62.1875
EURGBP,fade2.5/25 h8 L,90,200,hold,45.29616724738676,574,182,0.0,24.725274725274726,75.27472527472527,
EURGBP,fade2.5/25 h8 L,365,50,design,45.29616724738676,574,721,0.0,0.0,100.0,
EURGBP,fade2.5/25 h8 L,365,50,hold,45.29616724738676,574,122,0.0,0.0,100.0,
EURGBP,fade2.5/25 h8 L,365,75,design,45.29616724738676,574,721,2.7739251040221915,0.0,97.2260748959778,324.3125
EURGBP,fade2.5/25 h8 L,365,75,hold,45.29616724738676,574,122,0.0,0.0,100.0,
EURGBP,fade2.5/25 h8 L,365,100,design,45.29616724738676,574,721,12.343966712898752,27.877947295423024,59.77808599167822,241.91666666666666
EURGBP,fade2.5/25 h8 L,365,100,hold,45.29616724738676,574,122,0.0,0.819672131147541,99.18032786885246,
EURGBP,fade2.5/25 h8 L,365,125,design,45.29616724738676,574,721,14.147018030513175,34.535367545076284,51.31761442441054,197.375
EURGBP,fade2.5/25 h8 L,365,125,hold,45.29616724738676,574,122,0.0,48.36065573770492,51.63934426229508,
EURGBP,fade2.5/25 h8 L,365,150,design,45.29616724738676,574,721,15.950069348127602,53.12066574202496,30.929264909847433,178.70833333333334
EURGBP,fade2.5/25 h8 L,365,150,hold,45.29616724738676,574,122,0.0,66.39344262295081,33.60655737704918,
EURGBP,fade2.5/25 h8 L,365,200,design,45.29616724738676,574,721,22.88488210818308,70.45769764216367,6.657420249653259,143.58333333333334
EURGBP,fade2.5/25 h8 L,365,200,hold,45.29616724738676,574,122,0.0,100.0,0.0,
EURGBP,mom rsi70 h8,30,50,design,42.8099173553719,605,721,0.0,0.0,100.0,
EURGBP,mom rsi70 h8,30,50,hold,42.8099173553719,605,202,0.0,0.0,100.0,
EURGBP,mom rsi70 h8,30,75,design,42.8099173553719,605,721,0.0,0.0,100.0,
EURGBP,mom rsi70 h8,30,75,hold,42.8099173553719,605,202,0.0,0.0,100.0,
EURGBP,mom rsi70 h8,30,100,design,42.8099173553719,605,721,0.0,0.0,100.0,
EURGBP,mom rsi70 h8,30,100,hold,42.8099173553719,605,202,0.0,0.0,100.0,
EURGBP,mom rsi70 h8,30,125,design,42.8099173553719,605,721,1.248266296809986,0.0,98.75173370319001,22.625
EURGBP,mom rsi70 h8,30,125,hold,42.8099173553719,605,202,0.0,0.0,100.0,
EURGBP,mom rsi70 h8,30,150,design,42.8099173553719,605,721,1.9417475728155338,0.0,98.05825242718447,21.208333333333336
EURGBP,mom rsi70 h8,30,150,hold,42.8099173553719,605,202,0.0,0.0,100.0,
EURGBP,mom rsi70 h8,30,200,design,42.8099173553719,605,721,3.6061026352288486,0.8321775312066574,95.5617198335645,16.625
EURGBP,mom rsi70 h8,30,200,hold,42.8099173553719,605,202,0.0,0.0,100.0,
EURGBP,mom rsi70 h8,60,50,design,42.8099173553719,605,721,0.0,0.0,100.0,
EURGBP,mom rsi70 h8,60,50,hold,42.8099173553719,605,192,0.0,0.0,100.0,
EURGBP,mom rsi70 h8,60,75,design,42.8099173553719,605,721,0.0,0.0,100.0,
EURGBP,mom rsi70 h8,60,75,hold,42.8099173553719,605,192,0.0,0.0,100.0,
EURGBP,mom rsi70 h8,60,100,design,42.8099173553719,605,721,0.4160887656033287,0.0,99.58391123439667,39.791666666666664
EURGBP,mom rsi70 h8,60,100,hold,42.8099173553719,605,192,0.0,0.0,100.0,
EURGBP,mom rsi70 h8,60,125,design,42.8099173553719,605,721,3.19001386962552,0.0,96.80998613037448,33.791666666666664
EURGBP,mom rsi70 h8,60,125,hold,42.8099173553719,605,192,0.0,0.0,100.0,
EURGBP,mom rsi70 h8,60,150,design,42.8099173553719,605,721,4.0221914008321775,0.13869625520110956,95.83911234396672,30.791666666666668
EURGBP,mom rsi70 h8,60,150,hold,42.8099173553719,605,192,0.0,0.0,100.0,
EURGBP,mom rsi70 h8,60,200,design,42.8099173553719,605,721,6.51872399445215,9.015256588072122,84.46601941747572,26.625
EURGBP,mom rsi70 h8,60,200,hold,42.8099173553719,605,192,0.0,0.0,100.0,
EURGBP,mom rsi70 h8,90,50,design,42.8099173553719,605,721,0.0,0.0,100.0,
EURGBP,mom rsi70 h8,90,50,hold,42.8099173553719,605,182,0.0,0.0,100.0,
EURGBP,mom rsi70 h8,90,75,design,42.8099173553719,605,721,0.0,0.0,100.0,
EURGBP,mom rsi70 h8,90,75,hold,42.8099173553719,605,182,0.0,0.0,100.0,
EURGBP,mom rsi70 h8,90,100,design,42.8099173553719,605,721,0.4160887656033287,0.0,99.58391123439667,39.791666666666664
EURGBP,mom rsi70 h8,90,100,hold,42.8099173553719,605,182,0.0,0.0,100.0,
EURGBP,mom rsi70 h8,90,125,design,42.8099173553719,605,721,3.467406380027739,0.0,96.53259361997226,34.625
EURGBP,mom rsi70 h8,90,125,hold,42.8099173553719,605,182,0.0,0.0,100.0,
EURGBP,mom rsi70 h8,90,150,design,42.8099173553719,605,721,5.547850208044383,8.183079056865465,86.26907073509015,39.625
EURGBP,mom rsi70 h8,90,150,hold,42.8099173553719,605,182,0.0,0.0,100.0,
EURGBP,mom rsi70 h8,90,200,design,42.8099173553719,605,721,9.70873786407767,20.665742024965326,69.62552011095701,42.625
EURGBP,mom rsi70 h8,90,200,hold,42.8099173553719,605,182,0.0,0.0,100.0,
EURGBP,mom rsi70 h8,365,50,design,42.8099173553719,605,721,0.0,1.1095700416088765,98.89042995839112,
EURGBP,mom rsi70 h8,365,50,hold,42.8099173553719,605,122,0.0,0.0,100.0,
EURGBP,mom rsi70 h8,365,75,design,42.8099173553719,605,721,0.4160887656033287,23.994452149791957,75.58945908460471,249.79166666666666
EURGBP,mom rsi70 h8,365,75,hold,42.8099173553719,605,122,0.0,0.0,100.0,
EURGBP,mom rsi70 h8,365,100,design,42.8099173553719,605,721,2.6352288488210815,35.92233009708738,61.44244105409153,242.625
EURGBP,mom rsi70 h8,365,100,hold,42.8099173553719,605,122,0.0,0.0,100.0,
EURGBP,mom rsi70 h8,365,125,design,42.8099173553719,605,721,6.2413314840499305,47.988904299583915,45.76976421636616,57.791666666666664
EURGBP,mom rsi70 h8,365,125,hold,42.8099173553719,605,122,0.0,0.0,100.0,
EURGBP,mom rsi70 h8,365,150,design,42.8099173553719,605,721,10.540915395284326,56.72676837725381,32.73231622746186,83.29166666666667
EURGBP,mom rsi70 h8,365,150,hold,42.8099173553719,605,122,0.0,28.688524590163933,71.31147540983606,
EURGBP,mom rsi70 h8,365,200,design,42.8099173553719,605,721,20.110957004160888,66.15811373092927,13.730929264909847,98.625
EURGBP,mom rsi70 h8,365,200,hold,42.8099173553719,605,122,0.0,68.85245901639344,31.147540983606557,
EURGBP,mom rsi75 h8,30,50,design,39.59731543624161,298,721,0.0,0.0,100.0,
EURGBP,mom rsi75 h8,30,50,hold,39.59731543624161,298,202,0.0,0.0,100.0,
EURGBP,mom rsi75 h8,30,75,design,39.59731543624161,298,721,0.0,0.0,100.0,
EURGBP,mom rsi75 h8,30,75,hold,39.59731543624161,298,202,0.0,0.0,100.0,
EURGBP,mom rsi75 h8,30,100,design,39.59731543624161,298,721,0.0,0.0,100.0,
EURGBP,mom rsi75 h8,30,100,hold,39.59731543624161,298,202,0.0,0.0,100.0,
EURGBP,mom rsi75 h8,30,125,design,39.59731543624161,298,721,0.0,0.0,100.0,
EURGBP,mom rsi75 h8,30,125,hold,39.59731543624161,298,202,0.0,0.0,100.0,
EURGBP,mom rsi75 h8,30,150,design,39.59731543624161,298,721,0.8321775312066574,0.0,99.16782246879335,21.125
EURGBP,mom rsi75 h8,30,150,hold,39.59731543624161,298,202,0.0,0.0,100.0,
EURGBP,mom rsi75 h8,30,200,design,39.59731543624161,298,721,1.8030513176144243,0.0,98.19694868238558,17.625
EURGBP,mom rsi75 h8,30,200,hold,39.59731543624161,298,202,0.0,0.0,100.0,
EURGBP,mom rsi75 h8,60,50,design,39.59731543624161,298,721,0.0,0.0,100.0,
EURGBP,mom rsi75 h8,60,50,hold,39.59731543624161,298,192,0.0,0.0,100.0,
EURGBP,mom rsi75 h8,60,75,design,39.59731543624161,298,721,0.0,0.0,100.0,
EURGBP,mom rsi75 h8,60,75,hold,39.59731543624161,298,192,0.0,0.0,100.0,
EURGBP,mom rsi75 h8,60,100,design,39.59731543624161,298,721,0.0,0.0,100.0,
EURGBP,mom rsi75 h8,60,100,hold,39.59731543624161,298,192,0.0,0.0,100.0,
EURGBP,mom rsi75 h8,60,125,design,39.59731543624161,298,721,0.8321775312066574,0.0,99.16782246879335,51.125
EURGBP,mom rsi75 h8,60,125,hold,39.59731543624161,298,192,0.0,0.0,100.0,
EURGBP,mom rsi75 h8,60,150,design,39.59731543624161,298,721,2.219140083217753,0.0,97.78085991678225,36.125
EURGBP,mom rsi75 h8,60,150,hold,39.59731543624161,298,192,0.0,0.0,100.0,
EURGBP,mom rsi75 h8,60,200,design,39.59731543624161,298,721,3.467406380027739,0.0,96.53259361997226,28.625
EURGBP,mom rsi75 h8,60,200,hold,39.59731543624161,298,192,0.0,0.0,100.0,
EURGBP,mom rsi75 h8,90,50,design,39.59731543624161,298,721,0.0,0.0,100.0,
EURGBP,mom rsi75 h8,90,50,hold,39.59731543624161,298,182,0.0,0.0,100.0,
EURGBP,mom rsi75 h8,90,75,design,39.59731543624161,298,721,0.0,0.0,100.0,
EURGBP,mom rsi75 h8,90,75,hold,39.59731543624161,298,182,0.0,0.0,100.0,
EURGBP,mom rsi75 h8,90,100,design,39.59731543624161,298,721,0.0,0.0,100.0,
EURGBP,mom rsi75 h8,90,100,hold,39.59731543624161,298,182,0.0,0.0,100.0,
EURGBP,mom rsi75 h8,90,125,design,39.59731543624161,298,721,0.8321775312066574,0.0,99.16782246879335,51.125
EURGBP,mom rsi75 h8,90,125,hold,39.59731543624161,298,182,0.0,0.0,100.0,
EURGBP,mom rsi75 h8,90,150,design,39.59731543624161,298,721,2.6352288488210815,0.0,97.36477115117891,40.625
EURGBP,mom rsi75 h8,90,150,hold,39.59731543624161,298,182,0.0,0.0,100.0,
EURGBP,mom rsi75 h8,90,200,design,39.59731543624161,298,721,5.9639389736477115,0.6934812760055479,93.34257975034674,55.041666666666664
EURGBP,mom rsi75 h8,90,200,hold,39.59731543624161,298,182,0.0,0.0,100.0,
EURGBP,mom rsi75 h8,365,50,design,39.59731543624161,298,721,0.0,0.0,100.0,
EURGBP,mom rsi75 h8,365,50,hold,39.59731543624161,298,122,0.0,0.0,100.0,
EURGBP,mom rsi75 h8,365,75,design,39.59731543624161,298,721,0.0,0.0,100.0,
EURGBP,mom rsi75 h8,365,75,hold,39.59731543624161,298,122,0.0,0.0,100.0,
EURGBP,mom rsi75 h8,365,100,design,39.59731543624161,298,721,0.8321775312066574,0.0,99.16782246879335,265.125
EURGBP,mom rsi75 h8,365,100,hold,39.59731543624161,298,122,0.0,0.0,100.0,
EURGBP,mom rsi75 h8,365,125,design,39.59731543624161,298,721,3.0513176144244105,4.993065187239944,91.95561719833564,235.125
EURGBP,mom rsi75 h8,365,125,hold,39.59731543624161,298,122,0.0,0.0,100.0,
EURGBP,mom rsi75 h8,365,150,design,39.59731543624161,298,721,3.744798890429958,16.50485436893204,79.750346740638,52.625
EURGBP,mom rsi75 h8,365,150,hold,39.59731543624161,298,122,0.0,0.0,100.0,
EURGBP,mom rsi75 h8,365,200,design,39.59731543624161,298,721,8.044382801664355,38.55755894590846,53.398058252427184,65.83333333333334
EURGBP,mom rsi75 h8,365,200,hold,39.59731543624161,298,122,0.0,57.377049180327866,42.62295081967213,
EURJPY,fade3.0/20 h4,30,50,design,46.875,256,721,0.0,0.0,100.0,
EURJPY,fade3.0/20 h4,30,50,hold,46.875,256,200,0.0,0.0,100.0,
EURJPY,fade3.0/20 h4,30,75,design,46.875,256,721,0.0,0.0,100.0,
EURJPY,fade3.0/20 h4,30,75,hold,46.875,256,200,0.0,0.0,100.0,
EURJPY,fade3.0/20 h4,30,100,design,46.875,256,721,0.0,0.0,100.0,
EURJPY,fade3.0/20 h4,30,100,hold,46.875,256,200,0.0,0.0,100.0,
EURJPY,fade3.0/20 h4,30,125,design,46.875,256,721,0.0,0.0,100.0,
EURJPY,fade3.0/20 h4,30,125,hold,46.875,256,200,0.0,0.0,100.0,
EURJPY,fade3.0/20 h4,30,150,design,46.875,256,721,0.0,0.0,100.0,
EURJPY,fade3.0/20 h4,30,150,hold,46.875,256,200,0.0,0.0,100.0,
EURJPY,fade3.0/20 h4,30,200,design,46.875,256,721,0.0,0.0,100.0,
EURJPY,fade3.0/20 h4,30,200,hold,46.875,256,200,0.0,0.0,100.0,
EURJPY,fade3.0/20 h4,60,50,design,46.875,256,721,0.0,0.0,100.0,
EURJPY,fade3.0/20 h4,60,50,hold,46.875,256,190,0.0,0.0,100.0,
EURJPY,fade3.0/20 h4,60,75,design,46.875,256,721,0.0,0.0,100.0,
EURJPY,fade3.0/20 h4,60,75,hold,46.875,256,190,0.0,0.0,100.0,
EURJPY,fade3.0/20 h4,60,100,design,46.875,256,721,0.0,0.0,100.0,
EURJPY,fade3.0/20 h4,60,100,hold,46.875,256,190,0.0,0.0,100.0,
EURJPY,fade3.0/20 h4,60,125,design,46.875,256,721,0.0,0.0,100.0,
EURJPY,fade3.0/20 h4,60,125,hold,46.875,256,190,0.0,0.0,100.0,
EURJPY,fade3.0/20 h4,60,150,design,46.875,256,721,0.0,0.0,100.0,
EURJPY,fade3.0/20 h4,60,150,hold,46.875,256,190,0.0,0.0,100.0,
EURJPY,fade3.0/20 h4,60,200,design,46.875,256,721,0.0,0.0,100.0,
EURJPY,fade3.0/20 h4,60,200,hold,46.875,256,190,0.0,0.0,100.0,
EURJPY,fade3.0/20 h4,90,50,design,46.875,256,721,0.0,0.0,100.0,
EURJPY,fade3.0/20 h4,90,50,hold,46.875,256,180,0.0,0.0,100.0,
EURJPY,fade3.0/20 h4,90,75,design,46.875,256,721,0.0,0.0,100.0,
EURJPY,fade3.0/20 h4,90,75,hold,46.875,256,180,0.0,0.0,100.0,
EURJPY,fade3.0/20 h4,90,100,design,46.875,256,721,0.0,0.0,100.0,
EURJPY,fade3.0/20 h4,90,100,hold,46.875,256,180,0.0,0.0,100.0,
EURJPY,fade3.0/20 h4,90,125,design,46.875,256,721,0.0,0.0,100.0,
EURJPY,fade3.0/20 h4,90,125,hold,46.875,256,180,0.0,0.0,100.0,
EURJPY,fade3.0/20 h4,90,150,design,46.875,256,721,0.0,0.0,100.0,
EURJPY,fade3.0/20 h4,90,150,hold,46.875,256,180,0.0,0.0,100.0,
EURJPY,fade3.0/20 h4,90,200,design,46.875,256,721,0.9708737864077669,1.3869625520110958,97.64216366158114,80.375
EURJPY,fade3.0/20 h4,90,200,hold,46.875,256,180,0.0,0.0,100.0,
EURJPY,fade3.0/20 h4,365,50,design,46.875,256,721,0.0,0.0,100.0,
EURJPY,fade3.0/20 h4,365,50,hold,46.875,256,120,0.0,0.0,100.0,
EURJPY,fade3.0/20 h4,365,75,design,46.875,256,721,0.0,0.0,100.0,
EURJPY,fade3.0/20 h4,365,75,hold,46.875,256,120,0.0,0.0,100.0,
EURJPY,fade3.0/20 h4,365,100,design,46.875,256,721,0.0,0.0,100.0,
EURJPY,fade3.0/20 h4,365,100,hold,46.875,256,120,0.0,0.0,100.0,
EURJPY,fade3.0/20 h4,365,125,design,46.875,256,721,0.0,0.0,100.0,
EURJPY,fade3.0/20 h4,365,125,hold,46.875,256,120,0.0,0.0,100.0,
EURJPY,fade3.0/20 h4,365,150,design,46.875,256,721,4.438280166435506,10.402219140083217,85.15950069348128,298.97916666666663
EURJPY,fade3.0/20 h4,365,150,hold,46.875,256,120,0.0,0.0,100.0,
EURJPY,fade3.0/20 h4,365,200,design,46.875,256,721,15.811373092926493,30.374479889042995,53.81414701803051,241.5625
EURJPY,fade3.0/20 h4,365,200,hold,46.875,256,120,0.0,0.0,100.0,
EURJPY,fade3.0/20 h8,30,50,design,47.24409448818898,254,721,0.0,0.0,100.0,
EURJPY,fade3.0/20 h8,30,50,hold,47.24409448818898,254,200,0.0,0.0,100.0,
EURJPY,fade3.0/20 h8,30,75,design,47.24409448818898,254,721,0.0,0.0,100.0,
EURJPY,fade3.0/20 h8,30,75,hold,47.24409448818898,254,200,0.0,0.0,100.0,
EURJPY,fade3.0/20 h8,30,100,design,47.24409448818898,254,721,0.0,0.0,100.0,
EURJPY,fade3.0/20 h8,30,100,hold,47.24409448818898,254,200,0.0,0.0,100.0,
EURJPY,fade3.0/20 h8,30,125,design,47.24409448818898,254,721,0.0,0.0,100.0,
EURJPY,fade3.0/20 h8,30,125,hold,47.24409448818898,254,200,0.0,0.0,100.0,
EURJPY,fade3.0/20 h8,30,150,design,47.24409448818898,254,721,0.0,0.0,100.0,
EURJPY,fade3.0/20 h8,30,150,hold,47.24409448818898,254,200,0.0,0.0,100.0,
EURJPY,fade3.0/20 h8,30,200,design,47.24409448818898,254,721,0.5547850208044383,0.0,99.44521497919555,16.125
EURJPY,fade3.0/20 h8,30,200,hold,47.24409448818898,254,200,0.0,0.0,100.0,
EURJPY,fade3.0/20 h8,60,50,design,47.24409448818898,254,721,0.0,0.0,100.0,
EURJPY,fade3.0/20 h8,60,50,hold,47.24409448818898,254,190,0.0,0.0,100.0,
EURJPY,fade3.0/20 h8,60,75,design,47.24409448818898,254,721,0.0,0.0,100.0,
EURJPY,fade3.0/20 h8,60,75,hold,47.24409448818898,254,190,0.0,0.0,100.0,
EURJPY,fade3.0/20 h8,60,100,design,47.24409448818898,254,721,0.0,0.0,100.0,
EURJPY,fade3.0/20 h8,60,100,hold,47.24409448818898,254,190,0.0,0.0,100.0,
EURJPY,fade3.0/20 h8,60,125,design,47.24409448818898,254,721,0.0,0.0,100.0,
EURJPY,fade3.0/20 h8,60,125,hold,47.24409448818898,254,190,0.0,0.0,100.0,
EURJPY,fade3.0/20 h8,60,150,design,47.24409448818898,254,721,0.0,0.0,100.0,
EURJPY,fade3.0/20 h8,60,150,hold,47.24409448818898,254,190,0.0,0.0,100.0,
EURJPY,fade3.0/20 h8,60,200,design,47.24409448818898,254,721,1.9417475728155338,0.0,98.05825242718447,43.270833333333336
EURJPY,fade3.0/20 h8,60,200,hold,47.24409448818898,254,190,0.0,0.0,100.0,
EURJPY,fade3.0/20 h8,90,50,design,47.24409448818898,254,721,0.0,0.0,100.0,
EURJPY,fade3.0/20 h8,90,50,hold,47.24409448818898,254,180,0.0,0.0,100.0,
EURJPY,fade3.0/20 h8,90,75,design,47.24409448818898,254,721,0.0,0.0,100.0,
EURJPY,fade3.0/20 h8,90,75,hold,47.24409448818898,254,180,0.0,0.0,100.0,
EURJPY,fade3.0/20 h8,90,100,design,47.24409448818898,254,721,0.0,0.0,100.0,
EURJPY,fade3.0/20 h8,90,100,hold,47.24409448818898,254,180,0.0,0.0,100.0,
EURJPY,fade3.0/20 h8,90,125,design,47.24409448818898,254,721,0.0,0.0,100.0,
EURJPY,fade3.0/20 h8,90,125,hold,47.24409448818898,254,180,0.0,0.0,100.0,
EURJPY,fade3.0/20 h8,90,150,design,47.24409448818898,254,721,0.0,0.0,100.0,
EURJPY,fade3.0/20 h8,90,150,hold,47.24409448818898,254,180,0.0,0.0,100.0,
EURJPY,fade3.0/20 h8,90,200,design,47.24409448818898,254,721,4.5769764216366156,0.0,95.42302357836338,64.83333333333333
EURJPY,fade3.0/20 h8,90,200,hold,47.24409448818898,254,180,0.0,0.0,100.0,
EURJPY,fade3.0/20 h8,365,50,design,47.24409448818898,254,721,0.0,0.0,100.0,
EURJPY,fade3.0/20 h8,365,50,hold,47.24409448818898,254,120,0.0,0.0,100.0,
EURJPY,fade3.0/20 h8,365,75,design,47.24409448818898,254,721,0.0,0.0,100.0,
EURJPY,fade3.0/20 h8,365,75,hold,47.24409448818898,254,120,0.0,0.0,100.0,
EURJPY,fade3.0/20 h8,365,100,design,47.24409448818898,254,721,0.5547850208044383,0.0,99.44521497919555,259.875
EURJPY,fade3.0/20 h8,365,100,hold,47.24409448818898,254,120,0.0,0.0,100.0,
EURJPY,fade3.0/20 h8,365,125,design,47.24409448818898,254,721,6.934812760055478,0.0,93.06518723994452,219.375
EURJPY,fade3.0/20 h8,365,125,hold,47.24409448818898,254,120,0.0,0.0,100.0,
EURJPY,fade3.0/20 h8,365,150,design,47.24409448818898,254,721,12.482662968099861,2.7739251040221915,84.74341192787794,194.35416666666669
EURJPY,fade3.0/20 h8,365,150,hold,47.24409448818898,254,120,0.0,0.0,100.0,
EURJPY,fade3.0/20 h8,365,200,design,47.24409448818898,254,721,21.7753120665742,26.629680998613036,51.59500693481276,143.375
EURJPY,fade3.0/20 h8,365,200,hold,47.24409448818898,254,120,0.0,26.666666666666668,73.33333333333333,
EURJPY,fade2.5/25 h4,30,50,design,47.83983140147524,949,721,0.0,0.0,100.0,
EURJPY,fade2.5/25 h4,30,50,hold,47.83983140147524,949,202,0.0,0.0,100.0,
EURJPY,fade2.5/25 h4,30,75,design,47.83983140147524,949,721,0.0,0.0,100.0,
EURJPY,fade2.5/25 h4,30,75,hold,47.83983140147524,949,202,0.0,0.0,100.0,
EURJPY,fade2.5/25 h4,30,100,design,47.83983140147524,949,721,0.0,0.0,100.0,
EURJPY,fade2.5/25 h4,30,100,hold,47.83983140147524,949,202,0.0,0.0,100.0,
EURJPY,fade2.5/25 h4,30,125,design,47.83983140147524,949,721,0.9708737864077669,0.0,99.02912621359224,21.458333333333332
EURJPY,fade2.5/25 h4,30,125,hold,47.83983140147524,949,202,0.0,0.0,100.0,
EURJPY,fade2.5/25 h4,30,150,design,47.83983140147524,949,721,1.9417475728155338,0.0,98.05825242718447,22.958333333333332
EURJPY,fade2.5/25 h4,30,150,hold,47.83983140147524,949,202,0.0,0.0,100.0,
EURJPY,fade2.5/25 h4,30,200,design,47.83983140147524,949,721,4.2995839112343965,0.0,95.7004160887656,20.5
EURJPY,fade2.5/25 h4,30,200,hold,47.83983140147524,949,202,0.0,0.0,100.0,
EURJPY,fade2.5/25 h4,60,50,design,47.83983140147524,949,721,0.0,0.0,100.0,
EURJPY,fade2.5/25 h4,60,50,hold,47.83983140147524,949,192,0.0,0.0,100.0,
EURJPY,fade2.5/25 h4,60,75,design,47.83983140147524,949,721,0.0,0.0,100.0,
EURJPY,fade2.5/25 h4,60,75,hold,47.83983140147524,949,192,0.0,0.0,100.0,
EURJPY,fade2.5/25 h4,60,100,design,47.83983140147524,949,721,2.0804438280166435,0.0,97.91955617198336,50.708333333333336
EURJPY,fade2.5/25 h4,60,100,hold,47.83983140147524,949,192,0.0,0.0,100.0,
EURJPY,fade2.5/25 h4,60,125,design,47.83983140147524,949,721,3.0513176144244105,0.0,96.9486823855756,34.625
EURJPY,fade2.5/25 h4,60,125,hold,47.83983140147524,949,192,0.0,0.0,100.0,
EURJPY,fade2.5/25 h4,60,150,design,47.83983140147524,949,721,5.6865464632454925,0.0,94.31345353675451,36.458333333333336
EURJPY,fade2.5/25 h4,60,150,hold,47.83983140147524,949,192,0.0,0.0,100.0,
EURJPY,fade2.5/25 h4,60,200,design,47.83983140147524,949,721,11.373092926490985,3.6061026352288486,85.02080443828017,36.04166666666667
EURJPY,fade2.5/25 h4,60,200,hold,47.83983140147524,949,192,0.0,4.6875,95.3125,
EURJPY,fade2.5/25 h4,90,50,design,47.83983140147524,949,721,0.0,0.0,100.0,
EURJPY,fade2.5/25 h4,90,50,hold,47.83983140147524,949,182,0.0,0.0,100.0,
EURJPY,fade2.5/25 h4,90,75,design,47.83983140147524,949,721,2.0804438280166435,0.0,97.91955617198336,74.70833333333333
EURJPY,fade2.5/25 h4,90,75,hold,47.83983140147524,949,182,0.0,0.0,100.0,
EURJPY,fade2.5/25 h4,90,100,design,47.83983140147524,949,721,3.8834951456310676,0.0,96.11650485436894,59.25
EURJPY,fade2.5/25 h4,90,100,hold,47.83983140147524,949,182,0.0,0.0,100.0,
EURJPY,fade2.5/25 h4,90,125,design,47.83983140147524,949,721,4.993065187239944,0.0,95.00693481276005,46.958333333333336
EURJPY,fade2.5/25 h4,90,125,hold,47.83983140147524,949,182,0.0,0.0,100.0,
EURJPY,fade2.5/25 h4,90,150,design,47.83983140147524,949,721,9.70873786407767,1.5256588072122053,88.76560332871013,54.625
EURJPY,fade2.5/25 h4,90,150,hold,47.83983140147524,949,182,0.0,0.5494505494505495,99.45054945054946,
EURJPY,fade2.5/25 h4,90,200,design,47.83983140147524,949,721,14.840499306518723,15.39528432732316,69.76421636615811,40.75
EURJPY,fade2.5/25 h4,90,200,hold,47.83983140147524,949,182,0.0,13.736263736263737,86.26373626373626,
EURJPY,fade2.5/25 h4,365,50,design,47.83983140147524,949,721,2.219140083217753,0.0,97.78085991678225,269.0416666666667
EURJPY,fade2.5/25 h4,365,50,hold,47.83983140147524,949,122,0.0,0.0,100.0,
EURJPY,fade2.5/25 h4,365,75,design,47.83983140147524,949,721,8.460471567267684,0.0,91.53952843273233,138.45833333333334
EURJPY,fade2.5/25 h4,365,75,hold,47.83983140147524,949,122,0.0,0.0,100.0,
EURJPY,fade2.5/25 h4,365,100,design,47.83983140147524,949,721,11.789181692094314,29.680998613037445,58.52981969486824,135.45833333333334
EURJPY,fade2.5/25 h4,365,100,hold,47.83983140147524,949,122,0.0,45.08196721311475,54.91803278688525,
EURJPY,fade2.5/25 h4,365,125,design,47.83983140147524,949,721,20.110957004160888,47.01803051317614,32.87101248266297,142.54166666666666
EURJPY,fade2.5/25 h4,365,125,hold,47.83983140147524,949,122,0.0,54.09836065573771,45.90163934426229,
EURJPY,fade2.5/25 h4,365,150,design,47.83983140147524,949,721,24.410540915395284,55.478502080443825,20.110957004160888,115.0625
EURJPY,fade2.5/25 h4,365,150,hold,47.83983140147524,949,122,0.0,66.39344262295081,33.60655737704918,
EURJPY,fade2.5/25 h4,365,200,design,47.83983140147524,949,721,26.907073509015255,63.80027739251041,9.29264909847434,75.54166666666667
EURJPY,fade2.5/25 h4,365,200,hold,47.83983140147524,949,122,0.0,100.0,0.0,
EURJPY,fade2.5/25 h8,30,50,design,47.23726977248104,923,721,0.0,0.0,100.0,
EURJPY,fade2.5/25 h8,30,50,hold,47.23726977248104,923,202,0.0,0.0,100.0,
EURJPY,fade2.5/25 h8,30,75,design,47.23726977248104,923,721,0.0,0.0,100.0,
EURJPY,fade2.5/25 h8,30,75,hold,47.23726977248104,923,202,0.0,0.0,100.0,
EURJPY,fade2.5/25 h8,30,100,design,47.23726977248104,923,721,0.13869625520110956,0.0,99.86130374479889,20.583333333333332
EURJPY,fade2.5/25 h8,30,100,hold,47.23726977248104,923,202,0.0,0.0,100.0,
EURJPY,fade2.5/25 h8,30,125,design,47.23726977248104,923,721,2.3578363384188625,0.0,97.64216366158114,19.625
EURJPY,fade2.5/25 h8,30,125,hold,47.23726977248104,923,202,0.0,0.0,100.0,
EURJPY,fade2.5/25 h8,30,150,design,47.23726977248104,923,721,4.160887656033287,0.0,95.83911234396672,19.979166666666664
EURJPY,fade2.5/25 h8,30,150,hold,47.23726977248104,923,202,0.0,0.0,100.0,
EURJPY,fade2.5/25 h8,30,200,design,47.23726977248104,923,721,6.657420249653259,0.4160887656033287,92.92649098474341,19.229166666666664
EURJPY,fade2.5/25 h8,30,200,hold,47.23726977248104,923,202,1.9801980198019802,0.0,98.01980198019803,15.833333333333332
EURJPY,fade2.5/25 h8,60,50,design,47.23726977248104,923,721,0.0,0.0,100.0,
EURJPY,fade2.5/25 h8,60,50,hold,47.23726977248104,923,192,0.0,0.0,100.0,
EURJPY,fade2.5/25 h8,60,75,design,47.23726977248104,923,721,0.0,0.0,100.0,
EURJPY,fade2.5/25 h8,60,75,hold,47.23726977248104,923,192,0.0,0.0,100.0,
EURJPY,fade2.5/25 h8,60,100,design,47.23726977248104,923,721,1.8030513176144243,0.0,98.19694868238558,46.875
EURJPY,fade2.5/25 h8,60,100,hold,47.23726977248104,923,192,0.0,0.0,100.0,
EURJPY,fade2.5/25 h8,60,125,design,47.23726977248104,923,721,7.350901525658807,0.0,92.6490984743412,38.833333333333336
EURJPY,fade2.5/25 h8,60,125,hold,47.23726977248104,923,192,0.0,0.0,100.0,
EURJPY,fade2.5/25 h8,60,150,design,47.23726977248104,923,721,10.540915395284326,0.8321775312066574,88.62690707350902,36.20833333333333
EURJPY,fade2.5/25 h8,60,150,hold,47.23726977248104,923,192,0.0,0.0,100.0,
EURJPY,fade2.5/25 h8,60,200,design,47.23726977248104,923,721,14.147018030513175,9.57004160887656,76.28294036061027,31.729166666666664
EURJPY,fade2.5/25 h8,60,200,hold,47.23726977248104,923,192,2.083333333333333,3.6458333333333335,94.27083333333334,15.833333333333332
EURJPY,fade2.5/25 h8,90,50,design,47.23726977248104,923,721,0.0,0.0,100.0,
EURJPY,fade2.5/25 h8,90,50,hold,47.23726977248104,923,182,0.0,0.0,100.0,
EURJPY,fade2.5/25 h8,90,75,design,47.23726977248104,923,721,0.4160887656033287,0.0,99.58391123439667,85.33333333333333
EURJPY,fade2.5/25 h8,90,75,hold,47.23726977248104,923,182,0.0,0.0,100.0,
EURJPY,fade2.5/25 h8,90,100,design,47.23726977248104,923,721,4.854368932038835,0.0,95.14563106796116,73.33333333333333
EURJPY,fade2.5/25 h8,90,100,hold,47.23726977248104,923,182,0.0,0.0,100.0,
EURJPY,fade2.5/25 h8,90,125,design,47.23726977248104,923,721,10.402219140083217,1.6643550624133148,87.93342579750347,49.625
EURJPY,fade2.5/25 h8,90,125,hold,47.23726977248104,923,182,0.0,0.0,100.0,
EURJPY,fade2.5/25 h8,90,150,design,47.23726977248104,923,721,14.979195561719832,7.350901525658807,77.66990291262135,49.64583333333333
EURJPY,fade2.5/25 h8,90,150,hold,47.23726977248104,923,182,0.0,3.8461538461538463,96.15384615384616,
EURJPY,fade2.5/25 h8,90,200,design,47.23726977248104,923,721,19.27877947295423,24.826629680998614,55.89459084604715,41.625
EURJPY,fade2.5/25 h8,90,200,hold,47.23726977248104,923,182,4.395604395604396,15.384615384615385,80.21978021978022,42.770833333333336
EURJPY,fade2.5/25 h8,365,50,design,47.23726977248104,923,721,2.912621359223301,0.0,97.0873786407767,290.5833333333333
EURJPY,fade2.5/25 h8,365,50,hold,47.23726977248104,923,122,0.0,0.0,100.0,
EURJPY,fade2.5/25 h8,365,75,design,47.23726977248104,923,721,7.766990291262135,23.994452149791957,68.23855755894591,145.33333333333334
EURJPY,fade2.5/25 h8,365,75,hold,47.23726977248104,923,122,0.0,24.59016393442623,75.40983606557377,
EURJPY,fade2.5/25 h8,365,100,design,47.23726977248104,923,721,13.592233009708737,53.81414701803051,32.593619972260754,110.16666666666667
EURJPY,fade2.5/25 h8,365,100,hold,47.23726977248104,923,122,0.0,90.1639344262295,9.836065573770492,
EURJPY,fade2.5/25 h8,365,125,design,47.23726977248104,923,721,19.27877947295423,62.69070735090153,18.030513176144243,78.625
EURJPY,fade2.5/25 h8,365,125,hold,47.23726977248104,923,122,0.0,100.0,0.0,
EURJPY,fade2.5/25 h8,365,150,design,47.23726977248104,923,721,24.687933425797503,71.0124826629681,4.2995839112343965,67.72916666666666
EURJPY,fade2.5/25 h8,365,150,hold,47.23726977248104,923,122,0.0,100.0,0.0,
EURJPY,fade2.5/25 h8,365,200,design,47.23726977248104,923,721,25.381414701803052,73.64771151178918,0.9708737864077669,51.625
EURJPY,fade2.5/25 h8,365,200,hold,47.23726977248104,923,122,15.573770491803279,84.42622950819673,0.0,95.33333333333333
EURJPY,fade3.0/20 h4 L,30,50,design,52.112676056338024,142,721,0.0,0.0,100.0,
EURJPY,fade3.0/20 h4 L,30,50,hold,52.112676056338024,142,200,0.0,0.0,100.0,
EURJPY,fade3.0/20 h4 L,30,75,design,52.112676056338024,142,721,0.0,0.0,100.0,
EURJPY,fade3.0/20 h4 L,30,75,hold,52.112676056338024,142,200,0.0,0.0,100.0,
EURJPY,fade3.0/20 h4 L,30,100,design,52.112676056338024,142,721,0.0,0.0,100.0,
EURJPY,fade3.0/20 h4 L,30,100,hold,52.112676056338024,142,200,0.0,0.0,100.0,
EURJPY,fade3.0/20 h4 L,30,125,design,52.112676056338024,142,721,0.0,0.0,100.0,
EURJPY,fade3.0/20 h4 L,30,125,hold,52.112676056338024,142,200,0.0,0.0,100.0,
EURJPY,fade3.0/20 h4 L,30,150,design,52.112676056338024,142,721,0.0,0.0,100.0,
EURJPY,fade3.0/20 h4 L,30,150,hold,52.112676056338024,142,200,0.0,0.0,100.0,
EURJPY,fade3.0/20 h4 L,30,200,design,52.112676056338024,142,721,0.0,0.0,100.0,
EURJPY,fade3.0/20 h4 L,30,200,hold,52.112676056338024,142,200,0.0,0.0,100.0,
EURJPY,fade3.0/20 h4 L,60,50,design,52.112676056338024,142,721,0.0,0.0,100.0,
EURJPY,fade3.0/20 h4 L,60,50,hold,52.112676056338024,142,190,0.0,0.0,100.0,
EURJPY,fade3.0/20 h4 L,60,75,design,52.112676056338024,142,721,0.0,0.0,100.0,
EURJPY,fade3.0/20 h4 L,60,75,hold,52.112676056338024,142,190,0.0,0.0,100.0,
EURJPY,fade3.0/20 h4 L,60,100,design,52.112676056338024,142,721,0.0,0.0,100.0,
EURJPY,fade3.0/20 h4 L,60,100,hold,52.112676056338024,142,190,0.0,0.0,100.0,
EURJPY,fade3.0/20 h4 L,60,125,design,52.112676056338024,142,721,0.0,0.0,100.0,
EURJPY,fade3.0/20 h4 L,60,125,hold,52.112676056338024,142,190,0.0,0.0,100.0,
EURJPY,fade3.0/20 h4 L,60,150,design,52.112676056338024,142,721,0.0,0.0,100.0,
EURJPY,fade3.0/20 h4 L,60,150,hold,52.112676056338024,142,190,0.0,0.0,100.0,
EURJPY,fade3.0/20 h4 L,60,200,design,52.112676056338024,142,721,0.0,0.0,100.0,
EURJPY,fade3.0/20 h4 L,60,200,hold,52.112676056338024,142,190,0.0,0.0,100.0,
EURJPY,fade3.0/20 h4 L,90,50,design,52.112676056338024,142,721,0.0,0.0,100.0,
EURJPY,fade3.0/20 h4 L,90,50,hold,52.112676056338024,142,180,0.0,0.0,100.0,
EURJPY,fade3.0/20 h4 L,90,75,design,52.112676056338024,142,721,0.0,0.0,100.0,
EURJPY,fade3.0/20 h4 L,90,75,hold,52.112676056338024,142,180,0.0,0.0,100.0,
EURJPY,fade3.0/20 h4 L,90,100,design,52.112676056338024,142,721,0.0,0.0,100.0,
EURJPY,fade3.0/20 h4 L,90,100,hold,52.112676056338024,142,180,0.0,0.0,100.0,
EURJPY,fade3.0/20 h4 L,90,125,design,52.112676056338024,142,721,0.0,0.0,100.0,
EURJPY,fade3.0/20 h4 L,90,125,hold,52.112676056338024,142,180,0.0,0.0,100.0,
EURJPY,fade3.0/20 h4 L,90,150,design,52.112676056338024,142,721,0.0,0.0,100.0,
EURJPY,fade3.0/20 h4 L,90,150,hold,52.112676056338024,142,180,0.0,0.0,100.0,
EURJPY,fade3.0/20 h4 L,90,200,design,52.112676056338024,142,721,0.9708737864077669,0.0,99.02912621359224,80.375
EURJPY,fade3.0/20 h4 L,90,200,hold,52.112676056338024,142,180,0.0,0.0,100.0,
EURJPY,fade3.0/20 h4 L,365,50,design,52.112676056338024,142,721,0.0,0.0,100.0,
EURJPY,fade3.0/20 h4 L,365,50,hold,52.112676056338024,142,120,0.0,0.0,100.0,
EURJPY,fade3.0/20 h4 L,365,75,design,52.112676056338024,142,721,0.0,0.0,100.0,
EURJPY,fade3.0/20 h4 L,365,75,hold,52.112676056338024,142,120,0.0,0.0,100.0,
EURJPY,fade3.0/20 h4 L,365,100,design,52.112676056338024,142,721,0.0,0.0,100.0,
EURJPY,fade3.0/20 h4 L,365,100,hold,52.112676056338024,142,120,0.0,0.0,100.0,
EURJPY,fade3.0/20 h4 L,365,125,design,52.112676056338024,142,721,2.6352288488210815,0.0,97.36477115117891,326.5
EURJPY,fade3.0/20 h4 L,365,125,hold,52.112676056338024,142,120,0.0,0.0,100.0,
EURJPY,fade3.0/20 h4 L,365,150,design,52.112676056338024,142,721,4.438280166435506,0.0,95.5617198335645,271.10416666666663
EURJPY,fade3.0/20 h4 L,365,150,hold,52.112676056338024,142,120,0.0,0.0,100.0,
EURJPY,fade3.0/20 h4 L,365,200,design,52.112676056338024,142,721,15.39528432732316,0.0,84.60471567267683,266.375
EURJPY,fade3.0/20 h4 L,365,200,hold,52.112676056338024,142,120,0.0,0.0,100.0,
EURJPY,fade3.0/20 h8 L,30,50,design,52.4822695035461,141,721,0.0,0.0,100.0,
EURJPY,fade3.0/20 h8 L,30,50,hold,52.4822695035461,141,200,0.0,0.0,100.0,
EURJPY,fade3.0/20 h8 L,30,75,design,52.4822695035461,141,721,0.0,0.0,100.0,
EURJPY,fade3.0/20 h8 L,30,75,hold,52.4822695035461,141,200,0.0,0.0,100.0,
EURJPY,fade3.0/20 h8 L,30,100,design,52.4822695035461,141,721,0.0,0.0,100.0,
EURJPY,fade3.0/20 h8 L,30,100,hold,52.4822695035461,141,200,0.0,0.0,100.0,
EURJPY,fade3.0/20 h8 L,30,125,design,52.4822695035461,141,721,0.0,0.0,100.0,
EURJPY,fade3.0/20 h8 L,30,125,hold,52.4822695035461,141,200,0.0,0.0,100.0,
EURJPY,fade3.0/20 h8 L,30,150,design,52.4822695035461,141,721,0.0,0.0,100.0,
EURJPY,fade3.0/20 h8 L,30,150,hold,52.4822695035461,141,200,0.0,0.0,100.0,
EURJPY,fade3.0/20 h8 L,30,200,design,52.4822695035461,141,721,0.0,0.0,100.0,
EURJPY,fade3.0/20 h8 L,30,200,hold,52.4822695035461,141,200,0.0,0.0,100.0,
EURJPY,fade3.0/20 h8 L,60,50,design,52.4822695035461,141,721,0.0,0.0,100.0,
EURJPY,fade3.0/20 h8 L,60,50,hold,52.4822695035461,141,190,0.0,0.0,100.0,
EURJPY,fade3.0/20 h8 L,60,75,design,52.4822695035461,141,721,0.0,0.0,100.0,
EURJPY,fade3.0/20 h8 L,60,75,hold,52.4822695035461,141,190,0.0,0.0,100.0,
EURJPY,fade3.0/20 h8 L,60,100,design,52.4822695035461,141,721,0.0,0.0,100.0,
EURJPY,fade3.0/20 h8 L,60,100,hold,52.4822695035461,141,190,0.0,0.0,100.0,
EURJPY,fade3.0/20 h8 L,60,125,design,52.4822695035461,141,721,0.0,0.0,100.0,
EURJPY,fade3.0/20 h8 L,60,125,hold,52.4822695035461,141,190,0.0,0.0,100.0,
EURJPY,fade3.0/20 h8 L,60,150,design,52.4822695035461,141,721,0.0,0.0,100.0,
EURJPY,fade3.0/20 h8 L,60,150,hold,52.4822695035461,141,190,0.0,0.0,100.0,
EURJPY,fade3.0/20 h8 L,60,200,design,52.4822695035461,141,721,0.0,0.0,100.0,
EURJPY,fade3.0/20 h8 L,60,200,hold,52.4822695035461,141,190,0.0,0.0,100.0,
EURJPY,fade3.0/20 h8 L,90,50,design,52.4822695035461,141,721,0.0,0.0,100.0,
EURJPY,fade3.0/20 h8 L,90,50,hold,52.4822695035461,141,180,0.0,0.0,100.0,
EURJPY,fade3.0/20 h8 L,90,75,design,52.4822695035461,141,721,0.0,0.0,100.0,
EURJPY,fade3.0/20 h8 L,90,75,hold,52.4822695035461,141,180,0.0,0.0,100.0,
EURJPY,fade3.0/20 h8 L,90,100,design,52.4822695035461,141,721,0.0,0.0,100.0,
EURJPY,fade3.0/20 h8 L,90,100,hold,52.4822695035461,141,180,0.0,0.0,100.0,
EURJPY,fade3.0/20 h8 L,90,125,design,52.4822695035461,141,721,0.0,0.0,100.0,
EURJPY,fade3.0/20 h8 L,90,125,hold,52.4822695035461,141,180,0.0,0.0,100.0,
EURJPY,fade3.0/20 h8 L,90,150,design,52.4822695035461,141,721,0.0,0.0,100.0,
EURJPY,fade3.0/20 h8 L,90,150,hold,52.4822695035461,141,180,0.0,0.0,100.0,
EURJPY,fade3.0/20 h8 L,90,200,design,52.4822695035461,141,721,0.0,0.0,100.0,
EURJPY,fade3.0/20 h8 L,90,200,hold,52.4822695035461,141,180,0.0,0.0,100.0,
EURJPY,fade3.0/20 h8 L,365,50,design,52.4822695035461,141,721,0.0,0.0,100.0,
EURJPY,fade3.0/20 h8 L,365,50,hold,52.4822695035461,141,120,0.0,0.0,100.0,
EURJPY,fade3.0/20 h8 L,365,75,design,52.4822695035461,141,721,0.0,0.0,100.0,
EURJPY,fade3.0/20 h8 L,365,75,hold,52.4822695035461,141,120,0.0,0.0,100.0,
EURJPY,fade3.0/20 h8 L,365,100,design,52.4822695035461,141,721,0.0,0.0,100.0,
EURJPY,fade3.0/20 h8 L,365,100,hold,52.4822695035461,141,120,0.0,0.0,100.0,
EURJPY,fade3.0/20 h8 L,365,125,design,52.4822695035461,141,721,1.1095700416088765,0.0,98.89042995839112,321.125
EURJPY,fade3.0/20 h8 L,365,125,hold,52.4822695035461,141,120,0.0,0.0,100.0,
EURJPY,fade3.0/20 h8 L,365,150,design,52.4822695035461,141,721,3.8834951456310676,0.0,96.11650485436894,312.125
EURJPY,fade3.0/20 h8 L,365,150,hold,52.4822695035461,141,120,0.0,0.0,100.0,
EURJPY,fade3.0/20 h8 L,365,200,design,52.4822695035461,141,721,6.38002773925104,0.0,93.61997226074897,251.27083333333331
EURJPY,fade3.0/20 h8 L,365,200,hold,52.4822695035461,141,120,0.0,0.0,100.0,
EURJPY,fade2.5/25 h4 L,30,50,design,52.400000000000006,500,721,0.0,0.0,100.0,
EURJPY,fade2.5/25 h4 L,30,50,hold,52.400000000000006,500,202,0.0,0.0,100.0,
EURJPY,fade2.5/25 h4 L,30,75,design,52.400000000000006,500,721,0.0,0.0,100.0,
EURJPY,fade2.5/25 h4 L,30,75,hold,52.400000000000006,500,202,0.0,0.0,100.0,
EURJPY,fade2.5/25 h4 L,30,100,design,52.400000000000006,500,721,0.0,0.0,100.0,
EURJPY,fade2.5/25 h4 L,30,100,hold,52.400000000000006,500,202,0.0,0.0,100.0,
EURJPY,fade2.5/25 h4 L,30,125,design,52.400000000000006,500,721,0.0,0.0,100.0,
EURJPY,fade2.5/25 h4 L,30,125,hold,52.400000000000006,500,202,0.0,0.0,100.0,
EURJPY,fade2.5/25 h4 L,30,150,design,52.400000000000006,500,721,0.0,0.0,100.0,
EURJPY,fade2.5/25 h4 L,30,150,hold,52.400000000000006,500,202,0.0,0.0,100.0,
EURJPY,fade2.5/25 h4 L,30,200,design,52.400000000000006,500,721,0.0,0.0,100.0,
EURJPY,fade2.5/25 h4 L,30,200,hold,52.400000000000006,500,202,0.0,0.0,100.0,
EURJPY,fade2.5/25 h4 L,60,50,design,52.400000000000006,500,721,0.0,0.0,100.0,
EURJPY,fade2.5/25 h4 L,60,50,hold,52.400000000000006,500,192,0.0,0.0,100.0,
EURJPY,fade2.5/25 h4 L,60,75,design,52.400000000000006,500,721,0.0,0.0,100.0,
EURJPY,fade2.5/25 h4 L,60,75,hold,52.400000000000006,500,192,0.0,0.0,100.0,
EURJPY,fade2.5/25 h4 L,60,100,design,52.400000000000006,500,721,0.0,0.0,100.0,
EURJPY,fade2.5/25 h4 L,60,100,hold,52.400000000000006,500,192,0.0,0.0,100.0,
EURJPY,fade2.5/25 h4 L,60,125,design,52.400000000000006,500,721,0.0,0.0,100.0,
EURJPY,fade2.5/25 h4 L,60,125,hold,52.400000000000006,500,192,0.0,0.0,100.0,
EURJPY,fade2.5/25 h4 L,60,150,design,52.400000000000006,500,721,0.0,0.0,100.0,
EURJPY,fade2.5/25 h4 L,60,150,hold,52.400000000000006,500,192,0.0,0.0,100.0,
EURJPY,fade2.5/25 h4 L,60,200,design,52.400000000000006,500,721,1.3869625520110958,0.0,98.6130374479889,52.9375
EURJPY,fade2.5/25 h4 L,60,200,hold,52.400000000000006,500,192,0.0,4.166666666666666,95.83333333333334,
EURJPY,fade2.5/25 h4 L,90,50,design,52.400000000000006,500,721,0.0,0.0,100.0,
EURJPY,fade2.5/25 h4 L,90,50,hold,52.400000000000006,500,182,0.0,0.0,100.0,
EURJPY,fade2.5/25 h4 L,90,75,design,52.400000000000006,500,721,0.0,0.0,100.0,
EURJPY,fade2.5/25 h4 L,90,75,hold,52.400000000000006,500,182,0.0,0.0,100.0,
EURJPY,fade2.5/25 h4 L,90,100,design,52.400000000000006,500,721,0.0,0.0,100.0,
EURJPY,fade2.5/25 h4 L,90,100,hold,52.400000000000006,500,182,0.0,0.0,100.0,
EURJPY,fade2.5/25 h4 L,90,125,design,52.400000000000006,500,721,0.0,0.0,100.0,
EURJPY,fade2.5/25 h4 L,90,125,hold,52.400000000000006,500,182,0.0,0.0,100.0,
EURJPY,fade2.5/25 h4 L,90,150,design,52.400000000000006,500,721,0.6934812760055479,0.0,99.30651872399446,77.16666666666667
EURJPY,fade2.5/25 h4 L,90,150,hold,52.400000000000006,500,182,0.0,0.0,100.0,
EURJPY,fade2.5/25 h4 L,90,200,design,52.400000000000006,500,721,2.6352288488210815,0.6934812760055479,96.67128987517337,59.791666666666664
EURJPY,fade2.5/25 h4 L,90,200,hold,52.400000000000006,500,182,0.0,9.89010989010989,90.10989010989012,
EURJPY,fade2.5/25 h4 L,365,50,design,52.400000000000006,500,721,0.0,0.0,100.0,
EURJPY,fade2.5/25 h4 L,365,50,hold,52.400000000000006,500,122,0.0,0.0,100.0,
EURJPY,fade2.5/25 h4 L,365,75,design,52.400000000000006,500,721,0.0,0.0,100.0,
EURJPY,fade2.5/25 h4 L,365,75,hold,52.400000000000006,500,122,0.0,0.0,100.0,
EURJPY,fade2.5/25 h4 L,365,100,design,52.400000000000006,500,721,0.0,0.0,100.0,
EURJPY,fade2.5/25 h4 L,365,100,hold,52.400000000000006,500,122,0.0,0.0,100.0,
EURJPY,fade2.5/25 h4 L,365,125,design,52.400000000000006,500,721,0.27739251040221913,9.43134535367545,90.29126213592234,165.66666666666666
EURJPY,fade2.5/25 h4 L,365,125,hold,52.400000000000006,500,122,0.0,0.0,100.0,
EURJPY,fade2.5/25 h4 L,365,150,design,52.400000000000006,500,721,8.599167822468793,18.58529819694868,72.81553398058253,213.66666666666666
EURJPY,fade2.5/25 h4 L,365,150,hold,52.400000000000006,500,122,0.0,0.0,100.0,
EURJPY,fade2.5/25 h4 L,365,200,design,52.400000000000006,500,721,25.104022191400833,38.141470180305134,36.754507628294036,224.79166666666666
EURJPY,fade2.5/25 h4 L,365,200,hold,52.400000000000006,500,122,4.098360655737705,49.18032786885246,46.72131147540984,201.41666666666666
EURJPY,fade2.5/25 h8 L,30,50,design,50.709939148073026,493,721,0.0,0.0,100.0,
EURJPY,fade2.5/25 h8 L,30,50,hold,50.709939148073026,493,202,0.0,0.0,100.0,
EURJPY,fade2.5/25 h8 L,30,75,design,50.709939148073026,493,721,0.0,0.0,100.0,
EURJPY,fade2.5/25 h8 L,30,75,hold,50.709939148073026,493,202,0.0,0.0,100.0,
EURJPY,fade2.5/25 h8 L,30,100,design,50.709939148073026,493,721,0.0,0.0,100.0,
EURJPY,fade2.5/25 h8 L,30,100,hold,50.709939148073026,493,202,0.0,0.0,100.0,
EURJPY,fade2.5/25 h8 L,30,125,design,50.709939148073026,493,721,0.5547850208044383,0.0,99.44521497919555,24.125
EURJPY,fade2.5/25 h8 L,30,125,hold,50.709939148073026,493,202,0.0,0.0,100.0,
EURJPY,fade2.5/25 h8 L,30,150,design,50.709939148073026,493,721,0.8321775312066574,0.0,99.16782246879335,21.125
EURJPY,fade2.5/25 h8 L,30,150,hold,50.709939148073026,493,202,0.0,0.0,100.0,
EURJPY,fade2.5/25 h8 L,30,200,design,50.709939148073026,493,721,1.6643550624133148,0.0,98.3356449375867,14.125
EURJPY,fade2.5/25 h8 L,30,200,hold,50.709939148073026,493,202,0.0,0.0,100.0,
EURJPY,fade2.5/25 h8 L,60,50,design,50.709939148073026,493,721,0.0,0.0,100.0,
EURJPY,fade2.5/25 h8 L,60,50,hold,50.709939148073026,493,192,0.0,0.0,100.0,
EURJPY,fade2.5/25 h8 L,60,75,design,50.709939148073026,493,721,0.0,0.0,100.0,
EURJPY,fade2.5/25 h8 L,60,75,hold,50.709939148073026,493,192,0.0,0.0,100.0,
EURJPY,fade2.5/25 h8 L,60,100,design,50.709939148073026,493,721,0.0,0.0,100.0,
EURJPY,fade2.5/25 h8 L,60,100,hold,50.709939148073026,493,192,0.0,0.0,100.0,
EURJPY,fade2.5/25 h8 L,60,125,design,50.709939148073026,493,721,1.1095700416088765,0.0,98.89042995839112,30.125
EURJPY,fade2.5/25 h8 L,60,125,hold,50.709939148073026,493,192,0.0,0.0,100.0,
EURJPY,fade2.5/25 h8 L,60,150,design,50.709939148073026,493,721,2.6352288488210815,0.0,97.36477115117891,40.625
EURJPY,fade2.5/25 h8 L,60,150,hold,50.709939148073026,493,192,0.0,0.0,100.0,
EURJPY,fade2.5/25 h8 L,60,200,design,50.709939148073026,493,721,5.825242718446602,0.0,94.1747572815534,40.20833333333333
EURJPY,fade2.5/25 h8 L,60,200,hold,50.709939148073026,493,192,0.5208333333333333,0.0,99.47916666666666,57.791666666666664
EURJPY,fade2.5/25 h8 L,90,50,design,50.709939148073026,493,721,0.0,0.0,100.0,
EURJPY,fade2.5/25 h8 L,90,50,hold,50.709939148073026,493,182,0.0,0.0,100.0,
EURJPY,fade2.5/25 h8 L,90,75,design,50.709939148073026,493,721,0.0,0.0,100.0,
EURJPY,fade2.5/25 h8 L,90,75,hold,50.709939148073026,493,182,0.0,0.0,100.0,
EURJPY,fade2.5/25 h8 L,90,100,design,50.709939148073026,493,721,0.0,0.0,100.0,
EURJPY,fade2.5/25 h8 L,90,100,hold,50.709939148073026,493,182,0.0,0.0,100.0,
EURJPY,fade2.5/25 h8 L,90,125,design,50.709939148073026,493,721,1.1095700416088765,0.0,98.89042995839112,30.125
EURJPY,fade2.5/25 h8 L,90,125,hold,50.709939148073026,493,182,0.0,0.0,100.0,
EURJPY,fade2.5/25 h8 L,90,150,design,50.709939148073026,493,721,3.467406380027739,0.0,96.53259361997226,49.625
EURJPY,fade2.5/25 h8 L,90,150,hold,50.709939148073026,493,182,0.0,0.0,100.0,
EURJPY,fade2.5/25 h8 L,90,200,design,50.709939148073026,493,721,9.29264909847434,1.9417475728155338,88.76560332871013,49.625
EURJPY,fade2.5/25 h8 L,90,200,hold,50.709939148073026,493,182,11.538461538461538,4.945054945054945,83.51648351648352,72.33333333333333
EURJPY,fade2.5/25 h8 L,365,50,design,50.709939148073026,493,721,0.0,0.0,100.0,
EURJPY,fade2.5/25 h8 L,365,50,hold,50.709939148073026,493,122,0.0,0.0,100.0,
EURJPY,fade2.5/25 h8 L,365,75,design,50.709939148073026,493,721,0.8321775312066574,0.0,99.16782246879335,311.2916666666667
EURJPY,fade2.5/25 h8 L,365,75,hold,50.709939148073026,493,122,0.0,0.0,100.0,
EURJPY,fade2.5/25 h8 L,365,100,design,50.709939148073026,493,721,7.350901525658807,3.8834951456310676,88.76560332871013,258.7916666666667
EURJPY,fade2.5/25 h8 L,365,100,hold,50.709939148073026,493,122,0.0,0.0,100.0,
EURJPY,fade2.5/25 h8 L,365,125,design,50.709939148073026,493,721,12.76005547850208,19.83356449375867,67.40638002773926,226.83333333333334
EURJPY,fade2.5/25 h8 L,365,125,hold,50.709939148073026,493,122,23.770491803278688,0.0,76.22950819672131,159.79166666666666
EURJPY,fade2.5/25 h8 L,365,150,design,50.709939148073026,493,721,18.446601941747574,30.79056865464632,50.762829403606105,181.75
EURJPY,fade2.5/25 h8 L,365,150,hold,50.709939148073026,493,122,25.40983606557377,5.737704918032787,68.85245901639344,134.625
EURJPY,fade2.5/25 h8 L,365,200,design,50.709939148073026,493,721,26.907073509015255,51.59500693481276,21.497919556171983,144.5625
EURJPY,fade2.5/25 h8 L,365,200,hold,50.709939148073026,493,122,40.16393442622951,52.459016393442624,7.377049180327869,93.33333333333333
EURJPY,mom rsi70 h8,30,50,design,45.32374100719424,695,721,0.0,0.0,100.0,
EURJPY,mom rsi70 h8,30,50,hold,45.32374100719424,695,202,0.0,0.0,100.0,
EURJPY,mom rsi70 h8,30,75,design,45.32374100719424,695,721,0.0,0.0,100.0,
EURJPY,mom rsi70 h8,30,75,hold,45.32374100719424,695,202,0.0,0.0,100.0,
EURJPY,mom rsi70 h8,30,100,design,45.32374100719424,695,721,0.0,0.0,100.0,
EURJPY,mom rsi70 h8,30,100,hold,45.32374100719424,695,202,0.0,0.0,100.0,
EURJPY,mom rsi70 h8,30,125,design,45.32374100719424,695,721,0.4160887656033287,0.0,99.58391123439667,24.583333333333332
EURJPY,mom rsi70 h8,30,125,hold,45.32374100719424,695,202,0.0,0.0,100.0,
EURJPY,mom rsi70 h8,30,150,design,45.32374100719424,695,721,0.5547850208044383,0.0,99.44521497919555,13.875
EURJPY,mom rsi70 h8,30,150,hold,45.32374100719424,695,202,0.0,0.0,100.0,
EURJPY,mom rsi70 h8,30,200,design,45.32374100719424,695,721,5.131761442441054,0.0,94.86823855755895,20.625
EURJPY,mom rsi70 h8,30,200,hold,45.32374100719424,695,202,0.0,0.0,100.0,
EURJPY,mom rsi70 h8,60,50,design,45.32374100719424,695,721,0.0,0.0,100.0,
EURJPY,mom rsi70 h8,60,50,hold,45.32374100719424,695,192,0.0,0.0,100.0,
EURJPY,mom rsi70 h8,60,75,design,45.32374100719424,695,721,0.0,0.0,100.0,
EURJPY,mom rsi70 h8,60,75,hold,45.32374100719424,695,192,0.0,0.0,100.0,
EURJPY,mom rsi70 h8,60,100,design,45.32374100719424,695,721,0.27739251040221913,0.0,99.72260748959778,52.833333333333336
EURJPY,mom rsi70 h8,60,100,hold,45.32374100719424,695,192,0.0,0.0,100.0,
EURJPY,mom rsi70 h8,60,125,design,45.32374100719424,695,721,2.496532593619972,0.0,97.50346740638003,52.52083333333333
EURJPY,mom rsi70 h8,60,125,hold,45.32374100719424,695,192,0.0,0.0,100.0,
EURJPY,mom rsi70 h8,60,150,design,45.32374100719424,695,721,5.825242718446602,0.4160887656033287,93.75866851595008,46.9375
EURJPY,mom rsi70 h8,60,150,hold,45.32374100719424,695,192,0.0,0.0,100.0,
EURJPY,mom rsi70 h8,60,200,design,45.32374100719424,695,721,17.891816920943135,3.8834951456310676,78.2246879334258,39.333333333333336
EURJPY,mom rsi70 h8,60,200,hold,45.32374100719424,695,192,0.0,5.729166666666666,94.27083333333334,
EURJPY,mom rsi70 h8,90,50,design,45.32374100719424,695,721,0.0,0.0,100.0,
EURJPY,mom rsi70 h8,90,50,hold,45.32374100719424,695,182,0.0,0.0,100.0,
EURJPY,mom rsi70 h8,90,75,design,45.32374100719424,695,721,0.0,0.0,100.0,
EURJPY,mom rsi70 h8,90,75,hold,45.32374100719424,695,182,0.0,0.0,100.0,
EURJPY,mom rsi70 h8,90,100,design,45.32374100719424,695,721,1.6643550624133148,0.0,98.3356449375867,76.83333333333333
EURJPY,mom rsi70 h8,90,100,hold,45.32374100719424,695,182,0.0,0.0,100.0,
EURJPY,mom rsi70 h8,90,125,design,45.32374100719424,695,721,7.628294036061026,0.13869625520110956,92.23300970873787,65.70833333333333
EURJPY,mom rsi70 h8,90,125,hold,45.32374100719424,695,182,0.0,0.0,100.0,
EURJPY,mom rsi70 h8,90,150,design,45.32374100719424,695,721,11.234396671289876,2.912621359223301,85.85298196948682,58.666666666666664
EURJPY,mom rsi70 h8,90,150,hold,45.32374100719424,695,182,0.0,4.945054945054945,95.05494505494505,
EURJPY,mom rsi70 h8,90,200,design,45.32374100719424,695,721,22.46879334257975,9.153952843273231,68.37725381414702,45.395833333333336
EURJPY,mom rsi70 h8,90,200,hold,45.32374100719424,695,182,0.0,23.076923076923077,76.92307692307693,
EURJPY,mom rsi70 h8,365,50,design,45.32374100719424,695,721,0.0,0.0,100.0,
EURJPY,mom rsi70 h8,365,50,hold,45.32374100719424,695,122,0.0,0.0,100.0,
EURJPY,mom rsi70 h8,365,75,design,45.32374100719424,695,721,12.066574202496533,0.6934812760055479,87.23994452149792,291.3333333333333
EURJPY,mom rsi70 h8,365,75,hold,45.32374100719424,695,122,0.0,0.0,100.0,
EURJPY,mom rsi70 h8,365,100,design,45.32374100719424,695,721,25.24271844660194,6.38002773925104,68.37725381414702,234.35416666666669
EURJPY,mom rsi70 h8,365,100,hold,45.32374100719424,695,122,0.0,59.83606557377049,40.16393442622951,
EURJPY,mom rsi70 h8,365,125,design,45.32374100719424,695,721,39.1123439667129,9.015256588072122,51.87239944521498,202.0
EURJPY,mom rsi70 h8,365,125,hold,45.32374100719424,695,122,0.0,79.50819672131148,20.491803278688526,
EURJPY,mom rsi70 h8,365,150,design,45.32374100719424,695,721,45.76976421636616,20.943134535367545,33.287101248266296,175.41666666666669
EURJPY,mom rsi70 h8,365,150,hold,45.32374100719424,695,122,0.0,90.98360655737704,9.01639344262295,
EURJPY,mom rsi70 h8,365,200,design,45.32374100719424,695,721,54.09153952843273,39.528432732316226,6.38002773925104,114.45833333333334
EURJPY,mom rsi70 h8,365,200,hold,45.32374100719424,695,122,0.0,100.0,0.0,
EURJPY,mom rsi75 h8,30,50,design,48.49315068493151,365,721,0.0,0.0,100.0,
EURJPY,mom rsi75 h8,30,50,hold,48.49315068493151,365,195,0.0,0.0,100.0,
EURJPY,mom rsi75 h8,30,75,design,48.49315068493151,365,721,0.0,0.0,100.0,
EURJPY,mom rsi75 h8,30,75,hold,48.49315068493151,365,195,0.0,0.0,100.0,
EURJPY,mom rsi75 h8,30,100,design,48.49315068493151,365,721,0.0,0.0,100.0,
EURJPY,mom rsi75 h8,30,100,hold,48.49315068493151,365,195,0.0,0.0,100.0,
EURJPY,mom rsi75 h8,30,125,design,48.49315068493151,365,721,0.0,0.0,100.0,
EURJPY,mom rsi75 h8,30,125,hold,48.49315068493151,365,195,0.0,0.0,100.0,
EURJPY,mom rsi75 h8,30,150,design,48.49315068493151,365,721,0.0,0.0,100.0,
EURJPY,mom rsi75 h8,30,150,hold,48.49315068493151,365,195,0.0,0.0,100.0,
EURJPY,mom rsi75 h8,30,200,design,48.49315068493151,365,721,1.9417475728155338,0.0,98.05825242718447,21.729166666666664
EURJPY,mom rsi75 h8,30,200,hold,48.49315068493151,365,195,0.0,0.0,100.0,
EURJPY,mom rsi75 h8,60,50,design,48.49315068493151,365,721,0.0,0.0,100.0,
EURJPY,mom rsi75 h8,60,50,hold,48.49315068493151,365,185,0.0,0.0,100.0,
EURJPY,mom rsi75 h8,60,75,design,48.49315068493151,365,721,0.0,0.0,100.0,
EURJPY,mom rsi75 h8,60,75,hold,48.49315068493151,365,185,0.0,0.0,100.0,
EURJPY,mom rsi75 h8,60,100,design,48.49315068493151,365,721,0.0,0.0,100.0,
EURJPY,mom rsi75 h8,60,100,hold,48.49315068493151,365,185,0.0,0.0,100.0,
EURJPY,mom rsi75 h8,60,125,design,48.49315068493151,365,721,0.5547850208044383,0.0,99.44521497919555,55.125
EURJPY,mom rsi75 h8,60,125,hold,48.49315068493151,365,185,0.0,0.0,100.0,
EURJPY,mom rsi75 h8,60,150,design,48.49315068493151,365,721,0.6934812760055479,0.0,99.30651872399446,56.625
EURJPY,mom rsi75 h8,60,150,hold,48.49315068493151,365,185,0.0,0.0,100.0,
EURJPY,mom rsi75 h8,60,200,design,48.49315068493151,365,721,6.38002773925104,0.0,93.61997226074897,40.04166666666667
EURJPY,mom rsi75 h8,60,200,hold,48.49315068493151,365,185,0.0,0.0,100.0,
EURJPY,mom rsi75 h8,90,50,design,48.49315068493151,365,721,0.0,0.0,100.0,
EURJPY,mom rsi75 h8,90,50,hold,48.49315068493151,365,175,0.0,0.0,100.0,
EURJPY,mom rsi75 h8,90,75,design,48.49315068493151,365,721,0.0,0.0,100.0,
EURJPY,mom rsi75 h8,90,75,hold,48.49315068493151,365,175,0.0,0.0,100.0,
EURJPY,mom rsi75 h8,90,100,design,48.49315068493151,365,721,0.0,0.0,100.0,
EURJPY,mom rsi75 h8,90,100,hold,48.49315068493151,365,175,0.0,0.0,100.0,
EURJPY,mom rsi75 h8,90,125,design,48.49315068493151,365,721,1.9417475728155338,0.0,98.05825242718447,70.125
EURJPY,mom rsi75 h8,90,125,hold,48.49315068493151,365,175,0.0,0.0,100.0,
EURJPY,mom rsi75 h8,90,150,design,48.49315068493151,365,721,3.0513176144244105,0.0,96.9486823855756,75.0625
EURJPY,mom rsi75 h8,90,150,hold,48.49315068493151,365,175,0.0,0.0,100.0,
EURJPY,mom rsi75 h8,90,200,design,48.49315068493151,365,721,9.29264909847434,0.6934812760055479,90.01386962552012,47.291666666666664
EURJPY,mom rsi75 h8,90,200,hold,48.49315068493151,365,175,0.0,0.0,100.0,
EURJPY,mom rsi75 h8,365,50,design,48.49315068493151,365,721,0.0,0.0,100.0,
EURJPY,mom rsi75 h8,365,50,hold,48.49315068493151,365,115,0.0,0.0,100.0,
EURJPY,mom rsi75 h8,365,75,design,48.49315068493151,365,721,0.13869625520110956,0.0,99.86130374479889,350.7083333333333
EURJPY,mom rsi75 h8,365,75,hold,48.49315068493151,365,115,0.0,0.0,100.0,
EURJPY,mom rsi75 h8,365,100,design,48.49315068493151,365,721,8.183079056865465,0.0,91.81692094313453,278.2916666666667
EURJPY,mom rsi75 h8,365,100,hold,48.49315068493151,365,115,0.0,0.0,100.0,
EURJPY,mom rsi75 h8,365,125,design,48.49315068493151,365,721,19.41747572815534,4.438280166435506,76.14424410540916,242.45833333333331
EURJPY,mom rsi75 h8,365,125,hold,48.49315068493151,365,115,0.0,0.0,100.0,
EURJPY,mom rsi75 h8,365,150,design,48.49315068493151,365,721,32.73231622746186,4.854368932038835,62.413314840499304,224.64583333333334
EURJPY,mom rsi75 h8,365,150,hold,48.49315068493151,365,115,0.0,0.0,100.0,
EURJPY,mom rsi75 h8,365,200,design,48.49315068493151,365,721,46.74063800277393,9.015256588072122,44.24410540915395,164.29166666666666
EURJPY,mom rsi75 h8,365,200,hold,48.49315068493151,365,115,0.0,0.0,100.0,
