time,0
2019-01-01 00:00:00+00:00,10000.0
2019-01-02 00:00:00+00:00,10000.0
2019-01-03 00:00:00+00:00,10000.0
2019-01-04 00:00:00+00:00,10000.0
2019-01-06 00:00:00+00:00,10000.0
2019-01-07 00:00:00+00:00,10000.0
2019-01-08 00:00:00+00:00,10000.0
2019-01-09 00:00:00+00:00,10000.0
2019-01-10 00:00:00+00:00,10000.0
2019-01-11 00:00:00+00:00,10000.0
2019-01-13 00:00:00+00:00,10000.0
2019-01-14 00:00:00+00:00,10000.0
2019-01-15 00:00:00+00:00,10022.459716796875
2019-01-16 00:00:00+00:00,10022.459716796875
2019-01-17 00:00:00+00:00,10010.291259765625
2019-01-18 00:00:00+00:00,9992.973266601562
2019-01-20 00:00:00+00:00,9992.973266601562
2019-01-21 00:00:00+00:00,9992.973266601562
2019-01-22 00:00:00+00:00,9992.973266601562
2019-01-23 00:00:00+00:00,10022.934204101562
2019-01-24 00:00:00+00:00,10022.934204101562
2019-01-25 00:00:00+00:00,10022.934204101562
2019-01-27 00:00:00+00:00,10022.934204101562
2019-01-28 00:00:00+00:00,10022.934204101562
2019-01-29 00:00:00+00:00,10022.934204101562
2019-01-30 00:00:00+00:00,10022.934204101562
2019-01-31 00:00:00+00:00,10022.934204101562
2019-02-01 00:00:00+00:00,10022.934204101562
2019-02-03 00:00:00+00:00,10022.934204101562
2019-02-04 00:00:00+00:00,10022.934204101562
2019-02-05 00:00:00+00:00,10022.934204101562
2019-02-06 00:00:00+00:00,10022.934204101562
2019-02-07 00:00:00+00:00,10021.093383789062
2019-02-08 00:00:00+00:00,10021.093383789062
2019-02-10 00:00:00+00:00,10021.093383789062
2019-02-11 00:00:00+00:00,9982.373168945312
2019-02-12 00:00:00+00:00,9982.373168945312
2019-02-13 00:00:00+00:00,9982.373168945312
2019-02-14 00:00:00+00:00,9967.973388671875
2019-02-15 00:00:00+00:00,9967.973388671875
2019-02-17 00:00:00+00:00,9967.973388671875
2019-02-18 00:00:00+00:00,9967.973388671875
2019-02-19 00:00:00+00:00,9967.973388671875
2019-02-20 00:00:00+00:00,9961.373046875
2019-02-21 00:00:00+00:00,9961.373046875
2019-02-22 00:00:00+00:00,9961.373046875
2019-02-24 00:00:00+00:00,9961.373046875
2019-02-25 00:00:00+00:00,9961.373046875
2019-02-26 00:00:00+00:00,9961.373046875
2019-02-27 00:00:00+00:00,9961.373046875
2019-02-28 00:00:00+00:00,9969.112915039062
2019-03-01 00:00:00+00:00,9969.112915039062
2019-03-03 00:00:00+00:00,9969.112915039062
2019-03-04 00:00:00+00:00,9923.562463303226
2019-03-05 00:00:00+00:00,9914.9919066626
2019-03-06 00:00:00+00:00,9914.9919066626
2019-03-07 00:00:00+00:00,9914.9919066626
2019-03-08 00:00:00+00:00,9914.9919066626
2019-03-10 00:00:00+00:00,9914.9919066626
2019-03-11 00:00:00+00:00,9914.9919066626
2019-03-12 00:00:00+00:00,9914.9919066626
2019-03-13 00:00:00+00:00,9914.9919066626
2019-03-14 00:00:00+00:00,9914.9919066626
2019-03-15 00:00:00+00:00,9948.134240646976
2019-03-17 00:00:00+00:00,9948.134240646976
2019-03-18 00:00:00+00:00,9948.134240646976
2019-03-19 00:00:00+00:00,9948.134240646976
2019-03-20 00:00:00+00:00,9948.134240646976
2019-03-21 00:00:00+00:00,9908.318810959476
2019-03-22 00:00:00+00:00,9908.318810959476
2019-03-24 00:00:00+00:00,9908.318810959476
2019-03-25 00:00:00+00:00,9908.318810959476
2019-03-26 00:00:00+00:00,9908.318810959476
2019-03-27 00:00:00+00:00,9897.784142990726
2019-03-28 00:00:00+00:00,9886.076135178226
2019-03-29 00:00:00+00:00,9886.076135178226
2019-03-31 00:00:00+00:00,9886.076135178226
2019-04-01 00:00:00+00:00,9885.563073654788
2019-04-02 00:00:00+00:00,9885.563073654788
2019-04-03 00:00:00+00:00,9885.563073654788
2019-04-04 00:00:00+00:00,9912.743249436038
2019-04-05 00:00:00+00:00,9912.743249436038
2019-04-07 00:00:00+00:00,9912.743249436038
2019-04-08 00:00:00+00:00,9912.743249436038
2019-04-09 00:00:00+00:00,9912.743249436038
2019-04-10 00:00:00+00:00,9912.743249436038
2019-04-11 00:00:00+00:00,9912.743249436038
2019-04-12 00:00:00+00:00,9912.743249436038
2019-04-14 00:00:00+00:00,9912.743249436038
2019-04-15 00:00:00+00:00,9912.743249436038
2019-04-16 00:00:00+00:00,9903.357873459476
2019-04-17 00:00:00+00:00,9903.357873459476
2019-04-18 00:00:00+00:00,9903.357873459476
2019-04-21 00:00:00+00:00,9903.357873459476
2019-04-22 00:00:00+00:00,9903.357873459476
2019-04-23 00:00:00+00:00,9903.357873459476
2019-04-24 00:00:00+00:00,9903.357873459476
2019-04-25 00:00:00+00:00,9903.357873459476
2019-04-26 00:00:00+00:00,9903.357873459476
2019-04-28 00:00:00+00:00,9903.357873459476
2019-04-29 00:00:00+00:00,9903.357873459476
2019-04-30 00:00:00+00:00,9903.357873459476
2019-05-01 00:00:00+00:00,9903.357873459476
2019-05-02 00:00:00+00:00,9896.751794357913
2019-05-03 00:00:00+00:00,9892.481774826663
2019-05-05 00:00:00+00:00,9892.481774826663
2019-05-06 00:00:00+00:00,9906.609704514163
2019-05-07 00:00:00+00:00,9906.609704514163
2019-05-08 00:00:00+00:00,9906.609704514163
2019-05-09 00:00:00+00:00,9906.609704514163
2019-05-10 00:00:00+00:00,9906.609704514163
2019-05-12 00:00:00+00:00,9906.609704514163
2019-05-13 00:00:00+00:00,9906.609704514163
2019-05-14 00:00:00+00:00,9906.609704514163
2019-05-15 00:00:00+00:00,9956.946252365726
2019-05-16 00:00:00+00:00,9956.946252365726
2019-05-17 00:00:00+00:00,9956.946252365726
2019-05-19 00:00:00+00:00,9956.946252365726
2019-05-20 00:00:00+00:00,9956.946252365726
2019-05-21 00:00:00+00:00,9962.0768676001
2019-05-22 00:00:00+00:00,9962.0768676001
2019-05-23 00:00:00+00:00,9962.0768676001
2019-05-24 00:00:00+00:00,9962.0768676001
2019-05-26 00:00:00+00:00,9962.0768676001
2019-05-27 00:00:00+00:00,9962.0768676001
2019-05-28 00:00:00+00:00,9965.899011154788
2019-05-29 00:00:00+00:00,9965.899011154788
2019-05-30 00:00:00+00:00,9965.899011154788
2019-05-31 00:00:00+00:00,9965.899011154788
2019-06-02 00:00:00+00:00,9965.899011154788
2019-06-03 00:00:00+00:00,9965.899011154788
2019-06-04 00:00:00+00:00,9965.899011154788
2019-06-05 00:00:00+00:00,9965.899011154788
2019-06-06 00:00:00+00:00,9965.899011154788
2019-06-07 00:00:00+00:00,9965.899011154788
2019-06-09 00:00:00+00:00,9967.110925217288
2019-06-10 00:00:00+00:00,9943.722741623538
2019-06-11 00:00:00+00:00,9896.580272285744
2019-06-12 00:00:00+00:00,9896.580272285744
2019-06-13 00:00:00+00:00,9896.580272285744
2019-06-14 00:00:00+00:00,9896.580272285744
2019-06-16 00:00:00+00:00,9896.580272285744
2019-06-17 00:00:00+00:00,9896.580272285744
2019-06-18 00:00:00+00:00,9896.580272285744
2019-06-19 00:00:00+00:00,9896.580272285744
2019-06-20 00:00:00+00:00,9896.580272285744
2019-06-21 00:00:00+00:00,9896.580272285744
2019-06-23 00:00:00+00:00,9896.580272285744
2019-06-24 00:00:00+00:00,9896.580272285744
2019-06-25 00:00:00+00:00,9896.580272285744
2019-06-26 00:00:00+00:00,9896.580272285744
2019-06-27 00:00:00+00:00,9896.580272285744
2019-06-28 00:00:00+00:00,9903.10834845762
2019-06-30 00:00:00+00:00,9899.77436408262
2019-07-01 00:00:00+00:00,9900.09418830137
2019-07-02 00:00:00+00:00,9900.09418830137
2019-07-03 00:00:00+00:00,9900.09418830137
2019-07-04 00:00:00+00:00,9900.09418830137
2019-07-05 00:00:00+00:00,9900.906077949807
2019-07-07 00:00:00+00:00,9900.906077949807
2019-07-08 00:00:00+00:00,9900.906077949807
2019-07-09 00:00:00+00:00,9900.906077949807
2019-07-10 00:00:00+00:00,9900.906077949807
2019-07-11 00:00:00+00:00,9900.906077949807
2019-07-12 00:00:00+00:00,9900.906077949807
2019-07-14 00:00:00+00:00,9900.906077949807
2019-07-15 00:00:00+00:00,9905.035716621682
2019-07-16 00:00:00+00:00,9905.035716621682
2019-07-17 00:00:00+00:00,9905.035716621682
2019-07-18 00:00:00+00:00,9905.035716621682
2019-07-19 00:00:00+00:00,9905.035716621682
2019-07-21 00:00:00+00:00,9905.035716621682
2019-07-22 00:00:00+00:00,9905.035716621682
2019-07-23 00:00:00+00:00,9895.813792793557
2019-07-24 00:00:00+00:00,9895.813792793557
2019-07-25 00:00:00+00:00,9895.813792793557
2019-07-26 00:00:00+00:00,9895.813792793557
2019-07-28 00:00:00+00:00,9895.813792793557
2019-07-29 00:00:00+00:00,9895.813792793557
2019-07-30 00:00:00+00:00,9895.813792793557
2019-07-31 00:00:00+00:00,9904.30073127012
2019-08-01 00:00:00+00:00,9904.30073127012
2019-08-02 00:00:00+00:00,9904.30073127012
2019-08-04 00:00:00+00:00,9904.30073127012
2019-08-05 00:00:00+00:00,9904.30073127012
2019-08-06 00:00:00+00:00,9904.30073127012
2019-08-07 00:00:00+00:00,9904.30073127012
2019-08-08 00:00:00+00:00,9904.30073127012
2019-08-09 00:00:00+00:00,9914.966014473244
2019-08-11 00:00:00+00:00,9914.966014473244
2019-08-12 00:00:00+00:00,9991.946483223244
2019-08-13 00:00:00+00:00,9991.946483223244
2019-08-14 00:00:00+00:00,9991.946483223244
2019-08-15 00:00:00+00:00,10020.566234199807
2019-08-16 00:00:00+00:00,10020.566234199807
2019-08-18 00:00:00+00:00,10020.566234199807
2019-08-19 00:00:00+00:00,10002.806468574807
2019-08-20 00:00:00+00:00,10002.806468574807
2019-08-21 00:00:00+00:00,10002.806468574807
2019-08-22 00:00:00+00:00,10002.806468574807
2019-08-23 00:00:00+00:00,10002.806468574807
2019-08-25 00:00:00+00:00,10002.806468574807
2019-08-26 00:00:00+00:00,10001.366527168557
2019-08-27 00:00:00+00:00,10001.366527168557
2019-08-28 00:00:00+00:00,10012.978343574807
2019-08-29 00:00:00+00:00,10012.978343574807
2019-08-30 00:00:00+00:00,10012.978343574807
2019-09-01 00:00:00+00:00,10012.978343574807
2019-09-02 00:00:00+00:00,10012.978343574807
2019-09-03 00:00:00+00:00,10012.978343574807
2019-09-04 00:00:00+00:00,10012.978343574807
2019-09-05 00:00:00+00:00,10012.978343574807
2019-09-06 00:00:00+00:00,10015.657542793557
2019-09-08 00:00:00+00:00,10015.657542793557
2019-09-09 00:00:00+00:00,10022.77631720762
2019-09-10 00:00:00+00:00,10022.77631720762
2019-09-11 00:00:00+00:00,10022.77631720762
2019-09-12 00:00:00+00:00,10022.77631720762
2019-09-13 00:00:00+00:00,10022.77631720762
2019-09-15 00:00:00+00:00,10022.77631720762
2019-09-16 00:00:00+00:00,10022.77631720762
2019-09-17 00:00:00+00:00,10022.77631720762
2019-09-18 00:00:00+00:00,10010.887279121682
2019-09-19 00:00:00+00:00,10010.887279121682
2019-09-20 00:00:00+00:00,10026.024974434182
2019-09-22 00:00:00+00:00,10026.024974434182
2019-09-23 00:00:00+00:00,10026.024974434182
2019-09-24 00:00:00+00:00,10026.024974434182
2019-09-25 00:00:00+00:00,9983.575870886829
2019-09-26 00:00:00+00:00,9983.575870886829
2019-09-27 00:00:00+00:00,9940.226284181015
2019-09-29 00:00:00+00:00,9940.226284181015
2019-09-30 00:00:00+00:00,9947.13229004039
2019-10-01 00:00:00+00:00,9947.13229004039
2019-10-02 00:00:00+00:00,9947.13229004039
2019-10-03 00:00:00+00:00,9947.13229004039
2019-10-04 00:00:00+00:00,9970.112514649765
2019-10-06 00:00:00+00:00,9970.112514649765
2019-10-07 00:00:00+00:00,9956.327724610703
2019-10-08 00:00:00+00:00,9956.327724610703
2019-10-09 00:00:00+00:00,9956.327724610703
2019-10-10 00:00:00+00:00,9956.327724610703
2019-10-11 00:00:00+00:00,9956.327724610703
2019-10-13 00:00:00+00:00,9956.327724610703
2019-10-14 00:00:00+00:00,9956.327724610703
2019-10-15 00:00:00+00:00,9911.13783348861
2019-10-16 00:00:00+00:00,9935.45570458236
2019-10-17 00:00:00+00:00,9935.45570458236
2019-10-18 00:00:00+00:00,9935.45570458236
2019-10-20 00:00:00+00:00,9935.45570458236
2019-10-21 00:00:00+00:00,9935.45570458236
2019-10-22 00:00:00+00:00,9935.45570458236
2019-10-23 00:00:00+00:00,9935.45570458236
2019-10-24 00:00:00+00:00,9945.066178215173
2019-10-25 00:00:00+00:00,9945.066178215173
2019-10-27 00:00:00+00:00,9945.066178215173
2019-10-28 00:00:00+00:00,9917.83168114486
2019-10-29 00:00:00+00:00,9917.84632958236
2019-10-30 00:00:00+00:00,9943.61830223861
2019-10-31 00:00:00+00:00,9943.61830223861
2019-11-01 00:00:00+00:00,9943.61830223861
2019-11-03 00:00:00+00:00,9943.61830223861
2019-11-04 00:00:00+00:00,9943.61830223861
2019-11-05 00:00:00+00:00,9943.61830223861
2019-11-06 00:00:00+00:00,9943.61830223861
2019-11-07 00:00:00+00:00,9895.607193840173
2019-11-08 00:00:00+00:00,9895.607193840173
2019-11-10 00:00:00+00:00,9895.607193840173
2019-11-11 00:00:00+00:00,9904.631119621423
2019-11-12 00:00:00+00:00,9856.245780359002
2019-11-13 00:00:00+00:00,9856.245780359002
2019-11-14 00:00:00+00:00,9856.245780359002
2019-11-15 00:00:00+00:00,9856.245780359002
2019-11-17 00:00:00+00:00,9856.245780359002
2019-11-18 00:00:00+00:00,9856.245780359002
2019-11-19 00:00:00+00:00,9856.245780359002
2019-11-20 00:00:00+00:00,9856.245780359002
2019-11-21 00:00:00+00:00,9856.245780359002
2019-11-22 00:00:00+00:00,9856.245780359002
2019-11-24 00:00:00+00:00,9855.98686922619
2019-11-25 00:00:00+00:00,9865.627860437127
2019-11-26 00:00:00+00:00,9865.627860437127
2019-11-27 00:00:00+00:00,9874.363456140252
2019-11-28 00:00:00+00:00,9874.363456140252
2019-11-29 00:00:00+00:00,9965.278834697978
2019-12-01 00:00:00+00:00,9965.278834697978
2019-12-02 00:00:00+00:00,9982.662623760478
2019-12-03 00:00:00+00:00,9982.662623760478
2019-12-04 00:00:00+00:00,9982.662623760478
2019-12-05 00:00:00+00:00,9982.662623760478
2019-12-06 00:00:00+00:00,9995.45522629954
2019-12-08 00:00:00+00:00,9995.45522629954
2019-12-09 00:00:00+00:00,9995.45522629954
2019-12-10 00:00:00+00:00,9995.45522629954
2019-12-11 00:00:00+00:00,9995.45522629954
2019-12-12 00:00:00+00:00,9995.45522629954
2019-12-13 00:00:00+00:00,9995.45522629954
2019-12-15 00:00:00+00:00,9995.45522629954
2019-12-16 00:00:00+00:00,9995.45522629954
2019-12-17 00:00:00+00:00,9995.45522629954
2019-12-18 00:00:00+00:00,9995.45522629954
2019-12-19 00:00:00+00:00,9995.45522629954
2019-12-20 00:00:00+00:00,9995.45522629954
2019-12-22 00:00:00+00:00,9995.45522629954
2019-12-23 00:00:00+00:00,9995.45522629954
2019-12-24 00:00:00+00:00,9995.45522629954
2019-12-25 00:00:00+00:00,9995.45522629954
2019-12-26 00:00:00+00:00,9995.45522629954
2019-12-27 00:00:00+00:00,9995.45522629954
2019-12-29 00:00:00+00:00,9995.45522629954
2019-12-30 00:00:00+00:00,9995.45522629954
2019-12-31 00:00:00+00:00,9995.45522629954
2020-01-01 00:00:00+00:00,9995.45522629954
2020-01-02 00:00:00+00:00,9995.45522629954
2020-01-03 00:00:00+00:00,9995.45522629954
2020-01-05 00:00:00+00:00,9995.45522629954
2020-01-06 00:00:00+00:00,9988.294337627665
2020-01-07 00:00:00+00:00,10005.574611065165
2020-01-08 00:00:00+00:00,10005.574611065165
2020-01-09 00:00:00+00:00,9987.786525127665
2020-01-10 00:00:00+00:00,9987.786525127665
2020-01-12 00:00:00+00:00,9987.786525127665
2020-01-13 00:00:00+00:00,9987.786525127665
2020-01-14 00:00:00+00:00,9938.792679453198
2020-01-15 00:00:00+00:00,9938.792679453198
2020-01-16 00:00:00+00:00,9949.14289917976
2020-01-17 00:00:00+00:00,9949.14289917976
2020-01-19 00:00:00+00:00,9949.14289917976
2020-01-20 00:00:00+00:00,9949.14289917976
2020-01-21 00:00:00+00:00,9928.757767343823
2020-01-22 00:00:00+00:00,9928.757767343823
2020-01-23 00:00:00+00:00,9928.757767343823
2020-01-24 00:00:00+00:00,9928.757767343823
2020-01-26 00:00:00+00:00,9928.757767343823
2020-01-27 00:00:00+00:00,9928.757767343823
2020-01-28 00:00:00+00:00,9907.05793824226
2020-01-29 00:00:00+00:00,9907.05793824226
2020-01-30 00:00:00+00:00,9907.05793824226
2020-01-31 00:00:00+00:00,9907.05793824226
2020-02-02 00:00:00+00:00,9907.05793824226
2020-02-03 00:00:00+00:00,9921.33772339851
2020-02-04 00:00:00+00:00,9921.33772339851
2020-02-05 00:00:00+00:00,9921.33772339851
2020-02-06 00:00:00+00:00,9921.33772339851
2020-02-07 00:00:00+00:00,9961.06623902351
2020-02-09 00:00:00+00:00,9961.06623902351
2020-02-10 00:00:00+00:00,9961.06623902351
2020-02-11 00:00:00+00:00,9961.06623902351
2020-02-12 00:00:00+00:00,9964.06330933601
2020-02-13 00:00:00+00:00,9964.06330933601
2020-02-14 00:00:00+00:00,9964.06330933601
2020-02-16 00:00:00+00:00,9964.06330933601
2020-02-17 00:00:00+00:00,9964.06330933601
2020-02-18 00:00:00+00:00,9964.06330933601
2020-02-19 00:00:00+00:00,9964.06330933601
2020-02-20 00:00:00+00:00,9964.06330933601
2020-02-21 00:00:00+00:00,9964.06330933601
2020-02-23 00:00:00+00:00,9964.06330933601
2020-02-24 00:00:00+00:00,9964.06330933601
2020-02-25 00:00:00+00:00,9964.06330933601
2020-02-26 00:00:00+00:00,9964.06330933601
2020-02-27 00:00:00+00:00,9964.06330933601
2020-02-28 00:00:00+00:00,9965.096268320385
2020-03-01 00:00:00+00:00,9965.096268320385
2020-03-02 00:00:00+00:00,9965.096268320385
2020-03-03 00:00:00+00:00,9965.096268320385
2020-03-04 00:00:00+00:00,9979.46223511726
2020-03-05 00:00:00+00:00,9979.46223511726
2020-03-06 00:00:00+00:00,9979.46223511726
2020-03-08 00:00:00+00:00,9979.46223511726
2020-03-09 00:00:00+00:00,9979.46223511726
2020-03-10 00:00:00+00:00,9987.39436402351
2020-03-11 00:00:00+00:00,9987.39436402351
2020-03-12 00:00:00+00:00,9953.598231378446
2020-03-13 00:00:00+00:00,9986.301234308134
2020-03-15 00:00:00+00:00,9986.301234308134
2020-03-16 00:00:00+00:00,9986.301234308134
2020-03-17 00:00:00+00:00,9986.301234308134
2020-03-18 00:00:00+00:00,9957.620562057205
2020-03-19 00:00:00+00:00,9957.620562057205
2020-03-20 00:00:00+00:00,9957.620562057205
2020-03-22 00:00:00+00:00,9957.620562057205
2020-03-23 00:00:00+00:00,9957.620562057205
2020-03-24 00:00:00+00:00,9957.620562057205
2020-03-25 00:00:00+00:00,9957.620562057205
2020-03-26 00:00:00+00:00,9957.620562057205
2020-03-27 00:00:00+00:00,9957.620562057205
2020-03-29 00:00:00+00:00,9957.620562057205
2020-03-30 00:00:00+00:00,9957.620562057205
2020-03-31 00:00:00+00:00,9958.37275932283
2020-04-01 00:00:00+00:00,9958.37275932283
2020-04-02 00:00:00+00:00,9958.37275932283
2020-04-03 00:00:00+00:00,9958.37275932283
2020-04-05 00:00:00+00:00,9963.608721236893
2020-04-06 00:00:00+00:00,9963.848711471268
2020-04-07 00:00:00+00:00,9963.848711471268
2020-04-08 00:00:00+00:00,9963.848711471268
2020-04-09 00:00:00+00:00,9963.848711471268
2020-04-12 00:00:00+00:00,9963.848711471268
2020-04-13 00:00:00+00:00,9963.848711471268
2020-04-14 00:00:00+00:00,9963.848711471268
2020-04-15 00:00:00+00:00,9963.848711471268
2020-04-16 00:00:00+00:00,9963.848711471268
2020-04-17 00:00:00+00:00,9962.494707565018
2020-04-19 00:00:00+00:00,9962.494707565018
2020-04-20 00:00:00+00:00,9962.494707565018
2020-04-21 00:00:00+00:00,9962.494707565018
2020-04-22 00:00:00+00:00,9962.494707565018
2020-04-23 00:00:00+00:00,9962.494707565018
2020-04-24 00:00:00+00:00,9962.494707565018
2020-04-26 00:00:00+00:00,9962.494707565018
2020-04-27 00:00:00+00:00,9969.892900924393
2020-04-28 00:00:00+00:00,9969.892900924393
2020-04-29 00:00:00+00:00,9982.511064986893
2020-04-30 00:00:00+00:00,9955.402910690018
2020-05-01 00:00:00+00:00,9937.981890182205
2020-05-03 00:00:00+00:00,9937.981890182205
2020-05-04 00:00:00+00:00,9937.981890182205
2020-05-05 00:00:00+00:00,9937.981890182205
2020-05-06 00:00:00+00:00,9928.213823775955
2020-05-07 00:00:00+00:00,9928.213823775955
2020-05-08 00:00:00+00:00,9928.213823775955
2020-05-10 00:00:00+00:00,9928.213823775955
2020-05-11 00:00:00+00:00,9928.213823775955
2020-05-12 00:00:00+00:00,9928.213823775955
2020-05-13 00:00:00+00:00,9928.213823775955
2020-05-14 00:00:00+00:00,9928.213823775955
2020-05-15 00:00:00+00:00,9928.213823775955
2020-05-17 00:00:00+00:00,9928.213823775955
2020-05-18 00:00:00+00:00,9928.213823775955
2020-05-19 00:00:00+00:00,9928.213823775955
2020-05-20 00:00:00+00:00,9928.213823775955
2020-05-21 00:00:00+00:00,9934.11982963533
2020-05-22 00:00:00+00:00,9934.11982963533
2020-05-24 00:00:00+00:00,9934.11982963533
2020-05-25 00:00:00+00:00,9934.11982963533
2020-05-26 00:00:00+00:00,9934.11982963533
2020-05-27 00:00:00+00:00,9934.11982963533
2020-05-28 00:00:00+00:00,9934.11982963533
2020-05-29 00:00:00+00:00,9934.11982963533
2020-05-31 00:00:00+00:00,9934.11982963533
2020-06-01 00:00:00+00:00,9934.11982963533
2020-06-02 00:00:00+00:00,9924.151812057205
2020-06-03 00:00:00+00:00,9914.50361869783
2020-06-04 00:00:00+00:00,9914.50361869783
2020-06-05 00:00:00+00:00,9910.636675338455
2020-06-07 00:00:00+00:00,9910.636675338455
2020-06-08 00:00:00+00:00,9940.954546432205
2020-06-09 00:00:00+00:00,9940.954546432205
2020-06-10 00:00:00+00:00,9940.954546432205
2020-06-11 00:00:00+00:00,9940.954546432205
2020-06-12 00:00:00+00:00,9940.954546432205
2020-06-14 00:00:00+00:00,9940.954546432205
2020-06-15 00:00:00+00:00,9940.954546432205
2020-06-16 00:00:00+00:00,9940.954546432205
2020-06-17 00:00:00+00:00,9940.954546432205
2020-06-18 00:00:00+00:00,9940.954546432205
2020-06-19 00:00:00+00:00,9940.954546432205
2020-06-21 00:00:00+00:00,9940.954546432205
2020-06-22 00:00:00+00:00,9946.333452682205
2020-06-23 00:00:00+00:00,9946.333452682205
2020-06-24 00:00:00+00:00,9946.333452682205
2020-06-25 00:00:00+00:00,9946.333452682205
2020-06-26 00:00:00+00:00,9983.48262260408
2020-06-28 00:00:00+00:00,9983.48262260408
2020-06-29 00:00:00+00:00,9983.48262260408
2020-06-30 00:00:00+00:00,10049.98652885408
2020-07-01 00:00:00+00:00,10049.98652885408
2020-07-02 00:00:00+00:00,10096.774370650955
2020-07-03 00:00:00+00:00,10096.774370650955
2020-07-05 00:00:00+00:00,10096.774370650955
2020-07-06 00:00:00+00:00,10096.774370650955
2020-07-07 00:00:00+00:00,10096.774370650955
2020-07-08 00:00:00+00:00,10096.774370650955
2020-07-09 00:00:00+00:00,10116.974565963455
2020-07-10 00:00:00+00:00,10116.974565963455
2020-07-12 00:00:00+00:00,10116.974565963455
2020-07-13 00:00:00+00:00,10116.974565963455
2020-07-14 00:00:00+00:00,10116.974565963455
2020-07-15 00:00:00+00:00,10116.974565963455
2020-07-16 00:00:00+00:00,10116.974565963455
2020-07-17 00:00:00+00:00,10116.974565963455
2020-07-19 00:00:00+00:00,10116.974565963455
2020-07-20 00:00:00+00:00,10116.974565963455
2020-07-21 00:00:00+00:00,10116.974565963455
2020-07-22 00:00:00+00:00,10116.974565963455
2020-07-23 00:00:00+00:00,10116.974565963455
2020-07-24 00:00:00+00:00,10116.974565963455
2020-07-26 00:00:00+00:00,10116.974565963455
2020-07-27 00:00:00+00:00,10116.974565963455
2020-07-28 00:00:00+00:00,10116.974565963455
2020-07-29 00:00:00+00:00,10142.98457572908
2020-07-30 00:00:00+00:00,10142.98457572908
2020-07-31 00:00:00+00:00,10153.73066947908
2020-08-02 00:00:00+00:00,10153.73066947908
2020-08-03 00:00:00+00:00,10153.73066947908
2020-08-04 00:00:00+00:00,10153.73066947908
2020-08-05 00:00:00+00:00,10153.73066947908
2020-08-06 00:00:00+00:00,10153.73066947908
2020-08-07 00:00:00+00:00,10153.73066947908
2020-08-09 00:00:00+00:00,10153.73066947908
2020-08-10 00:00:00+00:00,10153.73066947908
2020-08-11 00:00:00+00:00,10111.512917576558
2020-08-12 00:00:00+00:00,10111.512917576558
2020-08-13 00:00:00+00:00,10111.512917576558
2020-08-14 00:00:00+00:00,10111.512917576558
2020-08-16 00:00:00+00:00,10111.512917576558
2020-08-17 00:00:00+00:00,10111.512917576558
2020-08-18 00:00:00+00:00,10132.762917576558
2020-08-19 00:00:00+00:00,10114.01596933437
2020-08-20 00:00:00+00:00,10114.01596933437
2020-08-21 00:00:00+00:00,10114.01596933437
2020-08-23 00:00:00+00:00,10114.01596933437
2020-08-24 00:00:00+00:00,10114.01596933437
2020-08-25 00:00:00+00:00,10114.01596933437
2020-08-26 00:00:00+00:00,10183.115822849995
2020-08-27 00:00:00+00:00,10183.115822849995
2020-08-28 00:00:00+00:00,10183.115822849995
2020-08-30 00:00:00+00:00,10183.115822849995
2020-08-31 00:00:00+00:00,10183.115822849995
2020-09-01 00:00:00+00:00,10179.578835545308
2020-09-02 00:00:00+00:00,10179.578835545308
2020-09-03 00:00:00+00:00,10179.578835545308
2020-09-04 00:00:00+00:00,10179.578835545308
2020-09-06 00:00:00+00:00,10179.578835545308
2020-09-07 00:00:00+00:00,10179.578835545308
2020-09-08 00:00:00+00:00,10179.578835545308
2020-09-09 00:00:00+00:00,10179.578835545308
2020-09-10 00:00:00+00:00,10179.578835545308
2020-09-11 00:00:00+00:00,10179.578835545308
2020-09-13 00:00:00+00:00,10179.578835545308
2020-09-14 00:00:00+00:00,10179.578835545308
2020-09-15 00:00:00+00:00,10182.564919529683
2020-09-16 00:00:00+00:00,10182.564919529683
2020-09-17 00:00:00+00:00,10176.096901951558
2020-09-18 00:00:00+00:00,10176.096901951558
2020-09-20 00:00:00+00:00,10176.096901951558
2020-09-21 00:00:00+00:00,10126.796034220382
2020-09-22 00:00:00+00:00,10126.796034220382
2020-09-23 00:00:00+00:00,10126.796034220382
2020-09-24 00:00:00+00:00,10126.796034220382
2020-09-25 00:00:00+00:00,10126.796034220382
2020-09-27 00:00:00+00:00,10126.796034220382
2020-09-28 00:00:00+00:00,10126.796034220382
2020-09-29 00:00:00+00:00,10126.796034220382
2020-09-30 00:00:00+00:00,10125.026136759445
2020-10-01 00:00:00+00:00,10125.026136759445
2020-10-02 00:00:00+00:00,10125.026136759445
2020-10-04 00:00:00+00:00,10125.026136759445
2020-10-05 00:00:00+00:00,10125.026136759445
2020-10-06 00:00:00+00:00,10095.677992228195
2020-10-07 00:00:00+00:00,10095.677992228195
2020-10-08 00:00:00+00:00,10095.677992228195
2020-10-09 00:00:00+00:00,10095.677992228195
2020-10-11 00:00:00+00:00,10095.677992228195
2020-10-12 00:00:00+00:00,10095.677992228195
2020-10-13 00:00:00+00:00,10058.187441585573
2020-10-14 00:00:00+00:00,10089.966494319948
2020-10-15 00:00:00+00:00,10089.966494319948
2020-10-16 00:00:00+00:00,10089.966494319948
2020-10-18 00:00:00+00:00,10089.966494319948
2020-10-19 00:00:00+00:00,10089.966494319948
2020-10-20 00:00:00+00:00,10108.990420101198
2020-10-21 00:00:00+00:00,10108.990420101198
2020-10-22 00:00:00+00:00,10096.558291194948
2020-10-23 00:00:00+00:00,10095.037050960573
2020-10-25 00:00:00+00:00,10108.936220882448
2020-10-26 00:00:00+00:00,10110.915957210573
2020-10-27 00:00:00+00:00,10110.915957210573
2020-10-28 00:00:00+00:00,10070.146336865368
2020-10-29 00:00:00+00:00,10057.330418896618
2020-10-30 00:00:00+00:00,10057.330418896618
2020-11-01 00:00:00+00:00,10057.330418896618
2020-11-02 00:00:00+00:00,10057.330418896618
2020-11-03 00:00:00+00:00,10057.330418896618
2020-11-04 00:00:00+00:00,10057.330418896618
2020-11-05 00:00:00+00:00,10057.330418896618
2020-11-06 00:00:00+00:00,10057.330418896618
2020-11-08 00:00:00+00:00,10057.330418896618
2020-11-09 00:00:00+00:00,10011.488393589014
2020-11-10 00:00:00+00:00,10011.488393589014
2020-11-11 00:00:00+00:00,10011.488393589014
2020-11-12 00:00:00+00:00,10011.488393589014
2020-11-13 00:00:00+00:00,10011.488393589014
2020-11-15 00:00:00+00:00,10011.488393589014
2020-11-16 00:00:00+00:00,10051.614370151514
2020-11-17 00:00:00+00:00,10056.826772495264
2020-11-18 00:00:00+00:00,10056.826772495264
2020-11-19 00:00:00+00:00,10056.826772495264
2020-11-20 00:00:00+00:00,10056.826772495264
2020-11-22 00:00:00+00:00,10056.826772495264
2020-11-23 00:00:00+00:00,10050.299794956201
2020-11-24 00:00:00+00:00,10050.299794956201
2020-11-25 00:00:00+00:00,10050.299794956201
2020-11-26 00:00:00+00:00,10050.299794956201
2020-11-27 00:00:00+00:00,10001.076956500463
2020-11-29 00:00:00+00:00,10001.076956500463
2020-11-30 00:00:00+00:00,10014.996878375463
2020-12-01 00:00:00+00:00,10014.996878375463
2020-12-02 00:00:00+00:00,10014.996878375463
2020-12-03 00:00:00+00:00,10014.996878375463
2020-12-04 00:00:00+00:00,10014.996878375463
2020-12-06 00:00:00+00:00,10014.996878375463
2020-12-07 00:00:00+00:00,10018.048880328588
2020-12-08 00:00:00+00:00,10018.048880328588
2020-12-09 00:00:00+00:00,10003.40495943015
2020-12-10 00:00:00+00:00,10003.40495943015
2020-12-11 00:00:00+00:00,10003.40495943015
2020-12-13 00:00:00+00:00,10003.40495943015
2020-12-14 00:00:00+00:00,9997.0851352114
2020-12-15 00:00:00+00:00,9997.0851352114
2020-12-16 00:00:00+00:00,9997.0851352114
2020-12-17 00:00:00+00:00,9997.0851352114
2020-12-18 00:00:00+00:00,9997.0851352114
2020-12-20 00:00:00+00:00,9997.0851352114
2020-12-21 00:00:00+00:00,9997.0851352114
2020-12-22 00:00:00+00:00,10002.31120943015
2020-12-23 00:00:00+00:00,10002.31120943015
2020-12-24 00:00:00+00:00,10002.31120943015
2020-12-27 00:00:00+00:00,10002.31120943015
2020-12-28 00:00:00+00:00,10002.31120943015
2020-12-29 00:00:00+00:00,10002.31120943015
2020-12-30 00:00:00+00:00,10002.31120943015
2020-12-31 00:00:00+00:00,10002.31120943015
2021-01-03 00:00:00+00:00,10002.31120943015
2021-01-04 00:00:00+00:00,10002.31120943015
2021-01-05 00:00:00+00:00,10002.31120943015
2021-01-06 00:00:00+00:00,9974.655086867891
2021-01-07 00:00:00+00:00,9974.655086867891
2021-01-08 00:00:00+00:00,9981.251156203829
2021-01-10 00:00:00+00:00,9981.251156203829
2021-01-11 00:00:00+00:00,9994.701107375704
2021-01-12 00:00:00+00:00,9983.527035110079
2021-01-13 00:00:00+00:00,9988.326961867891
2021-01-14 00:00:00+00:00,9990.613094680391
2021-01-15 00:00:00+00:00,9990.613094680391
2021-01-17 00:00:00+00:00,9982.493099563204
2021-01-18 00:00:00+00:00,9999.573177688204
2021-01-19 00:00:00+00:00,9999.573177688204
2021-01-20 00:00:00+00:00,10060.211361281954
2021-01-21 00:00:00+00:00,10067.083431594454
2021-01-22 00:00:00+00:00,10047.961361281954
2021-01-24 00:00:00+00:00,10047.961361281954
2021-01-25 00:00:00+00:00,10047.961361281954
2021-01-26 00:00:00+00:00,10047.961361281954
2021-01-27 00:00:00+00:00,10047.961361281954
2021-01-28 00:00:00+00:00,10047.961361281954
2021-01-29 00:00:00+00:00,10047.961361281954
2021-01-31 00:00:00+00:00,10047.961361281954
2021-02-01 00:00:00+00:00,10047.961361281954
2021-02-02 00:00:00+00:00,10047.961361281954
2021-02-03 00:00:00+00:00,10047.961361281954
2021-02-04 00:00:00+00:00,9993.660645781416
2021-02-05 00:00:00+00:00,9993.660645781416
2021-02-07 00:00:00+00:00,9993.660645781416
2021-02-08 00:00:00+00:00,9993.660645781416
2021-02-09 00:00:00+00:00,9993.660645781416
2021-02-10 00:00:00+00:00,9993.660645781416
2021-02-11 00:00:00+00:00,9993.660645781416
2021-02-12 00:00:00+00:00,9993.660645781416
2021-02-14 00:00:00+00:00,9993.660645781416
2021-02-15 00:00:00+00:00,9993.660645781416
2021-02-16 00:00:00+00:00,9960.645251621054
2021-02-17 00:00:00+00:00,9972.225329746054
2021-02-18 00:00:00+00:00,9972.225329746054
2021-02-19 00:00:00+00:00,9961.815051425741
2021-02-21 00:00:00+00:00,9961.815051425741
2021-02-22 00:00:00+00:00,9961.815051425741
2021-02-23 00:00:00+00:00,9961.815051425741
2021-02-24 00:00:00+00:00,9965.465197910116
2021-02-25 00:00:00+00:00,9965.465197910116
2021-02-26 00:00:00+00:00,9956.388171542929
2021-02-28 00:00:00+00:00,9956.388171542929
2021-03-01 00:00:00+00:00,9956.388171542929
2021-03-02 00:00:00+00:00,9950.710193027304
2021-03-03 00:00:00+00:00,9955.734118808554
2021-03-04 00:00:00+00:00,9955.734118808554
2021-03-05 00:00:00+00:00,9955.734118808554
2021-03-07 00:00:00+00:00,9955.734118808554
2021-03-08 00:00:00+00:00,9955.734118808554
2021-03-09 00:00:00+00:00,9955.734118808554
2021-03-10 00:00:00+00:00,9955.734118808554
2021-03-11 00:00:00+00:00,9955.734118808554
2021-03-12 00:00:00+00:00,9955.734118808554
2021-03-14 00:00:00+00:00,9955.734118808554
2021-03-15 00:00:00+00:00,9955.734118808554
2021-03-16 00:00:00+00:00,9955.734118808554
2021-03-17 00:00:00+00:00,9961.134021152304
2021-03-18 00:00:00+00:00,9929.172229160116
2021-03-19 00:00:00+00:00,9929.172229160116
2021-03-21 00:00:00+00:00,9929.172229160116
2021-03-22 00:00:00+00:00,9929.172229160116
2021-03-23 00:00:00+00:00,9931.937121738241
2021-03-24 00:00:00+00:00,9931.937121738241
2021-03-25 00:00:00+00:00,9931.937121738241
2021-03-26 00:00:00+00:00,9931.937121738241
2021-03-28 00:00:00+00:00,9931.937121738241
2021-03-29 00:00:00+00:00,9933.480944980429
2021-03-30 00:00:00+00:00,9933.480944980429
2021-03-31 00:00:00+00:00,9933.480944980429
2021-04-01 00:00:00+00:00,9933.480944980429
2021-04-04 00:00:00+00:00,9933.480944980429
2021-04-05 00:00:00+00:00,9933.480944980429
2021-04-06 00:00:00+00:00,9933.480944980429
2021-04-07 00:00:00+00:00,9933.480944980429
2021-04-08 00:00:00+00:00,9933.480944980429
2021-04-09 00:00:00+00:00,9951.961047519491
2021-04-11 00:00:00+00:00,9951.961047519491
2021-04-12 00:00:00+00:00,9951.961047519491
2021-04-13 00:00:00+00:00,9951.961047519491
2021-04-14 00:00:00+00:00,9951.961047519491
2021-04-15 00:00:00+00:00,9951.961047519491
2021-04-16 00:00:00+00:00,9951.961047519491
2021-04-18 00:00:00+00:00,9951.961047519491
2021-04-19 00:00:00+00:00,9951.961047519491
2021-04-20 00:00:00+00:00,9951.961047519491
2021-04-21 00:00:00+00:00,9951.961047519491
2021-04-22 00:00:00+00:00,9951.961047519491
2021-04-23 00:00:00+00:00,9951.961047519491
2021-04-25 00:00:00+00:00,9951.961047519491
2021-04-26 00:00:00+00:00,9951.961047519491
2021-04-27 00:00:00+00:00,9990.891101230429
2021-04-28 00:00:00+00:00,9980.289294589804
2021-04-29 00:00:00+00:00,10000.215319980429
2021-04-30 00:00:00+00:00,10000.215319980429
2021-05-02 00:00:00+00:00,10000.215319980429
2021-05-03 00:00:00+00:00,10000.215319980429
2021-05-04 00:00:00+00:00,10003.407214511679
2021-05-05 00:00:00+00:00,10003.407214511679
2021-05-06 00:00:00+00:00,10003.407214511679
2021-05-07 00:00:00+00:00,10003.407214511679
2021-05-09 00:00:00+00:00,10003.407214511679
2021-05-10 00:00:00+00:00,10003.407214511679
2021-05-11 00:00:00+00:00,10027.986194003866
2021-05-12 00:00:00+00:00,10017.300769199179
2021-05-13 00:00:00+00:00,10017.300769199179
2021-05-14 00:00:00+00:00,10017.300769199179
2021-05-16 00:00:00+00:00,10017.300769199179
2021-05-17 00:00:00+00:00,10017.300769199179
2021-05-18 00:00:00+00:00,10017.300769199179
2021-05-19 00:00:00+00:00,10017.300769199179
2021-05-20 00:00:00+00:00,10017.300769199179
2021-05-21 00:00:00+00:00,10017.300769199179
2021-05-23 00:00:00+00:00,10017.300769199179
2021-05-24 00:00:00+00:00,10017.300769199179
2021-05-25 00:00:00+00:00,10017.300769199179
2021-05-26 00:00:00+00:00,10023.322741855429
2021-05-27 00:00:00+00:00,10023.322741855429
2021-05-28 00:00:00+00:00,10074.455066074179
2021-05-30 00:00:00+00:00,10074.455066074179
2021-05-31 00:00:00+00:00,10074.455066074179
2021-06-01 00:00:00+00:00,10074.455066074179
2021-06-02 00:00:00+00:00,10074.455066074179
2021-06-03 00:00:00+00:00,10051.366931308554
2021-06-04 00:00:00+00:00,10070.795153964804
2021-06-06 00:00:00+00:00,10070.795153964804
2021-06-07 00:00:00+00:00,10070.795153964804
2021-06-08 00:00:00+00:00,10070.795153964804
2021-06-09 00:00:00+00:00,10070.795153964804
2021-06-10 00:00:00+00:00,10070.795153964804
2021-06-11 00:00:00+00:00,10070.795153964804
2021-06-13 00:00:00+00:00,10070.795153964804
2021-06-14 00:00:00+00:00,10070.795153964804
2021-06-15 00:00:00+00:00,10070.795153964804
2021-06-16 00:00:00+00:00,10026.395008545198
2021-06-17 00:00:00+00:00,10026.395008545198
2021-06-18 00:00:00+00:00,10017.919178467073
2021-06-20 00:00:00+00:00,10017.919178467073
2021-06-21 00:00:00+00:00,10017.919178467073
2021-06-22 00:00:00+00:00,10017.919178467073
2021-06-23 00:00:00+00:00,10017.919178467073
2021-06-24 00:00:00+00:00,10017.919178467073
2021-06-25 00:00:00+00:00,10017.919178467073
2021-06-27 00:00:00+00:00,10017.919178467073
2021-06-28 00:00:00+00:00,10059.34923217801
2021-06-29 00:00:00+00:00,10059.34923217801
2021-06-30 00:00:00+00:00,10059.34923217801
2021-07-01 00:00:00+00:00,10059.34923217801
2021-07-02 00:00:00+00:00,10119.164295654573
2021-07-04 00:00:00+00:00,10119.164295654573
2021-07-05 00:00:00+00:00,10119.164295654573
2021-07-06 00:00:00+00:00,10119.164295654573
2021-07-07 00:00:00+00:00,10119.164295654573
2021-07-08 00:00:00+00:00,10119.164295654573
2021-07-09 00:00:00+00:00,10119.164295654573
2021-07-11 00:00:00+00:00,10119.164295654573
2021-07-12 00:00:00+00:00,10158.212269287385
2021-07-13 00:00:00+00:00,10158.212269287385
2021-07-14 00:00:00+00:00,10158.212269287385
2021-07-15 00:00:00+00:00,10144.916370849885
2021-07-16 00:00:00+00:00,10124.180042724885
2021-07-18 00:00:00+00:00,10124.180042724885
2021-07-19 00:00:00+00:00,10108.603870849885
2021-07-20 00:00:00+00:00,10108.603870849885
2021-07-21 00:00:00+00:00,10108.603870849885
2021-07-22 00:00:00+00:00,10108.603870849885
2021-07-23 00:00:00+00:00,10108.603870849885
2021-07-25 00:00:00+00:00,10108.603870849885
2021-07-26 00:00:00+00:00,10108.603870849885
2021-07-27 00:00:00+00:00,10108.603870849885
2021-07-28 00:00:00+00:00,10108.603870849885
2021-07-29 00:00:00+00:00,10108.603870849885
2021-07-30 00:00:00+00:00,10108.603870849885
2021-08-01 00:00:00+00:00,10108.603870849885
2021-08-02 00:00:00+00:00,10108.603870849885
2021-08-03 00:00:00+00:00,10108.603870849885
2021-08-04 00:00:00+00:00,10108.603870849885
2021-08-05 00:00:00+00:00,10119.044178467073
2021-08-06 00:00:00+00:00,10020.222733583905
2021-08-08 00:00:00+00:00,9972.79583839875
2021-08-09 00:00:00+00:00,9972.79583839875
2021-08-10 00:00:00+00:00,9972.79583839875
2021-08-11 00:00:00+00:00,9972.79583839875
2021-08-12 00:00:00+00:00,9972.79583839875
2021-08-13 00:00:00+00:00,9972.79583839875
2021-08-15 00:00:00+00:00,9972.79583839875
2021-08-16 00:00:00+00:00,9972.79583839875
2021-08-17 00:00:00+00:00,9972.79583839875
2021-08-18 00:00:00+00:00,9972.79583839875
2021-08-19 00:00:00+00:00,9972.79583839875
2021-08-20 00:00:00+00:00,9972.79583839875
2021-08-22 00:00:00+00:00,9972.79583839875
2021-08-23 00:00:00+00:00,9972.79583839875
2021-08-24 00:00:00+00:00,9972.79583839875
2021-08-25 00:00:00+00:00,9964.17376808625
2021-08-26 00:00:00+00:00,9952.875672383125
2021-08-27 00:00:00+00:00,9952.875672383125
2021-08-29 00:00:00+00:00,9952.875672383125
2021-08-30 00:00:00+00:00,9952.875672383125
2021-08-31 00:00:00+00:00,9988.296692890937
2021-09-01 00:00:00+00:00,9988.296692890937
2021-09-02 00:00:00+00:00,9988.296692890937
2021-09-03 00:00:00+00:00,9988.296692890937
2021-09-05 00:00:00+00:00,9988.296692890937
2021-09-06 00:00:00+00:00,9988.296692890937
2021-09-07 00:00:00+00:00,9988.296692890937
2021-09-08 00:00:00+00:00,9994.420716328437
2021-09-09 00:00:00+00:00,9994.420716328437
2021-09-10 00:00:00+00:00,9994.420716328437
2021-09-12 00:00:00+00:00,9994.420716328437
2021-09-13 00:00:00+00:00,9994.420716328437
2021-09-14 00:00:00+00:00,9994.420716328437
2021-09-15 00:00:00+00:00,9994.420716328437
2021-09-16 00:00:00+00:00,9994.420716328437
2021-09-17 00:00:00+00:00,9994.420716328437
2021-09-19 00:00:00+00:00,9994.420716328437
2021-09-20 00:00:00+00:00,10017.132630390937
2021-09-21 00:00:00+00:00,10017.132630390937
2021-09-22 00:00:00+00:00,10017.132630390937
2021-09-23 00:00:00+00:00,10005.618470234687
2021-09-24 00:00:00+00:00,10016.958313984687
2021-09-26 00:00:00+00:00,10016.958313984687
2021-09-27 00:00:00+00:00,10016.958313984687
2021-09-28 00:00:00+00:00,10038.392396015937
2021-09-29 00:00:00+00:00,10038.392396015937
2021-09-30 00:00:00+00:00,10038.392396015937
2021-10-01 00:00:00+00:00,10038.392396015937
2021-10-03 00:00:00+00:00,10038.392396015937
2021-10-04 00:00:00+00:00,10038.392396015937
2021-10-05 00:00:00+00:00,10038.392396015937
2021-10-06 00:00:00+00:00,10038.392396015937
2021-10-07 00:00:00+00:00,10038.392396015937
2021-10-08 00:00:00+00:00,10038.392396015937
2021-10-10 00:00:00+00:00,10041.724427265937
2021-10-11 00:00:00+00:00,10061.912415547187
2021-10-12 00:00:00+00:00,10061.912415547187
2021-10-13 00:00:00+00:00,10061.912415547187
2021-10-14 00:00:00+00:00,10061.912415547187
2021-10-15 00:00:00+00:00,10061.912415547187
2021-10-17 00:00:00+00:00,10061.912415547187
2021-10-18 00:00:00+00:00,10055.464661640937
2021-10-19 00:00:00+00:00,10055.464661640937
2021-10-20 00:00:00+00:00,10055.464661640937
2021-10-21 00:00:00+00:00,10055.464661640937
2021-10-22 00:00:00+00:00,10055.464661640937
2021-10-24 00:00:00+00:00,10055.464661640937
2021-10-25 00:00:00+00:00,10055.464661640937
2021-10-26 00:00:00+00:00,10059.706360859687
2021-10-27 00:00:00+00:00,10059.706360859687
2021-10-28 00:00:00+00:00,10059.706360859687
2021-10-29 00:00:00+00:00,10018.756281862325
2021-10-31 00:00:00+00:00,10018.756281862325
2021-11-01 00:00:00+00:00,10018.756281862325
2021-11-02 00:00:00+00:00,10018.756281862325
2021-11-03 00:00:00+00:00,9963.078083436172
2021-11-04 00:00:00+00:00,9963.078083436172
2021-11-05 00:00:00+00:00,9963.078083436172
2021-11-07 00:00:00+00:00,9963.078083436172
2021-11-08 00:00:00+00:00,9963.078083436172
2021-11-09 00:00:00+00:00,9963.078083436172
2021-11-10 00:00:00+00:00,9963.078083436172
2021-11-11 00:00:00+00:00,9963.078083436172
2021-11-12 00:00:00+00:00,9963.078083436172
2021-11-14 00:00:00+00:00,9963.078083436172
2021-11-15 00:00:00+00:00,9961.644001404922
2021-11-16 00:00:00+00:00,9961.644001404922
2021-11-17 00:00:00+00:00,9961.644001404922
2021-11-18 00:00:00+00:00,9961.644001404922
2021-11-19 00:00:00+00:00,9966.848102967422
2021-11-21 00:00:00+00:00,9966.848102967422
2021-11-22 00:00:00+00:00,9927.085190878839
2021-11-23 00:00:00+00:00,9927.085190878839
2021-11-24 00:00:00+00:00,9927.085190878839
2021-11-25 00:00:00+00:00,9927.085190878839
2021-11-26 00:00:00+00:00,9927.085190878839
2021-11-28 00:00:00+00:00,9927.085190878839
2021-11-29 00:00:00+00:00,9927.085190878839
2021-11-30 00:00:00+00:00,9927.085190878839
2021-12-01 00:00:00+00:00,9927.085190878839
2021-12-02 00:00:00+00:00,9950.755234824152
2021-12-03 00:00:00+00:00,9950.755234824152
2021-12-05 00:00:00+00:00,9950.755234824152
2021-12-06 00:00:00+00:00,9950.755234824152
2021-12-07 00:00:00+00:00,9950.755234824152
2021-12-08 00:00:00+00:00,9950.755234824152
2021-12-09 00:00:00+00:00,9950.755234824152
2021-12-10 00:00:00+00:00,9928.135117636652
2021-12-12 00:00:00+00:00,9928.135117636652
2021-12-13 00:00:00+00:00,9928.135117636652
2021-12-14 00:00:00+00:00,9891.321564257363
2021-12-15 00:00:00+00:00,9891.321564257363
2021-12-16 00:00:00+00:00,9891.321564257363
2021-12-17 00:00:00+00:00,9891.321564257363
2021-12-19 00:00:00+00:00,9891.321564257363
2021-12-20 00:00:00+00:00,9891.321564257363
2021-12-21 00:00:00+00:00,9891.321564257363
2021-12-22 00:00:00+00:00,9891.321564257363
2021-12-23 00:00:00+00:00,9891.321564257363
2021-12-26 00:00:00+00:00,9891.321564257363
2021-12-27 00:00:00+00:00,9891.321564257363
2021-12-28 00:00:00+00:00,9891.321564257363
2021-12-29 00:00:00+00:00,9842.36979801474
2021-12-30 00:00:00+00:00,9842.36979801474
2021-12-31 00:00:00+00:00,9842.36979801474
2022-01-02 00:00:00+00:00,9842.36979801474
2022-01-03 00:00:00+00:00,9798.321840766452
2022-01-04 00:00:00+00:00,9798.321840766452
2022-01-05 00:00:00+00:00,9779.548037055514
2022-01-06 00:00:00+00:00,9779.548037055514
2022-01-07 00:00:00+00:00,9779.548037055514
2022-01-09 00:00:00+00:00,9779.548037055514
2022-01-10 00:00:00+00:00,9779.548037055514
2022-01-11 00:00:00+00:00,9779.548037055514
2022-01-12 00:00:00+00:00,9779.548037055514
2022-01-13 00:00:00+00:00,9779.548037055514
2022-01-14 00:00:00+00:00,9779.548037055514
2022-01-16 00:00:00+00:00,9779.548037055514
2022-01-17 00:00:00+00:00,9779.548037055514
2022-01-18 00:00:00+00:00,9779.548037055514
2022-01-19 00:00:00+00:00,9779.548037055514
2022-01-20 00:00:00+00:00,9779.548037055514
2022-01-21 00:00:00+00:00,9790.212099555514
2022-01-23 00:00:00+00:00,9790.212099555514
2022-01-24 00:00:00+00:00,9790.212099555514
2022-01-25 00:00:00+00:00,9790.212099555514
2022-01-26 00:00:00+00:00,9766.239443305514
2022-01-27 00:00:00+00:00,9766.239443305514
2022-01-28 00:00:00+00:00,9766.239443305514
2022-01-30 00:00:00+00:00,9766.239443305514
2022-01-31 00:00:00+00:00,9766.239443305514
2022-02-01 00:00:00+00:00,9766.239443305514
2022-02-02 00:00:00+00:00,9766.239443305514
2022-02-03 00:00:00+00:00,9793.191591743014
2022-02-04 00:00:00+00:00,9819.189638618014
2022-02-06 00:00:00+00:00,9819.189638618014
2022-02-07 00:00:00+00:00,9819.189638618014
2022-02-08 00:00:00+00:00,9819.189638618014
2022-02-09 00:00:00+00:00,9819.189638618014
2022-02-10 00:00:00+00:00,9847.713442328952
2022-02-11 00:00:00+00:00,9847.713442328952
2022-02-13 00:00:00+00:00,9847.713442328952
2022-02-14 00:00:00+00:00,9847.713442328952
2022-02-15 00:00:00+00:00,9809.792504042007
2022-02-16 00:00:00+00:00,9809.792504042007
2022-02-17 00:00:00+00:00,9809.792504042007
2022-02-18 00:00:00+00:00,9805.880272596694
2022-02-20 00:00:00+00:00,9805.880272596694
2022-02-21 00:00:00+00:00,9805.880272596694
2022-02-22 00:00:00+00:00,9811.212303846694
2022-02-23 00:00:00+00:00,9811.212303846694
2022-02-24 00:00:00+00:00,9811.212303846694
2022-02-25 00:00:00+00:00,9806.027245252944
2022-02-27 00:00:00+00:00,9806.027245252944
2022-02-28 00:00:00+00:00,9816.039452284194
2022-03-01 00:00:00+00:00,9816.039452284194
2022-03-02 00:00:00+00:00,9823.38246986232
2022-03-03 00:00:00+00:00,9823.38246986232
2022-03-04 00:00:00+00:00,9823.38246986232
2022-03-06 00:00:00+00:00,9823.38246986232
2022-03-07 00:00:00+00:00,9823.38246986232
2022-03-08 00:00:00+00:00,9823.38246986232
2022-03-09 00:00:00+00:00,9789.433559366147
2022-03-10 00:00:00+00:00,9789.433559366147
2022-03-11 00:00:00+00:00,9791.24959940521
2022-03-13 00:00:00+00:00,9791.24959940521
2022-03-14 00:00:00+00:00,9791.24959940521
2022-03-15 00:00:00+00:00,9770.801601358335
2022-03-16 00:00:00+00:00,9770.801601358335
2022-03-17 00:00:00+00:00,9770.801601358335
2022-03-18 00:00:00+00:00,9770.801601358335
2022-03-20 00:00:00+00:00,9770.801601358335
2022-03-21 00:00:00+00:00,9770.801601358335
2022-03-22 00:00:00+00:00,9784.116664834897
2022-03-23 00:00:00+00:00,9784.116664834897
2022-03-24 00:00:00+00:00,9784.116664834897
2022-03-25 00:00:00+00:00,9784.116664834897
2022-03-27 00:00:00+00:00,9784.116664834897
2022-03-28 00:00:00+00:00,9773.498744913022
2022-03-29 00:00:00+00:00,9789.969692178647
2022-03-30 00:00:00+00:00,9789.969692178647
2022-03-31 00:00:00+00:00,9789.969692178647
2022-04-01 00:00:00+00:00,9789.969692178647
2022-04-03 00:00:00+00:00,9789.969692178647
2022-04-04 00:00:00+00:00,9789.969692178647
2022-04-05 00:00:00+00:00,9789.969692178647
2022-04-06 00:00:00+00:00,9789.969692178647
2022-04-07 00:00:00+00:00,9789.969692178647
2022-04-08 00:00:00+00:00,9789.969692178647
2022-04-10 00:00:00+00:00,9789.969692178647
2022-04-11 00:00:00+00:00,9789.969692178647
2022-04-12 00:00:00+00:00,9789.969692178647
2022-04-13 00:00:00+00:00,9789.969692178647
2022-04-14 00:00:00+00:00,9789.969692178647
2022-04-17 00:00:00+00:00,9789.969692178647
2022-04-18 00:00:00+00:00,9789.969692178647
2022-04-19 00:00:00+00:00,9778.181606241147
2022-04-20 00:00:00+00:00,9778.181606241147
2022-04-21 00:00:00+00:00,9778.181606241147
2022-04-22 00:00:00+00:00,9778.181606241147
2022-04-24 00:00:00+00:00,9778.181606241147
2022-04-25 00:00:00+00:00,9778.181606241147
2022-04-26 00:00:00+00:00,9778.181606241147
2022-04-27 00:00:00+00:00,9778.181606241147
2022-04-28 00:00:00+00:00,9778.181606241147
2022-04-29 00:00:00+00:00,9778.181606241147
2022-05-01 00:00:00+00:00,9778.181606241147
2022-05-02 00:00:00+00:00,9782.213588663022
2022-05-03 00:00:00+00:00,9782.213588663022
2022-05-04 00:00:00+00:00,9782.213588663022
2022-05-05 00:00:00+00:00,9787.543666788022
2022-05-06 00:00:00+00:00,9787.543666788022
2022-05-08 00:00:00+00:00,9787.543666788022
2022-05-09 00:00:00+00:00,9787.543666788022
2022-05-10 00:00:00+00:00,9787.543666788022
2022-05-11 00:00:00+00:00,9810.607631631772
2022-05-12 00:00:00+00:00,9810.607631631772
2022-05-13 00:00:00+00:00,9810.607631631772
2022-05-15 00:00:00+00:00,9810.607631631772
2022-05-16 00:00:00+00:00,9820.631801553647
2022-05-17 00:00:00+00:00,9820.631801553647
2022-05-18 00:00:00+00:00,9820.631801553647
2022-05-19 00:00:00+00:00,9820.631801553647
2022-05-20 00:00:00+00:00,9820.631801553647
2022-05-22 00:00:00+00:00,9820.631801553647
2022-05-23 00:00:00+00:00,9820.631801553647
2022-05-24 00:00:00+00:00,9820.631801553647
2022-05-25 00:00:00+00:00,9820.631801553647
2022-05-26 00:00:00+00:00,9820.631801553647
2022-05-27 00:00:00+00:00,9820.631801553647
2022-05-29 00:00:00+00:00,9822.652065225522
2022-05-30 00:00:00+00:00,9867.42684549896
2022-05-31 00:00:00+00:00,9867.42684549896
2022-06-01 00:00:00+00:00,9867.42684549896
2022-06-02 00:00:00+00:00,9867.42684549896
2022-06-03 00:00:00+00:00,9867.42684549896
2022-06-05 00:00:00+00:00,9867.42684549896
2022-06-06 00:00:00+00:00,9867.42684549896
2022-06-07 00:00:00+00:00,9867.42684549896
2022-06-08 00:00:00+00:00,9867.42684549896
2022-06-09 00:00:00+00:00,9867.42684549896
2022-06-10 00:00:00+00:00,9960.656864599947
2022-06-12 00:00:00+00:00,9960.656864599947
2022-06-13 00:00:00+00:00,9920.465591588794
2022-06-14 00:00:00+00:00,9920.465591588794
2022-06-15 00:00:00+00:00,9920.465591588794
2022-06-16 00:00:00+00:00,9920.465591588794
2022-06-17 00:00:00+00:00,9920.465591588794
2022-06-19 00:00:00+00:00,9920.465591588794
2022-06-20 00:00:00+00:00,9920.465591588794
2022-06-21 00:00:00+00:00,9920.465591588794
2022-06-22 00:00:00+00:00,9920.465591588794
2022-06-23 00:00:00+00:00,9920.465591588794
2022-06-24 00:00:00+00:00,9920.465591588794
2022-06-26 00:00:00+00:00,9920.465591588794
2022-06-27 00:00:00+00:00,9920.465591588794
2022-06-28 00:00:00+00:00,9920.465591588794
2022-06-29 00:00:00+00:00,9961.050918737232
2022-06-30 00:00:00+00:00,9961.050918737232
2022-07-01 00:00:00+00:00,9961.050918737232
2022-07-03 00:00:00+00:00,9961.050918737232
2022-07-04 00:00:00+00:00,9961.050918737232
2022-07-05 00:00:00+00:00,9961.050918737232
2022-07-06 00:00:00+00:00,9961.050918737232
2022-07-07 00:00:00+00:00,9961.050918737232
2022-07-08 00:00:00+00:00,9981.62501541692
2022-07-10 00:00:00+00:00,9981.62501541692
2022-07-11 00:00:00+00:00,9981.62501541692
2022-07-12 00:00:00+00:00,9988.76905838567
2022-07-13 00:00:00+00:00,10043.89112869817
2022-07-14 00:00:00+00:00,10043.89112869817
2022-07-15 00:00:00+00:00,10043.89112869817
2022-07-17 00:00:00+00:00,10043.89112869817
2022-07-18 00:00:00+00:00,10043.89112869817
2022-07-19 00:00:00+00:00,10043.89112869817
2022-07-20 00:00:00+00:00,10043.89112869817
2022-07-21 00:00:00+00:00,10043.89112869817
2022-07-22 00:00:00+00:00,10043.89112869817
2022-07-24 00:00:00+00:00,10043.89112869817
2022-07-25 00:00:00+00:00,10043.89112869817
2022-07-26 00:00:00+00:00,10043.89112869817
2022-07-27 00:00:00+00:00,10043.89112869817
2022-07-28 00:00:00+00:00,10043.89112869817
2022-07-29 00:00:00+00:00,10043.89112869817
2022-07-31 00:00:00+00:00,10043.89112869817
2022-08-01 00:00:00+00:00,10043.89112869817
2022-08-02 00:00:00+00:00,10043.89112869817
2022-08-03 00:00:00+00:00,10043.89112869817
2022-08-04 00:00:00+00:00,10043.89112869817
2022-08-05 00:00:00+00:00,10042.733169713794
2022-08-07 00:00:00+00:00,10042.733169713794
2022-08-08 00:00:00+00:00,10042.733169713794
2022-08-09 00:00:00+00:00,10050.37355057317
2022-08-10 00:00:00+00:00,10050.37355057317
2022-08-11 00:00:00+00:00,10050.37355057317
2022-08-12 00:00:00+00:00,10050.37355057317
2022-08-14 00:00:00+00:00,10050.37355057317
2022-08-15 00:00:00+00:00,10050.37355057317
2022-08-16 00:00:00+00:00,10050.37355057317
2022-08-17 00:00:00+00:00,10050.37355057317
2022-08-18 00:00:00+00:00,10050.37355057317
2022-08-19 00:00:00+00:00,10050.37355057317
2022-08-21 00:00:00+00:00,10050.37355057317
2022-08-22 00:00:00+00:00,10050.37355057317
2022-08-23 00:00:00+00:00,10050.37355057317
2022-08-24 00:00:00+00:00,10050.37355057317
2022-08-25 00:00:00+00:00,10050.37355057317
2022-08-26 00:00:00+00:00,10050.37355057317
2022-08-28 00:00:00+00:00,10050.37355057317
2022-08-29 00:00:00+00:00,10036.159439245044
2022-08-30 00:00:00+00:00,10036.159439245044
2022-08-31 00:00:00+00:00,10023.807388463794
2022-09-01 00:00:00+00:00,10023.807388463794
2022-09-02 00:00:00+00:00,10023.807388463794
2022-09-04 00:00:00+00:00,10023.807388463794
2022-09-05 00:00:00+00:00,10023.807388463794
2022-09-06 00:00:00+00:00,10023.807388463794
2022-09-07 00:00:00+00:00,10023.807388463794
2022-09-08 00:00:00+00:00,10023.807388463794
2022-09-09 00:00:00+00:00,10023.807388463794
2022-09-11 00:00:00+00:00,10023.807388463794
2022-09-12 00:00:00+00:00,10023.807388463794
2022-09-13 00:00:00+00:00,10011.823501745044
2022-09-14 00:00:00+00:00,10011.823501745044
2022-09-15 00:00:00+00:00,10011.823501745044
2022-09-16 00:00:00+00:00,10049.367447057544
2022-09-18 00:00:00+00:00,10049.367447057544
2022-09-19 00:00:00+00:00,10049.367447057544
2022-09-20 00:00:00+00:00,10049.367447057544
2022-09-21 00:00:00+00:00,10099.866470495044
2022-09-22 00:00:00+00:00,10099.866470495044
2022-09-23 00:00:00+00:00,10099.866470495044
2022-09-25 00:00:00+00:00,10099.866470495044
2022-09-26 00:00:00+00:00,10113.57228104192
2022-09-27 00:00:00+00:00,10113.57228104192
2022-09-28 00:00:00+00:00,10148.87599197942
2022-09-29 00:00:00+00:00,10167.734024205982
2022-09-30 00:00:00+00:00,10167.734024205982
2022-10-02 00:00:00+00:00,10167.734024205982
2022-10-03 00:00:00+00:00,10167.734024205982
2022-10-04 00:00:00+00:00,10167.734024205982
2022-10-05 00:00:00+00:00,10167.734024205982
2022-10-06 00:00:00+00:00,10167.734024205982
2022-10-07 00:00:00+00:00,10167.734024205982
2022-10-09 00:00:00+00:00,10167.734024205982
2022-10-10 00:00:00+00:00,10167.734024205982
2022-10-11 00:00:00+00:00,10180.145279088794
2022-10-12 00:00:00+00:00,10180.145279088794
2022-10-13 00:00:00+00:00,10206.54737869817
2022-10-14 00:00:00+00:00,10206.54737869817
2022-10-16 00:00:00+00:00,10206.54737869817
2022-10-17 00:00:00+00:00,10206.54737869817
2022-10-18 00:00:00+00:00,10206.54737869817
2022-10-19 00:00:00+00:00,10206.54737869817
2022-10-20 00:00:00+00:00,10206.54737869817
2022-10-21 00:00:00+00:00,10222.85108963567
2022-10-23 00:00:00+00:00,10222.85108963567
2022-10-24 00:00:00+00:00,10222.85108963567
2022-10-25 00:00:00+00:00,10222.85108963567
2022-10-26 00:00:00+00:00,10222.85108963567
2022-10-27 00:00:00+00:00,10222.85108963567
2022-10-28 00:00:00+00:00,10222.85108963567
2022-10-30 00:00:00+00:00,10222.85108963567
2022-10-31 00:00:00+00:00,10222.85108963567
2022-11-01 00:00:00+00:00,10222.85108963567
2022-11-02 00:00:00+00:00,10222.85108963567
2022-11-03 00:00:00+00:00,10183.22706619817
2022-11-04 00:00:00+00:00,10183.22706619817
2022-11-06 00:00:00+00:00,10183.22706619817
2022-11-07 00:00:00+00:00,10183.22706619817
2022-11-08 00:00:00+00:00,10183.22706619817
2022-11-09 00:00:00+00:00,10183.22706619817
2022-11-10 00:00:00+00:00,10183.22706619817
2022-11-11 00:00:00+00:00,10183.22706619817
2022-11-13 00:00:00+00:00,10183.22706619817
2022-11-14 00:00:00+00:00,10183.22706619817
2022-11-15 00:00:00+00:00,10183.22706619817
2022-11-16 00:00:00+00:00,10183.22706619817
2022-11-17 00:00:00+00:00,10147.451919713794
2022-11-18 00:00:00+00:00,10147.451919713794
2022-11-20 00:00:00+00:00,10147.451919713794
2022-11-21 00:00:00+00:00,10147.451919713794
2022-11-22 00:00:00+00:00,10147.451919713794
2022-11-23 00:00:00+00:00,10147.451919713794
2022-11-24 00:00:00+00:00,10147.451919713794
2022-11-25 00:00:00+00:00,10147.451919713794
2022-11-27 00:00:00+00:00,10147.451919713794
2022-11-28 00:00:00+00:00,10147.451919713794
2022-11-29 00:00:00+00:00,10147.451919713794
2022-11-30 00:00:00+00:00,10147.451919713794
2022-12-01 00:00:00+00:00,10147.451919713794
2022-12-02 00:00:00+00:00,10171.48194901067
2022-12-04 00:00:00+00:00,10171.48194901067
2022-12-05 00:00:00+00:00,10113.731361264468
2022-12-06 00:00:00+00:00,10113.731361264468
2022-12-07 00:00:00+00:00,10113.731361264468
2022-12-08 00:00:00+00:00,10113.731361264468
2022-12-09 00:00:00+00:00,10113.731361264468
2022-12-11 00:00:00+00:00,10113.731361264468
2022-12-12 00:00:00+00:00,10113.731361264468
2022-12-13 00:00:00+00:00,10113.731361264468
2022-12-14 00:00:00+00:00,10113.731361264468
2022-12-15 00:00:00+00:00,10104.331458920718
2022-12-16 00:00:00+00:00,10104.331458920718
2022-12-18 00:00:00+00:00,10104.331458920718
2022-12-19 00:00:00+00:00,10104.331458920718
2022-12-20 00:00:00+00:00,10104.331458920718
2022-12-21 00:00:00+00:00,10104.331458920718
2022-12-22 00:00:00+00:00,10060.7305235131
2022-12-23 00:00:00+00:00,10060.7305235131
2022-12-26 00:00:00+00:00,10060.7305235131
2022-12-27 00:00:00+00:00,10143.142045618468
2022-12-28 00:00:00+00:00,10143.142045618468
2022-12-29 00:00:00+00:00,10143.142045618468
2022-12-30 00:00:00+00:00,10143.142045618468
2023-01-02 00:00:00+00:00,10143.142045618468
2023-01-03 00:00:00+00:00,10143.142045618468
2023-01-04 00:00:00+00:00,10143.142045618468
2023-01-05 00:00:00+00:00,10140.713822962218
2023-01-06 00:00:00+00:00,10140.713822962218
2023-01-08 00:00:00+00:00,10140.713822962218
2023-01-09 00:00:00+00:00,10140.713822962218
2023-01-10 00:00:00+00:00,10140.713822962218
2023-01-11 00:00:00+00:00,10140.713822962218
2023-01-12 00:00:00+00:00,10164.773881555968
2023-01-13 00:00:00+00:00,10221.224076868468
2023-01-15 00:00:00+00:00,10221.224076868468
2023-01-16 00:00:00+00:00,10221.224076868468
2023-01-17 00:00:00+00:00,10221.224076868468
2023-01-18 00:00:00+00:00,10221.224076868468
2023-01-19 00:00:00+00:00,10221.224076868468
2023-01-20 00:00:00+00:00,10221.224076868468
2023-01-22 00:00:00+00:00,10221.224076868468
2023-01-23 00:00:00+00:00,10221.224076868468
2023-01-24 00:00:00+00:00,10260.83015597003
2023-01-25 00:00:00+00:00,10265.19050753253
2023-01-26 00:00:00+00:00,10265.19050753253
2023-01-27 00:00:00+00:00,10265.19050753253
2023-01-29 00:00:00+00:00,10265.19050753253
2023-01-30 00:00:00+00:00,10265.19050753253
2023-01-31 00:00:00+00:00,10265.19050753253
2023-02-01 00:00:00+00:00,10265.19050753253
2023-02-02 00:00:00+00:00,10215.890218418413
2023-02-03 00:00:00+00:00,10166.673992677486
2023-02-05 00:00:00+00:00,10166.673992677486
2023-02-06 00:00:00+00:00,10166.673992677486
2023-02-07 00:00:00+00:00,10166.673992677486
2023-02-08 00:00:00+00:00,10166.673992677486
2023-02-09 00:00:00+00:00,10166.673992677486
2023-02-10 00:00:00+00:00,10166.673992677486
2023-02-12 00:00:00+00:00,10166.673992677486
2023-02-13 00:00:00+00:00,10166.673992677486
2023-02-14 00:00:00+00:00,10166.673992677486
2023-02-15 00:00:00+00:00,10166.673992677486
2023-02-16 00:00:00+00:00,10200.544109864986
2023-02-17 00:00:00+00:00,10200.544109864986
2023-02-19 00:00:00+00:00,10200.544109864986
2023-02-20 00:00:00+00:00,10200.544109864986
2023-02-21 00:00:00+00:00,10200.544109864986
2023-02-22 00:00:00+00:00,10200.544109864986
2023-02-23 00:00:00+00:00,10203.043133302486
2023-02-24 00:00:00+00:00,10203.043133302486
2023-02-26 00:00:00+00:00,10203.043133302486
2023-02-27 00:00:00+00:00,10203.043133302486
2023-02-28 00:00:00+00:00,10203.043133302486
2023-03-01 00:00:00+00:00,10203.043133302486
2023-03-02 00:00:00+00:00,10208.543011232174
2023-03-03 00:00:00+00:00,10208.543011232174
2023-03-05 00:00:00+00:00,10208.543011232174
2023-03-06 00:00:00+00:00,10208.543011232174
2023-03-07 00:00:00+00:00,10208.543011232174
2023-03-08 00:00:00+00:00,10208.543011232174
2023-03-09 00:00:00+00:00,10208.543011232174
2023-03-10 00:00:00+00:00,10208.543011232174
2023-03-12 00:00:00+00:00,10208.543011232174
2023-03-13 00:00:00+00:00,10208.543011232174
2023-03-14 00:00:00+00:00,10208.543011232174
2023-03-15 00:00:00+00:00,10286.603951029923
2023-03-16 00:00:00+00:00,10286.603951029923
2023-03-17 00:00:00+00:00,10286.603951029923
2023-03-19 00:00:00+00:00,10286.603951029923
2023-03-20 00:00:00+00:00,10286.603951029923
2023-03-21 00:00:00+00:00,10260.40705161586
2023-03-22 00:00:00+00:00,10260.40705161586
2023-03-23 00:00:00+00:00,10310.247139506486
2023-03-24 00:00:00+00:00,10310.247139506486
2023-03-26 00:00:00+00:00,10310.247139506486
2023-03-27 00:00:00+00:00,10288.305244975236
2023-03-28 00:00:00+00:00,10288.305244975236
2023-03-29 00:00:00+00:00,10288.305244975236
2023-03-30 00:00:00+00:00,10295.745186381486
2023-03-31 00:00:00+00:00,10295.745186381486
2023-04-02 00:00:00+00:00,10295.745186381486
2023-04-03 00:00:00+00:00,10295.745186381486
2023-04-04 00:00:00+00:00,10296.665108256486
2023-04-05 00:00:00+00:00,10296.665108256486
2023-04-06 00:00:00+00:00,10292.49494224086
2023-04-09 00:00:00+00:00,10292.49494224086
2023-04-10 00:00:00+00:00,10292.04523520961
2023-04-11 00:00:00+00:00,10292.04523520961
2023-04-12 00:00:00+00:00,10292.04523520961
2023-04-13 00:00:00+00:00,10292.04523520961
2023-04-14 00:00:00+00:00,10292.04523520961
2023-04-16 00:00:00+00:00,10292.04523520961
2023-04-17 00:00:00+00:00,10244.836109678543
2023-04-18 00:00:00+00:00,10285.185963194168
2023-04-19 00:00:00+00:00,10193.30210352063
2023-04-20 00:00:00+00:00,10193.30210352063
2023-04-21 00:00:00+00:00,10150.959807901185
2023-04-23 00:00:00+00:00,10150.959807901185
2023-04-24 00:00:00+00:00,10150.959807901185
2023-04-25 00:00:00+00:00,10150.959807901185
2023-04-26 00:00:00+00:00,10150.959807901185
2023-04-27 00:00:00+00:00,10149.785979776185
2023-04-28 00:00:00+00:00,10149.785979776185
2023-04-30 00:00:00+00:00,10149.785979776185
2023-05-01 00:00:00+00:00,10149.785979776185
2023-05-02 00:00:00+00:00,10149.785979776185
2023-05-03 00:00:00+00:00,10191.426116494935
2023-05-04 00:00:00+00:00,10191.426116494935
2023-05-05 00:00:00+00:00,10210.52401688556
2023-05-07 00:00:00+00:00,10210.52401688556
2023-05-08 00:00:00+00:00,10210.52401688556
2023-05-09 00:00:00+00:00,10210.52401688556
2023-05-10 00:00:00+00:00,10210.52401688556
2023-05-11 00:00:00+00:00,10247.28036454181
2023-05-12 00:00:00+00:00,10248.145232705872
2023-05-14 00:00:00+00:00,10248.145232705872
2023-05-15 00:00:00+00:00,10248.145232705872
2023-05-16 00:00:00+00:00,10248.090301065247
2023-05-17 00:00:00+00:00,10248.090301065247
2023-05-18 00:00:00+00:00,10203.217118667502
2023-05-19 00:00:00+00:00,10203.217118667502
2023-05-21 00:00:00+00:00,10203.217118667502
2023-05-22 00:00:00+00:00,10203.217118667502
2023-05-23 00:00:00+00:00,10198.257157730002
2023-05-24 00:00:00+00:00,10198.257157730002
2023-05-25 00:00:00+00:00,10207.075028823752
2023-05-26 00:00:00+00:00,10203.834794448752
2023-05-28 00:00:00+00:00,10203.834794448752
2023-05-29 00:00:00+00:00,10203.834794448752
2023-05-30 00:00:00+00:00,10203.834794448752
2023-05-31 00:00:00+00:00,10203.834794448752
2023-06-01 00:00:00+00:00,10203.834794448752
2023-06-02 00:00:00+00:00,10165.292712613444
2023-06-04 00:00:00+00:00,10165.292712613444
2023-06-05 00:00:00+00:00,10165.292712613444
2023-06-06 00:00:00+00:00,10165.292712613444
2023-06-07 00:00:00+00:00,10185.407458707194
2023-06-08 00:00:00+00:00,10185.407458707194
2023-06-09 00:00:00+00:00,10185.407458707194
2023-06-11 00:00:00+00:00,10185.407458707194
2023-06-12 00:00:00+00:00,10176.659411832194
2023-06-13 00:00:00+00:00,10176.659411832194
2023-06-14 00:00:00+00:00,10160.648669644694
2023-06-15 00:00:00+00:00,10147.388904019694
2023-06-16 00:00:00+00:00,10147.388904019694
2023-06-18 00:00:00+00:00,10147.388904019694
2023-06-19 00:00:00+00:00,10147.388904019694
2023-06-20 00:00:00+00:00,10132.959094449381
2023-06-21 00:00:00+00:00,10137.508654996256
2023-06-22 00:00:00+00:00,10099.678698941569
2023-06-23 00:00:00+00:00,10099.678698941569
2023-06-25 00:00:00+00:00,10099.678698941569
2023-06-26 00:00:00+00:00,10099.678698941569
2023-06-27 00:00:00+00:00,10099.678698941569
2023-06-28 00:00:00+00:00,10087.928821011881
2023-06-29 00:00:00+00:00,10087.928821011881
2023-06-30 00:00:00+00:00,10087.928821011881
2023-07-02 00:00:00+00:00,10087.928821011881
2023-07-03 00:00:00+00:00,10087.928821011881
2023-07-04 00:00:00+00:00,10087.928821011881
2023-07-05 00:00:00+00:00,10087.928821011881
2023-07-06 00:00:00+00:00,10087.928821011881
2023-07-07 00:00:00+00:00,10087.928821011881
2023-07-09 00:00:00+00:00,10087.928821011881
2023-07-10 00:00:00+00:00,10127.208606168131
2023-07-11 00:00:00+00:00,10127.208606168131
2023-07-12 00:00:00+00:00,10127.208606168131
2023-07-13 00:00:00+00:00,10127.208606168131
2023-07-14 00:00:00+00:00,10127.208606168131
2023-07-16 00:00:00+00:00,10127.208606168131
2023-07-17 00:00:00+00:00,10127.208606168131
2023-07-18 00:00:00+00:00,10127.208606168131
2023-07-19 00:00:00+00:00,10127.208606168131
2023-07-20 00:00:00+00:00,10105.737292691569
2023-07-21 00:00:00+00:00,10111.337268277506
2023-07-23 00:00:00+00:00,10111.337268277506
2023-07-24 00:00:00+00:00,10111.337268277506
2023-07-25 00:00:00+00:00,10138.897326871256
2023-07-26 00:00:00+00:00,10138.897326871256
2023-07-27 00:00:00+00:00,10103.854496581283
2023-07-28 00:00:00+00:00,10103.854496581283
2023-07-30 00:00:00+00:00,10103.854496581283
2023-07-31 00:00:00+00:00,10103.854496581283
2023-08-01 00:00:00+00:00,10103.854496581283
2023-08-02 00:00:00+00:00,10103.854496581283
2023-08-03 00:00:00+00:00,10103.854496581283
2023-08-04 00:00:00+00:00,10103.854496581283
2023-08-06 00:00:00+00:00,10103.854496581283
2023-08-07 00:00:00+00:00,10103.854496581283
2023-08-08 00:00:00+00:00,10092.159428221908
2023-08-09 00:00:00+00:00,10092.159428221908
2023-08-10 00:00:00+00:00,10092.159428221908
2023-08-11 00:00:00+00:00,10092.159428221908
2023-08-13 00:00:00+00:00,10092.159428221908
2023-08-14 00:00:00+00:00,10114.024662596908
2023-08-15 00:00:00+00:00,10120.984623534408
2023-08-16 00:00:00+00:00,10120.984623534408
2023-08-17 00:00:00+00:00,10120.984623534408
2023-08-18 00:00:00+00:00,10120.984623534408
2023-08-20 00:00:00+00:00,10120.984623534408
2023-08-21 00:00:00+00:00,10120.984623534408
2023-08-22 00:00:00+00:00,10120.984623534408
2023-08-23 00:00:00+00:00,10120.984623534408
2023-08-24 00:00:00+00:00,10120.984623534408
2023-08-25 00:00:00+00:00,10120.984623534408
2023-08-27 00:00:00+00:00,10120.984623534408
2023-08-28 00:00:00+00:00,10120.984623534408
2023-08-29 00:00:00+00:00,10120.984623534408
2023-08-30 00:00:00+00:00,10120.984623534408
2023-08-31 00:00:00+00:00,10120.984623534408
2023-09-01 00:00:00+00:00,10120.984623534408
2023-09-03 00:00:00+00:00,10120.984623534408
2023-09-04 00:00:00+00:00,10120.984623534408
2023-09-05 00:00:00+00:00,10120.984623534408
2023-09-06 00:00:00+00:00,10120.984623534408
2023-09-07 00:00:00+00:00,10120.984623534408
2023-09-08 00:00:00+00:00,10120.984623534408
2023-09-10 00:00:00+00:00,10120.984623534408
2023-09-11 00:00:00+00:00,10120.984623534408
2023-09-12 00:00:00+00:00,10073.701507139614
2023-09-13 00:00:00+00:00,10073.701507139614
2023-09-14 00:00:00+00:00,10115.301238584927
2023-09-15 00:00:00+00:00,10115.301238584927
2023-09-17 00:00:00+00:00,10115.301238584927
2023-09-18 00:00:00+00:00,10115.301238584927
2023-09-19 00:00:00+00:00,10115.301238584927
2023-09-20 00:00:00+00:00,10126.100799131802
2023-09-21 00:00:00+00:00,10077.645142024641
2023-09-22 00:00:00+00:00,10077.645142024641
2023-09-24 00:00:00+00:00,10077.645142024641
2023-09-25 00:00:00+00:00,10077.645142024641
2023-09-26 00:00:00+00:00,10086.095825618391
2023-09-27 00:00:00+00:00,10086.095825618391
2023-09-28 00:00:00+00:00,10086.095825618391
2023-09-29 00:00:00+00:00,10086.095825618391
2023-10-01 00:00:00+00:00,10086.095825618391
2023-10-02 00:00:00+00:00,10086.095825618391
2023-10-03 00:00:00+00:00,10086.095825618391
2023-10-04 00:00:00+00:00,10086.095825618391
2023-10-05 00:00:00+00:00,10095.935669368391
2023-10-06 00:00:00+00:00,10167.935669368391
2023-10-08 00:00:00+00:00,10167.935669368391
2023-10-09 00:00:00+00:00,10184.055786555891
2023-10-10 00:00:00+00:00,10184.055786555891
2023-10-11 00:00:00+00:00,10184.055786555891
2023-10-12 00:00:00+00:00,10184.055786555891
2023-10-13 00:00:00+00:00,10184.055786555891
2023-10-15 00:00:00+00:00,10184.055786555891
2023-10-16 00:00:00+00:00,10187.215454524641
2023-10-17 00:00:00+00:00,10187.215454524641
2023-10-18 00:00:00+00:00,10187.215454524641
2023-10-19 00:00:00+00:00,10187.215454524641
2023-10-20 00:00:00+00:00,10187.215454524641
2023-10-22 00:00:00+00:00,10187.215454524641
2023-10-23 00:00:00+00:00,10187.215454524641
2023-10-24 00:00:00+00:00,10187.215454524641
2023-10-25 00:00:00+00:00,10187.215454524641
2023-10-26 00:00:00+00:00,10187.215454524641
2023-10-27 00:00:00+00:00,10191.787231868391
2023-10-29 00:00:00+00:00,10191.787231868391
2023-10-30 00:00:00+00:00,10191.787231868391
2023-10-31 00:00:00+00:00,10191.787231868391
2023-11-01 00:00:00+00:00,10191.787231868391
2023-11-02 00:00:00+00:00,10191.787231868391
2023-11-03 00:00:00+00:00,10191.787231868391
2023-11-05 00:00:00+00:00,10191.787231868391
2023-11-06 00:00:00+00:00,10191.787231868391
2023-11-07 00:00:00+00:00,10191.787231868391
2023-11-08 00:00:00+00:00,10193.197266048079
2023-11-09 00:00:00+00:00,10193.197266048079
2023-11-10 00:00:00+00:00,10193.197266048079
2023-11-12 00:00:00+00:00,10193.197266048079
2023-11-13 00:00:00+00:00,10193.197266048079
2023-11-14 00:00:00+00:00,10193.197266048079
2023-11-15 00:00:00+00:00,10186.606201594954
2023-11-16 00:00:00+00:00,10186.606201594954
2023-11-17 00:00:00+00:00,10186.606201594954
2023-11-19 00:00:00+00:00,10186.606201594954
2023-11-20 00:00:00+00:00,10223.020996516829
2023-11-21 00:00:00+00:00,10242.112793391829
2023-11-22 00:00:00+00:00,10242.112793391829
2023-11-23 00:00:00+00:00,10242.112793391829
2023-11-24 00:00:00+00:00,10242.112793391829
2023-11-26 00:00:00+00:00,10242.112793391829
2023-11-27 00:00:00+00:00,10242.112793391829
2023-11-28 00:00:00+00:00,10242.112793391829
2023-11-29 00:00:00+00:00,10242.112793391829
2023-11-30 00:00:00+00:00,10242.112793391829
2023-12-01 00:00:00+00:00,10242.112793391829
2023-12-03 00:00:00+00:00,10242.112793391829
2023-12-04 00:00:00+00:00,10242.112793391829
2023-12-05 00:00:00+00:00,10242.112793391829
2023-12-06 00:00:00+00:00,10242.112793391829
2023-12-07 00:00:00+00:00,10242.112793391829
2023-12-08 00:00:00+00:00,10194.906324940808
2023-12-10 00:00:00+00:00,10194.906324940808
2023-12-11 00:00:00+00:00,10194.906324940808
2023-12-12 00:00:00+00:00,10194.906324940808
2023-12-13 00:00:00+00:00,10238.346266347058
2023-12-14 00:00:00+00:00,10238.346266347058
2023-12-15 00:00:00+00:00,10240.226393300183
2023-12-17 00:00:00+00:00,10240.226393300183
2023-12-18 00:00:00+00:00,10240.226393300183
2023-12-19 00:00:00+00:00,10240.226393300183
2023-12-20 00:00:00+00:00,10240.226393300183
2023-12-21 00:00:00+00:00,10240.226393300183
2023-12-22 00:00:00+00:00,10240.226393300183
2023-12-25 00:00:00+00:00,10240.226393300183
2023-12-26 00:00:00+00:00,10231.724440175183
2023-12-27 00:00:00+00:00,10231.724440175183
2023-12-28 00:00:00+00:00,10220.003737050183
2023-12-29 00:00:00+00:00,10220.003737050183
2024-01-01 00:00:00+00:00,10220.003737050183
2024-01-02 00:00:00+00:00,10220.003737050183
2024-01-03 00:00:00+00:00,10220.003737050183
2024-01-04 00:00:00+00:00,10230.96259935487
2024-01-05 00:00:00+00:00,10230.96259935487
2024-01-07 00:00:00+00:00,10230.96259935487
2024-01-08 00:00:00+00:00,10230.96259935487
2024-01-09 00:00:00+00:00,10230.96259935487
2024-01-10 00:00:00+00:00,10230.96259935487
2024-01-11 00:00:00+00:00,10230.96259935487
2024-01-12 00:00:00+00:00,10230.96259935487
2024-01-14 00:00:00+00:00,10230.96259935487
2024-01-15 00:00:00+00:00,10230.96259935487
2024-01-16 00:00:00+00:00,10209.20283372987
2024-01-17 00:00:00+00:00,10193.982863026746
2024-01-18 00:00:00+00:00,10193.982863026746
2024-01-19 00:00:00+00:00,10193.982863026746
2024-01-21 00:00:00+00:00,10193.982863026746
2024-01-22 00:00:00+00:00,10193.982863026746
2024-01-23 00:00:00+00:00,10193.982863026746
2024-01-24 00:00:00+00:00,10193.982863026746
2024-01-25 00:00:00+00:00,10193.982863026746
2024-01-26 00:00:00+00:00,10193.982863026746
2024-01-28 00:00:00+00:00,10193.982863026746
2024-01-29 00:00:00+00:00,10193.982863026746
2024-01-30 00:00:00+00:00,10193.982863026746
2024-01-31 00:00:00+00:00,10193.982863026746
2024-02-01 00:00:00+00:00,10193.982863026746
2024-02-02 00:00:00+00:00,10188.05488451112
2024-02-04 00:00:00+00:00,10188.05488451112
2024-02-05 00:00:00+00:00,10188.05488451112
2024-02-06 00:00:00+00:00,10188.05488451112
2024-02-07 00:00:00+00:00,10188.05488451112
2024-02-08 00:00:00+00:00,10158.11494310487
2024-02-09 00:00:00+00:00,10137.53535326112
2024-02-11 00:00:00+00:00,10137.53535326112
2024-02-12 00:00:00+00:00,10137.53535326112
2024-02-13 00:00:00+00:00,10088.339873414734
2024-02-14 00:00:00+00:00,10105.919463258484
2024-02-15 00:00:00+00:00,10105.919463258484
2024-02-16 00:00:00+00:00,10158.359404664734
2024-02-18 00:00:00+00:00,10158.359404664734
2024-02-19 00:00:00+00:00,10158.359404664734
2024-02-20 00:00:00+00:00,10158.359404664734
2024-02-21 00:00:00+00:00,10158.359404664734
2024-02-22 00:00:00+00:00,10158.359404664734
2024-02-23 00:00:00+00:00,10158.359404664734
2024-02-25 00:00:00+00:00,10158.359404664734
2024-02-26 00:00:00+00:00,10158.359404664734
2024-02-27 00:00:00+00:00,10158.359404664734
2024-02-28 00:00:00+00:00,10158.359404664734
2024-02-29 00:00:00+00:00,10158.359404664734
2024-03-01 00:00:00+00:00,10158.359404664734
2024-03-03 00:00:00+00:00,10158.359404664734
2024-03-04 00:00:00+00:00,10158.359404664734
2024-03-05 00:00:00+00:00,10158.359404664734
2024-03-06 00:00:00+00:00,10158.359404664734
2024-03-07 00:00:00+00:00,10158.359404664734
2024-03-08 00:00:00+00:00,10158.359404664734
2024-03-10 00:00:00+00:00,10158.359404664734
2024-03-11 00:00:00+00:00,10158.359404664734
2024-03-12 00:00:00+00:00,10158.359404664734
2024-03-13 00:00:00+00:00,10158.359404664734
2024-03-14 00:00:00+00:00,10158.359404664734
2024-03-15 00:00:00+00:00,10158.359404664734
2024-03-17 00:00:00+00:00,10158.359404664734
2024-03-18 00:00:00+00:00,10158.359404664734
2024-03-19 00:00:00+00:00,10158.359404664734
2024-03-20 00:00:00+00:00,10158.359404664734
2024-03-21 00:00:00+00:00,10112.519728553634
2024-03-22 00:00:00+00:00,10112.36958206926
2024-03-24 00:00:00+00:00,10112.36958206926
2024-03-25 00:00:00+00:00,10112.36958206926
2024-03-26 00:00:00+00:00,10112.36958206926
2024-03-27 00:00:00+00:00,10112.36958206926
2024-03-28 00:00:00+00:00,10112.36958206926
2024-03-31 00:00:00+00:00,10112.36958206926
2024-04-01 00:00:00+00:00,10112.36958206926
2024-04-02 00:00:00+00:00,10112.36958206926
2024-04-03 00:00:00+00:00,10107.18940628801
2024-04-04 00:00:00+00:00,10127.709669959884
2024-04-05 00:00:00+00:00,10145.387404334884
2024-04-07 00:00:00+00:00,10145.387404334884
2024-04-08 00:00:00+00:00,10147.07758988176
2024-04-09 00:00:00+00:00,10147.07758988176
2024-04-10 00:00:00+00:00,10153.14057816301
2024-04-11 00:00:00+00:00,10153.14057816301
2024-04-12 00:00:00+00:00,10153.14057816301
2024-04-14 00:00:00+00:00,10153.14057816301
2024-04-15 00:00:00+00:00,10186.14350785051
2024-04-16 00:00:00+00:00,10184.56342972551
2024-04-17 00:00:00+00:00,10189.803419959884
2024-04-18 00:00:00+00:00,10189.803419959884
2024-04-19 00:00:00+00:00,10189.803419959884
2024-04-21 00:00:00+00:00,10189.803419959884
2024-04-22 00:00:00+00:00,10163.543654334884
2024-04-23 00:00:00+00:00,10165.72553910051
2024-04-24 00:00:00+00:00,10165.72553910051
2024-04-25 00:00:00+00:00,10192.86567581926
2024-04-26 00:00:00+00:00,10192.86567581926
2024-04-28 00:00:00+00:00,10192.86567581926
2024-04-29 00:00:00+00:00,10215.023634803634
2024-04-30 00:00:00+00:00,10215.023634803634
2024-05-01 00:00:00+00:00,10215.023634803634
2024-05-02 00:00:00+00:00,10215.023634803634
2024-05-03 00:00:00+00:00,10215.023634803634
2024-05-05 00:00:00+00:00,10215.023634803634
2024-05-06 00:00:00+00:00,10215.023634803634
2024-05-07 00:00:00+00:00,10215.023634803634
2024-05-08 00:00:00+00:00,10242.63227738176
2024-05-09 00:00:00+00:00,10242.63227738176
2024-05-10 00:00:00+00:00,10242.63227738176
2024-05-12 00:00:00+00:00,10242.63227738176
2024-05-13 00:00:00+00:00,10242.63227738176
2024-05-14 00:00:00+00:00,10242.63227738176
2024-05-15 00:00:00+00:00,10242.63227738176
2024-05-16 00:00:00+00:00,10256.41596878801
2024-05-17 00:00:00+00:00,10256.41596878801
2024-05-19 00:00:00+00:00,10256.41596878801
2024-05-20 00:00:00+00:00,10256.41596878801
2024-05-21 00:00:00+00:00,10256.41596878801
2024-05-22 00:00:00+00:00,10248.276076209884
2024-05-23 00:00:00+00:00,10254.342482459884
2024-05-24 00:00:00+00:00,10254.342482459884
2024-05-26 00:00:00+00:00,10254.342482459884
2024-05-27 00:00:00+00:00,10254.342482459884
2024-05-28 00:00:00+00:00,10259.44233597551
2024-05-29 00:00:00+00:00,10259.44233597551
2024-05-30 00:00:00+00:00,10259.44233597551
2024-05-31 00:00:00+00:00,10259.44233597551
2024-06-02 00:00:00+00:00,10259.44233597551
2024-06-03 00:00:00+00:00,10259.44233597551
2024-06-04 00:00:00+00:00,10271.232130897384
2024-06-05 00:00:00+00:00,10271.232130897384
2024-06-06 00:00:00+00:00,10271.232130897384
2024-06-07 00:00:00+00:00,10255.582228553634
2024-06-09 00:00:00+00:00,10255.582228553634
2024-06-10 00:00:00+00:00,10255.582228553634
2024-06-11 00:00:00+00:00,10258.462111366134
2024-06-12 00:00:00+00:00,10258.462111366134
2024-06-13 00:00:00+00:00,10256.341994178634
2024-06-14 00:00:00+00:00,10256.341994178634
2024-06-16 00:00:00+00:00,10256.341994178634
2024-06-17 00:00:00+00:00,10256.341994178634
2024-06-18 00:00:00+00:00,10256.341994178634
2024-06-19 00:00:00+00:00,10256.341994178634
2024-06-20 00:00:00+00:00,10256.341994178634
2024-06-21 00:00:00+00:00,10214.717581705743
2024-06-23 00:00:00+00:00,10214.717581705743
2024-06-24 00:00:00+00:00,10214.717581705743
2024-06-25 00:00:00+00:00,10214.717581705743
2024-06-26 00:00:00+00:00,10214.717581705743
2024-06-27 00:00:00+00:00,10214.717581705743
2024-06-28 00:00:00+00:00,10211.489066080743
2024-06-30 00:00:00+00:00,10211.489066080743
2024-07-01 00:00:00+00:00,10211.489066080743
2024-07-02 00:00:00+00:00,10211.489066080743
2024-07-03 00:00:00+00:00,10211.489066080743
2024-07-04 00:00:00+00:00,10211.489066080743
2024-07-05 00:00:00+00:00,10211.489066080743
2024-07-07 00:00:00+00:00,10211.489066080743
2024-07-08 00:00:00+00:00,10200.615042643243
2024-07-09 00:00:00+00:00,10200.615042643243
2024-07-10 00:00:00+00:00,10200.615042643243
2024-07-11 00:00:00+00:00,10200.615042643243
2024-07-12 00:00:00+00:00,10248.354788736993
2024-07-14 00:00:00+00:00,10248.354788736993
2024-07-15 00:00:00+00:00,10248.354788736993
2024-07-16 00:00:00+00:00,10248.354788736993
2024-07-17 00:00:00+00:00,10248.354788736993
2024-07-18 00:00:00+00:00,10248.354788736993
2024-07-19 00:00:00+00:00,10231.514456705743
2024-07-21 00:00:00+00:00,10231.514456705743
2024-07-22 00:00:00+00:00,10231.514456705743
2024-07-23 00:00:00+00:00,10231.514456705743
2024-07-24 00:00:00+00:00,10231.514456705743
2024-07-25 00:00:00+00:00,10198.520316080743
2024-07-26 00:00:00+00:00,10198.520316080743
2024-07-28 00:00:00+00:00,10198.520316080743
2024-07-29 00:00:00+00:00,10195.320609049493
2024-07-30 00:00:00+00:00,10195.320609049493
2024-07-31 00:00:00+00:00,10195.320609049493
2024-08-01 00:00:00+00:00,10195.320609049493
2024-08-02 00:00:00+00:00,10195.320609049493
2024-08-04 00:00:00+00:00,10195.320609049493
2024-08-05 00:00:00+00:00,10195.320609049493
2024-08-06 00:00:00+00:00,10188.120657877618
2024-08-07 00:00:00+00:00,10188.120657877618
2024-08-08 00:00:00+00:00,10188.120657877618
2024-08-09 00:00:00+00:00,10188.120657877618
2024-08-11 00:00:00+00:00,10188.120657877618
2024-08-12 00:00:00+00:00,10188.120657877618
2024-08-13 00:00:00+00:00,10188.120657877618
2024-08-14 00:00:00+00:00,10178.329642252618
2024-08-15 00:00:00+00:00,10178.329642252618
2024-08-16 00:00:00+00:00,10178.329642252618
2024-08-18 00:00:00+00:00,10178.329642252618
2024-08-19 00:00:00+00:00,10178.329642252618
2024-08-20 00:00:00+00:00,10179.722708658868
2024-08-21 00:00:00+00:00,10200.660696940118
2024-08-22 00:00:00+00:00,10200.660696940118
2024-08-23 00:00:00+00:00,10200.660696940118
2024-08-25 00:00:00+00:00,10200.660696940118
2024-08-26 00:00:00+00:00,10200.660696940118
2024-08-27 00:00:00+00:00,10200.660696940118
2024-08-28 00:00:00+00:00,10200.660696940118
2024-08-29 00:00:00+00:00,10236.040579752618
2024-08-30 00:00:00+00:00,10236.040579752618
2024-09-01 00:00:00+00:00,10236.040579752618
2024-09-02 00:00:00+00:00,10236.040579752618
2024-09-03 00:00:00+00:00,10244.441458658868
2024-09-04 00:00:00+00:00,10244.441458658868
2024-09-05 00:00:00+00:00,10244.441458658868
2024-09-06 00:00:00+00:00,10244.441458658868
2024-09-08 00:00:00+00:00,10244.441458658868
2024-09-09 00:00:00+00:00,10262.877982096368
2024-09-10 00:00:00+00:00,10262.877982096368
2024-09-11 00:00:00+00:00,10290.704153971368
2024-09-12 00:00:00+00:00,10290.704153971368
2024-09-13 00:00:00+00:00,10290.704153971368
2024-09-15 00:00:00+00:00,10290.704153971368
2024-09-16 00:00:00+00:00,10290.704153971368
2024-09-17 00:00:00+00:00,10290.704153971368
2024-09-18 00:00:00+00:00,10290.704153971368
2024-09-19 00:00:00+00:00,10290.704153971368
2024-09-20 00:00:00+00:00,10290.704153971368
2024-09-22 00:00:00+00:00,10290.704153971368
2024-09-23 00:00:00+00:00,10290.704153971368
2024-09-24 00:00:00+00:00,10290.704153971368
2024-09-25 00:00:00+00:00,10290.704153971368
2024-09-26 00:00:00+00:00,10290.704153971368
2024-09-27 00:00:00+00:00,10288.753470377618
2024-09-29 00:00:00+00:00,10288.753470377618
2024-09-30 00:00:00+00:00,10288.753470377618
2024-10-01 00:00:00+00:00,10288.753470377618
2024-10-02 00:00:00+00:00,10288.753470377618
2024-10-03 00:00:00+00:00,10288.753470377618
2024-10-04 00:00:00+00:00,10292.199759440118
2024-10-06 00:00:00+00:00,10292.199759440118
2024-10-07 00:00:00+00:00,10292.199759440118
2024-10-08 00:00:00+00:00,10292.199759440118
2024-10-09 00:00:00+00:00,10292.199759440118
2024-10-10 00:00:00+00:00,10292.199759440118
2024-10-11 00:00:00+00:00,10292.199759440118
2024-10-13 00:00:00+00:00,10290.939505533868
2024-10-14 00:00:00+00:00,10286.559622721368
2024-10-15 00:00:00+00:00,10286.559622721368
2024-10-16 00:00:00+00:00,10286.559622721368
2024-10-17 00:00:00+00:00,10286.559622721368
2024-10-18 00:00:00+00:00,10286.559622721368
2024-10-20 00:00:00+00:00,10286.559622721368
2024-10-21 00:00:00+00:00,10286.559622721368
2024-10-22 00:00:00+00:00,10286.559622721368
2024-10-23 00:00:00+00:00,10338.599661783868
2024-10-24 00:00:00+00:00,10338.599661783868
2024-10-25 00:00:00+00:00,10338.599661783868
2024-10-27 00:00:00+00:00,10338.599661783868
2024-10-28 00:00:00+00:00,10338.599661783868
2024-10-29 00:00:00+00:00,10338.599661783868
2024-10-30 00:00:00+00:00,10338.599661783868
2024-10-31 00:00:00+00:00,10338.599661783868
2024-11-01 00:00:00+00:00,10338.599661783868
2024-11-03 00:00:00+00:00,10338.599661783868
2024-11-04 00:00:00+00:00,10338.599661783868
2024-11-05 00:00:00+00:00,10372.229544596368
2024-11-06 00:00:00+00:00,10379.722464518243
2024-11-07 00:00:00+00:00,10386.512503580743
2024-11-08 00:00:00+00:00,10386.512503580743
2024-11-10 00:00:00+00:00,10386.512503580743
2024-11-11 00:00:00+00:00,10361.931448893243
2024-11-12 00:00:00+00:00,10361.931448893243
2024-11-13 00:00:00+00:00,10361.931448893243
2024-11-14 00:00:00+00:00,10361.931448893243
2024-11-15 00:00:00+00:00,10372.911185221368
2024-11-17 00:00:00+00:00,10372.911185221368
2024-11-18 00:00:00+00:00,10372.911185221368
2024-11-19 00:00:00+00:00,10372.911185221368
2024-11-20 00:00:00+00:00,10372.911185221368
2024-11-21 00:00:00+00:00,10372.911185221368
2024-11-22 00:00:00+00:00,10372.911185221368
2024-11-24 00:00:00+00:00,10372.911185221368
2024-11-25 00:00:00+00:00,10345.270071940118
2024-11-26 00:00:00+00:00,10365.410208658868
2024-11-27 00:00:00+00:00,10365.410208658868
2024-11-28 00:00:00+00:00,10372.110403971368
2024-11-29 00:00:00+00:00,10372.110403971368
2024-12-01 00:00:00+00:00,10372.110403971368
2024-12-02 00:00:00+00:00,10372.110403971368
2024-12-03 00:00:00+00:00,10372.110403971368
2024-12-04 00:00:00+00:00,10372.110403971368
2024-12-05 00:00:00+00:00,10372.110403971368
2024-12-06 00:00:00+00:00,10424.350150065118
2024-12-08 00:00:00+00:00,10424.350150065118
2024-12-09 00:00:00+00:00,10424.350150065118
2024-12-10 00:00:00+00:00,10424.350150065118
2024-12-11 00:00:00+00:00,10438.110403971368
2024-12-12 00:00:00+00:00,10438.110403971368
2024-12-13 00:00:00+00:00,10432.556204752618
2024-12-15 00:00:00+00:00,10432.556204752618
2024-12-16 00:00:00+00:00,10432.556204752618
2024-12-17 00:00:00+00:00,10432.556204752618
2024-12-18 00:00:00+00:00,10384.13106639389
2024-12-19 00:00:00+00:00,10384.13106639389
2024-12-20 00:00:00+00:00,10384.13106639389
2024-12-22 00:00:00+00:00,10384.13106639389
2024-12-23 00:00:00+00:00,10384.13106639389
2024-12-24 00:00:00+00:00,10384.13106639389
2024-12-25 00:00:00+00:00,10384.13106639389
2024-12-26 00:00:00+00:00,10384.13106639389
2024-12-27 00:00:00+00:00,10384.13106639389
2024-12-29 00:00:00+00:00,10384.13106639389
2024-12-30 00:00:00+00:00,10384.13106639389
2024-12-31 00:00:00+00:00,10384.13106639389
2025-01-01 00:00:00+00:00,10384.13106639389
2025-01-02 00:00:00+00:00,10384.13106639389
2025-01-03 00:00:00+00:00,10373.79708201889
2025-01-05 00:00:00+00:00,10373.79708201889
2025-01-06 00:00:00+00:00,10373.79708201889
2025-01-07 00:00:00+00:00,10373.79708201889
2025-01-08 00:00:00+00:00,10373.79708201889
2025-01-09 00:00:00+00:00,10373.79708201889
2025-01-10 00:00:00+00:00,10373.79708201889
2025-01-12 00:00:00+00:00,10373.79708201889
2025-01-13 00:00:00+00:00,10373.79708201889
2025-01-14 00:00:00+00:00,10373.79708201889
2025-01-15 00:00:00+00:00,10373.79708201889
2025-01-16 00:00:00+00:00,10373.79708201889
2025-01-17 00:00:00+00:00,10373.79708201889
2025-01-19 00:00:00+00:00,10373.79708201889
2025-01-20 00:00:00+00:00,10373.79708201889
2025-01-21 00:00:00+00:00,10373.79708201889
2025-01-22 00:00:00+00:00,10373.79708201889
2025-01-23 00:00:00+00:00,10363.776818347014
2025-01-24 00:00:00+00:00,10363.776818347014
2025-01-26 00:00:00+00:00,10363.776818347014
2025-01-27 00:00:00+00:00,10363.776818347014
2025-01-28 00:00:00+00:00,10363.776818347014
2025-01-29 00:00:00+00:00,10363.776818347014
2025-01-30 00:00:00+00:00,10363.776818347014
2025-01-31 00:00:00+00:00,10363.776818347014
2025-02-02 00:00:00+00:00,10363.776818347014
2025-02-03 00:00:00+00:00,10363.776818347014
2025-02-04 00:00:00+00:00,10363.776818347014
2025-02-05 00:00:00+00:00,10363.776818347014
2025-02-06 00:00:00+00:00,10373.060021472014
2025-02-07 00:00:00+00:00,10373.060021472014
2025-02-09 00:00:00+00:00,10373.060021472014
2025-02-10 00:00:00+00:00,10373.060021472014
2025-02-11 00:00:00+00:00,10373.060021472014
2025-02-12 00:00:00+00:00,10373.060021472014
2025-02-13 00:00:00+00:00,10373.060021472014
2025-02-14 00:00:00+00:00,10322.871360586174
2025-02-16 00:00:00+00:00,10322.871360586174
2025-02-17 00:00:00+00:00,10322.871360586174
2025-02-18 00:00:00+00:00,10322.871360586174
2025-02-19 00:00:00+00:00,10322.871360586174
2025-02-20 00:00:00+00:00,10324.471458242424
2025-02-21 00:00:00+00:00,10350.957298086174
2025-02-23 00:00:00+00:00,10350.957298086174
2025-02-24 00:00:00+00:00,10383.457298086174
2025-02-25 00:00:00+00:00,10363.377219961174
2025-02-26 00:00:00+00:00,10382.547141836174
2025-02-27 00:00:00+00:00,10356.266868398674
2025-02-28 00:00:00+00:00,10347.187278554924
2025-03-02 00:00:00+00:00,10347.187278554924
2025-03-03 00:00:00+00:00,10347.187278554924
2025-03-04 00:00:00+00:00,10347.187278554924
2025-03-05 00:00:00+00:00,10363.500266836174
2025-03-06 00:00:00+00:00,10363.500266836174
2025-03-07 00:00:00+00:00,10376.860130117424
2025-03-09 00:00:00+00:00,10376.860130117424
2025-03-10 00:00:00+00:00,10376.860130117424
2025-03-11 00:00:00+00:00,10376.860130117424
2025-03-12 00:00:00+00:00,10376.860130117424
2025-03-13 00:00:00+00:00,10376.860130117424
2025-03-14 00:00:00+00:00,10376.860130117424
2025-03-16 00:00:00+00:00,10376.860130117424
2025-03-17 00:00:00+00:00,10376.860130117424
2025-03-18 00:00:00+00:00,10376.860130117424
2025-03-19 00:00:00+00:00,10376.860130117424
2025-03-20 00:00:00+00:00,10376.860130117424
2025-03-21 00:00:00+00:00,10332.633140255719
2025-03-23 00:00:00+00:00,10332.633140255719
2025-03-24 00:00:00+00:00,10325.573081661969
2025-03-25 00:00:00+00:00,10325.573081661969
2025-03-26 00:00:00+00:00,10325.573081661969
2025-03-27 00:00:00+00:00,10325.573081661969
2025-03-28 00:00:00+00:00,10325.573081661969
2025-03-30 00:00:00+00:00,10325.573081661969
2025-03-31 00:00:00+00:00,10337.972984005719
2025-04-01 00:00:00+00:00,10337.972984005719
2025-04-02 00:00:00+00:00,10337.972984005719
2025-04-03 00:00:00+00:00,10296.180234961876
2025-04-04 00:00:00+00:00,10296.180234961876
2025-04-06 00:00:00+00:00,10296.180234961876
2025-04-07 00:00:00+00:00,10296.180234961876
2025-04-08 00:00:00+00:00,10296.180234961876
2025-04-09 00:00:00+00:00,10296.180234961876
2025-04-10 00:00:00+00:00,10296.180234961876
2025-04-11 00:00:00+00:00,10296.180234961876
2025-04-13 00:00:00+00:00,10296.180234961876
2025-04-14 00:00:00+00:00,10296.180234961876
2025-04-15 00:00:00+00:00,10296.180234961876
2025-04-16 00:00:00+00:00,10296.180234961876
2025-04-17 00:00:00+00:00,10296.180234961876
2025-04-20 00:00:00+00:00,10296.180234961876
2025-04-21 00:00:00+00:00,10296.180234961876
2025-04-22 00:00:00+00:00,10296.180234961876
2025-04-23 00:00:00+00:00,10296.180234961876
2025-04-24 00:00:00+00:00,10296.180234961876
2025-04-25 00:00:00+00:00,10279.42022519625
2025-04-27 00:00:00+00:00,10279.42022519625
2025-04-28 00:00:00+00:00,10279.42022519625
2025-04-29 00:00:00+00:00,10279.42022519625
2025-04-30 00:00:00+00:00,10279.42022519625
2025-05-01 00:00:00+00:00,10279.42022519625
2025-05-02 00:00:00+00:00,10267.210020118126
2025-05-04 00:00:00+00:00,10267.210020118126
2025-05-05 00:00:00+00:00,10267.210020118126
2025-05-06 00:00:00+00:00,10267.210020118126
2025-05-07 00:00:00+00:00,10267.210020118126
2025-05-08 00:00:00+00:00,10267.210020118126
2025-05-09 00:00:00+00:00,10267.210020118126
2025-05-11 00:00:00+00:00,10271.779844336876
2025-05-12 00:00:00+00:00,10261.26983457125
2025-05-13 00:00:00+00:00,10261.26983457125
2025-05-14 00:00:00+00:00,10224.594132123699
2025-05-15 00:00:00+00:00,10224.594132123699
2025-05-16 00:00:00+00:00,10224.594132123699
2025-05-18 00:00:00+00:00,10224.594132123699
2025-05-19 00:00:00+00:00,10224.594132123699
2025-05-20 00:00:00+00:00,10224.594132123699
2025-05-21 00:00:00+00:00,10224.594132123699
2025-05-22 00:00:00+00:00,10224.594132123699
2025-05-23 00:00:00+00:00,10224.594132123699
2025-05-25 00:00:00+00:00,10223.427139936199
2025-05-26 00:00:00+00:00,10228.877091108074
2025-05-27 00:00:00+00:00,10228.877091108074
2025-05-28 00:00:00+00:00,10217.573136029949
2025-05-29 00:00:00+00:00,10228.023087201824
2025-05-30 00:00:00+00:00,10241.276261029949
2025-06-01 00:00:00+00:00,10241.276261029949
2025-06-02 00:00:00+00:00,10241.276261029949
2025-06-03 00:00:00+00:00,10252.672257123699
2025-06-04 00:00:00+00:00,10252.672257123699
2025-06-05 00:00:00+00:00,10252.672257123699
2025-06-06 00:00:00+00:00,10233.422257123699
2025-06-08 00:00:00+00:00,10233.422257123699
2025-06-09 00:00:00+00:00,10233.422257123699
2025-06-10 00:00:00+00:00,10233.422257123699
2025-06-11 00:00:00+00:00,10233.422257123699
2025-06-12 00:00:00+00:00,10267.195450483074
2025-06-13 00:00:00+00:00,10267.195450483074
2025-06-15 00:00:00+00:00,10267.195450483074
2025-06-16 00:00:00+00:00,10270.995499311199
2025-06-17 00:00:00+00:00,10270.995499311199
2025-06-18 00:00:00+00:00,10274.038468061199
2025-06-19 00:00:00+00:00,10291.578262983074
2025-06-20 00:00:00+00:00,10291.578262983074
2025-06-22 00:00:00+00:00,10291.578262983074
2025-06-23 00:00:00+00:00,10291.578262983074
2025-06-24 00:00:00+00:00,10291.578262983074
2025-06-25 00:00:00+00:00,10291.578262983074
2025-06-26 00:00:00+00:00,10291.578262983074
2025-06-27 00:00:00+00:00,10291.578262983074
2025-06-29 00:00:00+00:00,10305.028214154949
2025-06-30 00:00:00+00:00,10321.588272748699
2025-07-01 00:00:00+00:00,10321.588272748699
2025-07-02 00:00:00+00:00,10321.588272748699
2025-07-03 00:00:00+00:00,10340.941300092449
2025-07-04 00:00:00+00:00,10340.941300092449
2025-07-06 00:00:00+00:00,10340.941300092449
2025-07-07 00:00:00+00:00,10340.574112592449
2025-07-08 00:00:00+00:00,10340.574112592449
2025-07-09 00:00:00+00:00,10340.574112592449
2025-07-10 00:00:00+00:00,10340.574112592449
2025-07-11 00:00:00+00:00,10340.574112592449
2025-07-13 00:00:00+00:00,10340.574112592449
2025-07-14 00:00:00+00:00,10340.574112592449
2025-07-15 00:00:00+00:00,10340.574112592449
2025-07-16 00:00:00+00:00,10340.574112592449
2025-07-17 00:00:00+00:00,10340.574112592449
2025-07-18 00:00:00+00:00,10340.574112592449
2025-07-20 00:00:00+00:00,10340.574112592449
2025-07-21 00:00:00+00:00,10340.574112592449
2025-07-22 00:00:00+00:00,10340.574112592449
2025-07-23 00:00:00+00:00,10340.574112592449
2025-07-24 00:00:00+00:00,10325.900284467449
2025-07-25 00:00:00+00:00,10316.040421186199
2025-07-27 00:00:00+00:00,10316.040421186199
2025-07-28 00:00:00+00:00,10324.050430951824
2025-07-29 00:00:00+00:00,10324.050430951824
2025-07-30 00:00:00+00:00,10308.270401654949
2025-07-31 00:00:00+00:00,10308.270401654949
2025-08-01 00:00:00+00:00,10308.270401654949
2025-08-03 00:00:00+00:00,10308.270401654949
2025-08-04 00:00:00+00:00,10308.270401654949
2025-08-05 00:00:00+00:00,10308.270401654949
2025-08-06 00:00:00+00:00,10308.270401654949
2025-08-07 00:00:00+00:00,10308.270401654949
2025-08-08 00:00:00+00:00,10308.270401654949
2025-08-10 00:00:00+00:00,10308.270401654949
2025-08-11 00:00:00+00:00,10308.270401654949
2025-08-12 00:00:00+00:00,10308.270401654949
2025-08-13 00:00:00+00:00,10308.270401654949
2025-08-14 00:00:00+00:00,10325.970108686199
2025-08-15 00:00:00+00:00,10325.970108686199
2025-08-17 00:00:00+00:00,10325.970108686199
2025-08-18 00:00:00+00:00,10325.970108686199
2025-08-19 00:00:00+00:00,10325.970108686199
2025-08-20 00:00:00+00:00,10325.970108686199
2025-08-21 00:00:00+00:00,10349.735733686199
2025-08-22 00:00:00+00:00,10349.735733686199
2025-08-24 00:00:00+00:00,10349.735733686199
2025-08-25 00:00:00+00:00,10349.735733686199
2025-08-26 00:00:00+00:00,10349.735733686199
2025-08-27 00:00:00+00:00,10349.735733686199
2025-08-28 00:00:00+00:00,10349.735733686199
2025-08-29 00:00:00+00:00,10349.735733686199
2025-08-31 00:00:00+00:00,10349.735733686199
2025-09-01 00:00:00+00:00,10349.735733686199
2025-09-02 00:00:00+00:00,10349.735733686199
2025-09-03 00:00:00+00:00,10349.735733686199
2025-09-04 00:00:00+00:00,10349.735733686199
2025-09-05 00:00:00+00:00,10349.735733686199
2025-09-07 00:00:00+00:00,10349.735733686199
2025-09-08 00:00:00+00:00,10349.735733686199
2025-09-09 00:00:00+00:00,10349.735733686199
2025-09-10 00:00:00+00:00,10349.735733686199
2025-09-11 00:00:00+00:00,10349.735733686199
2025-09-12 00:00:00+00:00,10349.735733686199
2025-09-14 00:00:00+00:00,10349.735733686199
2025-09-15 00:00:00+00:00,10349.735733686199
2025-09-16 00:00:00+00:00,10349.735733686199
2025-09-17 00:00:00+00:00,10350.495499311199
2025-09-18 00:00:00+00:00,10393.468643842449
2025-09-19 00:00:00+00:00,10393.468643842449
2025-09-21 00:00:00+00:00,10393.468643842449
2025-09-22 00:00:00+00:00,10393.468643842449
2025-09-23 00:00:00+00:00,10399.258682904949
2025-09-24 00:00:00+00:00,10399.258682904949
2025-09-25 00:00:00+00:00,10399.258682904949
2025-09-26 00:00:00+00:00,10399.258682904949
2025-09-28 00:00:00+00:00,10399.258682904949
2025-09-29 00:00:00+00:00,10399.258682904949
2025-09-30 00:00:00+00:00,10399.258682904949
2025-10-01 00:00:00+00:00,10399.258682904949
2025-10-02 00:00:00+00:00,10399.258682904949
2025-10-03 00:00:00+00:00,10399.258682904949
2025-10-05 00:00:00+00:00,10399.258682904949
2025-10-06 00:00:00+00:00,10399.258682904949
2025-10-07 00:00:00+00:00,10399.258682904949
2025-10-08 00:00:00+00:00,10399.258682904949
2025-10-09 00:00:00+00:00,10399.258682904949
2025-10-10 00:00:00+00:00,10399.258682904949
2025-10-12 00:00:00+00:00,10399.258682904949
2025-10-13 00:00:00+00:00,10399.258682904949
2025-10-14 00:00:00+00:00,10399.258682904949
2025-10-15 00:00:00+00:00,10399.258682904949
2025-10-16 00:00:00+00:00,10399.258682904949
2025-10-17 00:00:00+00:00,10399.258682904949
2025-10-19 00:00:00+00:00,10399.258682904949
2025-10-20 00:00:00+00:00,10399.258682904949
2025-10-21 00:00:00+00:00,10399.258682904949
2025-10-22 00:00:00+00:00,10399.258682904949
2025-10-23 00:00:00+00:00,10399.258682904949
2025-10-24 00:00:00+00:00,10399.258682904949
2025-10-26 00:00:00+00:00,10399.258682904949
2025-10-27 00:00:00+00:00,10399.258682904949
2025-10-28 00:00:00+00:00,10399.258682904949
2025-10-29 00:00:00+00:00,10399.258682904949
2025-10-30 00:00:00+00:00,10399.258682904949
2025-10-31 00:00:00+00:00,10399.258682904949
2025-11-02 00:00:00+00:00,10399.258682904949
2025-11-03 00:00:00+00:00,10399.258682904949
2025-11-04 00:00:00+00:00,10399.258682904949
2025-11-05 00:00:00+00:00,10402.418595014324
2025-11-06 00:00:00+00:00,10413.548721967449
2025-11-07 00:00:00+00:00,10413.548721967449
2025-11-09 00:00:00+00:00,10413.548721967449
2025-11-10 00:00:00+00:00,10413.548721967449
2025-11-11 00:00:00+00:00,10429.148819623699
2025-11-12 00:00:00+00:00,10429.148819623699
2025-11-13 00:00:00+00:00,10429.148819623699
2025-11-14 00:00:00+00:00,10429.148819623699
2025-11-16 00:00:00+00:00,10429.148819623699
2025-11-17 00:00:00+00:00,10429.148819623699
2025-11-18 00:00:00+00:00,10429.148819623699
2025-11-19 00:00:00+00:00,10429.148819623699
2025-11-20 00:00:00+00:00,10429.148819623699
2025-11-21 00:00:00+00:00,10429.148819623699
2025-11-23 00:00:00+00:00,10429.148819623699
2025-11-24 00:00:00+00:00,10429.148819623699
2025-11-25 00:00:00+00:00,10429.148819623699
2025-11-26 00:00:00+00:00,10429.148819623699
2025-11-27 00:00:00+00:00,10427.428604779949
2025-11-28 00:00:00+00:00,10433.832413373699
2025-11-30 00:00:00+00:00,10433.832413373699
2025-12-01 00:00:00+00:00,10433.832413373699
2025-12-02 00:00:00+00:00,10446.932511029949
2025-12-03 00:00:00+00:00,10446.932511029949
2025-12-04 00:00:00+00:00,10446.932511029949
2025-12-05 00:00:00+00:00,10465.402725873699
2025-12-07 00:00:00+00:00,10465.402725873699
2025-12-08 00:00:00+00:00,10471.692764936199
2025-12-09 00:00:00+00:00,10471.692764936199
2025-12-10 00:00:00+00:00,10471.692764936199
2025-12-11 00:00:00+00:00,10471.692764936199
2025-12-12 00:00:00+00:00,10471.692764936199
2025-12-14 00:00:00+00:00,10471.692764936199
2025-12-15 00:00:00+00:00,10471.692764936199
2025-12-16 00:00:00+00:00,10474.762589154949
2025-12-17 00:00:00+00:00,10474.762589154949
2025-12-18 00:00:00+00:00,10474.762589154949
2025-12-19 00:00:00+00:00,10480.772354779949
2025-12-21 00:00:00+00:00,10480.772354779949
2025-12-22 00:00:00+00:00,10480.772354779949
2025-12-23 00:00:00+00:00,10480.772354779949
2025-12-24 00:00:00+00:00,10480.772354779949
2025-12-25 00:00:00+00:00,10480.772354779949
2025-12-26 00:00:00+00:00,10480.772354779949
2025-12-28 00:00:00+00:00,10480.772354779949
2025-12-29 00:00:00+00:00,10480.772354779949
2025-12-30 00:00:00+00:00,10480.772354779949
2025-12-31 00:00:00+00:00,10480.772354779949
2026-01-01 00:00:00+00:00,10480.772354779949
2026-01-02 00:00:00+00:00,10480.772354779949
2026-01-04 00:00:00+00:00,10480.772354779949
2026-01-05 00:00:00+00:00,10480.772354779949
2026-01-06 00:00:00+00:00,10480.772354779949
2026-01-07 00:00:00+00:00,10480.772354779949
2026-01-08 00:00:00+00:00,10480.772354779949
2026-01-09 00:00:00+00:00,10480.772354779949
2026-01-11 00:00:00+00:00,10480.772354779949
2026-01-12 00:00:00+00:00,10480.772354779949
2026-01-13 00:00:00+00:00,10480.772354779949
2026-01-14 00:00:00+00:00,10480.772354779949
2026-01-15 00:00:00+00:00,10480.772354779949
2026-01-16 00:00:00+00:00,10480.772354779949
2026-01-18 00:00:00+00:00,10480.772354779949
2026-01-19 00:00:00+00:00,10480.772354779949
2026-01-20 00:00:00+00:00,10480.772354779949
2026-01-21 00:00:00+00:00,10480.772354779949
2026-01-22 00:00:00+00:00,10480.772354779949
2026-01-23 00:00:00+00:00,10480.772354779949
2026-01-25 00:00:00+00:00,10480.772354779949
2026-01-26 00:00:00+00:00,10480.772354779949
2026-01-27 00:00:00+00:00,10480.772354779949
2026-01-28 00:00:00+00:00,10480.772354779949
2026-01-29 00:00:00+00:00,10480.772354779949
2026-01-30 00:00:00+00:00,10480.772354779949
2026-02-01 00:00:00+00:00,10480.772354779949
2026-02-02 00:00:00+00:00,10480.772354779949
2026-02-03 00:00:00+00:00,10480.772354779949
2026-02-04 00:00:00+00:00,10480.772354779949
2026-02-05 00:00:00+00:00,10480.772354779949
2026-02-06 00:00:00+00:00,10480.772354779949
2026-02-08 00:00:00+00:00,10480.772354779949
2026-02-09 00:00:00+00:00,10480.772354779949
2026-02-10 00:00:00+00:00,10480.772354779949
2026-02-11 00:00:00+00:00,10480.772354779949
2026-02-12 00:00:00+00:00,10480.772354779949
2026-02-13 00:00:00+00:00,10480.772354779949
2026-02-15 00:00:00+00:00,10480.772354779949
2026-02-16 00:00:00+00:00,10480.772354779949
2026-02-17 00:00:00+00:00,10480.772354779949
2026-02-18 00:00:00+00:00,10480.772354779949
2026-02-19 00:00:00+00:00,10480.772354779949
2026-02-20 00:00:00+00:00,10480.772354779949
2026-02-22 00:00:00+00:00,10480.772354779949
2026-02-23 00:00:00+00:00,10480.772354779949
2026-02-24 00:00:00+00:00,10480.772354779949
2026-02-25 00:00:00+00:00,10480.772354779949
2026-02-26 00:00:00+00:00,10480.772354779949
2026-02-27 00:00:00+00:00,10480.772354779949
2026-03-01 00:00:00+00:00,10480.772354779949
2026-03-02 00:00:00+00:00,10480.772354779949
2026-03-03 00:00:00+00:00,10480.772354779949
2026-03-04 00:00:00+00:00,10480.772354779949
2026-03-05 00:00:00+00:00,10480.772354779949
2026-03-06 00:00:00+00:00,10480.772354779949
2026-03-08 00:00:00+00:00,10480.772354779949
2026-03-09 00:00:00+00:00,10480.772354779949
2026-03-10 00:00:00+00:00,10480.772354779949
2026-03-11 00:00:00+00:00,10480.772354779949
2026-03-12 00:00:00+00:00,10480.772354779949
2026-03-13 00:00:00+00:00,10480.772354779949
2026-03-15 00:00:00+00:00,10480.772354779949
2026-03-16 00:00:00+00:00,10480.772354779949
2026-03-17 00:00:00+00:00,10480.772354779949
2026-03-18 00:00:00+00:00,10480.772354779949
2026-03-19 00:00:00+00:00,10480.772354779949
2026-03-20 00:00:00+00:00,10480.772354779949
2026-03-22 00:00:00+00:00,10480.772354779949
2026-03-23 00:00:00+00:00,10480.772354779949
2026-03-24 00:00:00+00:00,10480.772354779949
2026-03-25 00:00:00+00:00,10480.772354779949
2026-03-26 00:00:00+00:00,10480.772354779949
2026-03-27 00:00:00+00:00,10480.772354779949
2026-03-29 00:00:00+00:00,10480.772354779949
2026-03-30 00:00:00+00:00,10480.772354779949
2026-03-31 00:00:00+00:00,10480.772354779949
2026-04-01 00:00:00+00:00,10480.772354779949
2026-04-02 00:00:00+00:00,10480.772354779949
2026-04-05 00:00:00+00:00,10480.772354779949
2026-04-06 00:00:00+00:00,10480.772354779949
2026-04-07 00:00:00+00:00,10480.772354779949
2026-04-08 00:00:00+00:00,10480.772354779949
2026-04-09 00:00:00+00:00,10480.772354779949
2026-04-10 00:00:00+00:00,10480.772354779949
2026-04-12 00:00:00+00:00,10480.772354779949
2026-04-13 00:00:00+00:00,10480.772354779949
2026-04-14 00:00:00+00:00,10480.772354779949
2026-04-15 00:00:00+00:00,10480.772354779949
2026-04-16 00:00:00+00:00,10480.772354779949
2026-04-17 00:00:00+00:00,10480.772354779949
2026-04-19 00:00:00+00:00,10480.772354779949
2026-04-20 00:00:00+00:00,10480.772354779949
2026-04-21 00:00:00+00:00,10480.772354779949
2026-04-22 00:00:00+00:00,10480.772354779949
2026-04-23 00:00:00+00:00,10486.825577436199
2026-04-24 00:00:00+00:00,10486.825577436199
2026-04-26 00:00:00+00:00,10486.825577436199
2026-04-27 00:00:00+00:00,10486.825577436199
2026-04-28 00:00:00+00:00,10475.245499311199
2026-04-29 00:00:00+00:00,10475.245499311199
2026-04-30 00:00:00+00:00,10475.245499311199
2026-05-01 00:00:00+00:00,10475.245499311199
2026-05-03 00:00:00+00:00,10475.245499311199
2026-05-04 00:00:00+00:00,10475.245499311199
2026-05-05 00:00:00+00:00,10475.245499311199
2026-05-06 00:00:00+00:00,10475.245499311199
2026-05-07 00:00:00+00:00,10475.245499311199
2026-05-08 00:00:00+00:00,10475.245499311199
2026-05-10 00:00:00+00:00,10478.935440717449
2026-05-11 00:00:00+00:00,10473.295792279949
2026-05-12 00:00:00+00:00,10473.295792279949
2026-05-13 00:00:00+00:00,10473.295792279949
2026-05-14 00:00:00+00:00,10473.295792279949
2026-05-15 00:00:00+00:00,10473.295792279949
2026-05-17 00:00:00+00:00,10473.295792279949
2026-05-18 00:00:00+00:00,10473.295792279949
2026-05-19 00:00:00+00:00,10473.295792279949
2026-05-20 00:00:00+00:00,10473.295792279949
2026-05-21 00:00:00+00:00,10473.295792279949
2026-05-22 00:00:00+00:00,10473.295792279949
2026-05-24 00:00:00+00:00,10473.295792279949
2026-05-25 00:00:00+00:00,10473.295792279949
2026-05-26 00:00:00+00:00,10473.295792279949
2026-05-27 00:00:00+00:00,10473.295792279949
2026-05-28 00:00:00+00:00,10473.295792279949
2026-05-29 00:00:00+00:00,10473.295792279949
2026-05-31 00:00:00+00:00,10473.295792279949
2026-06-01 00:00:00+00:00,10473.295792279949
2026-06-02 00:00:00+00:00,10479.315811811199
2026-06-03 00:00:00+00:00,10488.255753217449
2026-06-04 00:00:00+00:00,10488.255753217449
2026-06-05 00:00:00+00:00,10488.255753217449
2026-06-07 00:00:00+00:00,10488.255753217449
2026-06-08 00:00:00+00:00,10488.255753217449
2026-06-09 00:00:00+00:00,10488.255753217449
2026-06-10 00:00:00+00:00,10488.255753217449
2026-06-11 00:00:00+00:00,10488.255753217449
2026-06-12 00:00:00+00:00,10488.255753217449
2026-06-14 00:00:00+00:00,10488.255753217449
2026-06-15 00:00:00+00:00,10488.255753217449
2026-06-16 00:00:00+00:00,10488.255753217449
2026-06-17 00:00:00+00:00,10488.255753217449
2026-06-18 00:00:00+00:00,10488.255753217449
2026-06-19 00:00:00+00:00,10488.255753217449
2026-06-21 00:00:00+00:00,10488.255753217449
2026-06-22 00:00:00+00:00,10488.255753217449
2026-06-23 00:00:00+00:00,10461.125382123699
2026-06-24 00:00:00+00:00,10461.125382123699
2026-06-25 00:00:00+00:00,10461.125382123699
2026-06-26 00:00:00+00:00,10461.125382123699
2026-06-28 00:00:00+00:00,10461.125382123699
2026-06-29 00:00:00+00:00,10461.125382123699
2026-06-30 00:00:00+00:00,10415.802718557765
2026-07-01 00:00:00+00:00,10415.802718557765
2026-07-02 00:00:00+00:00,10415.802718557765
2026-07-03 00:00:00+00:00,10415.802718557765
2026-07-05 00:00:00+00:00,10415.802718557765
2026-07-06 00:00:00+00:00,10415.802718557765
2026-07-07 00:00:00+00:00,10415.802718557765
2026-07-08 00:00:00+00:00,10415.802718557765
2026-07-09 00:00:00+00:00,10415.802718557765
2026-07-10 00:00:00+00:00,10415.802718557765
2026-07-12 00:00:00+00:00,10415.802718557765
2026-07-13 00:00:00+00:00,10415.802718557765
2026-07-14 00:00:00+00:00,10415.802718557765
2026-07-15 00:00:00+00:00,10415.802718557765
2026-07-16 00:00:00+00:00,10415.802718557765
2026-07-17 00:00:00+00:00,10463.06272832339
2026-07-19 00:00:00+00:00,10463.06272832339
2026-07-20 00:00:00+00:00,10463.06272832339
2026-07-21 00:00:00+00:00,10463.06272832339
2026-07-22 00:00:00+00:00,10463.06272832339
2026-07-23 00:00:00+00:00,10443.542464651515
2026-07-24 00:00:00+00:00,10443.542464651515
2026-07-26 00:00:00+00:00,10443.542464651515
2026-07-27 00:00:00+00:00,10443.542464651515
2026-07-28 00:00:00+00:00,10441.642562307765
2026-07-29 00:00:00+00:00,10441.642562307765
2026-07-30 00:00:00+00:00,10441.642562307765
2026-07-31 00:00:00+00:00,10441.642562307765
2026-08-02 00:00:00+00:00,10441.642562307765
2026-08-03 00:00:00+00:00,10441.642562307765
2026-08-04 00:00:00+00:00,10441.642562307765
2026-08-05 00:00:00+00:00,10441.642562307765
2026-08-06 00:00:00+00:00,10441.642562307765
2026-08-07 00:00:00+00:00,10441.642562307765
2026-08-09 00:00:00+00:00,10441.642562307765
2026-08-10 00:00:00+00:00,10441.642562307765
2026-08-11 00:00:00+00:00,10441.642562307765
2026-08-12 00:00:00+00:00,10441.642562307765
2026-08-13 00:00:00+00:00,10441.642562307765
2026-08-14 00:00:00+00:00,10441.642562307765
2026-08-16 00:00:00+00:00,10441.642562307765
2026-08-17 00:00:00+00:00,10441.642562307765
2026-08-18 00:00:00+00:00,10441.642562307765
2026-08-19 00:00:00+00:00,10441.642562307765
2026-08-20 00:00:00+00:00,10495.502425589015
2026-08-21 00:00:00+00:00,10495.502425589015
2026-08-23 00:00:00+00:00,10495.502425589015
2026-08-24 00:00:00+00:00,10495.502425589015
2026-08-25 00:00:00+00:00,10495.502425589015
2026-08-26 00:00:00+00:00,10495.502425589015
2026-08-27 00:00:00+00:00,10495.502425589015
2026-08-28 00:00:00+00:00,10495.502425589015
2026-08-30 00:00:00+00:00,10495.502425589015
2026-08-31 00:00:00+00:00,10495.502425589015
2026-09-01 00:00:00+00:00,10495.502425589015
2026-09-02 00:00:00+00:00,10495.502425589015
2026-09-03 00:00:00+00:00,10495.502425589015
2026-09-04 00:00:00+00:00,10495.502425589015
2026-09-06 00:00:00+00:00,10495.502425589015
2026-09-07 00:00:00+00:00,10495.502425589015
2026-09-08 00:00:00+00:00,10495.502425589015
2026-09-09 00:00:00+00:00,10495.502425589015
2026-09-10 00:00:00+00:00,10495.502425589015
2026-09-11 00:00:00+00:00,10495.502425589015
2026-09-13 00:00:00+00:00,10495.502425589015
2026-09-14 00:00:00+00:00,10495.502425589015
2026-09-15 00:00:00+00:00,10495.502425589015
2026-09-16 00:00:00+00:00,10495.502425589015
2026-09-17 00:00:00+00:00,10495.502425589015
2026-09-18 00:00:00+00:00,10495.502425589015
2026-09-20 00:00:00+00:00,10495.502425589015
2026-09-21 00:00:00+00:00,10495.502425589015
2026-09-22 00:00:00+00:00,10495.502425589015
2026-09-23 00:00:00+00:00,10495.502425589015
2026-09-24 00:00:00+00:00,10495.502425589015
2026-09-25 00:00:00+00:00,10495.502425589015
2026-09-27 00:00:00+00:00,10488.512191214015
2026-09-28 00:00:00+00:00,10447.726508153439
2026-09-29 00:00:00+00:00,10447.726508153439
2026-09-30 00:00:00+00:00,10447.726508153439
2026-10-01 00:00:00+00:00,10447.726508153439
2026-10-02 00:00:00+00:00,10493.816351903439
