time,0
2019-01-01 00:00:00+00:00,10000.0
2019-01-02 00:00:00+00:00,10000.0
2019-01-03 00:00:00+00:00,10000.0
2019-01-04 00:00:00+00:00,10000.0
2019-01-06 00:00:00+00:00,10000.0
2019-01-07 00:00:00+00:00,10000.0
2019-01-08 00:00:00+00:00,10000.0
2019-01-09 00:00:00+00:00,10000.0
2019-01-10 00:00:00+00:00,10000.0
2019-01-11 00:00:00+00:00,10000.0
2019-01-13 00:00:00+00:00,10000.0
2019-01-14 00:00:00+00:00,10000.0
2019-01-15 00:00:00+00:00,10044.91943359375
2019-01-16 00:00:00+00:00,10044.91943359375
2019-01-17 00:00:00+00:00,10020.58251953125
2019-01-18 00:00:00+00:00,9983.472534179688
2019-01-20 00:00:00+00:00,9983.472534179688
2019-01-21 00:00:00+00:00,9983.472534179688
2019-01-22 00:00:00+00:00,9983.472534179688
2019-01-23 00:00:00+00:00,10043.394409179688
2019-01-24 00:00:00+00:00,10043.394409179688
2019-01-25 00:00:00+00:00,10043.394409179688
2019-01-27 00:00:00+00:00,10043.394409179688
2019-01-28 00:00:00+00:00,10043.394409179688
2019-01-29 00:00:00+00:00,10043.394409179688
2019-01-30 00:00:00+00:00,10043.394409179688
2019-01-31 00:00:00+00:00,10043.394409179688
2019-02-01 00:00:00+00:00,10043.394409179688
2019-02-03 00:00:00+00:00,10043.394409179688
2019-02-04 00:00:00+00:00,10043.394409179688
2019-02-05 00:00:00+00:00,10043.394409179688
2019-02-06 00:00:00+00:00,10043.394409179688
2019-02-07 00:00:00+00:00,10039.712768554688
2019-02-08 00:00:00+00:00,10039.712768554688
2019-02-10 00:00:00+00:00,10039.712768554688
2019-02-11 00:00:00+00:00,9958.752319335938
2019-02-12 00:00:00+00:00,9958.752319335938
2019-02-13 00:00:00+00:00,9958.752319335938
2019-02-14 00:00:00+00:00,9929.952758789062
2019-02-15 00:00:00+00:00,9929.952758789062
2019-02-17 00:00:00+00:00,9929.952758789062
2019-02-18 00:00:00+00:00,9929.952758789062
2019-02-19 00:00:00+00:00,9929.952758789062
2019-02-20 00:00:00+00:00,9915.432006835938
2019-02-21 00:00:00+00:00,9915.432006835938
2019-02-22 00:00:00+00:00,9915.432006835938
2019-02-24 00:00:00+00:00,9915.432006835938
2019-02-25 00:00:00+00:00,9915.432006835938
2019-02-26 00:00:00+00:00,9915.432006835938
2019-02-27 00:00:00+00:00,9915.432006835938
2019-02-28 00:00:00+00:00,9930.911743164062
2019-03-01 00:00:00+00:00,9930.911743164062
2019-03-03 00:00:00+00:00,9930.911743164062
2019-03-04 00:00:00+00:00,9834.749678388407
2019-03-05 00:00:00+00:00,9817.608565107157
2019-03-06 00:00:00+00:00,9817.608565107157
2019-03-07 00:00:00+00:00,9817.608565107157
2019-03-08 00:00:00+00:00,9817.608565107157
2019-03-10 00:00:00+00:00,9817.608565107157
2019-03-11 00:00:00+00:00,9817.608565107157
2019-03-12 00:00:00+00:00,9817.608565107157
2019-03-13 00:00:00+00:00,9817.608565107157
2019-03-14 00:00:00+00:00,9817.608565107157
2019-03-15 00:00:00+00:00,9886.906172529032
2019-03-17 00:00:00+00:00,9886.906172529032
2019-03-18 00:00:00+00:00,9886.906172529032
2019-03-19 00:00:00+00:00,9886.906172529032
2019-03-20 00:00:00+00:00,9886.906172529032
2019-03-21 00:00:00+00:00,9807.275313154032
2019-03-22 00:00:00+00:00,9807.275313154032
2019-03-24 00:00:00+00:00,9807.275313154032
2019-03-25 00:00:00+00:00,9807.275313154032
2019-03-26 00:00:00+00:00,9807.275313154032
2019-03-27 00:00:00+00:00,9788.312910810282
2019-03-28 00:00:00+00:00,9761.969893232157
2019-03-29 00:00:00+00:00,9761.969893232157
2019-03-31 00:00:00+00:00,9761.969893232157
2019-04-01 00:00:00+00:00,9761.00077702122
2019-04-02 00:00:00+00:00,9761.00077702122
2019-04-03 00:00:00+00:00,9761.00077702122
2019-04-04 00:00:00+00:00,9819.891157880595
2019-04-05 00:00:00+00:00,9819.891157880595
2019-04-07 00:00:00+00:00,9819.891157880595
2019-04-08 00:00:00+00:00,9819.891157880595
2019-04-09 00:00:00+00:00,9819.891157880595
2019-04-10 00:00:00+00:00,9819.891157880595
2019-04-11 00:00:00+00:00,9819.891157880595
2019-04-12 00:00:00+00:00,9819.891157880595
2019-04-14 00:00:00+00:00,9819.891157880595
2019-04-15 00:00:00+00:00,9819.891157880595
2019-04-16 00:00:00+00:00,9801.12040592747
2019-04-17 00:00:00+00:00,9801.12040592747
2019-04-18 00:00:00+00:00,9801.12040592747
2019-04-21 00:00:00+00:00,9801.12040592747
2019-04-22 00:00:00+00:00,9801.12040592747
2019-04-23 00:00:00+00:00,9801.12040592747
2019-04-24 00:00:00+00:00,9801.12040592747
2019-04-25 00:00:00+00:00,9801.12040592747
2019-04-26 00:00:00+00:00,9801.12040592747
2019-04-28 00:00:00+00:00,9801.12040592747
2019-04-29 00:00:00+00:00,9801.12040592747
2019-04-30 00:00:00+00:00,9801.12040592747
2019-05-01 00:00:00+00:00,9801.12040592747
2019-05-02 00:00:00+00:00,9787.174238935282
2019-05-03 00:00:00+00:00,9778.207197919657
2019-05-05 00:00:00+00:00,9778.207197919657
2019-05-06 00:00:00+00:00,9806.463057294657
2019-05-07 00:00:00+00:00,9806.463057294657
2019-05-08 00:00:00+00:00,9806.463057294657
2019-05-09 00:00:00+00:00,9806.463057294657
2019-05-10 00:00:00+00:00,9806.463057294657
2019-05-12 00:00:00+00:00,9806.463057294657
2019-05-13 00:00:00+00:00,9806.463057294657
2019-05-14 00:00:00+00:00,9806.463057294657
2019-05-15 00:00:00+00:00,9907.136152997782
2019-05-16 00:00:00+00:00,9907.136152997782
2019-05-17 00:00:00+00:00,9907.136152997782
2019-05-19 00:00:00+00:00,9907.136152997782
2019-05-20 00:00:00+00:00,9907.136152997782
2019-05-21 00:00:00+00:00,9917.397383466532
2019-05-22 00:00:00+00:00,9917.397383466532
2019-05-23 00:00:00+00:00,9917.397383466532
2019-05-24 00:00:00+00:00,9917.397383466532
2019-05-26 00:00:00+00:00,9917.397383466532
2019-05-27 00:00:00+00:00,9917.397383466532
2019-05-28 00:00:00+00:00,9925.041670575907
2019-05-29 00:00:00+00:00,9925.041670575907
2019-05-30 00:00:00+00:00,9925.041670575907
2019-05-31 00:00:00+00:00,9925.041670575907
2019-06-02 00:00:00+00:00,9925.041670575907
2019-06-03 00:00:00+00:00,9925.041670575907
2019-06-04 00:00:00+00:00,9925.041670575907
2019-06-05 00:00:00+00:00,9925.041670575907
2019-06-06 00:00:00+00:00,9925.041670575907
2019-06-07 00:00:00+00:00,9925.041670575907
2019-06-09 00:00:00+00:00,9927.768477216532
2019-06-10 00:00:00+00:00,9875.145064130595
2019-06-11 00:00:00+00:00,9780.860125455009
2019-06-12 00:00:00+00:00,9780.860125455009
2019-06-13 00:00:00+00:00,9780.860125455009
2019-06-14 00:00:00+00:00,9780.860125455009
2019-06-16 00:00:00+00:00,9780.860125455009
2019-06-17 00:00:00+00:00,9780.860125455009
2019-06-18 00:00:00+00:00,9780.860125455009
2019-06-19 00:00:00+00:00,9780.860125455009
2019-06-20 00:00:00+00:00,9780.860125455009
2019-06-21 00:00:00+00:00,9780.860125455009
2019-06-23 00:00:00+00:00,9780.860125455009
2019-06-24 00:00:00+00:00,9780.860125455009
2019-06-25 00:00:00+00:00,9780.860125455009
2019-06-26 00:00:00+00:00,9780.860125455009
2019-06-27 00:00:00+00:00,9780.860125455009
2019-06-28 00:00:00+00:00,9796.092303189384
2019-06-30 00:00:00+00:00,9787.757342251884
2019-07-01 00:00:00+00:00,9788.556902798759
2019-07-02 00:00:00+00:00,9788.556902798759
2019-07-03 00:00:00+00:00,9788.556902798759
2019-07-04 00:00:00+00:00,9788.556902798759
2019-07-05 00:00:00+00:00,9789.296648892509
2019-07-07 00:00:00+00:00,9789.296648892509
2019-07-08 00:00:00+00:00,9789.296648892509
2019-07-09 00:00:00+00:00,9789.296648892509
2019-07-10 00:00:00+00:00,9789.296648892509
2019-07-11 00:00:00+00:00,9789.296648892509
2019-07-12 00:00:00+00:00,9789.296648892509
2019-07-14 00:00:00+00:00,9789.296648892509
2019-07-15 00:00:00+00:00,9798.381853970634
2019-07-16 00:00:00+00:00,9798.381853970634
2019-07-17 00:00:00+00:00,9798.381853970634
2019-07-18 00:00:00+00:00,9798.381853970634
2019-07-19 00:00:00+00:00,9798.381853970634
2019-07-21 00:00:00+00:00,9798.381853970634
2019-07-22 00:00:00+00:00,9798.381853970634
2019-07-23 00:00:00+00:00,9778.401019009696
2019-07-24 00:00:00+00:00,9778.401019009696
2019-07-25 00:00:00+00:00,9778.401019009696
2019-07-26 00:00:00+00:00,9778.401019009696
2019-07-28 00:00:00+00:00,9778.401019009696
2019-07-29 00:00:00+00:00,9778.401019009696
2019-07-30 00:00:00+00:00,9778.401019009696
2019-07-31 00:00:00+00:00,9796.317889126884
2019-08-01 00:00:00+00:00,9796.317889126884
2019-08-02 00:00:00+00:00,9796.317889126884
2019-08-04 00:00:00+00:00,9796.317889126884
2019-08-05 00:00:00+00:00,9796.317889126884
2019-08-06 00:00:00+00:00,9796.317889126884
2019-08-07 00:00:00+00:00,9796.317889126884
2019-08-08 00:00:00+00:00,9796.317889126884
2019-08-09 00:00:00+00:00,9817.648455533134
2019-08-11 00:00:00+00:00,9817.648455533134
2019-08-12 00:00:00+00:00,9958.779314908134
2019-08-13 00:00:00+00:00,9958.779314908134
2019-08-14 00:00:00+00:00,9958.779314908134
2019-08-15 00:00:00+00:00,10016.018816861259
2019-08-16 00:00:00+00:00,10016.018816861259
2019-08-18 00:00:00+00:00,10016.018816861259
2019-08-19 00:00:00+00:00,9980.499285611259
2019-08-20 00:00:00+00:00,9980.499285611259
2019-08-21 00:00:00+00:00,9980.499285611259
2019-08-22 00:00:00+00:00,9980.499285611259
2019-08-23 00:00:00+00:00,9980.499285611259
2019-08-25 00:00:00+00:00,9980.499285611259
2019-08-26 00:00:00+00:00,9976.899432095634
2019-08-27 00:00:00+00:00,9976.899432095634
2019-08-28 00:00:00+00:00,10003.026019009696
2019-08-29 00:00:00+00:00,10003.026019009696
2019-08-30 00:00:00+00:00,10003.026019009696
2019-09-01 00:00:00+00:00,10003.026019009696
2019-09-02 00:00:00+00:00,10003.026019009696
2019-09-03 00:00:00+00:00,10003.026019009696
2019-09-04 00:00:00+00:00,10003.026019009696
2019-09-05 00:00:00+00:00,10003.026019009696
2019-09-06 00:00:00+00:00,10009.277483853446
2019-09-08 00:00:00+00:00,10009.277483853446
2019-09-09 00:00:00+00:00,10023.515032681571
2019-09-10 00:00:00+00:00,10023.515032681571
2019-09-11 00:00:00+00:00,10023.515032681571
2019-09-12 00:00:00+00:00,10023.515032681571
2019-09-13 00:00:00+00:00,10023.515032681571
2019-09-15 00:00:00+00:00,10023.515032681571
2019-09-16 00:00:00+00:00,10023.515032681571
2019-09-17 00:00:00+00:00,10023.515032681571
2019-09-18 00:00:00+00:00,9999.736956509696
2019-09-19 00:00:00+00:00,9999.736956509696
2019-09-20 00:00:00+00:00,10030.012347134696
2019-09-22 00:00:00+00:00,10030.012347134696
2019-09-23 00:00:00+00:00,10030.012347134696
2019-09-24 00:00:00+00:00,10030.012347134696
2019-09-25 00:00:00+00:00,9930.964438857536
2019-09-26 00:00:00+00:00,9930.964438857536
2019-09-27 00:00:00+00:00,9835.595348104745
2019-09-29 00:00:00+00:00,9835.595348104745
2019-09-30 00:00:00+00:00,9852.860362753183
2019-10-01 00:00:00+00:00,9852.860362753183
2019-10-02 00:00:00+00:00,9852.860362753183
2019-10-03 00:00:00+00:00,9852.860362753183
2019-10-04 00:00:00+00:00,9910.31092427662
2019-10-06 00:00:00+00:00,9910.31092427662
2019-10-07 00:00:00+00:00,9879.984386190683
2019-10-08 00:00:00+00:00,9879.984386190683
2019-10-09 00:00:00+00:00,9879.984386190683
2019-10-10 00:00:00+00:00,9879.984386190683
2019-10-11 00:00:00+00:00,9879.984386190683
2019-10-13 00:00:00+00:00,9879.984386190683
2019-10-14 00:00:00+00:00,9879.984386190683
2019-10-15 00:00:00+00:00,9789.604603946498
2019-10-16 00:00:00+00:00,9842.293324649623
2019-10-17 00:00:00+00:00,9842.293324649623
2019-10-18 00:00:00+00:00,9842.293324649623
2019-10-20 00:00:00+00:00,9842.293324649623
2019-10-21 00:00:00+00:00,9842.293324649623
2019-10-22 00:00:00+00:00,9842.293324649623
2019-10-23 00:00:00+00:00,9842.293324649623
2019-10-24 00:00:00+00:00,9862.887196719936
2019-10-25 00:00:00+00:00,9862.887196719936
2019-10-27 00:00:00+00:00,9862.887196719936
2019-10-28 00:00:00+00:00,9808.41820257931
2019-10-29 00:00:00+00:00,9808.44749945431
2019-10-30 00:00:00+00:00,9866.434437930873
2019-10-31 00:00:00+00:00,9866.434437930873
2019-11-01 00:00:00+00:00,9866.434437930873
2019-11-03 00:00:00+00:00,9866.434437930873
2019-11-04 00:00:00+00:00,9866.434437930873
2019-11-05 00:00:00+00:00,9866.434437930873
2019-11-06 00:00:00+00:00,9866.434437930873
2019-11-07 00:00:00+00:00,9766.492177188686
2019-11-08 00:00:00+00:00,9766.492177188686
2019-11-10 00:00:00+00:00,9766.492177188686
2019-11-11 00:00:00+00:00,9784.540028751186
2019-11-12 00:00:00+00:00,9687.769350226345
2019-11-13 00:00:00+00:00,9687.769350226345
2019-11-14 00:00:00+00:00,9687.769350226345
2019-11-15 00:00:00+00:00,9687.769350226345
2019-11-17 00:00:00+00:00,9687.769350226345
2019-11-18 00:00:00+00:00,9687.769350226345
2019-11-19 00:00:00+00:00,9687.769350226345
2019-11-20 00:00:00+00:00,9687.769350226345
2019-11-21 00:00:00+00:00,9687.769350226345
2019-11-22 00:00:00+00:00,9687.769350226345
2019-11-24 00:00:00+00:00,9687.25152796072
2019-11-25 00:00:00+00:00,9707.213564093532
2019-11-26 00:00:00+00:00,9707.213564093532
2019-11-27 00:00:00+00:00,9726.14068811697
2019-11-28 00:00:00+00:00,9726.14068811697
2019-11-29 00:00:00+00:00,9918.073153961057
2019-12-01 00:00:00+00:00,9918.073153961057
2019-12-02 00:00:00+00:00,9950.667758453244
2019-12-03 00:00:00+00:00,9950.667758453244
2019-12-04 00:00:00+00:00,9950.667758453244
2019-12-05 00:00:00+00:00,9950.667758453244
2019-12-06 00:00:00+00:00,9976.25296353137
2019-12-08 00:00:00+00:00,9976.25296353137
2019-12-09 00:00:00+00:00,9976.25296353137
2019-12-10 00:00:00+00:00,9976.25296353137
2019-12-11 00:00:00+00:00,9976.25296353137
2019-12-12 00:00:00+00:00,9976.25296353137
2019-12-13 00:00:00+00:00,9976.25296353137
2019-12-15 00:00:00+00:00,9976.25296353137
2019-12-16 00:00:00+00:00,9976.25296353137
2019-12-17 00:00:00+00:00,9976.25296353137
2019-12-18 00:00:00+00:00,9976.25296353137
2019-12-19 00:00:00+00:00,9976.25296353137
2019-12-20 00:00:00+00:00,9976.25296353137
2019-12-22 00:00:00+00:00,9976.25296353137
2019-12-23 00:00:00+00:00,9976.25296353137
2019-12-24 00:00:00+00:00,9976.25296353137
2019-12-25 00:00:00+00:00,9976.25296353137
2019-12-26 00:00:00+00:00,9976.25296353137
2019-12-27 00:00:00+00:00,9976.25296353137
2019-12-29 00:00:00+00:00,9976.25296353137
2019-12-30 00:00:00+00:00,9976.25296353137
2019-12-31 00:00:00+00:00,9976.25296353137
2020-01-01 00:00:00+00:00,9976.25296353137
2020-01-02 00:00:00+00:00,9976.25296353137
2020-01-03 00:00:00+00:00,9976.25296353137
2020-01-05 00:00:00+00:00,9976.25296353137
2020-01-06 00:00:00+00:00,9961.93118618762
2020-01-07 00:00:00+00:00,9996.49173306262
2020-01-08 00:00:00+00:00,9996.49173306262
2020-01-09 00:00:00+00:00,9960.91556118762
2020-01-10 00:00:00+00:00,9960.91556118762
2020-01-12 00:00:00+00:00,9960.91556118762
2020-01-13 00:00:00+00:00,9960.91556118762
2020-01-14 00:00:00+00:00,9862.927869838684
2020-01-15 00:00:00+00:00,9862.927869838684
2020-01-16 00:00:00+00:00,9883.62830929181
2020-01-17 00:00:00+00:00,9883.62830929181
2020-01-19 00:00:00+00:00,9883.62830929181
2020-01-20 00:00:00+00:00,9883.62830929181
2020-01-21 00:00:00+00:00,9842.858045619934
2020-01-22 00:00:00+00:00,9842.858045619934
2020-01-23 00:00:00+00:00,9842.858045619934
2020-01-24 00:00:00+00:00,9842.858045619934
2020-01-26 00:00:00+00:00,9842.858045619934
2020-01-27 00:00:00+00:00,9842.858045619934
2020-01-28 00:00:00+00:00,9795.118421596497
2020-01-29 00:00:00+00:00,9795.118421596497
2020-01-30 00:00:00+00:00,9795.118421596497
2020-01-31 00:00:00+00:00,9795.118421596497
2020-02-02 00:00:00+00:00,9795.118421596497
2020-02-03 00:00:00+00:00,9823.677991908997
2020-02-04 00:00:00+00:00,9823.677991908997
2020-02-05 00:00:00+00:00,9823.677991908997
2020-02-06 00:00:00+00:00,9823.677991908997
2020-02-07 00:00:00+00:00,9898.168958705872
2020-02-09 00:00:00+00:00,9898.168958705872
2020-02-10 00:00:00+00:00,9898.168958705872
2020-02-11 00:00:00+00:00,9898.168958705872
2020-02-12 00:00:00+00:00,9904.496107143372
2020-02-13 00:00:00+00:00,9904.496107143372
2020-02-14 00:00:00+00:00,9904.496107143372
2020-02-16 00:00:00+00:00,9904.496107143372
2020-02-17 00:00:00+00:00,9904.496107143372
2020-02-18 00:00:00+00:00,9904.496107143372
2020-02-19 00:00:00+00:00,9904.496107143372
2020-02-20 00:00:00+00:00,9904.496107143372
2020-02-21 00:00:00+00:00,9904.496107143372
2020-02-23 00:00:00+00:00,9904.496107143372
2020-02-24 00:00:00+00:00,9904.496107143372
2020-02-25 00:00:00+00:00,9904.496107143372
2020-02-26 00:00:00+00:00,9904.496107143372
2020-02-27 00:00:00+00:00,9904.496107143372
2020-02-28 00:00:00+00:00,9906.562025112122
2020-03-01 00:00:00+00:00,9906.562025112122
2020-03-02 00:00:00+00:00,9906.562025112122
2020-03-03 00:00:00+00:00,9906.562025112122
2020-03-04 00:00:00+00:00,9942.47694210431
2020-03-05 00:00:00+00:00,9942.47694210431
2020-03-06 00:00:00+00:00,9942.47694210431
2020-03-08 00:00:00+00:00,9942.47694210431
2020-03-09 00:00:00+00:00,9942.47694210431
2020-03-10 00:00:00+00:00,9958.34119991681
2020-03-11 00:00:00+00:00,9958.34119991681
2020-03-12 00:00:00+00:00,9890.748934626681
2020-03-13 00:00:00+00:00,9956.154940486056
2020-03-15 00:00:00+00:00,9956.154940486056
2020-03-16 00:00:00+00:00,9975.597933650119
2020-03-17 00:00:00+00:00,9975.597933650119
2020-03-18 00:00:00+00:00,9889.555916897334
2020-03-19 00:00:00+00:00,9889.555916897334
2020-03-20 00:00:00+00:00,9889.555916897334
2020-03-22 00:00:00+00:00,9889.555916897334
2020-03-23 00:00:00+00:00,9889.555916897334
2020-03-24 00:00:00+00:00,9889.555916897334
2020-03-25 00:00:00+00:00,9889.555916897334
2020-03-26 00:00:00+00:00,9889.555916897334
2020-03-27 00:00:00+00:00,9889.555916897334
2020-03-29 00:00:00+00:00,9889.555916897334
2020-03-30 00:00:00+00:00,9889.555916897334
2020-03-31 00:00:00+00:00,9891.060311428584
2020-04-01 00:00:00+00:00,9891.060311428584
2020-04-02 00:00:00+00:00,9891.060311428584
2020-04-03 00:00:00+00:00,9891.060311428584
2020-04-05 00:00:00+00:00,9906.768197170772
2020-04-06 00:00:00+00:00,9907.488167873897
2020-04-07 00:00:00+00:00,9907.488167873897
2020-04-08 00:00:00+00:00,9907.488167873897
2020-04-09 00:00:00+00:00,9907.488167873897
2020-04-12 00:00:00+00:00,9907.488167873897
2020-04-13 00:00:00+00:00,9907.488167873897
2020-04-14 00:00:00+00:00,9907.488167873897
2020-04-15 00:00:00+00:00,9907.488167873897
2020-04-16 00:00:00+00:00,9907.488167873897
2020-04-17 00:00:00+00:00,9903.426156155147
2020-04-19 00:00:00+00:00,9903.426156155147
2020-04-20 00:00:00+00:00,9903.426156155147
2020-04-21 00:00:00+00:00,9903.426156155147
2020-04-22 00:00:00+00:00,9903.426156155147
2020-04-23 00:00:00+00:00,9903.426156155147
2020-04-24 00:00:00+00:00,9903.426156155147
2020-04-26 00:00:00+00:00,9903.426156155147
2020-04-27 00:00:00+00:00,9918.222542873897
2020-04-28 00:00:00+00:00,9918.222542873897
2020-04-29 00:00:00+00:00,9947.664925686397
2020-04-30 00:00:00+00:00,9893.448617092647
2020-05-01 00:00:00+00:00,9858.606576077022
2020-05-03 00:00:00+00:00,9858.606576077022
2020-05-04 00:00:00+00:00,9858.606576077022
2020-05-05 00:00:00+00:00,9858.606576077022
2020-05-06 00:00:00+00:00,9834.186410061397
2020-05-07 00:00:00+00:00,9834.186410061397
2020-05-08 00:00:00+00:00,9834.186410061397
2020-05-10 00:00:00+00:00,9834.186410061397
2020-05-11 00:00:00+00:00,9834.186410061397
2020-05-12 00:00:00+00:00,9834.186410061397
2020-05-13 00:00:00+00:00,9834.186410061397
2020-05-14 00:00:00+00:00,9834.186410061397
2020-05-15 00:00:00+00:00,9834.186410061397
2020-05-17 00:00:00+00:00,9834.186410061397
2020-05-18 00:00:00+00:00,9834.186410061397
2020-05-19 00:00:00+00:00,9834.186410061397
2020-05-20 00:00:00+00:00,9834.186410061397
2020-05-21 00:00:00+00:00,9845.998421780147
2020-05-22 00:00:00+00:00,9845.998421780147
2020-05-24 00:00:00+00:00,9845.998421780147
2020-05-25 00:00:00+00:00,9845.998421780147
2020-05-26 00:00:00+00:00,9845.998421780147
2020-05-27 00:00:00+00:00,9845.998421780147
2020-05-28 00:00:00+00:00,9845.998421780147
2020-05-29 00:00:00+00:00,9845.998421780147
2020-05-31 00:00:00+00:00,9845.998421780147
2020-06-01 00:00:00+00:00,9845.998421780147
2020-06-02 00:00:00+00:00,9821.078377834834
2020-06-03 00:00:00+00:00,9801.781991116084
2020-06-04 00:00:00+00:00,9801.781991116084
2020-06-05 00:00:00+00:00,9790.18116103796
2020-06-07 00:00:00+00:00,9790.18116103796
2020-06-08 00:00:00+00:00,9850.81690322546
2020-06-09 00:00:00+00:00,9850.81690322546
2020-06-10 00:00:00+00:00,9850.81690322546
2020-06-11 00:00:00+00:00,9850.81690322546
2020-06-12 00:00:00+00:00,9850.81690322546
2020-06-14 00:00:00+00:00,9850.81690322546
2020-06-15 00:00:00+00:00,9850.81690322546
2020-06-16 00:00:00+00:00,9850.81690322546
2020-06-17 00:00:00+00:00,9850.81690322546
2020-06-18 00:00:00+00:00,9850.81690322546
2020-06-19 00:00:00+00:00,9850.81690322546
2020-06-21 00:00:00+00:00,9850.81690322546
2020-06-22 00:00:00+00:00,9861.57471572546
2020-06-23 00:00:00+00:00,9861.57471572546
2020-06-24 00:00:00+00:00,9861.57471572546
2020-06-25 00:00:00+00:00,9861.57471572546
2020-06-26 00:00:00+00:00,9935.87305556921
2020-06-28 00:00:00+00:00,9935.87305556921
2020-06-29 00:00:00+00:00,9935.87305556921
2020-06-30 00:00:00+00:00,10085.50684463171
2020-07-01 00:00:00+00:00,10085.50684463171
2020-07-02 00:00:00+00:00,10179.08252822546
2020-07-03 00:00:00+00:00,10179.08252822546
2020-07-05 00:00:00+00:00,10179.08252822546
2020-07-06 00:00:00+00:00,10179.08252822546
2020-07-07 00:00:00+00:00,10179.08252822546
2020-07-08 00:00:00+00:00,10179.08252822546
2020-07-09 00:00:00+00:00,10219.48291885046
2020-07-10 00:00:00+00:00,10219.48291885046
2020-07-12 00:00:00+00:00,10219.48291885046
2020-07-13 00:00:00+00:00,10219.48291885046
2020-07-14 00:00:00+00:00,10219.48291885046
2020-07-15 00:00:00+00:00,10219.48291885046
2020-07-16 00:00:00+00:00,10219.48291885046
2020-07-17 00:00:00+00:00,10219.48291885046
2020-07-19 00:00:00+00:00,10219.48291885046
2020-07-20 00:00:00+00:00,10219.48291885046
2020-07-21 00:00:00+00:00,10219.48291885046
2020-07-22 00:00:00+00:00,10219.48291885046
2020-07-23 00:00:00+00:00,10219.48291885046
2020-07-24 00:00:00+00:00,10219.48291885046
2020-07-26 00:00:00+00:00,10219.48291885046
2020-07-27 00:00:00+00:00,10219.48291885046
2020-07-28 00:00:00+00:00,10219.48291885046
2020-07-29 00:00:00+00:00,10323.52295791296
2020-07-30 00:00:00+00:00,10323.52295791296
2020-07-31 00:00:00+00:00,10345.01514541296
2020-08-02 00:00:00+00:00,10345.01514541296
2020-08-03 00:00:00+00:00,10345.01514541296
2020-08-04 00:00:00+00:00,10345.01514541296
2020-08-05 00:00:00+00:00,10345.01514541296
2020-08-06 00:00:00+00:00,10345.01514541296
2020-08-07 00:00:00+00:00,10345.01514541296
2020-08-09 00:00:00+00:00,10345.01514541296
2020-08-10 00:00:00+00:00,10345.01514541296
2020-08-11 00:00:00+00:00,10260.579641607916
2020-08-12 00:00:00+00:00,10260.579641607916
2020-08-13 00:00:00+00:00,10260.579641607916
2020-08-14 00:00:00+00:00,10260.579641607916
2020-08-16 00:00:00+00:00,10260.579641607916
2020-08-17 00:00:00+00:00,10260.579641607916
2020-08-18 00:00:00+00:00,10303.079641607916
2020-08-19 00:00:00+00:00,10265.58574512354
2020-08-20 00:00:00+00:00,10265.58574512354
2020-08-21 00:00:00+00:00,10265.58574512354
2020-08-23 00:00:00+00:00,10265.58574512354
2020-08-24 00:00:00+00:00,10265.58574512354
2020-08-25 00:00:00+00:00,10265.58574512354
2020-08-26 00:00:00+00:00,10403.78545215479
2020-08-27 00:00:00+00:00,10403.78545215479
2020-08-28 00:00:00+00:00,10403.78545215479
2020-08-30 00:00:00+00:00,10403.78545215479
2020-08-31 00:00:00+00:00,10403.78545215479
2020-09-01 00:00:00+00:00,10393.174490240728
2020-09-02 00:00:00+00:00,10393.174490240728
2020-09-03 00:00:00+00:00,10393.174490240728
2020-09-04 00:00:00+00:00,10393.174490240728
2020-09-06 00:00:00+00:00,10393.174490240728
2020-09-07 00:00:00+00:00,10393.174490240728
2020-09-08 00:00:00+00:00,10393.174490240728
2020-09-09 00:00:00+00:00,10393.174490240728
2020-09-10 00:00:00+00:00,10393.174490240728
2020-09-11 00:00:00+00:00,10393.174490240728
2020-09-13 00:00:00+00:00,10393.174490240728
2020-09-14 00:00:00+00:00,10393.174490240728
2020-09-15 00:00:00+00:00,10399.146658209478
2020-09-16 00:00:00+00:00,10399.146658209478
2020-09-17 00:00:00+00:00,10382.976614264166
2020-09-18 00:00:00+00:00,10382.976614264166
2020-09-20 00:00:00+00:00,10382.976614264166
2020-09-21 00:00:00+00:00,10284.374878801813
2020-09-22 00:00:00+00:00,10284.374878801813
2020-09-23 00:00:00+00:00,10284.374878801813
2020-09-24 00:00:00+00:00,10284.374878801813
2020-09-25 00:00:00+00:00,10284.374878801813
2020-09-27 00:00:00+00:00,10284.374878801813
2020-09-28 00:00:00+00:00,10284.374878801813
2020-09-29 00:00:00+00:00,10284.374878801813
2020-09-30 00:00:00+00:00,10280.245118059625
2020-10-01 00:00:00+00:00,10280.245118059625
2020-10-02 00:00:00+00:00,10280.245118059625
2020-10-04 00:00:00+00:00,10280.245118059625
2020-10-05 00:00:00+00:00,10280.245118059625
2020-10-06 00:00:00+00:00,10221.548828997125
2020-10-07 00:00:00+00:00,10221.548828997125
2020-10-08 00:00:00+00:00,10221.548828997125
2020-10-09 00:00:00+00:00,10221.548828997125
2020-10-11 00:00:00+00:00,10221.548828997125
2020-10-12 00:00:00+00:00,10221.548828997125
2020-10-13 00:00:00+00:00,10127.822452390568
2020-10-14 00:00:00+00:00,10191.380557859318
2020-10-15 00:00:00+00:00,10191.380557859318
2020-10-16 00:00:00+00:00,10191.380557859318
2020-10-18 00:00:00+00:00,10191.380557859318
2020-10-19 00:00:00+00:00,10191.380557859318
2020-10-20 00:00:00+00:00,10234.18439086713
2020-10-21 00:00:00+00:00,10234.18439086713
2020-10-22 00:00:00+00:00,10205.17609008588
2020-10-23 00:00:00+00:00,10202.13360961713
2020-10-25 00:00:00+00:00,10229.93194946088
2020-10-26 00:00:00+00:00,10233.89142211713
2020-10-27 00:00:00+00:00,10233.89142211713
2020-10-28 00:00:00+00:00,10131.967371254117
2020-10-29 00:00:00+00:00,10108.881433754117
2020-10-30 00:00:00+00:00,10108.881433754117
2020-11-01 00:00:00+00:00,10108.881433754117
2020-11-02 00:00:00+00:00,10108.881433754117
2020-11-03 00:00:00+00:00,10108.881433754117
2020-11-04 00:00:00+00:00,10108.881433754117
2020-11-05 00:00:00+00:00,10108.881433754117
2020-11-06 00:00:00+00:00,10108.881433754117
2020-11-08 00:00:00+00:00,10108.881433754117
2020-11-09 00:00:00+00:00,10017.197383138908
2020-11-10 00:00:00+00:00,10017.197383138908
2020-11-11 00:00:00+00:00,10017.197383138908
2020-11-12 00:00:00+00:00,10017.197383138908
2020-11-13 00:00:00+00:00,10017.197383138908
2020-11-15 00:00:00+00:00,10017.197383138908
2020-11-16 00:00:00+00:00,10097.449336263908
2020-11-17 00:00:00+00:00,10107.874140951408
2020-11-18 00:00:00+00:00,10107.874140951408
2020-11-19 00:00:00+00:00,10107.874140951408
2020-11-20 00:00:00+00:00,10107.874140951408
2020-11-22 00:00:00+00:00,10107.874140951408
2020-11-23 00:00:00+00:00,10091.263179037345
2020-11-24 00:00:00+00:00,10091.263179037345
2020-11-25 00:00:00+00:00,10091.263179037345
2020-11-26 00:00:00+00:00,10091.263179037345
2020-11-27 00:00:00+00:00,9992.817502125868
2020-11-29 00:00:00+00:00,9992.817502125868
2020-11-30 00:00:00+00:00,10020.657345875868
2020-12-01 00:00:00+00:00,10020.657345875868
2020-12-02 00:00:00+00:00,10020.657345875868
2020-12-03 00:00:00+00:00,10020.657345875868
2020-12-04 00:00:00+00:00,10020.657345875868
2020-12-06 00:00:00+00:00,10020.657345875868
2020-12-07 00:00:00+00:00,10028.287350758681
2020-12-08 00:00:00+00:00,10028.287350758681
2020-12-09 00:00:00+00:00,9984.355588063368
2020-12-10 00:00:00+00:00,9984.355588063368
2020-12-11 00:00:00+00:00,9984.355588063368
2020-12-13 00:00:00+00:00,9984.355588063368
2020-12-14 00:00:00+00:00,9971.715939625868
2020-12-15 00:00:00+00:00,9971.715939625868
2020-12-16 00:00:00+00:00,9971.715939625868
2020-12-17 00:00:00+00:00,9971.715939625868
2020-12-18 00:00:00+00:00,9971.715939625868
2020-12-20 00:00:00+00:00,9971.715939625868
2020-12-21 00:00:00+00:00,9971.715939625868
2020-12-22 00:00:00+00:00,9982.168088063368
2020-12-23 00:00:00+00:00,9982.168088063368
2020-12-24 00:00:00+00:00,9982.168088063368
2020-12-27 00:00:00+00:00,9982.168088063368
2020-12-28 00:00:00+00:00,9982.168088063368
2020-12-29 00:00:00+00:00,9982.168088063368
2020-12-30 00:00:00+00:00,9982.168088063368
2020-12-31 00:00:00+00:00,9982.168088063368
2021-01-03 00:00:00+00:00,9982.168088063368
2021-01-04 00:00:00+00:00,9982.168088063368
2021-01-05 00:00:00+00:00,9982.168088063368
2021-01-06 00:00:00+00:00,9899.19972037659
2021-01-07 00:00:00+00:00,9899.19972037659
2021-01-08 00:00:00+00:00,9918.987928384402
2021-01-10 00:00:00+00:00,9918.987928384402
2021-01-11 00:00:00+00:00,9945.887830728152
2021-01-12 00:00:00+00:00,9923.539686196902
2021-01-13 00:00:00+00:00,9933.139539712527
2021-01-14 00:00:00+00:00,9938.854871743777
2021-01-15 00:00:00+00:00,9938.854871743777
2021-01-17 00:00:00+00:00,9914.494886392215
2021-01-18 00:00:00+00:00,9965.735120767215
2021-01-19 00:00:00+00:00,9965.735120767215
2021-01-20 00:00:00+00:00,10117.33057975159
2021-01-21 00:00:00+00:00,10134.51075553284
2021-01-22 00:00:00+00:00,10096.26661490784
2021-01-24 00:00:00+00:00,10096.26661490784
2021-01-25 00:00:00+00:00,10096.26661490784
2021-01-26 00:00:00+00:00,10096.26661490784
2021-01-27 00:00:00+00:00,10096.26661490784
2021-01-28 00:00:00+00:00,10096.26661490784
2021-01-29 00:00:00+00:00,10096.26661490784
2021-01-31 00:00:00+00:00,10096.26661490784
2021-02-01 00:00:00+00:00,10096.26661490784
2021-02-02 00:00:00+00:00,10096.26661490784
2021-02-03 00:00:00+00:00,10096.26661490784
2021-02-04 00:00:00+00:00,9982.335227852076
2021-02-05 00:00:00+00:00,9982.335227852076
2021-02-07 00:00:00+00:00,9982.335227852076
2021-02-08 00:00:00+00:00,9982.335227852076
2021-02-09 00:00:00+00:00,9982.335227852076
2021-02-10 00:00:00+00:00,9982.335227852076
2021-02-11 00:00:00+00:00,9982.335227852076
2021-02-12 00:00:00+00:00,9982.335227852076
2021-02-14 00:00:00+00:00,9982.335227852076
2021-02-15 00:00:00+00:00,9982.335227852076
2021-02-16 00:00:00+00:00,9899.796742451172
2021-02-17 00:00:00+00:00,9928.746937763672
2021-02-18 00:00:00+00:00,9928.746937763672
2021-02-19 00:00:00+00:00,9904.45628834961
2021-02-21 00:00:00+00:00,9904.45628834961
2021-02-22 00:00:00+00:00,9904.45628834961
2021-02-23 00:00:00+00:00,9904.45628834961
2021-02-24 00:00:00+00:00,9913.581654560547
2021-02-25 00:00:00+00:00,9913.581654560547
2021-02-26 00:00:00+00:00,9886.350575458984
2021-02-28 00:00:00+00:00,9886.350575458984
2021-03-01 00:00:00+00:00,9886.350575458984
2021-03-02 00:00:00+00:00,9874.994618427734
2021-03-03 00:00:00+00:00,9887.55443288086
2021-03-04 00:00:00+00:00,9887.55443288086
2021-03-05 00:00:00+00:00,9887.55443288086
2021-03-07 00:00:00+00:00,9887.55443288086
2021-03-08 00:00:00+00:00,9887.55443288086
2021-03-09 00:00:00+00:00,9887.55443288086
2021-03-10 00:00:00+00:00,9887.55443288086
2021-03-11 00:00:00+00:00,9887.55443288086
2021-03-12 00:00:00+00:00,9887.55443288086
2021-03-14 00:00:00+00:00,9887.55443288086
2021-03-15 00:00:00+00:00,9887.55443288086
2021-03-16 00:00:00+00:00,9887.55443288086
2021-03-17 00:00:00+00:00,9898.35423756836
2021-03-18 00:00:00+00:00,9834.430653583984
2021-03-19 00:00:00+00:00,9834.430653583984
2021-03-21 00:00:00+00:00,9834.430653583984
2021-03-22 00:00:00+00:00,9834.430653583984
2021-03-23 00:00:00+00:00,9840.51341725586
2021-03-24 00:00:00+00:00,9840.51341725586
2021-03-25 00:00:00+00:00,9840.51341725586
2021-03-26 00:00:00+00:00,9840.51341725586
2021-03-28 00:00:00+00:00,9840.51341725586
2021-03-29 00:00:00+00:00,9845.188099873047
2021-03-30 00:00:00+00:00,9845.188099873047
2021-03-31 00:00:00+00:00,9845.188099873047
2021-04-01 00:00:00+00:00,9845.188099873047
2021-04-04 00:00:00+00:00,9845.188099873047
2021-04-05 00:00:00+00:00,9845.188099873047
2021-04-06 00:00:00+00:00,9845.188099873047
2021-04-07 00:00:00+00:00,9845.188099873047
2021-04-08 00:00:00+00:00,9845.188099873047
2021-04-09 00:00:00+00:00,9888.30833913086
2021-04-11 00:00:00+00:00,9888.30833913086
2021-04-12 00:00:00+00:00,9888.30833913086
2021-04-13 00:00:00+00:00,9888.30833913086
2021-04-14 00:00:00+00:00,9888.30833913086
2021-04-15 00:00:00+00:00,9888.30833913086
2021-04-16 00:00:00+00:00,9888.30833913086
2021-04-18 00:00:00+00:00,9888.30833913086
2021-04-19 00:00:00+00:00,9888.30833913086
2021-04-20 00:00:00+00:00,9888.30833913086
2021-04-21 00:00:00+00:00,9888.30833913086
2021-04-22 00:00:00+00:00,9888.30833913086
2021-04-23 00:00:00+00:00,9888.30833913086
2021-04-25 00:00:00+00:00,9888.30833913086
2021-04-26 00:00:00+00:00,9888.30833913086
2021-04-27 00:00:00+00:00,9966.168446552734
2021-04-28 00:00:00+00:00,9943.197865498047
2021-04-29 00:00:00+00:00,9983.049916279297
2021-04-30 00:00:00+00:00,9983.049916279297
2021-05-02 00:00:00+00:00,9983.049916279297
2021-05-03 00:00:00+00:00,9983.049916279297
2021-05-04 00:00:00+00:00,9989.433705341797
2021-05-05 00:00:00+00:00,9989.433705341797
2021-05-06 00:00:00+00:00,9989.433705341797
2021-05-07 00:00:00+00:00,9989.433705341797
2021-05-09 00:00:00+00:00,9989.433705341797
2021-05-10 00:00:00+00:00,9989.433705341797
2021-05-11 00:00:00+00:00,10038.591664326172
2021-05-12 00:00:00+00:00,10017.220814716797
2021-05-13 00:00:00+00:00,10017.220814716797
2021-05-14 00:00:00+00:00,10017.220814716797
2021-05-16 00:00:00+00:00,10017.220814716797
2021-05-17 00:00:00+00:00,10017.220814716797
2021-05-18 00:00:00+00:00,10017.220814716797
2021-05-19 00:00:00+00:00,10017.220814716797
2021-05-20 00:00:00+00:00,10017.220814716797
2021-05-21 00:00:00+00:00,10017.220814716797
2021-05-23 00:00:00+00:00,10017.220814716797
2021-05-24 00:00:00+00:00,10017.220814716797
2021-05-25 00:00:00+00:00,10017.220814716797
2021-05-26 00:00:00+00:00,10032.275746357422
2021-05-27 00:00:00+00:00,10032.275746357422
2021-05-28 00:00:00+00:00,10134.540394794922
2021-05-30 00:00:00+00:00,10134.540394794922
2021-05-31 00:00:00+00:00,10134.540394794922
2021-06-01 00:00:00+00:00,10134.540394794922
2021-06-02 00:00:00+00:00,10134.540394794922
2021-06-03 00:00:00+00:00,10076.82005788086
2021-06-04 00:00:00+00:00,10115.67650319336
2021-06-06 00:00:00+00:00,10115.67650319336
2021-06-07 00:00:00+00:00,10115.67650319336
2021-06-08 00:00:00+00:00,10115.67650319336
2021-06-09 00:00:00+00:00,10115.67650319336
2021-06-10 00:00:00+00:00,10115.67650319336
2021-06-11 00:00:00+00:00,10115.67650319336
2021-06-13 00:00:00+00:00,10115.67650319336
2021-06-14 00:00:00+00:00,10115.67650319336
2021-06-15 00:00:00+00:00,10115.67650319336
2021-06-16 00:00:00+00:00,10026.876212354146
2021-06-17 00:00:00+00:00,10026.876212354146
2021-06-18 00:00:00+00:00,10009.924552197896
2021-06-20 00:00:00+00:00,10009.924552197896
2021-06-21 00:00:00+00:00,10009.924552197896
2021-06-22 00:00:00+00:00,10009.924552197896
2021-06-23 00:00:00+00:00,10009.924552197896
2021-06-24 00:00:00+00:00,10009.924552197896
2021-06-25 00:00:00+00:00,10009.924552197896
2021-06-27 00:00:00+00:00,10009.924552197896
2021-06-28 00:00:00+00:00,10092.78465961977
2021-06-29 00:00:00+00:00,10092.78465961977
2021-06-30 00:00:00+00:00,10092.78465961977
2021-07-01 00:00:00+00:00,10092.78465961977
2021-07-02 00:00:00+00:00,10224.377799268208
2021-07-04 00:00:00+00:00,10224.377799268208
2021-07-05 00:00:00+00:00,10224.377799268208
2021-07-06 00:00:00+00:00,10224.377799268208
2021-07-07 00:00:00+00:00,10224.377799268208
2021-07-08 00:00:00+00:00,10224.377799268208
2021-07-09 00:00:00+00:00,10224.377799268208
2021-07-11 00:00:00+00:00,10224.377799268208
2021-07-12 00:00:00+00:00,10302.473746533833
2021-07-13 00:00:00+00:00,10302.473746533833
2021-07-14 00:00:00+00:00,10302.473746533833
2021-07-15 00:00:00+00:00,10275.881949658833
2021-07-16 00:00:00+00:00,10234.409293408833
2021-07-18 00:00:00+00:00,10234.409293408833
2021-07-19 00:00:00+00:00,10199.362906690083
2021-07-20 00:00:00+00:00,10199.362906690083
2021-07-21 00:00:00+00:00,10199.362906690083
2021-07-22 00:00:00+00:00,10199.362906690083
2021-07-23 00:00:00+00:00,10199.362906690083
2021-07-25 00:00:00+00:00,10199.362906690083
2021-07-26 00:00:00+00:00,10199.362906690083
2021-07-27 00:00:00+00:00,10199.362906690083
2021-07-28 00:00:00+00:00,10199.362906690083
2021-07-29 00:00:00+00:00,10199.362906690083
2021-07-30 00:00:00+00:00,10199.362906690083
2021-08-01 00:00:00+00:00,10199.362906690083
2021-08-02 00:00:00+00:00,10199.362906690083
2021-08-03 00:00:00+00:00,10199.362906690083
2021-08-04 00:00:00+00:00,10199.362906690083
2021-08-05 00:00:00+00:00,10220.243521924458
2021-08-06 00:00:00+00:00,9992.845694436073
2021-08-08 00:00:00+00:00,9897.99190406576
2021-08-09 00:00:00+00:00,9897.99190406576
2021-08-10 00:00:00+00:00,9897.99190406576
2021-08-11 00:00:00+00:00,9897.99190406576
2021-08-12 00:00:00+00:00,9897.99190406576
2021-08-13 00:00:00+00:00,9897.99190406576
2021-08-15 00:00:00+00:00,9897.99190406576
2021-08-16 00:00:00+00:00,9897.99190406576
2021-08-17 00:00:00+00:00,9897.99190406576
2021-08-18 00:00:00+00:00,9897.99190406576
2021-08-19 00:00:00+00:00,9897.99190406576
2021-08-20 00:00:00+00:00,9897.99190406576
2021-08-22 00:00:00+00:00,9897.99190406576
2021-08-23 00:00:00+00:00,9897.99190406576
2021-08-24 00:00:00+00:00,9897.99190406576
2021-08-25 00:00:00+00:00,9880.74776344076
2021-08-26 00:00:00+00:00,9858.15157203451
2021-08-27 00:00:00+00:00,9858.15157203451
2021-08-29 00:00:00+00:00,9858.15157203451
2021-08-30 00:00:00+00:00,9858.15157203451
2021-08-31 00:00:00+00:00,9940.800619886073
2021-09-01 00:00:00+00:00,9940.800619886073
2021-09-02 00:00:00+00:00,9940.800619886073
2021-09-03 00:00:00+00:00,9940.800619886073
2021-09-05 00:00:00+00:00,9940.800619886073
2021-09-06 00:00:00+00:00,9940.800619886073
2021-09-07 00:00:00+00:00,9940.800619886073
2021-09-08 00:00:00+00:00,9956.110678479823
2021-09-09 00:00:00+00:00,9956.110678479823
2021-09-10 00:00:00+00:00,9956.110678479823
2021-09-12 00:00:00+00:00,9956.110678479823
2021-09-13 00:00:00+00:00,9956.110678479823
2021-09-14 00:00:00+00:00,9956.110678479823
2021-09-15 00:00:00+00:00,9956.110678479823
2021-09-16 00:00:00+00:00,9956.110678479823
2021-09-17 00:00:00+00:00,9956.110678479823
2021-09-19 00:00:00+00:00,9956.110678479823
2021-09-20 00:00:00+00:00,10001.534506604823
2021-09-21 00:00:00+00:00,10001.534506604823
2021-09-22 00:00:00+00:00,10001.534506604823
2021-09-23 00:00:00+00:00,9978.506186292323
2021-09-24 00:00:00+00:00,10004.020834729823
2021-09-26 00:00:00+00:00,10004.020834729823
2021-09-27 00:00:00+00:00,10004.020834729823
2021-09-28 00:00:00+00:00,10049.951010511073
2021-09-29 00:00:00+00:00,10049.951010511073
2021-09-30 00:00:00+00:00,10049.951010511073
2021-10-01 00:00:00+00:00,10049.951010511073
2021-10-03 00:00:00+00:00,10049.951010511073
2021-10-04 00:00:00+00:00,10049.951010511073
2021-10-05 00:00:00+00:00,10049.951010511073
2021-10-06 00:00:00+00:00,10049.951010511073
2021-10-07 00:00:00+00:00,10049.951010511073
2021-10-08 00:00:00+00:00,10049.951010511073
2021-10-10 00:00:00+00:00,10056.615073011073
2021-10-11 00:00:00+00:00,10096.991049573573
2021-10-12 00:00:00+00:00,10096.991049573573
2021-10-13 00:00:00+00:00,10096.991049573573
2021-10-14 00:00:00+00:00,10096.991049573573
2021-10-15 00:00:00+00:00,10096.991049573573
2021-10-17 00:00:00+00:00,10096.991049573573
2021-10-18 00:00:00+00:00,10082.48360328451
2021-10-19 00:00:00+00:00,10082.48360328451
2021-10-20 00:00:00+00:00,10082.48360328451
2021-10-21 00:00:00+00:00,10082.48360328451
2021-10-22 00:00:00+00:00,10082.48360328451
2021-10-24 00:00:00+00:00,10082.48360328451
2021-10-25 00:00:00+00:00,10082.48360328451
2021-10-26 00:00:00+00:00,10090.96700172201
2021-10-27 00:00:00+00:00,10090.96700172201
2021-10-28 00:00:00+00:00,10090.96700172201
2021-10-29 00:00:00+00:00,9995.416817394831
2021-10-31 00:00:00+00:00,9995.416817394831
2021-11-01 00:00:00+00:00,9995.416817394831
2021-11-02 00:00:00+00:00,9995.416817394831
2021-11-03 00:00:00+00:00,9867.81498591089
2021-11-04 00:00:00+00:00,9867.81498591089
2021-11-05 00:00:00+00:00,9867.81498591089
2021-11-07 00:00:00+00:00,9867.81498591089
2021-11-08 00:00:00+00:00,9867.81498591089
2021-11-09 00:00:00+00:00,9867.81498591089
2021-11-10 00:00:00+00:00,9867.81498591089
2021-11-11 00:00:00+00:00,9867.81498591089
2021-11-12 00:00:00+00:00,9867.81498591089
2021-11-14 00:00:00+00:00,9867.81498591089
2021-11-15 00:00:00+00:00,9864.46879450464
2021-11-16 00:00:00+00:00,9864.46879450464
2021-11-17 00:00:00+00:00,9864.46879450464
2021-11-18 00:00:00+00:00,9864.46879450464
2021-11-19 00:00:00+00:00,9874.87699762964
2021-11-21 00:00:00+00:00,9874.87699762964
2021-11-22 00:00:00+00:00,9782.096869422949
2021-11-23 00:00:00+00:00,9782.096869422949
2021-11-24 00:00:00+00:00,9782.096869422949
2021-11-25 00:00:00+00:00,9782.096869422949
2021-11-26 00:00:00+00:00,9782.096869422949
2021-11-28 00:00:00+00:00,9782.096869422949
2021-11-29 00:00:00+00:00,9782.096869422949
2021-11-30 00:00:00+00:00,9782.096869422949
2021-12-01 00:00:00+00:00,9782.096869422949
2021-12-02 00:00:00+00:00,9837.326971962011
2021-12-03 00:00:00+00:00,9837.326971962011
2021-12-05 00:00:00+00:00,9837.326971962011
2021-12-06 00:00:00+00:00,9837.326971962011
2021-12-07 00:00:00+00:00,9837.326971962011
2021-12-08 00:00:00+00:00,9837.326971962011
2021-12-09 00:00:00+00:00,9837.326971962011
2021-12-10 00:00:00+00:00,9792.086737587011
2021-12-12 00:00:00+00:00,9792.086737587011
2021-12-13 00:00:00+00:00,9792.086737587011
2021-12-14 00:00:00+00:00,9718.459630828434
2021-12-15 00:00:00+00:00,9718.459630828434
2021-12-16 00:00:00+00:00,9718.459630828434
2021-12-17 00:00:00+00:00,9718.459630828434
2021-12-19 00:00:00+00:00,9718.459630828434
2021-12-20 00:00:00+00:00,9718.459630828434
2021-12-21 00:00:00+00:00,9718.459630828434
2021-12-22 00:00:00+00:00,9718.459630828434
2021-12-23 00:00:00+00:00,9718.459630828434
2021-12-26 00:00:00+00:00,9718.459630828434
2021-12-27 00:00:00+00:00,9718.459630828434
2021-12-28 00:00:00+00:00,9718.459630828434
2021-12-29 00:00:00+00:00,9627.549207806422
2021-12-30 00:00:00+00:00,9627.549207806422
2021-12-31 00:00:00+00:00,9627.549207806422
2022-01-02 00:00:00+00:00,9627.549207806422
2022-01-03 00:00:00+00:00,9539.453293309844
2022-01-04 00:00:00+00:00,9539.453293309844
2022-01-05 00:00:00+00:00,9501.905685887969
2022-01-06 00:00:00+00:00,9501.905685887969
2022-01-07 00:00:00+00:00,9501.905685887969
2022-01-09 00:00:00+00:00,9501.905685887969
2022-01-10 00:00:00+00:00,9501.905685887969
2022-01-11 00:00:00+00:00,9501.905685887969
2022-01-12 00:00:00+00:00,9501.905685887969
2022-01-13 00:00:00+00:00,9501.905685887969
2022-01-14 00:00:00+00:00,9501.905685887969
2022-01-16 00:00:00+00:00,9501.905685887969
2022-01-17 00:00:00+00:00,9501.905685887969
2022-01-18 00:00:00+00:00,9501.905685887969
2022-01-19 00:00:00+00:00,9501.905685887969
2022-01-20 00:00:00+00:00,9501.905685887969
2022-01-21 00:00:00+00:00,9523.233810887969
2022-01-23 00:00:00+00:00,9523.233810887969
2022-01-24 00:00:00+00:00,9523.233810887969
2022-01-25 00:00:00+00:00,9523.233810887969
2022-01-26 00:00:00+00:00,9476.442551122344
2022-01-27 00:00:00+00:00,9476.442551122344
2022-01-28 00:00:00+00:00,9476.442551122344
2022-01-30 00:00:00+00:00,9476.442551122344
2022-01-31 00:00:00+00:00,9476.442551122344
2022-02-01 00:00:00+00:00,9476.442551122344
2022-02-02 00:00:00+00:00,9476.442551122344
2022-02-03 00:00:00+00:00,9543.822922216094
2022-02-04 00:00:00+00:00,9587.153000341094
2022-02-06 00:00:00+00:00,9587.153000341094
2022-02-07 00:00:00+00:00,9587.153000341094
2022-02-08 00:00:00+00:00,9587.153000341094
2022-02-09 00:00:00+00:00,9587.153000341094
2022-02-10 00:00:00+00:00,9644.200607762969
2022-02-11 00:00:00+00:00,9644.200607762969
2022-02-13 00:00:00+00:00,9644.200607762969
2022-02-14 00:00:00+00:00,9644.200607762969
2022-02-15 00:00:00+00:00,9555.718418426764
2022-02-16 00:00:00+00:00,9555.718418426764
2022-02-17 00:00:00+00:00,9555.718418426764
2022-02-18 00:00:00+00:00,9546.589878387702
2022-02-20 00:00:00+00:00,9546.589878387702
2022-02-21 00:00:00+00:00,9546.589878387702
2022-02-22 00:00:00+00:00,9559.919956512702
2022-02-23 00:00:00+00:00,9559.919956512702
2022-02-24 00:00:00+00:00,9559.919956512702
2022-02-25 00:00:00+00:00,9544.364780731452
2022-02-27 00:00:00+00:00,9544.364780731452
2022-02-28 00:00:00+00:00,9564.389194793952
2022-03-01 00:00:00+00:00,9564.389194793952
2022-03-02 00:00:00+00:00,9586.418247528327
2022-03-03 00:00:00+00:00,9586.418247528327
2022-03-04 00:00:00+00:00,9586.418247528327
2022-03-06 00:00:00+00:00,9586.418247528327
2022-03-07 00:00:00+00:00,9586.418247528327
2022-03-08 00:00:00+00:00,9586.418247528327
2022-03-09 00:00:00+00:00,9518.520426535983
2022-03-10 00:00:00+00:00,9518.520426535983
2022-03-11 00:00:00+00:00,9523.96854665317
2022-03-13 00:00:00+00:00,9523.96854665317
2022-03-14 00:00:00+00:00,9523.96854665317
2022-03-15 00:00:00+00:00,9483.07255055942
2022-03-16 00:00:00+00:00,9483.07255055942
2022-03-17 00:00:00+00:00,9483.07255055942
2022-03-18 00:00:00+00:00,9483.07255055942
2022-03-20 00:00:00+00:00,9483.07255055942
2022-03-21 00:00:00+00:00,9483.07255055942
2022-03-22 00:00:00+00:00,9509.702677512545
2022-03-23 00:00:00+00:00,9509.702677512545
2022-03-24 00:00:00+00:00,9509.702677512545
2022-03-25 00:00:00+00:00,9509.702677512545
2022-03-27 00:00:00+00:00,9509.702677512545
2022-03-28 00:00:00+00:00,9488.466837668795
2022-03-29 00:00:00+00:00,9537.87967946567
2022-03-30 00:00:00+00:00,9537.87967946567
2022-03-31 00:00:00+00:00,9537.87967946567
2022-04-01 00:00:00+00:00,9537.87967946567
2022-04-03 00:00:00+00:00,9537.87967946567
2022-04-04 00:00:00+00:00,9537.87967946567
2022-04-05 00:00:00+00:00,9537.87967946567
2022-04-06 00:00:00+00:00,9537.87967946567
2022-04-07 00:00:00+00:00,9537.87967946567
2022-04-08 00:00:00+00:00,9537.87967946567
2022-04-10 00:00:00+00:00,9537.87967946567
2022-04-11 00:00:00+00:00,9537.87967946567
2022-04-12 00:00:00+00:00,9537.87967946567
2022-04-13 00:00:00+00:00,9537.87967946567
2022-04-14 00:00:00+00:00,9537.87967946567
2022-04-17 00:00:00+00:00,9537.87967946567
2022-04-18 00:00:00+00:00,9537.87967946567
2022-04-19 00:00:00+00:00,9508.40946462192
2022-04-20 00:00:00+00:00,9508.40946462192
2022-04-21 00:00:00+00:00,9508.40946462192
2022-04-22 00:00:00+00:00,9508.40946462192
2022-04-24 00:00:00+00:00,9508.40946462192
2022-04-25 00:00:00+00:00,9508.40946462192
2022-04-26 00:00:00+00:00,9508.40946462192
2022-04-27 00:00:00+00:00,9508.40946462192
2022-04-28 00:00:00+00:00,9508.40946462192
2022-04-29 00:00:00+00:00,9508.40946462192
2022-05-01 00:00:00+00:00,9508.40946462192
2022-05-02 00:00:00+00:00,9516.47342946567
2022-05-03 00:00:00+00:00,9516.47342946567
2022-05-04 00:00:00+00:00,9516.47342946567
2022-05-05 00:00:00+00:00,9529.79862477817
2022-05-06 00:00:00+00:00,9529.79862477817
2022-05-08 00:00:00+00:00,9529.79862477817
2022-05-09 00:00:00+00:00,9529.79862477817
2022-05-10 00:00:00+00:00,9529.79862477817
2022-05-11 00:00:00+00:00,9575.92655446567
2022-05-12 00:00:00+00:00,9575.92655446567
2022-05-13 00:00:00+00:00,9575.92655446567
2022-05-15 00:00:00+00:00,9575.92655446567
2022-05-16 00:00:00+00:00,9600.986979270358
2022-05-17 00:00:00+00:00,9600.986979270358
2022-05-18 00:00:00+00:00,9600.986979270358
2022-05-19 00:00:00+00:00,9600.986979270358
2022-05-20 00:00:00+00:00,9600.986979270358
2022-05-22 00:00:00+00:00,9600.986979270358
2022-05-23 00:00:00+00:00,9600.986979270358
2022-05-24 00:00:00+00:00,9600.986979270358
2022-05-25 00:00:00+00:00,9600.986979270358
2022-05-26 00:00:00+00:00,9600.986979270358
2022-05-27 00:00:00+00:00,9600.986979270358
2022-05-29 00:00:00+00:00,9605.027506614108
2022-05-30 00:00:00+00:00,9694.577067160983
2022-05-31 00:00:00+00:00,9694.577067160983
2022-06-01 00:00:00+00:00,9694.577067160983
2022-06-02 00:00:00+00:00,9694.577067160983
2022-06-03 00:00:00+00:00,9694.577067160983
2022-06-05 00:00:00+00:00,9694.577067160983
2022-06-06 00:00:00+00:00,9694.577067160983
2022-06-07 00:00:00+00:00,9694.577067160983
2022-06-08 00:00:00+00:00,9694.577067160983
2022-06-09 00:00:00+00:00,9694.577067160983
2022-06-10 00:00:00+00:00,9881.037105362957
2022-06-12 00:00:00+00:00,9881.037105362957
2022-06-13 00:00:00+00:00,9800.654559340652
2022-06-14 00:00:00+00:00,9800.654559340652
2022-06-15 00:00:00+00:00,9800.654559340652
2022-06-16 00:00:00+00:00,9800.654559340652
2022-06-17 00:00:00+00:00,9800.654559340652
2022-06-19 00:00:00+00:00,9800.654559340652
2022-06-20 00:00:00+00:00,9800.654559340652
2022-06-21 00:00:00+00:00,9800.654559340652
2022-06-22 00:00:00+00:00,9800.654559340652
2022-06-23 00:00:00+00:00,9800.654559340652
2022-06-24 00:00:00+00:00,9800.654559340652
2022-06-26 00:00:00+00:00,9800.654559340652
2022-06-27 00:00:00+00:00,9800.654559340652
2022-06-28 00:00:00+00:00,9800.654559340652
2022-06-29 00:00:00+00:00,9889.942279067214
2022-06-30 00:00:00+00:00,9889.942279067214
2022-07-01 00:00:00+00:00,9889.942279067214
2022-07-03 00:00:00+00:00,9889.942279067214
2022-07-04 00:00:00+00:00,9889.942279067214
2022-07-05 00:00:00+00:00,9889.942279067214
2022-07-06 00:00:00+00:00,9889.942279067214
2022-07-07 00:00:00+00:00,9889.942279067214
2022-07-08 00:00:00+00:00,9937.948504653152
2022-07-10 00:00:00+00:00,9937.948504653152
2022-07-11 00:00:00+00:00,9937.948504653152
2022-07-12 00:00:00+00:00,9952.236590590652
2022-07-13 00:00:00+00:00,10090.041766371902
2022-07-14 00:00:00+00:00,10090.041766371902
2022-07-15 00:00:00+00:00,10090.041766371902
2022-07-17 00:00:00+00:00,10090.041766371902
2022-07-18 00:00:00+00:00,10090.041766371902
2022-07-19 00:00:00+00:00,10090.041766371902
2022-07-20 00:00:00+00:00,10090.041766371902
2022-07-21 00:00:00+00:00,10090.041766371902
2022-07-22 00:00:00+00:00,10090.041766371902
2022-07-24 00:00:00+00:00,10090.041766371902
2022-07-25 00:00:00+00:00,10090.041766371902
2022-07-26 00:00:00+00:00,10090.041766371902
2022-07-27 00:00:00+00:00,10090.041766371902
2022-07-28 00:00:00+00:00,10090.041766371902
2022-07-29 00:00:00+00:00,10090.041766371902
2022-07-31 00:00:00+00:00,10090.041766371902
2022-08-01 00:00:00+00:00,10090.041766371902
2022-08-02 00:00:00+00:00,10090.041766371902
2022-08-03 00:00:00+00:00,10090.041766371902
2022-08-04 00:00:00+00:00,10090.041766371902
2022-08-05 00:00:00+00:00,10087.146868910964
2022-08-07 00:00:00+00:00,10087.146868910964
2022-08-08 00:00:00+00:00,10087.146868910964
2022-08-09 00:00:00+00:00,10103.95570680159
2022-08-10 00:00:00+00:00,10103.95570680159
2022-08-11 00:00:00+00:00,10103.95570680159
2022-08-12 00:00:00+00:00,10103.95570680159
2022-08-14 00:00:00+00:00,10103.95570680159
2022-08-15 00:00:00+00:00,10103.95570680159
2022-08-16 00:00:00+00:00,10103.95570680159
2022-08-17 00:00:00+00:00,10103.95570680159
2022-08-18 00:00:00+00:00,10103.95570680159
2022-08-19 00:00:00+00:00,10103.95570680159
2022-08-21 00:00:00+00:00,10103.95570680159
2022-08-22 00:00:00+00:00,10103.95570680159
2022-08-23 00:00:00+00:00,10103.95570680159
2022-08-24 00:00:00+00:00,10103.95570680159
2022-08-25 00:00:00+00:00,10103.95570680159
2022-08-26 00:00:00+00:00,10103.95570680159
2022-08-28 00:00:00+00:00,10103.95570680159
2022-08-29 00:00:00+00:00,10070.789447035964
2022-08-30 00:00:00+00:00,10070.789447035964
2022-08-31 00:00:00+00:00,10046.085345473464
2022-09-01 00:00:00+00:00,10046.085345473464
2022-09-02 00:00:00+00:00,10046.085345473464
2022-09-04 00:00:00+00:00,10046.085345473464
2022-09-05 00:00:00+00:00,10046.085345473464
2022-09-06 00:00:00+00:00,10046.085345473464
2022-09-07 00:00:00+00:00,10046.085345473464
2022-09-08 00:00:00+00:00,10046.085345473464
2022-09-09 00:00:00+00:00,10046.085345473464
2022-09-11 00:00:00+00:00,10046.085345473464
2022-09-12 00:00:00+00:00,10046.085345473464
2022-09-13 00:00:00+00:00,10022.117572035964
2022-09-14 00:00:00+00:00,10022.117572035964
2022-09-15 00:00:00+00:00,10022.117572035964
2022-09-16 00:00:00+00:00,10097.205462660964
2022-09-18 00:00:00+00:00,10097.205462660964
2022-09-19 00:00:00+00:00,10097.205462660964
2022-09-20 00:00:00+00:00,10097.205462660964
2022-09-21 00:00:00+00:00,10215.036517348464
2022-09-22 00:00:00+00:00,10215.036517348464
2022-09-23 00:00:00+00:00,10215.036517348464
2022-09-25 00:00:00+00:00,10215.036517348464
2022-09-26 00:00:00+00:00,10249.301043715652
2022-09-27 00:00:00+00:00,10249.301043715652
2022-09-28 00:00:00+00:00,10319.908465590652
2022-09-29 00:00:00+00:00,10363.910540785964
2022-09-30 00:00:00+00:00,10363.910540785964
2022-10-02 00:00:00+00:00,10363.910540785964
2022-10-03 00:00:00+00:00,10363.910540785964
2022-10-04 00:00:00+00:00,10363.910540785964
2022-10-05 00:00:00+00:00,10363.910540785964
2022-10-06 00:00:00+00:00,10363.910540785964
2022-10-07 00:00:00+00:00,10363.910540785964
2022-10-09 00:00:00+00:00,10363.910540785964
2022-10-10 00:00:00+00:00,10363.910540785964
2022-10-11 00:00:00+00:00,10392.870135512527
2022-10-12 00:00:00+00:00,10392.870135512527
2022-10-13 00:00:00+00:00,10445.674334731277
2022-10-14 00:00:00+00:00,10445.674334731277
2022-10-16 00:00:00+00:00,10445.674334731277
2022-10-17 00:00:00+00:00,10445.674334731277
2022-10-18 00:00:00+00:00,10445.674334731277
2022-10-19 00:00:00+00:00,10445.674334731277
2022-10-20 00:00:00+00:00,10445.674334731277
2022-10-21 00:00:00+00:00,10486.433612075027
2022-10-23 00:00:00+00:00,10486.433612075027
2022-10-24 00:00:00+00:00,10486.433612075027
2022-10-25 00:00:00+00:00,10486.433612075027
2022-10-26 00:00:00+00:00,10486.433612075027
2022-10-27 00:00:00+00:00,10486.433612075027
2022-10-28 00:00:00+00:00,10486.433612075027
2022-10-30 00:00:00+00:00,10486.433612075027
2022-10-31 00:00:00+00:00,10486.433612075027
2022-11-01 00:00:00+00:00,10486.433612075027
2022-11-02 00:00:00+00:00,10486.433612075027
2022-11-03 00:00:00+00:00,10397.279559340652
2022-11-04 00:00:00+00:00,10397.279559340652
2022-11-06 00:00:00+00:00,10397.279559340652
2022-11-07 00:00:00+00:00,10397.279559340652
2022-11-08 00:00:00+00:00,10397.279559340652
2022-11-09 00:00:00+00:00,10397.279559340652
2022-11-10 00:00:00+00:00,10397.279559340652
2022-11-11 00:00:00+00:00,10397.279559340652
2022-11-13 00:00:00+00:00,10397.279559340652
2022-11-14 00:00:00+00:00,10397.279559340652
2022-11-15 00:00:00+00:00,10397.279559340652
2022-11-16 00:00:00+00:00,10397.279559340652
2022-11-17 00:00:00+00:00,10325.729266371902
2022-11-18 00:00:00+00:00,10325.729266371902
2022-11-20 00:00:00+00:00,10325.729266371902
2022-11-21 00:00:00+00:00,10325.729266371902
2022-11-22 00:00:00+00:00,10325.729266371902
2022-11-23 00:00:00+00:00,10325.729266371902
2022-11-24 00:00:00+00:00,10325.729266371902
2022-11-25 00:00:00+00:00,10325.729266371902
2022-11-27 00:00:00+00:00,10325.729266371902
2022-11-28 00:00:00+00:00,10325.729266371902
2022-11-29 00:00:00+00:00,10325.729266371902
2022-11-30 00:00:00+00:00,10325.729266371902
2022-12-01 00:00:00+00:00,10325.729266371902
2022-12-02 00:00:00+00:00,10385.80433961409
2022-12-04 00:00:00+00:00,10385.80433961409
2022-12-05 00:00:00+00:00,10270.303164121688
2022-12-06 00:00:00+00:00,10270.303164121688
2022-12-07 00:00:00+00:00,10270.303164121688
2022-12-08 00:00:00+00:00,10270.303164121688
2022-12-09 00:00:00+00:00,10270.303164121688
2022-12-11 00:00:00+00:00,10270.303164121688
2022-12-12 00:00:00+00:00,10270.303164121688
2022-12-13 00:00:00+00:00,10270.303164121688
2022-12-14 00:00:00+00:00,10270.303164121688
2022-12-15 00:00:00+00:00,10246.803408262313
2022-12-16 00:00:00+00:00,10246.803408262313
2022-12-18 00:00:00+00:00,10246.803408262313
2022-12-19 00:00:00+00:00,10246.803408262313
2022-12-20 00:00:00+00:00,10246.803408262313
2022-12-21 00:00:00+00:00,10246.803408262313
2022-12-22 00:00:00+00:00,10145.067892311203
2022-12-23 00:00:00+00:00,10145.067892311203
2022-12-26 00:00:00+00:00,10145.067892311203
2022-12-27 00:00:00+00:00,10330.493817048278
2022-12-28 00:00:00+00:00,10330.493817048278
2022-12-29 00:00:00+00:00,10330.493817048278
2022-12-30 00:00:00+00:00,10330.493817048278
2023-01-02 00:00:00+00:00,10330.493817048278
2023-01-03 00:00:00+00:00,10330.493817048278
2023-01-04 00:00:00+00:00,10330.493817048278
2023-01-05 00:00:00+00:00,10324.423260407653
2023-01-06 00:00:00+00:00,10324.423260407653
2023-01-08 00:00:00+00:00,10324.423260407653
2023-01-09 00:00:00+00:00,10324.423260407653
2023-01-10 00:00:00+00:00,10324.423260407653
2023-01-11 00:00:00+00:00,10324.423260407653
2023-01-12 00:00:00+00:00,10372.543377595153
2023-01-13 00:00:00+00:00,10485.443768220153
2023-01-15 00:00:00+00:00,10485.443768220153
2023-01-16 00:00:00+00:00,10485.443768220153
2023-01-17 00:00:00+00:00,10485.443768220153
2023-01-18 00:00:00+00:00,10485.443768220153
2023-01-19 00:00:00+00:00,10485.443768220153
2023-01-20 00:00:00+00:00,10485.443768220153
2023-01-22 00:00:00+00:00,10485.443768220153
2023-01-23 00:00:00+00:00,10485.443768220153
2023-01-24 00:00:00+00:00,10564.655926423278
2023-01-25 00:00:00+00:00,10574.466717438903
2023-01-26 00:00:00+00:00,10574.466717438903
2023-01-27 00:00:00+00:00,10574.466717438903
2023-01-29 00:00:00+00:00,10574.466717438903
2023-01-30 00:00:00+00:00,10574.466717438903
2023-01-31 00:00:00+00:00,10574.466717438903
2023-02-01 00:00:00+00:00,10574.466717438903
2023-02-02 00:00:00+00:00,10456.629324089297
2023-02-03 00:00:00+00:00,10358.196872607441
2023-02-05 00:00:00+00:00,10358.196872607441
2023-02-06 00:00:00+00:00,10358.196872607441
2023-02-07 00:00:00+00:00,10358.196872607441
2023-02-08 00:00:00+00:00,10358.196872607441
2023-02-09 00:00:00+00:00,10358.196872607441
2023-02-10 00:00:00+00:00,10358.196872607441
2023-02-12 00:00:00+00:00,10358.196872607441
2023-02-13 00:00:00+00:00,10358.196872607441
2023-02-14 00:00:00+00:00,10358.196872607441
2023-02-15 00:00:00+00:00,10358.196872607441
2023-02-16 00:00:00+00:00,10425.937106982441
2023-02-17 00:00:00+00:00,10425.937106982441
2023-02-19 00:00:00+00:00,10425.937106982441
2023-02-20 00:00:00+00:00,10425.937106982441
2023-02-21 00:00:00+00:00,10425.937106982441
2023-02-22 00:00:00+00:00,10425.937106982441
2023-02-23 00:00:00+00:00,10431.768161669941
2023-02-24 00:00:00+00:00,10431.768161669941
2023-02-26 00:00:00+00:00,10431.768161669941
2023-02-27 00:00:00+00:00,10431.768161669941
2023-02-28 00:00:00+00:00,10431.768161669941
2023-03-01 00:00:00+00:00,10431.768161669941
2023-03-02 00:00:00+00:00,10442.767917529316
2023-03-03 00:00:00+00:00,10442.767917529316
2023-03-05 00:00:00+00:00,10442.767917529316
2023-03-06 00:00:00+00:00,10442.767917529316
2023-03-07 00:00:00+00:00,10442.767917529316
2023-03-08 00:00:00+00:00,10442.767917529316
2023-03-09 00:00:00+00:00,10442.767917529316
2023-03-10 00:00:00+00:00,10442.767917529316
2023-03-12 00:00:00+00:00,10442.767917529316
2023-03-13 00:00:00+00:00,10442.767917529316
2023-03-14 00:00:00+00:00,10442.767917529316
2023-03-15 00:00:00+00:00,10650.93042365665
2023-03-16 00:00:00+00:00,10650.93042365665
2023-03-17 00:00:00+00:00,10650.93042365665
2023-03-19 00:00:00+00:00,10650.93042365665
2023-03-20 00:00:00+00:00,10650.93042365665
2023-03-21 00:00:00+00:00,10580.492801586337
2023-03-22 00:00:00+00:00,10580.492801586337
2023-03-23 00:00:00+00:00,10705.0930213129
2023-03-24 00:00:00+00:00,10705.0930213129
2023-03-26 00:00:00+00:00,10705.0930213129
2023-03-27 00:00:00+00:00,10650.238284984775
2023-03-28 00:00:00+00:00,10650.238284984775
2023-03-29 00:00:00+00:00,10650.238284984775
2023-03-30 00:00:00+00:00,10666.978153148837
2023-03-31 00:00:00+00:00,10666.978153148837
2023-04-02 00:00:00+00:00,10666.978153148837
2023-04-03 00:00:00+00:00,10666.978153148837
2023-04-04 00:00:00+00:00,10669.047977367587
2023-04-05 00:00:00+00:00,10669.047977367587
2023-04-06 00:00:00+00:00,10657.947635570712
2023-04-09 00:00:00+00:00,10657.947635570712
2023-04-10 00:00:00+00:00,10657.048221508212
2023-04-11 00:00:00+00:00,10657.048221508212
2023-04-12 00:00:00+00:00,10657.048221508212
2023-04-13 00:00:00+00:00,10657.048221508212
2023-04-14 00:00:00+00:00,10657.048221508212
2023-04-16 00:00:00+00:00,10657.048221508212
2023-04-17 00:00:00+00:00,10562.629970446076
2023-04-18 00:00:00+00:00,10656.779628649201
2023-04-19 00:00:00+00:00,10458.625388084605
2023-04-20 00:00:00+00:00,10458.625388084605
2023-04-21 00:00:00+00:00,10363.355222940856
2023-04-23 00:00:00+00:00,10363.355222940856
2023-04-24 00:00:00+00:00,10363.355222940856
2023-04-25 00:00:00+00:00,10363.355222940856
2023-04-26 00:00:00+00:00,10363.355222940856
2023-04-27 00:00:00+00:00,10360.420652628356
2023-04-28 00:00:00+00:00,10360.420652628356
2023-04-30 00:00:00+00:00,10360.420652628356
2023-05-01 00:00:00+00:00,10360.420652628356
2023-05-02 00:00:00+00:00,10360.420652628356
2023-05-03 00:00:00+00:00,10454.110960245544
2023-05-04 00:00:00+00:00,10454.110960245544
2023-05-05 00:00:00+00:00,10492.306761026794
2023-05-07 00:00:00+00:00,10492.306761026794
2023-05-08 00:00:00+00:00,10492.306761026794
2023-05-09 00:00:00+00:00,10492.306761026794
2023-05-10 00:00:00+00:00,10492.306761026794
2023-05-11 00:00:00+00:00,10565.819456339294
2023-05-12 00:00:00+00:00,10567.549192667419
2023-05-14 00:00:00+00:00,10567.549192667419
2023-05-15 00:00:00+00:00,10567.549192667419
2023-05-16 00:00:00+00:00,10567.428343058044
2023-05-17 00:00:00+00:00,10567.428343058044
2023-05-18 00:00:00+00:00,10462.724250796638
2023-05-19 00:00:00+00:00,10462.724250796638
2023-05-21 00:00:00+00:00,10462.724250796638
2023-05-22 00:00:00+00:00,10462.724250796638
2023-05-23 00:00:00+00:00,10451.564338687263
2023-05-24 00:00:00+00:00,10451.564338687263
2023-05-25 00:00:00+00:00,10473.609016421638
2023-05-26 00:00:00+00:00,10466.048469546638
2023-05-28 00:00:00+00:00,10466.048469546638
2023-05-29 00:00:00+00:00,10466.048469546638
2023-05-30 00:00:00+00:00,10466.048469546638
2023-05-31 00:00:00+00:00,10466.048469546638
2023-06-01 00:00:00+00:00,10466.048469546638
2023-06-02 00:00:00+00:00,10363.269584652484
2023-06-04 00:00:00+00:00,10363.269584652484
2023-06-05 00:00:00+00:00,10363.269584652484
2023-06-06 00:00:00+00:00,10363.269584652484
2023-06-07 00:00:00+00:00,10407.522026058734
2023-06-08 00:00:00+00:00,10407.522026058734
2023-06-09 00:00:00+00:00,10407.522026058734
2023-06-11 00:00:00+00:00,10407.522026058734
2023-06-12 00:00:00+00:00,10390.025932308734
2023-06-13 00:00:00+00:00,10390.025932308734
2023-06-14 00:00:00+00:00,10358.004447933734
2023-06-15 00:00:00+00:00,10331.484916683734
2023-06-16 00:00:00+00:00,10331.484916683734
2023-06-18 00:00:00+00:00,10331.484916683734
2023-06-19 00:00:00+00:00,10331.484916683734
2023-06-20 00:00:00+00:00,10297.815361019671
2023-06-21 00:00:00+00:00,10306.914482113421
2023-06-22 00:00:00+00:00,10228.504570004046
2023-06-23 00:00:00+00:00,10228.504570004046
2023-06-25 00:00:00+00:00,10228.504570004046
2023-06-26 00:00:00+00:00,10228.504570004046
2023-06-27 00:00:00+00:00,10228.504570004046
2023-06-28 00:00:00+00:00,10202.654838558734
2023-06-29 00:00:00+00:00,10202.654838558734
2023-06-30 00:00:00+00:00,10202.654838558734
2023-07-02 00:00:00+00:00,10202.654838558734
2023-07-03 00:00:00+00:00,10202.654838558734
2023-07-04 00:00:00+00:00,10202.654838558734
2023-07-05 00:00:00+00:00,10202.654838558734
2023-07-06 00:00:00+00:00,10202.654838558734
2023-07-07 00:00:00+00:00,10202.654838558734
2023-07-09 00:00:00+00:00,10202.654838558734
2023-07-10 00:00:00+00:00,10281.214408871234
2023-07-11 00:00:00+00:00,10281.214408871234
2023-07-12 00:00:00+00:00,10281.214408871234
2023-07-13 00:00:00+00:00,10281.214408871234
2023-07-14 00:00:00+00:00,10281.214408871234
2023-07-16 00:00:00+00:00,10281.214408871234
2023-07-17 00:00:00+00:00,10281.214408871234
2023-07-18 00:00:00+00:00,10281.214408871234
2023-07-19 00:00:00+00:00,10281.214408871234
2023-07-20 00:00:00+00:00,10231.114677425921
2023-07-21 00:00:00+00:00,10243.434623714984
2023-07-23 00:00:00+00:00,10243.434623714984
2023-07-24 00:00:00+00:00,10243.434623714984
2023-07-25 00:00:00+00:00,10305.444755550921
2023-07-26 00:00:00+00:00,10305.444755550921
2023-07-27 00:00:00+00:00,10217.837679825992
2023-07-28 00:00:00+00:00,10217.837679825992
2023-07-30 00:00:00+00:00,10217.837679825992
2023-07-31 00:00:00+00:00,10217.837679825992
2023-08-01 00:00:00+00:00,10217.837679825992
2023-08-02 00:00:00+00:00,10217.837679825992
2023-08-03 00:00:00+00:00,10217.837679825992
2023-08-04 00:00:00+00:00,10217.837679825992
2023-08-06 00:00:00+00:00,10217.837679825992
2023-08-07 00:00:00+00:00,10217.837679825992
2023-08-08 00:00:00+00:00,10190.175570450992
2023-08-09 00:00:00+00:00,10190.175570450992
2023-08-10 00:00:00+00:00,10190.175570450992
2023-08-11 00:00:00+00:00,10190.175570450992
2023-08-13 00:00:00+00:00,10190.175570450992
2023-08-14 00:00:00+00:00,10233.906039200992
2023-08-15 00:00:00+00:00,10247.825961075992
2023-08-16 00:00:00+00:00,10247.825961075992
2023-08-17 00:00:00+00:00,10247.825961075992
2023-08-18 00:00:00+00:00,10247.825961075992
2023-08-20 00:00:00+00:00,10247.825961075992
2023-08-21 00:00:00+00:00,10247.825961075992
2023-08-22 00:00:00+00:00,10247.825961075992
2023-08-23 00:00:00+00:00,10247.825961075992
2023-08-24 00:00:00+00:00,10247.825961075992
2023-08-25 00:00:00+00:00,10247.825961075992
2023-08-27 00:00:00+00:00,10247.825961075992
2023-08-28 00:00:00+00:00,10247.825961075992
2023-08-29 00:00:00+00:00,10247.825961075992
2023-08-30 00:00:00+00:00,10247.825961075992
2023-08-31 00:00:00+00:00,10247.825961075992
2023-09-01 00:00:00+00:00,10247.825961075992
2023-09-03 00:00:00+00:00,10247.825961075992
2023-09-04 00:00:00+00:00,10247.825961075992
2023-09-05 00:00:00+00:00,10247.825961075992
2023-09-06 00:00:00+00:00,10247.825961075992
2023-09-07 00:00:00+00:00,10247.825961075992
2023-09-08 00:00:00+00:00,10247.825961075992
2023-09-10 00:00:00+00:00,10247.825961075992
2023-09-11 00:00:00+00:00,10247.825961075992
2023-09-12 00:00:00+00:00,10146.504997372862
2023-09-13 00:00:00+00:00,10146.504997372862
2023-09-14 00:00:00+00:00,10229.704460263487
2023-09-15 00:00:00+00:00,10229.704460263487
2023-09-17 00:00:00+00:00,10229.704460263487
2023-09-18 00:00:00+00:00,10229.704460263487
2023-09-19 00:00:00+00:00,10229.704460263487
2023-09-20 00:00:00+00:00,10251.303581357237
2023-09-21 00:00:00+00:00,10154.392267142914
2023-09-22 00:00:00+00:00,10154.392267142914
2023-09-24 00:00:00+00:00,10154.392267142914
2023-09-25 00:00:00+00:00,10154.392267142914
2023-09-26 00:00:00+00:00,10172.232599174164
2023-09-27 00:00:00+00:00,10172.232599174164
2023-09-28 00:00:00+00:00,10172.232599174164
2023-09-29 00:00:00+00:00,10172.232599174164
2023-10-01 00:00:00+00:00,10172.232599174164
2023-10-02 00:00:00+00:00,10172.232599174164
2023-10-03 00:00:00+00:00,10172.232599174164
2023-10-04 00:00:00+00:00,10172.232599174164
2023-10-05 00:00:00+00:00,10191.912286674164
2023-10-06 00:00:00+00:00,10335.912286674164
2023-10-08 00:00:00+00:00,10335.912286674164
2023-10-09 00:00:00+00:00,10376.212579642914
2023-10-10 00:00:00+00:00,10376.212579642914
2023-10-11 00:00:00+00:00,10376.212579642914
2023-10-12 00:00:00+00:00,10376.212579642914
2023-10-13 00:00:00+00:00,10376.212579642914
2023-10-15 00:00:00+00:00,10376.212579642914
2023-10-16 00:00:00+00:00,10383.321832572601
2023-10-17 00:00:00+00:00,10383.321832572601
2023-10-18 00:00:00+00:00,10383.321832572601
2023-10-19 00:00:00+00:00,10383.321832572601
2023-10-20 00:00:00+00:00,10383.321832572601
2023-10-22 00:00:00+00:00,10383.321832572601
2023-10-23 00:00:00+00:00,10383.321832572601
2023-10-24 00:00:00+00:00,10383.321832572601
2023-10-25 00:00:00+00:00,10383.321832572601
2023-10-26 00:00:00+00:00,10383.321832572601
2023-10-27 00:00:00+00:00,10393.608331596039
2023-10-29 00:00:00+00:00,10393.608331596039
2023-10-30 00:00:00+00:00,10393.608331596039
2023-10-31 00:00:00+00:00,10393.608331596039
2023-11-01 00:00:00+00:00,10393.608331596039
2023-11-02 00:00:00+00:00,10393.608331596039
2023-11-03 00:00:00+00:00,10393.608331596039
2023-11-05 00:00:00+00:00,10393.608331596039
2023-11-06 00:00:00+00:00,10393.608331596039
2023-11-07 00:00:00+00:00,10393.608331596039
2023-11-08 00:00:00+00:00,10396.428399955414
2023-11-09 00:00:00+00:00,10396.428399955414
2023-11-10 00:00:00+00:00,10396.428399955414
2023-11-12 00:00:00+00:00,10396.428399955414
2023-11-13 00:00:00+00:00,10396.428399955414
2023-11-14 00:00:00+00:00,10396.428399955414
2023-11-15 00:00:00+00:00,10381.049249564789
2023-11-16 00:00:00+00:00,10381.049249564789
2023-11-17 00:00:00+00:00,10381.049249564789
2023-11-19 00:00:00+00:00,10381.049249564789
2023-11-20 00:00:00+00:00,10453.878839408539
2023-11-21 00:00:00+00:00,10492.062433158539
2023-11-22 00:00:00+00:00,10492.062433158539
2023-11-23 00:00:00+00:00,10492.062433158539
2023-11-24 00:00:00+00:00,10492.062433158539
2023-11-26 00:00:00+00:00,10492.062433158539
2023-11-27 00:00:00+00:00,10492.062433158539
2023-11-28 00:00:00+00:00,10492.062433158539
2023-11-29 00:00:00+00:00,10492.062433158539
2023-11-30 00:00:00+00:00,10492.062433158539
2023-12-01 00:00:00+00:00,10492.062433158539
2023-12-03 00:00:00+00:00,10492.062433158539
2023-12-04 00:00:00+00:00,10492.062433158539
2023-12-05 00:00:00+00:00,10492.062433158539
2023-12-06 00:00:00+00:00,10492.062433158539
2023-12-07 00:00:00+00:00,10492.062433158539
2023-12-08 00:00:00+00:00,10397.649496256496
2023-12-10 00:00:00+00:00,10397.649496256496
2023-12-11 00:00:00+00:00,10397.649496256496
2023-12-12 00:00:00+00:00,10397.649496256496
2023-12-13 00:00:00+00:00,10484.529379068996
2023-12-14 00:00:00+00:00,10484.529379068996
2023-12-15 00:00:00+00:00,10489.229696451808
2023-12-17 00:00:00+00:00,10489.229696451808
2023-12-18 00:00:00+00:00,10489.229696451808
2023-12-19 00:00:00+00:00,10489.229696451808
2023-12-20 00:00:00+00:00,10489.229696451808
2023-12-21 00:00:00+00:00,10489.229696451808
2023-12-22 00:00:00+00:00,10489.229696451808
2023-12-25 00:00:00+00:00,10489.229696451808
2023-12-26 00:00:00+00:00,10472.225790201808
2023-12-27 00:00:00+00:00,10472.225790201808
2023-12-28 00:00:00+00:00,10448.784383951808
2023-12-29 00:00:00+00:00,10448.784383951808
2024-01-01 00:00:00+00:00,10448.784383951808
2024-01-02 00:00:00+00:00,10448.784383951808
2024-01-03 00:00:00+00:00,10448.784383951808
2024-01-04 00:00:00+00:00,10474.355062662746
2024-01-05 00:00:00+00:00,10474.355062662746
2024-01-07 00:00:00+00:00,10474.355062662746
2024-01-08 00:00:00+00:00,10474.355062662746
2024-01-09 00:00:00+00:00,10474.355062662746
2024-01-10 00:00:00+00:00,10474.355062662746
2024-01-11 00:00:00+00:00,10474.355062662746
2024-01-12 00:00:00+00:00,10474.355062662746
2024-01-14 00:00:00+00:00,10474.355062662746
2024-01-15 00:00:00+00:00,10474.355062662746
2024-01-16 00:00:00+00:00,10425.395590006496
2024-01-17 00:00:00+00:00,10394.955648600246
2024-01-18 00:00:00+00:00,10394.955648600246
2024-01-19 00:00:00+00:00,10394.955648600246
2024-01-21 00:00:00+00:00,10394.955648600246
2024-01-22 00:00:00+00:00,10394.955648600246
2024-01-23 00:00:00+00:00,10394.955648600246
2024-01-24 00:00:00+00:00,10394.955648600246
2024-01-25 00:00:00+00:00,10394.955648600246
2024-01-26 00:00:00+00:00,10394.955648600246
2024-01-28 00:00:00+00:00,10394.955648600246
2024-01-29 00:00:00+00:00,10394.955648600246
2024-01-30 00:00:00+00:00,10394.955648600246
2024-01-31 00:00:00+00:00,10394.955648600246
2024-02-01 00:00:00+00:00,10394.955648600246
2024-02-02 00:00:00+00:00,10380.135702311183
2024-02-04 00:00:00+00:00,10380.135702311183
2024-02-05 00:00:00+00:00,10380.135702311183
2024-02-06 00:00:00+00:00,10380.135702311183
2024-02-07 00:00:00+00:00,10380.135702311183
2024-02-08 00:00:00+00:00,10315.265829264308
2024-02-09 00:00:00+00:00,10274.106649576808
2024-02-11 00:00:00+00:00,10274.106649576808
2024-02-12 00:00:00+00:00,10274.106649576808
2024-02-13 00:00:00+00:00,10175.715689884037
2024-02-14 00:00:00+00:00,10210.874869571537
2024-02-15 00:00:00+00:00,10210.874869571537
2024-02-16 00:00:00+00:00,10328.8647377356
2024-02-18 00:00:00+00:00,10328.8647377356
2024-02-19 00:00:00+00:00,10328.8647377356
2024-02-20 00:00:00+00:00,10328.8647377356
2024-02-21 00:00:00+00:00,10328.8647377356
2024-02-22 00:00:00+00:00,10328.8647377356
2024-02-23 00:00:00+00:00,10328.8647377356
2024-02-25 00:00:00+00:00,10328.8647377356
2024-02-26 00:00:00+00:00,10328.8647377356
2024-02-27 00:00:00+00:00,10328.8647377356
2024-02-28 00:00:00+00:00,10328.8647377356
2024-02-29 00:00:00+00:00,10328.8647377356
2024-03-01 00:00:00+00:00,10328.8647377356
2024-03-03 00:00:00+00:00,10328.8647377356
2024-03-04 00:00:00+00:00,10328.8647377356
2024-03-05 00:00:00+00:00,10328.8647377356
2024-03-06 00:00:00+00:00,10328.8647377356
2024-03-07 00:00:00+00:00,10328.8647377356
2024-03-08 00:00:00+00:00,10328.8647377356
2024-03-10 00:00:00+00:00,10328.8647377356
2024-03-11 00:00:00+00:00,10328.8647377356
2024-03-12 00:00:00+00:00,10328.8647377356
2024-03-13 00:00:00+00:00,10328.8647377356
2024-03-14 00:00:00+00:00,10328.8647377356
2024-03-15 00:00:00+00:00,10328.8647377356
2024-03-17 00:00:00+00:00,10328.8647377356
2024-03-18 00:00:00+00:00,10328.8647377356
2024-03-19 00:00:00+00:00,10328.8647377356
2024-03-20 00:00:00+00:00,10328.8647377356
2024-03-21 00:00:00+00:00,10237.185385513401
2024-03-22 00:00:00+00:00,10236.365073013401
2024-03-24 00:00:00+00:00,10236.365073013401
2024-03-25 00:00:00+00:00,10236.365073013401
2024-03-26 00:00:00+00:00,10236.365073013401
2024-03-27 00:00:00+00:00,10236.365073013401
2024-03-28 00:00:00+00:00,10236.365073013401
2024-03-31 00:00:00+00:00,10236.365073013401
2024-04-01 00:00:00+00:00,10236.365073013401
2024-04-02 00:00:00+00:00,10236.365073013401
2024-04-03 00:00:00+00:00,10223.414633560276
2024-04-04 00:00:00+00:00,10264.455160904026
2024-04-05 00:00:00+00:00,10299.810629654026
2024-04-07 00:00:00+00:00,10299.810629654026
2024-04-08 00:00:00+00:00,10304.881186294651
2024-04-09 00:00:00+00:00,10304.881186294651
2024-04-10 00:00:00+00:00,10323.070151138401
2024-04-11 00:00:00+00:00,10323.070151138401
2024-04-12 00:00:00+00:00,10323.070151138401
2024-04-14 00:00:00+00:00,10323.070151138401
2024-04-15 00:00:00+00:00,10389.076010513401
2024-04-16 00:00:00+00:00,10385.915854263401
2024-04-17 00:00:00+00:00,10401.635824966526
2024-04-18 00:00:00+00:00,10401.635824966526
2024-04-19 00:00:00+00:00,10401.635824966526
2024-04-21 00:00:00+00:00,10401.635824966526
2024-04-22 00:00:00+00:00,10349.116293716526
2024-04-23 00:00:00+00:00,10355.661948013401
2024-04-24 00:00:00+00:00,10355.661948013401
2024-04-25 00:00:00+00:00,10423.512289810276
2024-04-26 00:00:00+00:00,10423.512289810276
2024-04-28 00:00:00+00:00,10423.512289810276
2024-04-29 00:00:00+00:00,10467.828207779026
2024-04-30 00:00:00+00:00,10467.828207779026
2024-05-01 00:00:00+00:00,10467.828207779026
2024-05-02 00:00:00+00:00,10467.828207779026
2024-05-03 00:00:00+00:00,10467.828207779026
2024-05-05 00:00:00+00:00,10467.828207779026
2024-05-06 00:00:00+00:00,10467.828207779026
2024-05-07 00:00:00+00:00,10467.828207779026
2024-05-08 00:00:00+00:00,10541.451254654026
2024-05-09 00:00:00+00:00,10541.451254654026
2024-05-10 00:00:00+00:00,10541.451254654026
2024-05-12 00:00:00+00:00,10541.451254654026
2024-05-13 00:00:00+00:00,10541.451254654026
2024-05-14 00:00:00+00:00,10541.451254654026
2024-05-15 00:00:00+00:00,10541.451254654026
2024-05-16 00:00:00+00:00,10569.018637466526
2024-05-17 00:00:00+00:00,10569.018637466526
2024-05-19 00:00:00+00:00,10569.018637466526
2024-05-20 00:00:00+00:00,10569.018637466526
2024-05-21 00:00:00+00:00,10569.018637466526
2024-05-22 00:00:00+00:00,10544.598959732151
2024-05-23 00:00:00+00:00,10556.114828872776
2024-05-24 00:00:00+00:00,10556.114828872776
2024-05-26 00:00:00+00:00,10556.114828872776
2024-05-27 00:00:00+00:00,10556.114828872776
2024-05-28 00:00:00+00:00,10568.014487075901
2024-05-29 00:00:00+00:00,10568.014487075901
2024-05-30 00:00:00+00:00,10568.014487075901
2024-05-31 00:00:00+00:00,10568.014487075901
2024-06-02 00:00:00+00:00,10568.014487075901
2024-06-03 00:00:00+00:00,10568.014487075901
2024-06-04 00:00:00+00:00,10595.524008560276
2024-06-05 00:00:00+00:00,10595.524008560276
2024-06-06 00:00:00+00:00,10595.524008560276
2024-06-07 00:00:00+00:00,10548.574301529026
2024-06-09 00:00:00+00:00,10548.574301529026
2024-06-10 00:00:00+00:00,10548.574301529026
2024-06-11 00:00:00+00:00,10555.294028091526
2024-06-12 00:00:00+00:00,10555.294028091526
2024-06-13 00:00:00+00:00,10548.933676529026
2024-06-14 00:00:00+00:00,10548.933676529026
2024-06-16 00:00:00+00:00,10548.933676529026
2024-06-17 00:00:00+00:00,10548.933676529026
2024-06-18 00:00:00+00:00,10548.933676529026
2024-06-19 00:00:00+00:00,10548.933676529026
2024-06-20 00:00:00+00:00,10548.933676529026
2024-06-21 00:00:00+00:00,10444.872645346797
2024-06-23 00:00:00+00:00,10444.872645346797
2024-06-24 00:00:00+00:00,10444.872645346797
2024-06-25 00:00:00+00:00,10444.872645346797
2024-06-26 00:00:00+00:00,10444.872645346797
2024-06-27 00:00:00+00:00,10444.872645346797
2024-06-28 00:00:00+00:00,10437.608485190547
2024-06-30 00:00:00+00:00,10437.608485190547
2024-07-01 00:00:00+00:00,10437.608485190547
2024-07-02 00:00:00+00:00,10437.608485190547
2024-07-03 00:00:00+00:00,10437.608485190547
2024-07-04 00:00:00+00:00,10437.608485190547
2024-07-05 00:00:00+00:00,10437.608485190547
2024-07-07 00:00:00+00:00,10437.608485190547
2024-07-08 00:00:00+00:00,10415.860438315547
2024-07-09 00:00:00+00:00,10415.860438315547
2024-07-10 00:00:00+00:00,10415.860438315547
2024-07-11 00:00:00+00:00,10415.860438315547
2024-07-12 00:00:00+00:00,10535.209803549922
2024-07-14 00:00:00+00:00,10535.209803549922
2024-07-15 00:00:00+00:00,10535.209803549922
2024-07-16 00:00:00+00:00,10535.209803549922
2024-07-17 00:00:00+00:00,10535.209803549922
2024-07-18 00:00:00+00:00,10535.209803549922
2024-07-19 00:00:00+00:00,10498.069178549922
2024-07-21 00:00:00+00:00,10498.069178549922
2024-07-22 00:00:00+00:00,10498.069178549922
2024-07-23 00:00:00+00:00,10498.069178549922
2024-07-24 00:00:00+00:00,10498.069178549922
2024-07-25 00:00:00+00:00,10432.080897299922
2024-07-26 00:00:00+00:00,10432.080897299922
2024-07-28 00:00:00+00:00,10432.080897299922
2024-07-29 00:00:00+00:00,10425.681483237422
2024-07-30 00:00:00+00:00,10425.681483237422
2024-07-31 00:00:00+00:00,10425.681483237422
2024-08-01 00:00:00+00:00,10425.681483237422
2024-08-02 00:00:00+00:00,10425.681483237422
2024-08-04 00:00:00+00:00,10425.681483237422
2024-08-05 00:00:00+00:00,10425.681483237422
2024-08-06 00:00:00+00:00,10404.081629721797
2024-08-07 00:00:00+00:00,10404.081629721797
2024-08-08 00:00:00+00:00,10404.081629721797
2024-08-09 00:00:00+00:00,10404.081629721797
2024-08-11 00:00:00+00:00,10404.081629721797
2024-08-12 00:00:00+00:00,10404.081629721797
2024-08-13 00:00:00+00:00,10404.081629721797
2024-08-14 00:00:00+00:00,10374.708582846797
2024-08-15 00:00:00+00:00,10374.708582846797
2024-08-16 00:00:00+00:00,10374.708582846797
2024-08-18 00:00:00+00:00,10374.708582846797
2024-08-19 00:00:00+00:00,10374.708582846797
2024-08-20 00:00:00+00:00,10378.887782065547
2024-08-21 00:00:00+00:00,10420.763758628047
2024-08-22 00:00:00+00:00,10420.763758628047
2024-08-23 00:00:00+00:00,10420.763758628047
2024-08-25 00:00:00+00:00,10420.763758628047
2024-08-26 00:00:00+00:00,10420.763758628047
2024-08-27 00:00:00+00:00,10420.763758628047
2024-08-28 00:00:00+00:00,10420.763758628047
2024-08-29 00:00:00+00:00,10491.523524253047
2024-08-30 00:00:00+00:00,10491.523524253047
2024-09-01 00:00:00+00:00,10491.523524253047
2024-09-02 00:00:00+00:00,10491.523524253047
2024-09-03 00:00:00+00:00,10508.325282065547
2024-09-04 00:00:00+00:00,10508.325282065547
2024-09-05 00:00:00+00:00,10508.325282065547
2024-09-06 00:00:00+00:00,10508.325282065547
2024-09-08 00:00:00+00:00,10508.325282065547
2024-09-09 00:00:00+00:00,10545.198328940547
2024-09-10 00:00:00+00:00,10545.198328940547
2024-09-11 00:00:00+00:00,10600.850672690547
2024-09-12 00:00:00+00:00,10600.850672690547
2024-09-13 00:00:00+00:00,10600.850672690547
2024-09-15 00:00:00+00:00,10600.850672690547
2024-09-16 00:00:00+00:00,10600.850672690547
2024-09-17 00:00:00+00:00,10600.850672690547
2024-09-18 00:00:00+00:00,10600.850672690547
2024-09-19 00:00:00+00:00,10600.850672690547
2024-09-20 00:00:00+00:00,10600.850672690547
2024-09-22 00:00:00+00:00,10600.850672690547
2024-09-23 00:00:00+00:00,10600.850672690547
2024-09-24 00:00:00+00:00,10600.850672690547
2024-09-25 00:00:00+00:00,10600.850672690547
2024-09-26 00:00:00+00:00,10600.850672690547
2024-09-27 00:00:00+00:00,10595.092371909297
2024-09-29 00:00:00+00:00,10595.092371909297
2024-09-30 00:00:00+00:00,10595.092371909297
2024-10-01 00:00:00+00:00,10595.092371909297
2024-10-02 00:00:00+00:00,10595.092371909297
2024-10-03 00:00:00+00:00,10595.092371909297
2024-10-04 00:00:00+00:00,10603.708094565547
2024-10-06 00:00:00+00:00,10603.708094565547
2024-10-07 00:00:00+00:00,10603.708094565547
2024-10-08 00:00:00+00:00,10603.708094565547
2024-10-09 00:00:00+00:00,10603.708094565547
2024-10-10 00:00:00+00:00,10603.708094565547
2024-10-11 00:00:00+00:00,10603.708094565547
2024-10-13 00:00:00+00:00,10599.927332846797
2024-10-14 00:00:00+00:00,10586.787684409297
2024-10-15 00:00:00+00:00,10586.787684409297
2024-10-16 00:00:00+00:00,10586.787684409297
2024-10-17 00:00:00+00:00,10586.787684409297
2024-10-18 00:00:00+00:00,10586.787684409297
2024-10-20 00:00:00+00:00,10586.787684409297
2024-10-21 00:00:00+00:00,10586.787684409297
2024-10-22 00:00:00+00:00,10586.787684409297
2024-10-23 00:00:00+00:00,10690.867762534297
2024-10-24 00:00:00+00:00,10690.867762534297
2024-10-25 00:00:00+00:00,10690.867762534297
2024-10-27 00:00:00+00:00,10690.867762534297
2024-10-28 00:00:00+00:00,10690.867762534297
2024-10-29 00:00:00+00:00,10690.867762534297
2024-10-30 00:00:00+00:00,10690.867762534297
2024-10-31 00:00:00+00:00,10690.867762534297
2024-11-01 00:00:00+00:00,10690.867762534297
2024-11-03 00:00:00+00:00,10690.867762534297
2024-11-04 00:00:00+00:00,10690.867762534297
2024-11-05 00:00:00+00:00,10769.337489096797
2024-11-06 00:00:00+00:00,10791.816248862422
2024-11-07 00:00:00+00:00,10818.976405112422
2024-11-08 00:00:00+00:00,10818.976405112422
2024-11-10 00:00:00+00:00,10818.976405112422
2024-11-11 00:00:00+00:00,10745.233241049922
2024-11-12 00:00:00+00:00,10745.233241049922
2024-11-13 00:00:00+00:00,10745.233241049922
2024-11-14 00:00:00+00:00,10745.233241049922
2024-11-15 00:00:00+00:00,10767.192713706172
2024-11-17 00:00:00+00:00,10767.192713706172
2024-11-18 00:00:00+00:00,10767.192713706172
2024-11-19 00:00:00+00:00,10767.192713706172
2024-11-20 00:00:00+00:00,10767.192713706172
2024-11-21 00:00:00+00:00,10767.192713706172
2024-11-22 00:00:00+00:00,10767.192713706172
2024-11-24 00:00:00+00:00,10767.192713706172
2024-11-25 00:00:00+00:00,10712.249354331172
2024-11-26 00:00:00+00:00,10772.669764487422
2024-11-27 00:00:00+00:00,10772.669764487422
2024-11-28 00:00:00+00:00,10792.770350424922
2024-11-29 00:00:00+00:00,10792.770350424922
2024-12-01 00:00:00+00:00,10792.770350424922
2024-12-02 00:00:00+00:00,10792.770350424922
2024-12-03 00:00:00+00:00,10792.770350424922
2024-12-04 00:00:00+00:00,10792.770350424922
2024-12-05 00:00:00+00:00,10792.770350424922
2024-12-06 00:00:00+00:00,10923.369715659297
2024-12-08 00:00:00+00:00,10923.369715659297
2024-12-09 00:00:00+00:00,10923.369715659297
2024-12-10 00:00:00+00:00,10923.369715659297
2024-12-11 00:00:00+00:00,10950.890223471797
2024-12-12 00:00:00+00:00,10950.890223471797
2024-12-13 00:00:00+00:00,10937.004725424922
2024-12-15 00:00:00+00:00,10937.004725424922
2024-12-16 00:00:00+00:00,10937.004725424922
2024-12-17 00:00:00+00:00,10937.004725424922
2024-12-18 00:00:00+00:00,10840.154448707464
2024-12-19 00:00:00+00:00,10840.154448707464
2024-12-20 00:00:00+00:00,10840.154448707464
2024-12-22 00:00:00+00:00,10840.154448707464
2024-12-23 00:00:00+00:00,10840.154448707464
2024-12-24 00:00:00+00:00,10840.154448707464
2024-12-25 00:00:00+00:00,10840.154448707464
2024-12-26 00:00:00+00:00,10840.154448707464
2024-12-27 00:00:00+00:00,10840.154448707464
2024-12-29 00:00:00+00:00,10840.154448707464
2024-12-30 00:00:00+00:00,10840.154448707464
2024-12-31 00:00:00+00:00,10840.154448707464
2025-01-01 00:00:00+00:00,10840.154448707464
2025-01-02 00:00:00+00:00,10840.154448707464
2025-01-03 00:00:00+00:00,10814.319487769964
2025-01-05 00:00:00+00:00,10814.319487769964
2025-01-06 00:00:00+00:00,10814.319487769964
2025-01-07 00:00:00+00:00,10814.319487769964
2025-01-08 00:00:00+00:00,10814.319487769964
2025-01-09 00:00:00+00:00,10814.319487769964
2025-01-10 00:00:00+00:00,10814.319487769964
2025-01-12 00:00:00+00:00,10814.319487769964
2025-01-13 00:00:00+00:00,10814.319487769964
2025-01-14 00:00:00+00:00,10814.319487769964
2025-01-15 00:00:00+00:00,10814.319487769964
2025-01-16 00:00:00+00:00,10814.319487769964
2025-01-17 00:00:00+00:00,10814.319487769964
2025-01-19 00:00:00+00:00,10814.319487769964
2025-01-20 00:00:00+00:00,10814.319487769964
2025-01-21 00:00:00+00:00,10814.319487769964
2025-01-22 00:00:00+00:00,10814.319487769964
2025-01-23 00:00:00+00:00,10790.93887253559
2025-01-24 00:00:00+00:00,10790.93887253559
2025-01-26 00:00:00+00:00,10790.93887253559
2025-01-27 00:00:00+00:00,10790.93887253559
2025-01-28 00:00:00+00:00,10790.93887253559
2025-01-29 00:00:00+00:00,10790.93887253559
2025-01-30 00:00:00+00:00,10790.93887253559
2025-01-31 00:00:00+00:00,10790.93887253559
2025-02-02 00:00:00+00:00,10790.93887253559
2025-02-03 00:00:00+00:00,10790.93887253559
2025-02-04 00:00:00+00:00,10790.93887253559
2025-02-05 00:00:00+00:00,10790.93887253559
2025-02-06 00:00:00+00:00,10819.278472144964
2025-02-07 00:00:00+00:00,10819.278472144964
2025-02-09 00:00:00+00:00,10819.278472144964
2025-02-10 00:00:00+00:00,10819.278472144964
2025-02-11 00:00:00+00:00,10819.278472144964
2025-02-12 00:00:00+00:00,10819.278472144964
2025-02-13 00:00:00+00:00,10819.278472144964
2025-02-14 00:00:00+00:00,10718.901150373282
2025-02-16 00:00:00+00:00,10718.901150373282
2025-02-17 00:00:00+00:00,10718.901150373282
2025-02-18 00:00:00+00:00,10718.901150373282
2025-02-19 00:00:00+00:00,10718.901150373282
2025-02-20 00:00:00+00:00,10722.901394513907
2025-02-21 00:00:00+00:00,10775.873074201407
2025-02-23 00:00:00+00:00,10775.873074201407
2025-02-24 00:00:00+00:00,10857.123074201407
2025-02-25 00:00:00+00:00,10805.142849592032
2025-02-26 00:00:00+00:00,10881.822537092032
2025-02-27 00:00:00+00:00,10816.121853498282
2025-02-28 00:00:00+00:00,10797.962673810782
2025-03-02 00:00:00+00:00,10797.962673810782
2025-03-03 00:00:00+00:00,10797.962673810782
2025-03-04 00:00:00+00:00,10797.962673810782
2025-03-05 00:00:00+00:00,10846.901638654532
2025-03-06 00:00:00+00:00,10846.901638654532
2025-03-07 00:00:00+00:00,10873.621365217032
2025-03-09 00:00:00+00:00,10873.621365217032
2025-03-10 00:00:00+00:00,10873.621365217032
2025-03-11 00:00:00+00:00,10873.621365217032
2025-03-12 00:00:00+00:00,10873.621365217032
2025-03-13 00:00:00+00:00,10873.621365217032
2025-03-14 00:00:00+00:00,10873.621365217032
2025-03-16 00:00:00+00:00,10873.621365217032
2025-03-17 00:00:00+00:00,10873.621365217032
2025-03-18 00:00:00+00:00,10873.621365217032
2025-03-19 00:00:00+00:00,10873.621365217032
2025-03-20 00:00:00+00:00,10873.621365217032
2025-03-21 00:00:00+00:00,10770.16040710222
2025-03-23 00:00:00+00:00,10770.16040710222
2025-03-24 00:00:00+00:00,10756.04028991472
2025-03-25 00:00:00+00:00,10756.04028991472
2025-03-26 00:00:00+00:00,10756.04028991472
2025-03-27 00:00:00+00:00,10756.04028991472
2025-03-28 00:00:00+00:00,10756.04028991472
2025-03-30 00:00:00+00:00,10756.04028991472
2025-03-31 00:00:00+00:00,10780.84009460222
2025-04-01 00:00:00+00:00,10780.84009460222
2025-04-02 00:00:00+00:00,10780.84009460222
2025-04-03 00:00:00+00:00,10697.254596514533
2025-04-04 00:00:00+00:00,10697.254596514533
2025-04-06 00:00:00+00:00,10697.254596514533
2025-04-07 00:00:00+00:00,10697.254596514533
2025-04-08 00:00:00+00:00,10697.254596514533
2025-04-09 00:00:00+00:00,10697.254596514533
2025-04-10 00:00:00+00:00,10697.254596514533
2025-04-11 00:00:00+00:00,10697.254596514533
2025-04-13 00:00:00+00:00,10697.254596514533
2025-04-14 00:00:00+00:00,10697.254596514533
2025-04-15 00:00:00+00:00,10697.254596514533
2025-04-16 00:00:00+00:00,10697.254596514533
2025-04-17 00:00:00+00:00,10697.254596514533
2025-04-20 00:00:00+00:00,10697.254596514533
2025-04-21 00:00:00+00:00,10697.254596514533
2025-04-22 00:00:00+00:00,10697.254596514533
2025-04-23 00:00:00+00:00,10697.254596514533
2025-04-24 00:00:00+00:00,10697.254596514533
2025-04-25 00:00:00+00:00,10663.734576983283
2025-04-27 00:00:00+00:00,10663.734576983283
2025-04-28 00:00:00+00:00,10663.734576983283
2025-04-29 00:00:00+00:00,10663.734576983283
2025-04-30 00:00:00+00:00,10663.734576983283
2025-05-01 00:00:00+00:00,10663.734576983283
2025-05-02 00:00:00+00:00,10639.314166827033
2025-05-04 00:00:00+00:00,10639.314166827033
2025-05-05 00:00:00+00:00,10639.314166827033
2025-05-06 00:00:00+00:00,10639.314166827033
2025-05-07 00:00:00+00:00,10639.314166827033
2025-05-08 00:00:00+00:00,10634.244342608283
2025-05-09 00:00:00+00:00,10634.244342608283
2025-05-11 00:00:00+00:00,10643.383991045783
2025-05-12 00:00:00+00:00,10572.763873858283
2025-05-13 00:00:00+00:00,10572.763873858283
2025-05-14 00:00:00+00:00,10499.412468963179
2025-05-15 00:00:00+00:00,10499.412468963179
2025-05-16 00:00:00+00:00,10492.052605681929
2025-05-18 00:00:00+00:00,10492.052605681929
2025-05-19 00:00:00+00:00,10492.052605681929
2025-05-20 00:00:00+00:00,10492.052605681929
2025-05-21 00:00:00+00:00,10492.052605681929
2025-05-22 00:00:00+00:00,10492.052605681929
2025-05-23 00:00:00+00:00,10492.052605681929
2025-05-25 00:00:00+00:00,10488.551629119429
2025-05-26 00:00:00+00:00,10504.901482635054
2025-05-27 00:00:00+00:00,10504.901482635054
2025-05-28 00:00:00+00:00,10482.293572478804
2025-05-29 00:00:00+00:00,10503.193474822554
2025-05-30 00:00:00+00:00,10529.699822478804
2025-06-01 00:00:00+00:00,10529.699822478804
2025-06-02 00:00:00+00:00,10529.699822478804
2025-06-03 00:00:00+00:00,10552.491814666304
2025-06-04 00:00:00+00:00,10552.491814666304
2025-06-05 00:00:00+00:00,10552.491814666304
2025-06-06 00:00:00+00:00,10513.991814666304
2025-06-08 00:00:00+00:00,10513.991814666304
2025-06-09 00:00:00+00:00,10513.991814666304
2025-06-10 00:00:00+00:00,10513.991814666304
2025-06-11 00:00:00+00:00,10513.991814666304
2025-06-12 00:00:00+00:00,10581.538201385054
2025-06-13 00:00:00+00:00,10581.538201385054
2025-06-15 00:00:00+00:00,10581.538201385054
2025-06-16 00:00:00+00:00,10589.138299041304
2025-06-17 00:00:00+00:00,10589.138299041304
2025-06-18 00:00:00+00:00,10595.224236541304
2025-06-19 00:00:00+00:00,10647.843621306929
2025-06-20 00:00:00+00:00,10647.843621306929
2025-06-22 00:00:00+00:00,10647.843621306929
2025-06-23 00:00:00+00:00,10647.843621306929
2025-06-24 00:00:00+00:00,10647.843621306929
2025-06-25 00:00:00+00:00,10647.843621306929
2025-06-26 00:00:00+00:00,10647.843621306929
2025-06-27 00:00:00+00:00,10647.843621306929
2025-06-29 00:00:00+00:00,10674.743523650679
2025-06-30 00:00:00+00:00,10707.863640838179
2025-07-01 00:00:00+00:00,10707.863640838179
2025-07-02 00:00:00+00:00,10707.863640838179
2025-07-03 00:00:00+00:00,10746.569695525679
2025-07-04 00:00:00+00:00,10746.569695525679
2025-07-06 00:00:00+00:00,10746.569695525679
2025-07-07 00:00:00+00:00,10745.100945525679
2025-07-08 00:00:00+00:00,10745.100945525679
2025-07-09 00:00:00+00:00,10745.100945525679
2025-07-10 00:00:00+00:00,10745.100945525679
2025-07-11 00:00:00+00:00,10745.100945525679
2025-07-13 00:00:00+00:00,10745.100945525679
2025-07-14 00:00:00+00:00,10745.100945525679
2025-07-15 00:00:00+00:00,10745.100945525679
2025-07-16 00:00:00+00:00,10745.100945525679
2025-07-17 00:00:00+00:00,10745.100945525679
2025-07-18 00:00:00+00:00,10745.100945525679
2025-07-20 00:00:00+00:00,10745.100945525679
2025-07-21 00:00:00+00:00,10745.100945525679
2025-07-22 00:00:00+00:00,10745.100945525679
2025-07-23 00:00:00+00:00,10745.100945525679
2025-07-24 00:00:00+00:00,10715.753289275679
2025-07-25 00:00:00+00:00,10691.103631072554
2025-07-27 00:00:00+00:00,10691.103631072554
2025-07-28 00:00:00+00:00,10715.133660369429
2025-07-29 00:00:00+00:00,10715.133660369429
2025-07-30 00:00:00+00:00,10667.793572478804
2025-07-31 00:00:00+00:00,10667.793572478804
2025-08-01 00:00:00+00:00,10667.793572478804
2025-08-03 00:00:00+00:00,10667.793572478804
2025-08-04 00:00:00+00:00,10667.793572478804
2025-08-05 00:00:00+00:00,10667.793572478804
2025-08-06 00:00:00+00:00,10667.793572478804
2025-08-07 00:00:00+00:00,10667.793572478804
2025-08-08 00:00:00+00:00,10667.793572478804
2025-08-10 00:00:00+00:00,10667.793572478804
2025-08-11 00:00:00+00:00,10667.793572478804
2025-08-12 00:00:00+00:00,10667.793572478804
2025-08-13 00:00:00+00:00,10667.793572478804
2025-08-14 00:00:00+00:00,10703.192986541304
2025-08-15 00:00:00+00:00,10703.192986541304
2025-08-17 00:00:00+00:00,10703.192986541304
2025-08-18 00:00:00+00:00,10703.192986541304
2025-08-19 00:00:00+00:00,10703.192986541304
2025-08-20 00:00:00+00:00,10703.192986541304
2025-08-21 00:00:00+00:00,10762.607049041304
2025-08-22 00:00:00+00:00,10762.607049041304
2025-08-24 00:00:00+00:00,10762.607049041304
2025-08-25 00:00:00+00:00,10762.607049041304
2025-08-26 00:00:00+00:00,10762.607049041304
2025-08-27 00:00:00+00:00,10762.607049041304
2025-08-28 00:00:00+00:00,10762.607049041304
2025-08-29 00:00:00+00:00,10762.607049041304
2025-08-31 00:00:00+00:00,10762.607049041304
2025-09-01 00:00:00+00:00,10762.607049041304
2025-09-02 00:00:00+00:00,10762.607049041304
2025-09-03 00:00:00+00:00,10762.607049041304
2025-09-04 00:00:00+00:00,10762.607049041304
2025-09-05 00:00:00+00:00,10762.607049041304
2025-09-07 00:00:00+00:00,10762.607049041304
2025-09-08 00:00:00+00:00,10762.607049041304
2025-09-09 00:00:00+00:00,10762.607049041304
2025-09-10 00:00:00+00:00,10762.607049041304
2025-09-11 00:00:00+00:00,10762.607049041304
2025-09-12 00:00:00+00:00,10762.607049041304
2025-09-14 00:00:00+00:00,10762.607049041304
2025-09-15 00:00:00+00:00,10762.607049041304
2025-09-16 00:00:00+00:00,10762.607049041304
2025-09-17 00:00:00+00:00,10764.506463103804
2025-09-18 00:00:00+00:00,10880.082879119429
2025-09-19 00:00:00+00:00,10880.082879119429
2025-09-21 00:00:00+00:00,10880.082879119429
2025-09-22 00:00:00+00:00,10880.082879119429
2025-09-23 00:00:00+00:00,10891.662957244429
2025-09-24 00:00:00+00:00,10891.662957244429
2025-09-25 00:00:00+00:00,10891.662957244429
2025-09-26 00:00:00+00:00,10891.662957244429
2025-09-28 00:00:00+00:00,10891.662957244429
2025-09-29 00:00:00+00:00,10891.662957244429
2025-09-30 00:00:00+00:00,10891.662957244429
2025-10-01 00:00:00+00:00,10891.662957244429
2025-10-02 00:00:00+00:00,10910.782586150679
2025-10-03 00:00:00+00:00,10910.782586150679
2025-10-05 00:00:00+00:00,10910.782586150679
2025-10-06 00:00:00+00:00,10910.782586150679
2025-10-07 00:00:00+00:00,10910.782586150679
2025-10-08 00:00:00+00:00,10910.782586150679
2025-10-09 00:00:00+00:00,10910.782586150679
2025-10-10 00:00:00+00:00,10910.782586150679
2025-10-12 00:00:00+00:00,10910.782586150679
2025-10-13 00:00:00+00:00,10910.782586150679
2025-10-14 00:00:00+00:00,10910.782586150679
2025-10-15 00:00:00+00:00,10910.782586150679
2025-10-16 00:00:00+00:00,10910.782586150679
2025-10-17 00:00:00+00:00,10860.396355681929
2025-10-19 00:00:00+00:00,10860.396355681929
2025-10-20 00:00:00+00:00,10860.396355681929
2025-10-21 00:00:00+00:00,10839.880242400679
2025-10-22 00:00:00+00:00,10839.880242400679
2025-10-23 00:00:00+00:00,10839.880242400679
2025-10-24 00:00:00+00:00,10839.880242400679
2025-10-26 00:00:00+00:00,10839.880242400679
2025-10-27 00:00:00+00:00,10839.880242400679
2025-10-28 00:00:00+00:00,10839.880242400679
2025-10-29 00:00:00+00:00,10839.880242400679
2025-10-30 00:00:00+00:00,10839.880242400679
2025-10-31 00:00:00+00:00,10858.720086150679
2025-11-02 00:00:00+00:00,10858.720086150679
2025-11-03 00:00:00+00:00,10858.720086150679
2025-11-04 00:00:00+00:00,10857.393181853804
2025-11-05 00:00:00+00:00,10866.872918181929
2025-11-06 00:00:00+00:00,10900.263299041304
2025-11-07 00:00:00+00:00,10900.263299041304
2025-11-09 00:00:00+00:00,10900.263299041304
2025-11-10 00:00:00+00:00,10900.263299041304
2025-11-11 00:00:00+00:00,10931.463494353804
2025-11-12 00:00:00+00:00,10931.463494353804
2025-11-13 00:00:00+00:00,10898.947381072554
2025-11-14 00:00:00+00:00,10898.947381072554
2025-11-16 00:00:00+00:00,10898.947381072554
2025-11-17 00:00:00+00:00,10923.697381072554
2025-11-18 00:00:00+00:00,10923.697381072554
2025-11-19 00:00:00+00:00,10923.697381072554
2025-11-20 00:00:00+00:00,10923.697381072554
2025-11-21 00:00:00+00:00,10923.697381072554
2025-11-23 00:00:00+00:00,10923.697381072554
2025-11-24 00:00:00+00:00,10923.697381072554
2025-11-25 00:00:00+00:00,10923.697381072554
2025-11-26 00:00:00+00:00,10923.697381072554
2025-11-27 00:00:00+00:00,10918.536736541304
2025-11-28 00:00:00+00:00,10931.344353728804
2025-11-30 00:00:00+00:00,10931.344353728804
2025-12-01 00:00:00+00:00,10931.344353728804
2025-12-02 00:00:00+00:00,10957.544549041304
2025-12-03 00:00:00+00:00,10957.544549041304
2025-12-04 00:00:00+00:00,10957.544549041304
2025-12-05 00:00:00+00:00,11012.955193572554
2025-12-07 00:00:00+00:00,11012.955193572554
2025-12-08 00:00:00+00:00,11025.535271697554
2025-12-09 00:00:00+00:00,11025.535271697554
2025-12-10 00:00:00+00:00,11025.535271697554
2025-12-11 00:00:00+00:00,11025.535271697554
2025-12-12 00:00:00+00:00,11025.535271697554
2025-12-14 00:00:00+00:00,11025.535271697554
2025-12-15 00:00:00+00:00,11025.535271697554
2025-12-16 00:00:00+00:00,11031.674920135054
2025-12-17 00:00:00+00:00,11031.674920135054
2025-12-18 00:00:00+00:00,11031.674920135054
2025-12-19 00:00:00+00:00,11043.694451385054
2025-12-21 00:00:00+00:00,11043.694451385054
2025-12-22 00:00:00+00:00,11043.694451385054
2025-12-23 00:00:00+00:00,11089.394646697554
2025-12-24 00:00:00+00:00,11116.748162322554
2025-12-25 00:00:00+00:00,11116.748162322554
2025-12-26 00:00:00+00:00,11116.748162322554
2025-12-28 00:00:00+00:00,11116.748162322554
2025-12-29 00:00:00+00:00,11055.677060422466
2025-12-30 00:00:00+00:00,11055.677060422466
2025-12-31 00:00:00+00:00,11094.740536984966
2026-01-01 00:00:00+00:00,11094.740536984966
2026-01-02 00:00:00+00:00,11094.740536984966
2026-01-04 00:00:00+00:00,11094.740536984966
2026-01-05 00:00:00+00:00,11094.740536984966
2026-01-06 00:00:00+00:00,11094.740536984966
2026-01-07 00:00:00+00:00,11094.740536984966
2026-01-08 00:00:00+00:00,11094.740536984966
2026-01-09 00:00:00+00:00,11094.740536984966
2026-01-11 00:00:00+00:00,11094.740536984966
2026-01-12 00:00:00+00:00,11094.740536984966
2026-01-13 00:00:00+00:00,11094.740536984966
2026-01-14 00:00:00+00:00,11094.740536984966
2026-01-15 00:00:00+00:00,11094.740536984966
2026-01-16 00:00:00+00:00,11094.740536984966
2026-01-18 00:00:00+00:00,11094.740536984966
2026-01-19 00:00:00+00:00,11094.740536984966
2026-01-20 00:00:00+00:00,11094.740536984966
2026-01-21 00:00:00+00:00,11094.740536984966
2026-01-22 00:00:00+00:00,11094.740536984966
2026-01-23 00:00:00+00:00,11114.690732297466
2026-01-25 00:00:00+00:00,11114.690732297466
2026-01-26 00:00:00+00:00,11114.690732297466
2026-01-27 00:00:00+00:00,11114.690732297466
2026-01-28 00:00:00+00:00,11114.690732297466
2026-01-29 00:00:00+00:00,11114.690732297466
2026-01-30 00:00:00+00:00,11114.690732297466
2026-02-01 00:00:00+00:00,11114.690732297466
2026-02-02 00:00:00+00:00,11114.690732297466
2026-02-03 00:00:00+00:00,11114.690732297466
2026-02-04 00:00:00+00:00,11114.690732297466
2026-02-05 00:00:00+00:00,11114.690732297466
2026-02-06 00:00:00+00:00,11114.690732297466
2026-02-08 00:00:00+00:00,11114.690732297466
2026-02-09 00:00:00+00:00,11130.790829953716
2026-02-10 00:00:00+00:00,11125.920712766216
2026-02-11 00:00:00+00:00,11125.920712766216
2026-02-12 00:00:00+00:00,11125.920712766216
2026-02-13 00:00:00+00:00,11125.920712766216
2026-02-15 00:00:00+00:00,11125.920712766216
2026-02-16 00:00:00+00:00,11125.920712766216
2026-02-17 00:00:00+00:00,11152.484189328716
2026-02-18 00:00:00+00:00,11152.484189328716
2026-02-19 00:00:00+00:00,11152.484189328716
2026-02-20 00:00:00+00:00,11152.484189328716
2026-02-22 00:00:00+00:00,11152.484189328716
2026-02-23 00:00:00+00:00,11152.484189328716
2026-02-24 00:00:00+00:00,11185.876767453716
2026-02-25 00:00:00+00:00,11198.006650266216
2026-02-26 00:00:00+00:00,11240.849423703716
2026-02-27 00:00:00+00:00,11240.849423703716
2026-03-01 00:00:00+00:00,11240.849423703716
2026-03-02 00:00:00+00:00,11240.849423703716
2026-03-03 00:00:00+00:00,11146.962325064727
2026-03-04 00:00:00+00:00,11146.962325064727
2026-03-05 00:00:00+00:00,11119.322676627227
2026-03-06 00:00:00+00:00,11119.322676627227
2026-03-08 00:00:00+00:00,11119.322676627227
2026-03-09 00:00:00+00:00,11119.322676627227
2026-03-10 00:00:00+00:00,11119.322676627227
2026-03-11 00:00:00+00:00,11113.372969595977
2026-03-12 00:00:00+00:00,11129.723067252227
2026-03-13 00:00:00+00:00,11133.686446158477
2026-03-15 00:00:00+00:00,11133.686446158477
2026-03-16 00:00:00+00:00,11133.686446158477
2026-03-17 00:00:00+00:00,11133.686446158477
2026-03-18 00:00:00+00:00,11133.686446158477
2026-03-19 00:00:00+00:00,11053.498913759635
2026-03-20 00:00:00+00:00,11053.498913759635
2026-03-22 00:00:00+00:00,11053.498913759635
2026-03-23 00:00:00+00:00,11053.498913759635
2026-03-24 00:00:00+00:00,11053.498913759635
2026-03-25 00:00:00+00:00,11053.498913759635
2026-03-26 00:00:00+00:00,11036.968640322135
2026-03-27 00:00:00+00:00,11036.968640322135
2026-03-29 00:00:00+00:00,11036.968640322135
2026-03-30 00:00:00+00:00,11036.968640322135
2026-03-31 00:00:00+00:00,11036.968640322135
2026-04-01 00:00:00+00:00,11036.968640322135
2026-04-02 00:00:00+00:00,11036.968640322135
2026-04-05 00:00:00+00:00,11036.968640322135
2026-04-06 00:00:00+00:00,11036.968640322135
2026-04-07 00:00:00+00:00,11036.968640322135
2026-04-08 00:00:00+00:00,11005.221570009635
2026-04-09 00:00:00+00:00,11005.221570009635
2026-04-10 00:00:00+00:00,11007.007702822135
2026-04-12 00:00:00+00:00,11000.327527040885
2026-04-13 00:00:00+00:00,11051.527722353385
2026-04-14 00:00:00+00:00,11051.527722353385
2026-04-15 00:00:00+00:00,11051.527722353385
2026-04-16 00:00:00+00:00,11045.647839540885
2026-04-17 00:00:00+00:00,11045.647839540885
2026-04-19 00:00:00+00:00,11009.817761415885
2026-04-20 00:00:00+00:00,11055.607800478385
2026-04-21 00:00:00+00:00,11055.607800478385
2026-04-22 00:00:00+00:00,11055.607800478385
2026-04-23 00:00:00+00:00,11081.974011415885
2026-04-24 00:00:00+00:00,11081.974011415885
2026-04-26 00:00:00+00:00,11069.854870790885
2026-04-27 00:00:00+00:00,11109.174206728385
2026-04-28 00:00:00+00:00,11086.014050478385
2026-04-29 00:00:00+00:00,11115.554089540885
2026-04-30 00:00:00+00:00,11115.554089540885
2026-05-01 00:00:00+00:00,11115.554089540885
2026-05-03 00:00:00+00:00,11115.554089540885
2026-05-04 00:00:00+00:00,11133.234265322135
2026-05-05 00:00:00+00:00,11133.234265322135
2026-05-06 00:00:00+00:00,11133.234265322135
2026-05-07 00:00:00+00:00,11133.234265322135
2026-05-08 00:00:00+00:00,11133.234265322135
2026-05-10 00:00:00+00:00,11140.614148134635
2026-05-11 00:00:00+00:00,11129.334851259635
2026-05-12 00:00:00+00:00,11129.334851259635
2026-05-13 00:00:00+00:00,11129.334851259635
2026-05-14 00:00:00+00:00,11129.334851259635
2026-05-15 00:00:00+00:00,11103.574597353385
2026-05-17 00:00:00+00:00,11103.574597353385
2026-05-18 00:00:00+00:00,11163.344616884635
2026-05-19 00:00:00+00:00,11177.564343447135
2026-05-20 00:00:00+00:00,11177.564343447135
2026-05-21 00:00:00+00:00,11177.564343447135
2026-05-22 00:00:00+00:00,11177.564343447135
2026-05-24 00:00:00+00:00,11177.564343447135
2026-05-25 00:00:00+00:00,11177.564343447135
2026-05-26 00:00:00+00:00,11177.564343447135
2026-05-27 00:00:00+00:00,11165.174206728385
2026-05-28 00:00:00+00:00,11082.893933290885
2026-05-29 00:00:00+00:00,11082.893933290885
2026-05-31 00:00:00+00:00,11082.893933290885
2026-06-01 00:00:00+00:00,11100.027234072135
2026-06-02 00:00:00+00:00,11112.067273134635
2026-06-03 00:00:00+00:00,11129.947155947135
2026-06-04 00:00:00+00:00,11129.947155947135
2026-06-05 00:00:00+00:00,11062.256420685133
2026-06-07 00:00:00+00:00,11062.256420685133
2026-06-08 00:00:00+00:00,11062.256420685133
2026-06-09 00:00:00+00:00,11041.016186310133
2026-06-10 00:00:00+00:00,11041.016186310133
2026-06-11 00:00:00+00:00,11041.016186310133
2026-06-12 00:00:00+00:00,11041.016186310133
2026-06-14 00:00:00+00:00,11041.016186310133
2026-06-15 00:00:00+00:00,11041.016186310133
2026-06-16 00:00:00+00:00,11041.016186310133
2026-06-17 00:00:00+00:00,11012.889233185133
2026-06-18 00:00:00+00:00,11012.889233185133
2026-06-19 00:00:00+00:00,11012.889233185133
2026-06-21 00:00:00+00:00,11012.889233185133
2026-06-22 00:00:00+00:00,11012.889233185133
2026-06-23 00:00:00+00:00,10958.628490997633
2026-06-24 00:00:00+00:00,10958.628490997633
2026-06-25 00:00:00+00:00,10958.628490997633
2026-06-26 00:00:00+00:00,10990.788647247633
2026-06-28 00:00:00+00:00,10990.788647247633
2026-06-29 00:00:00+00:00,10990.788647247633
2026-06-30 00:00:00+00:00,10926.163095506388
2026-07-01 00:00:00+00:00,10926.163095506388
2026-07-02 00:00:00+00:00,10926.163095506388
2026-07-03 00:00:00+00:00,10926.163095506388
2026-07-05 00:00:00+00:00,10926.163095506388
2026-07-06 00:00:00+00:00,10926.163095506388
2026-07-07 00:00:00+00:00,10925.103036912638
2026-07-08 00:00:00+00:00,10906.403085740763
2026-07-09 00:00:00+00:00,10906.403085740763
2026-07-10 00:00:00+00:00,10906.403085740763
2026-07-12 00:00:00+00:00,10906.403085740763
2026-07-13 00:00:00+00:00,10884.413095506388
2026-07-14 00:00:00+00:00,10884.413095506388
2026-07-15 00:00:00+00:00,10884.413095506388
2026-07-16 00:00:00+00:00,10883.472909959513
2026-07-17 00:00:00+00:00,10977.992929490763
2026-07-19 00:00:00+00:00,10977.992929490763
2026-07-20 00:00:00+00:00,10977.992929490763
2026-07-21 00:00:00+00:00,10977.992929490763
2026-07-22 00:00:00+00:00,10977.992929490763
2026-07-23 00:00:00+00:00,10944.722177537638
2026-07-24 00:00:00+00:00,10944.722177537638
2026-07-26 00:00:00+00:00,10944.722177537638
2026-07-27 00:00:00+00:00,10944.722177537638
2026-07-28 00:00:00+00:00,10940.922372850138
2026-07-29 00:00:00+00:00,10940.922372850138
2026-07-30 00:00:00+00:00,10940.922372850138
2026-07-31 00:00:00+00:00,10940.922372850138
2026-08-02 00:00:00+00:00,10940.922372850138
2026-08-03 00:00:00+00:00,10940.922372850138
2026-08-04 00:00:00+00:00,10940.922372850138
2026-08-05 00:00:00+00:00,10940.922372850138
2026-08-06 00:00:00+00:00,10940.922372850138
2026-08-07 00:00:00+00:00,10940.922372850138
2026-08-09 00:00:00+00:00,10940.922372850138
2026-08-10 00:00:00+00:00,10940.922372850138
2026-08-11 00:00:00+00:00,10940.922372850138
2026-08-12 00:00:00+00:00,10940.922372850138
2026-08-13 00:00:00+00:00,10940.922372850138
2026-08-14 00:00:00+00:00,10940.922372850138
2026-08-16 00:00:00+00:00,10940.922372850138
2026-08-17 00:00:00+00:00,10940.922372850138
2026-08-18 00:00:00+00:00,10940.922372850138
2026-08-19 00:00:00+00:00,10940.922372850138
2026-08-20 00:00:00+00:00,11048.642099412638
2026-08-21 00:00:00+00:00,11048.642099412638
2026-08-23 00:00:00+00:00,11048.642099412638
2026-08-24 00:00:00+00:00,11048.642099412638
2026-08-25 00:00:00+00:00,11075.392099412638
2026-08-26 00:00:00+00:00,11075.392099412638
2026-08-27 00:00:00+00:00,11075.392099412638
2026-08-28 00:00:00+00:00,10989.592294725138
2026-08-30 00:00:00+00:00,10989.592294725138
2026-08-31 00:00:00+00:00,10989.592294725138
2026-09-01 00:00:00+00:00,10990.631845506388
2026-09-02 00:00:00+00:00,11018.831552537638
2026-09-03 00:00:00+00:00,11018.831552537638
2026-09-04 00:00:00+00:00,11062.251474412638
2026-09-06 00:00:00+00:00,11062.251474412638
2026-09-07 00:00:00+00:00,11066.190927537638
2026-09-08 00:00:00+00:00,11066.190927537638
2026-09-09 00:00:00+00:00,11066.190927537638
2026-09-10 00:00:00+00:00,11066.190927537638
2026-09-11 00:00:00+00:00,11066.190927537638
2026-09-13 00:00:00+00:00,11066.190927537638
2026-09-14 00:00:00+00:00,11066.190927537638
2026-09-15 00:00:00+00:00,11066.190927537638
2026-09-16 00:00:00+00:00,11066.190927537638
2026-09-17 00:00:00+00:00,11066.190927537638
2026-09-18 00:00:00+00:00,11066.190927537638
2026-09-20 00:00:00+00:00,11066.190927537638
2026-09-21 00:00:00+00:00,11066.190927537638
2026-09-22 00:00:00+00:00,11066.190927537638
2026-09-23 00:00:00+00:00,11066.190927537638
2026-09-24 00:00:00+00:00,11066.190927537638
2026-09-25 00:00:00+00:00,11066.190927537638
2026-09-27 00:00:00+00:00,11052.210458787638
2026-09-28 00:00:00+00:00,10970.639092666486
2026-09-29 00:00:00+00:00,10970.639092666486
2026-09-30 00:00:00+00:00,10970.639092666486
2026-10-01 00:00:00+00:00,10970.639092666486
2026-10-02 00:00:00+00:00,11062.818780166486
