time,0
2019-01-01 00:00:00+00:00,10000.0
2019-01-02 00:00:00+00:00,10000.0
2019-01-03 00:00:00+00:00,10000.0
2019-01-04 00:00:00+00:00,10000.0
2019-01-06 00:00:00+00:00,10000.0
2019-01-07 00:00:00+00:00,10000.0
2019-01-08 00:00:00+00:00,10000.0
2019-01-09 00:00:00+00:00,10000.0
2019-01-10 00:00:00+00:00,10000.0
2019-01-11 00:00:00+00:00,10000.0
2019-01-13 00:00:00+00:00,10000.0
2019-01-14 00:00:00+00:00,10000.0
2019-01-15 00:00:00+00:00,10044.91943359375
2019-01-16 00:00:00+00:00,10044.91943359375
2019-01-17 00:00:00+00:00,10020.58251953125
2019-01-18 00:00:00+00:00,9983.472534179688
2019-01-20 00:00:00+00:00,9983.472534179688
2019-01-21 00:00:00+00:00,9983.472534179688
2019-01-22 00:00:00+00:00,9983.472534179688
2019-01-23 00:00:00+00:00,10043.394409179688
2019-01-24 00:00:00+00:00,10043.394409179688
2019-01-25 00:00:00+00:00,10043.394409179688
2019-01-27 00:00:00+00:00,10043.394409179688
2019-01-28 00:00:00+00:00,10043.394409179688
2019-01-29 00:00:00+00:00,10043.394409179688
2019-01-30 00:00:00+00:00,10043.394409179688
2019-01-31 00:00:00+00:00,10043.394409179688
2019-02-01 00:00:00+00:00,10043.394409179688
2019-02-03 00:00:00+00:00,10043.394409179688
2019-02-04 00:00:00+00:00,10043.394409179688
2019-02-05 00:00:00+00:00,10043.394409179688
2019-02-06 00:00:00+00:00,10043.394409179688
2019-02-07 00:00:00+00:00,10039.712768554688
2019-02-08 00:00:00+00:00,10039.712768554688
2019-02-10 00:00:00+00:00,10039.712768554688
2019-02-11 00:00:00+00:00,9958.752319335938
2019-02-12 00:00:00+00:00,9958.752319335938
2019-02-13 00:00:00+00:00,9958.752319335938
2019-02-14 00:00:00+00:00,9929.952758789062
2019-02-15 00:00:00+00:00,9929.952758789062
2019-02-17 00:00:00+00:00,9929.952758789062
2019-02-18 00:00:00+00:00,9929.952758789062
2019-02-19 00:00:00+00:00,9929.952758789062
2019-02-20 00:00:00+00:00,9915.432006835938
2019-02-21 00:00:00+00:00,9915.432006835938
2019-02-22 00:00:00+00:00,9915.432006835938
2019-02-24 00:00:00+00:00,9915.432006835938
2019-02-25 00:00:00+00:00,9915.432006835938
2019-02-26 00:00:00+00:00,9915.432006835938
2019-02-27 00:00:00+00:00,9915.432006835938
2019-02-28 00:00:00+00:00,9930.911743164062
2019-03-01 00:00:00+00:00,9930.911743164062
2019-03-03 00:00:00+00:00,9930.911743164062
2019-03-04 00:00:00+00:00,9834.749678388407
2019-03-05 00:00:00+00:00,9817.608565107157
2019-03-06 00:00:00+00:00,9817.608565107157
2019-03-07 00:00:00+00:00,9817.608565107157
2019-03-08 00:00:00+00:00,9817.608565107157
2019-03-10 00:00:00+00:00,9817.608565107157
2019-03-11 00:00:00+00:00,9817.608565107157
2019-03-12 00:00:00+00:00,9817.608565107157
2019-03-13 00:00:00+00:00,9817.608565107157
2019-03-14 00:00:00+00:00,9817.608565107157
2019-03-15 00:00:00+00:00,9886.906172529032
2019-03-17 00:00:00+00:00,9886.906172529032
2019-03-18 00:00:00+00:00,9886.906172529032
2019-03-19 00:00:00+00:00,9886.906172529032
2019-03-20 00:00:00+00:00,9886.906172529032
2019-03-21 00:00:00+00:00,9807.275313154032
2019-03-22 00:00:00+00:00,9807.275313154032
2019-03-24 00:00:00+00:00,9807.275313154032
2019-03-25 00:00:00+00:00,9807.275313154032
2019-03-26 00:00:00+00:00,9807.275313154032
2019-03-27 00:00:00+00:00,9788.312910810282
2019-03-28 00:00:00+00:00,9761.969893232157
2019-03-29 00:00:00+00:00,9761.969893232157
2019-03-31 00:00:00+00:00,9761.969893232157
2019-04-01 00:00:00+00:00,9761.00077702122
2019-04-02 00:00:00+00:00,9761.00077702122
2019-04-03 00:00:00+00:00,9761.00077702122
2019-04-04 00:00:00+00:00,9819.891157880595
2019-04-05 00:00:00+00:00,9819.891157880595
2019-04-07 00:00:00+00:00,9819.891157880595
2019-04-08 00:00:00+00:00,9819.891157880595
2019-04-09 00:00:00+00:00,9819.891157880595
2019-04-10 00:00:00+00:00,9819.891157880595
2019-04-11 00:00:00+00:00,9819.891157880595
2019-04-12 00:00:00+00:00,9819.891157880595
2019-04-14 00:00:00+00:00,9819.891157880595
2019-04-15 00:00:00+00:00,9819.891157880595
2019-04-16 00:00:00+00:00,9801.12040592747
2019-04-17 00:00:00+00:00,9801.12040592747
2019-04-18 00:00:00+00:00,9801.12040592747
2019-04-21 00:00:00+00:00,9801.12040592747
2019-04-22 00:00:00+00:00,9801.12040592747
2019-04-23 00:00:00+00:00,9801.12040592747
2019-04-24 00:00:00+00:00,9801.12040592747
2019-04-25 00:00:00+00:00,9801.12040592747
2019-04-26 00:00:00+00:00,9801.12040592747
2019-04-28 00:00:00+00:00,9801.12040592747
2019-04-29 00:00:00+00:00,9801.12040592747
2019-04-30 00:00:00+00:00,9801.12040592747
2019-05-01 00:00:00+00:00,9801.12040592747
2019-05-02 00:00:00+00:00,9787.174238935282
2019-05-03 00:00:00+00:00,9778.207197919657
2019-05-05 00:00:00+00:00,9778.207197919657
2019-05-06 00:00:00+00:00,9806.463057294657
2019-05-07 00:00:00+00:00,9806.463057294657
2019-05-08 00:00:00+00:00,9806.463057294657
2019-05-09 00:00:00+00:00,9806.463057294657
2019-05-10 00:00:00+00:00,9806.463057294657
2019-05-12 00:00:00+00:00,9806.463057294657
2019-05-13 00:00:00+00:00,9806.463057294657
2019-05-14 00:00:00+00:00,9806.463057294657
2019-05-15 00:00:00+00:00,9907.136152997782
2019-05-16 00:00:00+00:00,9907.136152997782
2019-05-17 00:00:00+00:00,9907.136152997782
2019-05-19 00:00:00+00:00,9907.136152997782
2019-05-20 00:00:00+00:00,9907.136152997782
2019-05-21 00:00:00+00:00,9917.397383466532
2019-05-22 00:00:00+00:00,9917.397383466532
2019-05-23 00:00:00+00:00,9917.397383466532
2019-05-24 00:00:00+00:00,9917.397383466532
2019-05-26 00:00:00+00:00,9917.397383466532
2019-05-27 00:00:00+00:00,9917.397383466532
2019-05-28 00:00:00+00:00,9925.041670575907
2019-05-29 00:00:00+00:00,9925.041670575907
2019-05-30 00:00:00+00:00,9925.041670575907
2019-05-31 00:00:00+00:00,9925.041670575907
2019-06-02 00:00:00+00:00,9925.041670575907
2019-06-03 00:00:00+00:00,9925.041670575907
2019-06-04 00:00:00+00:00,9925.041670575907
2019-06-05 00:00:00+00:00,9925.041670575907
2019-06-06 00:00:00+00:00,9925.041670575907
2019-06-07 00:00:00+00:00,9925.041670575907
2019-06-09 00:00:00+00:00,9927.768477216532
2019-06-10 00:00:00+00:00,9875.145064130595
2019-06-11 00:00:00+00:00,9780.860125455009
2019-06-12 00:00:00+00:00,9780.860125455009
2019-06-13 00:00:00+00:00,9780.860125455009
2019-06-14 00:00:00+00:00,9780.860125455009
2019-06-16 00:00:00+00:00,9780.860125455009
2019-06-17 00:00:00+00:00,9780.860125455009
2019-06-18 00:00:00+00:00,9780.860125455009
2019-06-19 00:00:00+00:00,9780.860125455009
2019-06-20 00:00:00+00:00,9780.860125455009
2019-06-21 00:00:00+00:00,9780.860125455009
2019-06-23 00:00:00+00:00,9780.860125455009
2019-06-24 00:00:00+00:00,9780.860125455009
2019-06-25 00:00:00+00:00,9780.860125455009
2019-06-26 00:00:00+00:00,9780.860125455009
2019-06-27 00:00:00+00:00,9780.860125455009
2019-06-28 00:00:00+00:00,9796.092303189384
2019-06-30 00:00:00+00:00,9787.757342251884
2019-07-01 00:00:00+00:00,9788.556902798759
2019-07-02 00:00:00+00:00,9788.556902798759
2019-07-03 00:00:00+00:00,9788.556902798759
2019-07-04 00:00:00+00:00,9788.556902798759
2019-07-05 00:00:00+00:00,9789.296648892509
2019-07-07 00:00:00+00:00,9789.296648892509
2019-07-08 00:00:00+00:00,9789.296648892509
2019-07-09 00:00:00+00:00,9789.296648892509
2019-07-10 00:00:00+00:00,9789.296648892509
2019-07-11 00:00:00+00:00,9789.296648892509
2019-07-12 00:00:00+00:00,9789.296648892509
2019-07-14 00:00:00+00:00,9789.296648892509
2019-07-15 00:00:00+00:00,9798.381853970634
2019-07-16 00:00:00+00:00,9798.381853970634
2019-07-17 00:00:00+00:00,9798.381853970634
2019-07-18 00:00:00+00:00,9798.381853970634
2019-07-19 00:00:00+00:00,9798.381853970634
2019-07-21 00:00:00+00:00,9798.381853970634
2019-07-22 00:00:00+00:00,9798.381853970634
2019-07-23 00:00:00+00:00,9778.401019009696
2019-07-24 00:00:00+00:00,9778.401019009696
2019-07-25 00:00:00+00:00,9778.401019009696
2019-07-26 00:00:00+00:00,9778.401019009696
2019-07-28 00:00:00+00:00,9778.401019009696
2019-07-29 00:00:00+00:00,9778.401019009696
2019-07-30 00:00:00+00:00,9778.401019009696
2019-07-31 00:00:00+00:00,9796.317889126884
2019-08-01 00:00:00+00:00,9796.317889126884
2019-08-02 00:00:00+00:00,9796.317889126884
2019-08-04 00:00:00+00:00,9796.317889126884
2019-08-05 00:00:00+00:00,9796.317889126884
2019-08-06 00:00:00+00:00,9796.317889126884
2019-08-07 00:00:00+00:00,9796.317889126884
2019-08-08 00:00:00+00:00,9796.317889126884
2019-08-09 00:00:00+00:00,9817.648455533134
2019-08-11 00:00:00+00:00,9817.648455533134
2019-08-12 00:00:00+00:00,9958.779314908134
2019-08-13 00:00:00+00:00,9958.779314908134
2019-08-14 00:00:00+00:00,9958.779314908134
2019-08-15 00:00:00+00:00,10016.018816861259
2019-08-16 00:00:00+00:00,10016.018816861259
2019-08-18 00:00:00+00:00,10016.018816861259
2019-08-19 00:00:00+00:00,9980.499285611259
2019-08-20 00:00:00+00:00,9980.499285611259
2019-08-21 00:00:00+00:00,9980.499285611259
2019-08-22 00:00:00+00:00,9980.499285611259
2019-08-23 00:00:00+00:00,9980.499285611259
2019-08-25 00:00:00+00:00,9980.499285611259
2019-08-26 00:00:00+00:00,9976.899432095634
2019-08-27 00:00:00+00:00,9976.899432095634
2019-08-28 00:00:00+00:00,10003.026019009696
2019-08-29 00:00:00+00:00,10003.026019009696
2019-08-30 00:00:00+00:00,10003.026019009696
2019-09-01 00:00:00+00:00,10003.026019009696
2019-09-02 00:00:00+00:00,10003.026019009696
2019-09-03 00:00:00+00:00,10003.026019009696
2019-09-04 00:00:00+00:00,10003.026019009696
2019-09-05 00:00:00+00:00,10003.026019009696
2019-09-06 00:00:00+00:00,10009.277483853446
2019-09-08 00:00:00+00:00,10009.277483853446
2019-09-09 00:00:00+00:00,10023.515032681571
2019-09-10 00:00:00+00:00,10023.515032681571
2019-09-11 00:00:00+00:00,10023.515032681571
2019-09-12 00:00:00+00:00,10023.515032681571
2019-09-13 00:00:00+00:00,10023.515032681571
2019-09-15 00:00:00+00:00,10023.515032681571
2019-09-16 00:00:00+00:00,10023.515032681571
2019-09-17 00:00:00+00:00,10023.515032681571
2019-09-18 00:00:00+00:00,9999.736956509696
2019-09-19 00:00:00+00:00,9999.736956509696
2019-09-20 00:00:00+00:00,10030.012347134696
2019-09-22 00:00:00+00:00,10030.012347134696
2019-09-23 00:00:00+00:00,10030.012347134696
2019-09-24 00:00:00+00:00,10030.012347134696
2019-09-25 00:00:00+00:00,9930.964438857536
2019-09-26 00:00:00+00:00,9930.964438857536
2019-09-27 00:00:00+00:00,9835.595348104745
2019-09-29 00:00:00+00:00,9835.595348104745
2019-09-30 00:00:00+00:00,9852.860362753183
2019-10-01 00:00:00+00:00,9852.860362753183
2019-10-02 00:00:00+00:00,9852.860362753183
2019-10-03 00:00:00+00:00,9852.860362753183
2019-10-04 00:00:00+00:00,9910.31092427662
2019-10-06 00:00:00+00:00,9910.31092427662
2019-10-07 00:00:00+00:00,9879.984386190683
2019-10-08 00:00:00+00:00,9879.984386190683
2019-10-09 00:00:00+00:00,9879.984386190683
2019-10-10 00:00:00+00:00,9879.984386190683
2019-10-11 00:00:00+00:00,9879.984386190683
2019-10-13 00:00:00+00:00,9879.984386190683
2019-10-14 00:00:00+00:00,9879.984386190683
2019-10-15 00:00:00+00:00,9789.604603946498
2019-10-16 00:00:00+00:00,9842.293324649623
2019-10-17 00:00:00+00:00,9842.293324649623
2019-10-18 00:00:00+00:00,9842.293324649623
2019-10-20 00:00:00+00:00,9842.293324649623
2019-10-21 00:00:00+00:00,9842.293324649623
2019-10-22 00:00:00+00:00,9842.293324649623
2019-10-23 00:00:00+00:00,9842.293324649623
2019-10-24 00:00:00+00:00,9862.887196719936
2019-10-25 00:00:00+00:00,9862.887196719936
2019-10-27 00:00:00+00:00,9862.887196719936
2019-10-28 00:00:00+00:00,9808.41820257931
2019-10-29 00:00:00+00:00,9808.44749945431
2019-10-30 00:00:00+00:00,9866.434437930873
2019-10-31 00:00:00+00:00,9866.434437930873
2019-11-01 00:00:00+00:00,9866.434437930873
2019-11-03 00:00:00+00:00,9866.434437930873
2019-11-04 00:00:00+00:00,9866.434437930873
2019-11-05 00:00:00+00:00,9866.434437930873
2019-11-06 00:00:00+00:00,9866.434437930873
2019-11-07 00:00:00+00:00,9766.492177188686
2019-11-08 00:00:00+00:00,9766.492177188686
2019-11-10 00:00:00+00:00,9766.492177188686
2019-11-11 00:00:00+00:00,9784.540028751186
2019-11-12 00:00:00+00:00,9687.769350226345
2019-11-13 00:00:00+00:00,9687.769350226345
2019-11-14 00:00:00+00:00,9687.769350226345
2019-11-15 00:00:00+00:00,9687.769350226345
2019-11-17 00:00:00+00:00,9687.769350226345
2019-11-18 00:00:00+00:00,9687.769350226345
2019-11-19 00:00:00+00:00,9687.769350226345
2019-11-20 00:00:00+00:00,9687.769350226345
2019-11-21 00:00:00+00:00,9687.769350226345
2019-11-22 00:00:00+00:00,9687.769350226345
2019-11-24 00:00:00+00:00,9687.25152796072
2019-11-25 00:00:00+00:00,9707.213564093532
2019-11-26 00:00:00+00:00,9707.213564093532
2019-11-27 00:00:00+00:00,9726.14068811697
2019-11-28 00:00:00+00:00,9726.14068811697
2019-11-29 00:00:00+00:00,9918.073153961057
2019-12-01 00:00:00+00:00,9918.073153961057
2019-12-02 00:00:00+00:00,9950.667758453244
2019-12-03 00:00:00+00:00,9950.667758453244
2019-12-04 00:00:00+00:00,9950.667758453244
2019-12-05 00:00:00+00:00,9950.667758453244
2019-12-06 00:00:00+00:00,9976.25296353137
2019-12-08 00:00:00+00:00,9976.25296353137
2019-12-09 00:00:00+00:00,9976.25296353137
2019-12-10 00:00:00+00:00,9976.25296353137
2019-12-11 00:00:00+00:00,9976.25296353137
2019-12-12 00:00:00+00:00,9976.25296353137
2019-12-13 00:00:00+00:00,9976.25296353137
2019-12-15 00:00:00+00:00,9976.25296353137
2019-12-16 00:00:00+00:00,9976.25296353137
2019-12-17 00:00:00+00:00,9976.25296353137
2019-12-18 00:00:00+00:00,9976.25296353137
2019-12-19 00:00:00+00:00,9976.25296353137
2019-12-20 00:00:00+00:00,9976.25296353137
2019-12-22 00:00:00+00:00,9976.25296353137
2019-12-23 00:00:00+00:00,9976.25296353137
2019-12-24 00:00:00+00:00,9976.25296353137
2019-12-25 00:00:00+00:00,9976.25296353137
2019-12-26 00:00:00+00:00,9976.25296353137
2019-12-27 00:00:00+00:00,9976.25296353137
2019-12-29 00:00:00+00:00,9976.25296353137
2019-12-30 00:00:00+00:00,9976.25296353137
2019-12-31 00:00:00+00:00,9976.25296353137
2020-01-01 00:00:00+00:00,9976.25296353137
2020-01-02 00:00:00+00:00,9976.25296353137
2020-01-03 00:00:00+00:00,9976.25296353137
2020-01-05 00:00:00+00:00,9976.25296353137
2020-01-06 00:00:00+00:00,9961.93118618762
2020-01-07 00:00:00+00:00,9996.49173306262
2020-01-08 00:00:00+00:00,9996.49173306262
2020-01-09 00:00:00+00:00,9960.91556118762
2020-01-10 00:00:00+00:00,9960.91556118762
2020-01-12 00:00:00+00:00,9960.91556118762
2020-01-13 00:00:00+00:00,9960.91556118762
2020-01-14 00:00:00+00:00,9862.927869838684
2020-01-15 00:00:00+00:00,9862.927869838684
2020-01-16 00:00:00+00:00,9883.62830929181
2020-01-17 00:00:00+00:00,9883.62830929181
2020-01-19 00:00:00+00:00,9883.62830929181
2020-01-20 00:00:00+00:00,9883.62830929181
2020-01-21 00:00:00+00:00,9842.858045619934
2020-01-22 00:00:00+00:00,9842.858045619934
2020-01-23 00:00:00+00:00,9842.858045619934
2020-01-24 00:00:00+00:00,9842.858045619934
2020-01-26 00:00:00+00:00,9842.858045619934
2020-01-27 00:00:00+00:00,9842.858045619934
2020-01-28 00:00:00+00:00,9795.118421596497
2020-01-29 00:00:00+00:00,9795.118421596497
2020-01-30 00:00:00+00:00,9795.118421596497
2020-01-31 00:00:00+00:00,9795.118421596497
2020-02-02 00:00:00+00:00,9795.118421596497
2020-02-03 00:00:00+00:00,9823.677991908997
2020-02-04 00:00:00+00:00,9823.677991908997
2020-02-05 00:00:00+00:00,9823.677991908997
2020-02-06 00:00:00+00:00,9823.677991908997
2020-02-07 00:00:00+00:00,9898.168958705872
2020-02-09 00:00:00+00:00,9898.168958705872
2020-02-10 00:00:00+00:00,9898.168958705872
2020-02-11 00:00:00+00:00,9898.168958705872
2020-02-12 00:00:00+00:00,9904.496107143372
2020-02-13 00:00:00+00:00,9904.496107143372
2020-02-14 00:00:00+00:00,9904.496107143372
2020-02-16 00:00:00+00:00,9904.496107143372
2020-02-17 00:00:00+00:00,9904.496107143372
2020-02-18 00:00:00+00:00,9904.496107143372
2020-02-19 00:00:00+00:00,9904.496107143372
2020-02-20 00:00:00+00:00,9904.496107143372
2020-02-21 00:00:00+00:00,9904.496107143372
2020-02-23 00:00:00+00:00,9904.496107143372
2020-02-24 00:00:00+00:00,9904.496107143372
2020-02-25 00:00:00+00:00,9904.496107143372
2020-02-26 00:00:00+00:00,9904.496107143372
2020-02-27 00:00:00+00:00,9904.496107143372
2020-02-28 00:00:00+00:00,9906.562025112122
2020-03-01 00:00:00+00:00,9906.562025112122
2020-03-02 00:00:00+00:00,9906.562025112122
2020-03-03 00:00:00+00:00,9906.562025112122
2020-03-04 00:00:00+00:00,9942.47694210431
2020-03-05 00:00:00+00:00,9942.47694210431
2020-03-06 00:00:00+00:00,9942.47694210431
2020-03-08 00:00:00+00:00,9942.47694210431
2020-03-09 00:00:00+00:00,9942.47694210431
2020-03-10 00:00:00+00:00,9958.34119991681
2020-03-11 00:00:00+00:00,9958.34119991681
2020-03-12 00:00:00+00:00,9890.748934626681
2020-03-13 00:00:00+00:00,9956.154940486056
2020-03-15 00:00:00+00:00,9956.154940486056
2020-03-16 00:00:00+00:00,9975.597933650119
2020-03-17 00:00:00+00:00,9975.597933650119
2020-03-18 00:00:00+00:00,9889.555916897334
2020-03-19 00:00:00+00:00,9889.555916897334
2020-03-20 00:00:00+00:00,9889.555916897334
2020-03-22 00:00:00+00:00,9889.555916897334
2020-03-23 00:00:00+00:00,9889.555916897334
2020-03-24 00:00:00+00:00,9889.555916897334
2020-03-25 00:00:00+00:00,9889.555916897334
2020-03-26 00:00:00+00:00,9889.555916897334
2020-03-27 00:00:00+00:00,9889.555916897334
2020-03-29 00:00:00+00:00,9889.555916897334
2020-03-30 00:00:00+00:00,9889.555916897334
2020-03-31 00:00:00+00:00,9891.060311428584
2020-04-01 00:00:00+00:00,9891.060311428584
2020-04-02 00:00:00+00:00,9891.060311428584
2020-04-03 00:00:00+00:00,9891.060311428584
2020-04-05 00:00:00+00:00,9906.768197170772
2020-04-06 00:00:00+00:00,9907.488167873897
2020-04-07 00:00:00+00:00,9907.488167873897
2020-04-08 00:00:00+00:00,9907.488167873897
2020-04-09 00:00:00+00:00,9907.488167873897
2020-04-12 00:00:00+00:00,9907.488167873897
2020-04-13 00:00:00+00:00,9907.488167873897
2020-04-14 00:00:00+00:00,9907.488167873897
2020-04-15 00:00:00+00:00,9907.488167873897
2020-04-16 00:00:00+00:00,9907.488167873897
2020-04-17 00:00:00+00:00,9903.426156155147
2020-04-19 00:00:00+00:00,9903.426156155147
2020-04-20 00:00:00+00:00,9903.426156155147
2020-04-21 00:00:00+00:00,9903.426156155147
2020-04-22 00:00:00+00:00,9903.426156155147
2020-04-23 00:00:00+00:00,9903.426156155147
2020-04-24 00:00:00+00:00,9903.426156155147
2020-04-26 00:00:00+00:00,9903.426156155147
2020-04-27 00:00:00+00:00,9918.222542873897
2020-04-28 00:00:00+00:00,9918.222542873897
2020-04-29 00:00:00+00:00,9947.664925686397
2020-04-30 00:00:00+00:00,9893.448617092647
2020-05-01 00:00:00+00:00,9858.606576077022
2020-05-03 00:00:00+00:00,9858.606576077022
2020-05-04 00:00:00+00:00,9858.606576077022
2020-05-05 00:00:00+00:00,9858.606576077022
2020-05-06 00:00:00+00:00,9834.186410061397
2020-05-07 00:00:00+00:00,9834.186410061397
2020-05-08 00:00:00+00:00,9834.186410061397
2020-05-10 00:00:00+00:00,9834.186410061397
2020-05-11 00:00:00+00:00,9834.186410061397
2020-05-12 00:00:00+00:00,9834.186410061397
2020-05-13 00:00:00+00:00,9834.186410061397
2020-05-14 00:00:00+00:00,9834.186410061397
2020-05-15 00:00:00+00:00,9834.186410061397
2020-05-17 00:00:00+00:00,9834.186410061397
2020-05-18 00:00:00+00:00,9834.186410061397
2020-05-19 00:00:00+00:00,9834.186410061397
2020-05-20 00:00:00+00:00,9834.186410061397
2020-05-21 00:00:00+00:00,9845.998421780147
2020-05-22 00:00:00+00:00,9845.998421780147
2020-05-24 00:00:00+00:00,9845.998421780147
2020-05-25 00:00:00+00:00,9845.998421780147
2020-05-26 00:00:00+00:00,9845.998421780147
2020-05-27 00:00:00+00:00,9845.998421780147
2020-05-28 00:00:00+00:00,9845.998421780147
2020-05-29 00:00:00+00:00,9845.998421780147
2020-05-31 00:00:00+00:00,9845.998421780147
2020-06-01 00:00:00+00:00,9845.998421780147
2020-06-02 00:00:00+00:00,9821.078377834834
2020-06-03 00:00:00+00:00,9801.781991116084
2020-06-04 00:00:00+00:00,9801.781991116084
2020-06-05 00:00:00+00:00,9790.18116103796
2020-06-07 00:00:00+00:00,9790.18116103796
2020-06-08 00:00:00+00:00,9850.81690322546
2020-06-09 00:00:00+00:00,9850.81690322546
2020-06-10 00:00:00+00:00,9850.81690322546
2020-06-11 00:00:00+00:00,9850.81690322546
2020-06-12 00:00:00+00:00,9850.81690322546
2020-06-14 00:00:00+00:00,9850.81690322546
2020-06-15 00:00:00+00:00,9850.81690322546
2020-06-16 00:00:00+00:00,9850.81690322546
2020-06-17 00:00:00+00:00,9850.81690322546
2020-06-18 00:00:00+00:00,9850.81690322546
2020-06-19 00:00:00+00:00,9850.81690322546
2020-06-21 00:00:00+00:00,9850.81690322546
2020-06-22 00:00:00+00:00,9861.57471572546
2020-06-23 00:00:00+00:00,9861.57471572546
2020-06-24 00:00:00+00:00,9861.57471572546
2020-06-25 00:00:00+00:00,9861.57471572546
2020-06-26 00:00:00+00:00,9935.87305556921
2020-06-28 00:00:00+00:00,9935.87305556921
2020-06-29 00:00:00+00:00,9935.87305556921
2020-06-30 00:00:00+00:00,10085.50684463171
2020-07-01 00:00:00+00:00,10085.50684463171
2020-07-02 00:00:00+00:00,10179.08252822546
2020-07-03 00:00:00+00:00,10179.08252822546
2020-07-05 00:00:00+00:00,10179.08252822546
2020-07-06 00:00:00+00:00,10179.08252822546
2020-07-07 00:00:00+00:00,10179.08252822546
2020-07-08 00:00:00+00:00,10179.08252822546
2020-07-09 00:00:00+00:00,10219.48291885046
2020-07-10 00:00:00+00:00,10219.48291885046
2020-07-12 00:00:00+00:00,10219.48291885046
2020-07-13 00:00:00+00:00,10219.48291885046
2020-07-14 00:00:00+00:00,10219.48291885046
2020-07-15 00:00:00+00:00,10219.48291885046
2020-07-16 00:00:00+00:00,10219.48291885046
2020-07-17 00:00:00+00:00,10219.48291885046
2020-07-19 00:00:00+00:00,10219.48291885046
2020-07-20 00:00:00+00:00,10219.48291885046
2020-07-21 00:00:00+00:00,10219.48291885046
2020-07-22 00:00:00+00:00,10219.48291885046
2020-07-23 00:00:00+00:00,10219.48291885046
2020-07-24 00:00:00+00:00,10219.48291885046
2020-07-26 00:00:00+00:00,10219.48291885046
2020-07-27 00:00:00+00:00,10219.48291885046
2020-07-28 00:00:00+00:00,10219.48291885046
2020-07-29 00:00:00+00:00,10323.52295791296
2020-07-30 00:00:00+00:00,10323.52295791296
2020-07-31 00:00:00+00:00,10345.01514541296
2020-08-02 00:00:00+00:00,10345.01514541296
2020-08-03 00:00:00+00:00,10345.01514541296
2020-08-04 00:00:00+00:00,10345.01514541296
2020-08-05 00:00:00+00:00,10345.01514541296
2020-08-06 00:00:00+00:00,10345.01514541296
2020-08-07 00:00:00+00:00,10345.01514541296
2020-08-09 00:00:00+00:00,10345.01514541296
2020-08-10 00:00:00+00:00,10345.01514541296
2020-08-11 00:00:00+00:00,10260.579641607916
2020-08-12 00:00:00+00:00,10260.579641607916
2020-08-13 00:00:00+00:00,10260.579641607916
2020-08-14 00:00:00+00:00,10260.579641607916
2020-08-16 00:00:00+00:00,10260.579641607916
2020-08-17 00:00:00+00:00,10260.579641607916
2020-08-18 00:00:00+00:00,10303.079641607916
2020-08-19 00:00:00+00:00,10265.58574512354
2020-08-20 00:00:00+00:00,10265.58574512354
2020-08-21 00:00:00+00:00,10265.58574512354
2020-08-23 00:00:00+00:00,10265.58574512354
2020-08-24 00:00:00+00:00,10265.58574512354
2020-08-25 00:00:00+00:00,10265.58574512354
2020-08-26 00:00:00+00:00,10403.78545215479
2020-08-27 00:00:00+00:00,10403.78545215479
2020-08-28 00:00:00+00:00,10403.78545215479
2020-08-30 00:00:00+00:00,10403.78545215479
2020-08-31 00:00:00+00:00,10403.78545215479
2020-09-01 00:00:00+00:00,10393.174490240728
2020-09-02 00:00:00+00:00,10393.174490240728
2020-09-03 00:00:00+00:00,10393.174490240728
2020-09-04 00:00:00+00:00,10393.174490240728
2020-09-06 00:00:00+00:00,10393.174490240728
2020-09-07 00:00:00+00:00,10393.174490240728
2020-09-08 00:00:00+00:00,10393.174490240728
2020-09-09 00:00:00+00:00,10393.174490240728
2020-09-10 00:00:00+00:00,10393.174490240728
2020-09-11 00:00:00+00:00,10393.174490240728
2020-09-13 00:00:00+00:00,10393.174490240728
2020-09-14 00:00:00+00:00,10393.174490240728
2020-09-15 00:00:00+00:00,10399.146658209478
2020-09-16 00:00:00+00:00,10399.146658209478
2020-09-17 00:00:00+00:00,10382.976614264166
2020-09-18 00:00:00+00:00,10382.976614264166
2020-09-20 00:00:00+00:00,10382.976614264166
2020-09-21 00:00:00+00:00,10284.374878801813
2020-09-22 00:00:00+00:00,10284.374878801813
2020-09-23 00:00:00+00:00,10284.374878801813
2020-09-24 00:00:00+00:00,10284.374878801813
2020-09-25 00:00:00+00:00,10284.374878801813
2020-09-27 00:00:00+00:00,10284.374878801813
2020-09-28 00:00:00+00:00,10284.374878801813
2020-09-29 00:00:00+00:00,10284.374878801813
2020-09-30 00:00:00+00:00,10280.245118059625
2020-10-01 00:00:00+00:00,10280.245118059625
2020-10-02 00:00:00+00:00,10280.245118059625
2020-10-04 00:00:00+00:00,10280.245118059625
2020-10-05 00:00:00+00:00,10280.245118059625
2020-10-06 00:00:00+00:00,10221.548828997125
2020-10-07 00:00:00+00:00,10221.548828997125
2020-10-08 00:00:00+00:00,10221.548828997125
2020-10-09 00:00:00+00:00,10221.548828997125
2020-10-11 00:00:00+00:00,10221.548828997125
2020-10-12 00:00:00+00:00,10221.548828997125
2020-10-13 00:00:00+00:00,10127.822452390568
2020-10-14 00:00:00+00:00,10191.380557859318
2020-10-15 00:00:00+00:00,10191.380557859318
2020-10-16 00:00:00+00:00,10191.380557859318
2020-10-18 00:00:00+00:00,10191.380557859318
2020-10-19 00:00:00+00:00,10191.380557859318
2020-10-20 00:00:00+00:00,10234.18439086713
2020-10-21 00:00:00+00:00,10234.18439086713
2020-10-22 00:00:00+00:00,10205.17609008588
2020-10-23 00:00:00+00:00,10202.13360961713
2020-10-25 00:00:00+00:00,10229.93194946088
2020-10-26 00:00:00+00:00,10233.89142211713
2020-10-27 00:00:00+00:00,10233.89142211713
2020-10-28 00:00:00+00:00,10131.967371254117
2020-10-29 00:00:00+00:00,10108.881433754117
2020-10-30 00:00:00+00:00,10108.881433754117
2020-11-01 00:00:00+00:00,10108.881433754117
2020-11-02 00:00:00+00:00,10108.881433754117
2020-11-03 00:00:00+00:00,10108.881433754117
2020-11-04 00:00:00+00:00,10108.881433754117
2020-11-05 00:00:00+00:00,10108.881433754117
2020-11-06 00:00:00+00:00,10108.881433754117
2020-11-08 00:00:00+00:00,10108.881433754117
2020-11-09 00:00:00+00:00,10017.197383138908
2020-11-10 00:00:00+00:00,10017.197383138908
2020-11-11 00:00:00+00:00,10017.197383138908
2020-11-12 00:00:00+00:00,10017.197383138908
2020-11-13 00:00:00+00:00,10017.197383138908
2020-11-15 00:00:00+00:00,10017.197383138908
2020-11-16 00:00:00+00:00,10097.449336263908
2020-11-17 00:00:00+00:00,10107.874140951408
2020-11-18 00:00:00+00:00,10107.874140951408
2020-11-19 00:00:00+00:00,10107.874140951408
2020-11-20 00:00:00+00:00,10107.874140951408
2020-11-22 00:00:00+00:00,10107.874140951408
2020-11-23 00:00:00+00:00,10091.263179037345
2020-11-24 00:00:00+00:00,10091.263179037345
2020-11-25 00:00:00+00:00,10091.263179037345
2020-11-26 00:00:00+00:00,10091.263179037345
2020-11-27 00:00:00+00:00,9992.817502125868
2020-11-29 00:00:00+00:00,9992.817502125868
2020-11-30 00:00:00+00:00,10020.657345875868
2020-12-01 00:00:00+00:00,10020.657345875868
2020-12-02 00:00:00+00:00,10020.657345875868
2020-12-03 00:00:00+00:00,10020.657345875868
2020-12-04 00:00:00+00:00,10020.657345875868
2020-12-06 00:00:00+00:00,10020.657345875868
2020-12-07 00:00:00+00:00,10028.287350758681
2020-12-08 00:00:00+00:00,10028.287350758681
2020-12-09 00:00:00+00:00,9984.355588063368
2020-12-10 00:00:00+00:00,9984.355588063368
2020-12-11 00:00:00+00:00,9984.355588063368
2020-12-13 00:00:00+00:00,9984.355588063368
2020-12-14 00:00:00+00:00,9971.715939625868
2020-12-15 00:00:00+00:00,9971.715939625868
2020-12-16 00:00:00+00:00,9971.715939625868
2020-12-17 00:00:00+00:00,9971.715939625868
2020-12-18 00:00:00+00:00,9971.715939625868
2020-12-20 00:00:00+00:00,9971.715939625868
2020-12-21 00:00:00+00:00,9971.715939625868
2020-12-22 00:00:00+00:00,9982.168088063368
2020-12-23 00:00:00+00:00,9982.168088063368
2020-12-24 00:00:00+00:00,9982.168088063368
2020-12-27 00:00:00+00:00,9982.168088063368
2020-12-28 00:00:00+00:00,9982.168088063368
2020-12-29 00:00:00+00:00,9982.168088063368
2020-12-30 00:00:00+00:00,9982.168088063368
2020-12-31 00:00:00+00:00,9982.168088063368
2021-01-03 00:00:00+00:00,9982.168088063368
2021-01-04 00:00:00+00:00,9982.168088063368
2021-01-05 00:00:00+00:00,9982.168088063368
2021-01-06 00:00:00+00:00,9899.19972037659
2021-01-07 00:00:00+00:00,9899.19972037659
2021-01-08 00:00:00+00:00,9918.987928384402
2021-01-10 00:00:00+00:00,9918.987928384402
2021-01-11 00:00:00+00:00,9945.887830728152
2021-01-12 00:00:00+00:00,9923.539686196902
2021-01-13 00:00:00+00:00,9933.139539712527
2021-01-14 00:00:00+00:00,9938.854871743777
2021-01-15 00:00:00+00:00,9938.854871743777
2021-01-17 00:00:00+00:00,9914.494886392215
2021-01-18 00:00:00+00:00,9965.735120767215
2021-01-19 00:00:00+00:00,9965.735120767215
2021-01-20 00:00:00+00:00,10117.33057975159
2021-01-21 00:00:00+00:00,10134.51075553284
2021-01-22 00:00:00+00:00,10096.26661490784
2021-01-24 00:00:00+00:00,10096.26661490784
2021-01-25 00:00:00+00:00,10096.26661490784
2021-01-26 00:00:00+00:00,10096.26661490784
2021-01-27 00:00:00+00:00,10096.26661490784
2021-01-28 00:00:00+00:00,10096.26661490784
2021-01-29 00:00:00+00:00,10096.26661490784
2021-01-31 00:00:00+00:00,10096.26661490784
2021-02-01 00:00:00+00:00,10096.26661490784
2021-02-02 00:00:00+00:00,10096.26661490784
2021-02-03 00:00:00+00:00,10096.26661490784
2021-02-04 00:00:00+00:00,9982.335227852076
2021-02-05 00:00:00+00:00,9982.335227852076
2021-02-07 00:00:00+00:00,9982.335227852076
2021-02-08 00:00:00+00:00,9982.335227852076
2021-02-09 00:00:00+00:00,9982.335227852076
2021-02-10 00:00:00+00:00,9982.335227852076
2021-02-11 00:00:00+00:00,9982.335227852076
2021-02-12 00:00:00+00:00,9982.335227852076
2021-02-14 00:00:00+00:00,9982.335227852076
2021-02-15 00:00:00+00:00,9982.335227852076
2021-02-16 00:00:00+00:00,9899.796742451172
2021-02-17 00:00:00+00:00,9928.746937763672
2021-02-18 00:00:00+00:00,9928.746937763672
2021-02-19 00:00:00+00:00,9904.45628834961
2021-02-21 00:00:00+00:00,9904.45628834961
2021-02-22 00:00:00+00:00,9904.45628834961
2021-02-23 00:00:00+00:00,9904.45628834961
2021-02-24 00:00:00+00:00,9913.581654560547
2021-02-25 00:00:00+00:00,9913.581654560547
2021-02-26 00:00:00+00:00,9886.350575458984
2021-02-28 00:00:00+00:00,9886.350575458984
2021-03-01 00:00:00+00:00,9886.350575458984
2021-03-02 00:00:00+00:00,9874.994618427734
2021-03-03 00:00:00+00:00,9880.018544208984
2021-03-04 00:00:00+00:00,9880.018544208984
2021-03-05 00:00:00+00:00,9880.018544208984
2021-03-07 00:00:00+00:00,9880.018544208984
2021-03-08 00:00:00+00:00,9880.018544208984
2021-03-09 00:00:00+00:00,9880.018544208984
2021-03-10 00:00:00+00:00,9880.018544208984
2021-03-11 00:00:00+00:00,9880.018544208984
2021-03-12 00:00:00+00:00,9880.018544208984
2021-03-14 00:00:00+00:00,9880.018544208984
2021-03-15 00:00:00+00:00,9880.018544208984
2021-03-16 00:00:00+00:00,9880.018544208984
2021-03-17 00:00:00+00:00,9885.418446552734
2021-03-18 00:00:00+00:00,9821.49486256836
2021-03-19 00:00:00+00:00,9821.49486256836
2021-03-21 00:00:00+00:00,9821.49486256836
2021-03-22 00:00:00+00:00,9821.49486256836
2021-03-23 00:00:00+00:00,9824.259755146484
2021-03-24 00:00:00+00:00,9824.259755146484
2021-03-25 00:00:00+00:00,9824.259755146484
2021-03-26 00:00:00+00:00,9824.259755146484
2021-03-28 00:00:00+00:00,9824.259755146484
2021-03-29 00:00:00+00:00,9825.803578388672
2021-03-30 00:00:00+00:00,9825.803578388672
2021-03-31 00:00:00+00:00,9825.803578388672
2021-04-01 00:00:00+00:00,9825.803578388672
2021-04-04 00:00:00+00:00,9825.803578388672
2021-04-05 00:00:00+00:00,9825.803578388672
2021-04-06 00:00:00+00:00,9825.803578388672
2021-04-07 00:00:00+00:00,9825.803578388672
2021-04-08 00:00:00+00:00,9825.803578388672
2021-04-09 00:00:00+00:00,9844.283680927734
2021-04-11 00:00:00+00:00,9844.283680927734
2021-04-12 00:00:00+00:00,9844.283680927734
2021-04-13 00:00:00+00:00,9844.283680927734
2021-04-14 00:00:00+00:00,9844.283680927734
2021-04-15 00:00:00+00:00,9844.283680927734
2021-04-16 00:00:00+00:00,9844.283680927734
2021-04-18 00:00:00+00:00,9844.283680927734
2021-04-19 00:00:00+00:00,9844.283680927734
2021-04-20 00:00:00+00:00,9844.283680927734
2021-04-21 00:00:00+00:00,9844.283680927734
2021-04-22 00:00:00+00:00,9844.283680927734
2021-04-23 00:00:00+00:00,9844.283680927734
2021-04-25 00:00:00+00:00,9844.283680927734
2021-04-26 00:00:00+00:00,9844.283680927734
2021-04-27 00:00:00+00:00,9883.213734638672
2021-04-28 00:00:00+00:00,9872.611927998047
2021-04-29 00:00:00+00:00,9892.537953388672
2021-04-30 00:00:00+00:00,9892.537953388672
2021-05-02 00:00:00+00:00,9892.537953388672
2021-05-03 00:00:00+00:00,9892.537953388672
2021-05-04 00:00:00+00:00,9898.921742451172
2021-05-05 00:00:00+00:00,9898.921742451172
2021-05-06 00:00:00+00:00,9898.921742451172
2021-05-07 00:00:00+00:00,9898.921742451172
2021-05-09 00:00:00+00:00,9898.921742451172
2021-05-10 00:00:00+00:00,9898.921742451172
2021-05-11 00:00:00+00:00,9948.079701435547
2021-05-12 00:00:00+00:00,9928.84593678711
2021-05-13 00:00:00+00:00,9928.84593678711
2021-05-14 00:00:00+00:00,9928.84593678711
2021-05-16 00:00:00+00:00,9928.84593678711
2021-05-17 00:00:00+00:00,9928.84593678711
2021-05-18 00:00:00+00:00,9928.84593678711
2021-05-19 00:00:00+00:00,9928.84593678711
2021-05-20 00:00:00+00:00,9928.84593678711
2021-05-21 00:00:00+00:00,9928.84593678711
2021-05-23 00:00:00+00:00,9928.84593678711
2021-05-24 00:00:00+00:00,9928.84593678711
2021-05-25 00:00:00+00:00,9928.84593678711
2021-05-26 00:00:00+00:00,9943.900868427734
2021-05-27 00:00:00+00:00,9943.900868427734
2021-05-28 00:00:00+00:00,10046.165516865234
2021-05-30 00:00:00+00:00,10046.165516865234
2021-05-31 00:00:00+00:00,10046.165516865234
2021-06-01 00:00:00+00:00,10046.165516865234
2021-06-02 00:00:00+00:00,10046.165516865234
2021-06-03 00:00:00+00:00,9988.445179951172
2021-06-04 00:00:00+00:00,10027.301625263672
2021-06-06 00:00:00+00:00,10027.301625263672
2021-06-07 00:00:00+00:00,10027.301625263672
2021-06-08 00:00:00+00:00,10027.301625263672
2021-06-09 00:00:00+00:00,10027.301625263672
2021-06-10 00:00:00+00:00,10027.301625263672
2021-06-11 00:00:00+00:00,10027.301625263672
2021-06-13 00:00:00+00:00,10027.301625263672
2021-06-14 00:00:00+00:00,10027.301625263672
2021-06-15 00:00:00+00:00,10027.301625263672
2021-06-16 00:00:00+00:00,9938.501334424458
2021-06-17 00:00:00+00:00,9938.501334424458
2021-06-18 00:00:00+00:00,9921.549674268208
2021-06-20 00:00:00+00:00,9921.549674268208
2021-06-21 00:00:00+00:00,9921.549674268208
2021-06-22 00:00:00+00:00,9921.549674268208
2021-06-23 00:00:00+00:00,9921.549674268208
2021-06-24 00:00:00+00:00,9921.549674268208
2021-06-25 00:00:00+00:00,9921.549674268208
2021-06-27 00:00:00+00:00,9921.549674268208
2021-06-28 00:00:00+00:00,10004.409781690083
2021-06-29 00:00:00+00:00,10004.409781690083
2021-06-30 00:00:00+00:00,10004.409781690083
2021-07-01 00:00:00+00:00,10004.409781690083
2021-07-02 00:00:00+00:00,10136.00292133852
2021-07-04 00:00:00+00:00,10136.00292133852
2021-07-05 00:00:00+00:00,10136.00292133852
2021-07-06 00:00:00+00:00,10136.00292133852
2021-07-07 00:00:00+00:00,10136.00292133852
2021-07-08 00:00:00+00:00,10136.00292133852
2021-07-09 00:00:00+00:00,10136.00292133852
2021-07-11 00:00:00+00:00,10136.00292133852
2021-07-12 00:00:00+00:00,10214.098868604146
2021-07-13 00:00:00+00:00,10214.098868604146
2021-07-14 00:00:00+00:00,10214.098868604146
2021-07-15 00:00:00+00:00,10187.507071729146
2021-07-16 00:00:00+00:00,10146.034415479146
2021-07-18 00:00:00+00:00,10146.034415479146
2021-07-19 00:00:00+00:00,10110.988028760396
2021-07-20 00:00:00+00:00,10110.988028760396
2021-07-21 00:00:00+00:00,10110.988028760396
2021-07-22 00:00:00+00:00,10110.988028760396
2021-07-23 00:00:00+00:00,10110.988028760396
2021-07-25 00:00:00+00:00,10110.988028760396
2021-07-26 00:00:00+00:00,10110.988028760396
2021-07-27 00:00:00+00:00,10110.988028760396
2021-07-28 00:00:00+00:00,10110.988028760396
2021-07-29 00:00:00+00:00,10110.988028760396
2021-07-30 00:00:00+00:00,10110.988028760396
2021-08-01 00:00:00+00:00,10110.988028760396
2021-08-02 00:00:00+00:00,10110.988028760396
2021-08-03 00:00:00+00:00,10110.988028760396
2021-08-04 00:00:00+00:00,10110.988028760396
2021-08-05 00:00:00+00:00,10131.86864399477
2021-08-06 00:00:00+00:00,9906.764761818886
2021-08-08 00:00:00+00:00,9811.910971448573
2021-08-09 00:00:00+00:00,9811.910971448573
2021-08-10 00:00:00+00:00,9811.910971448573
2021-08-11 00:00:00+00:00,9811.910971448573
2021-08-12 00:00:00+00:00,9811.910971448573
2021-08-13 00:00:00+00:00,9811.910971448573
2021-08-15 00:00:00+00:00,9811.910971448573
2021-08-16 00:00:00+00:00,9811.910971448573
2021-08-17 00:00:00+00:00,9811.910971448573
2021-08-18 00:00:00+00:00,9811.910971448573
2021-08-19 00:00:00+00:00,9811.910971448573
2021-08-20 00:00:00+00:00,9811.910971448573
2021-08-22 00:00:00+00:00,9811.910971448573
2021-08-23 00:00:00+00:00,9811.910971448573
2021-08-24 00:00:00+00:00,9811.910971448573
2021-08-25 00:00:00+00:00,9804.725912854823
2021-08-26 00:00:00+00:00,9793.427817151698
2021-08-27 00:00:00+00:00,9793.427817151698
2021-08-29 00:00:00+00:00,9793.427817151698
2021-08-30 00:00:00+00:00,9793.427817151698
2021-08-31 00:00:00+00:00,9828.84883765951
2021-09-01 00:00:00+00:00,9828.84883765951
2021-09-02 00:00:00+00:00,9828.84883765951
2021-09-03 00:00:00+00:00,9828.84883765951
2021-09-05 00:00:00+00:00,9828.84883765951
2021-09-06 00:00:00+00:00,9828.84883765951
2021-09-07 00:00:00+00:00,9828.84883765951
2021-09-08 00:00:00+00:00,9834.97286109701
2021-09-09 00:00:00+00:00,9834.97286109701
2021-09-10 00:00:00+00:00,9834.97286109701
2021-09-12 00:00:00+00:00,9834.97286109701
2021-09-13 00:00:00+00:00,9834.97286109701
2021-09-14 00:00:00+00:00,9834.97286109701
2021-09-15 00:00:00+00:00,9834.97286109701
2021-09-16 00:00:00+00:00,9834.97286109701
2021-09-17 00:00:00+00:00,9834.97286109701
2021-09-19 00:00:00+00:00,9834.97286109701
2021-09-20 00:00:00+00:00,9857.68477515951
2021-09-21 00:00:00+00:00,9857.68477515951
2021-09-22 00:00:00+00:00,9857.68477515951
2021-09-23 00:00:00+00:00,9846.17061500326
2021-09-24 00:00:00+00:00,9857.51045875326
2021-09-26 00:00:00+00:00,9857.51045875326
2021-09-27 00:00:00+00:00,9857.51045875326
2021-09-28 00:00:00+00:00,9878.94454078451
2021-09-29 00:00:00+00:00,9878.94454078451
2021-09-30 00:00:00+00:00,9878.94454078451
2021-10-01 00:00:00+00:00,9878.94454078451
2021-10-03 00:00:00+00:00,9878.94454078451
2021-10-04 00:00:00+00:00,9878.94454078451
2021-10-05 00:00:00+00:00,9878.94454078451
2021-10-06 00:00:00+00:00,9878.94454078451
2021-10-07 00:00:00+00:00,9878.94454078451
2021-10-08 00:00:00+00:00,9878.94454078451
2021-10-10 00:00:00+00:00,9882.27657203451
2021-10-11 00:00:00+00:00,9902.46456031576
2021-10-12 00:00:00+00:00,9902.46456031576
2021-10-13 00:00:00+00:00,9902.46456031576
2021-10-14 00:00:00+00:00,9902.46456031576
2021-10-15 00:00:00+00:00,9902.46456031576
2021-10-17 00:00:00+00:00,9902.46456031576
2021-10-18 00:00:00+00:00,9887.957114026698
2021-10-19 00:00:00+00:00,9887.957114026698
2021-10-20 00:00:00+00:00,9887.957114026698
2021-10-21 00:00:00+00:00,9887.957114026698
2021-10-22 00:00:00+00:00,9887.957114026698
2021-10-24 00:00:00+00:00,9887.957114026698
2021-10-25 00:00:00+00:00,9887.957114026698
2021-10-26 00:00:00+00:00,9896.440512464198
2021-10-27 00:00:00+00:00,9896.440512464198
2021-10-28 00:00:00+00:00,9896.440512464198
2021-10-29 00:00:00+00:00,9800.890328137019
2021-10-31 00:00:00+00:00,9800.890328137019
2021-11-01 00:00:00+00:00,9800.890328137019
2021-11-02 00:00:00+00:00,9800.890328137019
2021-11-03 00:00:00+00:00,9745.212129710866
2021-11-04 00:00:00+00:00,9745.212129710866
2021-11-05 00:00:00+00:00,9745.212129710866
2021-11-07 00:00:00+00:00,9745.212129710866
2021-11-08 00:00:00+00:00,9745.212129710866
2021-11-09 00:00:00+00:00,9745.212129710866
2021-11-10 00:00:00+00:00,9745.212129710866
2021-11-11 00:00:00+00:00,9745.212129710866
2021-11-12 00:00:00+00:00,9745.212129710866
2021-11-14 00:00:00+00:00,9745.212129710866
2021-11-15 00:00:00+00:00,9743.778047679616
2021-11-16 00:00:00+00:00,9743.778047679616
2021-11-17 00:00:00+00:00,9743.778047679616
2021-11-18 00:00:00+00:00,9743.778047679616
2021-11-19 00:00:00+00:00,9748.982149242116
2021-11-21 00:00:00+00:00,9748.982149242116
2021-11-22 00:00:00+00:00,9709.219237153533
2021-11-23 00:00:00+00:00,9709.219237153533
2021-11-24 00:00:00+00:00,9709.219237153533
2021-11-25 00:00:00+00:00,9709.219237153533
2021-11-26 00:00:00+00:00,9709.219237153533
2021-11-28 00:00:00+00:00,9709.219237153533
2021-11-29 00:00:00+00:00,9709.219237153533
2021-11-30 00:00:00+00:00,9709.219237153533
2021-12-01 00:00:00+00:00,9709.219237153533
2021-12-02 00:00:00+00:00,9732.889281098845
2021-12-03 00:00:00+00:00,9732.889281098845
2021-12-05 00:00:00+00:00,9732.889281098845
2021-12-06 00:00:00+00:00,9732.889281098845
2021-12-07 00:00:00+00:00,9732.889281098845
2021-12-08 00:00:00+00:00,9732.889281098845
2021-12-09 00:00:00+00:00,9732.889281098845
2021-12-10 00:00:00+00:00,9710.269163911345
2021-12-12 00:00:00+00:00,9710.269163911345
2021-12-13 00:00:00+00:00,9710.269163911345
2021-12-14 00:00:00+00:00,9673.455610532057
2021-12-15 00:00:00+00:00,9673.455610532057
2021-12-16 00:00:00+00:00,9673.455610532057
2021-12-17 00:00:00+00:00,9673.455610532057
2021-12-19 00:00:00+00:00,9673.455610532057
2021-12-20 00:00:00+00:00,9673.455610532057
2021-12-21 00:00:00+00:00,9673.455610532057
2021-12-22 00:00:00+00:00,9673.455610532057
2021-12-23 00:00:00+00:00,9673.455610532057
2021-12-26 00:00:00+00:00,9673.455610532057
2021-12-27 00:00:00+00:00,9673.455610532057
2021-12-28 00:00:00+00:00,9673.455610532057
2021-12-29 00:00:00+00:00,9631.496953752667
2021-12-30 00:00:00+00:00,9631.496953752667
2021-12-31 00:00:00+00:00,9631.496953752667
2022-01-02 00:00:00+00:00,9631.496953752667
2022-01-03 00:00:00+00:00,9587.448996504378
2022-01-04 00:00:00+00:00,9587.448996504378
2022-01-05 00:00:00+00:00,9568.67519279344
2022-01-06 00:00:00+00:00,9568.67519279344
2022-01-07 00:00:00+00:00,9568.67519279344
2022-01-09 00:00:00+00:00,9568.67519279344
2022-01-10 00:00:00+00:00,9568.67519279344
2022-01-11 00:00:00+00:00,9568.67519279344
2022-01-12 00:00:00+00:00,9568.67519279344
2022-01-13 00:00:00+00:00,9568.67519279344
2022-01-14 00:00:00+00:00,9568.67519279344
2022-01-16 00:00:00+00:00,9568.67519279344
2022-01-17 00:00:00+00:00,9568.67519279344
2022-01-18 00:00:00+00:00,9568.67519279344
2022-01-19 00:00:00+00:00,9568.67519279344
2022-01-20 00:00:00+00:00,9568.67519279344
2022-01-21 00:00:00+00:00,9579.33925529344
2022-01-23 00:00:00+00:00,9579.33925529344
2022-01-24 00:00:00+00:00,9579.33925529344
2022-01-25 00:00:00+00:00,9579.33925529344
2022-01-26 00:00:00+00:00,9556.520651777815
2022-01-27 00:00:00+00:00,9556.520651777815
2022-01-28 00:00:00+00:00,9556.520651777815
2022-01-30 00:00:00+00:00,9556.520651777815
2022-01-31 00:00:00+00:00,9556.520651777815
2022-02-01 00:00:00+00:00,9556.520651777815
2022-02-02 00:00:00+00:00,9556.520651777815
2022-02-03 00:00:00+00:00,9583.472800215315
2022-02-04 00:00:00+00:00,9600.804831465315
2022-02-06 00:00:00+00:00,9600.804831465315
2022-02-07 00:00:00+00:00,9600.804831465315
2022-02-08 00:00:00+00:00,9600.804831465315
2022-02-09 00:00:00+00:00,9600.804831465315
2022-02-10 00:00:00+00:00,9629.328635176253
2022-02-11 00:00:00+00:00,9629.328635176253
2022-02-13 00:00:00+00:00,9629.328635176253
2022-02-14 00:00:00+00:00,9629.328635176253
2022-02-15 00:00:00+00:00,9591.407696889308
2022-02-16 00:00:00+00:00,9591.407696889308
2022-02-17 00:00:00+00:00,9591.407696889308
2022-02-18 00:00:00+00:00,9587.495465443995
2022-02-20 00:00:00+00:00,9587.495465443995
2022-02-21 00:00:00+00:00,9587.495465443995
2022-02-22 00:00:00+00:00,9592.827496693995
2022-02-23 00:00:00+00:00,9592.827496693995
2022-02-24 00:00:00+00:00,9592.827496693995
2022-02-25 00:00:00+00:00,9587.642438100245
2022-02-27 00:00:00+00:00,9587.642438100245
2022-02-28 00:00:00+00:00,9597.654645131495
2022-03-01 00:00:00+00:00,9597.654645131495
2022-03-02 00:00:00+00:00,9604.99766270962
2022-03-03 00:00:00+00:00,9604.99766270962
2022-03-04 00:00:00+00:00,9604.99766270962
2022-03-06 00:00:00+00:00,9604.99766270962
2022-03-07 00:00:00+00:00,9604.99766270962
2022-03-08 00:00:00+00:00,9604.99766270962
2022-03-09 00:00:00+00:00,9571.048752213448
2022-03-10 00:00:00+00:00,9571.048752213448
2022-03-11 00:00:00+00:00,9572.86479225251
2022-03-13 00:00:00+00:00,9572.86479225251
2022-03-14 00:00:00+00:00,9572.86479225251
2022-03-15 00:00:00+00:00,9552.416794205636
2022-03-16 00:00:00+00:00,9552.416794205636
2022-03-17 00:00:00+00:00,9552.416794205636
2022-03-18 00:00:00+00:00,9552.416794205636
2022-03-20 00:00:00+00:00,9552.416794205636
2022-03-21 00:00:00+00:00,9552.416794205636
2022-03-22 00:00:00+00:00,9565.731857682198
2022-03-23 00:00:00+00:00,9565.731857682198
2022-03-24 00:00:00+00:00,9565.731857682198
2022-03-25 00:00:00+00:00,9565.731857682198
2022-03-27 00:00:00+00:00,9565.731857682198
2022-03-28 00:00:00+00:00,9555.113937760323
2022-03-29 00:00:00+00:00,9571.584885025948
2022-03-30 00:00:00+00:00,9571.584885025948
2022-03-31 00:00:00+00:00,9571.584885025948
2022-04-01 00:00:00+00:00,9571.584885025948
2022-04-03 00:00:00+00:00,9571.584885025948
2022-04-04 00:00:00+00:00,9571.584885025948
2022-04-05 00:00:00+00:00,9571.584885025948
2022-04-06 00:00:00+00:00,9571.584885025948
2022-04-07 00:00:00+00:00,9571.584885025948
2022-04-08 00:00:00+00:00,9571.584885025948
2022-04-10 00:00:00+00:00,9571.584885025948
2022-04-11 00:00:00+00:00,9571.584885025948
2022-04-12 00:00:00+00:00,9571.584885025948
2022-04-13 00:00:00+00:00,9571.584885025948
2022-04-14 00:00:00+00:00,9571.584885025948
2022-04-17 00:00:00+00:00,9571.584885025948
2022-04-18 00:00:00+00:00,9571.584885025948
2022-04-19 00:00:00+00:00,9559.796799088448
2022-04-20 00:00:00+00:00,9559.796799088448
2022-04-21 00:00:00+00:00,9559.796799088448
2022-04-22 00:00:00+00:00,9559.796799088448
2022-04-24 00:00:00+00:00,9559.796799088448
2022-04-25 00:00:00+00:00,9559.796799088448
2022-04-26 00:00:00+00:00,9559.796799088448
2022-04-27 00:00:00+00:00,9559.796799088448
2022-04-28 00:00:00+00:00,9559.796799088448
2022-04-29 00:00:00+00:00,9559.796799088448
2022-05-01 00:00:00+00:00,9559.796799088448
2022-05-02 00:00:00+00:00,9563.828781510323
2022-05-03 00:00:00+00:00,9563.828781510323
2022-05-04 00:00:00+00:00,9563.828781510323
2022-05-05 00:00:00+00:00,9569.158859635323
2022-05-06 00:00:00+00:00,9569.158859635323
2022-05-08 00:00:00+00:00,9569.158859635323
2022-05-09 00:00:00+00:00,9569.158859635323
2022-05-10 00:00:00+00:00,9569.158859635323
2022-05-11 00:00:00+00:00,9592.222824479073
2022-05-12 00:00:00+00:00,9592.222824479073
2022-05-13 00:00:00+00:00,9592.222824479073
2022-05-15 00:00:00+00:00,9592.222824479073
2022-05-16 00:00:00+00:00,9602.246994400948
2022-05-17 00:00:00+00:00,9602.246994400948
2022-05-18 00:00:00+00:00,9602.246994400948
2022-05-19 00:00:00+00:00,9602.246994400948
2022-05-20 00:00:00+00:00,9602.246994400948
2022-05-22 00:00:00+00:00,9602.246994400948
2022-05-23 00:00:00+00:00,9602.246994400948
2022-05-24 00:00:00+00:00,9602.246994400948
2022-05-25 00:00:00+00:00,9602.246994400948
2022-05-26 00:00:00+00:00,9602.246994400948
2022-05-27 00:00:00+00:00,9602.246994400948
2022-05-29 00:00:00+00:00,9604.267258072823
2022-05-30 00:00:00+00:00,9649.04203834626
2022-05-31 00:00:00+00:00,9649.04203834626
2022-06-01 00:00:00+00:00,9649.04203834626
2022-06-02 00:00:00+00:00,9649.04203834626
2022-06-03 00:00:00+00:00,9649.04203834626
2022-06-05 00:00:00+00:00,9649.04203834626
2022-06-06 00:00:00+00:00,9649.04203834626
2022-06-07 00:00:00+00:00,9649.04203834626
2022-06-08 00:00:00+00:00,9649.04203834626
2022-06-09 00:00:00+00:00,9649.04203834626
2022-06-10 00:00:00+00:00,9742.272057447248
2022-06-12 00:00:00+00:00,9742.272057447248
2022-06-13 00:00:00+00:00,9702.080784436095
2022-06-14 00:00:00+00:00,9702.080784436095
2022-06-15 00:00:00+00:00,9702.080784436095
2022-06-16 00:00:00+00:00,9702.080784436095
2022-06-17 00:00:00+00:00,9702.080784436095
2022-06-19 00:00:00+00:00,9702.080784436095
2022-06-20 00:00:00+00:00,9702.080784436095
2022-06-21 00:00:00+00:00,9702.080784436095
2022-06-22 00:00:00+00:00,9702.080784436095
2022-06-23 00:00:00+00:00,9702.080784436095
2022-06-24 00:00:00+00:00,9702.080784436095
2022-06-26 00:00:00+00:00,9702.080784436095
2022-06-27 00:00:00+00:00,9702.080784436095
2022-06-28 00:00:00+00:00,9702.080784436095
2022-06-29 00:00:00+00:00,9742.666111584533
2022-06-30 00:00:00+00:00,9742.666111584533
2022-07-01 00:00:00+00:00,9742.666111584533
2022-07-03 00:00:00+00:00,9742.666111584533
2022-07-04 00:00:00+00:00,9742.666111584533
2022-07-05 00:00:00+00:00,9742.666111584533
2022-07-06 00:00:00+00:00,9742.666111584533
2022-07-07 00:00:00+00:00,9742.666111584533
2022-07-08 00:00:00+00:00,9763.24020826422
2022-07-10 00:00:00+00:00,9763.24020826422
2022-07-11 00:00:00+00:00,9763.24020826422
2022-07-12 00:00:00+00:00,9770.38425123297
2022-07-13 00:00:00+00:00,9825.50632154547
2022-07-14 00:00:00+00:00,9825.50632154547
2022-07-15 00:00:00+00:00,9825.50632154547
2022-07-17 00:00:00+00:00,9825.50632154547
2022-07-18 00:00:00+00:00,9825.50632154547
2022-07-19 00:00:00+00:00,9825.50632154547
2022-07-20 00:00:00+00:00,9825.50632154547
2022-07-21 00:00:00+00:00,9825.50632154547
2022-07-22 00:00:00+00:00,9825.50632154547
2022-07-24 00:00:00+00:00,9825.50632154547
2022-07-25 00:00:00+00:00,9825.50632154547
2022-07-26 00:00:00+00:00,9825.50632154547
2022-07-27 00:00:00+00:00,9825.50632154547
2022-07-28 00:00:00+00:00,9825.50632154547
2022-07-29 00:00:00+00:00,9825.50632154547
2022-07-31 00:00:00+00:00,9825.50632154547
2022-08-01 00:00:00+00:00,9825.50632154547
2022-08-02 00:00:00+00:00,9825.50632154547
2022-08-03 00:00:00+00:00,9825.50632154547
2022-08-04 00:00:00+00:00,9825.50632154547
2022-08-05 00:00:00+00:00,9824.348362561095
2022-08-07 00:00:00+00:00,9824.348362561095
2022-08-08 00:00:00+00:00,9824.348362561095
2022-08-09 00:00:00+00:00,9831.98874342047
2022-08-10 00:00:00+00:00,9831.98874342047
2022-08-11 00:00:00+00:00,9831.98874342047
2022-08-12 00:00:00+00:00,9831.98874342047
2022-08-14 00:00:00+00:00,9831.98874342047
2022-08-15 00:00:00+00:00,9831.98874342047
2022-08-16 00:00:00+00:00,9831.98874342047
2022-08-17 00:00:00+00:00,9831.98874342047
2022-08-18 00:00:00+00:00,9831.98874342047
2022-08-19 00:00:00+00:00,9831.98874342047
2022-08-21 00:00:00+00:00,9831.98874342047
2022-08-22 00:00:00+00:00,9831.98874342047
2022-08-23 00:00:00+00:00,9831.98874342047
2022-08-24 00:00:00+00:00,9831.98874342047
2022-08-25 00:00:00+00:00,9831.98874342047
2022-08-26 00:00:00+00:00,9831.98874342047
2022-08-28 00:00:00+00:00,9831.98874342047
2022-08-29 00:00:00+00:00,9817.774632092345
2022-08-30 00:00:00+00:00,9817.774632092345
2022-08-31 00:00:00+00:00,9805.422581311095
2022-09-01 00:00:00+00:00,9805.422581311095
2022-09-02 00:00:00+00:00,9805.422581311095
2022-09-04 00:00:00+00:00,9805.422581311095
2022-09-05 00:00:00+00:00,9805.422581311095
2022-09-06 00:00:00+00:00,9805.422581311095
2022-09-07 00:00:00+00:00,9805.422581311095
2022-09-08 00:00:00+00:00,9805.422581311095
2022-09-09 00:00:00+00:00,9805.422581311095
2022-09-11 00:00:00+00:00,9805.422581311095
2022-09-12 00:00:00+00:00,9805.422581311095
2022-09-13 00:00:00+00:00,9793.438694592345
2022-09-14 00:00:00+00:00,9793.438694592345
2022-09-15 00:00:00+00:00,9793.438694592345
2022-09-16 00:00:00+00:00,9830.982639904845
2022-09-18 00:00:00+00:00,9830.982639904845
2022-09-19 00:00:00+00:00,9830.982639904845
2022-09-20 00:00:00+00:00,9830.982639904845
2022-09-21 00:00:00+00:00,9881.481663342345
2022-09-22 00:00:00+00:00,9881.481663342345
2022-09-23 00:00:00+00:00,9881.481663342345
2022-09-25 00:00:00+00:00,9881.481663342345
2022-09-26 00:00:00+00:00,9895.18747388922
2022-09-27 00:00:00+00:00,9895.18747388922
2022-09-28 00:00:00+00:00,9956.968968029845
2022-09-29 00:00:00+00:00,10000.971043225158
2022-09-30 00:00:00+00:00,10000.971043225158
2022-10-02 00:00:00+00:00,10000.971043225158
2022-10-03 00:00:00+00:00,10000.971043225158
2022-10-04 00:00:00+00:00,10000.971043225158
2022-10-05 00:00:00+00:00,10000.971043225158
2022-10-06 00:00:00+00:00,10000.971043225158
2022-10-07 00:00:00+00:00,10000.971043225158
2022-10-09 00:00:00+00:00,10000.971043225158
2022-10-10 00:00:00+00:00,10000.971043225158
2022-10-11 00:00:00+00:00,10029.93063795172
2022-10-12 00:00:00+00:00,10029.93063795172
2022-10-13 00:00:00+00:00,10082.73483717047
2022-10-14 00:00:00+00:00,10082.73483717047
2022-10-16 00:00:00+00:00,10082.73483717047
2022-10-17 00:00:00+00:00,10082.73483717047
2022-10-18 00:00:00+00:00,10082.73483717047
2022-10-19 00:00:00+00:00,10082.73483717047
2022-10-20 00:00:00+00:00,10082.73483717047
2022-10-21 00:00:00+00:00,10119.418186779845
2022-10-23 00:00:00+00:00,10119.418186779845
2022-10-24 00:00:00+00:00,10119.418186779845
2022-10-25 00:00:00+00:00,10119.418186779845
2022-10-26 00:00:00+00:00,10119.418186779845
2022-10-27 00:00:00+00:00,10119.418186779845
2022-10-28 00:00:00+00:00,10119.418186779845
2022-10-30 00:00:00+00:00,10119.418186779845
2022-10-31 00:00:00+00:00,10119.418186779845
2022-11-01 00:00:00+00:00,10119.418186779845
2022-11-02 00:00:00+00:00,10119.418186779845
2022-11-03 00:00:00+00:00,10030.26413404547
2022-11-04 00:00:00+00:00,10030.26413404547
2022-11-06 00:00:00+00:00,10030.26413404547
2022-11-07 00:00:00+00:00,10030.26413404547
2022-11-08 00:00:00+00:00,10030.26413404547
2022-11-09 00:00:00+00:00,10030.26413404547
2022-11-10 00:00:00+00:00,10030.26413404547
2022-11-11 00:00:00+00:00,10030.26413404547
2022-11-13 00:00:00+00:00,10030.26413404547
2022-11-14 00:00:00+00:00,10030.26413404547
2022-11-15 00:00:00+00:00,10030.26413404547
2022-11-16 00:00:00+00:00,10030.26413404547
2022-11-17 00:00:00+00:00,9958.71384107672
2022-11-18 00:00:00+00:00,9958.71384107672
2022-11-20 00:00:00+00:00,9958.71384107672
2022-11-21 00:00:00+00:00,9958.71384107672
2022-11-22 00:00:00+00:00,9958.71384107672
2022-11-23 00:00:00+00:00,9958.71384107672
2022-11-24 00:00:00+00:00,9958.71384107672
2022-11-25 00:00:00+00:00,9958.71384107672
2022-11-27 00:00:00+00:00,9958.71384107672
2022-11-28 00:00:00+00:00,9958.71384107672
2022-11-29 00:00:00+00:00,9958.71384107672
2022-11-30 00:00:00+00:00,9958.71384107672
2022-12-01 00:00:00+00:00,9958.71384107672
2022-12-02 00:00:00+00:00,10018.788914318908
2022-12-04 00:00:00+00:00,10018.788914318908
2022-12-05 00:00:00+00:00,9903.287738826508
2022-12-06 00:00:00+00:00,9903.287738826508
2022-12-07 00:00:00+00:00,9903.287738826508
2022-12-08 00:00:00+00:00,9903.287738826508
2022-12-09 00:00:00+00:00,9903.287738826508
2022-12-11 00:00:00+00:00,9903.287738826508
2022-12-12 00:00:00+00:00,9903.287738826508
2022-12-13 00:00:00+00:00,9903.287738826508
2022-12-14 00:00:00+00:00,9903.287738826508
2022-12-15 00:00:00+00:00,9879.787982967133
2022-12-16 00:00:00+00:00,9879.787982967133
2022-12-18 00:00:00+00:00,9879.787982967133
2022-12-19 00:00:00+00:00,9879.787982967133
2022-12-20 00:00:00+00:00,9879.787982967133
2022-12-21 00:00:00+00:00,9879.787982967133
2022-12-22 00:00:00+00:00,9836.187047559515
2022-12-23 00:00:00+00:00,9836.187047559515
2022-12-26 00:00:00+00:00,9836.187047559515
2022-12-27 00:00:00+00:00,9918.598569664882
2022-12-28 00:00:00+00:00,9918.598569664882
2022-12-29 00:00:00+00:00,9918.598569664882
2022-12-30 00:00:00+00:00,9918.598569664882
2023-01-02 00:00:00+00:00,9918.598569664882
2023-01-03 00:00:00+00:00,9918.598569664882
2023-01-04 00:00:00+00:00,9918.598569664882
2023-01-05 00:00:00+00:00,9912.528013024257
2023-01-06 00:00:00+00:00,9912.528013024257
2023-01-08 00:00:00+00:00,9912.528013024257
2023-01-09 00:00:00+00:00,9912.528013024257
2023-01-10 00:00:00+00:00,9912.528013024257
2023-01-11 00:00:00+00:00,9912.528013024257
2023-01-12 00:00:00+00:00,9960.648130211757
2023-01-13 00:00:00+00:00,10073.548520836757
2023-01-15 00:00:00+00:00,10073.548520836757
2023-01-16 00:00:00+00:00,10073.548520836757
2023-01-17 00:00:00+00:00,10073.548520836757
2023-01-18 00:00:00+00:00,10073.548520836757
2023-01-19 00:00:00+00:00,10073.548520836757
2023-01-20 00:00:00+00:00,10073.548520836757
2023-01-22 00:00:00+00:00,10073.548520836757
2023-01-23 00:00:00+00:00,10073.548520836757
2023-01-24 00:00:00+00:00,10152.760679039882
2023-01-25 00:00:00+00:00,10162.571470055507
2023-01-26 00:00:00+00:00,10162.571470055507
2023-01-27 00:00:00+00:00,10162.571470055507
2023-01-29 00:00:00+00:00,10162.571470055507
2023-01-30 00:00:00+00:00,10162.571470055507
2023-01-31 00:00:00+00:00,10162.571470055507
2023-02-01 00:00:00+00:00,10162.571470055507
2023-02-02 00:00:00+00:00,10059.765813702274
2023-02-03 00:00:00+00:00,9961.333362220419
2023-02-05 00:00:00+00:00,9961.333362220419
2023-02-06 00:00:00+00:00,9961.333362220419
2023-02-07 00:00:00+00:00,9961.333362220419
2023-02-08 00:00:00+00:00,9961.333362220419
2023-02-09 00:00:00+00:00,9961.333362220419
2023-02-10 00:00:00+00:00,9961.333362220419
2023-02-12 00:00:00+00:00,9961.333362220419
2023-02-13 00:00:00+00:00,9961.333362220419
2023-02-14 00:00:00+00:00,9961.333362220419
2023-02-15 00:00:00+00:00,9961.333362220419
2023-02-16 00:00:00+00:00,10017.783557532919
2023-02-17 00:00:00+00:00,10017.783557532919
2023-02-19 00:00:00+00:00,10017.783557532919
2023-02-20 00:00:00+00:00,10017.783557532919
2023-02-21 00:00:00+00:00,10017.783557532919
2023-02-22 00:00:00+00:00,10017.783557532919
2023-02-23 00:00:00+00:00,10022.781604407919
2023-02-24 00:00:00+00:00,10022.781604407919
2023-02-26 00:00:00+00:00,10022.781604407919
2023-02-27 00:00:00+00:00,10022.781604407919
2023-02-28 00:00:00+00:00,10022.781604407919
2023-03-01 00:00:00+00:00,10022.781604407919
2023-03-02 00:00:00+00:00,10033.781360267294
2023-03-03 00:00:00+00:00,10033.781360267294
2023-03-05 00:00:00+00:00,10033.781360267294
2023-03-06 00:00:00+00:00,10033.781360267294
2023-03-07 00:00:00+00:00,10033.781360267294
2023-03-08 00:00:00+00:00,10033.781360267294
2023-03-09 00:00:00+00:00,10033.781360267294
2023-03-10 00:00:00+00:00,10033.781360267294
2023-03-12 00:00:00+00:00,10033.781360267294
2023-03-13 00:00:00+00:00,10033.781360267294
2023-03-14 00:00:00+00:00,10033.781360267294
2023-03-15 00:00:00+00:00,10215.92355312871
2023-03-16 00:00:00+00:00,10215.92355312871
2023-03-17 00:00:00+00:00,10215.92355312871
2023-03-19 00:00:00+00:00,10215.92355312871
2023-03-20 00:00:00+00:00,10215.92355312871
2023-03-21 00:00:00+00:00,10151.072845120898
2023-03-22 00:00:00+00:00,10151.072845120898
2023-03-23 00:00:00+00:00,10250.753020902148
2023-03-24 00:00:00+00:00,10250.753020902148
2023-03-26 00:00:00+00:00,10250.753020902148
2023-03-27 00:00:00+00:00,10195.898284574023
2023-03-28 00:00:00+00:00,10195.898284574023
2023-03-29 00:00:00+00:00,10195.898284574023
2023-03-30 00:00:00+00:00,10212.638152738085
2023-03-31 00:00:00+00:00,10212.638152738085
2023-04-02 00:00:00+00:00,10212.638152738085
2023-04-03 00:00:00+00:00,10212.638152738085
2023-04-04 00:00:00+00:00,10214.707976956835
2023-04-05 00:00:00+00:00,10214.707976956835
2023-04-06 00:00:00+00:00,10204.987640042773
2023-04-09 00:00:00+00:00,10204.987640042773
2023-04-10 00:00:00+00:00,10204.088225980273
2023-04-11 00:00:00+00:00,10204.088225980273
2023-04-12 00:00:00+00:00,10204.088225980273
2023-04-13 00:00:00+00:00,10204.088225980273
2023-04-14 00:00:00+00:00,10204.088225980273
2023-04-16 00:00:00+00:00,10204.088225980273
2023-04-17 00:00:00+00:00,10109.669974918137
2023-04-18 00:00:00+00:00,10190.369681949387
2023-04-19 00:00:00+00:00,9992.215441384791
2023-04-20 00:00:00+00:00,9992.215441384791
2023-04-21 00:00:00+00:00,9896.94527624104
2023-04-23 00:00:00+00:00,9896.94527624104
2023-04-24 00:00:00+00:00,9896.94527624104
2023-04-25 00:00:00+00:00,9896.94527624104
2023-04-26 00:00:00+00:00,9896.94527624104
2023-04-27 00:00:00+00:00,9894.59761999104
2023-04-28 00:00:00+00:00,9894.59761999104
2023-04-30 00:00:00+00:00,9894.59761999104
2023-05-01 00:00:00+00:00,9894.59761999104
2023-05-02 00:00:00+00:00,9894.59761999104
2023-05-03 00:00:00+00:00,9977.87789342854
2023-05-04 00:00:00+00:00,9977.87789342854
2023-05-05 00:00:00+00:00,10016.07369420979
2023-05-07 00:00:00+00:00,10016.07369420979
2023-05-08 00:00:00+00:00,10016.07369420979
2023-05-09 00:00:00+00:00,10016.07369420979
2023-05-10 00:00:00+00:00,10016.07369420979
2023-05-11 00:00:00+00:00,10089.58638952229
2023-05-12 00:00:00+00:00,10091.316125850415
2023-05-14 00:00:00+00:00,10091.316125850415
2023-05-15 00:00:00+00:00,10091.316125850415
2023-05-16 00:00:00+00:00,10091.19527624104
2023-05-17 00:00:00+00:00,10091.19527624104
2023-05-18 00:00:00+00:00,10001.44891144555
2023-05-19 00:00:00+00:00,10001.44891144555
2023-05-21 00:00:00+00:00,10001.44891144555
2023-05-22 00:00:00+00:00,10001.44891144555
2023-05-23 00:00:00+00:00,9990.288999336175
2023-05-24 00:00:00+00:00,9990.288999336175
2023-05-25 00:00:00+00:00,10012.33367707055
2023-05-26 00:00:00+00:00,10004.77313019555
2023-05-28 00:00:00+00:00,10004.77313019555
2023-05-29 00:00:00+00:00,10004.77313019555
2023-05-30 00:00:00+00:00,10004.77313019555
2023-05-31 00:00:00+00:00,10004.77313019555
2023-06-01 00:00:00+00:00,10004.77313019555
2023-06-02 00:00:00+00:00,9914.841605913165
2023-06-04 00:00:00+00:00,9914.841605913165
2023-06-05 00:00:00+00:00,9914.841605913165
2023-06-06 00:00:00+00:00,9914.841605913165
2023-06-07 00:00:00+00:00,9959.094047319415
2023-06-08 00:00:00+00:00,9959.094047319415
2023-06-09 00:00:00+00:00,9959.094047319415
2023-06-11 00:00:00+00:00,9959.094047319415
2023-06-12 00:00:00+00:00,9943.784965288165
2023-06-13 00:00:00+00:00,9943.784965288165
2023-06-14 00:00:00+00:00,9911.763480913165
2023-06-15 00:00:00+00:00,9885.243949663165
2023-06-16 00:00:00+00:00,9885.243949663165
2023-06-18 00:00:00+00:00,9885.243949663165
2023-06-19 00:00:00+00:00,9885.243949663165
2023-06-20 00:00:00+00:00,9851.574393999103
2023-06-21 00:00:00+00:00,9856.123954545978
2023-06-22 00:00:00+00:00,9818.29399849129
2023-06-23 00:00:00+00:00,9818.29399849129
2023-06-25 00:00:00+00:00,9818.29399849129
2023-06-26 00:00:00+00:00,9818.29399849129
2023-06-27 00:00:00+00:00,9818.29399849129
2023-06-28 00:00:00+00:00,9806.544120561603
2023-06-29 00:00:00+00:00,9806.544120561603
2023-06-30 00:00:00+00:00,9806.544120561603
2023-07-02 00:00:00+00:00,9806.544120561603
2023-07-03 00:00:00+00:00,9806.544120561603
2023-07-04 00:00:00+00:00,9806.544120561603
2023-07-05 00:00:00+00:00,9806.544120561603
2023-07-06 00:00:00+00:00,9806.544120561603
2023-07-07 00:00:00+00:00,9806.544120561603
2023-07-09 00:00:00+00:00,9806.544120561603
2023-07-10 00:00:00+00:00,9845.823905717853
2023-07-11 00:00:00+00:00,9845.823905717853
2023-07-12 00:00:00+00:00,9845.823905717853
2023-07-13 00:00:00+00:00,9845.823905717853
2023-07-14 00:00:00+00:00,9845.823905717853
2023-07-16 00:00:00+00:00,9845.823905717853
2023-07-17 00:00:00+00:00,9845.823905717853
2023-07-18 00:00:00+00:00,9845.823905717853
2023-07-19 00:00:00+00:00,9845.823905717853
2023-07-20 00:00:00+00:00,9824.35259224129
2023-07-21 00:00:00+00:00,9829.952567827228
2023-07-23 00:00:00+00:00,9829.952567827228
2023-07-24 00:00:00+00:00,9829.952567827228
2023-07-25 00:00:00+00:00,9857.512626420978
2023-07-26 00:00:00+00:00,9857.512626420978
2023-07-27 00:00:00+00:00,9822.469796131005
2023-07-28 00:00:00+00:00,9822.469796131005
2023-07-30 00:00:00+00:00,9822.469796131005
2023-07-31 00:00:00+00:00,9822.469796131005
2023-08-01 00:00:00+00:00,9822.469796131005
2023-08-02 00:00:00+00:00,9822.469796131005
2023-08-03 00:00:00+00:00,9822.469796131005
2023-08-04 00:00:00+00:00,9822.469796131005
2023-08-06 00:00:00+00:00,9822.469796131005
2023-08-07 00:00:00+00:00,9822.469796131005
2023-08-08 00:00:00+00:00,9810.77472777163
2023-08-09 00:00:00+00:00,9810.77472777163
2023-08-10 00:00:00+00:00,9810.77472777163
2023-08-11 00:00:00+00:00,9810.77472777163
2023-08-13 00:00:00+00:00,9810.77472777163
2023-08-14 00:00:00+00:00,9828.26691527163
2023-08-15 00:00:00+00:00,9834.356881091942
2023-08-16 00:00:00+00:00,9834.356881091942
2023-08-17 00:00:00+00:00,9834.356881091942
2023-08-18 00:00:00+00:00,9834.356881091942
2023-08-20 00:00:00+00:00,9834.356881091942
2023-08-21 00:00:00+00:00,9834.356881091942
2023-08-22 00:00:00+00:00,9834.356881091942
2023-08-23 00:00:00+00:00,9834.356881091942
2023-08-24 00:00:00+00:00,9834.356881091942
2023-08-25 00:00:00+00:00,9834.356881091942
2023-08-27 00:00:00+00:00,9834.356881091942
2023-08-28 00:00:00+00:00,9834.356881091942
2023-08-29 00:00:00+00:00,9834.356881091942
2023-08-30 00:00:00+00:00,9834.356881091942
2023-08-31 00:00:00+00:00,9834.356881091942
2023-09-01 00:00:00+00:00,9834.356881091942
2023-09-03 00:00:00+00:00,9834.356881091942
2023-09-04 00:00:00+00:00,9834.356881091942
2023-09-05 00:00:00+00:00,9834.356881091942
2023-09-06 00:00:00+00:00,9834.356881091942
2023-09-07 00:00:00+00:00,9834.356881091942
2023-09-08 00:00:00+00:00,9834.356881091942
2023-09-10 00:00:00+00:00,9834.356881091942
2023-09-11 00:00:00+00:00,9834.356881091942
2023-09-12 00:00:00+00:00,9787.073764697148
2023-09-13 00:00:00+00:00,9787.073764697148
2023-09-14 00:00:00+00:00,9820.353549853398
2023-09-15 00:00:00+00:00,9820.353549853398
2023-09-17 00:00:00+00:00,9820.353549853398
2023-09-18 00:00:00+00:00,9820.353549853398
2023-09-19 00:00:00+00:00,9820.353549853398
2023-09-20 00:00:00+00:00,9830.073154345586
2023-09-21 00:00:00+00:00,9781.617497238425
2023-09-22 00:00:00+00:00,9781.617497238425
2023-09-24 00:00:00+00:00,9781.617497238425
2023-09-25 00:00:00+00:00,9781.617497238425
2023-09-26 00:00:00+00:00,9790.068180832175
2023-09-27 00:00:00+00:00,9790.068180832175
2023-09-28 00:00:00+00:00,9790.068180832175
2023-09-29 00:00:00+00:00,9790.068180832175
2023-10-01 00:00:00+00:00,9790.068180832175
2023-10-02 00:00:00+00:00,9790.068180832175
2023-10-03 00:00:00+00:00,9790.068180832175
2023-10-04 00:00:00+00:00,9790.068180832175
2023-10-05 00:00:00+00:00,9797.448063644675
2023-10-06 00:00:00+00:00,9869.448063644675
2023-10-08 00:00:00+00:00,9869.448063644675
2023-10-09 00:00:00+00:00,9885.568180832175
2023-10-10 00:00:00+00:00,9885.568180832175
2023-10-11 00:00:00+00:00,9885.568180832175
2023-10-12 00:00:00+00:00,9885.568180832175
2023-10-13 00:00:00+00:00,9885.568180832175
2023-10-15 00:00:00+00:00,9885.568180832175
2023-10-16 00:00:00+00:00,9892.677433761863
2023-10-17 00:00:00+00:00,9892.677433761863
2023-10-18 00:00:00+00:00,9892.677433761863
2023-10-19 00:00:00+00:00,9892.677433761863
2023-10-20 00:00:00+00:00,9892.677433761863
2023-10-22 00:00:00+00:00,9892.677433761863
2023-10-23 00:00:00+00:00,9892.677433761863
2023-10-24 00:00:00+00:00,9892.677433761863
2023-10-25 00:00:00+00:00,9892.677433761863
2023-10-26 00:00:00+00:00,9892.677433761863
2023-10-27 00:00:00+00:00,9902.9639327853
2023-10-29 00:00:00+00:00,9902.9639327853
2023-10-30 00:00:00+00:00,9902.9639327853
2023-10-31 00:00:00+00:00,9902.9639327853
2023-11-01 00:00:00+00:00,9902.9639327853
2023-11-02 00:00:00+00:00,9902.9639327853
2023-11-03 00:00:00+00:00,9902.9639327853
2023-11-05 00:00:00+00:00,9902.9639327853
2023-11-06 00:00:00+00:00,9902.9639327853
2023-11-07 00:00:00+00:00,9902.9639327853
2023-11-08 00:00:00+00:00,9905.784001144675
2023-11-09 00:00:00+00:00,9905.784001144675
2023-11-10 00:00:00+00:00,9905.784001144675
2023-11-12 00:00:00+00:00,9905.784001144675
2023-11-13 00:00:00+00:00,9905.784001144675
2023-11-14 00:00:00+00:00,9905.784001144675
2023-11-15 00:00:00+00:00,9890.40485075405
2023-11-16 00:00:00+00:00,9890.40485075405
2023-11-17 00:00:00+00:00,9890.40485075405
2023-11-19 00:00:00+00:00,9890.40485075405
2023-11-20 00:00:00+00:00,9955.951481613425
2023-11-21 00:00:00+00:00,9994.135075363425
2023-11-22 00:00:00+00:00,9994.135075363425
2023-11-23 00:00:00+00:00,9994.135075363425
2023-11-24 00:00:00+00:00,9994.135075363425
2023-11-26 00:00:00+00:00,9994.135075363425
2023-11-27 00:00:00+00:00,9994.135075363425
2023-11-28 00:00:00+00:00,9994.135075363425
2023-11-29 00:00:00+00:00,9994.135075363425
2023-11-30 00:00:00+00:00,9994.135075363425
2023-12-01 00:00:00+00:00,9994.135075363425
2023-12-03 00:00:00+00:00,9994.135075363425
2023-12-04 00:00:00+00:00,9994.135075363425
2023-12-05 00:00:00+00:00,9994.135075363425
2023-12-06 00:00:00+00:00,9994.135075363425
2023-12-07 00:00:00+00:00,9994.135075363425
2023-12-08 00:00:00+00:00,9899.722138461382
2023-12-10 00:00:00+00:00,9899.722138461382
2023-12-11 00:00:00+00:00,9899.722138461382
2023-12-12 00:00:00+00:00,9899.722138461382
2023-12-13 00:00:00+00:00,9986.602021273882
2023-12-14 00:00:00+00:00,9986.602021273882
2023-12-15 00:00:00+00:00,9991.302338656695
2023-12-17 00:00:00+00:00,9991.302338656695
2023-12-18 00:00:00+00:00,9991.302338656695
2023-12-19 00:00:00+00:00,9991.302338656695
2023-12-20 00:00:00+00:00,9991.302338656695
2023-12-21 00:00:00+00:00,9991.302338656695
2023-12-22 00:00:00+00:00,9991.302338656695
2023-12-25 00:00:00+00:00,9991.302338656695
2023-12-26 00:00:00+00:00,9974.298432406695
2023-12-27 00:00:00+00:00,9974.298432406695
2023-12-28 00:00:00+00:00,9950.857026156695
2023-12-29 00:00:00+00:00,9950.857026156695
2024-01-01 00:00:00+00:00,9950.857026156695
2024-01-02 00:00:00+00:00,9950.857026156695
2024-01-03 00:00:00+00:00,9950.857026156695
2024-01-04 00:00:00+00:00,9976.427704867632
2024-01-05 00:00:00+00:00,9976.427704867632
2024-01-07 00:00:00+00:00,9976.427704867632
2024-01-08 00:00:00+00:00,9976.427704867632
2024-01-09 00:00:00+00:00,9976.427704867632
2024-01-10 00:00:00+00:00,9976.427704867632
2024-01-11 00:00:00+00:00,9976.427704867632
2024-01-12 00:00:00+00:00,9976.427704867632
2024-01-14 00:00:00+00:00,9976.427704867632
2024-01-15 00:00:00+00:00,9976.427704867632
2024-01-16 00:00:00+00:00,9932.908173617632
2024-01-17 00:00:00+00:00,9902.468232211382
2024-01-18 00:00:00+00:00,9902.468232211382
2024-01-19 00:00:00+00:00,9902.468232211382
2024-01-21 00:00:00+00:00,9902.468232211382
2024-01-22 00:00:00+00:00,9902.468232211382
2024-01-23 00:00:00+00:00,9902.468232211382
2024-01-24 00:00:00+00:00,9902.468232211382
2024-01-25 00:00:00+00:00,9902.468232211382
2024-01-26 00:00:00+00:00,9902.468232211382
2024-01-28 00:00:00+00:00,9902.468232211382
2024-01-29 00:00:00+00:00,9902.468232211382
2024-01-30 00:00:00+00:00,9902.468232211382
2024-01-31 00:00:00+00:00,9902.468232211382
2024-02-01 00:00:00+00:00,9902.468232211382
2024-02-02 00:00:00+00:00,9887.64828592232
2024-02-04 00:00:00+00:00,9887.64828592232
2024-02-05 00:00:00+00:00,9887.64828592232
2024-02-06 00:00:00+00:00,9887.64828592232
2024-02-07 00:00:00+00:00,9887.64828592232
2024-02-08 00:00:00+00:00,9827.76840310982
2024-02-09 00:00:00+00:00,9807.18881326607
2024-02-11 00:00:00+00:00,9807.18881326607
2024-02-12 00:00:00+00:00,9807.18881326607
2024-02-13 00:00:00+00:00,9774.391826701813
2024-02-14 00:00:00+00:00,9789.041484904938
2024-02-15 00:00:00+00:00,9789.041484904938
2024-02-16 00:00:00+00:00,9841.481426311188
2024-02-18 00:00:00+00:00,9841.481426311188
2024-02-19 00:00:00+00:00,9841.481426311188
2024-02-20 00:00:00+00:00,9841.481426311188
2024-02-21 00:00:00+00:00,9841.481426311188
2024-02-22 00:00:00+00:00,9841.481426311188
2024-02-23 00:00:00+00:00,9841.481426311188
2024-02-25 00:00:00+00:00,9841.481426311188
2024-02-26 00:00:00+00:00,9841.481426311188
2024-02-27 00:00:00+00:00,9841.481426311188
2024-02-28 00:00:00+00:00,9841.481426311188
2024-02-29 00:00:00+00:00,9841.481426311188
2024-03-01 00:00:00+00:00,9841.481426311188
2024-03-03 00:00:00+00:00,9841.481426311188
2024-03-04 00:00:00+00:00,9841.481426311188
2024-03-05 00:00:00+00:00,9841.481426311188
2024-03-06 00:00:00+00:00,9841.481426311188
2024-03-07 00:00:00+00:00,9841.481426311188
2024-03-08 00:00:00+00:00,9841.481426311188
2024-03-10 00:00:00+00:00,9841.481426311188
2024-03-11 00:00:00+00:00,9841.481426311188
2024-03-12 00:00:00+00:00,9841.481426311188
2024-03-13 00:00:00+00:00,9841.481426311188
2024-03-14 00:00:00+00:00,9841.481426311188
2024-03-15 00:00:00+00:00,9841.481426311188
2024-03-17 00:00:00+00:00,9841.481426311188
2024-03-18 00:00:00+00:00,9841.481426311188
2024-03-19 00:00:00+00:00,9841.481426311188
2024-03-20 00:00:00+00:00,9841.481426311188
2024-03-21 00:00:00+00:00,9795.641750200088
2024-03-22 00:00:00+00:00,9795.491603715713
2024-03-24 00:00:00+00:00,9795.491603715713
2024-03-25 00:00:00+00:00,9795.491603715713
2024-03-26 00:00:00+00:00,9795.491603715713
2024-03-27 00:00:00+00:00,9795.491603715713
2024-03-28 00:00:00+00:00,9795.491603715713
2024-03-31 00:00:00+00:00,9795.491603715713
2024-04-01 00:00:00+00:00,9795.491603715713
2024-04-02 00:00:00+00:00,9795.491603715713
2024-04-03 00:00:00+00:00,9790.311427934463
2024-04-04 00:00:00+00:00,9810.831691606338
2024-04-05 00:00:00+00:00,9828.509425981338
2024-04-07 00:00:00+00:00,9828.509425981338
2024-04-08 00:00:00+00:00,9830.199611528213
2024-04-09 00:00:00+00:00,9830.199611528213
2024-04-10 00:00:00+00:00,9836.262599809463
2024-04-11 00:00:00+00:00,9836.262599809463
2024-04-12 00:00:00+00:00,9836.262599809463
2024-04-14 00:00:00+00:00,9836.262599809463
2024-04-15 00:00:00+00:00,9869.265529496963
2024-04-16 00:00:00+00:00,9868.475490434463
2024-04-17 00:00:00+00:00,9873.715480668838
2024-04-18 00:00:00+00:00,9873.715480668838
2024-04-19 00:00:00+00:00,9873.715480668838
2024-04-21 00:00:00+00:00,9873.715480668838
2024-04-22 00:00:00+00:00,9847.455715043838
2024-04-23 00:00:00+00:00,9849.637599809463
2024-04-24 00:00:00+00:00,9849.637599809463
2024-04-25 00:00:00+00:00,9876.777736528213
2024-04-26 00:00:00+00:00,9876.777736528213
2024-04-28 00:00:00+00:00,9876.777736528213
2024-04-29 00:00:00+00:00,9898.935695512588
2024-04-30 00:00:00+00:00,9898.935695512588
2024-05-01 00:00:00+00:00,9898.935695512588
2024-05-02 00:00:00+00:00,9898.935695512588
2024-05-03 00:00:00+00:00,9898.935695512588
2024-05-05 00:00:00+00:00,9898.935695512588
2024-05-06 00:00:00+00:00,9898.935695512588
2024-05-07 00:00:00+00:00,9898.935695512588
2024-05-08 00:00:00+00:00,9963.355861528213
2024-05-09 00:00:00+00:00,9963.355861528213
2024-05-10 00:00:00+00:00,9963.355861528213
2024-05-12 00:00:00+00:00,9963.355861528213
2024-05-13 00:00:00+00:00,9963.355861528213
2024-05-14 00:00:00+00:00,9963.355861528213
2024-05-15 00:00:00+00:00,9963.355861528213
2024-05-16 00:00:00+00:00,9990.923244340713
2024-05-17 00:00:00+00:00,9990.923244340713
2024-05-19 00:00:00+00:00,9990.923244340713
2024-05-20 00:00:00+00:00,9990.923244340713
2024-05-21 00:00:00+00:00,9990.923244340713
2024-05-22 00:00:00+00:00,9966.503566606338
2024-05-23 00:00:00+00:00,9978.019435746963
2024-05-24 00:00:00+00:00,9978.019435746963
2024-05-26 00:00:00+00:00,9978.019435746963
2024-05-27 00:00:00+00:00,9978.019435746963
2024-05-28 00:00:00+00:00,9988.219142778213
2024-05-29 00:00:00+00:00,9988.219142778213
2024-05-30 00:00:00+00:00,9988.219142778213
2024-05-31 00:00:00+00:00,9988.219142778213
2024-06-02 00:00:00+00:00,9988.219142778213
2024-06-03 00:00:00+00:00,9988.219142778213
2024-06-04 00:00:00+00:00,10015.728664262588
2024-06-05 00:00:00+00:00,10015.728664262588
2024-06-06 00:00:00+00:00,10015.728664262588
2024-06-07 00:00:00+00:00,9968.778957231338
2024-06-09 00:00:00+00:00,9968.778957231338
2024-06-10 00:00:00+00:00,9968.778957231338
2024-06-11 00:00:00+00:00,9974.538722856338
2024-06-12 00:00:00+00:00,9974.538722856338
2024-06-13 00:00:00+00:00,9969.238429887588
2024-06-14 00:00:00+00:00,9969.238429887588
2024-06-16 00:00:00+00:00,9969.238429887588
2024-06-17 00:00:00+00:00,9969.238429887588
2024-06-18 00:00:00+00:00,9969.238429887588
2024-06-19 00:00:00+00:00,9969.238429887588
2024-06-20 00:00:00+00:00,9969.238429887588
2024-06-21 00:00:00+00:00,9885.989604941804
2024-06-23 00:00:00+00:00,9885.989604941804
2024-06-24 00:00:00+00:00,9885.989604941804
2024-06-25 00:00:00+00:00,9885.989604941804
2024-06-26 00:00:00+00:00,9885.989604941804
2024-06-27 00:00:00+00:00,9885.989604941804
2024-06-28 00:00:00+00:00,9878.725444785554
2024-06-30 00:00:00+00:00,9878.725444785554
2024-07-01 00:00:00+00:00,9878.725444785554
2024-07-02 00:00:00+00:00,9878.725444785554
2024-07-03 00:00:00+00:00,9878.725444785554
2024-07-04 00:00:00+00:00,9878.725444785554
2024-07-05 00:00:00+00:00,9878.725444785554
2024-07-07 00:00:00+00:00,9878.725444785554
2024-07-08 00:00:00+00:00,9867.851421348054
2024-07-09 00:00:00+00:00,9867.851421348054
2024-07-10 00:00:00+00:00,9867.851421348054
2024-07-11 00:00:00+00:00,9867.851421348054
2024-07-12 00:00:00+00:00,9915.591167441804
2024-07-14 00:00:00+00:00,9915.591167441804
2024-07-15 00:00:00+00:00,9915.591167441804
2024-07-16 00:00:00+00:00,9915.591167441804
2024-07-17 00:00:00+00:00,9915.591167441804
2024-07-18 00:00:00+00:00,9915.591167441804
2024-07-19 00:00:00+00:00,9878.450542441804
2024-07-21 00:00:00+00:00,9878.450542441804
2024-07-22 00:00:00+00:00,9878.450542441804
2024-07-23 00:00:00+00:00,9878.450542441804
2024-07-24 00:00:00+00:00,9878.450542441804
2024-07-25 00:00:00+00:00,9845.456401816804
2024-07-26 00:00:00+00:00,9845.456401816804
2024-07-28 00:00:00+00:00,9845.456401816804
2024-07-29 00:00:00+00:00,9842.256694785554
2024-07-30 00:00:00+00:00,9842.256694785554
2024-07-31 00:00:00+00:00,9842.256694785554
2024-08-01 00:00:00+00:00,9842.256694785554
2024-08-02 00:00:00+00:00,9842.256694785554
2024-08-04 00:00:00+00:00,9842.256694785554
2024-08-05 00:00:00+00:00,9842.256694785554
2024-08-06 00:00:00+00:00,9835.056743613679
2024-08-07 00:00:00+00:00,9835.056743613679
2024-08-08 00:00:00+00:00,9835.056743613679
2024-08-09 00:00:00+00:00,9835.056743613679
2024-08-11 00:00:00+00:00,9835.056743613679
2024-08-12 00:00:00+00:00,9835.056743613679
2024-08-13 00:00:00+00:00,9835.056743613679
2024-08-14 00:00:00+00:00,9825.265727988679
2024-08-15 00:00:00+00:00,9825.265727988679
2024-08-16 00:00:00+00:00,9825.265727988679
2024-08-18 00:00:00+00:00,9825.265727988679
2024-08-19 00:00:00+00:00,9825.265727988679
2024-08-20 00:00:00+00:00,9826.658794394929
2024-08-21 00:00:00+00:00,9847.596782676179
2024-08-22 00:00:00+00:00,9847.596782676179
2024-08-23 00:00:00+00:00,9847.596782676179
2024-08-25 00:00:00+00:00,9847.596782676179
2024-08-26 00:00:00+00:00,9847.596782676179
2024-08-27 00:00:00+00:00,9847.596782676179
2024-08-28 00:00:00+00:00,9847.596782676179
2024-08-29 00:00:00+00:00,9882.976665488679
2024-08-30 00:00:00+00:00,9882.976665488679
2024-09-01 00:00:00+00:00,9882.976665488679
2024-09-02 00:00:00+00:00,9882.976665488679
2024-09-03 00:00:00+00:00,9891.377544394929
2024-09-04 00:00:00+00:00,9891.377544394929
2024-09-05 00:00:00+00:00,9891.377544394929
2024-09-06 00:00:00+00:00,9891.377544394929
2024-09-08 00:00:00+00:00,9891.377544394929
2024-09-09 00:00:00+00:00,9923.641460410554
2024-09-10 00:00:00+00:00,9923.641460410554
2024-09-11 00:00:00+00:00,9979.293804160554
2024-09-12 00:00:00+00:00,9979.293804160554
2024-09-13 00:00:00+00:00,9979.293804160554
2024-09-15 00:00:00+00:00,9979.293804160554
2024-09-16 00:00:00+00:00,9979.293804160554
2024-09-17 00:00:00+00:00,9979.293804160554
2024-09-18 00:00:00+00:00,9979.293804160554
2024-09-19 00:00:00+00:00,9979.293804160554
2024-09-20 00:00:00+00:00,9979.293804160554
2024-09-22 00:00:00+00:00,9979.293804160554
2024-09-23 00:00:00+00:00,9979.293804160554
2024-09-24 00:00:00+00:00,9979.293804160554
2024-09-25 00:00:00+00:00,9979.293804160554
2024-09-26 00:00:00+00:00,9979.293804160554
2024-09-27 00:00:00+00:00,9973.582378379304
2024-09-29 00:00:00+00:00,9973.582378379304
2024-09-30 00:00:00+00:00,9973.582378379304
2024-10-01 00:00:00+00:00,9973.582378379304
2024-10-02 00:00:00+00:00,9973.582378379304
2024-10-03 00:00:00+00:00,9973.582378379304
2024-10-04 00:00:00+00:00,9980.474956504304
2024-10-06 00:00:00+00:00,9980.474956504304
2024-10-07 00:00:00+00:00,9980.474956504304
2024-10-08 00:00:00+00:00,9980.474956504304
2024-10-09 00:00:00+00:00,9980.474956504304
2024-10-10 00:00:00+00:00,9980.474956504304
2024-10-11 00:00:00+00:00,9980.474956504304
2024-10-13 00:00:00+00:00,9977.324321738679
2024-10-14 00:00:00+00:00,9966.374614707429
2024-10-15 00:00:00+00:00,9966.374614707429
2024-10-16 00:00:00+00:00,9966.374614707429
2024-10-17 00:00:00+00:00,9966.374614707429
2024-10-18 00:00:00+00:00,9966.374614707429
2024-10-20 00:00:00+00:00,9966.374614707429
2024-10-21 00:00:00+00:00,9966.374614707429
2024-10-22 00:00:00+00:00,9966.374614707429
2024-10-23 00:00:00+00:00,10057.444683066804
2024-10-24 00:00:00+00:00,10057.444683066804
2024-10-25 00:00:00+00:00,10057.444683066804
2024-10-27 00:00:00+00:00,10057.444683066804
2024-10-28 00:00:00+00:00,10057.444683066804
2024-10-29 00:00:00+00:00,10057.444683066804
2024-10-30 00:00:00+00:00,10057.444683066804
2024-10-31 00:00:00+00:00,10057.444683066804
2024-11-01 00:00:00+00:00,10057.444683066804
2024-11-03 00:00:00+00:00,10057.444683066804
2024-11-04 00:00:00+00:00,10057.444683066804
2024-11-05 00:00:00+00:00,10124.704448691804
2024-11-06 00:00:00+00:00,10139.690288535554
2024-11-07 00:00:00+00:00,10160.060405723054
2024-11-08 00:00:00+00:00,10160.060405723054
2024-11-10 00:00:00+00:00,10160.060405723054
2024-11-11 00:00:00+00:00,10086.317241660554
2024-11-12 00:00:00+00:00,10086.317241660554
2024-11-13 00:00:00+00:00,10086.317241660554
2024-11-14 00:00:00+00:00,10086.317241660554
2024-11-15 00:00:00+00:00,10108.276714316804
2024-11-17 00:00:00+00:00,10108.276714316804
2024-11-18 00:00:00+00:00,10108.276714316804
2024-11-19 00:00:00+00:00,10108.276714316804
2024-11-20 00:00:00+00:00,10108.276714316804
2024-11-21 00:00:00+00:00,10108.276714316804
2024-11-22 00:00:00+00:00,10108.276714316804
2024-11-24 00:00:00+00:00,10108.276714316804
2024-11-25 00:00:00+00:00,10053.333354941804
2024-11-26 00:00:00+00:00,10113.753765098054
2024-11-27 00:00:00+00:00,10113.753765098054
2024-11-28 00:00:00+00:00,10130.504253379304
2024-11-29 00:00:00+00:00,10130.504253379304
2024-12-01 00:00:00+00:00,10130.504253379304
2024-12-02 00:00:00+00:00,10130.504253379304
2024-12-03 00:00:00+00:00,10130.504253379304
2024-12-04 00:00:00+00:00,10130.504253379304
2024-12-05 00:00:00+00:00,10130.504253379304
2024-12-06 00:00:00+00:00,10234.983745566804
2024-12-08 00:00:00+00:00,10234.983745566804
2024-12-09 00:00:00+00:00,10234.983745566804
2024-12-10 00:00:00+00:00,10234.983745566804
2024-12-11 00:00:00+00:00,10262.504253379304
2024-12-12 00:00:00+00:00,10262.504253379304
2024-12-13 00:00:00+00:00,10248.618755332429
2024-12-15 00:00:00+00:00,10248.618755332429
2024-12-16 00:00:00+00:00,10248.618755332429
2024-12-17 00:00:00+00:00,10248.618755332429
2024-12-18 00:00:00+00:00,10151.768478614971
2024-12-19 00:00:00+00:00,10151.768478614971
2024-12-20 00:00:00+00:00,10151.768478614971
2024-12-22 00:00:00+00:00,10151.768478614971
2024-12-23 00:00:00+00:00,10151.768478614971
2024-12-24 00:00:00+00:00,10151.768478614971
2024-12-25 00:00:00+00:00,10151.768478614971
2024-12-26 00:00:00+00:00,10151.768478614971
2024-12-27 00:00:00+00:00,10151.768478614971
2024-12-29 00:00:00+00:00,10151.768478614971
2024-12-30 00:00:00+00:00,10151.768478614971
2024-12-31 00:00:00+00:00,10151.768478614971
2025-01-01 00:00:00+00:00,10151.768478614971
2025-01-02 00:00:00+00:00,10151.768478614971
2025-01-03 00:00:00+00:00,10125.933517677471
2025-01-05 00:00:00+00:00,10125.933517677471
2025-01-06 00:00:00+00:00,10125.933517677471
2025-01-07 00:00:00+00:00,10125.933517677471
2025-01-08 00:00:00+00:00,10125.933517677471
2025-01-09 00:00:00+00:00,10125.933517677471
2025-01-10 00:00:00+00:00,10125.933517677471
2025-01-12 00:00:00+00:00,10125.933517677471
2025-01-13 00:00:00+00:00,10125.933517677471
2025-01-14 00:00:00+00:00,10125.933517677471
2025-01-15 00:00:00+00:00,10125.933517677471
2025-01-16 00:00:00+00:00,10125.933517677471
2025-01-17 00:00:00+00:00,10125.933517677471
2025-01-19 00:00:00+00:00,10125.933517677471
2025-01-20 00:00:00+00:00,10125.933517677471
2025-01-21 00:00:00+00:00,10125.933517677471
2025-01-22 00:00:00+00:00,10125.933517677471
2025-01-23 00:00:00+00:00,10102.552902443096
2025-01-24 00:00:00+00:00,10102.552902443096
2025-01-26 00:00:00+00:00,10102.552902443096
2025-01-27 00:00:00+00:00,10102.552902443096
2025-01-28 00:00:00+00:00,10102.552902443096
2025-01-29 00:00:00+00:00,10102.552902443096
2025-01-30 00:00:00+00:00,10102.552902443096
2025-01-31 00:00:00+00:00,10102.552902443096
2025-02-02 00:00:00+00:00,10102.552902443096
2025-02-03 00:00:00+00:00,10102.552902443096
2025-02-04 00:00:00+00:00,10102.552902443096
2025-02-05 00:00:00+00:00,10102.552902443096
2025-02-06 00:00:00+00:00,10130.892502052471
2025-02-07 00:00:00+00:00,10130.892502052471
2025-02-09 00:00:00+00:00,10130.892502052471
2025-02-10 00:00:00+00:00,10130.892502052471
2025-02-11 00:00:00+00:00,10130.892502052471
2025-02-12 00:00:00+00:00,10130.892502052471
2025-02-13 00:00:00+00:00,10130.892502052471
2025-02-14 00:00:00+00:00,10030.515180280789
2025-02-16 00:00:00+00:00,10030.515180280789
2025-02-17 00:00:00+00:00,10030.515180280789
2025-02-18 00:00:00+00:00,10030.515180280789
2025-02-19 00:00:00+00:00,10030.515180280789
2025-02-20 00:00:00+00:00,10033.715375593289
2025-02-21 00:00:00+00:00,10073.444135358914
2025-02-23 00:00:00+00:00,10073.444135358914
2025-02-24 00:00:00+00:00,10138.444135358914
2025-02-25 00:00:00+00:00,10090.023969343289
2025-02-26 00:00:00+00:00,10147.533734968289
2025-02-27 00:00:00+00:00,10081.833051374539
2025-02-28 00:00:00+00:00,10063.673871687039
2025-03-02 00:00:00+00:00,10063.673871687039
2025-03-03 00:00:00+00:00,10063.673871687039
2025-03-04 00:00:00+00:00,10063.673871687039
2025-03-05 00:00:00+00:00,10112.612836530789
2025-03-06 00:00:00+00:00,10112.612836530789
2025-03-07 00:00:00+00:00,10139.332563093289
2025-03-09 00:00:00+00:00,10139.332563093289
2025-03-10 00:00:00+00:00,10139.332563093289
2025-03-11 00:00:00+00:00,10139.332563093289
2025-03-12 00:00:00+00:00,10139.332563093289
2025-03-13 00:00:00+00:00,10139.332563093289
2025-03-14 00:00:00+00:00,10139.332563093289
2025-03-16 00:00:00+00:00,10139.332563093289
2025-03-17 00:00:00+00:00,10139.332563093289
2025-03-18 00:00:00+00:00,10139.332563093289
2025-03-19 00:00:00+00:00,10139.332563093289
2025-03-20 00:00:00+00:00,10139.332563093289
2025-03-21 00:00:00+00:00,10050.481610713628
2025-03-23 00:00:00+00:00,10050.481610713628
2025-03-24 00:00:00+00:00,10039.891522823003
2025-03-25 00:00:00+00:00,10039.891522823003
2025-03-26 00:00:00+00:00,10039.891522823003
2025-03-27 00:00:00+00:00,10039.891522823003
2025-03-28 00:00:00+00:00,10039.891522823003
2025-03-30 00:00:00+00:00,10039.891522823003
2025-03-31 00:00:00+00:00,10064.691327510503
2025-04-01 00:00:00+00:00,10064.691327510503
2025-04-02 00:00:00+00:00,10064.691327510503
2025-04-03 00:00:00+00:00,9981.105829422817
2025-04-04 00:00:00+00:00,9981.105829422817
2025-04-06 00:00:00+00:00,9981.105829422817
2025-04-07 00:00:00+00:00,9981.105829422817
2025-04-08 00:00:00+00:00,9981.105829422817
2025-04-09 00:00:00+00:00,9981.105829422817
2025-04-10 00:00:00+00:00,9981.105829422817
2025-04-11 00:00:00+00:00,9981.105829422817
2025-04-13 00:00:00+00:00,9981.105829422817
2025-04-14 00:00:00+00:00,9981.105829422817
2025-04-15 00:00:00+00:00,9981.105829422817
2025-04-16 00:00:00+00:00,9981.105829422817
2025-04-17 00:00:00+00:00,9981.105829422817
2025-04-20 00:00:00+00:00,9981.105829422817
2025-04-21 00:00:00+00:00,9981.105829422817
2025-04-22 00:00:00+00:00,9981.105829422817
2025-04-23 00:00:00+00:00,9981.105829422817
2025-04-24 00:00:00+00:00,9981.105829422817
2025-04-25 00:00:00+00:00,9947.585809891567
2025-04-27 00:00:00+00:00,9947.585809891567
2025-04-28 00:00:00+00:00,9947.585809891567
2025-04-29 00:00:00+00:00,9947.585809891567
2025-04-30 00:00:00+00:00,9947.585809891567
2025-05-01 00:00:00+00:00,9947.585809891567
2025-05-02 00:00:00+00:00,9923.165399735317
2025-05-04 00:00:00+00:00,9923.165399735317
2025-05-05 00:00:00+00:00,9923.165399735317
2025-05-06 00:00:00+00:00,9923.165399735317
2025-05-07 00:00:00+00:00,9923.165399735317
2025-05-08 00:00:00+00:00,9918.095575516567
2025-05-09 00:00:00+00:00,9918.095575516567
2025-05-11 00:00:00+00:00,9927.235223954067
2025-05-12 00:00:00+00:00,9881.415155594692
2025-05-13 00:00:00+00:00,9881.415155594692
2025-05-14 00:00:00+00:00,9844.73945314714
2025-05-15 00:00:00+00:00,9844.73945314714
2025-05-16 00:00:00+00:00,9844.73945314714
2025-05-18 00:00:00+00:00,9844.73945314714
2025-05-19 00:00:00+00:00,9844.73945314714
2025-05-20 00:00:00+00:00,9844.73945314714
2025-05-21 00:00:00+00:00,9844.73945314714
2025-05-22 00:00:00+00:00,9844.73945314714
2025-05-23 00:00:00+00:00,9844.73945314714
2025-05-25 00:00:00+00:00,9843.57246095964
2025-05-26 00:00:00+00:00,9849.022412131515
2025-05-27 00:00:00+00:00,9849.022412131515
2025-05-28 00:00:00+00:00,9837.71845705339
2025-05-29 00:00:00+00:00,9848.168408225265
2025-05-30 00:00:00+00:00,9861.42158205339
2025-06-01 00:00:00+00:00,9861.42158205339
2025-06-02 00:00:00+00:00,9861.42158205339
2025-06-03 00:00:00+00:00,9872.81757814714
2025-06-04 00:00:00+00:00,9872.81757814714
2025-06-05 00:00:00+00:00,9872.81757814714
2025-06-06 00:00:00+00:00,9853.56757814714
2025-06-08 00:00:00+00:00,9853.56757814714
2025-06-09 00:00:00+00:00,9853.56757814714
2025-06-10 00:00:00+00:00,9853.56757814714
2025-06-11 00:00:00+00:00,9853.56757814714
2025-06-12 00:00:00+00:00,9887.340771506515
2025-06-13 00:00:00+00:00,9887.340771506515
2025-06-15 00:00:00+00:00,9887.340771506515
2025-06-16 00:00:00+00:00,9894.940869162765
2025-06-17 00:00:00+00:00,9894.940869162765
2025-06-18 00:00:00+00:00,9901.026806662765
2025-06-19 00:00:00+00:00,9953.64619142839
2025-06-20 00:00:00+00:00,9953.64619142839
2025-06-22 00:00:00+00:00,9953.64619142839
2025-06-23 00:00:00+00:00,9953.64619142839
2025-06-24 00:00:00+00:00,9953.64619142839
2025-06-25 00:00:00+00:00,9953.64619142839
2025-06-26 00:00:00+00:00,9953.64619142839
2025-06-27 00:00:00+00:00,9953.64619142839
2025-06-29 00:00:00+00:00,9980.54609377214
2025-06-30 00:00:00+00:00,10013.66621095964
2025-07-01 00:00:00+00:00,10013.66621095964
2025-07-02 00:00:00+00:00,10013.66621095964
2025-07-03 00:00:00+00:00,10052.37226564714
2025-07-04 00:00:00+00:00,10052.37226564714
2025-07-06 00:00:00+00:00,10052.37226564714
2025-07-07 00:00:00+00:00,10051.27070314714
2025-07-08 00:00:00+00:00,10051.27070314714
2025-07-09 00:00:00+00:00,10051.27070314714
2025-07-10 00:00:00+00:00,10051.27070314714
2025-07-11 00:00:00+00:00,10051.27070314714
2025-07-13 00:00:00+00:00,10051.27070314714
2025-07-14 00:00:00+00:00,10051.27070314714
2025-07-15 00:00:00+00:00,10051.27070314714
2025-07-16 00:00:00+00:00,10051.27070314714
2025-07-17 00:00:00+00:00,10051.27070314714
2025-07-18 00:00:00+00:00,10051.27070314714
2025-07-20 00:00:00+00:00,10051.27070314714
2025-07-21 00:00:00+00:00,10051.27070314714
2025-07-22 00:00:00+00:00,10051.27070314714
2025-07-23 00:00:00+00:00,10051.27070314714
2025-07-24 00:00:00+00:00,10021.92304689714
2025-07-25 00:00:00+00:00,10002.20332033464
2025-07-27 00:00:00+00:00,10002.20332033464
2025-07-28 00:00:00+00:00,10026.233349631515
2025-07-29 00:00:00+00:00,10026.233349631515
2025-07-30 00:00:00+00:00,9978.89326174089
2025-07-31 00:00:00+00:00,9978.89326174089
2025-08-01 00:00:00+00:00,9978.89326174089
2025-08-03 00:00:00+00:00,9978.89326174089
2025-08-04 00:00:00+00:00,9978.89326174089
2025-08-05 00:00:00+00:00,9978.89326174089
2025-08-06 00:00:00+00:00,9978.89326174089
2025-08-07 00:00:00+00:00,9978.89326174089
2025-08-08 00:00:00+00:00,9978.89326174089
2025-08-10 00:00:00+00:00,9978.89326174089
2025-08-11 00:00:00+00:00,9978.89326174089
2025-08-12 00:00:00+00:00,9978.89326174089
2025-08-13 00:00:00+00:00,9978.89326174089
2025-08-14 00:00:00+00:00,10005.442822287765
2025-08-15 00:00:00+00:00,10005.442822287765
2025-08-17 00:00:00+00:00,10005.442822287765
2025-08-18 00:00:00+00:00,10005.442822287765
2025-08-19 00:00:00+00:00,10005.442822287765
2025-08-20 00:00:00+00:00,10005.442822287765
2025-08-21 00:00:00+00:00,10064.856884787765
2025-08-22 00:00:00+00:00,10064.856884787765
2025-08-24 00:00:00+00:00,10064.856884787765
2025-08-25 00:00:00+00:00,10064.856884787765
2025-08-26 00:00:00+00:00,10064.856884787765
2025-08-27 00:00:00+00:00,10064.856884787765
2025-08-28 00:00:00+00:00,10064.856884787765
2025-08-29 00:00:00+00:00,10064.856884787765
2025-08-31 00:00:00+00:00,10064.856884787765
2025-09-01 00:00:00+00:00,10064.856884787765
2025-09-02 00:00:00+00:00,10064.856884787765
2025-09-03 00:00:00+00:00,10064.856884787765
2025-09-04 00:00:00+00:00,10064.856884787765
2025-09-05 00:00:00+00:00,10064.856884787765
2025-09-07 00:00:00+00:00,10064.856884787765
2025-09-08 00:00:00+00:00,10064.856884787765
2025-09-09 00:00:00+00:00,10064.856884787765
2025-09-10 00:00:00+00:00,10064.856884787765
2025-09-11 00:00:00+00:00,10064.856884787765
2025-09-12 00:00:00+00:00,10064.856884787765
2025-09-14 00:00:00+00:00,10064.856884787765
2025-09-15 00:00:00+00:00,10064.856884787765
2025-09-16 00:00:00+00:00,10064.856884787765
2025-09-17 00:00:00+00:00,10066.756298850265
2025-09-18 00:00:00+00:00,10152.702587912765
2025-09-19 00:00:00+00:00,10152.702587912765
2025-09-21 00:00:00+00:00,10152.702587912765
2025-09-22 00:00:00+00:00,10152.702587912765
2025-09-23 00:00:00+00:00,10164.282666037765
2025-09-24 00:00:00+00:00,10164.282666037765
2025-09-25 00:00:00+00:00,10164.282666037765
2025-09-26 00:00:00+00:00,10164.282666037765
2025-09-28 00:00:00+00:00,10164.282666037765
2025-09-29 00:00:00+00:00,10164.282666037765
2025-09-30 00:00:00+00:00,10164.282666037765
2025-10-01 00:00:00+00:00,10164.282666037765
2025-10-02 00:00:00+00:00,10173.84248049089
2025-10-03 00:00:00+00:00,10173.84248049089
2025-10-05 00:00:00+00:00,10173.84248049089
2025-10-06 00:00:00+00:00,10173.84248049089
2025-10-07 00:00:00+00:00,10173.84248049089
2025-10-08 00:00:00+00:00,10173.84248049089
2025-10-09 00:00:00+00:00,10173.84248049089
2025-10-10 00:00:00+00:00,10173.84248049089
2025-10-12 00:00:00+00:00,10173.84248049089
2025-10-13 00:00:00+00:00,10173.84248049089
2025-10-14 00:00:00+00:00,10173.84248049089
2025-10-15 00:00:00+00:00,10173.84248049089
2025-10-16 00:00:00+00:00,10173.84248049089
2025-10-17 00:00:00+00:00,10123.45625002214
2025-10-19 00:00:00+00:00,10123.45625002214
2025-10-20 00:00:00+00:00,10123.45625002214
2025-10-21 00:00:00+00:00,10102.94013674089
2025-10-22 00:00:00+00:00,10102.94013674089
2025-10-23 00:00:00+00:00,10102.94013674089
2025-10-24 00:00:00+00:00,10102.94013674089
2025-10-26 00:00:00+00:00,10102.94013674089
2025-10-27 00:00:00+00:00,10102.94013674089
2025-10-28 00:00:00+00:00,10102.94013674089
2025-10-29 00:00:00+00:00,10102.94013674089
2025-10-30 00:00:00+00:00,10102.94013674089
2025-10-31 00:00:00+00:00,10121.77998049089
2025-11-02 00:00:00+00:00,10121.77998049089
2025-11-03 00:00:00+00:00,10121.77998049089
2025-11-04 00:00:00+00:00,10120.453076194015
2025-11-05 00:00:00+00:00,10129.93281252214
2025-11-06 00:00:00+00:00,10163.323193381515
2025-11-07 00:00:00+00:00,10163.323193381515
2025-11-09 00:00:00+00:00,10163.323193381515
2025-11-10 00:00:00+00:00,10163.323193381515
2025-11-11 00:00:00+00:00,10194.523388694015
2025-11-12 00:00:00+00:00,10194.523388694015
2025-11-13 00:00:00+00:00,10162.007275412765
2025-11-14 00:00:00+00:00,10162.007275412765
2025-11-16 00:00:00+00:00,10162.007275412765
2025-11-17 00:00:00+00:00,10186.757275412765
2025-11-18 00:00:00+00:00,10186.757275412765
2025-11-19 00:00:00+00:00,10186.757275412765
2025-11-20 00:00:00+00:00,10186.757275412765
2025-11-21 00:00:00+00:00,10186.757275412765
2025-11-23 00:00:00+00:00,10186.757275412765
2025-11-24 00:00:00+00:00,10186.757275412765
2025-11-25 00:00:00+00:00,10186.757275412765
2025-11-26 00:00:00+00:00,10186.757275412765
2025-11-27 00:00:00+00:00,10181.596630881515
2025-11-28 00:00:00+00:00,10194.404248069015
2025-11-30 00:00:00+00:00,10194.404248069015
2025-12-01 00:00:00+00:00,10194.404248069015
2025-12-02 00:00:00+00:00,10220.604443381515
2025-12-03 00:00:00+00:00,10220.604443381515
2025-12-04 00:00:00+00:00,10220.604443381515
2025-12-05 00:00:00+00:00,10276.015087912765
2025-12-07 00:00:00+00:00,10276.015087912765
2025-12-08 00:00:00+00:00,10288.595166037765
2025-12-09 00:00:00+00:00,10288.595166037765
2025-12-10 00:00:00+00:00,10288.595166037765
2025-12-11 00:00:00+00:00,10288.595166037765
2025-12-12 00:00:00+00:00,10288.595166037765
2025-12-14 00:00:00+00:00,10288.595166037765
2025-12-15 00:00:00+00:00,10288.595166037765
2025-12-16 00:00:00+00:00,10294.734814475265
2025-12-17 00:00:00+00:00,10294.734814475265
2025-12-18 00:00:00+00:00,10294.734814475265
2025-12-19 00:00:00+00:00,10306.754345725265
2025-12-21 00:00:00+00:00,10306.754345725265
2025-12-22 00:00:00+00:00,10306.754345725265
2025-12-23 00:00:00+00:00,10329.604443381515
2025-12-24 00:00:00+00:00,10343.281201194015
2025-12-25 00:00:00+00:00,10343.281201194015
2025-12-26 00:00:00+00:00,10343.281201194015
2025-12-28 00:00:00+00:00,10343.281201194015
2025-12-29 00:00:00+00:00,10282.210099293927
2025-12-30 00:00:00+00:00,10282.210099293927
2025-12-31 00:00:00+00:00,10321.273575856427
2026-01-01 00:00:00+00:00,10321.273575856427
2026-01-02 00:00:00+00:00,10321.273575856427
2026-01-04 00:00:00+00:00,10321.273575856427
2026-01-05 00:00:00+00:00,10321.273575856427
2026-01-06 00:00:00+00:00,10321.273575856427
2026-01-07 00:00:00+00:00,10321.273575856427
2026-01-08 00:00:00+00:00,10321.273575856427
2026-01-09 00:00:00+00:00,10321.273575856427
2026-01-11 00:00:00+00:00,10321.273575856427
2026-01-12 00:00:00+00:00,10321.273575856427
2026-01-13 00:00:00+00:00,10321.273575856427
2026-01-14 00:00:00+00:00,10321.273575856427
2026-01-15 00:00:00+00:00,10321.273575856427
2026-01-16 00:00:00+00:00,10321.273575856427
2026-01-18 00:00:00+00:00,10321.273575856427
2026-01-19 00:00:00+00:00,10321.273575856427
2026-01-20 00:00:00+00:00,10321.273575856427
2026-01-21 00:00:00+00:00,10321.273575856427
2026-01-22 00:00:00+00:00,10321.273575856427
2026-01-23 00:00:00+00:00,10341.223771168927
2026-01-25 00:00:00+00:00,10341.223771168927
2026-01-26 00:00:00+00:00,10341.223771168927
2026-01-27 00:00:00+00:00,10341.223771168927
2026-01-28 00:00:00+00:00,10341.223771168927
2026-01-29 00:00:00+00:00,10341.223771168927
2026-01-30 00:00:00+00:00,10341.223771168927
2026-02-01 00:00:00+00:00,10341.223771168927
2026-02-02 00:00:00+00:00,10341.223771168927
2026-02-03 00:00:00+00:00,10341.223771168927
2026-02-04 00:00:00+00:00,10341.223771168927
2026-02-05 00:00:00+00:00,10341.223771168927
2026-02-06 00:00:00+00:00,10341.223771168927
2026-02-08 00:00:00+00:00,10341.223771168927
2026-02-09 00:00:00+00:00,10341.223771168927
2026-02-10 00:00:00+00:00,10341.223771168927
2026-02-11 00:00:00+00:00,10341.223771168927
2026-02-12 00:00:00+00:00,10341.223771168927
2026-02-13 00:00:00+00:00,10341.223771168927
2026-02-15 00:00:00+00:00,10341.223771168927
2026-02-16 00:00:00+00:00,10341.223771168927
2026-02-17 00:00:00+00:00,10367.787247731427
2026-02-18 00:00:00+00:00,10367.787247731427
2026-02-19 00:00:00+00:00,10367.787247731427
2026-02-20 00:00:00+00:00,10367.787247731427
2026-02-22 00:00:00+00:00,10367.787247731427
2026-02-23 00:00:00+00:00,10367.787247731427
2026-02-24 00:00:00+00:00,10401.179825856427
2026-02-25 00:00:00+00:00,10413.309708668927
2026-02-26 00:00:00+00:00,10456.152482106427
2026-02-27 00:00:00+00:00,10456.152482106427
2026-03-01 00:00:00+00:00,10456.152482106427
2026-03-02 00:00:00+00:00,10456.152482106427
2026-03-03 00:00:00+00:00,10362.265383467438
2026-03-04 00:00:00+00:00,10362.265383467438
2026-03-05 00:00:00+00:00,10334.625735029938
2026-03-06 00:00:00+00:00,10334.625735029938
2026-03-08 00:00:00+00:00,10334.625735029938
2026-03-09 00:00:00+00:00,10334.625735029938
2026-03-10 00:00:00+00:00,10334.625735029938
2026-03-11 00:00:00+00:00,10328.676027998688
2026-03-12 00:00:00+00:00,10345.026125654938
2026-03-13 00:00:00+00:00,10348.989504561188
2026-03-15 00:00:00+00:00,10348.989504561188
2026-03-16 00:00:00+00:00,10348.989504561188
2026-03-17 00:00:00+00:00,10348.989504561188
2026-03-18 00:00:00+00:00,10348.989504561188
2026-03-19 00:00:00+00:00,10268.801972162346
2026-03-20 00:00:00+00:00,10268.801972162346
2026-03-22 00:00:00+00:00,10268.801972162346
2026-03-23 00:00:00+00:00,10268.801972162346
2026-03-24 00:00:00+00:00,10268.801972162346
2026-03-25 00:00:00+00:00,10268.801972162346
2026-03-26 00:00:00+00:00,10252.271698724846
2026-03-27 00:00:00+00:00,10252.271698724846
2026-03-29 00:00:00+00:00,10252.271698724846
2026-03-30 00:00:00+00:00,10252.271698724846
2026-03-31 00:00:00+00:00,10252.271698724846
2026-04-01 00:00:00+00:00,10252.271698724846
2026-04-02 00:00:00+00:00,10252.271698724846
2026-04-05 00:00:00+00:00,10252.271698724846
2026-04-06 00:00:00+00:00,10252.271698724846
2026-04-07 00:00:00+00:00,10252.271698724846
2026-04-08 00:00:00+00:00,10252.271698724846
2026-04-09 00:00:00+00:00,10252.271698724846
2026-04-10 00:00:00+00:00,10253.164765131096
2026-04-12 00:00:00+00:00,10246.484589349846
2026-04-13 00:00:00+00:00,10297.684784662346
2026-04-14 00:00:00+00:00,10297.684784662346
2026-04-15 00:00:00+00:00,10297.684784662346
2026-04-16 00:00:00+00:00,10291.804901849846
2026-04-17 00:00:00+00:00,10291.804901849846
2026-04-19 00:00:00+00:00,10255.974823724846
2026-04-20 00:00:00+00:00,10301.764862787346
2026-04-21 00:00:00+00:00,10301.764862787346
2026-04-22 00:00:00+00:00,10301.764862787346
2026-04-23 00:00:00+00:00,10328.131073724846
2026-04-24 00:00:00+00:00,10328.131073724846
2026-04-26 00:00:00+00:00,10322.071503412346
2026-04-27 00:00:00+00:00,10341.731171381096
2026-04-28 00:00:00+00:00,10318.571015131096
2026-04-29 00:00:00+00:00,10348.111054193596
2026-04-30 00:00:00+00:00,10348.111054193596
2026-05-01 00:00:00+00:00,10348.111054193596
2026-05-03 00:00:00+00:00,10348.111054193596
2026-05-04 00:00:00+00:00,10365.791229974846
2026-05-05 00:00:00+00:00,10365.791229974846
2026-05-06 00:00:00+00:00,10365.791229974846
2026-05-07 00:00:00+00:00,10365.791229974846
2026-05-08 00:00:00+00:00,10365.791229974846
2026-05-10 00:00:00+00:00,10373.171112787346
2026-05-11 00:00:00+00:00,10361.891815912346
2026-05-12 00:00:00+00:00,10361.891815912346
2026-05-13 00:00:00+00:00,10361.891815912346
2026-05-14 00:00:00+00:00,10361.891815912346
2026-05-15 00:00:00+00:00,10336.131562006096
2026-05-17 00:00:00+00:00,10336.131562006096
2026-05-18 00:00:00+00:00,10395.901581537346
2026-05-19 00:00:00+00:00,10410.121308099846
2026-05-20 00:00:00+00:00,10410.121308099846
2026-05-21 00:00:00+00:00,10410.121308099846
2026-05-22 00:00:00+00:00,10410.121308099846
2026-05-24 00:00:00+00:00,10410.121308099846
2026-05-25 00:00:00+00:00,10410.121308099846
2026-05-26 00:00:00+00:00,10410.121308099846
2026-05-27 00:00:00+00:00,10397.731171381096
2026-05-28 00:00:00+00:00,10356.591034662346
2026-05-29 00:00:00+00:00,10356.591034662346
2026-05-31 00:00:00+00:00,10356.591034662346
2026-06-01 00:00:00+00:00,10373.724335443596
2026-06-02 00:00:00+00:00,10385.764374506096
2026-06-03 00:00:00+00:00,10403.644257318596
2026-06-04 00:00:00+00:00,10403.644257318596
2026-06-05 00:00:00+00:00,10335.953522056594
2026-06-07 00:00:00+00:00,10335.953522056594
2026-06-08 00:00:00+00:00,10335.953522056594
2026-06-09 00:00:00+00:00,10314.713287681594
2026-06-10 00:00:00+00:00,10314.713287681594
2026-06-11 00:00:00+00:00,10314.713287681594
2026-06-12 00:00:00+00:00,10314.713287681594
2026-06-14 00:00:00+00:00,10314.713287681594
2026-06-15 00:00:00+00:00,10314.713287681594
2026-06-16 00:00:00+00:00,10314.713287681594
2026-06-17 00:00:00+00:00,10286.586334556594
2026-06-18 00:00:00+00:00,10286.586334556594
2026-06-19 00:00:00+00:00,10286.586334556594
2026-06-21 00:00:00+00:00,10286.586334556594
2026-06-22 00:00:00+00:00,10286.586334556594
2026-06-23 00:00:00+00:00,10259.455963462844
2026-06-24 00:00:00+00:00,10259.455963462844
2026-06-25 00:00:00+00:00,10259.455963462844
2026-06-26 00:00:00+00:00,10291.616119712844
2026-06-28 00:00:00+00:00,10291.616119712844
2026-06-29 00:00:00+00:00,10291.616119712844
2026-06-30 00:00:00+00:00,10226.9905679716
2026-07-01 00:00:00+00:00,10226.9905679716
2026-07-02 00:00:00+00:00,10226.9905679716
2026-07-03 00:00:00+00:00,10226.9905679716
2026-07-05 00:00:00+00:00,10226.9905679716
2026-07-06 00:00:00+00:00,10226.9905679716
2026-07-07 00:00:00+00:00,10225.93050937785
2026-07-08 00:00:00+00:00,10207.230558205974
2026-07-09 00:00:00+00:00,10207.230558205974
2026-07-10 00:00:00+00:00,10207.230558205974
2026-07-12 00:00:00+00:00,10207.230558205974
2026-07-13 00:00:00+00:00,10185.2405679716
2026-07-14 00:00:00+00:00,10185.2405679716
2026-07-15 00:00:00+00:00,10185.2405679716
2026-07-16 00:00:00+00:00,10184.300382424724
2026-07-17 00:00:00+00:00,10278.820401955974
2026-07-19 00:00:00+00:00,10278.820401955974
2026-07-20 00:00:00+00:00,10278.820401955974
2026-07-21 00:00:00+00:00,10278.820401955974
2026-07-22 00:00:00+00:00,10278.820401955974
2026-07-23 00:00:00+00:00,10245.54965000285
2026-07-24 00:00:00+00:00,10245.54965000285
2026-07-26 00:00:00+00:00,10245.54965000285
2026-07-27 00:00:00+00:00,10245.54965000285
2026-07-28 00:00:00+00:00,10241.74984531535
2026-07-29 00:00:00+00:00,10241.74984531535
2026-07-30 00:00:00+00:00,10241.74984531535
2026-07-31 00:00:00+00:00,10241.74984531535
2026-08-02 00:00:00+00:00,10241.74984531535
2026-08-03 00:00:00+00:00,10241.74984531535
2026-08-04 00:00:00+00:00,10241.74984531535
2026-08-05 00:00:00+00:00,10241.74984531535
2026-08-06 00:00:00+00:00,10241.74984531535
2026-08-07 00:00:00+00:00,10241.74984531535
2026-08-09 00:00:00+00:00,10241.74984531535
2026-08-10 00:00:00+00:00,10241.74984531535
2026-08-11 00:00:00+00:00,10241.74984531535
2026-08-12 00:00:00+00:00,10241.74984531535
2026-08-13 00:00:00+00:00,10241.74984531535
2026-08-14 00:00:00+00:00,10241.74984531535
2026-08-16 00:00:00+00:00,10241.74984531535
2026-08-17 00:00:00+00:00,10241.74984531535
2026-08-18 00:00:00+00:00,10241.74984531535
2026-08-19 00:00:00+00:00,10241.74984531535
2026-08-20 00:00:00+00:00,10349.46957187785
2026-08-21 00:00:00+00:00,10349.46957187785
2026-08-23 00:00:00+00:00,10349.46957187785
2026-08-24 00:00:00+00:00,10349.46957187785
2026-08-25 00:00:00+00:00,10376.21957187785
2026-08-26 00:00:00+00:00,10376.21957187785
2026-08-27 00:00:00+00:00,10376.21957187785
2026-08-28 00:00:00+00:00,10290.41976719035
2026-08-30 00:00:00+00:00,10290.41976719035
2026-08-31 00:00:00+00:00,10290.41976719035
2026-09-01 00:00:00+00:00,10291.4593179716
2026-09-02 00:00:00+00:00,10319.65902500285
2026-09-03 00:00:00+00:00,10319.65902500285
2026-09-04 00:00:00+00:00,10363.07894687785
2026-09-06 00:00:00+00:00,10363.07894687785
2026-09-07 00:00:00+00:00,10365.04867344035
2026-09-08 00:00:00+00:00,10365.04867344035
2026-09-09 00:00:00+00:00,10365.04867344035
2026-09-10 00:00:00+00:00,10365.04867344035
2026-09-11 00:00:00+00:00,10365.04867344035
2026-09-13 00:00:00+00:00,10365.04867344035
2026-09-14 00:00:00+00:00,10365.04867344035
2026-09-15 00:00:00+00:00,10365.04867344035
2026-09-16 00:00:00+00:00,10365.04867344035
2026-09-17 00:00:00+00:00,10365.04867344035
2026-09-18 00:00:00+00:00,10365.04867344035
2026-09-20 00:00:00+00:00,10365.04867344035
2026-09-21 00:00:00+00:00,10365.04867344035
2026-09-22 00:00:00+00:00,10365.04867344035
2026-09-23 00:00:00+00:00,10365.04867344035
2026-09-24 00:00:00+00:00,10365.04867344035
2026-09-25 00:00:00+00:00,10365.04867344035
2026-09-27 00:00:00+00:00,10351.06820469035
2026-09-28 00:00:00+00:00,10269.496838569197
2026-09-29 00:00:00+00:00,10269.496838569197
2026-09-30 00:00:00+00:00,10269.496838569197
2026-10-01 00:00:00+00:00,10269.496838569197
2026-10-02 00:00:00+00:00,10361.676526069197
