time,0
2019-01-01 00:00:00+00:00,10000.0
2019-01-02 00:00:00+00:00,10000.0
2019-01-03 00:00:00+00:00,10000.0
2019-01-04 00:00:00+00:00,10000.0
2019-01-06 00:00:00+00:00,10000.0
2019-01-07 00:00:00+00:00,10000.0
2019-01-08 00:00:00+00:00,10000.0
2019-01-09 00:00:00+00:00,10000.0
2019-01-10 00:00:00+00:00,10000.0
2019-01-11 00:00:00+00:00,10000.0
2019-01-13 00:00:00+00:00,10000.0
2019-01-14 00:00:00+00:00,10000.0
2019-01-15 00:00:00+00:00,10041.519433593752
2019-01-16 00:00:00+00:00,10041.519433593752
2019-01-17 00:00:00+00:00,10013.102519531254
2019-01-18 00:00:00+00:00,9973.442534179692
2019-01-20 00:00:00+00:00,9973.442534179692
2019-01-21 00:00:00+00:00,9973.442534179692
2019-01-22 00:00:00+00:00,9973.442534179692
2019-01-23 00:00:00+00:00,10029.964409179694
2019-01-24 00:00:00+00:00,10029.964409179694
2019-01-25 00:00:00+00:00,10029.964409179694
2019-01-27 00:00:00+00:00,10029.964409179694
2019-01-28 00:00:00+00:00,10029.964409179694
2019-01-29 00:00:00+00:00,10029.964409179694
2019-01-30 00:00:00+00:00,10029.964409179694
2019-01-31 00:00:00+00:00,10029.964409179694
2019-02-01 00:00:00+00:00,10029.964409179694
2019-02-03 00:00:00+00:00,10029.964409179694
2019-02-04 00:00:00+00:00,10029.964409179694
2019-02-05 00:00:00+00:00,10029.964409179694
2019-02-06 00:00:00+00:00,10029.964409179694
2019-02-07 00:00:00+00:00,10023.562768554695
2019-02-08 00:00:00+00:00,10023.562768554695
2019-02-10 00:00:00+00:00,10023.562768554695
2019-02-11 00:00:00+00:00,9924.945500290065
2019-02-12 00:00:00+00:00,9924.945500290065
2019-02-13 00:00:00+00:00,9924.945500290065
2019-02-14 00:00:00+00:00,9893.085939743192
2019-02-15 00:00:00+00:00,9893.085939743192
2019-02-17 00:00:00+00:00,9893.085939743192
2019-02-18 00:00:00+00:00,9893.085939743192
2019-02-19 00:00:00+00:00,9893.085939743192
2019-02-20 00:00:00+00:00,9876.695187790068
2019-02-21 00:00:00+00:00,9876.695187790068
2019-02-22 00:00:00+00:00,9876.695187790068
2019-02-24 00:00:00+00:00,9876.695187790068
2019-02-25 00:00:00+00:00,9876.695187790068
2019-02-26 00:00:00+00:00,9876.695187790068
2019-02-27 00:00:00+00:00,9876.695187790068
2019-02-28 00:00:00+00:00,9889.114924118196
2019-03-01 00:00:00+00:00,9889.114924118196
2019-03-03 00:00:00+00:00,9889.114924118196
2019-03-04 00:00:00+00:00,9790.672859342541
2019-03-05 00:00:00+00:00,9770.131746061294
2019-03-06 00:00:00+00:00,9770.131746061294
2019-03-07 00:00:00+00:00,9770.131746061294
2019-03-08 00:00:00+00:00,9770.131746061294
2019-03-10 00:00:00+00:00,9770.131746061294
2019-03-11 00:00:00+00:00,9770.131746061294
2019-03-12 00:00:00+00:00,9770.131746061294
2019-03-13 00:00:00+00:00,9770.131746061294
2019-03-14 00:00:00+00:00,9770.131746061294
2019-03-15 00:00:00+00:00,9835.51935348317
2019-03-17 00:00:00+00:00,9835.51935348317
2019-03-18 00:00:00+00:00,9835.51935348317
2019-03-19 00:00:00+00:00,9835.51935348317
2019-03-20 00:00:00+00:00,9835.51935348317
2019-03-21 00:00:00+00:00,9753.168494108171
2019-03-22 00:00:00+00:00,9753.168494108171
2019-03-24 00:00:00+00:00,9753.168494108171
2019-03-25 00:00:00+00:00,9753.168494108171
2019-03-26 00:00:00+00:00,9753.168494108171
2019-03-27 00:00:00+00:00,9732.676091764422
2019-03-28 00:00:00+00:00,9704.803074186299
2019-03-29 00:00:00+00:00,9704.803074186299
2019-03-31 00:00:00+00:00,9704.803074186299
2019-04-01 00:00:00+00:00,9700.943957975363
2019-04-02 00:00:00+00:00,9700.943957975363
2019-04-03 00:00:00+00:00,9700.943957975363
2019-04-04 00:00:00+00:00,9757.62433883474
2019-04-05 00:00:00+00:00,9757.62433883474
2019-04-07 00:00:00+00:00,9757.62433883474
2019-04-08 00:00:00+00:00,9757.62433883474
2019-04-09 00:00:00+00:00,9757.62433883474
2019-04-10 00:00:00+00:00,9757.62433883474
2019-04-11 00:00:00+00:00,9757.62433883474
2019-04-12 00:00:00+00:00,9757.62433883474
2019-04-14 00:00:00+00:00,9757.62433883474
2019-04-15 00:00:00+00:00,9757.62433883474
2019-04-16 00:00:00+00:00,9737.153586881615
2019-04-17 00:00:00+00:00,9737.153586881615
2019-04-18 00:00:00+00:00,9737.153586881615
2019-04-21 00:00:00+00:00,9737.153586881615
2019-04-22 00:00:00+00:00,9737.153586881615
2019-04-23 00:00:00+00:00,9737.153586881615
2019-04-24 00:00:00+00:00,9737.153586881615
2019-04-25 00:00:00+00:00,9737.153586881615
2019-04-26 00:00:00+00:00,9737.153586881615
2019-04-28 00:00:00+00:00,9737.153586881615
2019-04-29 00:00:00+00:00,9737.153586881615
2019-04-30 00:00:00+00:00,9737.153586881615
2019-05-01 00:00:00+00:00,9737.153586881615
2019-05-02 00:00:00+00:00,9719.97741988943
2019-05-03 00:00:00+00:00,9708.037380826932
2019-05-05 00:00:00+00:00,9708.037380826932
2019-05-06 00:00:00+00:00,9733.573240201933
2019-05-07 00:00:00+00:00,9733.573240201933
2019-05-08 00:00:00+00:00,9733.573240201933
2019-05-09 00:00:00+00:00,9733.573240201933
2019-05-10 00:00:00+00:00,9733.573240201933
2019-05-12 00:00:00+00:00,9733.573240201933
2019-05-13 00:00:00+00:00,9733.573240201933
2019-05-14 00:00:00+00:00,9733.573240201933
2019-05-15 00:00:00+00:00,9830.50633590506
2019-05-16 00:00:00+00:00,9830.50633590506
2019-05-17 00:00:00+00:00,9830.50633590506
2019-05-19 00:00:00+00:00,9830.50633590506
2019-05-20 00:00:00+00:00,9830.50633590506
2019-05-21 00:00:00+00:00,9837.367566373812
2019-05-22 00:00:00+00:00,9837.367566373812
2019-05-23 00:00:00+00:00,9837.367566373812
2019-05-24 00:00:00+00:00,9837.367566373812
2019-05-26 00:00:00+00:00,9837.367566373812
2019-05-27 00:00:00+00:00,9837.367566373812
2019-05-28 00:00:00+00:00,9842.631853483188
2019-05-29 00:00:00+00:00,9842.631853483188
2019-05-30 00:00:00+00:00,9842.631853483188
2019-05-31 00:00:00+00:00,9842.631853483188
2019-06-02 00:00:00+00:00,9842.631853483188
2019-06-03 00:00:00+00:00,9842.631853483188
2019-06-04 00:00:00+00:00,9842.631853483188
2019-06-05 00:00:00+00:00,9842.631853483188
2019-06-06 00:00:00+00:00,9842.631853483188
2019-06-07 00:00:00+00:00,9842.631853483188
2019-06-09 00:00:00+00:00,9844.908660123814
2019-06-10 00:00:00+00:00,9791.205247037877
2019-06-11 00:00:00+00:00,9694.520308362291
2019-06-12 00:00:00+00:00,9694.520308362291
2019-06-13 00:00:00+00:00,9694.520308362291
2019-06-14 00:00:00+00:00,9694.520308362291
2019-06-16 00:00:00+00:00,9694.520308362291
2019-06-17 00:00:00+00:00,9694.520308362291
2019-06-18 00:00:00+00:00,9694.520308362291
2019-06-19 00:00:00+00:00,9694.520308362291
2019-06-20 00:00:00+00:00,9694.520308362291
2019-06-21 00:00:00+00:00,9694.520308362291
2019-06-23 00:00:00+00:00,9694.520308362291
2019-06-24 00:00:00+00:00,9694.520308362291
2019-06-25 00:00:00+00:00,9694.520308362291
2019-06-26 00:00:00+00:00,9694.520308362291
2019-06-27 00:00:00+00:00,9694.520308362291
2019-06-28 00:00:00+00:00,9708.562486096667
2019-06-30 00:00:00+00:00,9699.977525159167
2019-07-01 00:00:00+00:00,9700.177085706042
2019-07-02 00:00:00+00:00,9700.177085706042
2019-07-03 00:00:00+00:00,9700.177085706042
2019-07-04 00:00:00+00:00,9700.177085706042
2019-07-05 00:00:00+00:00,9698.366831799793
2019-07-07 00:00:00+00:00,9698.366831799793
2019-07-08 00:00:00+00:00,9698.366831799793
2019-07-09 00:00:00+00:00,9698.366831799793
2019-07-10 00:00:00+00:00,9698.366831799793
2019-07-11 00:00:00+00:00,9698.366831799793
2019-07-12 00:00:00+00:00,9698.366831799793
2019-07-14 00:00:00+00:00,9698.366831799793
2019-07-15 00:00:00+00:00,9705.582036877919
2019-07-16 00:00:00+00:00,9705.582036877919
2019-07-17 00:00:00+00:00,9705.582036877919
2019-07-18 00:00:00+00:00,9705.582036877919
2019-07-19 00:00:00+00:00,9705.582036877919
2019-07-21 00:00:00+00:00,9705.582036877919
2019-07-22 00:00:00+00:00,9705.582036877919
2019-07-23 00:00:00+00:00,9685.09818922167
2019-07-24 00:00:00+00:00,9685.09818922167
2019-07-25 00:00:00+00:00,9685.09818922167
2019-07-26 00:00:00+00:00,9685.09818922167
2019-07-28 00:00:00+00:00,9685.09818922167
2019-07-29 00:00:00+00:00,9685.09818922167
2019-07-30 00:00:00+00:00,9685.09818922167
2019-07-31 00:00:00+00:00,9699.012066174797
2019-08-01 00:00:00+00:00,9699.012066174797
2019-08-02 00:00:00+00:00,9699.012066174797
2019-08-04 00:00:00+00:00,9699.012066174797
2019-08-05 00:00:00+00:00,9699.012066174797
2019-08-06 00:00:00+00:00,9699.012066174797
2019-08-07 00:00:00+00:00,9699.012066174797
2019-08-08 00:00:00+00:00,9699.012066174797
2019-08-09 00:00:00+00:00,9718.642632581048
2019-08-11 00:00:00+00:00,9718.642632581048
2019-08-12 00:00:00+00:00,9857.903491956049
2019-08-13 00:00:00+00:00,9857.903491956049
2019-08-14 00:00:00+00:00,9857.903491956049
2019-08-15 00:00:00+00:00,9914.122993909175
2019-08-16 00:00:00+00:00,9914.122993909175
2019-08-18 00:00:00+00:00,9914.122993909175
2019-08-19 00:00:00+00:00,9877.243462659177
2019-08-20 00:00:00+00:00,9877.243462659177
2019-08-21 00:00:00+00:00,9877.243462659177
2019-08-22 00:00:00+00:00,9877.243462659177
2019-08-23 00:00:00+00:00,9877.243462659177
2019-08-25 00:00:00+00:00,9877.243462659177
2019-08-26 00:00:00+00:00,9872.793609143551
2019-08-27 00:00:00+00:00,9872.793609143551
2019-08-28 00:00:00+00:00,9897.390196057615
2019-08-29 00:00:00+00:00,9897.390196057615
2019-08-30 00:00:00+00:00,9897.390196057615
2019-09-01 00:00:00+00:00,9897.390196057615
2019-09-02 00:00:00+00:00,9897.390196057615
2019-09-03 00:00:00+00:00,9897.390196057615
2019-09-04 00:00:00+00:00,9897.390196057615
2019-09-05 00:00:00+00:00,9897.390196057615
2019-09-06 00:00:00+00:00,9902.451660901366
2019-09-08 00:00:00+00:00,9902.451660901366
2019-09-09 00:00:00+00:00,9915.669209729493
2019-09-10 00:00:00+00:00,9915.669209729493
2019-09-11 00:00:00+00:00,9915.669209729493
2019-09-12 00:00:00+00:00,9915.669209729493
2019-09-13 00:00:00+00:00,9915.669209729493
2019-09-15 00:00:00+00:00,9915.669209729493
2019-09-16 00:00:00+00:00,9915.669209729493
2019-09-17 00:00:00+00:00,9915.669209729493
2019-09-18 00:00:00+00:00,9890.871133557619
2019-09-19 00:00:00+00:00,9890.871133557619
2019-09-20 00:00:00+00:00,9919.10652418262
2019-09-22 00:00:00+00:00,9919.10652418262
2019-09-23 00:00:00+00:00,9919.10652418262
2019-09-24 00:00:00+00:00,9919.10652418262
2019-09-25 00:00:00+00:00,9819.218615905462
2019-09-26 00:00:00+00:00,9819.218615905462
2019-09-27 00:00:00+00:00,9722.529525152671
2019-09-29 00:00:00+00:00,9722.529525152671
2019-09-30 00:00:00+00:00,9735.661536871421
2019-10-01 00:00:00+00:00,9735.661536871421
2019-10-02 00:00:00+00:00,9735.661536871421
2019-10-03 00:00:00+00:00,9735.661536871421
2019-10-04 00:00:00+00:00,9792.262098394858
2019-10-06 00:00:00+00:00,9792.262098394858
2019-10-07 00:00:00+00:00,9760.065560308922
2019-10-08 00:00:00+00:00,9760.065560308922
2019-10-09 00:00:00+00:00,9760.065560308922
2019-10-10 00:00:00+00:00,9760.065560308922
2019-10-11 00:00:00+00:00,9760.065560308922
2019-10-13 00:00:00+00:00,9760.065560308922
2019-10-14 00:00:00+00:00,9760.065560308922
2019-10-15 00:00:00+00:00,9668.725778064738
2019-10-16 00:00:00+00:00,9719.204498767864
2019-10-17 00:00:00+00:00,9719.204498767864
2019-10-18 00:00:00+00:00,9719.204498767864
2019-10-20 00:00:00+00:00,9719.204498767864
2019-10-21 00:00:00+00:00,9719.204498767864
2019-10-22 00:00:00+00:00,9719.204498767864
2019-10-23 00:00:00+00:00,9719.204498767864
2019-10-24 00:00:00+00:00,9737.248370838177
2019-10-25 00:00:00+00:00,9737.248370838177
2019-10-27 00:00:00+00:00,9737.248370838177
2019-10-28 00:00:00+00:00,9686.696276111616
2019-10-29 00:00:00+00:00,9685.025572986617
2019-10-30 00:00:00+00:00,9741.48251146318
2019-10-31 00:00:00+00:00,9741.48251146318
2019-11-01 00:00:00+00:00,9741.48251146318
2019-11-03 00:00:00+00:00,9741.48251146318
2019-11-04 00:00:00+00:00,9741.48251146318
2019-11-05 00:00:00+00:00,9741.48251146318
2019-11-06 00:00:00+00:00,9741.48251146318
2019-11-07 00:00:00+00:00,9642.060294666308
2019-11-08 00:00:00+00:00,9642.060294666308
2019-11-10 00:00:00+00:00,9642.060294666308
2019-11-11 00:00:00+00:00,9658.748146228809
2019-11-12 00:00:00+00:00,9564.536001630211
2019-11-13 00:00:00+00:00,9564.536001630211
2019-11-14 00:00:00+00:00,9564.536001630211
2019-11-15 00:00:00+00:00,9564.536001630211
2019-11-17 00:00:00+00:00,9564.536001630211
2019-11-18 00:00:00+00:00,9564.536001630211
2019-11-19 00:00:00+00:00,9564.536001630211
2019-11-20 00:00:00+00:00,9564.536001630211
2019-11-21 00:00:00+00:00,9564.536001630211
2019-11-22 00:00:00+00:00,9564.536001630211
2019-11-24 00:00:00+00:00,9563.318179364587
2019-11-25 00:00:00+00:00,9578.370215497402
2019-11-26 00:00:00+00:00,9578.370215497402
2019-11-27 00:00:00+00:00,9595.08733952084
2019-11-28 00:00:00+00:00,9595.08733952084
2019-11-29 00:00:00+00:00,9774.758096636291
2019-12-01 00:00:00+00:00,9774.758096636291
2019-12-02 00:00:00+00:00,9804.80270112848
2019-12-03 00:00:00+00:00,9804.80270112848
2019-12-04 00:00:00+00:00,9804.80270112848
2019-12-05 00:00:00+00:00,9804.80270112848
2019-12-06 00:00:00+00:00,9826.647906206606
2019-12-08 00:00:00+00:00,9826.647906206606
2019-12-09 00:00:00+00:00,9826.647906206606
2019-12-10 00:00:00+00:00,9826.647906206606
2019-12-11 00:00:00+00:00,9826.647906206606
2019-12-12 00:00:00+00:00,9826.647906206606
2019-12-13 00:00:00+00:00,9826.647906206606
2019-12-15 00:00:00+00:00,9826.647906206606
2019-12-16 00:00:00+00:00,9826.647906206606
2019-12-17 00:00:00+00:00,9826.647906206606
2019-12-18 00:00:00+00:00,9826.647906206606
2019-12-19 00:00:00+00:00,9826.647906206606
2019-12-20 00:00:00+00:00,9826.647906206606
2019-12-22 00:00:00+00:00,9826.647906206606
2019-12-23 00:00:00+00:00,9826.647906206606
2019-12-24 00:00:00+00:00,9826.647906206606
2019-12-25 00:00:00+00:00,9826.647906206606
2019-12-26 00:00:00+00:00,9826.647906206606
2019-12-27 00:00:00+00:00,9826.647906206606
2019-12-29 00:00:00+00:00,9826.647906206606
2019-12-30 00:00:00+00:00,9826.647906206606
2019-12-31 00:00:00+00:00,9826.647906206606
2020-01-01 00:00:00+00:00,9826.647906206606
2020-01-02 00:00:00+00:00,9826.647906206606
2020-01-03 00:00:00+00:00,9826.647906206606
2020-01-05 00:00:00+00:00,9826.647906206606
2020-01-06 00:00:00+00:00,9811.306128862858
2020-01-07 00:00:00+00:00,9844.506675737859
2020-01-08 00:00:00+00:00,9844.506675737859
2020-01-09 00:00:00+00:00,9807.57050386286
2020-01-10 00:00:00+00:00,9807.57050386286
2020-01-12 00:00:00+00:00,9807.57050386286
2020-01-13 00:00:00+00:00,9807.57050386286
2020-01-14 00:00:00+00:00,9707.902812513925
2020-01-15 00:00:00+00:00,9707.902812513925
2020-01-16 00:00:00+00:00,9724.56322755299
2020-01-17 00:00:00+00:00,9724.56322755299
2020-01-19 00:00:00+00:00,9724.56322755299
2020-01-20 00:00:00+00:00,9724.56322755299
2020-01-21 00:00:00+00:00,9682.092963881116
2020-01-22 00:00:00+00:00,9682.092963881116
2020-01-23 00:00:00+00:00,9682.092963881116
2020-01-24 00:00:00+00:00,9682.092963881116
2020-01-26 00:00:00+00:00,9682.092963881116
2020-01-27 00:00:00+00:00,9682.092963881116
2020-01-28 00:00:00+00:00,9632.48333985768
2020-01-29 00:00:00+00:00,9632.48333985768
2020-01-30 00:00:00+00:00,9632.48333985768
2020-01-31 00:00:00+00:00,9632.48333985768
2020-02-02 00:00:00+00:00,9632.48333985768
2020-02-03 00:00:00+00:00,9659.68291017018
2020-02-04 00:00:00+00:00,9659.68291017018
2020-02-05 00:00:00+00:00,9659.68291017018
2020-02-06 00:00:00+00:00,9659.68291017018
2020-02-07 00:00:00+00:00,9731.623876967056
2020-02-09 00:00:00+00:00,9731.623876967056
2020-02-10 00:00:00+00:00,9731.623876967056
2020-02-11 00:00:00+00:00,9731.623876967056
2020-02-12 00:00:00+00:00,9734.558017592059
2020-02-13 00:00:00+00:00,9734.558017592059
2020-02-14 00:00:00+00:00,9734.558017592059
2020-02-16 00:00:00+00:00,9734.558017592059
2020-02-17 00:00:00+00:00,9731.32801759206
2020-02-18 00:00:00+00:00,9731.32801759206
2020-02-19 00:00:00+00:00,9731.32801759206
2020-02-20 00:00:00+00:00,9731.32801759206
2020-02-21 00:00:00+00:00,9731.32801759206
2020-02-23 00:00:00+00:00,9731.32801759206
2020-02-24 00:00:00+00:00,9731.32801759206
2020-02-25 00:00:00+00:00,9731.32801759206
2020-02-26 00:00:00+00:00,9731.32801759206
2020-02-27 00:00:00+00:00,9731.32801759206
2020-02-28 00:00:00+00:00,9732.190976576436
2020-03-01 00:00:00+00:00,9732.190976576436
2020-03-02 00:00:00+00:00,9732.190976576436
2020-03-03 00:00:00+00:00,9732.190976576436
2020-03-04 00:00:00+00:00,9767.255893568623
2020-03-05 00:00:00+00:00,9767.255893568623
2020-03-06 00:00:00+00:00,9767.255893568623
2020-03-08 00:00:00+00:00,9767.255893568623
2020-03-09 00:00:00+00:00,9767.255893568623
2020-03-10 00:00:00+00:00,9782.440151381123
2020-03-11 00:00:00+00:00,9782.440151381123
2020-03-12 00:00:00+00:00,9714.607886090995
2020-03-13 00:00:00+00:00,9779.67389195037
2020-03-15 00:00:00+00:00,9779.67389195037
2020-03-16 00:00:00+00:00,9798.946885114432
2020-03-17 00:00:00+00:00,9798.946885114432
2020-03-18 00:00:00+00:00,9712.544868361647
2020-03-19 00:00:00+00:00,9712.544868361647
2020-03-20 00:00:00+00:00,9712.544868361647
2020-03-22 00:00:00+00:00,9712.544868361647
2020-03-23 00:00:00+00:00,9712.544868361647
2020-03-24 00:00:00+00:00,9712.544868361647
2020-03-25 00:00:00+00:00,9712.544868361647
2020-03-26 00:00:00+00:00,9712.544868361647
2020-03-27 00:00:00+00:00,9712.544868361647
2020-03-29 00:00:00+00:00,9712.544868361647
2020-03-30 00:00:00+00:00,9712.544868361647
2020-03-31 00:00:00+00:00,9713.369262892897
2020-04-01 00:00:00+00:00,9713.369262892897
2020-04-02 00:00:00+00:00,9713.369262892897
2020-04-03 00:00:00+00:00,9713.369262892897
2020-04-05 00:00:00+00:00,9728.927148635084
2020-04-06 00:00:00+00:00,9729.287119338209
2020-04-07 00:00:00+00:00,9729.287119338209
2020-04-08 00:00:00+00:00,9729.287119338209
2020-04-09 00:00:00+00:00,9729.287119338209
2020-04-12 00:00:00+00:00,9729.287119338209
2020-04-13 00:00:00+00:00,9729.287119338209
2020-04-14 00:00:00+00:00,9729.287119338209
2020-04-15 00:00:00+00:00,9729.287119338209
2020-04-16 00:00:00+00:00,9729.287119338209
2020-04-17 00:00:00+00:00,9724.715107619459
2020-04-19 00:00:00+00:00,9724.715107619459
2020-04-20 00:00:00+00:00,9724.715107619459
2020-04-21 00:00:00+00:00,9724.715107619459
2020-04-22 00:00:00+00:00,9724.715107619459
2020-04-23 00:00:00+00:00,9724.715107619459
2020-04-24 00:00:00+00:00,9724.715107619459
2020-04-26 00:00:00+00:00,9724.715107619459
2020-04-27 00:00:00+00:00,9738.49149433821
2020-04-28 00:00:00+00:00,9738.49149433821
2020-04-29 00:00:00+00:00,9766.743877150711
2020-04-30 00:00:00+00:00,9711.847568556961
2020-05-01 00:00:00+00:00,9675.985527541337
2020-05-03 00:00:00+00:00,9675.985527541337
2020-05-04 00:00:00+00:00,9675.985527541337
2020-05-05 00:00:00+00:00,9675.985527541337
2020-05-06 00:00:00+00:00,9650.715361525712
2020-05-07 00:00:00+00:00,9650.715361525712
2020-05-08 00:00:00+00:00,9650.715361525712
2020-05-10 00:00:00+00:00,9650.715361525712
2020-05-11 00:00:00+00:00,9650.715361525712
2020-05-12 00:00:00+00:00,9650.715361525712
2020-05-13 00:00:00+00:00,9650.715361525712
2020-05-14 00:00:00+00:00,9650.715361525712
2020-05-15 00:00:00+00:00,9650.715361525712
2020-05-17 00:00:00+00:00,9650.715361525712
2020-05-18 00:00:00+00:00,9650.715361525712
2020-05-19 00:00:00+00:00,9650.715361525712
2020-05-20 00:00:00+00:00,9650.715361525712
2020-05-21 00:00:00+00:00,9661.847373244462
2020-05-22 00:00:00+00:00,9661.847373244462
2020-05-24 00:00:00+00:00,9661.847373244462
2020-05-25 00:00:00+00:00,9661.847373244462
2020-05-26 00:00:00+00:00,9661.847373244462
2020-05-27 00:00:00+00:00,9661.847373244462
2020-05-28 00:00:00+00:00,9661.847373244462
2020-05-29 00:00:00+00:00,9661.847373244462
2020-05-31 00:00:00+00:00,9661.847373244462
2020-06-01 00:00:00+00:00,9661.847373244462
2020-06-02 00:00:00+00:00,9636.077329299149
2020-06-03 00:00:00+00:00,9616.100942580399
2020-06-04 00:00:00+00:00,9616.100942580399
2020-06-05 00:00:00+00:00,9603.990112502273
2020-06-07 00:00:00+00:00,9603.990112502273
2020-06-08 00:00:00+00:00,9663.605854689775
2020-06-09 00:00:00+00:00,9663.605854689775
2020-06-10 00:00:00+00:00,9663.605854689775
2020-06-11 00:00:00+00:00,9663.605854689775
2020-06-12 00:00:00+00:00,9663.605854689775
2020-06-14 00:00:00+00:00,9663.605854689775
2020-06-15 00:00:00+00:00,9663.605854689775
2020-06-16 00:00:00+00:00,9663.605854689775
2020-06-17 00:00:00+00:00,9663.605854689775
2020-06-18 00:00:00+00:00,9663.605854689775
2020-06-19 00:00:00+00:00,9663.605854689775
2020-06-21 00:00:00+00:00,9663.605854689775
2020-06-22 00:00:00+00:00,9673.343667189776
2020-06-23 00:00:00+00:00,9673.343667189776
2020-06-24 00:00:00+00:00,9673.343667189776
2020-06-25 00:00:00+00:00,9673.343667189776
2020-06-26 00:00:00+00:00,9746.622007033528
2020-06-28 00:00:00+00:00,9746.622007033528
2020-06-29 00:00:00+00:00,9746.622007033528
2020-06-30 00:00:00+00:00,9894.725796096029
2020-07-01 00:00:00+00:00,9894.725796096029
2020-07-02 00:00:00+00:00,9987.28147968978
2020-07-03 00:00:00+00:00,9987.28147968978
2020-07-05 00:00:00+00:00,9987.28147968978
2020-07-06 00:00:00+00:00,9987.28147968978
2020-07-07 00:00:00+00:00,9987.28147968978
2020-07-08 00:00:00+00:00,9987.28147968978
2020-07-09 00:00:00+00:00,10025.981870314781
2020-07-10 00:00:00+00:00,10025.981870314781
2020-07-12 00:00:00+00:00,10025.981870314781
2020-07-13 00:00:00+00:00,10025.981870314781
2020-07-14 00:00:00+00:00,10025.981870314781
2020-07-15 00:00:00+00:00,10025.981870314781
2020-07-16 00:00:00+00:00,10025.981870314781
2020-07-17 00:00:00+00:00,10025.981870314781
2020-07-19 00:00:00+00:00,10025.981870314781
2020-07-20 00:00:00+00:00,10025.981870314781
2020-07-21 00:00:00+00:00,10025.981870314781
2020-07-22 00:00:00+00:00,10025.981870314781
2020-07-23 00:00:00+00:00,10025.981870314781
2020-07-24 00:00:00+00:00,10025.981870314781
2020-07-26 00:00:00+00:00,10025.981870314781
2020-07-27 00:00:00+00:00,10025.981870314781
2020-07-28 00:00:00+00:00,10025.981870314781
2020-07-29 00:00:00+00:00,10103.501899611656
2020-07-30 00:00:00+00:00,10103.501899611656
2020-07-31 00:00:00+00:00,10124.314087111656
2020-08-02 00:00:00+00:00,10124.314087111656
2020-08-03 00:00:00+00:00,10124.314087111656
2020-08-04 00:00:00+00:00,10124.314087111656
2020-08-05 00:00:00+00:00,10124.314087111656
2020-08-06 00:00:00+00:00,10124.314087111656
2020-08-07 00:00:00+00:00,10124.314087111656
2020-08-09 00:00:00+00:00,10124.314087111656
2020-08-10 00:00:00+00:00,10124.314087111656
2020-08-11 00:00:00+00:00,10039.398583306613
2020-08-12 00:00:00+00:00,10039.398583306613
2020-08-13 00:00:00+00:00,10039.398583306613
2020-08-14 00:00:00+00:00,10039.398583306613
2020-08-16 00:00:00+00:00,10039.398583306613
2020-08-17 00:00:00+00:00,10039.398583306613
2020-08-18 00:00:00+00:00,10081.558583306612
2020-08-19 00:00:00+00:00,10043.724686822237
2020-08-20 00:00:00+00:00,10043.724686822237
2020-08-21 00:00:00+00:00,10043.724686822237
2020-08-23 00:00:00+00:00,10043.724686822237
2020-08-24 00:00:00+00:00,10043.724686822237
2020-08-25 00:00:00+00:00,10043.724686822237
2020-08-26 00:00:00+00:00,10181.244393853487
2020-08-27 00:00:00+00:00,10181.244393853487
2020-08-28 00:00:00+00:00,10181.244393853487
2020-08-30 00:00:00+00:00,10181.244393853487
2020-08-31 00:00:00+00:00,10181.244393853487
2020-09-01 00:00:00+00:00,10170.123431939424
2020-09-02 00:00:00+00:00,10170.123431939424
2020-09-03 00:00:00+00:00,10170.123431939424
2020-09-04 00:00:00+00:00,10170.123431939424
2020-09-06 00:00:00+00:00,10170.123431939424
2020-09-07 00:00:00+00:00,10170.123431939424
2020-09-08 00:00:00+00:00,10170.123431939424
2020-09-09 00:00:00+00:00,10170.123431939424
2020-09-10 00:00:00+00:00,10170.123431939424
2020-09-11 00:00:00+00:00,10170.123431939424
2020-09-13 00:00:00+00:00,10170.123431939424
2020-09-14 00:00:00+00:00,10170.123431939424
2020-09-15 00:00:00+00:00,10175.415599908174
2020-09-16 00:00:00+00:00,10175.415599908174
2020-09-17 00:00:00+00:00,10158.395555962861
2020-09-18 00:00:00+00:00,10158.395555962861
2020-09-20 00:00:00+00:00,10158.395555962861
2020-09-21 00:00:00+00:00,10059.07382050051
2020-09-22 00:00:00+00:00,10059.07382050051
2020-09-23 00:00:00+00:00,10059.07382050051
2020-09-24 00:00:00+00:00,10059.07382050051
2020-09-25 00:00:00+00:00,10059.07382050051
2020-09-27 00:00:00+00:00,10059.07382050051
2020-09-28 00:00:00+00:00,10059.07382050051
2020-09-29 00:00:00+00:00,10059.07382050051
2020-09-30 00:00:00+00:00,10053.754059758323
2020-10-01 00:00:00+00:00,10053.754059758323
2020-10-02 00:00:00+00:00,10053.754059758323
2020-10-04 00:00:00+00:00,10053.754059758323
2020-10-05 00:00:00+00:00,10053.754059758323
2020-10-06 00:00:00+00:00,9994.377770695823
2020-10-07 00:00:00+00:00,9994.377770695823
2020-10-08 00:00:00+00:00,9994.377770695823
2020-10-09 00:00:00+00:00,9994.377770695823
2020-10-11 00:00:00+00:00,9994.377770695823
2020-10-12 00:00:00+00:00,9994.377770695823
2020-10-13 00:00:00+00:00,9900.051394089267
2020-10-14 00:00:00+00:00,9962.589499558018
2020-10-15 00:00:00+00:00,9962.589499558018
2020-10-16 00:00:00+00:00,9962.589499558018
2020-10-18 00:00:00+00:00,9962.589499558018
2020-10-19 00:00:00+00:00,9962.589499558018
2020-10-20 00:00:00+00:00,10003.863332565832
2020-10-21 00:00:00+00:00,10003.863332565832
2020-10-22 00:00:00+00:00,9973.665031784583
2020-10-23 00:00:00+00:00,9969.602551315835
2020-10-25 00:00:00+00:00,9997.100891159585
2020-10-26 00:00:00+00:00,10000.340363815836
2020-10-27 00:00:00+00:00,10000.340363815836
2020-10-28 00:00:00+00:00,9907.528718039124
2020-10-29 00:00:00+00:00,9882.232780539125
2020-10-30 00:00:00+00:00,9882.232780539125
2020-11-01 00:00:00+00:00,9882.232780539125
2020-11-02 00:00:00+00:00,9882.232780539125
2020-11-03 00:00:00+00:00,9882.232780539125
2020-11-04 00:00:00+00:00,9882.232780539125
2020-11-05 00:00:00+00:00,9882.232780539125
2020-11-06 00:00:00+00:00,9882.232780539125
2020-11-08 00:00:00+00:00,9882.232780539125
2020-11-09 00:00:00+00:00,9790.068729923916
2020-11-10 00:00:00+00:00,9790.068729923916
2020-11-11 00:00:00+00:00,9790.068729923916
2020-11-12 00:00:00+00:00,9790.068729923916
2020-11-13 00:00:00+00:00,9790.068729923916
2020-11-15 00:00:00+00:00,9790.068729923916
2020-11-16 00:00:00+00:00,9869.640683048916
2020-11-17 00:00:00+00:00,9878.705487736417
2020-11-18 00:00:00+00:00,9878.705487736417
2020-11-19 00:00:00+00:00,9878.705487736417
2020-11-20 00:00:00+00:00,9878.705487736417
2020-11-22 00:00:00+00:00,9878.705487736417
2020-11-23 00:00:00+00:00,9861.21451605673
2020-11-24 00:00:00+00:00,9861.21451605673
2020-11-25 00:00:00+00:00,9861.21451605673
2020-11-26 00:00:00+00:00,9861.21451605673
2020-11-27 00:00:00+00:00,9762.048839145255
2020-11-29 00:00:00+00:00,9762.048839145255
2020-11-30 00:00:00+00:00,9789.208682895254
2020-12-01 00:00:00+00:00,9789.208682895254
2020-12-02 00:00:00+00:00,9789.208682895254
2020-12-03 00:00:00+00:00,9789.208682895254
2020-12-04 00:00:00+00:00,9789.208682895254
2020-12-06 00:00:00+00:00,9789.208682895254
2020-12-07 00:00:00+00:00,9795.988687778066
2020-12-08 00:00:00+00:00,9795.988687778066
2020-12-09 00:00:00+00:00,9751.546925082754
2020-12-10 00:00:00+00:00,9751.546925082754
2020-12-11 00:00:00+00:00,9751.546925082754
2020-12-13 00:00:00+00:00,9751.546925082754
2020-12-14 00:00:00+00:00,9737.547276645255
2020-12-15 00:00:00+00:00,9737.547276645255
2020-12-16 00:00:00+00:00,9737.547276645255
2020-12-17 00:00:00+00:00,9737.547276645255
2020-12-18 00:00:00+00:00,9737.547276645255
2020-12-20 00:00:00+00:00,9737.547276645255
2020-12-21 00:00:00+00:00,9737.547276645255
2020-12-22 00:00:00+00:00,9747.319425082755
2020-12-23 00:00:00+00:00,9747.319425082755
2020-12-24 00:00:00+00:00,9747.319425082755
2020-12-27 00:00:00+00:00,9747.319425082755
2020-12-28 00:00:00+00:00,9747.319425082755
2020-12-29 00:00:00+00:00,9747.319425082755
2020-12-30 00:00:00+00:00,9747.319425082755
2020-12-31 00:00:00+00:00,9747.319425082755
2021-01-03 00:00:00+00:00,9747.319425082755
2021-01-04 00:00:00+00:00,9747.319425082755
2021-01-05 00:00:00+00:00,9747.319425082755
2021-01-06 00:00:00+00:00,9663.991057395975
2021-01-07 00:00:00+00:00,9663.991057395975
2021-01-08 00:00:00+00:00,9683.269265403787
2021-01-10 00:00:00+00:00,9683.269265403787
2021-01-11 00:00:00+00:00,9709.829167747537
2021-01-12 00:00:00+00:00,9686.801023216287
2021-01-13 00:00:00+00:00,9693.950901145974
2021-01-14 00:00:00+00:00,9698.816233177224
2021-01-15 00:00:00+00:00,9698.816233177224
2021-01-17 00:00:00+00:00,9674.306247825662
2021-01-18 00:00:00+00:00,9725.186482200661
2021-01-19 00:00:00+00:00,9725.186482200661
2021-01-20 00:00:00+00:00,9875.931941185036
2021-01-21 00:00:00+00:00,9892.262116966285
2021-01-22 00:00:00+00:00,9852.997976341287
2021-01-24 00:00:00+00:00,9852.997976341287
2021-01-25 00:00:00+00:00,9852.997976341287
2021-01-26 00:00:00+00:00,9852.997976341287
2021-01-27 00:00:00+00:00,9852.997976341287
2021-01-28 00:00:00+00:00,9852.997976341287
2021-01-29 00:00:00+00:00,9852.997976341287
2021-01-31 00:00:00+00:00,9852.997976341287
2021-02-01 00:00:00+00:00,9852.997976341287
2021-02-02 00:00:00+00:00,9852.997976341287
2021-02-03 00:00:00+00:00,9852.997976341287
2021-02-04 00:00:00+00:00,9737.356589285524
2021-02-05 00:00:00+00:00,9737.356589285524
2021-02-07 00:00:00+00:00,9737.356589285524
2021-02-08 00:00:00+00:00,9737.356589285524
2021-02-09 00:00:00+00:00,9737.356589285524
2021-02-10 00:00:00+00:00,9737.356589285524
2021-02-11 00:00:00+00:00,9737.356589285524
2021-02-12 00:00:00+00:00,9737.356589285524
2021-02-14 00:00:00+00:00,9737.356589285524
2021-02-15 00:00:00+00:00,9737.356589285524
2021-02-16 00:00:00+00:00,9653.96810388462
2021-02-17 00:00:00+00:00,9682.318299197119
2021-02-18 00:00:00+00:00,9682.318299197119
2021-02-19 00:00:00+00:00,9656.837649783058
2021-02-21 00:00:00+00:00,9656.837649783058
2021-02-22 00:00:00+00:00,9656.837649783058
2021-02-23 00:00:00+00:00,9656.837649783058
2021-02-24 00:00:00+00:00,9665.113015993995
2021-02-25 00:00:00+00:00,9665.113015993995
2021-02-26 00:00:00+00:00,9637.371936892432
2021-02-28 00:00:00+00:00,9637.371936892432
2021-03-01 00:00:00+00:00,9637.371936892432
2021-03-02 00:00:00+00:00,9625.335979861182
2021-03-03 00:00:00+00:00,9637.045794314306
2021-03-04 00:00:00+00:00,9637.045794314306
2021-03-05 00:00:00+00:00,9637.045794314306
2021-03-07 00:00:00+00:00,9637.045794314306
2021-03-08 00:00:00+00:00,9637.045794314306
2021-03-09 00:00:00+00:00,9637.045794314306
2021-03-10 00:00:00+00:00,9637.045794314306
2021-03-11 00:00:00+00:00,9637.045794314306
2021-03-12 00:00:00+00:00,9637.045794314306
2021-03-14 00:00:00+00:00,9637.045794314306
2021-03-15 00:00:00+00:00,9637.045794314306
2021-03-16 00:00:00+00:00,9637.045794314306
2021-03-17 00:00:00+00:00,9646.485599001808
2021-03-18 00:00:00+00:00,9581.542015017434
2021-03-19 00:00:00+00:00,9581.542015017434
2021-03-21 00:00:00+00:00,9581.542015017434
2021-03-22 00:00:00+00:00,9581.542015017434
2021-03-23 00:00:00+00:00,9585.75477868931
2021-03-24 00:00:00+00:00,9585.75477868931
2021-03-25 00:00:00+00:00,9585.75477868931
2021-03-26 00:00:00+00:00,9585.75477868931
2021-03-28 00:00:00+00:00,9585.75477868931
2021-03-29 00:00:00+00:00,9587.879461306498
2021-03-30 00:00:00+00:00,9587.879461306498
2021-03-31 00:00:00+00:00,9587.879461306498
2021-04-01 00:00:00+00:00,9587.879461306498
2021-04-04 00:00:00+00:00,9587.879461306498
2021-04-05 00:00:00+00:00,9587.879461306498
2021-04-06 00:00:00+00:00,9587.879461306498
2021-04-07 00:00:00+00:00,9587.879461306498
2021-04-08 00:00:00+00:00,9587.879461306498
2021-04-09 00:00:00+00:00,9629.809700564312
2021-04-11 00:00:00+00:00,9629.809700564312
2021-04-12 00:00:00+00:00,9629.809700564312
2021-04-13 00:00:00+00:00,9629.809700564312
2021-04-14 00:00:00+00:00,9629.809700564312
2021-04-15 00:00:00+00:00,9629.809700564312
2021-04-16 00:00:00+00:00,9629.809700564312
2021-04-18 00:00:00+00:00,9629.809700564312
2021-04-19 00:00:00+00:00,9629.809700564312
2021-04-20 00:00:00+00:00,9629.809700564312
2021-04-21 00:00:00+00:00,9629.809700564312
2021-04-22 00:00:00+00:00,9629.809700564312
2021-04-23 00:00:00+00:00,9629.809700564312
2021-04-25 00:00:00+00:00,9629.809700564312
2021-04-26 00:00:00+00:00,9629.809700564312
2021-04-27 00:00:00+00:00,9698.353797244
2021-04-28 00:00:00+00:00,9673.173216189314
2021-04-29 00:00:00+00:00,9712.345266970564
2021-04-30 00:00:00+00:00,9712.345266970564
2021-05-02 00:00:00+00:00,9712.345266970564
2021-05-03 00:00:00+00:00,9712.345266970564
2021-05-04 00:00:00+00:00,9716.689056033065
2021-05-05 00:00:00+00:00,9716.689056033065
2021-05-06 00:00:00+00:00,9716.689056033065
2021-05-07 00:00:00+00:00,9716.689056033065
2021-05-09 00:00:00+00:00,9716.689056033065
2021-05-10 00:00:00+00:00,9716.689056033065
2021-05-11 00:00:00+00:00,9764.827015017441
2021-05-12 00:00:00+00:00,9744.063250369005
2021-05-13 00:00:00+00:00,9744.063250369005
2021-05-14 00:00:00+00:00,9744.063250369005
2021-05-16 00:00:00+00:00,9744.063250369005
2021-05-17 00:00:00+00:00,9744.063250369005
2021-05-18 00:00:00+00:00,9744.063250369005
2021-05-19 00:00:00+00:00,9744.063250369005
2021-05-20 00:00:00+00:00,9744.063250369005
2021-05-21 00:00:00+00:00,9744.063250369005
2021-05-23 00:00:00+00:00,9744.063250369005
2021-05-24 00:00:00+00:00,9744.063250369005
2021-05-25 00:00:00+00:00,9744.063250369005
2021-05-26 00:00:00+00:00,9758.26818200963
2021-05-27 00:00:00+00:00,9758.26818200963
2021-05-28 00:00:00+00:00,9846.559749392443
2021-05-30 00:00:00+00:00,9846.559749392443
2021-05-31 00:00:00+00:00,9846.559749392443
2021-06-01 00:00:00+00:00,9846.559749392443
2021-06-02 00:00:00+00:00,9846.559749392443
2021-06-03 00:00:00+00:00,9787.98941247838
2021-06-04 00:00:00+00:00,9825.825857790882
2021-06-06 00:00:00+00:00,9825.825857790882
2021-06-07 00:00:00+00:00,9825.825857790882
2021-06-08 00:00:00+00:00,9825.825857790882
2021-06-09 00:00:00+00:00,9825.825857790882
2021-06-10 00:00:00+00:00,9825.825857790882
2021-06-11 00:00:00+00:00,9825.825857790882
2021-06-13 00:00:00+00:00,9825.825857790882
2021-06-14 00:00:00+00:00,9825.825857790882
2021-06-15 00:00:00+00:00,9825.825857790882
2021-06-16 00:00:00+00:00,9736.545566951669
2021-06-17 00:00:00+00:00,9736.545566951669
2021-06-18 00:00:00+00:00,9718.233906795418
2021-06-20 00:00:00+00:00,9718.233906795418
2021-06-21 00:00:00+00:00,9718.233906795418
2021-06-22 00:00:00+00:00,9718.233906795418
2021-06-23 00:00:00+00:00,9718.233906795418
2021-06-24 00:00:00+00:00,9718.233906795418
2021-06-25 00:00:00+00:00,9718.233906795418
2021-06-27 00:00:00+00:00,9718.233906795418
2021-06-28 00:00:00+00:00,9799.394014217294
2021-06-29 00:00:00+00:00,9799.394014217294
2021-06-30 00:00:00+00:00,9799.394014217294
2021-07-01 00:00:00+00:00,9799.394014217294
2021-07-02 00:00:00+00:00,9929.117153865733
2021-07-04 00:00:00+00:00,9929.117153865733
2021-07-05 00:00:00+00:00,9929.117153865733
2021-07-06 00:00:00+00:00,9929.117153865733
2021-07-07 00:00:00+00:00,9929.117153865733
2021-07-08 00:00:00+00:00,9929.117153865733
2021-07-09 00:00:00+00:00,9929.117153865733
2021-07-11 00:00:00+00:00,9929.117153865733
2021-07-12 00:00:00+00:00,9993.34710992042
2021-07-13 00:00:00+00:00,9993.34710992042
2021-07-14 00:00:00+00:00,9993.34710992042
2021-07-15 00:00:00+00:00,9965.395313045421
2021-07-16 00:00:00+00:00,9922.562656795422
2021-07-18 00:00:00+00:00,9922.562656795422
2021-07-19 00:00:00+00:00,9890.050313045424
2021-07-20 00:00:00+00:00,9890.050313045424
2021-07-21 00:00:00+00:00,9890.050313045424
2021-07-22 00:00:00+00:00,9890.050313045424
2021-07-23 00:00:00+00:00,9890.050313045424
2021-07-25 00:00:00+00:00,9890.050313045424
2021-07-26 00:00:00+00:00,9890.050313045424
2021-07-27 00:00:00+00:00,9890.050313045424
2021-07-28 00:00:00+00:00,9890.050313045424
2021-07-29 00:00:00+00:00,9890.050313045424
2021-07-30 00:00:00+00:00,9890.050313045424
2021-08-01 00:00:00+00:00,9890.050313045424
2021-08-02 00:00:00+00:00,9890.050313045424
2021-08-03 00:00:00+00:00,9890.050313045424
2021-08-04 00:00:00+00:00,9890.050313045424
2021-08-05 00:00:00+00:00,9906.600825740736
2021-08-06 00:00:00+00:00,9676.856943564851
2021-08-08 00:00:00+00:00,9581.28315319454
2021-08-09 00:00:00+00:00,9581.28315319454
2021-08-10 00:00:00+00:00,9581.28315319454
2021-08-11 00:00:00+00:00,9581.28315319454
2021-08-12 00:00:00+00:00,9581.28315319454
2021-08-13 00:00:00+00:00,9581.28315319454
2021-08-15 00:00:00+00:00,9581.28315319454
2021-08-16 00:00:00+00:00,9581.28315319454
2021-08-17 00:00:00+00:00,9581.28315319454
2021-08-18 00:00:00+00:00,9581.28315319454
2021-08-19 00:00:00+00:00,9581.28315319454
2021-08-20 00:00:00+00:00,9581.28315319454
2021-08-22 00:00:00+00:00,9581.28315319454
2021-08-23 00:00:00+00:00,9581.28315319454
2021-08-24 00:00:00+00:00,9581.28315319454
2021-08-25 00:00:00+00:00,9563.60602428829
2021-08-26 00:00:00+00:00,9540.413846553916
2021-08-27 00:00:00+00:00,9540.413846553916
2021-08-29 00:00:00+00:00,9540.413846553916
2021-08-30 00:00:00+00:00,9540.413846553916
2021-08-31 00:00:00+00:00,9610.235887569543
2021-09-01 00:00:00+00:00,9610.235887569543
2021-09-02 00:00:00+00:00,9610.235887569543
2021-09-03 00:00:00+00:00,9610.235887569543
2021-09-05 00:00:00+00:00,9610.235887569543
2021-09-06 00:00:00+00:00,9610.235887569543
2021-09-07 00:00:00+00:00,9610.235887569543
2021-09-08 00:00:00+00:00,9624.695946163292
2021-09-09 00:00:00+00:00,9624.695946163292
2021-09-10 00:00:00+00:00,9624.695946163292
2021-09-12 00:00:00+00:00,9624.695946163292
2021-09-13 00:00:00+00:00,9624.695946163292
2021-09-14 00:00:00+00:00,9624.695946163292
2021-09-15 00:00:00+00:00,9624.695946163292
2021-09-16 00:00:00+00:00,9624.695946163292
2021-09-17 00:00:00+00:00,9624.695946163292
2021-09-19 00:00:00+00:00,9624.695946163292
2021-09-20 00:00:00+00:00,9663.251795772669
2021-09-21 00:00:00+00:00,9663.251795772669
2021-09-22 00:00:00+00:00,9663.251795772669
2021-09-23 00:00:00+00:00,9637.503475460171
2021-09-24 00:00:00+00:00,9661.488123897672
2021-09-26 00:00:00+00:00,9661.488123897672
2021-09-27 00:00:00+00:00,9661.488123897672
2021-09-28 00:00:00+00:00,9701.976287960173
2021-09-29 00:00:00+00:00,9701.976287960173
2021-09-30 00:00:00+00:00,9701.976287960173
2021-10-01 00:00:00+00:00,9701.976287960173
2021-10-03 00:00:00+00:00,9701.976287960173
2021-10-04 00:00:00+00:00,9701.976287960173
2021-10-05 00:00:00+00:00,9701.976287960173
2021-10-06 00:00:00+00:00,9701.976287960173
2021-10-07 00:00:00+00:00,9701.976287960173
2021-10-08 00:00:00+00:00,9701.976287960173
2021-10-10 00:00:00+00:00,9707.457342647673
2021-10-11 00:00:00+00:00,9741.946322139862
2021-10-12 00:00:00+00:00,9741.946322139862
2021-10-13 00:00:00+00:00,9741.946322139862
2021-10-14 00:00:00+00:00,9741.946322139862
2021-10-15 00:00:00+00:00,9741.946322139862
2021-10-17 00:00:00+00:00,9741.946322139862
2021-10-18 00:00:00+00:00,9725.9088758508
2021-10-19 00:00:00+00:00,9725.9088758508
2021-10-20 00:00:00+00:00,9725.9088758508
2021-10-21 00:00:00+00:00,9725.9088758508
2021-10-22 00:00:00+00:00,9725.9088758508
2021-10-24 00:00:00+00:00,9725.9088758508
2021-10-25 00:00:00+00:00,9725.9088758508
2021-10-26 00:00:00+00:00,9732.012274288301
2021-10-27 00:00:00+00:00,9732.012274288301
2021-10-28 00:00:00+00:00,9732.012274288301
2021-10-29 00:00:00+00:00,9635.622089961122
2021-10-31 00:00:00+00:00,9635.622089961122
2021-11-01 00:00:00+00:00,9635.622089961122
2021-11-02 00:00:00+00:00,9635.622089961122
2021-11-03 00:00:00+00:00,9521.505693108818
2021-11-04 00:00:00+00:00,9521.505693108818
2021-11-05 00:00:00+00:00,9521.505693108818
2021-11-07 00:00:00+00:00,9521.505693108818
2021-11-08 00:00:00+00:00,9521.505693108818
2021-11-09 00:00:00+00:00,9521.505693108818
2021-11-10 00:00:00+00:00,9521.505693108818
2021-11-11 00:00:00+00:00,9521.505693108818
2021-11-12 00:00:00+00:00,9521.505693108818
2021-11-14 00:00:00+00:00,9521.505693108818
2021-11-15 00:00:00+00:00,9516.96950170257
2021-11-16 00:00:00+00:00,9516.96950170257
2021-11-17 00:00:00+00:00,9516.96950170257
2021-11-18 00:00:00+00:00,9516.96950170257
2021-11-19 00:00:00+00:00,9526.69770482757
2021-11-21 00:00:00+00:00,9526.69770482757
2021-11-22 00:00:00+00:00,9433.077576620877
2021-11-23 00:00:00+00:00,9433.077576620877
2021-11-24 00:00:00+00:00,9433.077576620877
2021-11-25 00:00:00+00:00,9433.077576620877
2021-11-26 00:00:00+00:00,9433.077576620877
2021-11-28 00:00:00+00:00,9433.077576620877
2021-11-29 00:00:00+00:00,9433.077576620877
2021-11-30 00:00:00+00:00,9433.077576620877
2021-12-01 00:00:00+00:00,9433.077576620877
2021-12-02 00:00:00+00:00,9487.117679159941
2021-12-03 00:00:00+00:00,9487.117679159941
2021-12-05 00:00:00+00:00,9487.117679159941
2021-12-06 00:00:00+00:00,9487.117679159941
2021-12-07 00:00:00+00:00,9487.117679159941
2021-12-08 00:00:00+00:00,9487.117679159941
2021-12-09 00:00:00+00:00,9487.117679159941
2021-12-10 00:00:00+00:00,9439.837444784942
2021-12-12 00:00:00+00:00,9439.837444784942
2021-12-13 00:00:00+00:00,9439.837444784942
2021-12-14 00:00:00+00:00,9373.702614131913
2021-12-15 00:00:00+00:00,9373.702614131913
2021-12-16 00:00:00+00:00,9373.702614131913
2021-12-17 00:00:00+00:00,9373.702614131913
2021-12-19 00:00:00+00:00,9373.702614131913
2021-12-20 00:00:00+00:00,9373.702614131913
2021-12-21 00:00:00+00:00,9373.702614131913
2021-12-22 00:00:00+00:00,9373.702614131913
2021-12-23 00:00:00+00:00,9373.702614131913
2021-12-26 00:00:00+00:00,9373.702614131913
2021-12-27 00:00:00+00:00,9373.702614131913
2021-12-28 00:00:00+00:00,9373.702614131913
2021-12-29 00:00:00+00:00,9281.2321911099
2021-12-30 00:00:00+00:00,9281.2321911099
2021-12-31 00:00:00+00:00,9281.2321911099
2022-01-02 00:00:00+00:00,9281.2321911099
2022-01-03 00:00:00+00:00,9192.176276613323
2022-01-04 00:00:00+00:00,9192.176276613323
2022-01-05 00:00:00+00:00,9153.60866919145
2022-01-06 00:00:00+00:00,9153.60866919145
2022-01-07 00:00:00+00:00,9153.60866919145
2022-01-09 00:00:00+00:00,9153.60866919145
2022-01-10 00:00:00+00:00,9153.60866919145
2022-01-11 00:00:00+00:00,9153.60866919145
2022-01-12 00:00:00+00:00,9153.60866919145
2022-01-13 00:00:00+00:00,9153.60866919145
2022-01-14 00:00:00+00:00,9153.60866919145
2022-01-16 00:00:00+00:00,9153.60866919145
2022-01-17 00:00:00+00:00,9153.60866919145
2022-01-18 00:00:00+00:00,9153.60866919145
2022-01-19 00:00:00+00:00,9153.60866919145
2022-01-20 00:00:00+00:00,9153.60866919145
2022-01-21 00:00:00+00:00,9173.576794191451
2022-01-23 00:00:00+00:00,9173.576794191451
2022-01-24 00:00:00+00:00,9173.576794191451
2022-01-25 00:00:00+00:00,9173.576794191451
2022-01-26 00:00:00+00:00,9123.555534425828
2022-01-27 00:00:00+00:00,9123.555534425828
2022-01-28 00:00:00+00:00,9123.555534425828
2022-01-30 00:00:00+00:00,9123.555534425828
2022-01-31 00:00:00+00:00,9123.555534425828
2022-02-01 00:00:00+00:00,9123.555534425828
2022-02-02 00:00:00+00:00,9123.555534425828
2022-02-03 00:00:00+00:00,9190.085905519578
2022-02-04 00:00:00+00:00,9232.565983644577
2022-02-06 00:00:00+00:00,9232.565983644577
2022-02-07 00:00:00+00:00,9232.565983644577
2022-02-08 00:00:00+00:00,9232.565983644577
2022-02-09 00:00:00+00:00,9232.565983644577
2022-02-10 00:00:00+00:00,9279.25565649614
2022-02-11 00:00:00+00:00,9279.25565649614
2022-02-13 00:00:00+00:00,9279.25565649614
2022-02-14 00:00:00+00:00,9279.25565649614
2022-02-15 00:00:00+00:00,9189.933467159935
2022-02-16 00:00:00+00:00,9189.933467159935
2022-02-17 00:00:00+00:00,9189.933467159935
2022-02-18 00:00:00+00:00,9181.089004269312
2022-02-20 00:00:00+00:00,9181.089004269312
2022-02-21 00:00:00+00:00,9181.089004269312
2022-02-22 00:00:00+00:00,9191.073066769311
2022-02-23 00:00:00+00:00,9191.073066769311
2022-02-24 00:00:00+00:00,9191.073066769311
2022-02-25 00:00:00+00:00,9175.007890988061
2022-02-27 00:00:00+00:00,9175.007890988061
2022-02-28 00:00:00+00:00,9194.352305050561
2022-03-01 00:00:00+00:00,9194.352305050561
2022-03-02 00:00:00+00:00,9208.69834020681
2022-03-03 00:00:00+00:00,9208.69834020681
2022-03-04 00:00:00+00:00,9208.69834020681
2022-03-06 00:00:00+00:00,9208.69834020681
2022-03-07 00:00:00+00:00,9208.69834020681
2022-03-08 00:00:00+00:00,9208.69834020681
2022-03-09 00:00:00+00:00,9140.560519214465
2022-03-10 00:00:00+00:00,9140.560519214465
2022-03-11 00:00:00+00:00,9145.498639331652
2022-03-13 00:00:00+00:00,9145.498639331652
2022-03-14 00:00:00+00:00,9145.498639331652
2022-03-15 00:00:00+00:00,9103.922643237902
2022-03-16 00:00:00+00:00,9103.922643237902
2022-03-17 00:00:00+00:00,9103.922643237902
2022-03-18 00:00:00+00:00,9103.922643237902
2022-03-20 00:00:00+00:00,9103.922643237902
2022-03-21 00:00:00+00:00,9103.922643237902
2022-03-22 00:00:00+00:00,9121.84173991759
2022-03-23 00:00:00+00:00,9121.84173991759
2022-03-24 00:00:00+00:00,9121.84173991759
2022-03-25 00:00:00+00:00,9121.84173991759
2022-03-27 00:00:00+00:00,9121.84173991759
2022-03-28 00:00:00+00:00,9099.92590007384
2022-03-29 00:00:00+00:00,9148.828741870715
2022-03-30 00:00:00+00:00,9148.828741870715
2022-03-31 00:00:00+00:00,9148.828741870715
2022-04-01 00:00:00+00:00,9148.828741870715
2022-04-03 00:00:00+00:00,9148.828741870715
2022-04-04 00:00:00+00:00,9148.828741870715
2022-04-05 00:00:00+00:00,9148.828741870715
2022-04-06 00:00:00+00:00,9148.828741870715
2022-04-07 00:00:00+00:00,9148.828741870715
2022-04-08 00:00:00+00:00,9148.828741870715
2022-04-10 00:00:00+00:00,9148.828741870715
2022-04-11 00:00:00+00:00,9148.828741870715
2022-04-12 00:00:00+00:00,9148.828741870715
2022-04-13 00:00:00+00:00,9148.828741870715
2022-04-14 00:00:00+00:00,9148.828741870715
2022-04-17 00:00:00+00:00,9148.828741870715
2022-04-18 00:00:00+00:00,9148.828741870715
2022-04-19 00:00:00+00:00,9123.892569995714
2022-04-20 00:00:00+00:00,9123.892569995714
2022-04-21 00:00:00+00:00,9123.892569995714
2022-04-22 00:00:00+00:00,9123.892569995714
2022-04-24 00:00:00+00:00,9123.892569995714
2022-04-25 00:00:00+00:00,9123.892569995714
2022-04-26 00:00:00+00:00,9123.892569995714
2022-04-27 00:00:00+00:00,9123.892569995714
2022-04-28 00:00:00+00:00,9123.892569995714
2022-04-29 00:00:00+00:00,9123.892569995714
2022-05-01 00:00:00+00:00,9123.892569995714
2022-05-02 00:00:00+00:00,9131.276534839464
2022-05-03 00:00:00+00:00,9131.276534839464
2022-05-04 00:00:00+00:00,9131.276534839464
2022-05-05 00:00:00+00:00,9143.751730151964
2022-05-06 00:00:00+00:00,9143.751730151964
2022-05-08 00:00:00+00:00,9143.751730151964
2022-05-09 00:00:00+00:00,9143.751730151964
2022-05-10 00:00:00+00:00,9143.751730151964
2022-05-11 00:00:00+00:00,9189.199659839463
2022-05-12 00:00:00+00:00,9189.199659839463
2022-05-13 00:00:00+00:00,9189.199659839463
2022-05-15 00:00:00+00:00,9189.199659839463
2022-05-16 00:00:00+00:00,9208.567999683213
2022-05-17 00:00:00+00:00,9208.567999683213
2022-05-18 00:00:00+00:00,9208.567999683213
2022-05-19 00:00:00+00:00,9208.567999683213
2022-05-20 00:00:00+00:00,9208.567999683213
2022-05-22 00:00:00+00:00,9208.567999683213
2022-05-23 00:00:00+00:00,9208.567999683213
2022-05-24 00:00:00+00:00,9208.567999683213
2022-05-25 00:00:00+00:00,9208.567999683213
2022-05-26 00:00:00+00:00,9208.567999683213
2022-05-27 00:00:00+00:00,9208.567999683213
2022-05-29 00:00:00+00:00,9211.75447429259
2022-05-30 00:00:00+00:00,9291.269078784777
2022-05-31 00:00:00+00:00,9291.269078784777
2022-06-01 00:00:00+00:00,9291.269078784777
2022-06-02 00:00:00+00:00,9291.269078784777
2022-06-03 00:00:00+00:00,9291.269078784777
2022-06-05 00:00:00+00:00,9291.269078784777
2022-06-06 00:00:00+00:00,9291.269078784777
2022-06-07 00:00:00+00:00,9291.269078784777
2022-06-08 00:00:00+00:00,9291.269078784777
2022-06-09 00:00:00+00:00,9291.269078784777
2022-06-10 00:00:00+00:00,9453.581612211505
2022-06-12 00:00:00+00:00,9453.581612211505
2022-06-13 00:00:00+00:00,9372.719066189198
2022-06-14 00:00:00+00:00,9372.719066189198
2022-06-15 00:00:00+00:00,9372.719066189198
2022-06-16 00:00:00+00:00,9372.719066189198
2022-06-17 00:00:00+00:00,9372.719066189198
2022-06-19 00:00:00+00:00,9372.719066189198
2022-06-20 00:00:00+00:00,9372.719066189198
2022-06-21 00:00:00+00:00,9372.719066189198
2022-06-22 00:00:00+00:00,9372.719066189198
2022-06-23 00:00:00+00:00,9372.719066189198
2022-06-24 00:00:00+00:00,9372.719066189198
2022-06-26 00:00:00+00:00,9372.719066189198
2022-06-27 00:00:00+00:00,9372.719066189198
2022-06-28 00:00:00+00:00,9372.719066189198
2022-06-29 00:00:00+00:00,9452.189720486074
2022-06-30 00:00:00+00:00,9452.189720486074
2022-07-01 00:00:00+00:00,9452.189720486074
2022-07-03 00:00:00+00:00,9452.189720486074
2022-07-04 00:00:00+00:00,9452.189720486074
2022-07-05 00:00:00+00:00,9452.189720486074
2022-07-06 00:00:00+00:00,9452.189720486074
2022-07-07 00:00:00+00:00,9452.189720486074
2022-07-08 00:00:00+00:00,9499.005946072013
2022-07-10 00:00:00+00:00,9499.005946072013
2022-07-11 00:00:00+00:00,9499.005946072013
2022-07-12 00:00:00+00:00,9511.934032009514
2022-07-13 00:00:00+00:00,9621.498172634514
2022-07-14 00:00:00+00:00,9621.498172634514
2022-07-15 00:00:00+00:00,9621.498172634514
2022-07-17 00:00:00+00:00,9621.498172634514
2022-07-18 00:00:00+00:00,9621.498172634514
2022-07-19 00:00:00+00:00,9621.498172634514
2022-07-20 00:00:00+00:00,9621.498172634514
2022-07-21 00:00:00+00:00,9621.498172634514
2022-07-22 00:00:00+00:00,9621.498172634514
2022-07-24 00:00:00+00:00,9621.498172634514
2022-07-25 00:00:00+00:00,9621.498172634514
2022-07-26 00:00:00+00:00,9621.498172634514
2022-07-27 00:00:00+00:00,9621.498172634514
2022-07-28 00:00:00+00:00,9621.498172634514
2022-07-29 00:00:00+00:00,9621.498172634514
2022-07-31 00:00:00+00:00,9621.498172634514
2022-08-01 00:00:00+00:00,9621.498172634514
2022-08-02 00:00:00+00:00,9621.498172634514
2022-08-03 00:00:00+00:00,9621.498172634514
2022-08-04 00:00:00+00:00,9621.498172634514
2022-08-05 00:00:00+00:00,9617.753275173576
2022-08-07 00:00:00+00:00,9617.753275173576
2022-08-08 00:00:00+00:00,9617.753275173576
2022-08-09 00:00:00+00:00,9632.692113064202
2022-08-10 00:00:00+00:00,9632.692113064202
2022-08-11 00:00:00+00:00,9632.692113064202
2022-08-12 00:00:00+00:00,9632.692113064202
2022-08-14 00:00:00+00:00,9632.692113064202
2022-08-15 00:00:00+00:00,9632.692113064202
2022-08-16 00:00:00+00:00,9632.692113064202
2022-08-17 00:00:00+00:00,9632.692113064202
2022-08-18 00:00:00+00:00,9632.692113064202
2022-08-19 00:00:00+00:00,9632.692113064202
2022-08-21 00:00:00+00:00,9632.692113064202
2022-08-22 00:00:00+00:00,9632.692113064202
2022-08-23 00:00:00+00:00,9632.692113064202
2022-08-24 00:00:00+00:00,9632.692113064202
2022-08-25 00:00:00+00:00,9632.692113064202
2022-08-26 00:00:00+00:00,9632.692113064202
2022-08-28 00:00:00+00:00,9632.692113064202
2022-08-29 00:00:00+00:00,9598.335853298579
2022-08-30 00:00:00+00:00,9598.335853298579
2022-08-31 00:00:00+00:00,9572.27175173608
2022-09-01 00:00:00+00:00,9572.27175173608
2022-09-02 00:00:00+00:00,9572.27175173608
2022-09-04 00:00:00+00:00,9572.27175173608
2022-09-05 00:00:00+00:00,9572.27175173608
2022-09-06 00:00:00+00:00,9572.27175173608
2022-09-07 00:00:00+00:00,9572.27175173608
2022-09-08 00:00:00+00:00,9572.27175173608
2022-09-09 00:00:00+00:00,9572.27175173608
2022-09-11 00:00:00+00:00,9572.27175173608
2022-09-12 00:00:00+00:00,9572.27175173608
2022-09-13 00:00:00+00:00,9547.62397829858
2022-09-14 00:00:00+00:00,9547.62397829858
2022-09-15 00:00:00+00:00,9547.62397829858
2022-09-16 00:00:00+00:00,9621.35186892358
2022-09-18 00:00:00+00:00,9621.35186892358
2022-09-19 00:00:00+00:00,9621.35186892358
2022-09-20 00:00:00+00:00,9621.35186892358
2022-09-21 00:00:00+00:00,9721.329915798582
2022-09-22 00:00:00+00:00,9721.329915798582
2022-09-23 00:00:00+00:00,9721.329915798582
2022-09-25 00:00:00+00:00,9721.329915798582
2022-09-26 00:00:00+00:00,9748.061536892332
2022-09-27 00:00:00+00:00,9748.061536892332
2022-09-28 00:00:00+00:00,9808.653031032958
2022-09-29 00:00:00+00:00,9851.465106228272
2022-09-30 00:00:00+00:00,9851.465106228272
2022-10-02 00:00:00+00:00,9851.465106228272
2022-10-03 00:00:00+00:00,9851.465106228272
2022-10-04 00:00:00+00:00,9851.465106228272
2022-10-05 00:00:00+00:00,9851.465106228272
2022-10-06 00:00:00+00:00,9851.465106228272
2022-10-07 00:00:00+00:00,9851.465106228272
2022-10-09 00:00:00+00:00,9851.465106228272
2022-10-10 00:00:00+00:00,9851.465106228272
2022-10-11 00:00:00+00:00,9879.234700954836
2022-10-12 00:00:00+00:00,9879.234700954836
2022-10-13 00:00:00+00:00,9931.358900173585
2022-10-14 00:00:00+00:00,9931.358900173585
2022-10-16 00:00:00+00:00,9931.358900173585
2022-10-17 00:00:00+00:00,9931.358900173585
2022-10-18 00:00:00+00:00,9931.358900173585
2022-10-19 00:00:00+00:00,9931.358900173585
2022-10-20 00:00:00+00:00,9931.358900173585
2022-10-21 00:00:00+00:00,9966.512249782962
2022-10-23 00:00:00+00:00,9966.512249782962
2022-10-24 00:00:00+00:00,9966.512249782962
2022-10-25 00:00:00+00:00,9966.512249782962
2022-10-26 00:00:00+00:00,9966.512249782962
2022-10-27 00:00:00+00:00,9966.512249782962
2022-10-28 00:00:00+00:00,9966.512249782962
2022-10-30 00:00:00+00:00,9966.512249782962
2022-10-31 00:00:00+00:00,9966.512249782962
2022-11-01 00:00:00+00:00,9966.512249782962
2022-11-02 00:00:00+00:00,9966.512249782962
2022-11-03 00:00:00+00:00,9885.904202907963
2022-11-04 00:00:00+00:00,9885.904202907963
2022-11-06 00:00:00+00:00,9885.904202907963
2022-11-07 00:00:00+00:00,9885.904202907963
2022-11-08 00:00:00+00:00,9885.904202907963
2022-11-09 00:00:00+00:00,9885.904202907963
2022-11-10 00:00:00+00:00,9885.904202907963
2022-11-11 00:00:00+00:00,9885.904202907963
2022-11-13 00:00:00+00:00,9885.904202907963
2022-11-14 00:00:00+00:00,9885.904202907963
2022-11-15 00:00:00+00:00,9885.904202907963
2022-11-16 00:00:00+00:00,9885.904202907963
2022-11-17 00:00:00+00:00,9812.653909939214
2022-11-18 00:00:00+00:00,9812.653909939214
2022-11-20 00:00:00+00:00,9812.653909939214
2022-11-21 00:00:00+00:00,9812.653909939214
2022-11-22 00:00:00+00:00,9812.653909939214
2022-11-23 00:00:00+00:00,9812.653909939214
2022-11-24 00:00:00+00:00,9812.653909939214
2022-11-25 00:00:00+00:00,9812.653909939214
2022-11-27 00:00:00+00:00,9812.653909939214
2022-11-28 00:00:00+00:00,9812.653909939214
2022-11-29 00:00:00+00:00,9812.653909939214
2022-11-30 00:00:00+00:00,9812.653909939214
2022-12-01 00:00:00+00:00,9812.653909939214
2022-12-02 00:00:00+00:00,9871.878983181401
2022-12-04 00:00:00+00:00,9871.878983181401
2022-12-05 00:00:00+00:00,9754.297807689001
2022-12-06 00:00:00+00:00,9754.297807689001
2022-12-07 00:00:00+00:00,9754.297807689001
2022-12-08 00:00:00+00:00,9754.297807689001
2022-12-09 00:00:00+00:00,9754.297807689001
2022-12-11 00:00:00+00:00,9754.297807689001
2022-12-12 00:00:00+00:00,9754.297807689001
2022-12-13 00:00:00+00:00,9754.297807689001
2022-12-14 00:00:00+00:00,9754.297807689001
2022-12-15 00:00:00+00:00,9729.948051829626
2022-12-16 00:00:00+00:00,9729.948051829626
2022-12-18 00:00:00+00:00,9729.948051829626
2022-12-19 00:00:00+00:00,9729.948051829626
2022-12-20 00:00:00+00:00,9729.948051829626
2022-12-21 00:00:00+00:00,9729.948051829626
2022-12-22 00:00:00+00:00,9642.02618101439
2022-12-23 00:00:00+00:00,9642.02618101439
2022-12-26 00:00:00+00:00,9642.02618101439
2022-12-27 00:00:00+00:00,9826.372105751465
2022-12-28 00:00:00+00:00,9826.372105751465
2022-12-29 00:00:00+00:00,9826.372105751465
2022-12-30 00:00:00+00:00,9826.372105751465
2023-01-02 00:00:00+00:00,9826.372105751465
2023-01-03 00:00:00+00:00,9826.372105751465
2023-01-04 00:00:00+00:00,9826.372105751465
2023-01-05 00:00:00+00:00,9819.45154911084
2023-01-06 00:00:00+00:00,9819.45154911084
2023-01-08 00:00:00+00:00,9819.45154911084
2023-01-09 00:00:00+00:00,9819.45154911084
2023-01-10 00:00:00+00:00,9819.45154911084
2023-01-11 00:00:00+00:00,9819.45154911084
2023-01-12 00:00:00+00:00,9865.53166629834
2023-01-13 00:00:00+00:00,9976.732056923342
2023-01-15 00:00:00+00:00,9976.732056923342
2023-01-16 00:00:00+00:00,9976.732056923342
2023-01-17 00:00:00+00:00,9976.732056923342
2023-01-18 00:00:00+00:00,9976.732056923342
2023-01-19 00:00:00+00:00,9976.732056923342
2023-01-20 00:00:00+00:00,9976.732056923342
2023-01-22 00:00:00+00:00,9976.732056923342
2023-01-23 00:00:00+00:00,9976.732056923342
2023-01-24 00:00:00+00:00,10054.924215126468
2023-01-25 00:00:00+00:00,10062.28491825147
2023-01-26 00:00:00+00:00,10062.28491825147
2023-01-27 00:00:00+00:00,10062.28491825147
2023-01-29 00:00:00+00:00,10062.28491825147
2023-01-30 00:00:00+00:00,10062.28491825147
2023-01-31 00:00:00+00:00,10062.28491825147
2023-02-01 00:00:00+00:00,10062.28491825147
2023-02-02 00:00:00+00:00,9958.249261898236
2023-02-03 00:00:00+00:00,9859.33681041638
2023-02-05 00:00:00+00:00,9859.33681041638
2023-02-06 00:00:00+00:00,9859.33681041638
2023-02-07 00:00:00+00:00,9859.33681041638
2023-02-08 00:00:00+00:00,9859.33681041638
2023-02-09 00:00:00+00:00,9859.33681041638
2023-02-10 00:00:00+00:00,9859.33681041638
2023-02-12 00:00:00+00:00,9859.33681041638
2023-02-13 00:00:00+00:00,9859.33681041638
2023-02-14 00:00:00+00:00,9859.33681041638
2023-02-15 00:00:00+00:00,9859.33681041638
2023-02-16 00:00:00+00:00,9914.93700572888
2023-02-17 00:00:00+00:00,9914.93700572888
2023-02-19 00:00:00+00:00,9914.93700572888
2023-02-20 00:00:00+00:00,9914.93700572888
2023-02-21 00:00:00+00:00,9914.93700572888
2023-02-22 00:00:00+00:00,9914.93700572888
2023-02-23 00:00:00+00:00,9918.915052603881
2023-02-24 00:00:00+00:00,9918.915052603881
2023-02-26 00:00:00+00:00,9918.915052603881
2023-02-27 00:00:00+00:00,9918.915052603881
2023-02-28 00:00:00+00:00,9918.915052603881
2023-03-01 00:00:00+00:00,9918.915052603881
2023-03-02 00:00:00+00:00,9927.28483287732
2023-03-03 00:00:00+00:00,9927.28483287732
2023-03-05 00:00:00+00:00,9927.28483287732
2023-03-06 00:00:00+00:00,9927.28483287732
2023-03-07 00:00:00+00:00,9927.28483287732
2023-03-08 00:00:00+00:00,9927.28483287732
2023-03-09 00:00:00+00:00,9927.28483287732
2023-03-10 00:00:00+00:00,9927.28483287732
2023-03-12 00:00:00+00:00,9927.28483287732
2023-03-13 00:00:00+00:00,9927.28483287732
2023-03-14 00:00:00+00:00,9927.28483287732
2023-03-15 00:00:00+00:00,10108.587025738738
2023-03-16 00:00:00+00:00,10108.587025738738
2023-03-17 00:00:00+00:00,10108.587025738738
2023-03-19 00:00:00+00:00,10108.587025738738
2023-03-20 00:00:00+00:00,10108.587025738738
2023-03-21 00:00:00+00:00,10042.036317730926
2023-03-22 00:00:00+00:00,10042.036317730926
2023-03-23 00:00:00+00:00,10141.036493512176
2023-03-24 00:00:00+00:00,10141.036493512176
2023-03-26 00:00:00+00:00,10141.036493512176
2023-03-27 00:00:00+00:00,10085.33175718405
2023-03-28 00:00:00+00:00,10085.33175718405
2023-03-29 00:00:00+00:00,10085.33175718405
2023-03-30 00:00:00+00:00,10100.541625348114
2023-03-31 00:00:00+00:00,10100.541625348114
2023-04-02 00:00:00+00:00,10100.541625348114
2023-04-03 00:00:00+00:00,10100.541625348114
2023-04-04 00:00:00+00:00,10101.081449566866
2023-04-05 00:00:00+00:00,10101.081449566866
2023-04-06 00:00:00+00:00,10088.811112652806
2023-04-09 00:00:00+00:00,10088.811112652806
2023-04-10 00:00:00+00:00,10086.891698590307
2023-04-11 00:00:00+00:00,10086.891698590307
2023-04-12 00:00:00+00:00,10086.891698590307
2023-04-13 00:00:00+00:00,10086.891698590307
2023-04-14 00:00:00+00:00,10086.891698590307
2023-04-16 00:00:00+00:00,10086.891698590307
2023-04-17 00:00:00+00:00,9991.753447528172
2023-04-18 00:00:00+00:00,10071.433154559423
2023-04-19 00:00:00+00:00,9885.74543521235
2023-04-20 00:00:00+00:00,9885.74543521235
2023-04-21 00:00:00+00:00,9789.3952700686
2023-04-23 00:00:00+00:00,9789.3952700686
2023-04-24 00:00:00+00:00,9789.3952700686
2023-04-25 00:00:00+00:00,9789.3952700686
2023-04-26 00:00:00+00:00,9789.3952700686
2023-04-27 00:00:00+00:00,9786.3676138186
2023-04-28 00:00:00+00:00,9786.3676138186
2023-04-30 00:00:00+00:00,9786.3676138186
2023-05-01 00:00:00+00:00,9786.3676138186
2023-05-02 00:00:00+00:00,9786.3676138186
2023-05-03 00:00:00+00:00,9868.287887256101
2023-05-04 00:00:00+00:00,9868.287887256101
2023-05-05 00:00:00+00:00,9905.803688037351
2023-05-07 00:00:00+00:00,9905.803688037351
2023-05-08 00:00:00+00:00,9905.803688037351
2023-05-09 00:00:00+00:00,9905.803688037351
2023-05-10 00:00:00+00:00,9905.803688037351
2023-05-11 00:00:00+00:00,9977.956383349852
2023-05-12 00:00:00+00:00,9977.983146045166
2023-05-14 00:00:00+00:00,9977.983146045166
2023-05-15 00:00:00+00:00,9977.983146045166
2023-05-16 00:00:00+00:00,9975.992296435792
2023-05-17 00:00:00+00:00,9975.992296435792
2023-05-18 00:00:00+00:00,9885.525931640303
2023-05-19 00:00:00+00:00,9885.525931640303
2023-05-21 00:00:00+00:00,9885.525931640303
2023-05-22 00:00:00+00:00,9885.525931640303
2023-05-23 00:00:00+00:00,9874.246009765304
2023-05-24 00:00:00+00:00,9874.246009765304
2023-05-25 00:00:00+00:00,9891.201751952804
2023-05-26 00:00:00+00:00,9882.451205077805
2023-05-28 00:00:00+00:00,9882.451205077805
2023-05-29 00:00:00+00:00,9882.451205077805
2023-05-30 00:00:00+00:00,9882.451205077805
2023-05-31 00:00:00+00:00,9882.451205077805
2023-06-01 00:00:00+00:00,9882.451205077805
2023-06-02 00:00:00+00:00,9791.67968079542
2023-06-04 00:00:00+00:00,9791.67968079542
2023-06-05 00:00:00+00:00,9791.67968079542
2023-06-06 00:00:00+00:00,9791.67968079542
2023-06-07 00:00:00+00:00,9834.06212220167
2023-06-08 00:00:00+00:00,9834.06212220167
2023-06-09 00:00:00+00:00,9834.06212220167
2023-06-11 00:00:00+00:00,9834.06212220167
2023-06-12 00:00:00+00:00,9817.563040170422
2023-06-13 00:00:00+00:00,9817.563040170422
2023-06-14 00:00:00+00:00,9790.028469857922
2023-06-15 00:00:00+00:00,9762.488938607923
2023-06-16 00:00:00+00:00,9762.488938607923
2023-06-18 00:00:00+00:00,9762.488938607923
2023-06-19 00:00:00+00:00,9762.488938607923
2023-06-20 00:00:00+00:00,9732.6093194673
2023-06-21 00:00:00+00:00,9740.00844056105
2023-06-22 00:00:00+00:00,9658.368528451678
2023-06-23 00:00:00+00:00,9658.368528451678
2023-06-25 00:00:00+00:00,9658.368528451678
2023-06-26 00:00:00+00:00,9658.368528451678
2023-06-27 00:00:00+00:00,9658.368528451678
2023-06-28 00:00:00+00:00,9630.648797006366
2023-06-29 00:00:00+00:00,9630.648797006366
2023-06-30 00:00:00+00:00,9630.648797006366
2023-07-02 00:00:00+00:00,9630.648797006366
2023-07-03 00:00:00+00:00,9630.648797006366
2023-07-04 00:00:00+00:00,9630.648797006366
2023-07-05 00:00:00+00:00,9630.648797006366
2023-07-06 00:00:00+00:00,9630.648797006366
2023-07-07 00:00:00+00:00,9630.648797006366
2023-07-09 00:00:00+00:00,9630.648797006366
2023-07-10 00:00:00+00:00,9707.848367318868
2023-07-11 00:00:00+00:00,9707.848367318868
2023-07-12 00:00:00+00:00,9707.848367318868
2023-07-13 00:00:00+00:00,9707.848367318868
2023-07-14 00:00:00+00:00,9707.848367318868
2023-07-16 00:00:00+00:00,9707.848367318868
2023-07-17 00:00:00+00:00,9707.848367318868
2023-07-18 00:00:00+00:00,9707.848367318868
2023-07-19 00:00:00+00:00,9707.848367318868
2023-07-20 00:00:00+00:00,9656.558635873556
2023-07-21 00:00:00+00:00,9666.058587045432
2023-07-23 00:00:00+00:00,9666.058587045432
2023-07-24 00:00:00+00:00,9666.058587045432
2023-07-25 00:00:00+00:00,9719.818704232934
2023-07-26 00:00:00+00:00,9719.818704232934
2023-07-27 00:00:00+00:00,9631.611628508004
2023-07-28 00:00:00+00:00,9631.611628508004
2023-07-30 00:00:00+00:00,9631.611628508004
2023-07-31 00:00:00+00:00,9631.611628508004
2023-08-01 00:00:00+00:00,9631.611628508004
2023-08-02 00:00:00+00:00,9631.611628508004
2023-08-03 00:00:00+00:00,9631.611628508004
2023-08-04 00:00:00+00:00,9631.611628508004
2023-08-06 00:00:00+00:00,9631.611628508004
2023-08-07 00:00:00+00:00,9631.611628508004
2023-08-08 00:00:00+00:00,9602.320524992381
2023-08-09 00:00:00+00:00,9602.320524992381
2023-08-10 00:00:00+00:00,9602.320524992381
2023-08-11 00:00:00+00:00,9602.320524992381
2023-08-13 00:00:00+00:00,9602.320524992381
2023-08-14 00:00:00+00:00,9640.147946867382
2023-08-15 00:00:00+00:00,9650.647873625196
2023-08-16 00:00:00+00:00,9650.647873625196
2023-08-17 00:00:00+00:00,9650.647873625196
2023-08-18 00:00:00+00:00,9650.647873625196
2023-08-20 00:00:00+00:00,9650.647873625196
2023-08-21 00:00:00+00:00,9650.647873625196
2023-08-22 00:00:00+00:00,9650.647873625196
2023-08-23 00:00:00+00:00,9650.647873625196
2023-08-24 00:00:00+00:00,9650.647873625196
2023-08-25 00:00:00+00:00,9650.647873625196
2023-08-27 00:00:00+00:00,9650.647873625196
2023-08-28 00:00:00+00:00,9650.647873625196
2023-08-29 00:00:00+00:00,9650.647873625196
2023-08-30 00:00:00+00:00,9650.647873625196
2023-08-31 00:00:00+00:00,9650.647873625196
2023-09-01 00:00:00+00:00,9650.647873625196
2023-09-03 00:00:00+00:00,9650.647873625196
2023-09-04 00:00:00+00:00,9650.647873625196
2023-09-05 00:00:00+00:00,9650.647873625196
2023-09-06 00:00:00+00:00,9650.647873625196
2023-09-07 00:00:00+00:00,9650.647873625196
2023-09-08 00:00:00+00:00,9650.647873625196
2023-09-10 00:00:00+00:00,9650.647873625196
2023-09-11 00:00:00+00:00,9650.647873625196
2023-09-12 00:00:00+00:00,9554.401640835607
2023-09-13 00:00:00+00:00,9554.401640835607
2023-09-14 00:00:00+00:00,9627.751157437171
2023-09-15 00:00:00+00:00,9627.751157437171
2023-09-17 00:00:00+00:00,9627.751157437171
2023-09-18 00:00:00+00:00,9627.751157437171
2023-09-19 00:00:00+00:00,9627.751157437171
2023-09-20 00:00:00+00:00,9645.040322476236
2023-09-21 00:00:00+00:00,9554.884951113107
2023-09-22 00:00:00+00:00,9554.884951113107
2023-09-24 00:00:00+00:00,9554.884951113107
2023-09-25 00:00:00+00:00,9554.884951113107
2023-09-26 00:00:00+00:00,9568.726318300609
2023-09-27 00:00:00+00:00,9568.726318300609
2023-09-28 00:00:00+00:00,9568.726318300609
2023-09-29 00:00:00+00:00,9568.726318300609
2023-10-01 00:00:00+00:00,9568.726318300609
2023-10-02 00:00:00+00:00,9568.726318300609
2023-10-03 00:00:00+00:00,9568.726318300609
2023-10-04 00:00:00+00:00,9568.726318300609
2023-10-05 00:00:00+00:00,9584.75604486311
2023-10-06 00:00:00+00:00,9727.396044863111
2023-10-08 00:00:00+00:00,9727.396044863111
2023-10-09 00:00:00+00:00,9762.136308534988
2023-10-10 00:00:00+00:00,9762.136308534988
2023-10-11 00:00:00+00:00,9762.136308534988
2023-10-12 00:00:00+00:00,9762.136308534988
2023-10-13 00:00:00+00:00,9762.136308534988
2023-10-15 00:00:00+00:00,9762.136308534988
2023-10-16 00:00:00+00:00,9767.715561464676
2023-10-17 00:00:00+00:00,9767.715561464676
2023-10-18 00:00:00+00:00,9767.715561464676
2023-10-19 00:00:00+00:00,9767.715561464676
2023-10-20 00:00:00+00:00,9767.715561464676
2023-10-22 00:00:00+00:00,9767.715561464676
2023-10-23 00:00:00+00:00,9767.715561464676
2023-10-24 00:00:00+00:00,9767.715561464676
2023-10-25 00:00:00+00:00,9767.715561464676
2023-10-26 00:00:00+00:00,9767.715561464676
2023-10-27 00:00:00+00:00,9776.472060488115
2023-10-29 00:00:00+00:00,9776.472060488115
2023-10-30 00:00:00+00:00,9776.472060488115
2023-10-31 00:00:00+00:00,9776.472060488115
2023-11-01 00:00:00+00:00,9776.472060488115
2023-11-02 00:00:00+00:00,9776.472060488115
2023-11-03 00:00:00+00:00,9776.472060488115
2023-11-05 00:00:00+00:00,9776.472060488115
2023-11-06 00:00:00+00:00,9776.472060488115
2023-11-07 00:00:00+00:00,9776.472060488115
2023-11-08 00:00:00+00:00,9776.572128847492
2023-11-09 00:00:00+00:00,9776.572128847492
2023-11-10 00:00:00+00:00,9776.572128847492
2023-11-12 00:00:00+00:00,9776.572128847492
2023-11-13 00:00:00+00:00,9776.572128847492
2023-11-14 00:00:00+00:00,9776.572128847492
2023-11-15 00:00:00+00:00,9760.002978456869
2023-11-16 00:00:00+00:00,9760.002978456869
2023-11-17 00:00:00+00:00,9760.002978456869
2023-11-19 00:00:00+00:00,9760.002978456869
2023-11-20 00:00:00+00:00,9824.019609316245
2023-11-21 00:00:00+00:00,9860.843203066246
2023-11-22 00:00:00+00:00,9860.843203066246
2023-11-23 00:00:00+00:00,9860.843203066246
2023-11-24 00:00:00+00:00,9860.843203066246
2023-11-26 00:00:00+00:00,9860.843203066246
2023-11-27 00:00:00+00:00,9860.843203066246
2023-11-28 00:00:00+00:00,9860.843203066246
2023-11-29 00:00:00+00:00,9860.843203066246
2023-11-30 00:00:00+00:00,9860.843203066246
2023-12-01 00:00:00+00:00,9860.843203066246
2023-12-03 00:00:00+00:00,9860.843203066246
2023-12-04 00:00:00+00:00,9860.843203066246
2023-12-05 00:00:00+00:00,9860.843203066246
2023-12-06 00:00:00+00:00,9860.843203066246
2023-12-07 00:00:00+00:00,9860.843203066246
2023-12-08 00:00:00+00:00,9765.710266164204
2023-12-10 00:00:00+00:00,9765.710266164204
2023-12-11 00:00:00+00:00,9765.710266164204
2023-12-12 00:00:00+00:00,9765.710266164204
2023-12-13 00:00:00+00:00,9843.48015874233
2023-12-14 00:00:00+00:00,9843.48015874233
2023-12-15 00:00:00+00:00,9848.98043217983
2023-12-17 00:00:00+00:00,9848.98043217983
2023-12-18 00:00:00+00:00,9848.98043217983
2023-12-19 00:00:00+00:00,9848.98043217983
2023-12-20 00:00:00+00:00,9848.98043217983
2023-12-21 00:00:00+00:00,9848.98043217983
2023-12-22 00:00:00+00:00,9848.98043217983
2023-12-25 00:00:00+00:00,9848.98043217983
2023-12-26 00:00:00+00:00,9829.936525929825
2023-12-27 00:00:00+00:00,9829.936525929825
2023-12-28 00:00:00+00:00,9808.235295461072
2023-12-29 00:00:00+00:00,9808.235295461072
2024-01-01 00:00:00+00:00,9808.235295461072
2024-01-02 00:00:00+00:00,9808.235295461072
2024-01-03 00:00:00+00:00,9808.235295461072
2024-01-04 00:00:00+00:00,9829.133020070449
2024-01-05 00:00:00+00:00,9829.133020070449
2024-01-07 00:00:00+00:00,9829.133020070449
2024-01-08 00:00:00+00:00,9829.133020070449
2024-01-09 00:00:00+00:00,9829.133020070449
2024-01-10 00:00:00+00:00,9829.133020070449
2024-01-11 00:00:00+00:00,9829.133020070449
2024-01-12 00:00:00+00:00,9829.133020070449
2024-01-14 00:00:00+00:00,9829.133020070449
2024-01-15 00:00:00+00:00,9829.133020070449
2024-01-16 00:00:00+00:00,9784.25348882045
2024-01-17 00:00:00+00:00,9753.1335474142
2024-01-18 00:00:00+00:00,9753.1335474142
2024-01-19 00:00:00+00:00,9753.1335474142
2024-01-21 00:00:00+00:00,9753.1335474142
2024-01-22 00:00:00+00:00,9753.1335474142
2024-01-23 00:00:00+00:00,9753.1335474142
2024-01-24 00:00:00+00:00,9753.1335474142
2024-01-25 00:00:00+00:00,9753.1335474142
2024-01-26 00:00:00+00:00,9753.1335474142
2024-01-28 00:00:00+00:00,9753.1335474142
2024-01-29 00:00:00+00:00,9753.1335474142
2024-01-30 00:00:00+00:00,9753.1335474142
2024-01-31 00:00:00+00:00,9753.1335474142
2024-02-01 00:00:00+00:00,9753.1335474142
2024-02-02 00:00:00+00:00,9737.463601125137
2024-02-04 00:00:00+00:00,9737.463601125137
2024-02-05 00:00:00+00:00,9737.463601125137
2024-02-06 00:00:00+00:00,9737.463601125137
2024-02-07 00:00:00+00:00,9737.463601125137
2024-02-08 00:00:00+00:00,9675.543718312638
2024-02-09 00:00:00+00:00,9635.944470265764
2024-02-11 00:00:00+00:00,9635.944470265764
2024-02-12 00:00:00+00:00,9635.944470265764
2024-02-13 00:00:00+00:00,9553.352003855121
2024-02-14 00:00:00+00:00,9583.711251901997
2024-02-15 00:00:00+00:00,9583.711251901997
2024-02-16 00:00:00+00:00,9687.231134714499
2024-02-18 00:00:00+00:00,9687.231134714499
2024-02-19 00:00:00+00:00,9687.231134714499
2024-02-20 00:00:00+00:00,9687.231134714499
2024-02-21 00:00:00+00:00,9687.231134714499
2024-02-22 00:00:00+00:00,9687.231134714499
2024-02-23 00:00:00+00:00,9687.231134714499
2024-02-25 00:00:00+00:00,9687.231134714499
2024-02-26 00:00:00+00:00,9687.231134714499
2024-02-27 00:00:00+00:00,9687.231134714499
2024-02-28 00:00:00+00:00,9687.231134714499
2024-02-29 00:00:00+00:00,9687.231134714499
2024-03-01 00:00:00+00:00,9687.231134714499
2024-03-03 00:00:00+00:00,9687.231134714499
2024-03-04 00:00:00+00:00,9687.231134714499
2024-03-05 00:00:00+00:00,9687.231134714499
2024-03-06 00:00:00+00:00,9687.231134714499
2024-03-07 00:00:00+00:00,9687.231134714499
2024-03-08 00:00:00+00:00,9687.231134714499
2024-03-10 00:00:00+00:00,9687.231134714499
2024-03-11 00:00:00+00:00,9687.231134714499
2024-03-12 00:00:00+00:00,9687.231134714499
2024-03-13 00:00:00+00:00,9687.231134714499
2024-03-14 00:00:00+00:00,9687.231134714499
2024-03-15 00:00:00+00:00,9687.231134714499
2024-03-17 00:00:00+00:00,9687.231134714499
2024-03-18 00:00:00+00:00,9687.231134714499
2024-03-19 00:00:00+00:00,9687.231134714499
2024-03-20 00:00:00+00:00,9687.231134714499
2024-03-21 00:00:00+00:00,9595.0717824923
2024-03-22 00:00:00+00:00,9592.731489523545
2024-03-24 00:00:00+00:00,9592.731489523545
2024-03-25 00:00:00+00:00,9592.731489523545
2024-03-26 00:00:00+00:00,9592.731489523545
2024-03-27 00:00:00+00:00,9592.731489523545
2024-03-28 00:00:00+00:00,9592.731489523545
2024-03-31 00:00:00+00:00,9592.731489523545
2024-04-01 00:00:00+00:00,9592.731489523545
2024-04-02 00:00:00+00:00,9592.731489523545
2024-04-03 00:00:00+00:00,9581.691137961043
2024-04-04 00:00:00+00:00,9621.71166530479
2024-04-05 00:00:00+00:00,9647.71826686729
2024-04-07 00:00:00+00:00,9647.71826686729
2024-04-08 00:00:00+00:00,9652.278823507915
2024-04-09 00:00:00+00:00,9652.278823507915
2024-04-10 00:00:00+00:00,9664.064800070415
2024-04-11 00:00:00+00:00,9664.064800070415
2024-04-12 00:00:00+00:00,9664.064800070415
2024-04-14 00:00:00+00:00,9664.064800070415
2024-04-15 00:00:00+00:00,9729.730659445415
2024-04-16 00:00:00+00:00,9726.850542257915
2024-04-17 00:00:00+00:00,9742.06051296104
2024-04-18 00:00:00+00:00,9742.06051296104
2024-04-19 00:00:00+00:00,9742.06051296104
2024-04-21 00:00:00+00:00,9742.06051296104
2024-04-22 00:00:00+00:00,9688.860981711037
2024-04-23 00:00:00+00:00,9694.896636007912
2024-04-24 00:00:00+00:00,9694.896636007912
2024-04-25 00:00:00+00:00,9748.49690944541
2024-04-26 00:00:00+00:00,9748.49690944541
2024-04-28 00:00:00+00:00,9748.49690944541
2024-04-29 00:00:00+00:00,9791.792827414158
2024-04-30 00:00:00+00:00,9791.792827414158
2024-05-01 00:00:00+00:00,9791.792827414158
2024-05-02 00:00:00+00:00,9791.792827414158
2024-05-03 00:00:00+00:00,9791.792827414158
2024-05-05 00:00:00+00:00,9791.792827414158
2024-05-06 00:00:00+00:00,9791.792827414158
2024-05-07 00:00:00+00:00,9791.792827414158
2024-05-08 00:00:00+00:00,9855.02299342978
2024-05-09 00:00:00+00:00,9855.02299342978
2024-05-10 00:00:00+00:00,9855.02299342978
2024-05-12 00:00:00+00:00,9855.02299342978
2024-05-13 00:00:00+00:00,9855.02299342978
2024-05-14 00:00:00+00:00,9855.02299342978
2024-05-15 00:00:00+00:00,9855.02299342978
2024-05-16 00:00:00+00:00,9881.910376242278
2024-05-17 00:00:00+00:00,9881.910376242278
2024-05-19 00:00:00+00:00,9881.910376242278
2024-05-20 00:00:00+00:00,9881.910376242278
2024-05-21 00:00:00+00:00,9881.910376242278
2024-05-22 00:00:00+00:00,9856.980698507903
2024-05-23 00:00:00+00:00,9867.753511007899
2024-05-24 00:00:00+00:00,9867.753511007899
2024-05-26 00:00:00+00:00,9867.753511007899
2024-05-27 00:00:00+00:00,9867.753511007899
2024-05-28 00:00:00+00:00,9876.933218039147
2024-05-29 00:00:00+00:00,9876.933218039147
2024-05-30 00:00:00+00:00,9876.933218039147
2024-05-31 00:00:00+00:00,9876.933218039147
2024-06-02 00:00:00+00:00,9876.933218039147
2024-06-03 00:00:00+00:00,9876.933218039147
2024-06-04 00:00:00+00:00,9903.25273952352
2024-06-05 00:00:00+00:00,9903.25273952352
2024-06-06 00:00:00+00:00,9903.25273952352
2024-06-07 00:00:00+00:00,9855.793032492269
2024-06-09 00:00:00+00:00,9855.793032492269
2024-06-10 00:00:00+00:00,9855.793032492269
2024-06-11 00:00:00+00:00,9860.532798117267
2024-06-12 00:00:00+00:00,9860.532798117267
2024-06-13 00:00:00+00:00,9854.382505148515
2024-06-14 00:00:00+00:00,9854.382505148515
2024-06-16 00:00:00+00:00,9854.382505148515
2024-06-17 00:00:00+00:00,9854.382505148515
2024-06-18 00:00:00+00:00,9854.382505148515
2024-06-19 00:00:00+00:00,9854.382505148515
2024-06-20 00:00:00+00:00,9854.382505148515
2024-06-21 00:00:00+00:00,9770.65368020273
2024-06-23 00:00:00+00:00,9770.65368020273
2024-06-24 00:00:00+00:00,9770.65368020273
2024-06-25 00:00:00+00:00,9770.65368020273
2024-06-26 00:00:00+00:00,9770.65368020273
2024-06-27 00:00:00+00:00,9770.65368020273
2024-06-28 00:00:00+00:00,9762.836648952727
2024-06-30 00:00:00+00:00,9762.836648952727
2024-07-01 00:00:00+00:00,9762.836648952727
2024-07-02 00:00:00+00:00,9762.836648952727
2024-07-03 00:00:00+00:00,9762.836648952727
2024-07-04 00:00:00+00:00,9762.836648952727
2024-07-05 00:00:00+00:00,9762.836648952727
2024-07-07 00:00:00+00:00,9762.836648952727
2024-07-08 00:00:00+00:00,9740.408602077725
2024-07-09 00:00:00+00:00,9740.408602077725
2024-07-10 00:00:00+00:00,9740.408602077725
2024-07-11 00:00:00+00:00,9740.408602077725
2024-07-12 00:00:00+00:00,9858.907967312098
2024-07-14 00:00:00+00:00,9858.907967312098
2024-07-15 00:00:00+00:00,9858.907967312098
2024-07-16 00:00:00+00:00,9858.907967312098
2024-07-17 00:00:00+00:00,9858.907967312098
2024-07-18 00:00:00+00:00,9858.907967312098
2024-07-19 00:00:00+00:00,9820.237342312093
2024-07-21 00:00:00+00:00,9820.237342312093
2024-07-22 00:00:00+00:00,9820.237342312093
2024-07-23 00:00:00+00:00,9820.237342312093
2024-07-24 00:00:00+00:00,9820.237342312093
2024-07-25 00:00:00+00:00,9753.569061062091
2024-07-26 00:00:00+00:00,9753.569061062091
2024-07-28 00:00:00+00:00,9753.569061062091
2024-07-29 00:00:00+00:00,9746.48964699959
2024-07-30 00:00:00+00:00,9746.48964699959
2024-07-31 00:00:00+00:00,9746.48964699959
2024-08-01 00:00:00+00:00,9746.48964699959
2024-08-02 00:00:00+00:00,9746.48964699959
2024-08-04 00:00:00+00:00,9746.48964699959
2024-08-05 00:00:00+00:00,9746.48964699959
2024-08-06 00:00:00+00:00,9724.379793483964
2024-08-07 00:00:00+00:00,9724.379793483964
2024-08-08 00:00:00+00:00,9724.379793483964
2024-08-09 00:00:00+00:00,9724.379793483964
2024-08-11 00:00:00+00:00,9724.379793483964
2024-08-12 00:00:00+00:00,9724.379793483964
2024-08-13 00:00:00+00:00,9724.379793483964
2024-08-14 00:00:00+00:00,9694.496746608964
2024-08-15 00:00:00+00:00,9694.496746608964
2024-08-16 00:00:00+00:00,9694.496746608964
2024-08-18 00:00:00+00:00,9694.496746608964
2024-08-19 00:00:00+00:00,9694.496746608964
2024-08-20 00:00:00+00:00,9696.942879421464
2024-08-21 00:00:00+00:00,9738.138855983962
2024-08-22 00:00:00+00:00,9738.138855983962
2024-08-23 00:00:00+00:00,9738.138855983962
2024-08-25 00:00:00+00:00,9738.138855983962
2024-08-26 00:00:00+00:00,9738.138855983962
2024-08-27 00:00:00+00:00,9738.138855983962
2024-08-28 00:00:00+00:00,9738.138855983962
2024-08-29 00:00:00+00:00,9808.21862160896
2024-08-30 00:00:00+00:00,9808.21862160896
2024-09-01 00:00:00+00:00,9808.21862160896
2024-09-02 00:00:00+00:00,9808.21862160896
2024-09-03 00:00:00+00:00,9823.320379421455
2024-09-04 00:00:00+00:00,9823.320379421455
2024-09-05 00:00:00+00:00,9823.320379421455
2024-09-06 00:00:00+00:00,9823.320379421455
2024-09-08 00:00:00+00:00,9823.320379421455
2024-09-09 00:00:00+00:00,9854.394295437078
2024-09-10 00:00:00+00:00,9854.394295437078
2024-09-11 00:00:00+00:00,9909.366639187076
2024-09-12 00:00:00+00:00,9909.366639187076
2024-09-13 00:00:00+00:00,9909.366639187076
2024-09-15 00:00:00+00:00,9909.366639187076
2024-09-16 00:00:00+00:00,9909.366639187076
2024-09-17 00:00:00+00:00,9909.366639187076
2024-09-18 00:00:00+00:00,9909.366639187076
2024-09-19 00:00:00+00:00,9909.366639187076
2024-09-20 00:00:00+00:00,9909.366639187076
2024-09-22 00:00:00+00:00,9909.366639187076
2024-09-23 00:00:00+00:00,9909.366639187076
2024-09-24 00:00:00+00:00,9909.366639187076
2024-09-25 00:00:00+00:00,9909.366639187076
2024-09-26 00:00:00+00:00,9909.366639187076
2024-09-27 00:00:00+00:00,9902.125213405823
2024-09-29 00:00:00+00:00,9902.125213405823
2024-09-30 00:00:00+00:00,9902.125213405823
2024-10-01 00:00:00+00:00,9902.125213405823
2024-10-02 00:00:00+00:00,9902.125213405823
2024-10-03 00:00:00+00:00,9902.125213405823
2024-10-04 00:00:00+00:00,9908.337791530821
2024-10-06 00:00:00+00:00,9908.337791530821
2024-10-07 00:00:00+00:00,9908.337791530821
2024-10-08 00:00:00+00:00,9908.337791530821
2024-10-09 00:00:00+00:00,9908.337791530821
2024-10-10 00:00:00+00:00,9908.337791530821
2024-10-11 00:00:00+00:00,9908.337791530821
2024-10-13 00:00:00+00:00,9904.937156765194
2024-10-14 00:00:00+00:00,9893.387449733944
2024-10-15 00:00:00+00:00,9893.387449733944
2024-10-16 00:00:00+00:00,9893.387449733944
2024-10-17 00:00:00+00:00,9893.387449733944
2024-10-18 00:00:00+00:00,9893.387449733944
2024-10-20 00:00:00+00:00,9893.387449733944
2024-10-21 00:00:00+00:00,9893.387449733944
2024-10-22 00:00:00+00:00,9893.387449733944
2024-10-23 00:00:00+00:00,9983.267518093317
2024-10-24 00:00:00+00:00,9983.267518093317
2024-10-25 00:00:00+00:00,9983.267518093317
2024-10-27 00:00:00+00:00,9983.267518093317
2024-10-28 00:00:00+00:00,9983.267518093317
2024-10-29 00:00:00+00:00,9983.267518093317
2024-10-30 00:00:00+00:00,9983.267518093317
2024-10-31 00:00:00+00:00,9983.267518093317
2024-11-01 00:00:00+00:00,9983.267518093317
2024-11-03 00:00:00+00:00,9983.267518093317
2024-11-04 00:00:00+00:00,9983.267518093317
2024-11-05 00:00:00+00:00,10049.507283718314
2024-11-06 00:00:00+00:00,10064.153123562064
2024-11-07 00:00:00+00:00,10084.013240749564
2024-11-08 00:00:00+00:00,10084.013240749564
2024-11-10 00:00:00+00:00,10084.013240749564
2024-11-11 00:00:00+00:00,10009.760076687064
2024-11-12 00:00:00+00:00,10009.760076687064
2024-11-13 00:00:00+00:00,10009.760076687064
2024-11-14 00:00:00+00:00,10009.760076687064
2024-11-15 00:00:00+00:00,10030.699549343311
2024-11-17 00:00:00+00:00,10030.699549343311
2024-11-18 00:00:00+00:00,10030.699549343311
2024-11-19 00:00:00+00:00,10030.699549343311
2024-11-20 00:00:00+00:00,10030.699549343311
2024-11-21 00:00:00+00:00,10030.699549343311
2024-11-22 00:00:00+00:00,10030.699549343311
2024-11-24 00:00:00+00:00,10030.699549343311
2024-11-25 00:00:00+00:00,9975.266189968312
2024-11-26 00:00:00+00:00,10035.326600124561
2024-11-27 00:00:00+00:00,10035.326600124561
2024-11-28 00:00:00+00:00,10051.227088405809
2024-11-29 00:00:00+00:00,10051.227088405809
2024-12-01 00:00:00+00:00,10051.227088405809
2024-12-02 00:00:00+00:00,10051.227088405809
2024-12-03 00:00:00+00:00,10051.227088405809
2024-12-04 00:00:00+00:00,10051.227088405809
2024-12-05 00:00:00+00:00,10051.227088405809
2024-12-06 00:00:00+00:00,10155.026580593307
2024-12-08 00:00:00+00:00,10155.026580593307
2024-12-09 00:00:00+00:00,10155.026580593307
2024-12-10 00:00:00+00:00,10155.026580593307
2024-12-11 00:00:00+00:00,10181.867088405805
2024-12-12 00:00:00+00:00,10181.867088405805
2024-12-13 00:00:00+00:00,10167.131590358927
2024-12-15 00:00:00+00:00,10167.131590358927
2024-12-16 00:00:00+00:00,10167.131590358927
2024-12-17 00:00:00+00:00,10167.131590358927
2024-12-18 00:00:00+00:00,10069.801313641468
2024-12-19 00:00:00+00:00,10069.801313641468
2024-12-20 00:00:00+00:00,10069.801313641468
2024-12-22 00:00:00+00:00,10069.801313641468
2024-12-23 00:00:00+00:00,10069.801313641468
2024-12-24 00:00:00+00:00,10069.801313641468
2024-12-25 00:00:00+00:00,10069.801313641468
2024-12-26 00:00:00+00:00,10069.801313641468
2024-12-27 00:00:00+00:00,10069.801313641468
2024-12-29 00:00:00+00:00,10069.801313641468
2024-12-30 00:00:00+00:00,10069.801313641468
2024-12-31 00:00:00+00:00,10069.801313641468
2025-01-01 00:00:00+00:00,10069.801313641468
2025-01-02 00:00:00+00:00,10069.801313641468
2025-01-03 00:00:00+00:00,10043.116352703966
2025-01-05 00:00:00+00:00,10043.116352703966
2025-01-06 00:00:00+00:00,10043.116352703966
2025-01-07 00:00:00+00:00,10043.116352703966
2025-01-08 00:00:00+00:00,10043.116352703966
2025-01-09 00:00:00+00:00,10043.116352703966
2025-01-10 00:00:00+00:00,10043.116352703966
2025-01-12 00:00:00+00:00,10043.116352703966
2025-01-13 00:00:00+00:00,10043.116352703966
2025-01-14 00:00:00+00:00,10043.116352703966
2025-01-15 00:00:00+00:00,10043.116352703966
2025-01-16 00:00:00+00:00,10043.116352703966
2025-01-17 00:00:00+00:00,10043.116352703966
2025-01-19 00:00:00+00:00,10043.116352703966
2025-01-20 00:00:00+00:00,10043.116352703966
2025-01-21 00:00:00+00:00,10043.116352703966
2025-01-22 00:00:00+00:00,10043.116352703966
2025-01-23 00:00:00+00:00,10018.545737469589
2025-01-24 00:00:00+00:00,10018.545737469589
2025-01-26 00:00:00+00:00,10018.545737469589
2025-01-27 00:00:00+00:00,10018.545737469589
2025-01-28 00:00:00+00:00,10018.545737469589
2025-01-29 00:00:00+00:00,10018.545737469589
2025-01-30 00:00:00+00:00,10018.545737469589
2025-01-31 00:00:00+00:00,10018.545737469589
2025-02-02 00:00:00+00:00,10018.545737469589
2025-02-03 00:00:00+00:00,10018.545737469589
2025-02-04 00:00:00+00:00,10018.545737469589
2025-02-05 00:00:00+00:00,10018.545737469589
2025-02-06 00:00:00+00:00,10045.525337078961
2025-02-07 00:00:00+00:00,10045.525337078961
2025-02-09 00:00:00+00:00,10045.525337078961
2025-02-10 00:00:00+00:00,10045.525337078961
2025-02-11 00:00:00+00:00,10045.525337078961
2025-02-12 00:00:00+00:00,10045.525337078961
2025-02-13 00:00:00+00:00,10045.525337078961
2025-02-14 00:00:00+00:00,9944.668015307278
2025-02-16 00:00:00+00:00,9944.668015307278
2025-02-17 00:00:00+00:00,9944.668015307278
2025-02-18 00:00:00+00:00,9944.668015307278
2025-02-19 00:00:00+00:00,9944.668015307278
2025-02-20 00:00:00+00:00,9947.188210619775
2025-02-21 00:00:00+00:00,9986.4069703854
2025-02-23 00:00:00+00:00,9986.4069703854
2025-02-24 00:00:00+00:00,10050.726970385398
2025-02-25 00:00:00+00:00,10001.11680436977
2025-02-26 00:00:00+00:00,10058.11656999477
2025-02-27 00:00:00+00:00,9991.565886401018
2025-02-28 00:00:00+00:00,9972.726706713516
2025-03-02 00:00:00+00:00,9972.726706713516
2025-03-03 00:00:00+00:00,9972.726706713516
2025-03-04 00:00:00+00:00,9972.726706713516
2025-03-05 00:00:00+00:00,10021.155671557266
2025-03-06 00:00:00+00:00,10021.155671557266
2025-03-07 00:00:00+00:00,10047.195398119764
2025-03-09 00:00:00+00:00,10047.195398119764
2025-03-10 00:00:00+00:00,10047.195398119764
2025-03-11 00:00:00+00:00,10047.195398119764
2025-03-12 00:00:00+00:00,10047.195398119764
2025-03-13 00:00:00+00:00,10047.195398119764
2025-03-14 00:00:00+00:00,10047.195398119764
2025-03-16 00:00:00+00:00,10047.195398119764
2025-03-17 00:00:00+00:00,10047.195398119764
2025-03-18 00:00:00+00:00,10047.195398119764
2025-03-19 00:00:00+00:00,10047.195398119764
2025-03-20 00:00:00+00:00,10047.195398119764
2025-03-21 00:00:00+00:00,9957.114445740102
2025-03-23 00:00:00+00:00,9957.114445740102
2025-03-24 00:00:00+00:00,9946.014357849477
2025-03-25 00:00:00+00:00,9946.014357849477
2025-03-26 00:00:00+00:00,9946.014357849477
2025-03-27 00:00:00+00:00,9946.014357849477
2025-03-28 00:00:00+00:00,9946.014357849477
2025-03-30 00:00:00+00:00,9946.014357849477
2025-03-31 00:00:00+00:00,9970.474162536977
2025-04-01 00:00:00+00:00,9970.474162536977
2025-04-02 00:00:00+00:00,9970.474162536977
2025-04-03 00:00:00+00:00,9886.64866444929
2025-04-04 00:00:00+00:00,9886.64866444929
2025-04-06 00:00:00+00:00,9886.64866444929
2025-04-07 00:00:00+00:00,9886.64866444929
2025-04-08 00:00:00+00:00,9886.64866444929
2025-04-09 00:00:00+00:00,9886.64866444929
2025-04-10 00:00:00+00:00,9886.64866444929
2025-04-11 00:00:00+00:00,9886.64866444929
2025-04-13 00:00:00+00:00,9886.64866444929
2025-04-14 00:00:00+00:00,9886.64866444929
2025-04-15 00:00:00+00:00,9886.64866444929
2025-04-16 00:00:00+00:00,9886.64866444929
2025-04-17 00:00:00+00:00,9886.64866444929
2025-04-20 00:00:00+00:00,9886.64866444929
2025-04-21 00:00:00+00:00,9886.64866444929
2025-04-22 00:00:00+00:00,9886.64866444929
2025-04-23 00:00:00+00:00,9886.64866444929
2025-04-24 00:00:00+00:00,9886.64866444929
2025-04-25 00:00:00+00:00,9852.78864491804
2025-04-27 00:00:00+00:00,9852.78864491804
2025-04-28 00:00:00+00:00,9852.78864491804
2025-04-29 00:00:00+00:00,9852.78864491804
2025-04-30 00:00:00+00:00,9852.78864491804
2025-05-01 00:00:00+00:00,9852.78864491804
2025-05-02 00:00:00+00:00,9828.02823476179
2025-05-04 00:00:00+00:00,9828.02823476179
2025-05-05 00:00:00+00:00,9828.02823476179
2025-05-06 00:00:00+00:00,9828.02823476179
2025-05-07 00:00:00+00:00,9828.02823476179
2025-05-08 00:00:00+00:00,9822.78841054304
2025-05-09 00:00:00+00:00,9822.78841054304
2025-05-11 00:00:00+00:00,9831.82805898054
2025-05-12 00:00:00+00:00,9785.597990621165
2025-05-13 00:00:00+00:00,9785.597990621165
2025-05-14 00:00:00+00:00,9712.00658572606
2025-05-15 00:00:00+00:00,9712.00658572606
2025-05-16 00:00:00+00:00,9708.156654085435
2025-05-18 00:00:00+00:00,9708.156654085435
2025-05-19 00:00:00+00:00,9708.156654085435
2025-05-20 00:00:00+00:00,9708.156654085435
2025-05-21 00:00:00+00:00,9708.156654085435
2025-05-22 00:00:00+00:00,9708.156654085435
2025-05-23 00:00:00+00:00,9708.156654085435
2025-05-25 00:00:00+00:00,9705.722669710434
2025-05-26 00:00:00+00:00,9716.382572054184
2025-05-27 00:00:00+00:00,9716.382572054184
2025-05-28 00:00:00+00:00,9693.674661897934
2025-05-29 00:00:00+00:00,9714.334564241684
2025-05-30 00:00:00+00:00,9740.500911897934
2025-06-01 00:00:00+00:00,9740.500911897934
2025-06-02 00:00:00+00:00,9740.500911897934
2025-06-03 00:00:00+00:00,9762.952904085434
2025-06-04 00:00:00+00:00,9762.952904085434
2025-06-05 00:00:00+00:00,9762.952904085434
2025-06-06 00:00:00+00:00,9724.112904085434
2025-06-08 00:00:00+00:00,9724.112904085434
2025-06-09 00:00:00+00:00,9724.112904085434
2025-06-10 00:00:00+00:00,9724.112904085434
2025-06-11 00:00:00+00:00,9724.112904085434
2025-06-12 00:00:00+00:00,9791.319290804184
2025-06-13 00:00:00+00:00,9791.319290804184
2025-06-15 00:00:00+00:00,9791.319290804184
2025-06-16 00:00:00+00:00,9798.579388460434
2025-06-17 00:00:00+00:00,9798.579388460434
2025-06-18 00:00:00+00:00,9804.325325960433
2025-06-19 00:00:00+00:00,9856.434710726058
2025-06-20 00:00:00+00:00,9856.434710726058
2025-06-22 00:00:00+00:00,9856.434710726058
2025-06-23 00:00:00+00:00,9856.434710726058
2025-06-24 00:00:00+00:00,9856.434710726058
2025-06-25 00:00:00+00:00,9856.434710726058
2025-06-26 00:00:00+00:00,9856.434710726058
2025-06-27 00:00:00+00:00,9856.434710726058
2025-06-29 00:00:00+00:00,9883.234613069808
2025-06-30 00:00:00+00:00,9916.114730257308
2025-07-01 00:00:00+00:00,9916.114730257308
2025-07-02 00:00:00+00:00,9916.114730257308
2025-07-03 00:00:00+00:00,9954.480784944808
2025-07-04 00:00:00+00:00,9954.480784944808
2025-07-06 00:00:00+00:00,9954.480784944808
2025-07-07 00:00:00+00:00,9952.869222444808
2025-07-08 00:00:00+00:00,9952.869222444808
2025-07-09 00:00:00+00:00,9952.869222444808
2025-07-10 00:00:00+00:00,9952.869222444808
2025-07-11 00:00:00+00:00,9952.869222444808
2025-07-13 00:00:00+00:00,9952.869222444808
2025-07-14 00:00:00+00:00,9952.869222444808
2025-07-15 00:00:00+00:00,9952.869222444808
2025-07-16 00:00:00+00:00,9952.869222444808
2025-07-17 00:00:00+00:00,9952.869222444808
2025-07-18 00:00:00+00:00,9952.869222444808
2025-07-20 00:00:00+00:00,9952.869222444808
2025-07-21 00:00:00+00:00,9952.869222444808
2025-07-22 00:00:00+00:00,9952.869222444808
2025-07-23 00:00:00+00:00,9952.869222444808
2025-07-24 00:00:00+00:00,9922.841566194806
2025-07-25 00:00:00+00:00,9902.441839632304
2025-07-27 00:00:00+00:00,9902.441839632304
2025-07-28 00:00:00+00:00,9925.961868929178
2025-07-29 00:00:00+00:00,9925.961868929178
2025-07-30 00:00:00+00:00,9878.111781038553
2025-07-31 00:00:00+00:00,9878.111781038553
2025-08-01 00:00:00+00:00,9878.111781038553
2025-08-03 00:00:00+00:00,9878.111781038553
2025-08-04 00:00:00+00:00,9878.111781038553
2025-08-05 00:00:00+00:00,9878.111781038553
2025-08-06 00:00:00+00:00,9878.111781038553
2025-08-07 00:00:00+00:00,9878.111781038553
2025-08-08 00:00:00+00:00,9878.111781038553
2025-08-10 00:00:00+00:00,9878.111781038553
2025-08-11 00:00:00+00:00,9878.111781038553
2025-08-12 00:00:00+00:00,9878.111781038553
2025-08-13 00:00:00+00:00,9878.111781038553
2025-08-14 00:00:00+00:00,9904.151341585428
2025-08-15 00:00:00+00:00,9904.151341585428
2025-08-17 00:00:00+00:00,9904.151341585428
2025-08-18 00:00:00+00:00,9904.151341585428
2025-08-19 00:00:00+00:00,9904.151341585428
2025-08-20 00:00:00+00:00,9904.151341585428
2025-08-21 00:00:00+00:00,9962.715404085426
2025-08-22 00:00:00+00:00,9962.715404085426
2025-08-24 00:00:00+00:00,9962.715404085426
2025-08-25 00:00:00+00:00,9962.715404085426
2025-08-26 00:00:00+00:00,9962.715404085426
2025-08-27 00:00:00+00:00,9962.715404085426
2025-08-28 00:00:00+00:00,9962.715404085426
2025-08-29 00:00:00+00:00,9962.715404085426
2025-08-31 00:00:00+00:00,9962.715404085426
2025-09-01 00:00:00+00:00,9962.715404085426
2025-09-02 00:00:00+00:00,9962.715404085426
2025-09-03 00:00:00+00:00,9962.715404085426
2025-09-04 00:00:00+00:00,9962.715404085426
2025-09-05 00:00:00+00:00,9962.715404085426
2025-09-07 00:00:00+00:00,9962.715404085426
2025-09-08 00:00:00+00:00,9962.715404085426
2025-09-09 00:00:00+00:00,9962.715404085426
2025-09-10 00:00:00+00:00,9962.715404085426
2025-09-11 00:00:00+00:00,9962.715404085426
2025-09-12 00:00:00+00:00,9962.715404085426
2025-09-14 00:00:00+00:00,9962.715404085426
2025-09-15 00:00:00+00:00,9962.715404085426
2025-09-16 00:00:00+00:00,9962.715404085426
2025-09-17 00:00:00+00:00,9963.764818147924
2025-09-18 00:00:00+00:00,10049.031107210423
2025-09-19 00:00:00+00:00,10049.031107210423
2025-09-21 00:00:00+00:00,10049.031107210423
2025-09-22 00:00:00+00:00,10049.031107210423
2025-09-23 00:00:00+00:00,10060.271185335423
2025-09-24 00:00:00+00:00,10060.271185335423
2025-09-25 00:00:00+00:00,10060.271185335423
2025-09-26 00:00:00+00:00,10060.271185335423
2025-09-28 00:00:00+00:00,10060.271185335423
2025-09-29 00:00:00+00:00,10060.271185335423
2025-09-30 00:00:00+00:00,10060.271185335423
2025-10-01 00:00:00+00:00,10060.271185335423
2025-10-02 00:00:00+00:00,10069.660999788548
2025-10-03 00:00:00+00:00,10069.660999788548
2025-10-05 00:00:00+00:00,10069.660999788548
2025-10-06 00:00:00+00:00,10069.660999788548
2025-10-07 00:00:00+00:00,10069.660999788548
2025-10-08 00:00:00+00:00,10069.660999788548
2025-10-09 00:00:00+00:00,10069.660999788548
2025-10-10 00:00:00+00:00,10069.660999788548
2025-10-12 00:00:00+00:00,10069.660999788548
2025-10-13 00:00:00+00:00,10069.660999788548
2025-10-14 00:00:00+00:00,10069.660999788548
2025-10-15 00:00:00+00:00,10069.660999788548
2025-10-16 00:00:00+00:00,10069.660999788548
2025-10-17 00:00:00+00:00,10019.104769319798
2025-10-19 00:00:00+00:00,10019.104769319798
2025-10-20 00:00:00+00:00,10019.104769319798
2025-10-21 00:00:00+00:00,9998.418656038548
2025-10-22 00:00:00+00:00,9998.418656038548
2025-10-23 00:00:00+00:00,9998.418656038548
2025-10-24 00:00:00+00:00,9998.418656038548
2025-10-26 00:00:00+00:00,9998.418656038548
2025-10-27 00:00:00+00:00,9998.418656038548
2025-10-28 00:00:00+00:00,9998.418656038548
2025-10-29 00:00:00+00:00,9998.418656038548
2025-10-30 00:00:00+00:00,9998.418656038548
2025-10-31 00:00:00+00:00,10017.088499788548
2025-11-02 00:00:00+00:00,10017.088499788548
2025-11-03 00:00:00+00:00,10017.088499788548
2025-11-04 00:00:00+00:00,10015.591595491673
2025-11-05 00:00:00+00:00,10021.811419710422
2025-11-06 00:00:00+00:00,10043.831673616673
2025-11-07 00:00:00+00:00,10043.831673616673
2025-11-09 00:00:00+00:00,10043.831673616673
2025-11-10 00:00:00+00:00,10043.831673616673
2025-11-11 00:00:00+00:00,10074.691868929172
2025-11-12 00:00:00+00:00,10074.691868929172
2025-11-13 00:00:00+00:00,10042.005755647922
2025-11-14 00:00:00+00:00,10042.005755647922
2025-11-16 00:00:00+00:00,10042.005755647922
2025-11-17 00:00:00+00:00,10066.585755647922
2025-11-18 00:00:00+00:00,10066.585755647922
2025-11-19 00:00:00+00:00,10066.585755647922
2025-11-20 00:00:00+00:00,10066.585755647922
2025-11-21 00:00:00+00:00,10066.585755647922
2025-11-23 00:00:00+00:00,10066.585755647922
2025-11-24 00:00:00+00:00,10066.585755647922
2025-11-25 00:00:00+00:00,10066.585755647922
2025-11-26 00:00:00+00:00,10066.585755647922
2025-11-27 00:00:00+00:00,10060.915111116672
2025-11-28 00:00:00+00:00,10073.382728304172
2025-11-30 00:00:00+00:00,10073.382728304172
2025-12-01 00:00:00+00:00,10073.382728304172
2025-12-02 00:00:00+00:00,10099.242923616672
2025-12-03 00:00:00+00:00,10099.242923616672
2025-12-04 00:00:00+00:00,10099.242923616672
2025-12-05 00:00:00+00:00,10154.143568147922
2025-12-07 00:00:00+00:00,10154.143568147922
2025-12-08 00:00:00+00:00,10166.383646272921
2025-12-09 00:00:00+00:00,10166.383646272921
2025-12-10 00:00:00+00:00,10166.383646272921
2025-12-11 00:00:00+00:00,10166.383646272921
2025-12-12 00:00:00+00:00,10166.383646272921
2025-12-14 00:00:00+00:00,10166.383646272921
2025-12-15 00:00:00+00:00,10166.383646272921
2025-12-16 00:00:00+00:00,10172.183294710421
2025-12-17 00:00:00+00:00,10172.183294710421
2025-12-18 00:00:00+00:00,10172.183294710421
2025-12-19 00:00:00+00:00,10183.862825960421
2025-12-21 00:00:00+00:00,10183.862825960421
2025-12-22 00:00:00+00:00,10183.862825960421
2025-12-23 00:00:00+00:00,10206.542923616671
2025-12-24 00:00:00+00:00,10220.049681429171
2025-12-25 00:00:00+00:00,10220.049681429171
2025-12-26 00:00:00+00:00,10220.049681429171
2025-12-28 00:00:00+00:00,10220.049681429171
2025-12-29 00:00:00+00:00,10158.688579529082
2025-12-30 00:00:00+00:00,10158.688579529082
2025-12-31 00:00:00+00:00,10197.582056091582
2026-01-01 00:00:00+00:00,10197.582056091582
2026-01-02 00:00:00+00:00,10197.582056091582
2026-01-04 00:00:00+00:00,10197.582056091582
2026-01-05 00:00:00+00:00,10197.582056091582
2026-01-06 00:00:00+00:00,10197.582056091582
2026-01-07 00:00:00+00:00,10197.582056091582
2026-01-08 00:00:00+00:00,10197.582056091582
2026-01-09 00:00:00+00:00,10197.582056091582
2026-01-11 00:00:00+00:00,10197.582056091582
2026-01-12 00:00:00+00:00,10197.582056091582
2026-01-13 00:00:00+00:00,10197.582056091582
2026-01-14 00:00:00+00:00,10197.582056091582
2026-01-15 00:00:00+00:00,10197.582056091582
2026-01-16 00:00:00+00:00,10197.582056091582
2026-01-18 00:00:00+00:00,10197.582056091582
2026-01-19 00:00:00+00:00,10197.582056091582
2026-01-20 00:00:00+00:00,10197.582056091582
2026-01-21 00:00:00+00:00,10197.582056091582
2026-01-22 00:00:00+00:00,10197.582056091582
2026-01-23 00:00:00+00:00,10217.362251404082
2026-01-25 00:00:00+00:00,10217.362251404082
2026-01-26 00:00:00+00:00,10217.362251404082
2026-01-27 00:00:00+00:00,10217.362251404082
2026-01-28 00:00:00+00:00,10217.362251404082
2026-01-29 00:00:00+00:00,10217.362251404082
2026-01-30 00:00:00+00:00,10217.362251404082
2026-02-01 00:00:00+00:00,10217.362251404082
2026-02-02 00:00:00+00:00,10217.362251404082
2026-02-03 00:00:00+00:00,10217.362251404082
2026-02-04 00:00:00+00:00,10217.362251404082
2026-02-05 00:00:00+00:00,10217.362251404082
2026-02-06 00:00:00+00:00,10217.362251404082
2026-02-08 00:00:00+00:00,10217.362251404082
2026-02-09 00:00:00+00:00,10217.362251404082
2026-02-10 00:00:00+00:00,10217.362251404082
2026-02-11 00:00:00+00:00,10217.362251404082
2026-02-12 00:00:00+00:00,10217.362251404082
2026-02-13 00:00:00+00:00,10217.362251404082
2026-02-15 00:00:00+00:00,10217.362251404082
2026-02-16 00:00:00+00:00,10217.362251404082
2026-02-17 00:00:00+00:00,10243.415727966581
2026-02-18 00:00:00+00:00,10243.415727966581
2026-02-19 00:00:00+00:00,10243.415727966581
2026-02-20 00:00:00+00:00,10243.415727966581
2026-02-22 00:00:00+00:00,10243.415727966581
2026-02-23 00:00:00+00:00,10243.415727966581
2026-02-24 00:00:00+00:00,10276.468306091581
2026-02-25 00:00:00+00:00,10288.428188904081
2026-02-26 00:00:00+00:00,10331.100962341581
2026-02-27 00:00:00+00:00,10331.100962341581
2026-03-01 00:00:00+00:00,10331.100962341581
2026-03-02 00:00:00+00:00,10331.100962341581
2026-03-03 00:00:00+00:00,10237.093863702592
2026-03-04 00:00:00+00:00,10237.093863702592
2026-03-05 00:00:00+00:00,10209.114215265092
2026-03-06 00:00:00+00:00,10209.114215265092
2026-03-08 00:00:00+00:00,10209.114215265092
2026-03-09 00:00:00+00:00,10209.114215265092
2026-03-10 00:00:00+00:00,10209.114215265092
2026-03-11 00:00:00+00:00,10203.11450823384
2026-03-12 00:00:00+00:00,10219.344605890092
2026-03-13 00:00:00+00:00,10223.137984796342
2026-03-15 00:00:00+00:00,10223.137984796342
2026-03-16 00:00:00+00:00,10223.137984796342
2026-03-17 00:00:00+00:00,10223.137984796342
2026-03-18 00:00:00+00:00,10223.137984796342
2026-03-19 00:00:00+00:00,10142.8304523975
2026-03-20 00:00:00+00:00,10142.8304523975
2026-03-22 00:00:00+00:00,10142.8304523975
2026-03-23 00:00:00+00:00,10142.8304523975
2026-03-24 00:00:00+00:00,10142.8304523975
2026-03-25 00:00:00+00:00,10142.8304523975
2026-03-26 00:00:00+00:00,10126.13017896
2026-03-27 00:00:00+00:00,10126.13017896
2026-03-29 00:00:00+00:00,10126.13017896
2026-03-30 00:00:00+00:00,10126.13017896
2026-03-31 00:00:00+00:00,10126.13017896
2026-04-01 00:00:00+00:00,10126.13017896
2026-04-02 00:00:00+00:00,10126.13017896
2026-04-05 00:00:00+00:00,10126.13017896
2026-04-06 00:00:00+00:00,10126.13017896
2026-04-07 00:00:00+00:00,10126.13017896
2026-04-08 00:00:00+00:00,10126.13017896
2026-04-09 00:00:00+00:00,10126.13017896
2026-04-10 00:00:00+00:00,10126.85324536625
2026-04-12 00:00:00+00:00,10120.123069584999
2026-04-13 00:00:00+00:00,10171.2032648975
2026-04-14 00:00:00+00:00,10171.2032648975
2026-04-15 00:00:00+00:00,10171.2032648975
2026-04-16 00:00:00+00:00,10165.153382085
2026-04-17 00:00:00+00:00,10165.153382085
2026-04-19 00:00:00+00:00,10129.273303959999
2026-04-20 00:00:00+00:00,10174.9433430225
2026-04-21 00:00:00+00:00,10174.9433430225
2026-04-22 00:00:00+00:00,10174.9433430225
2026-04-23 00:00:00+00:00,10200.79955396
2026-04-24 00:00:00+00:00,10200.79955396
2026-04-26 00:00:00+00:00,10194.689983647499
2026-04-27 00:00:00+00:00,10214.22965161625
2026-04-28 00:00:00+00:00,10190.72949536625
2026-04-29 00:00:00+00:00,10220.09953442875
2026-04-30 00:00:00+00:00,10220.09953442875
2026-05-01 00:00:00+00:00,10220.09953442875
2026-05-03 00:00:00+00:00,10220.09953442875
2026-05-04 00:00:00+00:00,10237.60971021
2026-05-05 00:00:00+00:00,10237.60971021
2026-05-06 00:00:00+00:00,10237.60971021
2026-05-07 00:00:00+00:00,10237.60971021
2026-05-08 00:00:00+00:00,10237.60971021
2026-05-10 00:00:00+00:00,10244.889593022499
2026-05-11 00:00:00+00:00,10233.3702961475
2026-05-12 00:00:00+00:00,10233.3702961475
2026-05-13 00:00:00+00:00,10233.3702961475
2026-05-14 00:00:00+00:00,10233.3702961475
2026-05-15 00:00:00+00:00,10207.44004224125
2026-05-17 00:00:00+00:00,10207.44004224125
2026-05-18 00:00:00+00:00,10267.040061772499
2026-05-19 00:00:00+00:00,10281.089788334999
2026-05-20 00:00:00+00:00,10281.089788334999
2026-05-21 00:00:00+00:00,10281.089788334999
2026-05-22 00:00:00+00:00,10281.089788334999
2026-05-24 00:00:00+00:00,10281.089788334999
2026-05-25 00:00:00+00:00,10281.089788334999
2026-05-26 00:00:00+00:00,10281.089788334999
2026-05-27 00:00:00+00:00,10268.529651616249
2026-05-28 00:00:00+00:00,10227.219514897499
2026-05-29 00:00:00+00:00,10227.219514897499
2026-05-31 00:00:00+00:00,10227.219514897499
2026-06-01 00:00:00+00:00,10244.182815678749
2026-06-02 00:00:00+00:00,10256.122854741248
2026-06-03 00:00:00+00:00,10273.762737553749
2026-06-04 00:00:00+00:00,10273.762737553749
2026-06-05 00:00:00+00:00,10205.952002291746
2026-06-07 00:00:00+00:00,10205.952002291746
2026-06-08 00:00:00+00:00,10205.952002291746
2026-06-09 00:00:00+00:00,10184.541767916746
2026-06-10 00:00:00+00:00,10184.541767916746
2026-06-11 00:00:00+00:00,10184.541767916746
2026-06-12 00:00:00+00:00,10184.541767916746
2026-06-14 00:00:00+00:00,10184.541767916746
2026-06-15 00:00:00+00:00,10184.541767916746
2026-06-16 00:00:00+00:00,10184.541767916746
2026-06-17 00:00:00+00:00,10156.244814791746
2026-06-18 00:00:00+00:00,10156.244814791746
2026-06-19 00:00:00+00:00,10156.244814791746
2026-06-21 00:00:00+00:00,10156.244814791746
2026-06-22 00:00:00+00:00,10156.244814791746
2026-06-23 00:00:00+00:00,10128.944443697996
2026-06-24 00:00:00+00:00,10128.944443697996
2026-06-25 00:00:00+00:00,10128.944443697996
2026-06-26 00:00:00+00:00,10160.934599947996
2026-06-28 00:00:00+00:00,10160.934599947996
2026-06-29 00:00:00+00:00,10160.934599947996
2026-06-30 00:00:00+00:00,10095.899048206751
2026-07-01 00:00:00+00:00,10095.899048206751
2026-07-02 00:00:00+00:00,10095.899048206751
2026-07-03 00:00:00+00:00,10095.899048206751
2026-07-05 00:00:00+00:00,10095.899048206751
2026-07-06 00:00:00+00:00,10095.899048206751
2026-07-07 00:00:00+00:00,10094.668989613001
2026-07-08 00:00:00+00:00,10075.799038441126
2026-07-09 00:00:00+00:00,10075.799038441126
2026-07-10 00:00:00+00:00,10075.799038441126
2026-07-12 00:00:00+00:00,10075.799038441126
2026-07-13 00:00:00+00:00,10053.63904820675
2026-07-14 00:00:00+00:00,10053.63904820675
2026-07-15 00:00:00+00:00,10053.63904820675
2026-07-16 00:00:00+00:00,10052.528862659876
2026-07-17 00:00:00+00:00,10146.708882191126
2026-07-19 00:00:00+00:00,10146.708882191126
2026-07-20 00:00:00+00:00,10146.708882191126
2026-07-21 00:00:00+00:00,10146.708882191126
2026-07-22 00:00:00+00:00,10146.708882191126
2026-07-23 00:00:00+00:00,10112.928130238
2026-07-24 00:00:00+00:00,10112.928130238
2026-07-26 00:00:00+00:00,10112.928130238
2026-07-27 00:00:00+00:00,10112.928130238
2026-07-28 00:00:00+00:00,10108.7883255505
2026-07-29 00:00:00+00:00,10108.7883255505
2026-07-30 00:00:00+00:00,10108.7883255505
2026-07-31 00:00:00+00:00,10108.7883255505
2026-08-02 00:00:00+00:00,10108.7883255505
2026-08-03 00:00:00+00:00,10108.7883255505
2026-08-04 00:00:00+00:00,10108.7883255505
2026-08-05 00:00:00+00:00,10108.7883255505
2026-08-06 00:00:00+00:00,10108.7883255505
2026-08-07 00:00:00+00:00,10108.7883255505
2026-08-09 00:00:00+00:00,10108.7883255505
2026-08-10 00:00:00+00:00,10108.7883255505
2026-08-11 00:00:00+00:00,10108.7883255505
2026-08-12 00:00:00+00:00,10108.7883255505
2026-08-13 00:00:00+00:00,10108.7883255505
2026-08-14 00:00:00+00:00,10108.7883255505
2026-08-16 00:00:00+00:00,10108.7883255505
2026-08-17 00:00:00+00:00,10108.7883255505
2026-08-18 00:00:00+00:00,10108.7883255505
2026-08-19 00:00:00+00:00,10108.7883255505
2026-08-20 00:00:00+00:00,10216.168052113
2026-08-21 00:00:00+00:00,10216.168052113
2026-08-23 00:00:00+00:00,10216.168052113
2026-08-24 00:00:00+00:00,10216.168052113
2026-08-25 00:00:00+00:00,10242.748052113
2026-08-26 00:00:00+00:00,10242.748052113
2026-08-27 00:00:00+00:00,10242.748052113
2026-08-28 00:00:00+00:00,10156.7782474255
2026-08-30 00:00:00+00:00,10156.7782474255
2026-08-31 00:00:00+00:00,10156.7782474255
2026-09-01 00:00:00+00:00,10157.47779820675
2026-09-02 00:00:00+00:00,10185.507505238
2026-09-03 00:00:00+00:00,10185.507505238
2026-09-04 00:00:00+00:00,10228.757427113
2026-09-06 00:00:00+00:00,10228.757427113
2026-09-07 00:00:00+00:00,10230.5571536755
2026-09-08 00:00:00+00:00,10230.5571536755
2026-09-09 00:00:00+00:00,10230.5571536755
2026-09-10 00:00:00+00:00,10230.5571536755
2026-09-11 00:00:00+00:00,10230.5571536755
2026-09-13 00:00:00+00:00,10230.5571536755
2026-09-14 00:00:00+00:00,10230.5571536755
2026-09-15 00:00:00+00:00,10230.5571536755
2026-09-16 00:00:00+00:00,10230.5571536755
2026-09-17 00:00:00+00:00,10230.5571536755
2026-09-18 00:00:00+00:00,10230.5571536755
2026-09-20 00:00:00+00:00,10230.5571536755
2026-09-21 00:00:00+00:00,10230.5571536755
2026-09-22 00:00:00+00:00,10230.5571536755
2026-09-23 00:00:00+00:00,10230.5571536755
2026-09-24 00:00:00+00:00,10230.5571536755
2026-09-25 00:00:00+00:00,10230.5571536755
2026-09-27 00:00:00+00:00,10216.4766849255
2026-09-28 00:00:00+00:00,10134.765318804348
2026-09-29 00:00:00+00:00,10134.765318804348
2026-09-30 00:00:00+00:00,10134.765318804348
2026-10-01 00:00:00+00:00,10134.765318804348
2026-10-02 00:00:00+00:00,10226.605006304348
